time,uav0_pdr,uav0_delay,uav0_throughput,uav1_pdr,uav1_delay,uav1_throughput,uav2_pdr,uav2_delay,uav2_throughput,uav3_pdr,uav3_delay,uav3_throughput,uav4_pdr,uav4_delay,uav4_throughput,uav5_pdr,uav5_delay,uav5_throughput,uav6_pdr,uav6_delay,uav6_throughput,uav7_pdr,uav7_delay,uav7_throughput,uav8_pdr,uav8_delay,uav8_throughput,uav9_pdr,uav9_delay,uav9_throughput,uav10_pdr,uav10_delay,uav10_throughput,uav11_pdr,uav11_delay,uav11_throughput,uav12_pdr,uav12_delay,uav12_throughput,uav13_pdr,uav13_delay,uav13_throughput,uav14_pdr,uav14_delay,uav14_throughput
0.1,0,0,0,0,0,0,0,0,0,0,0,0,0,0,0,0,0,0,0,0,0,0,0,0,0,0,0,0,0,0,0,0,0,0,0,0,0,0,0,0,0,0,0,0,0
0.2,0,0,0,0,0,0,0,0,0,0,0,0,0,0,0,0,0,0,0,0,0,0,0,0,0,0,0,0,0,0,0,0,0,0,0,0,0,0,0,0,0,0,0,0,0
0.3,0,0,0,0,0,0,0,0,0,0,0,0,0,0,0,0,0,0,0,0,0,0,0,0,0,0,0,0,0,0,0,0,0,0,0,0,0,0,0,0,0,0,0,0,0
0.4,0,0,0,0,0,0,0,0,0,0,0,0,0,0,0,0,0,0,0,0,0,0,0,0,0,0,0,0,0,0,0,0,0,0,0,0,0,0,0,0,0,0,0,0,0
0.5,0,0,0,0,0,0,0,0,0,0,0,0,0,0,0,0,0,0,0,0,0,0,0,0,0,0,0,0,0,0,0,0,0,0,0,0,0,0,0,0,0,0,0,0,0
0.6,0,0,0,0,0,0,0,0,0,0,0,0,0,0,0,0,0,0,0,0,0,0,0,0,0,0,0,0,0,0,0,0,0,0,0,0,0,0,0,0,0,0,0,0,0
0.7,0,0,0,0,0,0,0,0,0,0,0,0,0,0,0,0,0,0,0,0,0,0,0,0,0,0,0,0,0,0,0,0,0,0,0,0,0,0,0,0,0,0,0,0,0
0.8,0,0,0,0,0,0,0,0,0,0,0,0,0,0,0,0,0,0,0,0,0,0,0,0,0,0,0,0,0,0,0,0,0,0,0,0,0,0,0,0,0,0,0,0,0
0.9,0,0,0,0,0,0,0,0,0,0,0,0,0,0,0,0,0,0,0,0,0,0,0,0,0,0,0,0,0,0,0,0,0,0,0,0,0,0,0,0,0,0,0,0,0
1,0,0,0,0,0,0,0,0,0,0,0,0,0,0,0,0,0,0,0,0,0,0,0,0,0,0,0,0,0,0,0,0,0,0,0,0,0,0,0,0,0,0,0,0,0
1.1,0,0,0,0,0,0,0,0,0,0,0,0,0,0,0,0,0,0,0,0,0,0,0,0,0,0,0,0,0,0,0,0,0,0,0,0,0,0,0,0,0,0,0,0,0
1.2,0,0,0,0,0,0,0,0,0,0,0,0,0,0,0,0,0,0,0,0,0,0,0,0,0,0,0,0,0,0,0,0,0,0,0,0,0,0,0,0,0,0,0,0,0
1.3,0,0,0,0,0,0,0,0,0,0,0,0,0,0,0,0,0,0,0,0,0,0,0,0,0,0,0,0,0,0,0,0,0,0,0,0,0,0,0,0,0,0,0,0,0
1.4,0,0,0,0,0,0,0,0,0,0,0,0,0,0,0,0,0,0,0,0,0,0,0,0,0,0,0,0,0,0,0,0,0,0,0,0,0,0,0,0,0,0,0,0,0
1.5,0,0,0,0,0,0,0,0,0,0,0,0,0,0,0,0,0,0,0,0,0,0,0,0,0,0,0,0,0,0,0,0,0,0,0,0,0,0,0,0,0,0,0,0,0
1.6,0,0,0,0,0,0,0,0,0,0,0,0,0,0,0,0,0,0,0,0,0,0,0,0,0,0,0,0,0,0,0,0,0,0,0,0,0,0,0,0,0,0,0,0,0
1.7,0,0,0,0,0,0,0,0,0,0,0,0,0,0,0,0,0,0,0,0,0,0,0,0,0,0,0,0,0,0,0,0,0,0,0,0,0,0,0,0,0,0,0,0,0
1.8,0,0,0,0,0,0,0,0,0,0,0,0,0,0,0,0,0,0,0,0,0,0,0,0,0,0,0,0,0,0,0,0,0,0,0,0,0,0,0,0,0,0,0,0,0
1.9,0,0,0,0,0,0,0,0,0,0,0,0,0,0,0,0,0,0,0,0,0,0,0,0,0,0,0,0,0,0,0,0,0,0,0,0,0,0,0,0,0,0,0,0,0
2,0,0,0,0,0,0,0,0,0,0,0,0,0,0,0,0,0,0,0,0,0,0,0,0,0,0,0,0,0,0,0,0,0,0,0,0,0,0,0,0,0,0,0,0,0
2.1,0,0,0,0,0,0,0,0,0,0,0,0,0,0,0,0,0,0,0,0,0,0,0,0,0,0,0,0,0,0,0,0,0,0,0,0,0,0,0,0,0,0,0,0,0
2.2,0,0,0,0,0,0,0,0,0,0,0,0,0,0,0,0,0,0,0,0,0,0,0,0,0,0,0,0,0,0,0.4,0.0114685,8416,0,0,0,0,0,0,0,0,0,0,0,0
2.3,0,0,0,0,0,0,0,0,0,0,0,0,0,0,0,0,0,0,0,0,0,0,0,0,0,0,0,0,0,0,0.2,0.0114685,8416,0,0,0,0,0,0,0,0,0,0,0,0
2.4,0.4,0.00470098,8416,0,0,0,0,0,0,0,0,0,0.4,0.0165188,8416,0,0,0,0,0,0,0,0,0,0,0,0,0,0,0,0.4,0.015225,16832,0,0,0,0,0,0,0,0,0,0,0,0
2.5,0.4,0.00470098,8416,0,0,0,0,0,0,0,0,0,0.4,0.0165188,8416,0.0666667,0.00306359,4208,0,0,0,0,0,0,0,0,0,0,0,0,0.333333,0.0141626,21040,0,0,0,0,0,0,0,0,0,0,0,0
2.6,0.6,0.00398997,25248,0,0,0,0.2,0.0238579,4208,0,0,0,0.3,0.0181465,12624,0.133333,0.00399345,8416,0,0,0,0,0,0,0,0,0,0,0,0,0.25,0.0141626,21040,0,0,0,0,0,0,0,0,0,0,0,0
2.7,0.4,0.00398997,25248,0,0,0,0.3,0.0115742,12624,0,0,0,0.4,0.0143055,25248,0.1,0.00399345,8416,0,0,0,0,0,0,0,0,0,0,0,0,0.3,0.0155183,25248,0,0,0,0,0,0,0,0,0,0,0,0
2.8,0.466667,0.00430385,29456,0,0,0,0.3,0.0115742,12624,0,0,0,0.4,0.0143055,25248,0.12,0.00316576,12624,0,0,0,0,0,0,0,0,0,0,0,0,0.32,0.0179475,33664,0,0,0,0,0,0,0,0,0,0,0,0
2.9,0.6,0.00699832,50496,0,0,0,0.333333,0.0137674,21040,0,0,0,0.45,0.0177979,37872,0.24,0.00807695,25248,0,0,0,0,0,0,0,0,0,0,0,0,0.3,0.0163626,37872,0,0,0,0,0,0,0,0,0,0,0,0
3,0.52,0.00686875,54704,0,0,0,0.4,0.0110452,33664,0,0,0,0.4,0.0173112,42080,0.233333,0.00772308,29456,0,0,0,0,0,0,0,0,0,0,0,0,0.366667,0.0158561,46288,0,0,0,0,0,0,0,0,0,0,0,0
3.1,0.6,0.00698656,63120,0,0,0,0.4,0.0110452,33664,0,0,0,0.4,0.0173112,42080,0.228571,0.00768196,33664,0,0,0,0,0,0,0,0,0,0,0,0,0.342857,0.0166798,50496,0,0,0,0,0,0,0,0,0,0,0,0
3.2,0.666667,0.0077763,84160,0,0,0,0.44,0.0112194,46288,0,0,0,0.333333,0.0173112,42080,0.285714,0.0149072,42080,0,0,0,0,0,0,0,0,0,0,0,0,0.3,0.0166798,50496,0,0,0,0,0,0,0,0,0,0,0,0
3.3,0.6,0.00760491,88368,0,0,0,0.433333,0.0116844,54704,0,0,0,0.314286,0.0182004,46288,0.325,0.0158775,54704,0,0,0,0,0,0,0,0,0,0,0,0,0.325,0.0163112,54704,0,0,0,0,0,0,0,0,0,0,0,0
3.4,0.628571,0.00853583,92576,0,0,0,0.433333,0.0116844,54704,0,0,0,0.314286,0.0182004,46288,0.311111,0.014968,58912,0,0,0,0,0,0,0,0,0,0,0,0,0.311111,0.0161788,58912,0,0,0,0,0,0,0.1,0.264638,16832,0,0,0
3.5,0.6,0.00821113,100992,0,0.1,0,0.457143,0.0119752,67328,0,0.1,0,0.35,0.0177034,58912,0.333333,0.0146334,63120,0,0.1,0,0,0.1,0,0,0.1,0,0,0.1,0,0.28,0.0161788,58912,0,0.1,0,0,0.1,0,0.133333,0.181661,25248,0,0.1,0
3.6,0.533333,0.00821113,100992,0,0.1,0,0.45,0.012149,75744,0,0.1,0,0.355556,0.01954,67328,0.36,0.0160867,75744,0,0.1,0,0,0.1,0,0,0.1,0,0,0.1,0,0.28,0.0161788,58912,0,0.1,0,0,0.1,0,0.133333,0.181661,25248,0,0.1,0
3.7,0.555556,0.00852709,105200,0,0.1,0,0.5,0.0141832,84160,0,0.1,0,0.355556,0.01954,67328,0.327273,0.0160867,75744,0,0.1,0,0,0.1,0,0,0.1,0,0,0.1,0,0.254545,0.0161788,58912,0,0.1,0,0,0.1,0,0.12,0.181661,25248,0,0.1,0
3.8,0.52,0.00943024,109408,0,0.1,0,0.466667,0.0146624,88368,0,0.1,0,0.36,0.0196852,75744,0.345455,0.0161937,79952,0,0.1,0,0,0.1,0,0,0.1,0,0,0.1,0,0.233333,0.0161788,58912,0,0.1,0,0,0.1,0,0.145455,0.138784,33664,0,0.1,0
3.9,0.472727,0.00943024,109408,0,0.1,0,0.44,0.0146517,92576,0,0.1,0,0.327273,0.0196852,75744,0.333333,0.0154825,84160,0,0.1,0,0,0.1,0,0,0.1,0,0,0.1,0,0.283333,0.0160588,71536,0,0.1,0,0,0.1,0,0.145455,0.138784,33664,0,0.1,0
4,0.509091,0.01131,117824,0,0.1,0,0.46,0.0155464,96784,0,0.1,0,0.327273,0.0196852,75744,0.307692,0.0154825,84160,0,0.1,0,0,0.1,0,0,0.1,0,0,0.1,0,0.292308,0.0154035,79952,0,0.1,0,0,0.1,0,0.183333,0.102443,46288,0,0.1,0
4.1,0.533333,0.0106438,134656,0,0.1,0,0.418182,0.0155464,96784,0,0.1,0,0.35,0.0201716,88368,0.366667,0.0150027,92576,0,0.1,0,0,0.1,0,0,0.1,0,0,0.1,0,0.276923,0.0150689,75744,0,0.1,0,0,0.1,0,0.2,0.0887425,54704,0,0.1,0
4.2,0.457143,0.0106438,134656,0,0.1,0,0.433333,0.0154844,109408,0,0.1,0,0.369231,0.0201141,100992,0.338462,0.0150027,92576,0,0.1,0,0,0.1,0,0,0.1,0,0,0.1,0,0.316667,0.0147904,79952,0,0.1,0,0,0.1,0,0.216667,0.0887425,54704,0,0.1,0
4.3,0.461538,0.01104,126240,0,0.1,0,0.433333,0.0154844,109408,0,0.1,0,0.366667,0.020441,92576,0.338462,0.0150027,92576,0,0.1,0,0,0.1,0,0,0.1,0,0,0.1,0,0.292308,0.0141443,79952,0,0.1,0,0,0.1,0,0.261538,0.0694698,71536,0,0.1,0
4.4,0.453333,0.0112719,143072,0,0.1,0,0.430769,0.0156927,117824,0,0.1,0,0.338462,0.020441,92576,0.35,0.0155713,88368,0,0.1,0,0,0.1,0,0,0.1,0,0,0.1,0,0.287879,0.0139174,79952,0,0.1,0,0,0.1,0,0.276923,0.0660521,75744,0,0.1,0
4.5,0.375,0.0122902,126240,0,0.1,0,0.461538,0.0154999,126240,0,0.1,0,0.323077,0.0203952,88368,0.338462,0.0158175,92576,0,0.1,0,0,0.1,0,0,0.1,0,0,0.1,0,0.327869,0.0135122,84160,0,0.1,0,0,0.1,0,0.3,0.0660521,75744,0,0.1,0
4.6,0.426667,0.0127947,134656,0,0.1,0,0.466667,0.016219,117824,0,0.1,0,0.3,0.0220503,75744,0.338462,0.0158175,92576,0,0.1,0,0,0.1,0,0,0.1,0,0,0.1,0,0.295775,0.0126215,88368,0,0.1,0,0,0.1,0,0.307692,0.0613047,84160,0,0.1,0
4.7,0.4,0.0141403,143072,0,0.1,0,0.446154,0.0168372,122032,0,0.1,0,0.307692,0.0202764,84160,0.366667,0.0167386,92576,0,0.1,0,0,0.1,0,0,0.1,0,0,0.1,0,0.263158,0.0110534,84160,0,0.1,0,0,0.1,0,0.353846,0.0555279,96784,0,0.1,0
4.8,0.344444,0.015701,130448,0,0.1,0,0.430769,0.0168504,117824,0,0.1,0,0.307692,0.0192962,84160,0.323077,0.0159265,88368,0,0.1,0,0,0.1,0,0,0.1,0,0,0.1,0,0.309859,0.0129081,92576,0,0.1,0,0,0.1,0,0.383333,0.0555279,96784,0,0.1,0
4.9,0.376471,0.0169882,134656,0,0.1,0,0.45,0.0193553,113616,0,0.1,0,0.316667,0.0196312,79952,0.307692,0.0164429,84160,0,0.1,0,0,0.1,0,0,0.1,0,0,0.1,0,0.246914,0.0128413,84160,0,0.1,0,0,0.1,0,0.369231,0.0544341,100992,0,0.1,0
5,0.357895,0.0195604,143072,0,0.1,0,0.476923,0.0204971,130448,0,0.1,0,0.338462,0.0203487,92576,0.316667,0.0169191,79952,0,0.1,0,0,0.1,0,0,0.1,0,0,0.1,0,0.22093,0.0121624,79952,0,0.1,0,0,0.1,0,0.369231,0.0544341,100992,0,0.1,0
5.1,0.29,0.0211836,122032,0,0.1,0,0.446154,0.0210302,122032,0,0.1,0,0.353846,0.0212512,96784,0.292308,0.0132856,79952,0,0.1,0,0,0.1,0,0,0.1,0,0,0.1,0,0.259259,0.0127729,88368,0,0.1,0,0,0.1,0,0.4,0.0544341,100992,0,0.1,0
5.2,0.305263,0.0223992,122032,0,0.1,0,0.45,0.021533,113616,0,0.1,0,0.366667,0.0209856,92576,0.246154,0.0121932,67328,0,0.1,0,0,0.1,0,0,0.1,0,0,0.1,0,0.230769,0.0130894,88368,0,0.1,0,0,0.1,0,0.4,0.0515827,109408,0,0.1,0
5.3,0.27619,0.0219689,122032,0,0.1,0,0.446154,0.0204165,122032,0,0.1,0,0.369231,0.0203423,100992,0.283333,0.0127102,71536,0,0.1,0,0,0.1,0,0,0.1,0,0,0.1,0,0.208333,0.013021,84160,0,0.1,0,0,0.1,0,0.353846,0.013478,96784,0,0.1,0
5.4,0.254545,0.0243515,117824,0,0.1,0,0.430769,0.0206191,117824,0,0.1,0,0.369231,0.0201136,100992,0.246154,0.0128828,67328,0,0.1,0,0,0.1,0,0,0.1,0,0,0.1,0,0.230769,0.0130263,88368,0,0.1,0,0,0.1,0,0.35,0.0132658,88368,0,0.1,0
5.5,0.314286,0.0250501,138864,0,0.1,0,0.433333,0.0211637,109408,0,0.1,0,0.366667,0.018997,92576,0.2,0.0104665,54704,0,0.1,0,0,0.1,0,0,0.1,0,0,0.1,0,0.247525,0.0915445,105200,0,0.1,0,0,0.1,0,0.323077,0.0132658,88368,0,0.1,0
5.6,0.295652,0.0251545,143072,0,0.1,0,0.384615,0.0206628,105200,0,0.1,0,0.338462,0.018997,92576,0.216667,0.0104665,54704,0,0.1,0,0,0.1,0,0,0.1,0,0,0.1,0,0.235849,0.0915445,105200,0,0.1,0,0,0.1,0,0.338462,0.0129736,92576,0,0.1,0
5.7,0.275,0.0249468,138864,0,0.1,0,0.384615,0.0205622,105200,0,0.1,0,0.307692,0.0188121,84160,0.2,0.0129037,54704,0,0.1,0,0,0.1,0,0,0.1,0,0,0.1,0,0.267327,0.0879741,113616,0,0.1,0,0,0.1,0,0.35,0.0145405,88368,0,0.1,0
5.8,0.304348,0.0259352,147280,0,0.1,0,0.433333,0.0229776,109408,0,0.1,0,0.333333,0.0188121,84160,0.184615,0.013815,50496,0,0.1,0,0,0.1,0,0,0.1,0,0,0.1,0,0.243243,0.0872909,113616,0,0.1,0,0,0.1,0,0.369231,0.0145002,100992,0,0.1,0
5.9,0.272,0.0251879,143072,0,0.1,0,0.415385,0.0218289,113616,0,0.1,0,0.338462,0.0173455,92576,0.2,0.013815,50496,0,0.1,0,0,0.1,0,0,0.1,0,0,0.1,0,0.215517,0.0934874,105200,0,0.1,0,0,0.1,0,0.369231,0.0160457,100992,0,0.1,0
6,0.238462,0.0286929,130448,0,0.1,0,0.430769,0.0211469,117824,0,0.1,0,0.323077,0.0168353,88368,0.169231,0.0147347,46288,0,0.1,0,0,0.1,0,0,0.1,0,0,0.1,0,0.243243,0.0905854,113616,0,0.1,0,0,0.1,0,0.366667,0.0162872,92576,0,0.1,0
6.1,0.3,0.0293767,151488,0,0.1,0,0.416667,0.0218834,105200,0,0.1,0,0.3,0.016356,75744,0.157143,0.0147347,46288,0,0.1,0,0,0.1,0,0,0.1,0,0,0.1,0,0.239669,0.0883112,122032,0,0.1,0,0,0.1,0,0.369231,0.0157187,100992,0,0.1,0
6.2,0.3,0.0292327,164112,0,0.1,0,0.446154,0.0216166,122032,0,0.1,0,0.323077,0.0165753,88368,0.169231,0.0147347,46288,0,0.1,0,0,0.1,0,0,0.1,0,0,0.1,0,0.214286,0.0939014,113616,0,0.1,0,0,0.1,0,0.323077,0.0175229,88368,0,0.1,0
6.3,0.269231,0.0310866,147280,0,0.1,0,0.415385,0.0218548,113616,0,0.1,0,0.314286,0.0169209,92576,0.146667,0.0147347,46288,0,0.1,0,0,0.1,0,0.0153846,0.983651,8416,0,0.1,0,0.241667,0.0908926,122032,0,0.1,0,0,0.1,0,0.35,0.0187631,88368,0,0.1,0
6.4,0.308333,0.0304806,155696,0,0.1,0,0.4,0.0225259,100992,0,0.1,0,0.338462,0.0169209,92576,0.1125,0.01513,37872,0,0.1,0,0,0.1,0,0.0230769,0.658857,12624,0,0.1,0,0.253846,0.0846017,138864,0,0.1,0,0,0.1,0,0.338462,0.0187951,92576,0,0.1,0
6.5,0.284615,0.0302671,155696,0,0.1,0,0.371429,0.0228949,109408,0,0.1,0,0.293333,0.0169209,92576,0.133333,0.0157439,42080,0,0.1,0,0,0.1,0,0.025,0.658857,12624,0,0.1,0,0.238462,0.0895081,130448,0,0.1,0,0,0.1,0,0.353846,0.0172216,96784,0,0.1,0
6.6,0.269231,0.0298908,147280,0,0.1,0,0.346667,0.0223213,109408,0,0.1,0,0.2625,0.0174906,88368,0.141176,0.0150296,50496,0,0.1,0,0,0.1,0,0.0307692,0.495352,16832,0,0.1,0,0.275,0.0857107,138864,0,0.1,0,0,0.1,0,0.333333,0.0172524,84160,0,0.1,0
6.7,0.283333,0.0292314,143072,0,0.1,0,0.357143,0.0225083,105200,0,0.1,0,0.24,0.0173644,75744,0.122222,0.016063,46288,0,0.1,0,0,0.1,0,0.0307692,0.495352,16832,0,0.1,0,0.238462,0.0901415,130448,0,0.1,0,0,0.1,0,0.338462,0.0164278,92576,0,0.1,0
6.8,0.261538,0.0277878,143072,0,0.1,0,0.3375,0.0188332,113616,0,0.1,0,0.223529,0.0199972,79952,0.129412,0.016063,46288,0,0.1,0,0,0.1,0,0.0333333,0.495352,16832,0,0.1,0,0.238462,0.0901415,130448,0,0.1,0,0,0.1,0,0.369231,0.014747,100992,0,0.1,0
6.9,0.230769,0.0269284,126240,0,0.1,0,0.305882,0.0170288,109408,0,0.1,0,0.2,0.0198068,75744,0.115789,0.016063,46288,0,0.1,0,0,0.1,0,0.0461538,0.339001,25248,0,0.1,0,0.3,0.080056,151488,0,0.1,0,0,0.1,0,0.4,0.014747,100992,0,0.1,0
7,0.266667,0.0259488,134656,0,0.1,0,0.3125,0.0173293,105200,0,0.1,0,0.223529,0.0221862,79952,0.09,0.0175682,37872,0,0.1,0,0,0.1,0,0.0538462,0.293773,29456,0,0.1,0,0.292308,0.078083,159904,0,0.1,0,0,0.1,0,0.369231,0.014747,100992,0,0.1,0
7.1,0.253846,0.0265862,138864,0,0.1,0,0.311111,0.0168066,117824,0,0.1,0,0.231579,0.0245314,92576,0.115789,0.0151308,46288,0,0.1,0,0.0357143,2.43434,8416,0.0583333,0.293773,29456,0,0.1,0,0.3,0.0791106,164112,0,0.1,0,0,0.1,0,0.353846,0.0147872,96784,0,0.1,0
7.2,0.246154,0.0269293,134656,0,0.1,0,0.305263,0.0165205,122032,0,0.1,0,0.21,0.025889,88368,0.0857143,0.0158124,37872,0,0.1,0,0.0333333,2.43434,8416,0.0538462,0.293773,29456,0,0.1,0,0.333333,0.0780036,168320,0,0.1,0,0,0.1,0,0.366667,0.0142142,92576,0,0.1,0
7.3,0.266667,0.0269301,134656,0,0.1,0,0.3,0.0168198,113616,0,0.1,0,0.189474,0.0278619,75744,0.0818182,0.0158124,37872,0,0.1,0,0.0338983,2.43434,8416,0.0538462,0.293773,29456,0,0.1,0,0.315385,0.0765878,172528,0,0.1,0,0,0.1,0,0.369231,0.0132165,100992,0.01,1.11936,4208
7.4,0.230769,0.0258256,126240,0,0.1,0,0.29,0.0166601,122032,0,0.1,0,0.171429,0.0278619,75744,0.104762,0.0154327,46288,0,0.1,0,0.0555556,1.63991,12624,0.0583333,0.293773,29456,0,0.1,0,0.292308,0.0315341,159904,0,0.1,0,0,0.1,0,0.384615,0.0138586,105200,0.0192308,0.564638,8416
7.5,0.223077,0.0253309,122032,0,0.1,0,0.295238,0.0156784,130448,0,0.1,0,0.181818,0.0310897,84160,0.104348,0.0160475,50496,0,0.1,0,0.0689655,1.23761,16832,0.0769231,0.219689,42080,0,0.1,0,0.358333,0.0300077,180944,0,0.1,0,0,0.1,0,0.4,0.0141512,100992,0.020202,0.564638,8416
7.6,0.258333,0.0253012,130448,0,0.1,0,0.3,0.0154766,126240,0,0.1,0,0.190476,0.0310897,84160,0.0916667,0.0129787,46288,0,0.1,0,0.0701754,1.23761,16832,0.0769231,0.219689,42080,0,0.1,0,0.338462,0.0282554,185152,0,0.1,0,0,0.1,0,0.369231,0.0127594,100992,0.0277778,0.383095,12624
7.7,0.238462,0.0237346,130448,0,0.1,0,0.272727,0.0129451,126240,0,0.1,0,0.182609,0.0304599,88368,0.0956522,0.0129787,46288,0,0.1,0,0.0769231,1.23761,16832,0.0833333,0.219689,42080,0,0.1,0,0.346154,0.0338168,189360,0,0.1,0,0,0.1,0,0.338462,0.0123787,92576,0.0357143,0.293133,16832
7.8,0.238462,0.0231627,130448,0,0.1,0,0.252174,0.0128232,122032,0,0.1,0,0.166667,0.0320245,84160,0.096,0.0124136,50496,0,0.1,0,0.0714286,1.23761,16832,0.0846154,0.20187,46288,0,0.1,0,0.375,0.0338168,189360,0,0.1,0,0,0.1,0,0.316667,0.0115072,79952,0.0373832,0.293133,16832
7.9,0.258333,0.0220125,130448,0,0.1,0,0.254545,0.0131836,117824,0,0.1,0,0.165217,0.0343544,79952,0.0846154,0.0120227,46288,0,0.1,0,0.0727273,1.23761,16832,0.0923077,0.186326,50496,0,0.1,0,0.323077,0.0336101,176736,0,0.1,0,0.00862069,0.0427949,4208,0.323077,0.0138244,88368,0.0603448,0.178544,29456
8,0.223077,0.0184394,122032,0,0.1,0,0.25,0.0131333,126240,0,0.1,0,0.176,0.0353115,92576,0.0916667,0.0120227,46288,0,0.1,0,0.1,0.995348,21040,0.1,0.186326,50496,0,0.1,0,0.315385,0.0362715,172528,0,0.1,0,0.00833333,0.0427949,4208,0.307692,0.014793,84160,0.075,0.145181,37872
8.1,0.207692,0.0168586,113616,0,0.1,0,0.224,0.0122107,117824,0,0.1,0,0.153846,0.0370941,84160,0.0923077,0.0131928,50496,0,0.1,0,0.111111,0.831687,25248,0.1,0.1722,54704,0,0.1,0,0.358333,0.0367935,180944,0,0.1,0,0.00909091,0.0427949,4208,0.316667,0.0146207,79952,0.0818182,0.145181,37872
8.2,0.233333,0.0177113,117824,0,0.1,0,0.241667,0.0129996,122032,0,0.1,0,0.166667,0.0403018,84160,0.0923077,0.0131928,50496,0,0.1,0,0.113208,0.831687,25248,0.0923077,0.0233529,50496,0,0.1,0,0.328,0.036311,172528,0,0.1,0,0.00840336,0.0427949,4208,0.323077,0.0129678,88368,0.10084,0.112174,50496
8.3,0.207692,0.0184467,113616,0,0.1,0,0.253846,0.0120921,138864,0,0.1,0,0.169231,0.0386597,92576,0.116667,0.0125237,58912,0,0.1,0,0.125,0.831687,25248,0.0916667,0.0246334,46288,0,0.1,0,0.308333,0.0360662,155696,0,0.1,0,0.00847458,0.0427949,4208,0.307692,0.0126428,84160,0.101695,0.112174,50496
8.4,0.192308,0.0186095,105200,0,0.1,0,0.238462,0.0111094,130448,0,0.1,0,0.176923,0.0372738,96784,0.1,0.011851,54704,0,0.1,0,0.115385,0.831687,25248,0.0846154,0.0246334,46288,0,0.1,0,0.363636,0.0348565,168320,0,0.1,0,0.00925926,0.0427949,4208,0.283333,0.0137115,71536,0.12037,0.107372,54704
8.5,0.2,0.0192257,100992,0,0.1,0,0.258333,0.0116101,130448,0,0.1,0,0.183333,0.0388014,92576,0.0923077,0.00979865,50496,0,0.1,0,0.105263,0.831687,25248,0.0769231,0.0266128,42080,0,0.1,0,0.33913,0.034705,164112,0,0.1,0,0.00854701,0.0427949,4208,0.261538,0.0137115,71536,0.145299,0.0846746,71536
8.6,0.176923,0.0197354,96784,0,0.1,0,0.238462,0.0116101,130448,0,0.1,0,0.192308,0.0388231,105200,0.1,0.0102689,50496,0,0.1,0,0.113208,0.831687,25248,0.1,0.0291221,50496,0,0.1,0,0.330435,0.0347622,159904,0,0.1,0,0.00854701,0.0427949,4208,0.230769,0.0144488,63120,0.17094,0.0723972,84160
8.7,0.161538,0.02099,88368,0,0.1,0,0.207692,0.012734,113616,0,0.1,0,0.192308,0.0366567,105200,0.107692,0.0114323,58912,0,0.1,0,0.0967742,0.831687,25248,0.0923077,0.0291221,50496,0,0.1,0,0.4,0.0355668,176736,0,0.1,0,0.00925926,0.0427949,4208,0.2,0.016245,50496,0.185185,0.0723972,84160
8.8,0.175,0.02099,88368,0,0.1,0,0.2,0.0123645,100992,0,0.1,0,0.191667,0.0376157,96784,0.107692,0.0114323,58912,0,0.1,0,0.0895522,0.831687,25248,0.0769231,0.0296868,42080,0,0.1,0,0.33913,0.0377521,164112,0,0.1,0,0.00854701,0.0427949,4208,0.184615,0.016245,50496,0.205128,0.0620026,100992
8.9,0.146154,0.0220147,79952,0,0.1,0,0.184615,0.0123645,100992,0,0.1,0,0.176923,0.0359394,96784,0.125,0.0116754,63120,0,0.1,0,0.0952381,0.831687,25248,0.075,0.0304961,37872,0,0.1,0,0.313043,0.0376972,151488,0,0.1,0,0.00854701,0.0427949,4208,0.184615,0.016245,50496,0.222222,0.0584903,109408
9,0.130769,0.0195216,71536,0,0.1,0,0.161538,0.0123522,88368,0,0.1,0,0.169231,0.0341737,92576,0.1,0.0128312,54704,0,0.1,0,0.0555556,0.0303608,16832,0.0923077,0.024515,50496,0,0.1,0,0.342857,0.0363251,151488,0,0.1,0,0.00925926,0.0427949,4208,0.183333,0.0158209,46288,0.240741,0.0584903,109408
9.1,0.141667,0.0195216,71536,0,0.1,0,0.15,0.0133444,75744,0,0.1,0,0.175,0.0343481,88368,0.1,0.0128312,54704,0,0.1,0,0.0519481,0.0303608,16832,0.0923077,0.024515,50496,0,0.1,0,0.321739,0.0347226,155696,0,0.1,0,0.00854701,0.0427949,4208,0.169231,0.0158209,46288,0.247863,0.0531523,122032
9.2,0.123077,0.0173638,67328,0,0.1,0,0.138462,0.0133444,75744,0,0.1,0,0.184615,0.0360861,100992,0.116667,0.0148616,58912,0,0.1,0,0.0547945,0.0303608,16832,0.1,0.024515,50496,0,0.1,0,0.313043,0.0348793,151488,0,0.1,0,0.00854701,0.0427949,4208,0.138462,0.0188385,37872,0.25641,0.0147805,126240
9.3,0.1,0.0169234,54704,0,0.1,0,0.123077,0.0131992,67328,0,0.1,0,0.2,0.0335211,109408,0.115385,0.0161957,63120,0,0.1,0,0.0853659,0.56014,29456,0.1,0.0232722,54704,0,0.1,0,0.342857,0.0340783,151488,0,0.1,0,0.00925926,0.0427949,4208,0.133333,0.0175345,33664,0.268519,0.0149483,122032
9.4,0.1,0.0179552,50496,0,0.1,0,0.108333,0.0136159,54704,0,0.1,0,0.216667,0.0333523,109408,0.115385,0.0147848,63120,0,0.1,0,0.0804598,0.556752,29456,0.1,0.0154708,54704,0,0.1,0,0.286957,0.0355468,138864,0,0.1,0,0.00854701,0.0427949,4208,0.123077,0.0175345,33664,0.25641,0.0146534,126240
9.5,0.0769231,0.0165723,42080,0,0.1,0,0.115385,0.158191,63120,0,0.1,0,0.223077,0.0324567,122032,0.141667,0.0141048,71536,0,0.1,0,0.0963855,0.494761,33664,0.108333,0.0154708,54704,0,0.1,0,0.278261,0.0378404,134656,0,0.1,0,0.00854701,0.0427949,4208,0.107692,0.0190627,29456,0.273504,0.0142713,134656
9.6,0.0615385,0.0162252,33664,0,0.1,0,0.1,0.180848,54704,0,0.1,0,0.238462,0.0316652,130448,0.130769,0.0141048,71536,0,0.1,0,0.0869565,0.494761,33664,0.1,0.0154708,54704,0,0.1,0,0.266667,0.0322973,117824,0,0.1,0,0.00925926,0.0427949,4208,0.1,0.0207797,25248,0.287037,0.0139817,130448
9.7,0.0583333,0.0181968,29456,0,0.1,0,0.1,0.195026,50496,0,0.1,0,0.258333,0.0330588,130448,0.123077,0.014599,67328,0,0.1,0,0.0824742,0.494761,33664,0.0923077,0.0147867,50496,0,0.1,0,0.252174,0.0318225,122032,0,0.1,0,0.00854701,0.0427949,4208,0.107692,0.0208934,29456,0.290598,0.0132295,143072
9.8,0.0461538,0.01767,25248,0,0.1,0,0.1,0.183568,54704,0,0.1,0,0.253846,0.032158,138864,0.15,0.01656,75744,0,0.1,0,0.0967742,0.443376,37872,0.0916667,0.0147363,46288,0,0.1,0,0.26087,0.030829,126240,0,0.1,0,0,0.1,0,0.0769231,0.0149156,21040,0.264957,0.012017,130448
9.9,0.0230769,0.0285274,12624,0,0.1,0,0.0923077,0.198734,50496,0,0.1,0,0.230769,0.0312365,126240,0.138462,0.01656,75744,0,0.1,0,0.107843,0.368032,46288,0.1,0.0166074,54704,0,0.1,0,0.295238,0.0273013,130448,0,0.1,0,0,0.1,0,0.0666667,0.0125253,16832,0.268519,0.0108863,122032
10,0.0166667,0.0413154,8416,0,0.1,0,0.0833333,0.235711,42080,0,0.1,0,0.241667,0.0316686,122032,0.130769,0.016001,71536,0,0.1,0,0.102804,0.36713,46288,0.0923077,0.0177675,50496,0,0.1,0,0.269565,0.0266605,130448,0,0.1,0,0,0.1,0,0.0615385,0.0125253,16832,0.25641,0.0109471,126240
10.1,0.00769231,0.0418967,4208,0,0.1,0,0.0846154,0.218947,46288,0,0.1,0,0.215385,0.029645,117824,0.15,0.0157145,75744,0,0.1,0,0.106796,0.36713,46288,0.0916667,0.0185698,46288,0,0.1,0,0.25,0.0271231,126240,0,0.1,0,0,0.1,0,0.0153846,0.0215756,4208,0.247863,0.0112655,122032
10.2,0,0.1,0,0,0.1,0,0.0615385,0.299031,33664,0,0.1,0,0.2,0.0302147,109408,0.123077,0.0166151,67328,0,0.1,0,0.107143,0.337251,50496,0.0846154,0.0185698,46288,0,0.1,0,0.278261,0.031756,134656,0,0.1,0,0,0.1,0,0.05,0.0401574,12624,0.268519,0.0112655,122032
10.3,0.00833333,0.0148096,4208,0,0.1,0,0.075,0.271365,37872,0,0.1,0,0.225,0.0358699,113616,0.123077,0.0166151,67328,0,0.1,0,0.111111,0.312845,54704,0.0846154,0.0185698,46288,0,0.1,0,0.24,0.0325855,126240,0,0.1,0,0,0.1,0,0.0571429,0.049536,16832,0.239316,0.00989135,117824
10.4,0.0153846,0.0202689,8416,0,0.1,0,0.0615385,0.300941,33664,0,0.1,0,0.215385,0.0349847,117824,0.116667,0.0184021,58912,0,0.1,0,0.138889,0.278919,63120,0.0916667,0.0185698,46288,0,0.1,0,0.223077,0.0355683,122032,0,0.1,0,0,0.1,0,0.0533333,0.049536,16832,0.222222,0.0106036,109408
10.5,0.0153846,0.0202689,8416,0,0.1,0,0.0769231,0.249814,42080,0,0.1,0,0.192308,0.034505,105200,0.1,0.0192674,54704,0,0.1,0,0.136752,0.264008,67328,0.0692308,0.0134368,37872,0,0.1,0,0.25,0.0350048,126240,0,0.1,0,0,0.1,0,0.0571429,0.049536,16832,0.212963,0.0116182,96784
10.6,0.025,0.0221226,12624,0,0.1,0,0.0916667,0.229551,46288,0,0.1,0,0.2,0.0353916,100992,0.0846154,0.0194228,46288,0,0.1,0,0.145299,0.248612,71536,0.0692308,0.0134368,37872,0.00854701,0.409318,4208,0.207692,0.032934,113616,0,0.1,0,0,0.1,0,0.05,0.049536,16832,0.205128,0.0117085,100992
10.7,0.0307692,0.0256592,16832,0,0.1,0,0.115385,0.169577,63120,0,0.1,0,0.192308,0.0361297,105200,0.0916667,0.0194228,46288,0,0.1,0,0.175926,0.22683,79952,0.0916667,0.0246599,46288,0.00925926,0.409318,4208,0.192308,0.0329226,105200,0,0.1,0,0,0.1,0,0.0470588,0.049536,16832,0.17094,0.0120443,84160
10.8,0.0307692,0.0256592,16832,0,0.1,0,0.138462,0.142889,75744,0,0.1,0,0.184615,0.0351125,100992,0.0769231,0.0198572,42080,0,0.1,0,0.188034,0.199992,92576,0.0846154,0.0246599,46288,0.00854701,0.409318,4208,0.216667,0.0324006,109408,0,0.1,0,0,0.1,0,0.05,0.049536,16832,0.175926,0.01474,79952
10.9,0.0666667,0.0204196,33664,0,0.1,0,0.158333,0.136714,79952,0,0.1,0,0.191667,0.037567,96784,0.0769231,0.0198572,42080,0,0.1,0,0.196581,0.194559,96784,0.0615385,0.031443,33664,0.00854701,0.409318,4208,0.2,0.0293239,109408,0,0.1,0,0,0.1,0,0.0555556,0.0524673,21040,0.179487,0.016682,88368
11,0.0615385,0.0204196,33664,0,0.1,0,0.153846,0.130905,84160,0,0.1,0,0.176923,0.037567,96784,0.0833333,0.0198572,42080,0,0.1,0,0.240741,0.177594,109408,0.0666667,0.031443,33664,0.00925926,0.409318,4208,0.184615,0.0312732,100992,0,0.1,0,0,0.1,0,0.0631579,0.0443059,25248,0.162393,0.0177576,79952
11.1,0.0692308,0.0251564,37872,0,0.1,0,0.176923,0.115407,96784,0,0.1,0,0.161538,0.0352914,88368,0.0846154,0.100802,46288,0,0.1,0,0.222222,0.177594,109408,0.0615385,0.031443,33664,0.00854701,0.409318,4208,0.191667,0.0324587,96784,0,0.1,0,0,0.1,0,0.0666667,0.0443059,25248,0.157407,0.0185902,71536
11.2,0.1,0.0235593,50496,0,0.1,0,0.191667,0.115407,96784,0,0.1,0,0.166667,0.0409831,84160,0.0615385,0.130813,33664,0,0.1,0,0.188034,0.0348576,92576,0.0615385,0.0342682,33664,0.00854701,0.409318,4208,0.169231,0.031915,92576,0,0.1,0,0,0.1,0,0.07,0.0420147,29456,0.153846,0.0217638,75744
11.3,0.115385,0.0244587,63120,0,0.1,0,0.192308,0.107305,105200,0,0.1,0,0.146154,0.0375661,79952,0.0666667,0.135897,33664,0,0.1,0,0.212963,0.0377749,96784,0.0416667,0.047017,21040,0.00925926,0.409318,4208,0.153846,0.0331935,84160,0,0.1,0,0,0.1,0,0.0666667,0.0420147,29456,0.153846,0.0222485,75744
11.4,0.123077,0.0232882,67328,0,0.1,0,0.192308,0.0199847,105200,0,0.1,0,0.130769,0.0377473,71536,0.0461538,0.178195,25248,0,0.1,0,0.205128,0.035816,100992,0.0384615,0.047017,21040,0.00854701,0.409318,4208,0.15,0.0325794,75744,0,0.1,0,0,0.1,0,0.07,0.0420147,29456,0.148148,0.0254678,67328
11.5,0.158333,0.0226771,79952,0,0.1,0,0.225,0.0210754,113616,0,0.1,0,0.116667,0.0416758,58912,0.0461538,0.178195,25248,0,0.1,0,0.213675,0.0344427,105200,0.0461538,0.0446881,25248,0.00854701,0.409318,4208,0.138462,0.0325794,75744,0,0.1,0,0,0.1,0,0.0727273,0.0451468,33664,0.145299,0.0271942,71536
11.6,0.161538,0.0232182,88368,0,0.1,0,0.215385,0.0213572,117824,0,0.1,0,0.1,0.0410825,54704,0.05,0.178195,25248,0,0.1,0,0.25,0.035617,113616,0.0583333,0.0452274,29456,0.00925926,0.409318,4208,0.130769,0.0334059,71536,0,0.1,0,0,0.1,0,0.0695652,0.0445873,33664,0.152542,0.0297958,75744
11.7,0.176923,0.0216813,96784,0,0.1,0,0.207692,0.0204419,113616,0,0.1,0,0.0846154,0.0546082,46288,0.0307692,0.251168,16832,0,0.1,0,0.220339,0.0357448,109408,0.0538462,0.0452274,29456,0.00847458,0.409318,4208,0.133333,0.0353676,67328,0.00970874,0.032214,4208,0,0.1,0,0.0727273,0.0445873,33664,0.165138,0.0297958,75744
11.8,0.191667,0.0216813,96784,0,0.1,0,0.225,0.0217769,113616,0,0.1,0,0.1,0.0541422,50496,0.0307692,0.251168,16832,0,0.1,0,0.201681,0.042159,100992,0.0384615,0.0525588,21040,0.00840336,0.409318,4208,0.107692,0.0327118,58912,0.00900901,0.032214,4208,0,0.1,0,0.0666667,0.0445873,33664,0.176471,0.0311783,88368
11.9,0.207692,0.0215935,113616,0,0.1,0,0.215385,0.021053,117824,0,0.1,0,0.1,0.054807,54704,0.0333333,0.251168,16832,0,0.1,0,0.236364,0.0536947,109408,0.0583333,0.0513696,29456,0.00909091,0.409318,4208,0.0923077,0.0319037,50496,0.00877193,0.032214,4208,0,0.1,0,0.064,0.0445873,33664,0.166667,0.0321018,84160
12,0.223077,0.0203078,122032,0,0.1,0,0.207692,0.0189553,113616,0,0.1,0,0.1,0.054807,54704,0.0230769,0.331276,12624,0,0.1,0,0.225,0.0528427,113616,0.0538462,0.0513696,29456,0.00833333,0.409318,4208,0.108333,0.0316828,54704,0.00952381,0.032214,4208,0,0.1,0,0.0666667,0.0445873,33664,0.18018,0.0407404,84160
12.1,0.25,0.0198343,126240,0,0.1,0,0.225,0.0199895,113616,0,0.1,0,0.116667,0.0572098,58912,0.0230769,0.331276,12624,0,0.1,0,0.214876,0.0545451,109408,0.0538462,0.0513696,29456,0.00826446,0.409318,4208,0.0846154,0.0213999,46288,0.00884956,0.032214,4208,0,0.1,0,0.0692308,0.0441924,37872,0.173554,0.0409185,88368
12.2,0.246154,0.0198638,134656,0,0.1,0,0.2,0.018834,109408,0,0.1,0,0.0923077,0.0509374,50496,0.0333333,0.25323,16832,0,0.1,0,0.241071,0.0545835,113616,0.0583333,0.0513696,29456,0.00892857,0.409318,4208,0.0769231,0.0214216,42080,0.00892857,0.032214,4208,0,0.1,0,0.0615385,0.0400075,33664,0.188525,0.0401411,96784
12.3,0.238462,0.0196746,130448,0,0.1,0,0.223077,0.0187162,122032,0,0.1,0,0.0923077,0.0600958,50496,0.0307692,0.25323,16832,0,0.1,0,0.221311,0.0533992,113616,0.0538462,0.0513696,29456,0.00819672,0.409318,4208,0.075,0.0156534,37872,0.00970874,0.032214,4208,0,0.1,0,0.075,0.0412471,37872,0.19469,0.0430443,92576
12.4,0.275,0.0207944,138864,0,0.1,0,0.225,0.0167464,113616,0,0.1,0,0.1,0.0600958,50496,0.0307692,0.25323,16832,0,0.1,0,0.219512,0.0524124,113616,0.0538462,0.0513696,29456,0.00813008,0.409318,4208,0.0615385,0.015277,33664,0.00900901,0.032214,4208,0,0.1,0,0.0692308,0.0412471,37872,0.211382,0.0404565,109408
12.5,0.261538,0.0205105,143072,0,0.1,0,0.223077,0.0174498,122032,0,0.1,0,0.0923077,0.0600958,50496,0.0333333,0.25323,16832,0,0.1,0,0.236842,0.0538709,113616,0.0583333,0.0513696,29456,0,0.1,0,0.0615385,0.014407,33664,0.00909091,0.032214,4208,0,0.1,0,0.0769231,0.0395759,42080,0.209677,0.0403977,109408
12.6,0.253846,0.0200329,138864,0,0.1,0,0.2,0.0189464,109408,0,0.1,0,0.0846154,0.060664,46288,0.0307692,0.25323,16832,0,0.1,0,0.209677,0.054863,109408,0.0384615,0.041852,21040,0,0.1,0,0.075,0.0155181,37872,0.00990099,0.032214,4208,0,0.1,0,0.0833333,0.0395759,42080,0.226087,0.0403977,109408
12.7,0.291667,0.0207043,147280,0,0.1,0,0.191667,0.0201855,96784,0,0.1,0,0.0833333,0.0660282,42080,0.0307692,0.25323,16832,0,0.1,0,0.184,0.0581033,96784,0.0384615,0.041852,21040,0.008,0.10763,4208,0.0615385,0.017944,33664,0.00917431,0.032214,4208,0,0.1,0,0.0846154,0.0372249,46288,0.232,0.0371386,122032
12.8,0.246154,0.0213842,134656,0,0.1,0,0.192308,0.0215858,105200,0,0.1,0,0.0692308,0.066175,37872,0.0333333,0.25323,16832,0,0.1,0,0.206897,0.0561809,100992,0.0416667,0.041852,21040,0.0344828,0.0792177,16832,0.0461538,0.0227083,25248,0.00925926,0.032214,4208,0,0.1,0,0.0846154,0.0338037,46288,0.222222,0.0366649,117824
12.9,0.253846,0.0226151,138864,0,0.1,0,0.2,0.0204693,109408,0,0.1,0,0.0692308,0.066175,37872,0.0307692,0.25323,16832,0,0.1,0,0.18254,0.0579928,96784,0.0384615,0.041852,21040,0.0555556,0.0633669,29456,0.0666667,0.0284396,33664,0.010101,0.032214,4208,0,0.1,0,0.0833333,0.0368342,42080,0.239316,0.0388012,117824
13,0.283333,0.0215887,143072,0,0.1,0,0.191667,0.0215632,96784,0,0.1,0,0.0666667,0.0717174,33664,0.0153846,0.0307062,8416,0,0.1,0,0.204724,0.052148,109408,0.0384615,0.041852,21040,0.0551181,0.0633669,29456,0.0692308,0.0270713,37872,0.00934579,0.032214,4208,0,0.1,0,0.0923077,0.0436531,50496,0.251969,0.0363232,134656
13.1,0.261538,0.0225071,143072,0,0.1,0,0.215385,0.0200633,117824,0,0.1,0,0.0538462,0.0699596,29456,0.0166667,0.0307062,8416,0,0.1,0,0.220339,0.052148,109408,0.0333333,0.044575,16832,0.0677966,0.0641256,33664,0.0769231,0.0246573,42080,0.00943396,0.032214,4208,0,0.1,0,0.0923077,0.0424487,50496,0.25,0.0343529,134656
13.2,0.246154,0.0213455,134656,0,0.1,0,0.215385,0.0196977,117824,0,0.1,0,0.0461538,0.0799548,25248,0.00769231,0.0190918,4208,0,0.1,0,0.203125,0.0525811,109408,0.0307692,0.044575,16832,0.0625,0.0641256,33664,0.0833333,0.0246573,42080,0.0103093,0.032214,4208,0,0.1,0,0.108333,0.0429527,54704,0.260504,0.0349828,130448
13.3,0.258333,0.0218492,130448,0,0.1,0,0.225,0.0210101,113616,0,0.1,0,0.0416667,0.0955395,21040,0.00769231,0.0190918,4208,0,0.1,0,0.193798,0.0534964,105200,0.0307692,0.044575,16832,0.0775194,0.0617528,42080,0.0769231,0.0246573,42080,0.00952381,0.032214,4208,0,0.1,0,0.115385,0.0394635,63120,0.248062,0.0347519,134656
13.4,0.238462,0.0220571,130448,0,0.1,0,0.215385,0.018744,117824,0,0.1,0,0.0384615,0.0955395,21040,0.00833333,0.0190918,4208,0,0.1,0,0.208333,0.0546947,105200,0.025,0.0484186,12624,0.0833333,0.0617528,42080,0.0846154,0.0280323,46288,0.00961538,0.032214,4208,0,0.1,0,0.107692,0.0374916,58912,0.238462,0.0341047,130448
13.5,0.230769,0.0210941,126240,0,0.1,0,0.223077,0.0178018,122032,0,0.1,0,0.0384615,0.0955395,21040,0.00769231,0.0190918,4208,0,0.1,0,0.192308,0.0535556,105200,0.0153846,0.0483966,8416,0.0769231,0.0617528,42080,0.1,0.0273089,50496,0.0104167,0.032214,4208,0,0.1,0,0.116667,0.043592,58912,0.225,0.0358093,113616
13.6,0.233333,0.0222048,117824,0,0.1,0,0.25,0.0191472,126240,0,0.1,0,0.0333333,0.080308,16832,0.00769231,0.0190918,4208,0,0.1,0,0.192308,0.0535556,105200,0.0153846,0.0483966,8416,0.0769231,0.0617528,42080,0.107692,0.0260489,58912,0,0.1,0,0,0.1,0,0.115385,0.0458709,63120,0.215385,0.0366728,117824
13.7,0.230769,0.0227388,126240,0,0.1,0,0.223077,0.0177615,122032,0,0.1,0,0.0230769,0.0907388,12624,0.00833333,0.0190918,4208,0,0.1,0,0.208333,0.0499592,105200,0.0166667,0.0483966,8416,0.0916667,0.0660327,46288,0.1,0.0269713,54704,0,0.1,0,0,0.1,0,0.123077,0.048346,67328,0.2,0.0410417,109408
13.8,0.215385,0.0216726,117824,0,0.1,0,0.215385,0.0183419,117824,0,0.1,0,0.0153846,0.104716,8416,0.00769231,0.0190918,4208,0,0.1,0,0.176923,0.0400765,96784,0,0.1,0,0.0846154,0.0660327,46288,0.116667,0.0268323,58912,0,0.1,0,0,0.1,0,0.133333,0.048346,67328,0.225,0.0429509,113616
13.9,0.233333,0.0238413,117824,0,0.1,0,0.241667,0.0196043,122032,0,0.1,0,0.0166667,0.104716,8416,0.00769231,0.0190918,4208,0,0.1,0,0.184615,0.0421102,100992,0,0.1,0,0.0846154,0.0660327,46288,0.1,0.0266631,54704,0,0.1,0,0,0.1,0,0.146154,0.0436377,79952,0.207692,0.0383586,113616
14,0.215385,0.0242715,117824,0,0.1,0,0.230769,0.0197618,126240,0,0.1,0,0.00769231,0.120985,4208,0.00833333,0.0190918,4208,0,0.1,0,0.2,0.0421102,100992,0,0.1,0,0.0916667,0.0660327,46288,0.1,0.0243857,54704,0,0.1,0,0,0.1,0,0.130769,0.0413297,71536,0.2,0.0381231,109408
14.1,0.207692,0.0275412,113616,0,0.1,0,0.230769,0.0197618,126240,0,0.1,0,0.00769231,0.120985,4208,0,0.1,0,0,0.1,0,0.176923,0.0426068,96784,0,0.1,0,0.0846154,0.0660327,46288,0.108333,0.0243857,54704,0,0.1,0,0,0.1,0,0.15,0.0424516,75744,0.2,0.0386352,100992
14.2,0.25,0.0297161,126240,0,0.1,0,0.25,0.0220356,126240,0,0.1,0,0,0.1,0,0,0.1,0,0,0.1,0,0.161538,0.0426253,88368,0,0.1,0,0.0846154,0.0660327,46288,0.107692,0.0244078,58912,0,0.1,0,0,0.1,0,0.146154,0.0433177,79952,0.184615,0.0389656,100992
14.3,0.230769,0.0286497,126240,0,0.1,0,0.253846,0.0237442,138864,0,0.1,0,0,0.1,0,0,0.1,0,0,0.1,0,0.175,0.0431427,88368,0,0.1,0,0.0916667,0.0660327,46288,0.115385,0.029642,63120,0,0.1,0,0,0.1,0,0.146154,0.0433177,79952,0.153846,0.0415141,84160
14.4,0.223077,0.0301774,122032,0,0.1,0,0.246154,0.0227294,134656,0,0.1,0,0,0.1,0,0,0.1,0,0,0.1,0,0.169231,0.0433418,92576,0.00769231,0.0774385,4208,0.0846154,0.0660327,46288,0.125,0.031819,63120,0,0.1,0,0,0.1,0,0.158333,0.045294,79952,0.175,0.0486076,88368
14.5,0.25,0.029639,126240,0,0.1,0,0.275,0.0249639,138864,0,0.1,0,0,0.1,0,0,0.1,0,0,0.1,0,0.184,0.0510161,96784,0.00769231,0.0774385,4208,0.0846154,0.0660327,46288,0.130769,0.0310495,71536,0,0.1,0,0,0.1,0,0.153846,0.0440185,84160,0.192308,0.0487693,105200
14.6,0.246154,0.0303753,134656,0,0.1,0,0.269231,0.0243219,147280,0,0.1,0,0,0.1,0,0,0.1,0,0,0.1,0,0.2,0.0510161,96784,0.00833333,0.0774385,4208,0.0833333,0.0618729,42080,0.123077,0.0310968,67328,0,0.1,0,0,0.1,0,0.146154,0.0456135,79952,0.176923,0.0506686,96784
14.7,0.238462,0.0306982,130448,0,0.1,0,0.276923,0.0222312,151488,0,0.1,0,0,0.1,0,0,0.1,0,0,0.1,0,0.175,0.0517324,88368,0.00769231,0.0774385,4208,0.0538462,0.0584984,29456,0.133333,0.0310968,67328,0,0.1,0,0,0.1,0,0.158333,0.0468928,79952,0.191667,0.0519629,96784
14.8,0.275,0.0283372,138864,0,0.1,0,0.283333,0.0231538,143072,0,0.1,0,0,0.1,0,0,0.1,0,0,0.1,0,0.165217,0.0504361,79952,0.00769231,0.0774385,4208,0.0307692,0.0706977,16832,0.115385,0.0297166,63120,0,0.1,0,0,0.1,0,0.169231,0.0422705,92576,0.192308,0.0487873,105200
14.9,0.261538,0.0277002,143072,0,0.1,0,0.284615,0.0221599,155696,0,0.1,0,0,0.1,0,0,0.1,0,0,0.1,0,0.152381,0.0585169,67328,0.00833333,0.0774385,4208,0.0333333,0.0706977,16832,0.107692,0.0306874,58912,0,0.1,0,0,0.1,0,0.153846,0.0387228,84160,0.192308,0.0494481,105200
15,0.238462,0.0275574,130448,0,0.1,0,0.261538,0.0224667,143072,0,0.1,0,0,0.1,0,0,0.1,0,0,0.1,0,0.145455,0.0585169,67328,0.00769231,0.0774385,4208,0.0230769,0.0711183,12624,0.133333,0.0347685,67328,0,0.1,0,0,0.1,0,0.175,0.0404562,88368,0.2,0.0509808,100992
15.1,0.291667,0.0329812,147280,0,0.1,0,0.283333,0.0243032,143072,0,0.1,0,0,0.1,0,0,0.1,0,0,0.1,0,0.133333,0.05829,58912,0.00769231,0.0774385,4208,0.0230769,0.0711183,12624,0.123077,0.0347685,67328,0,0.1,0,0,0.1,0,0.153846,0.0400289,84160,0.192308,0.051284,105200
15.2,0.284615,0.0322506,155696,0,0.1,0,0.292308,0.0239661,159904,0,0.1,0,0,0.1,0,0,0.1,0,0,0.1,0,0.136842,0.0610902,54704,0.00833333,0.0774385,4208,0.00833333,0.108831,4208,0.123077,0.0347685,67328,0,0.1,0,0,0.1,0,0.146154,0.0409015,79952,0.184615,0.0507777,100992
15.3,0.261538,0.0331933,143072,0,0.1,0,0.284615,0.0245158,155696,0,0.1,0,0,0.1,0,0,0.1,0,0,0.1,0,0.12,0.0635609,50496,0.00769231,0.0774385,4208,0.00769231,0.108831,4208,0.15,0.205016,75744,0,0.1,0,0,0.1,0,0.158333,0.0409015,79952,0.2,0.0507777,100992
15.4,0.283333,0.0339153,143072,0,0.1,0,0.308333,0.0262813,155696,0,0.1,0,0,0.1,0,0,0.1,0,0,0.1,0,0.105263,0.0690619,42080,0.00769231,0.0774385,4208,0.00769231,0.108831,4208,0.138462,0.205241,75744,0,0.1,0,0,0.1,0,0.146154,0.0377692,79952,0.207692,0.0468364,113616
15.5,0.276923,0.0617514,151488,0,0.1,0,0.3,0.0265772,164112,0,0.1,0,0,0.1,0,0,0.1,0,0,0.1,0,0.117647,0.0690619,42080,0.00833333,0.0774385,4208,0.00833333,0.108831,4208,0.130769,0.218423,71536,0,0.1,0,0,0.1,0,0.153846,0.0346776,84160,0.215385,0.0437883,117824
15.6,0.276923,0.0646039,151488,0,0.1,0,0.307692,0.0260964,168320,0,0.1,0,0,0.1,0,0,0.1,0,0,0.1,0,0.1,0.068201,37872,0.00769231,0.0774385,4208,0,0.1,0,0.158333,0.200815,79952,0,0.1,0,0,0.1,0,0.166667,0.0325014,84160,0.225,0.0395335,113616
15.7,0.3,0.0652972,151488,0,0.1,0,0.341667,0.0260331,172528,0,0.1,0,0,0.1,0,0,0.1,0,0,0.1,0,0.0941176,0.0691646,33664,0.00769231,0.0774385,4208,0,0.1,0,0.161538,0.183784,88368,0,0.1,0,0,0.1,0,0.153846,0.0325014,84160,0.223077,0.0350126,122032
15.8,0.276923,0.0655413,151488,0,0.1,0,0.323077,0.0249827,176736,0,0.1,0,0,0.1,0,0,0.1,0,0,0.1,0,0.08,0.0722904,25248,0.00833333,0.0774385,4208,0,0.1,0,0.169231,0.178054,92576,0,0.1,0,0,0.1,0,0.138462,0.0332966,75744,0.223077,0.0336424,122032
15.9,0.276923,0.0670405,151488,0,0.1,0,0.323077,0.0245038,176736,0,0.1,0,0,0.1,0,0,0.1,0,0,0.1,0,0.0875,0.0639998,29456,0.00769231,0.0774385,4208,0,0.1,0,0.216667,0.160805,109408,0,0.1,0,0,0.1,0,0.141667,0.0344659,71536,0.241667,0.0336424,122032
16,0.3,0.0675548,151488,0,0.1,0,0.35,0.0245038,176736,0,0.1,0,0,0.1,0,0,0.1,0,0,0.1,0,0.08,0.0671891,25248,0.00769231,0.0774385,4208,0,0.1,0,0.223077,0.149741,122032,0,0.1,0,0,0.1,0,0.130769,0.0321818,71536,0.238462,0.034358,130448
16.1,0.269231,0.0666802,147280,0,0.1,0,0.330769,0.0237624,180944,0,0.1,0,0,0.1,0,0,0.1,0,0,0.1,0,0.0923077,0.0671891,25248,0.00833333,0.0774385,4208,0,0.1,0,0.215385,0.154207,117824,0,0.1,0,0,0.1,0,0.130769,0.0263937,71536,0.238462,0.0322985,130448
16.2,0.253846,0.0693787,138864,0,0.1,0,0.323077,0.0222245,176736,0,0.1,0,0,0.1,0,0,0.1,0,0,0.1,0,0.0857143,0.0640436,25248,0.00769231,0.0774385,4208,0,0.1,0,0.25,0.142053,126240,0,0.1,0,0,0.1,0,0.141667,0.0263937,71536,0.266667,0.0339811,134656
16.3,0.275,0.0683984,138864,0,0.1,0,0.341667,0.0227198,172528,0,0.1,0,0,0.1,0,0,0.1,0,0,0.1,0,0.0769231,0.0612744,21040,0,0.1,0,0,0.1,0,0.230769,0.141236,126240,0,0.1,0,0,0.1,0,0.130769,0.027155,71536,0.230769,0.0294886,126240
16.4,0.261538,0.0671411,143072,0,0.1,0,0.330769,0.0222937,180944,0,0.1,0,0.0153846,3.03554,8416,0,0.1,0,0,0.1,0,0.05,0.0104122,12624,0,0.1,0,0,0.1,0,0.207692,0.154153,113616,0,0.1,0,0,0.1,0,0.123077,0.0276157,67328,0.2,0.0263917,109408
16.5,0.230769,0.0712131,126240,0,0.1,0,0.330769,0.0221019,180944,0,0.1,0,0.0153846,3.03554,8416,0,0.1,0,0,0.1,0,0.0571429,0.017836,16832,0,0.1,0,0,0.1,0,0.25,0.140247,126240,0,0.1,0,0,0.1,0,0.133333,0.0276157,67328,0.2,0.0267292,100992
16.6,0.25,0.0712131,126240,0,0.1,0,0.325,0.0230866,164112,0,0.1,0,0.0166667,3.03554,8416,0,0.1,0,0.0192308,0.0151655,4208,0.0533333,0.017836,16832,0,0.1,0,0,0.1,0,0.246154,0.133364,134656,0,0.1,0,0,0.1,0,0.138462,0.0241764,75744,0.176923,0.0257335,96784
16.7,0.207692,0.077441,113616,0,0.1,0,0.315385,0.0236858,172528,0,0.1,0,0.0153846,3.03554,8416,0,0.1,0,0.0208333,0.0151655,4208,0.0714286,0.0305899,21040,0,0.1,0,0,0.1,0,0.246154,0.132229,134656,0,0.1,0,0,0.1,0,0.123077,0.0259377,67328,0.153846,0.0249889,84160
16.8,0.184615,0.0847275,100992,0,0.1,0,0.315385,0.0237043,172528,0,0.1,0,0.0153846,3.03554,8416,0,0.1,0,0.0192308,0.0151655,4208,0.0625,0.0305899,21040,0,0.1,0,0,0.1,0,0.283333,0.126086,143072,0,0.1,0,0,0.1,0,0.133333,0.0259377,67328,0.133333,0.0254594,67328
16.9,0.2,0.0847275,100992,0,0.1,0,0.325,0.0246694,164112,0,0.1,0,0.0166667,3.03554,8416,0,0.1,0,0.0192308,0.0151655,4208,0.0588235,0.0305899,21040,0,0.1,0,0,0.1,0,0.246154,0.130653,134656,0,0.1,0,0,0.1,0,0.123077,0.025732,67328,0.123077,0.0254594,67328
17,0.146154,0.091127,79952,0,0.1,0,0.292308,0.024163,159904,0,0.1,0,0.0153846,3.03554,8416,0,0.1,0,0.0208333,0.0151655,4208,0.0625,0.0305899,21040,0,0.1,0,0,0.1,0,0.253846,0.126779,138864,0,0.1,0,0,0.1,0,0.130769,0.0252129,71536,0.115385,0.0232527,63120
17.1,0.130769,0.0995578,71536,0,0.1,0,0.269231,0.0257368,147280,0,0.1,0,0.0153846,3.03554,8416,0,0.1,0,0.0384615,0.0167179,8416,0.0666667,0.0367551,25248,0,0.1,0,0,0.1,0,0.291667,0.12008,147280,0,0.1,0,0,0.1,0,0.133333,0.0261564,67328,0.116667,0.0243235,58912
17.2,0.141667,0.0995578,71536,0,0.1,0,0.275,0.026589,138864,0,0.1,0,0.0166667,3.03554,8416,0,0.1,0,0.0384615,0.0167179,8416,0.0631579,0.0367551,25248,0,0.1,0,0,0.1,0,0.276923,0.0304512,151488,0,0.1,0,0,0.1,0,0.153846,0.0248354,84160,0.107692,0.0243235,58912
17.3,0.123077,0.103885,67328,0,0.1,0,0.253846,0.0271366,138864,0,0.1,0,0.0153846,3.03554,8416,0,0.1,0,0.0416667,0.0167179,8416,0.0666667,0.0367551,25248,0,0.1,0,0,0.1,0,0.269231,0.0306525,147280,0,0.1,0,0,0.1,0,0.153846,0.0228245,84160,0.0846154,0.0267828,46288
17.4,0.107692,0.0423025,58912,0,0.1,0,0.230769,0.0257747,126240,0,0.1,0,0.0153846,3.03554,8416,0,0.1,0,0.0576923,0.0168783,12624,0.06,0.0367551,25248,0,0.1,0,0,0.1,0,0.291667,0.0295,147280,0,0.1,0,0,0.1,0,0.15,0.0223766,75744,0.075,0.0303485,37872
17.5,0.1,0.0357596,50496,0,0.1,0,0.241667,0.0264103,122032,0,0.1,0,0.0166667,3.03554,8416,0,0.1,0,0.0769231,0.0144231,16832,0.0666667,0.0449863,29456,0,0.1,0,0,0.1,0,0.261538,0.0285277,143072,0,0.1,0,0.00900901,3.04327,4208,0.130769,0.0212252,71536,0.0692308,0.0303485,37872
17.6,0.0769231,0.0395133,42080,0,0.1,0,0.253846,0.0303674,138864,0,0.1,0,0.0307692,1.54897,16832,0,0.1,0,0.0833333,0.0144231,16832,0.07,0.0449863,29456,0,0.1,0,0,0.1,0,0.246154,0.0301838,134656,0,0.1,0,0.00892857,3.04327,4208,0.146154,0.022434,79952,0.0461538,0.0387642,25248
17.7,0.0615385,0.039965,33664,0,0.1,0,0.230769,0.0318853,126240,0,0.1,0,0.0307692,1.54897,16832,0,0.1,0,0.0769231,0.0144231,16832,0.0727273,0.047108,33664,0,0.1,0,0,0.1,0,0.258333,0.0292948,130448,0,0.1,0,0.00961538,3.04327,4208,0.15,0.0234087,75744,0.0333333,0.0464499,16832
17.8,0.0583333,0.0353717,29456,0,0.1,0,0.241667,0.0329656,122032,0,0.1,0,0.0333333,1.54897,16832,0,0.1,0,0.134615,0.043142,29456,0.0695652,0.0548296,33664,0,0.1,0,0,0.1,0,0.2,0.0246351,109408,0,0.1,0,0.00884956,3.04327,4208,0.161538,0.0231965,88368,0.0307692,0.0464499,16832
17.9,0.0384615,0.0219309,21040,0,0.1,0,0.230769,0.0322909,126240,0,0.1,0,0.0307692,1.54897,16832,0,0.1,0,0.145833,0.043142,29456,0.0727273,0.0548296,33664,0,0.1,0,0,0.1,0,0.176923,0.0208241,96784,0,0.1,0,0.00877193,3.04327,4208,0.161538,0.0222725,88368,0.0153846,0.0481648,8416
18,0.0230769,0.0199838,12624,0,0.1,0,0.215385,0.0307468,117824,0,0.1,0,0.0307692,1.54897,16832,0,0.1,0,0.134615,0.043142,29456,0.0666667,0.0548296,33664,0,0.1,0,0,0.1,0,0.2,0.0203976,100992,0,0.1,0,0.00943396,3.04327,4208,0.158333,0.0240025,79952,0.00833333,0.0861417,4208
18.1,0.025,0.0199838,12624,0,0.1,0,0.216667,0.0317989,109408,0,0.1,0,0.0416667,1.26628,21040,0,0.1,0,0.134615,0.043142,29456,0.056,0.0618498,29456,0,0.1,0,0,0.1,0,0.176923,0.0207081,96784,0,0.1,0,0.0173913,1.54692,8416,0.161538,0.0238355,88368,0,0.1,0
18.2,0.0153846,0.0198374,8416,0,0.1,0,0.2,0.0323266,109408,0,0.1,0,0.0384615,1.26628,21040,0,0.1,0,0.145833,0.043142,29456,0.0583333,0.0663972,29456,0,0.1,0,0,0.1,0,0.169231,0.0210532,92576,0,0.1,0,0.0172414,1.54692,8416,0.169231,0.0208223,92576,0,0.1,0
18.3,0,0.1,0,0,0.1,0,0.176923,0.0310578,96784,0,0.1,0,0.0307692,0.105665,16832,0,0.1,0,0.134615,0.043142,29456,0.0538462,0.0663972,29456,0,0.1,0,0,0.1,0,0.208333,0.0249742,105200,0,0.1,0,0.0185185,1.54692,8416,0.183333,0.0208223,92576,0,0.1,0
18.4,0.00833333,0.0380519,4208,0,0.1,0,0.183333,0.0336664,92576,0,0.1,0,0.0333333,0.105665,16832,0,0.1,0,0.134615,0.043142,29456,0.0461538,0.0707789,25248,0,0.1,0,0,0.1,0,0.184615,0.0265148,100992,0.00854701,0.0384863,4208,0.017094,1.54692,8416,0.176923,0.0202797,96784,0.0230769,0.0299119,12624
18.5,0.00769231,0.0380519,4208,0,0.1,0,0.169231,0.0336664,92576,0,0.1,0,0.0307692,0.105665,16832,0,0.1,0,0.125,0.0478047,25248,0.05,0.0707789,25248,0.0277778,0.0880006,12624,0,0.1,0,0.169231,0.0261872,92576,0.00854701,0.0384863,4208,0.017094,1.54692,8416,0.169231,0.0210484,92576,0.0307692,0.0303843,16832
18.6,0.00769231,0.0380519,4208,0,0.1,0,0.153846,0.033496,84160,0,0.1,0,0.0307692,0.105665,16832,0,0.1,0,0.115385,0.0478047,25248,0.0384615,0.0686136,21040,0.025641,0.0880006,12624,0.00854701,0.0649134,4208,0.191667,0.0268227,96784,0.00925926,0.0384863,4208,0.0185185,1.54692,8416,0.175,0.0211547,88368,0.0416667,0.0440439,21040
18.7,0.00833333,0.0380519,4208,0,0.1,0,0.141667,0.0374398,71536,0,0.1,0,0.0333333,0.105665,16832,0.00854701,0.0578478,4208,0.115385,0.0478047,25248,0.0461538,0.0583224,25248,0.034188,0.0897343,16832,0.00854701,0.0649134,4208,0.169231,0.0256345,92576,0.00854701,0.0384863,4208,0.017094,1.54692,8416,0.169231,0.0208645,92576,0.0384615,0.0440439,21040
18.8,0.00769231,0.0380519,4208,0,0.1,0,0.130769,0.0374398,71536,0,0.1,0,0.0307692,0.105665,16832,0.00925926,0.0578478,4208,0.125,0.0478047,25248,0.05,0.0583224,25248,0.037037,0.0897343,16832,0.00925926,0.0649134,4208,0.161538,0.0257315,88368,0.00854701,0.0384863,4208,0.017094,1.54692,8416,0.161538,0.0181562,88368,0.0384615,0.0440439,21040
18.9,0.00769231,0.0380519,4208,0,0.1,0,0.123077,0.0374939,67328,0,0.1,0,0.0307692,0.105665,16832,0.00854701,0.0578478,4208,0.115385,0.0478047,25248,0.0538462,0.057407,29456,0.042735,0.0782932,21040,0.017094,0.0708348,8416,0.183333,0.0254631,92576,0.00925926,0.0384863,4208,0.0185185,1.54692,8416,0.166667,0.0182186,84160,0.0416667,0.0440439,21040
19,0.00833333,0.0380519,4208,0,0.1,0,0.116667,0.0360229,58912,0,0.1,0,0.0333333,0.105665,16832,0.00854701,0.0578478,4208,0.0961538,0.0537116,21040,0.0615385,0.0450236,33664,0.0598291,0.0633786,29456,0.017094,0.0708348,8416,0.169231,0.0269613,92576,0.00854701,0.0384863,4208,0.017094,1.54692,8416,0.169231,0.0170052,92576,0.0461538,0.0433779,25248
19.1,0.00769231,0.0380519,4208,0,0.1,0,0.107692,0.0360229,58912,0,0.1,0,0.0307692,0.105665,16832,0.00925926,0.0578478,4208,0.104167,0.0537116,21040,0.0666667,0.0450236,33664,0.0648148,0.0633786,29456,0.0185185,0.0708348,8416,0.146154,0.0266671,79952,0.00854701,0.0384863,4208,0.017094,1.54692,8416,0.146154,0.0163021,79952,0.0615385,0.0399471,33664
19.2,0.00769231,0.0380519,4208,0,0.1,0,0.0923077,0.0333786,50496,0,0.1,0,0.0307692,0.105665,16832,0.00854701,0.0578478,4208,0.0961538,0.0537116,21040,0.0769231,0.0386117,42080,0.0854701,0.0615064,42080,0.017094,0.0708348,8416,0.166667,0.0257348,84160,0.00925926,0.0384863,4208,0.0185185,1.54692,8416,0.15,0.0170536,75744,0.0833333,0.0423152,42080
19.3,0.00833333,0.0380519,4208,0,0.1,0,0.1,0.0333786,50496,0,0.1,0,0.0333333,0.105665,16832,0.00854701,0.0578478,4208,0.0769231,0.0628398,16832,0.0923077,0.0337929,50496,0.0854701,0.0615064,42080,0.017094,0.0708348,8416,0.169231,0.0251173,92576,0.017094,0.0244711,8416,0.017094,1.54692,8416,0.153846,0.0162976,84160,0.0846154,0.039635,46288
19.4,0.00769231,0.0380519,4208,0,0.1,0,0.0923077,0.0333786,50496,0,0.1,0,0.0307692,0.105665,16832,0.00925926,0.0578478,4208,0.0625,0.0814338,12624,0.0916667,0.0282856,46288,0.0925926,0.0615064,42080,0.0185185,0.0708348,8416,0.161538,0.0244208,88368,0.017094,0.0244711,8416,0.00854701,0.0505771,4208,0.153846,0.0162976,84160,0.1,0.0367157,54704
19.5,0.00769231,0.0380519,4208,0,0.1,0,0.0538462,0.0201165,29456,0,0.1,0,0.0153846,0.148932,8416,0.00854701,0.0578478,4208,0.0576923,0.0814338,12624,0.1,0.0291807,54704,0.0940171,0.0608859,46288,0.017094,0.0708348,8416,0.183333,0.0220669,92576,0.0185185,0.0244711,8416,0.00925926,0.0505771,4208,0.158333,0.0166254,79952,0.108333,0.0367157,54704
19.6,0.00833333,0.0380519,4208,0,0.1,0,0.0583333,0.0201165,29456,0,0.1,0,0.0166667,0.148932,8416,0.00854701,0.0578478,4208,0.0576923,0.0814338,12624,0.0923077,0.0264491,50496,0.0940171,0.0608859,46288,0.017094,0.0708348,8416,0.176923,0.0226821,96784,0.017094,0.0244711,8416,0.00854701,0.0505771,4208,0.146154,0.0166254,79952,0.115385,0.0376075,63120
19.7,0.00769231,0.0380519,4208,0,0.1,0,0.0461538,0.0172252,25248,0,0.1,0,0.0153846,0.148932,8416,0.00925926,0.0578478,4208,0,0.1,0,0.0916667,0.0219418,46288,0.101852,0.0608859,46288,0.0277778,0.0720164,12624,0.176923,0.0226821,96784,0.025641,0.0972445,12624,0.00854701,0.0505771,4208,0.146154,0.0155046,79952,0.123077,0.0353993,67328
19.8,0.00769231,0.0380519,4208,0,0.1,0,0.0384615,0.0181255,21040,0,0.1,0,0.0153846,0.148932,8416,0.00854701,0.0578478,4208,0,0.1,0,0.0923077,0.0210265,50496,0.111111,0.0680978,54704,0.034188,0.0652056,16832,0.2,0.0221799,100992,0.0277778,0.0972445,12624,0.00925926,0.0505771,4208,0.15,0.0161832,75744,0.133333,0.0353993,67328
19.9,0.00833333,0.0380519,4208,0,0.1,0,0.025,0.0281727,12624,0,0.1,0,0.0166667,0.148932,8416,0.00854701,0.0578478,4208,0,0.1,0,0.115385,0.018672,63120,0.111111,0.0680978,54704,0.034188,0.0652056,16832,0.192308,0.0245776,105200,0.025641,0.0972445,12624,0.00854701,0.0505771,4208,0.176923,0.0143814,96784,0.146154,0.0337762,79952
20,0.00769231,0.0380519,4208,0,0.1,0,0.0230769,0.0281727,12624,0,0.1,0,0.00769231,0.16237,4208,0.0185185,0.0496822,8416,0,0.1,0,0.125,0.018672,63120,0.138889,0.0648578,63120,0.037037,0.0652056,16832,0.176923,0.0252602,96784,0.025641,0.0972445,12624,0,0.1,0,0.161538,0.0136321,88368,0.161538,0.0323685,88368
20.1,0.00769231,0.0380519,4208,0,0.1,0,0.0153846,0.0240638,8416,0,0.1,0,0.00769231,0.16237,4208,0.017094,0.0496822,8416,0,0.1,0,0.123077,0.0154479,67328,0.128205,0.0648578,63120,0.034188,0.0652056,16832,0.216667,0.0256976,109408,0.0277778,0.0972445,12624,0,0.1,0,0.166667,0.0145145,84160,0.175,0.0323685,88368
20.2,0.00833333,0.0380519,4208,0,0.1,0,0.00833333,0.0455396,4208,0,0.1,0,0,0.1,0,0.017094,0.0496822,8416,0,0.1,0,0.123077,0.0154479,67328,0.128205,0.0648578,63120,0.0512821,0.0469059,25248,0.192308,0.0220786,105200,0.025641,0.0972445,12624,0,0.1,0,0.169231,0.0154067,92576,0.169231,0.0320994,92576
20.3,0,0.1,0,0,0.1,0,0,0.1,0,0,0.1,0,0,0.1,0,0.0185185,0.0496822,8416,0,0.1,0,0.141667,0.0196444,71536,0.138889,0.0648578,63120,0.0555556,0.0469059,25248,0.176923,0.0215083,96784,0.017094,0.126624,8416,0,0.1,0,0.161538,0.0157431,88368,0.169231,0.0312185,92576
20.4,0,0.1,0,0,0.1,0,0,0.1,0,0,0.1,0,0,0.1,0,0.017094,0.0496822,8416,0.0175439,0.0322274,4208,0.130769,0.0196444,71536,0.102564,0.0590722,50496,0.0512821,0.0469059,25248,0.191667,0.0215083,96784,0.0185185,0.126624,8416,0,0.1,0,0.158333,0.0152517,79952,0.175,0.0311907,88368
20.5,0,0.1,0,0,0.1,0,0,0.1,0,0,0.1,0,0.00833333,0.0649166,4208,0.017094,0.0496822,8416,0.016129,0.0322274,4208,0.146154,0.0184906,79952,0.102564,0.0590722,50496,0.0512821,0.0522166,25248,0.161538,0.0214635,88368,0.017094,0.126624,8416,0,0.1,0,0.153846,0.0161892,84160,0.161538,0.0287315,88368
20.6,0,0.1,0,0,0.1,0,0,0.1,0,0,0.1,0,0.0153846,0.069222,8416,0.00925926,0.0415166,4208,0.0517241,0.0245699,12624,0.15,0.0191364,75744,0.101852,0.0558119,46288,0.0555556,0.0522166,25248,0.153846,0.0224052,84160,0.017094,0.126624,8416,0,0.1,0,0.153846,0.0171308,84160,0.169231,0.0280115,92576
20.7,0,0.1,0,0,0.1,0,0,0.1,0,0,0.1,0,0.0230769,0.0850422,12624,0.00854701,0.0415166,4208,0.0447761,0.0245699,12624,0.169231,0.0190566,92576,0.119658,0.0530017,58912,0.0512821,0.0522166,25248,0.183333,0.0220857,92576,0.0185185,0.126624,8416,0,0.1,0,0.158333,0.0176162,79952,0.183333,0.0280115,92576
20.8,0.0166667,0.0630068,8416,0,0.1,0,0,0.1,0,0,0.1,0,0.0333333,0.11793,16832,0.00854701,0.0415166,4208,0.0416667,0.0245699,12624,0.161538,0.0174919,88368,0.111111,0.0545765,54704,0.042735,0.0473087,21040,0.153846,0.023162,84160,0.017094,0.126624,8416,0,0.1,0,0.153846,0.0181784,84160,0.169231,0.0280115,92576
20.9,0.0153846,0.0630068,8416,0,0.1,0,0,0.1,0,0,0.1,0,0.0538462,0.158962,29456,0.00925926,0.0415166,4208,0.0441176,0.0245699,12624,0.166667,0.0197584,84160,0.111111,0.0619114,50496,0.0462963,0.0473087,21040,0.138462,0.0228451,75744,0.017094,0.126624,8416,0,0.1,0,0.153846,0.019605,84160,0.176923,0.0280417,96784
21,0.0153846,0.0630068,8416,0,0.1,0,0,0.1,0,0,0.1,0,0.0692308,0.17124,37872,0.00854701,0.0415166,4208,0.038961,0.0245699,12624,0.161538,0.020428,88368,0.111111,0.0599933,54704,0.0512821,0.054372,25248,0.15,0.0261627,75744,0.0185185,0.126624,8416,0,0.1,0,0.166667,0.0205762,84160,0.191667,0.0297921,96784
21.1,0.0166667,0.0630068,8416,0,0.1,0,0,0.1,0,0,0.1,0,0.108333,0.191412,54704,0.00854701,0.0415166,4208,0.0487805,0.0943328,16832,0.146154,0.0212137,79952,0.0940171,0.0638688,46288,0.0512821,0.054372,25248,0.138462,0.026391,75744,0.017094,0.126624,8416,0,0.1,0,0.153846,0.0205762,84160,0.176923,0.0284423,96784
21.2,0.0153846,0.0630068,8416,0,0.1,0,0,0.1,0,0,0.1,0,0.115385,0.18954,63120,0.00925926,0.0415166,4208,0.0512821,0.0943328,16832,0.15,0.0243117,75744,0.101852,0.0638688,46288,0.0555556,0.054372,25248,0.115385,0.0281105,63120,0.00854701,0.242791,4208,0,0.1,0,0.138462,0.0218077,75744,0.176923,0.0285076,96784
21.3,0.0153846,0.0630068,8416,0,0.1,0,0,0.1,0,0,0.1,0,0.130769,0.187413,71536,0.00854701,0.0415166,4208,0.045977,0.0943328,16832,0.153846,0.0277561,84160,0.102564,0.0592327,50496,0.0512821,0.054372,25248,0.125,0.0281105,63120,0.00925926,0.242791,4208,0,0.1,0,0.15,0.0218077,75744,0.175,0.0292551,88368
21.4,0.0166667,0.0630068,8416,0,0.1,0,0,0.1,0,0,0.1,0,0.175,0.187938,88368,0.00854701,0.0415166,4208,0.0434783,0.0943328,16832,0.138462,0.0270508,75744,0.102564,0.0615733,50496,0.0512821,0.054372,25248,0.107692,0.0286381,58912,0.00854701,0.242791,4208,0,0.1,0,0.146154,0.0182166,79952,0.184615,0.0301531,100992
21.5,0.0153846,0.0630068,8416,0,0.1,0,0,0.1,0,0,0.1,0,0.192308,0.193892,105200,0.00925926,0.0415166,4208,0.0568182,0.117812,21040,0.15,0.0270508,75744,0.111111,0.0615733,50496,0.0648148,0.0537122,29456,0.107692,0.0335515,58912,0.00854701,0.242791,4208,0,0.1,0,0.153846,0.0177857,84160,0.176923,0.0287943,96784
21.6,0.0230769,0.07578,12624,0,0.1,0,0,0.1,0,0,0.1,0,0.2,0.191927,109408,0.00847458,0.0415166,4208,0.0510204,0.117812,21040,0.146154,0.0260284,79952,0.101695,0.0615733,50496,0.0508475,0.0502676,25248,0.133333,0.0322093,67328,0,0.1,0,0,0.1,0,0.141667,0.0183081,71536,0.183333,0.0299997,92576
21.7,0.025,0.07578,12624,0,0.1,0,0,0.1,0,0,0.1,0,0.216667,0.191927,109408,0.00840336,0.0415166,4208,0.0576923,0.144786,25248,0.146154,0.0266298,79952,0.092437,0.0489373,46288,0.0420168,0.0513665,21040,0.123077,0.0320343,67328,0,0.1,0,0,0.1,0,0.130769,0.0183081,71536,0.176923,0.0289847,96784
21.8,0.0230769,0.07578,12624,0,0.1,0,0,0.1,0,0,0.1,0,0.2,0.191927,109408,0.00909091,0.0415166,4208,0.06,0.144786,25248,0.141667,0.0302674,71536,0.1,0.0489373,46288,0.0454545,0.0513665,21040,0.107692,0.0299885,58912,0,0.1,0,0,0.1,0,0.1,0.021202,54704,0.161538,0.0294181,88368
21.9,0.0307692,0.0727047,16832,0,0.1,0,0,0.1,0,0,0.1,0,0.215385,0.192996,117824,0,0.1,0,0.0545455,0.144786,25248,0.153846,0.0298312,84160,0.0916667,0.0444833,46288,0.0416667,0.0513665,21040,0.133333,0.029127,67328,0,0.1,0,0,0.1,0,0.108333,0.021202,54704,0.158333,0.0305152,79952
22,0.0333333,0.0727047,16832,0,0.1,0,0,0.1,0,0,0.1,0,0.241667,0.189461,122032,0,0.1,0,0.0603448,0.160004,29456,0.161538,0.0304664,88368,0.0909091,0.0444833,46288,0.0495868,0.046413,25248,0.130769,0.0281745,71536,0,0.1,0,0,0.1,0,0.1,0.0188038,54704,0.153846,0.0295486,84160
22.1,0.0307692,0.0727047,16832,0,0.1,0,0,0.1,0,0,0.1,0,0.223077,0.189461,122032,0.00892857,0.0724251,4208,0.0892857,0.158618,42080,0.175,0.0304664,88368,0.0982143,0.0444833,46288,0.0446429,0.0626426,21040,0.115385,0.0289302,63120,0,0.1,0,0,0.1,0,0.0846154,0.0177992,46288,0.153846,0.0293509,84160
22.2,0.0307692,0.0727047,16832,0,0.1,0,0,0.1,0,0,0.1,0,0.238462,0.186027,130448,0.00819672,0.0724251,4208,0.0819672,0.158618,42080,0.169231,0.0254611,92576,0.0983607,0.0414853,50496,0.0491803,0.0540105,25248,0.141667,0.0316734,71536,0,0.1,0,0,0.1,0,0.0916667,0.0177992,46288,0.141667,0.030392,71536
22.3,0.0333333,0.0727047,16832,0,0.1,0,0,0.1,0,0,0.1,0,0.266667,0.184293,134656,0.00813008,0.0724251,4208,0.0813008,0.179686,42080,0.169231,0.0254611,92576,0.097561,0.0414853,50496,0.0487805,0.0540105,25248,0.130769,0.0316734,71536,0,0.1,0,0,0.1,0,0.0846154,0.0177992,46288,0.161538,0.0346289,88368
22.4,0.0307692,0.0727047,16832,0,0.1,0,0,0.1,0,0,0.1,0,0.253846,0.187209,138864,0.00877193,0.0724251,4208,0.0877193,0.179686,42080,0.175,0.0271766,88368,0.122807,0.0459441,58912,0.0438596,0.0454571,21040,0.130769,0.0316734,71536,0,0.1,0,0,0.1,0,0.107692,0.0153033,58912,0.161538,0.0337432,88368
22.5,0.0384615,0.0770674,21040,0,0.1,0,0,0.1,0,0,0.1,0,0.246154,0.190761,134656,0.00806452,0.0724251,4208,0.0887097,0.190453,46288,0.176923,0.0297486,96784,0.120968,0.0439961,63120,0.0403226,0.0454571,21040,0.15,0.0326641,75744,0,0.1,0,0,0.1,0,0.108333,0.0138957,54704,0.166667,0.0347857,84160
22.6,0.05,0.0808138,25248,0,0.1,0,0,0.1,0,0,0.1,0,0.266667,0.189152,134656,0.008,0.0724251,4208,0.088,0.190453,46288,0.161538,0.0309865,88368,0.104,0.0484717,54704,0.04,0.0454571,21040,0.130769,0.0346894,71536,0,0.1,0,0,0.1,0,0.115385,0.0159556,63120,0.169231,0.0353953,92576
22.7,0.0384615,0.0759563,21040,0,0.1,0,0,0.1,0,0,0.1,0,0.238462,0.188267,130448,0.0172414,0.044447,8416,0.0948276,0.190453,46288,0.183333,0.0311316,92576,0.112069,0.0484717,54704,0.0431034,0.0454571,21040,0.130769,0.0346894,71536,0,0.1,0,0,0.1,0,0.115385,0.0158121,63120,0.176923,0.034385,96784
22.8,0.0384615,0.0759563,21040,0,0.1,0,0,0.1,0,0,0.1,0,0.223077,0.329048,122032,0.0238095,0.0313879,12624,0.0952381,0.191995,50496,0.176923,0.031299,96784,0.0952381,0.0453755,50496,0.0396825,0.0454571,21040,0.141667,0.0346894,71536,0,0.1,0,0,0.1,0,0.108333,0.0153006,54704,0.175,0.0343858,88368
22.9,0.0583333,0.0909008,29456,0,0.1,0,0,0.1,0,0,0.1,0,0.225,0.337555,113616,0.023622,0.0313879,12624,0.0944882,0.191995,50496,0.184615,0.0296398,100992,0.0944882,0.0502184,50496,0.0314961,0.0343992,16832,0.130769,0.032483,71536,0,0.1,0,0,0.1,0,0.107692,0.0141947,58912,0.146154,0.0327649,79952
23,0.0615385,0.0989368,33664,0,0.1,0,0,0.1,0,0,0.1,0,0.184615,0.346736,100992,0.0423729,0.0297591,21040,0.101695,0.181885,50496,0.2,0.0296398,100992,0.101695,0.0515655,50496,0.0338983,0.0343992,16832,0.123077,0.0337551,67328,0,0.1,0,0,0.1,0,0.123077,0.0133618,67328,0.161538,0.0308947,88368
23.1,0.0692308,0.112462,37872,0,0.1,0,0,0.1,0,0,0.1,0,0.169231,0.362133,92576,0.0390625,0.0297591,21040,0.09375,0.181885,50496,0.184615,0.0300098,100992,0.09375,0.0515655,50496,0.03125,0.0343992,16832,0.15,0.0347135,75744,0,0.1,0,0,0.1,0,0.133333,0.0133618,67328,0.166667,0.0317226,84160
23.2,0.075,0.112462,37872,0,0.1,0,0,0.1,0,0,0.1,0,0.166667,0.3812,84160,0.0387597,0.0297591,21040,0.100775,0.175241,54704,0.176923,0.0274436,96784,0.0930233,0.0525494,50496,0.0310078,0.0343992,16832,0.146154,0.0331719,79952,0,0.1,0,0,0.1,0,0.123077,0.0133618,67328,0.169231,0.0307445,92576
23.3,0.0769231,0.11666,42080,0,0.1,0,0,0.1,0,0,0.1,0,0.123077,0.428958,67328,0.0583333,0.0274193,29456,0.108333,0.175241,54704,0.216667,0.0316176,109408,0.0916667,0.0498022,46288,0.0333333,0.0343992,16832,0.138462,0.0340793,75744,0,0.1,0,0,0.1,0,0.130769,0.0159976,71536,0.153846,0.0292583,84160
23.4,0.0923077,0.119071,50496,0,0.1,0,0,0.1,0,0,0.1,0,0.0923077,0.496894,50496,0.0538462,0.0274193,29456,0.0923077,0.1722,50496,0.230769,0.030742,126240,0.1,0.058927,54704,0.0230769,0.0292813,12624,0.15,0.0294713,75744,0,0.1,0,0,0.1,0,0.133333,0.0163976,67328,0.166667,0.0306473,84160
23.5,0.1,0.118282,50496,0,0.1,0,0,0.1,0,0,0.1,0,0.1,0.494868,50496,0.0538462,0.0274193,29456,0.107692,0.182095,58912,0.223077,0.0315392,122032,0.107692,0.0647342,58912,0.0230769,0.0292813,12624,0.130769,0.0298351,71536,0,0.1,0,0,0.1,0,0.123077,0.0163976,67328,0.169231,0.0284744,92576
23.6,0.0923077,0.118282,50496,0,0.1,0,0,0.1,0,0,0.1,0,0.0923077,0.494868,50496,0.0666667,0.0281473,33664,0.116667,0.169937,58912,0.266667,0.0331543,134656,0.125,0.0734141,63120,0.025,0.0292813,12624,0.123077,0.0312104,67328,0,0.1,0,0,0.1,0,0.130769,0.0172281,71536,0.176923,0.0283089,96784
23.7,0.0923077,0.118282,50496,0,0.1,0,0,0.1,0,0,0.1,0,0.0923077,0.494868,50496,0.0615385,0.0281473,33664,0.123077,0.166784,67328,0.246154,0.0339658,134656,0.123077,0.0780237,67328,0.0230769,0.0292813,12624,0.133333,0.0312104,67328,0,0.1,0,0,0.1,0,0.133333,0.0180636,67328,0.183333,0.0283917,92576
23.8,0.0916667,0.123264,46288,0,0.1,0,0,0.1,0,0,0.1,0,0.0833333,0.552464,42080,0.0615385,0.0281473,33664,0.123077,0.166784,67328,0.238462,0.033421,130448,0.115385,0.0912712,63120,0.0230769,0.0292813,12624,0.107692,0.0323694,58912,0,0.1,0,0,0.1,0,0.130769,0.0182378,71536,0.176923,0.0300504,96784
23.9,0.0923077,0.115156,50496,0,0.1,0,0,0.1,0,0,0.1,0,0.0692308,0.603795,37872,0.075,0.0303802,37872,0.141667,0.183545,71536,0.241667,0.0355459,122032,0.125,0.0912712,63120,0.0166667,0.0330992,8416,0.0769231,0.0353086,42080,0,0.1,0,0,0.1,0,0.130769,0.0184523,71536,0.192308,0.0276286,105200
24,0.1,0.112935,54704,0,0.1,0,0,0.1,0,0,0.1,0,0.0769231,0.575497,42080,0.0615385,0.0251245,33664,0.123077,0.191386,67328,0.238462,0.0368278,130448,0.123077,0.0906293,67328,0.00769231,0.01085,4208,0.1,0.0315091,50496,0,0.1,0,0,0.1,0,0.141667,0.0184523,71536,0.2,0.0278425,100992
24.1,0.108333,0.112935,54704,0,0.1,0,0,0.1,0,0,0.1,0,0.0666667,0.685315,33664,0.0615385,0.0251245,33664,0.146154,0.216018,79952,0.238462,0.0369727,130448,0.123077,0.0903135,67328,0,0.1,0,0.0846154,0.0275355,46288,0,0.1,0,0,0.1,0,0.138462,0.0186566,75744,0.207692,0.0256845,113616
24.2,0.115385,0.115768,63120,0,0.1,0,0,0.1,0,0,0.1,0,0.0538462,0.764566,29456,0.075,0.0276691,37872,0.158333,0.207621,79952,0.266667,0.0370489,134656,0.141667,0.0883811,71536,0,0.1,0,0.0846154,0.0275355,46288,0,0.1,0,0,0.1,0,0.138462,0.0186566,75744,0.192308,0.0214862,105200
24.3,0.123077,0.115633,67328,0,0.1,0,0,0.1,0,0,0.1,0,0.0384615,1.00131,21040,0.0692308,0.0276691,37872,0.161538,0.210616,88368,0.238462,0.0373431,130448,0.130769,0.0840619,71536,0,0.1,0,0.108333,0.0278138,54704,0,0.1,0,0,0.1,0,0.116667,0.0202402,58912,0.2,0.0211966,100992
24.4,0.125,0.117041,63120,0,0.1,0,0,0.1,0,0,0.1,0,0.0416667,1.00131,21040,0.0769231,0.0255096,42080,0.146154,0.215619,79952,0.223077,0.0360043,122032,0.130769,0.0844265,71536,0,0.1,0,0.1,0.0273897,54704,0,0.1,0,0,0.1,0,0.115385,0.0195056,63120,0.2,0.0198837,109408
24.5,0.115385,0.111312,63120,0,0.1,0,0,0.1,0,0,0.1,0,0.0384615,1.06231,21040,0.0833333,0.0255096,42080,0.158333,0.215619,79952,0.225,0.0371421,113616,0.133333,0.0835605,67328,0,0.1,0,0.0923077,0.0263767,50496,0,0.1,0,0,0.1,0,0.1,0.0179918,54704,0.2,0.0193427,109408
24.6,0.107692,0.117769,58912,0,0.1,0,0,0.1,0,0,0.1,0,0.0384615,1.06231,21040,0.0692308,0.0265141,37872,0.161538,0.198186,88368,0.2,0.0372561,109408,0.130769,0.0795517,71536,0,0.1,0,0.116667,0.0329552,58912,0,0.1,0,0,0.1,0,0.108333,0.020173,54704,0.208333,0.0196301,105200
24.7,0.116667,0.117769,58912,0,0.1,0,0.03125,0.0600908,12624,0,0.1,0,0.0583333,0.312868,29456,0.0615385,0.0291697,33664,0.153846,0.197648,84160,0.184615,0.0366632,100992,0.138462,0.076669,75744,0,0.1,0,0.115385,0.0378731,63120,0,0.1,0,0,0.1,0,0.115385,0.0201639,63120,0.215385,0.0208802,117824
24.8,0.0923077,0.11602,50496,0,0.1,0,0.0576923,0.0478594,25248,0,0.1,0,0.0692308,0.281435,37872,0.0666667,0.0291697,33664,0.183333,0.184053,92576,0.183333,0.0388463,92576,0.141667,0.0755854,71536,0,0.1,0,0.107692,0.0387958,58912,0,0.1,0,0,0.1,0,0.1,0.0207218,54704,0.215385,0.0208802,117824
24.9,0.0923077,0.108784,50496,0,0.1,0,0.0673077,0.0525814,29456,0,0.1,0,0.0769231,0.266869,42080,0.0538462,0.0284954,29456,0.176923,0.168518,96784,0.169231,0.0388463,92576,0.130769,0.071517,71536,0,0.1,0,0.133333,0.0497059,67328,0,0.1,0,0,0.1,0,0.0916667,0.02312,46288,0.208333,0.0230307,105200
25,0.108333,0.093556,54704,0,0.1,0,0.104167,0.053852,42080,0,0.1,0,0.1,0.238961,50496,0.0538462,0.0284954,29456,0.176923,0.168518,96784,0.161538,0.0377043,88368,0.130769,0.071517,71536,0,0.1,0,0.115385,0.0480088,63120,0,0.1,0,0,0.1,0,0.0923077,0.0224343,50496,0.2,0.0224479,109408
25.1,0.1,0.093556,54704,0,0.1,0,0.125,0.0496053,54704,0,0.1,0,0.1,0.226698,54704,0.0583333,0.0284954,29456,0.208333,0.155896,105200,0.166667,0.0381656,84160,0.133333,0.0747343,67328,0,0.1,0,0.123077,0.0541789,67328,0,0.1,0,0,0.1,0,0.1,0.0235445,54704,0.184615,0.0225716,100992
25.2,0.0923077,0.0884822,50496,0,0.1,0,0.125,0.0496053,54704,0,0.1,0,0.115385,0.205053,63120,0.0461538,0.028772,25248,0.192308,0.155896,105200,0.130769,0.033674,71536,0.138462,0.0665983,75744,0,0.1,0,0.141667,0.0540938,71536,0,0.1,0,0,0.1,0,0.0833333,0.0238982,42080,0.191667,0.0227658,96784
25.3,0.0916667,0.0748069,46288,0,0.1,0,0.15625,0.0517684,63120,0,0.1,0,0.133333,0.195489,67328,0.0461538,0.028772,25248,0.192308,0.155896,105200,0.1,0.0363272,54704,0.138462,0.0549356,75744,0,0.1,0,0.130769,0.0556772,71536,0,0.1,0,0,0.1,0,0.0769231,0.0238982,42080,0.184615,0.0214271,100992
25.4,0.0923077,0.0671666,50496,0,0.1,0,0.153846,0.0489668,67328,0,0.1,0,0.123077,0.193512,67328,0.0666667,0.0255213,33664,0.191667,0.148455,96784,0.108333,0.0363272,54704,0.141667,0.0499184,71536,0,0.1,0,0.123077,0.0577607,67328,0,0.1,0,0,0.1,0,0.0769231,0.0238982,42080,0.169231,0.0227619,92576
25.5,0.0923077,0.0671666,50496,0,0.1,0,0.153846,0.0489668,67328,0,0.1,0,0.130769,0.183405,71536,0.0615385,0.0227347,33664,0.169231,0.150229,92576,0.0692308,0.0337297,37872,0.130769,0.0412895,71536,0,0.1,0,0.133333,0.0577607,67328,0,0.1,0,0,0.1,0,0.1,0.0320407,50496,0.183333,0.0253414,92576
25.6,0.108333,0.0673121,54704,0,0.1,0,0.166667,0.0489668,67328,0,0.1,0,0.15,0.176995,75744,0.0615385,0.0227347,33664,0.161538,0.14369,88368,0.0615385,0.030157,33664,0.123077,0.0346721,67328,0,0.1,0,0.130769,0.0558449,71536,0,0.1,0,0,0.1,0,0.1,0.0301391,54704,0.192308,0.0290949,105200
25.7,0.107692,0.0700714,58912,0,0.1,0,0.182692,0.0438925,79952,0,0.1,0,0.153846,0.162289,84160,0.0666667,0.0227347,33664,0.175,0.14369,88368,0.05,0.0350059,25248,0.133333,0.0271917,67328,0,0.1,0,0.138462,0.0586732,75744,0,0.1,0,0,0.1,0,0.0923077,0.0308986,50496,0.2,0.030584,109408
25.8,0.1,0.0734639,54704,0,0.1,0,0.182692,0.0438925,79952,0,0.1,0,0.169231,0.149726,92576,0.0692308,0.0188584,37872,0.176923,0.107526,96784,0.0384615,0.0323744,21040,0.146154,0.0248434,79952,0,0.1,0,0.183333,0.0562984,92576,0,0.1,0,0,0.1,0,0.108333,0.0346222,54704,0.191667,0.0341063,96784
25.9,0.1,0.0723956,50496,0,0.1,0,0.21875,0.0432053,88368,0,0.1,0,0.175,0.141579,88368,0.0692308,0.0188584,37872,0.161538,0.0983347,88368,0.0230769,0.0170141,12624,0.146154,0.0206747,79952,0,0.1,0,0.161538,0.0592405,88368,0,0.1,0,0,0.1,0,0.123077,0.0318245,67328,0.2,0.0334202,109408
26,0.0923077,0.0723956,50496,0,0.1,0,0.230769,0.0400084,100992,0,0.1,0,0.169231,0.136564,92576,0.0833333,0.0189403,42080,0.175,0.0533562,88368,0.00833333,0.0394116,4208,0.15,0.0216314,75744,0,0.1,0,0.153846,0.0607387,84160,0,0.1,0,0,0.1,0,0.138462,0.0302536,75744,0.2,0.0336747,109408
26.1,0.0769231,0.0600386,42080,0,0.1,0,0.25,0.0378944,109408,0,0.1,0,0.169231,0.136564,92576,0.0692308,0.0157086,37872,0.176923,0.0496686,96784,0,0.1,0,0.138462,0.0197197,75744,0,0.1,0,0.175,0.0605566,88368,0,0.1,0,0,0.1,0,0.15,0.0302536,75744,0.2,0.0342218,100992
26.2,0.075,0.054086,37872,0,0.1,0,0.270833,0.0378944,109408,0,0.1,0,0.183333,0.136564,92576,0.0692308,0.0157086,37872,0.161538,0.0316306,88368,0,0.1,0,0.123077,0.0176867,67328,0,0.1,0,0.161538,0.0597266,88368,0,0.1,0,0,0.1,0,0.169231,0.0310007,92576,0.2,0.0329211,109408
26.3,0.0846154,0.0608666,46288,0,0.1,0,0.288462,0.0343575,126240,0,0.1,0,0.184615,0.138306,100992,0.075,0.0157257,37872,0.166667,0.0325408,84160,0,0.1,0,0.125,0.0173376,63120,0,0.1,0,0.161538,0.0610723,88368,0,0.1,0,0,0.1,0,0.169231,0.0315124,92576,0.192308,0.0343263,105200
26.4,0.0846154,0.0676396,46288,0,0.1,0,0.298077,0.0341052,130448,0,0.1,0,0.2,0.122651,109408,0.0692308,0.0157257,37872,0.153846,0.0325408,84160,0,0.1,0,0.115385,0.0173376,63120,0,0.1,0,0.175,0.0610723,88368,0,0.1,0,0,0.1,0,0.183333,0.0315124,92576,0.2,0.0363728,100992
26.5,0.1,0.0701051,50496,0,0.1,0,0.34375,0.0368249,138864,0,0.1,0,0.233333,0.118421,117824,0.0692308,0.0157257,37872,0.138462,0.0325369,75744,0,0.1,0,0.115385,0.0167185,63120,0,0.1,0,0.146154,0.0598771,79952,0,0.1,0,0,0.1,0,0.169231,0.0323896,92576,0.207692,0.0368598,113616
26.6,0.115385,0.0810208,63120,0,0.1,0,0.320755,0.0334398,143072,0.00952381,2.10653,4208,0.192308,0.0836067,105200,0.075,0.0157257,37872,0.15,0.0325369,75744,0,0.1,0,0.116667,0.0159367,58912,0,0.1,0,0.138462,0.0572745,75744,0,0.1,0,0,0.1,0,0.161538,0.0329992,88368,0.184615,0.0375551,100992
26.7,0.115385,0.0810208,63120,0,0.1,0,0.324074,0.0309055,147280,0.00943396,2.10653,4208,0.184615,0.0778798,100992,0.0692308,0.0157257,37872,0.130769,0.0290863,71536,0,0.1,0,0.123077,0.0177349,67328,0,0.1,0,0.15,0.0572745,75744,0,0.1,0,0,0.1,0,0.191667,0.0351621,96784,0.225,0.0415579,113616
26.8,0.116667,0.081925,58912,0,0.1,0,0.35,0.0297203,147280,0.0102041,2.10653,4208,0.191667,0.0710797,96784,0.0615385,0.0150986,33664,0.115385,0.0323616,63120,0,0.1,0,0.123077,0.0156828,67328,0,0.1,0,0.123077,0.0486742,67328,0,0.1,0,0,0.1,0,0.184615,0.035901,100992,0.223077,0.0415177,122032
26.9,0.0923077,0.0846227,50496,0,0.1,0,0.318182,0.0278909,147280,0.00934579,2.10653,4208,0.184615,0.0657764,100992,0.0666667,0.0150986,33664,0.133333,0.0321764,67328,0,0.1,0,0.141667,0.016782,71536,0,0.1,0,0.115385,0.0512793,63120,0,0.1,0,0,0.1,0,0.176923,0.0368145,96784,0.230769,0.0421549,126240
27,0.0923077,0.0846227,50496,0,0.1,0,0.294643,0.0271694,138864,0.00925926,2.10653,4208,0.184615,0.0629408,100992,0.0615385,0.0150986,33664,0.1,0.0306009,54704,0,0.1,0,0.130769,0.016782,71536,0,0.1,0,0.108333,0.0474644,54704,0,0.1,0,0,0.1,0,0.191667,0.0381669,96784,0.25,0.0421549,126240
27.1,0.1,0.0846227,50496,0,0.1,0,0.346154,0.0280874,151488,0.01,2.10653,4208,0.183333,0.0628119,92576,0.0538462,0.0149265,29456,0.115385,0.031614,63120,0,0.1,0,0.123077,0.0177365,67328,0,0.1,0,0.0923077,0.0470253,50496,0,0.1,0,0,0.1,0,0.184615,0.0372329,100992,0.238462,0.0427726,130448
27.2,0.0846154,0.0901939,46288,0,0.1,0,0.342105,0.0250582,164112,0.00917431,2.10653,4208,0.176923,0.0616695,96784,0.0583333,0.0149265,29456,0.133333,0.0331076,67328,0,0.1,0,0.116667,0.0196775,58912,0,0.1,0,0.0846154,0.0468477,46288,0,0.1,0,0,0.1,0,0.192308,0.0371298,105200,0.230769,0.0438086,126240
27.3,0.0692308,0.101905,37872,0,0.1,0,0.336207,0.0251862,164112,0.00909091,2.10653,4208,0.169231,0.0605237,92576,0.0461538,0.0131155,25248,0.130769,0.0345652,71536,0,0.1,0,0.123077,0.0207226,67328,0,0.1,0,0.0916667,0.0468477,46288,0,0.1,0,0,0.1,0,0.225,0.0375616,113616,0.25,0.0438086,126240
27.4,0.075,0.101905,37872,0,0.1,0,0.361111,0.0251862,164112,0.00980392,2.10653,4208,0.191667,0.0625186,96784,0.0384615,0.0135484,21040,0.138462,0.0362478,75744,0,0.1,0,0.115385,0.0186492,63120,0,0.1,0,0.0846154,0.0468477,46288,0,0.1,0,0,0.1,0,0.2,0.0343168,109408,0.215385,0.0437923,117824
27.5,0.0615385,0.106011,33664,0,0.1,0,0.338983,0.0247431,168320,0.00900901,2.10653,4208,0.2,0.0617833,109408,0.05,0.0140822,25248,0.158333,0.0382998,79952,0,0.1,0,0.125,0.0186492,63120,0,0.1,0,0.0769231,0.0490134,42080,0,0.1,0,0,0.1,0,0.207692,0.0342785,113616,0.2,0.0413582,109408
27.6,0.0538462,0.106021,29456,0,0.1,0,0.333333,0.0247667,168320,0.00892857,2.10653,4208,0.184615,0.0644376,100992,0.0615385,0.015132,33664,0.153846,0.0368226,84160,0,0.1,0,0.115385,0.0167062,63120,0,0.1,0,0.075,0.0425976,37872,0,0.1,0,0,0.1,0,0.225,0.0342785,113616,0.216667,0.0400964,109408
27.7,0.0583333,0.106021,29456,0,0.1,0,0.375,0.0249559,176736,0.00961538,2.10653,4208,0.2,0.0673368,100992,0.0461538,0.0141608,25248,0.123077,0.0361134,67328,0,0.1,0,0.1,0.0185144,54704,0,0.1,0,0.0384615,0.0401865,21040,0,0.1,0,0,0.1,0,0.207692,0.0332101,113616,0.215385,0.0399582,117824
27.8,0.0538462,0.106021,29456,0,0.1,0,0.344262,0.0257995,176736,0.00884956,2.10653,4208,0.192308,0.0662495,105200,0.0583333,0.0141618,29456,0.141667,0.0358843,71536,0,0.1,0,0.1,0.0199076,50496,0,0.1,0,0.0307692,0.0426059,16832,0,0.1,0,0,0.1,0,0.184615,0.0348988,100992,0.2,0.0407654,109408
27.9,0.0538462,0.106021,29456,0,0.1,0,0.330645,0.0296396,172528,0.00877193,2.10653,4208,0.2,0.0697235,109408,0.0461538,0.0132426,25248,0.123077,0.036413,67328,0,0.1,0,0.1,0.0214075,54704,0,0.1,0,0.0333333,0.0426059,16832,0,0.1,0,0,0.1,0,0.183333,0.0370153,92576,0.2,0.0470419,100992
28,0.0583333,0.106021,29456,0,0.1,0,0.362069,0.0318638,176736,0.00943396,2.10653,4208,0.233333,0.0704383,117824,0.0538462,0.0122264,29456,0.115385,0.0367055,63120,0,0.1,0,0.0923077,0.0212705,50496,0,0.1,0,0.0230769,0.0378365,12624,0,0.1,0,0,0.1,0,0.184615,0.0355452,100992,0.192308,0.0484584,105200
28.1,0.0538462,0.106021,29456,0,0.1,0,0.357143,0.0303754,189360,0.00869565,2.10653,4208,0.246154,0.0771836,134656,0.0583333,0.0122264,29456,0.133333,0.0356061,67328,0,0.1,0,0.1,0.0212705,50496,0,0.1,0,0.00769231,0.0722505,4208,0,0.1,0,0,0.1,0,0.169231,0.0345965,92576,0.184615,0.0559108,100992
28.2,0.0384615,0.111878,21040,0,0.1,0,0.335938,0.0317439,180944,0.00862069,2.10653,4208,0.253846,0.0696583,138864,0.0692308,0.0126531,37872,0.138462,0.0364529,75744,0,0.1,0,0.107692,0.022335,58912,0,0.1,0,0,0.1,0,0,0.1,0,0,0.1,0,0.175,0.0352687,88368,0.216667,0.063703,109408
28.3,0.0333333,0.117819,16832,0,0.1,0,0.366667,0.032512,185152,0.00925926,2.10653,4208,0.25,0.06863,126240,0.0692308,0.0126531,37872,0.146154,0.0351938,79952,0,0.1,0,0.123077,0.0232718,67328,0,0.1,0,0,0.1,0,0,0.1,0,0,0.1,0,0.184615,0.0311529,100992,0.207692,0.0635382,113616
28.4,0.0230769,0.124684,12624,0,0.1,0,0.330769,0.0301241,180944,0.00854701,2.10653,4208,0.261538,0.0629415,143072,0.0833333,0.0128251,42080,0.175,0.036074,88368,0,0.1,0,0.125,0.0244151,63120,0,0.1,0,0,0.1,0,0,0.1,0,0,0.1,0,0.2,0.0291271,109408,0.192308,0.0676317,105200
28.5,0,0.1,0,0,0.1,0,0.307692,0.031786,168320,0,0.1,0,0.276923,0.0601133,151488,0.0769231,0.0128251,42080,0.176923,0.0352578,96784,0,0.1,0,0.123077,0.0244798,67328,0,0.1,0,0.00833333,0.0207751,4208,0,0.1,0,0,0.1,0,0.216667,0.0304806,109408,0.225,0.0671479,113616
28.6,0.025,0.0470571,12624,0.00925926,0.0214945,4208,0.325,0.0364648,164112,0,0.1,0,0.308333,0.0602224,155696,0.0769231,0.0128251,42080,0.169231,0.0366324,92576,0.00854701,0.0998506,4208,0.115385,0.02377,63120,0,0.1,0,0.00769231,0.0207751,4208,0,0.1,0,0,0.1,0,0.2,0.0275713,109408,0.207692,0.0632068,113616
28.7,0.0461538,0.0575039,25248,0.025641,0.0246511,12624,0.307692,0.0389583,168320,0,0.1,0,0.3,0.0624348,164112,0.1,0.0191452,50496,0.191667,0.0364696,96784,0.00925926,0.0998506,4208,0.116667,0.02488,58912,0,0.1,0,0.00769231,0.0207751,4208,0,0.1,0,0,0.1,0,0.207692,0.0259187,113616,0.192308,0.0630093,105200
28.8,0.0615385,0.061195,33664,0.025641,0.0246511,12624,0.3,0.0450069,164112,0,0.1,0,0.330769,0.0648258,180944,0.0923077,0.0191452,50496,0.176923,0.037589,96784,0.00854701,0.0998506,4208,0.107692,0.0238626,58912,0,0.1,0,0.0166667,0.104168,8416,0,0.1,0,0,0.1,0,0.241667,0.0274579,122032,0.191667,0.0655096,96784
28.9,0.075,0.0605368,37872,0.037037,0.036556,16832,0.333333,0.0466981,168320,0,0.1,0,0.366667,0.0662318,185152,0.0923077,0.0191452,50496,0.184615,0.0364492,100992,0.00854701,0.0998506,4208,0.107692,0.0238626,58912,0,0.1,0,0.0153846,0.104168,8416,0,0.1,0,0,0.1,0,0.238462,0.0283986,130448,0.2,0.0649324,109408
29,0.0692308,0.0605368,37872,0.034188,0.036556,16832,0.292308,0.0507036,159904,0,0.1,0,0.361538,0.064869,197776,0.1,0.0191452,50496,0.183333,0.0362901,92576,0.00925926,0.0998506,4208,0.116667,0.0265881,58912,0,0.1,0,0.0153846,0.104168,8416,0,0.1,0,0,0.1,0,0.246154,0.028846,134656,0.2,0.0634751,109408
29.1,0.0769231,0.0608453,42080,0.034188,0.036556,16832,0.292308,0.0600068,159904,0,0.1,0,0.369231,0.067201,201984,0.115385,0.0221732,63120,0.161538,0.0353749,88368,0.00854701,0.0998506,4208,0.115385,0.030416,63120,0,0.1,0,0.0166667,0.104168,8416,0,0.1,0,0,0.1,0,0.258333,0.0286586,130448,0.216667,0.065025,109408
29.2,0.108333,0.0633475,54704,0.0555556,0.0377782,25248,0.325,0.0606736,164112,0,0.1,0,0.4,0.067201,201984,0.107692,0.0233466,58912,0.161538,0.0358476,88368,0.00854701,0.0998506,4208,0.107692,0.0375161,58912,0,0.1,0,0.0153846,0.104168,8416,0,0.1,0,0,0.1,0,0.223077,0.0276723,122032,0.215385,0.0648987,117824
29.3,0.115385,0.075298,63120,0.0512821,0.0377782,25248,0.315385,0.0644298,172528,0,0.1,0,0.361538,0.0709661,197776,0.125,0.0260595,63120,0.175,0.0355643,88368,0.00925926,0.0998506,4208,0.108333,0.0395269,54704,0,0.1,0,0.0153846,0.104168,8416,0,0.1,0,0,0.1,0,0.223077,0.0266647,122032,0.230769,0.0706492,126240
29.4,0.138462,0.0783407,75744,0.0683761,0.310367,33664,0.315385,0.0665684,172528,0,0.1,0,0.346154,0.0755314,189360,0.107692,0.0267244,58912,0.169231,0.0367849,92576,0.00854701,0.0998506,4208,0.107692,0.0387729,58912,0,0.1,0,0.0166667,0.104168,8416,0.00925926,2.9635,4208,0,0.1,0,0.233333,0.0274162,117824,0.25,0.0731608,126240
29.5,0.158333,0.0748511,79952,0.0740741,0.310367,33664,0.333333,0.0744848,168320,0,0.1,0,0.4,0.0856923,201984,0.1,0.0314097,54704,0.161538,0.0381196,88368,0.00854701,0.0998506,4208,0.107692,0.0439151,58912,0,0.1,0,0.0153846,0.104168,8416,0.00854701,2.9635,4208,0,0.1,0,0.230769,0.0269054,126240,0.238462,0.0871506,130448
29.6,0.161538,0.0776819,88368,0.0683761,0.310367,33664,0.307692,0.0749424,168320,0,0.1,0,0.353846,0.0868575,193568,0.141667,0.0284288,71536,0.175,0.0381196,88368,0.00925926,0.0998506,4208,0.133333,0.0468091,67328,0,0.1,0,0.0153846,0.104168,8416,0.00854701,2.9635,4208,0,0.1,0,0.230769,0.0255735,126240,0.238462,0.0933687,130448
29.7,0.184615,0.0784305,100992,0.0683761,0.310367,33664,0.3,0.0761351,164112,0,0.1,0,0.353846,0.0923212,193568,0.123077,0.0293201,67328,0.161538,0.0448529,88368,0.017094,0.0628189,8416,0.123077,0.0468091,67328,0,0.1,0,0.0166667,0.104168,8416,0.00925926,2.9635,4208,0,0.1,0,0.25,0.0255735,126240,0.275,0.0988374,138864
29.8,0.216667,0.0783573,109408,0.0740741,0.310367,33664,0.316667,0.0752913,159904,0,0.1,0,0.366667,0.0922492,185152,0.138462,0.0355858,75744,0.146154,0.0458798,79952,0.025641,0.0703353,12624,0.138462,0.0408042,75744,0,0.1,0,0.0153846,0.104168,8416,0.00854701,2.9635,4208,0,0.1,0,0.246154,0.0240886,134656,0.253846,0.0973108,138864
29.9,0.2,0.0783573,109408,0.0769231,0.295523,37872,0.276923,0.0800723,151488,0,0.1,0,0.346154,0.108495,189360,0.15,0.0382202,75744,0.158333,0.0452236,79952,0.0277778,0.0703353,12624,0.15,0.0408042,75744,0,0.1,0,0.0153846,0.104168,8416,0.00854701,2.9635,4208,0,0.1,0,0.246154,0.0238516,134656,0.276923,0.0966064,151488
30,0.215385,0.0796218,117824,0.0769231,0.295523,37872,0.261538,0.0880031,143072,0,0.1,0,0.338462,0.120601,185152,0.146154,0.0390708,79952,0.146154,0.0471893,79952,0.042735,0.0602675,21040,0.153846,0.0378125,84160,0,0.1,0,0.0166667,0.104168,8416,0.00925926,2.9635,4208,0,0.1,0,0.25,0.0239254,126240,0.3,0.0934102,151488
30.1,0.258333,0.0790004,130448,0.101852,0.289761,46288,0.291667,0.0992626,147280,0,0.1,0,0.35,0.129133,176736,0.123077,0.044239,67328,0.130769,0.0476555,71536,0.042735,0.0602675,21040,0.146154,0.038106,79952,0,0.1,0,0.0153846,0.104168,8416,0.00854701,2.9635,4208,0,0.1,0,0.238462,0.0254536,130448,0.276923,0.0883002,151488
30.2,0.261538,0.0792355,143072,0.0940171,0.289761,46288,0.269231,0.106893,147280,0,0.1,0,0.338462,0.14008,185152,0.133333,0.044239,67328,0.133333,0.0498508,67328,0.0462963,0.0602675,21040,0.15,0.0392591,75744,0,0.1,0,0.0153846,0.104168,8416,0.00854701,2.9635,4208,0,0.1,0,0.223077,0.0276022,122032,0.269231,0.0876468,147280
30.3,0.269231,0.0798387,147280,0.0940171,0.289761,46288,0.269231,0.109484,147280,0,0.1,0,0.315385,0.171461,172528,0.115385,0.04623,63120,0.107692,0.0506244,58912,0.042735,0.0602675,21040,0.138462,0.0392591,75744,0.00854701,0.079254,4208,0.0166667,0.104168,8416,0.00925926,2.9635,4208,0,0.1,0,0.216667,0.0275564,109408,0.283333,0.0873562,143072
30.4,0.3,0.0779834,151488,0.111111,0.287848,50496,0.291667,0.113245,147280,0,0.1,0,0.325,0.179636,164112,0.123077,0.0514343,67328,0.0923077,0.0546138,50496,0.042735,0.0602675,21040,0.130769,0.0400713,71536,0.00854701,0.079254,4208,0.008,0.18756,4208,0.00854701,2.9635,4208,0,0.1,0,0.192308,0.0264261,105200,0.253846,0.0883997,138864
30.5,0.261538,0.0787955,143072,0.102564,0.309248,50496,0.269231,0.126384,147280,0,0.1,0,0.292308,0.191756,159904,0.133333,0.0514343,67328,0.1,0.0546138,50496,0.037037,0.0503718,16832,0.133333,0.040981,67328,0.0185185,1.00074,8416,0.00833333,0.18756,4208,0.00854701,2.9635,4208,0,0.1,0,0.184615,0.0302921,100992,0.246154,0.091073,134656
30.6,0.238462,0.079845,130448,0.0854701,0.365852,42080,0.253846,0.128721,138864,0,0.1,0,0.3,0.221727,164112,0.115385,0.05569,63120,0.0846154,0.056589,46288,0.034188,0.0503718,16832,0.123077,0.040981,67328,0.017094,1.00074,8416,0.00909091,0.18756,4208,0.00925926,2.9635,4208,0,0.1,0,0.2,0.0320428,100992,0.258333,0.0927042,130448
30.7,0.266667,0.0788872,134656,0.0925926,0.365852,42080,0.3,0.142095,151488,0,0.1,0,0.275,0.260414,138864,0.123077,0.0618057,67328,0.0769231,0.0567337,42080,0.034188,0.0503718,16832,0.115385,0.0423713,63120,0.017094,1.00074,8416,0,0.1,0,0.00854701,2.9635,4208,0,0.1,0,0.184615,0.0289845,100992,0.246154,0.089926,134656
30.8,0.246154,0.0786242,134656,0.0769231,0.398472,37872,0.261538,0.146353,143072,0,0.1,0,0.253846,0.281797,138864,0.141667,0.0684243,71536,0.075,0.0619001,37872,0.037037,0.0503718,16832,0.125,0.0423713,63120,0.0185185,1.00074,8416,0,0.1,0,0.00854701,2.9635,4208,0,0.1,0,0.161538,0.0258847,88368,0.223077,0.0929693,122032
30.9,0.253846,0.0796169,138864,0.0940171,0.392542,46288,0.253846,0.145535,138864,0,0.1,0,0.261538,0.308643,143072,0.153846,0.0813261,84160,0.0692308,0.0619001,37872,0.034188,0.0503718,16832,0.107692,0.0425646,58912,0.017094,1.00074,8416,0,0.1,0,0.00925926,2.9635,4208,0,0.1,0,0.191667,0.0305572,96784,0.233333,0.0954534,117824
31,0.275,0.0798941,138864,0.12037,0.384267,54704,0.233333,0.155405,117824,0,0.1,0,0.283333,0.3279,143072,0.130769,0.0896275,71536,0.0692308,0.0619001,37872,0.034188,0.0503718,16832,0.1,0.0393767,54704,0.017094,1.00074,8416,0,0.1,0,0.00854701,2.9635,4208,0,0.1,0,0.184615,0.0307846,100992,0.223077,0.0932019,122032
31.1,0.246154,0.0774272,134656,0.102564,0.452019,50496,0.2,0.163592,109408,0,0.1,0,0.276923,0.32627,151488,0.158333,0.099099,79952,0.0666667,0.0611609,33664,0.037037,0.0503718,16832,0.1,0.0322363,50496,0.0185185,1.00074,8416,0,0.1,0,0.00854701,2.9635,4208,0,0.1,0,0.184615,0.0307846,100992,0.230769,0.0896699,126240
31.2,0.230769,0.0723906,126240,0.102564,0.452019,50496,0.184615,0.165752,100992,0,0.1,0,0.292308,0.326372,159904,0.138462,0.101047,75744,0.0538462,0.0614835,29456,0.034188,0.0503718,16832,0.0923077,0.0322363,50496,0.017094,1.00074,8416,0,0.1,0,0.00925926,2.9635,4208,0,0.1,0,0.208333,0.0367187,105200,0.241667,0.0839351,122032
31.3,0.233333,0.0684807,117824,0.0925926,0.316796,42080,0.191667,0.168822,96784,0,0.1,0,0.325,0.332246,164112,0.138462,0.101047,75744,0.0307692,0.0727119,16832,0.034188,0.0503718,16832,0.0846154,0.0325332,46288,0.017094,1.00074,8416,0,0.1,0,0,0.1,0,0,0.1,0,0.207692,0.0402095,113616,0.238462,0.078129,130448
31.4,0.215385,0.0687106,117824,0.0940171,0.341843,46288,0.161538,0.170542,88368,0,0.1,0,0.276923,0.340091,151488,0.158333,0.10406,79952,0.0333333,0.0727119,16832,0.037037,0.0503718,16832,0.0833333,0.0275414,42080,0.0185185,1.00074,8416,0,0.1,0,0,0.1,0,0,0.1,0,0.207692,0.0390491,113616,0.223077,0.0633286,122032
31.5,0.215385,0.0660248,117824,0.102564,0.350544,50496,0.146154,0.184505,79952,0,0.1,0,0.284615,0.340181,155696,0.123077,0.122131,67328,0.0307692,0.0727119,16832,0.034188,0.0503718,16832,0.0538462,0.0163185,29456,0.017094,1.00074,8416,0,0.1,0,0,0.1,0,0,0.1,0,0.208333,0.0413906,105200,0.233333,0.057585,117824
31.6,0.225,0.0614332,113616,0.12037,0.364723,54704,0.15,0.190291,75744,0,0.1,0,0.3,0.341533,151488,0.123077,0.122131,67328,0.0230769,0.0390768,12624,0.0254237,0.0585667,12624,0.0538462,0.0163185,29456,0.0169492,1.00074,8416,0,0.1,0,0,0.1,0,0,0.1,0,0.192308,0.0413906,105200,0.223077,0.0469023,122032
31.7,0.215385,0.0543368,117824,0.118644,0.379156,58912,0.130769,0.196994,71536,0,0.1,0,0.292308,0.342591,159904,0.116667,0.127334,58912,0.025,0.0390768,12624,0.0183486,0.0451659,8416,0.0416667,0.0332505,21040,0.0183486,1.00074,8416,0,0.1,0,0,0.1,0,0,0.1,0,0.176923,0.0478656,96784,0.230769,0.0459797,126240
31.8,0.215385,0.0543368,117824,0.117647,0.3975,58912,0.123077,0.198704,67328,0,0.1,0,0.292308,0.344036,159904,0.115385,0.130115,63120,0.00769231,0.0564652,4208,0.0168067,0.0451659,8416,0.0384615,0.0332505,21040,0.0168067,1.00074,8416,0,0.1,0,0,0.1,0,0,0.1,0,0.183333,0.0504496,92576,0.216667,0.0396294,109408
31.9,0.233333,0.0514388,117824,0.136364,0.405973,63120,0.125,0.202743,63120,0,0.1,0,0.308333,0.348943,155696,0.115385,0.135636,63120,0,0.1,0,0,0.1,0,0.0230769,0.0481595,12624,0.0166667,1.00074,8416,0,0.1,0,0,0.1,0,0,0.1,0,0.169231,0.0504496,92576,0.192308,0.039216,105200
32,0.207692,0.0479193,113616,0.125,0.440238,63120,0.0923077,0.209625,50496,0,0.1,0,0.276923,0.351388,151488,0.133333,0.136878,67328,0,0.1,0,0,0.1,0,0.0166667,0.059636,8416,0.018018,1.00074,8416,0,0.1,0,0,0.1,0,0,0.1,0,0.169231,0.0479226,92576,0.184615,0.0361246,100992
32.1,0.2,0.045612,109408,0.132231,0.446998,67328,0.0769231,0.215636,42080,0,0.1,0,0.284615,0.357805,155696,0.138462,0.136329,75744,0,0.1,0,0,0.1,0,0.00769231,0.0769616,4208,0.0165289,1.00074,8416,0,0.1,0,0,0.1,0,0,0.1,0,0.191667,0.0528527,96784,0.191667,0.0363129,96784
32.2,0.225,0.0443387,113616,0.151786,0.439637,71536,0.075,0.22699,37872,0,0.1,0,0.308333,0.366106,155696,0.138462,0.136329,75744,0.00769231,0.0020691,4208,0,0.1,0,0.00769231,0.0769616,4208,0.00819672,1.92223,4208,0,0.1,0,0,0.1,0,0,0.1,0,0.2,0.0579411,109408,0.184615,0.0378246,100992
32.3,0.207692,0.0446593,113616,0.139344,0.450156,71536,0.0615385,0.229144,33664,0,0.1,0,0.284615,0.366106,155696,0.141667,0.136731,71536,0.0333333,0.0521131,16832,0,0.1,0,0.00833333,0.0769616,4208,0.00884956,1.92223,4208,0,0.1,0,0,0.1,0,0,0.1,0,0.2,0.0579411,109408,0.192308,0.0391963,105200
32.4,0.223077,0.046081,122032,0.138211,0.457967,71536,0.0384615,0.234197,21040,0,0.1,0,0.276923,0.363307,151488,0.130769,0.136731,71536,0.0461538,0.0515893,25248,0.0162602,0.0850071,8416,0.00769231,0.0769616,4208,0,0.1,0,0,0.1,0,0,0.1,0,0,0.1,0,0.225,0.0569294,113616,0.191667,0.037758,96784
32.5,0.241667,0.046081,122032,0.166667,0.457877,79952,0.0416667,0.234197,21040,0,0.1,0,0.275,0.3588,138864,0.123077,0.138158,67328,0.0538462,0.061223,29456,0.0322581,0.0877733,16832,0.00769231,0.0769616,4208,0,0.1,0,0,0.1,0,0,0.1,0,0,0.1,0,0.192308,0.0583692,105200,0.2,0.0375523,109408
32.6,0.2,0.0439468,109408,0.169355,0.460723,88368,0,0.1,0,0,0.1,0,0.246154,0.356215,134656,0.125,0.137133,63120,0.0583333,0.061223,29456,0.0347826,0.0877733,16832,0.00833333,0.0769616,4208,0,0.1,0,0,0.1,0,0,0.1,0,0,0.1,0,0.176923,0.0624415,96784,0.192308,0.0389024,105200
32.7,0.192308,0.0438305,105200,0.168,0.460723,88368,0,0.1,0,0,0.1,0,0.230769,0.351835,126240,0.107692,0.134477,58912,0.0615385,0.059544,33664,0.032,0.0877733,16832,0.00769231,0.0769616,4208,0,0.1,0,0,0.1,0,0,0.1,0,0,0.1,0,0.191667,0.0624415,96784,0.208333,0.0389024,105200
32.8,0.225,0.0396406,113616,0.163793,0.470709,79952,0,0.1,0,0,0.1,0,0.216667,0.35484,109408,0.0846154,0.129033,46288,0.0615385,0.059544,33664,0.031746,0.0877733,16832,0.00769231,0.0769616,4208,0,0.1,0,0,0.1,0,0,0.1,0,0,0.1,0,0.146154,0.0641291,79952,0.192308,0.0389024,105200
32.9,0.207692,0.0409623,113616,0.134921,0.486233,71536,0.00769231,0.377034,4208,0.00793651,0.373454,4208,0.207692,0.369416,113616,0.0916667,0.129033,46288,0.075,0.0617837,37872,0.042735,0.110726,21040,0.00833333,0.0769616,4208,0,0.1,0,0,0.1,0,0,0.1,0,0,0.1,0,0.138462,0.065691,75744,0.184615,0.0369693,100992
33,0.215385,0.0435254,117824,0.125984,0.484798,67328,0.0153846,0.408349,8416,0.015748,0.32076,8416,0.2,0.376259,109408,0.1,0.132152,54704,0.0769231,0.0573006,42080,0.0393701,0.110726,21040,0.00769231,0.0769616,4208,0,0.1,0,0,0.1,0,0,0.1,0,0,0.1,0,0.15,0.065691,75744,0.175,0.0368336,88368
33.1,0.241667,0.0428242,122032,0.135593,0.484798,67328,0.025,0.339773,12624,0.0169492,0.32076,8416,0.216667,0.401591,109408,0.115385,0.119375,63120,0.0923077,0.0655128,50496,0.0390625,0.110726,21040,0.00769231,0.0769616,4208,0,0.1,0,0,0.1,0,0,0.1,0,0,0.1,0,0.115385,0.0652285,63120,0.161538,0.0364427,88368
33.2,0.230769,0.041652,126240,0.125,0.484798,67328,0.0538462,0.346985,29456,0.03125,0.351878,16832,0.176923,0.416781,96784,0.133333,0.114049,67328,0.108333,0.0636296,54704,0.0420168,0.110726,21040,0.00833333,0.0769616,4208,0,0.1,0,0,0.1,0,0,0.1,0,0,0.1,0,0.0923077,0.0646465,50496,0.138462,0.0379486,75744
33.3,0.223077,0.0424511,122032,0.116279,0.47763,63120,0.0538462,0.346985,29456,0.0310078,0.351878,16832,0.207692,0.422996,113616,0.115385,0.11021,63120,0.107692,0.0609312,58912,0.0465116,0.140881,25248,0.00769231,0.0769616,4208,0,0.1,0,0,0.1,0,0,0.1,0,0,0.1,0,0.0833333,0.0767578,42080,0.141667,0.0388324,71536
33.4,0.258333,0.0412758,130448,0.116667,0.479871,58912,0.0666667,0.350331,33664,0.0333333,0.351878,16832,0.225,0.424708,113616,0.107692,0.114374,58912,0.115385,0.0619221,63120,0.0461538,0.140881,25248,0.00769231,0.0769616,4208,0,0.1,0,0,0.1,0,0,0.1,0,0,0.1,0,0.0769231,0.0767578,42080,0.138462,0.0346984,75744
33.5,0.230769,0.0423113,126240,0.1,0.47564,54704,0.0692308,0.351323,37872,0.0384615,0.384259,21040,0.215385,0.42285,117824,0.133333,0.109737,67328,0.133333,0.0612935,67328,0.0583333,0.155861,29456,0.00833333,0.0769616,4208,0,0.1,0,0,0.1,0,0,0.1,0,0,0.1,0,0.0769231,0.0767578,42080,0.123077,0.0323591,67328
33.6,0.230769,0.0518035,126240,0.0923077,0.468045,50496,0.0692308,0.351323,37872,0.0384615,0.384259,21040,0.230769,0.430029,126240,0.123077,0.109737,67328,0.146154,0.0576485,79952,0.0538462,0.155861,29456,0,0.1,0,0,0.1,0,0,0.1,0,0,0.1,0,0,0.1,0,0.075,0.0737263,37872,0.116667,0.031994,58912
33.7,0.275,0.0523428,138864,0.0916667,0.471177,46288,0.075,0.351323,37872,0.0416667,0.384259,21040,0.225,0.439378,113616,0.123077,0.104515,67328,0.161538,0.0527985,88368,0.0615385,0.172523,33664,0,0.1,0,0,0.1,0,0,0.1,0,0,0.1,0,0,0.1,0,0.0615385,0.0779238,33664,0.115385,0.0326888,63120
33.8,0.238462,0.0521399,130448,0.0769231,0.465836,42080,0.0769231,0.352673,42080,0.0461538,0.419159,25248,0.2,0.44522,109408,0.141667,0.0976974,71536,0.175,0.0527985,88368,0.0666667,0.172523,33664,0,0.1,0,0,0.1,0,0,0.1,0,0,0.1,0,0,0.1,0,0.0615385,0.0779238,33664,0.123077,0.0309741,67328
33.9,0.238462,0.0538131,130448,0.0615385,0.45209,33664,0.0846154,0.34585,46288,0.0461538,0.419159,25248,0.207692,0.444469,113616,0.130769,0.090102,71536,0.169231,0.0518851,92576,0.0769231,0.198177,42080,0,0.1,0,0,0.1,0,0,0.1,0,0,0.1,0,0,0.1,0,0.0583333,0.0868121,29456,0.116667,0.0334337,58912
34,0.25,0.0529034,126240,0.0583333,0.438332,29456,0.1,0.348866,50496,0.05,0.419159,25248,0.216667,0.439699,109408,0.123077,0.0841497,67328,0.176923,0.0503281,96784,0.0846154,0.207991,46288,0,0.1,0,0,0.1,0,0,0.1,0,0,0.1,0,0,0.1,0,0.0384615,0.0855885,21040,0.115385,0.0314326,63120
34.1,0.230769,0.0492536,126240,0.0461538,0.457745,25248,0.107692,0.351736,58912,0.0461538,0.419159,25248,0.184615,0.438473,100992,0.158333,0.0825299,79952,0.183333,0.0525217,92576,0.1,0.220118,50496,0,0.1,0,0,0.1,0,0,0.1,0,0,0.1,0,0,0.1,0,0.0153846,0.0685434,8416,0.107692,0.0284924,58912
34.2,0.246154,0.0525982,134656,0.0384615,0.460165,21040,0.115385,0.329986,63120,0.0538462,0.423594,29456,0.207692,0.441567,113616,0.146154,0.0825299,79952,0.153846,0.0501063,84160,0.0923077,0.220118,50496,0,0.1,0,0,0.1,0,0,0.1,0,0.0166667,0.729261,8416,0,0.1,0,0.0166667,0.0685434,8416,0.1,0.0214579,50496
34.3,0.25,0.0538137,126240,0.0333333,0.472437,16832,0.141667,0.322855,71536,0.0583333,0.423594,29456,0.241667,0.437024,122032,0.146154,0.0825299,79952,0.138462,0.0500579,75744,0.0846154,0.261561,46288,0,0.1,0,0,0.1,0,0,0.1,0,0.0153846,0.729261,8416,0,0.1,0,0,0.1,0,0.107692,0.0241245,58912
34.4,0.230769,0.0538137,126240,0.0153846,0.487758,8416,0.153846,0.308616,84160,0.0538462,0.423594,29456,0.230769,0.440366,126240,0.158333,0.0825299,79952,0.158333,0.0500561,79952,0.0833333,0.310547,42080,0,0.1,0,0,0.1,0,0,0.1,0,0.0230769,0.670414,12624,0,0.1,0,0,0.1,0,0.0846154,0.0208924,46288
34.5,0.230769,0.0538137,126240,0,0.1,0,0.161538,0.294791,88368,0.0692308,0.443217,37872,0.253846,0.441835,138864,0.146154,0.0825299,79952,0.153846,0.0551386,84160,0.0923077,0.339817,50496,0,0.1,0,0,0.1,0,0,0.1,0,0.025,0.670414,12624,0,0.1,0,0,0.1,0,0.1,0.0229671,50496
34.6,0.25,0.0538137,126240,0,0.1,0,0.208333,0.31783,105200,0.075,0.443217,37872,0.308333,0.438188,155696,0.146154,0.0825299,79952,0.169231,0.0623973,92576,0.1,0.313989,54704,0,0.1,0,0,0.1,0,0,0.1,0,0.0230769,0.670414,12624,0,0.1,0,0,0.1,0,0.107692,0.0282014,58912
34.7,0.207692,0.0566109,113616,0,0.1,0,0.215385,0.305678,117824,0.0692308,0.443217,37872,0.3,0.435725,164112,0.158333,0.0825299,79952,0.191667,0.0612292,96784,0.108333,0.313989,54704,0,0.1,0,0,0.1,0,0,0.1,0,0.0230769,0.670414,12624,0,0.1,0,0,0.1,0,0.123077,0.0377977,67328
34.8,0.2,0.0546168,109408,0,0.1,0,0.207692,0.303035,113616,0.0615385,0.451937,33664,0.276923,0.437207,151488,0.146154,0.0825299,79952,0.176923,0.0605149,96784,0.1,0.303641,54704,0,0.1,0,0,0.1,0,0,0.1,0,0.025,0.670414,12624,0,0.1,0,0,0.1,0,0.125,0.0391649,63120
34.9,0.191667,0.0543948,96784,0,0.1,0,0.233333,0.301955,117824,0.0583333,0.478205,29456,0.3,0.436172,151488,0.115385,0.0606826,63120,0.169231,0.062495,92576,0.1,0.303641,54704,0,0.1,0,0,0.1,0,0,0.1,0,0.0230769,0.670414,12624,0,0.1,0,0,0.1,0,0.115385,0.0391649,63120
35,0.169231,0.0558131,92576,0,0.1,0,0.238462,0.269451,130448,0.0538462,0.478205,29456,0.269231,0.428853,147280,0.108333,0.0644299,54704,0.175,0.0579209,88368,0.133333,0.264182,67328,0,0.1,0,0,0.1,0,0,0.1,0,0.0230769,0.670414,12624,0,0.1,0,0,0.1,0,0.107692,0.0392395,58912
35.1,0.153846,0.0596913,84160,0,0.1,0,0.207692,0.257163,113616,0.0384615,0.516288,21040,0.276923,0.430499,151488,0.0923077,0.0669522,50496,0.153846,0.0587654,84160,0.138462,0.244504,75744,0,0.1,0,0,0.1,0,0,0.1,0,0.025,0.670414,12624,0,0.1,0,0,0.1,0,0.141667,0.052337,71536
35.2,0.166667,0.0596913,84160,0,0.1,0,0.241667,0.243457,122032,0.0416667,0.516288,21040,0.275,0.426544,138864,0.0846154,0.0678196,46288,0.153846,0.0620972,84160,0.130769,0.241731,71536,0,0.1,0,0,0.1,0,0,0.1,0,0.0307692,0.622706,16832,0,0.1,0,0,0.1,0,0.138462,0.0531135,75744
35.3,0.123077,0.0632132,67328,0,0.1,0,0.223077,0.230761,122032,0.0384615,0.516288,21040,0.253846,0.428274,138864,0.0916667,0.0678196,46288,0.166667,0.0603704,84160,0.141667,0.241731,71536,0,0.1,0,0,0.1,0,0,0.1,0,0.0384615,0.582555,21040,0,0.1,0,0,0.1,0,0.138462,0.0561656,75744
35.4,0.115385,0.0640406,63120,0,0.1,0,0.230769,0.211334,126240,0.0307692,0.516914,16832,0.276923,0.428795,151488,0.0692308,0.0657168,37872,0.169231,0.0587406,92576,0.130769,0.227934,71536,0,0.1,0,0,0.1,0,0,0.1,0,0.0416667,0.582555,21040,0,0.1,0,0,0.1,0,0.141667,0.0618967,71536
35.5,0.1,0.0548459,50496,0,0.1,0,0.25,0.211334,126240,0.0333333,0.516914,16832,0.291667,0.422588,147280,0.0692308,0.0657168,37872,0.153846,0.062343,84160,0.138462,0.22002,75744,0,0.1,0,0,0.1,0,0,0.1,0,0.0384615,0.582555,21040,0,0.1,0,0,0.1,0,0.146154,0.0610796,79952
35.6,0.0692308,0.0538826,37872,0,0.1,0,0.246154,0.201888,134656,0.0307692,0.516914,16832,0.276923,0.424516,151488,0.0583333,0.0646292,29456,0.166667,0.067118,84160,0.158333,0.199134,79952,0,0.1,0,0,0.1,0,0,0.1,0,0.0384615,0.582555,21040,0,0.1,0,0,0.1,0,0.153846,0.0571295,84160
35.7,0.0692308,0.0538826,37872,0,0.1,0,0.261538,0.180014,143072,0.0230769,0.491332,12624,0.276923,0.424211,151488,0.0384615,0.0653182,21040,0.161538,0.0652213,88368,0.161538,0.184006,88368,0,0.1,0,0,0.1,0,0,0.1,0,0.0416667,0.582555,21040,0,0.1,0,0,0.1,0,0.158333,0.0598597,79952
35.8,0.0583333,0.0514198,29456,0,0.1,0,0.283333,0.17253,143072,0.025,0.491332,12624,0.3,0.423535,151488,0.0307692,0.075051,16832,0.169231,0.0698301,92576,0.169231,0.149332,92576,0,0.1,0,0,0.1,0,0,0.1,0,0.0384615,0.582555,21040,0,0.1,0,0,0.1,0,0.146154,0.0598597,79952
35.9,0.0461538,0.0506599,25248,0,0.1,0,0.261538,0.163302,143072,0.0230769,0.491332,12624,0.269231,0.42698,147280,0.0333333,0.0718433,16832,0.191667,0.0736872,96784,0.183333,0.137703,92576,0,0.1,0,0,0.1,0,0,0.1,0,0.0384615,0.582555,21040,0,0.1,0,0,0.1,0,0.146154,0.0610241,79952
36,0.0307692,0.0754676,16832,0,0.1,0,0.276923,0.139662,151488,0.0230769,0.491332,12624,0.261538,0.425637,143072,0.00769231,0.0657,4208,0.2,0.0690001,109408,0.176923,0.117973,96784,0,0.1,0,0,0.1,0,0,0.1,0,0.0416667,0.582555,21040,0,0.1,0,0,0.1,0,0.158333,0.0610241,79952
36.1,0.00833333,0.0746326,4208,0,0.1,0,0.291667,0.142924,147280,0.0166667,0.511898,8416,0.266667,0.424182,134656,0.00769231,0.0657,4208,0.192308,0.0696388,105200,0.176923,0.117973,96784,0,0.1,0,0,0.1,0,0,0.1,0,0.0230769,0.484751,12624,0,0.1,0,0,0.1,0,0.146154,0.0610241,79952
36.2,0,0.1,0,0,0.1,0,0.276923,0.127103,151488,0.0153846,0.511898,8416,0.269231,0.43147,147280,0.00833333,0.0657,4208,0.216667,0.0707998,109408,0.208333,0.0982327,105200,0,0.1,0,0,0.1,0,0,0.1,0,0.0230769,0.484751,12624,0,0.1,0,0.0153846,0.0244839,8416,0.138462,0.0614448,75744
36.3,0,0.1,0,0,0.1,0,0.261538,0.116846,143072,0.0153846,0.511898,8416,0.269231,0.429067,147280,0.0153846,0.113057,8416,0.192308,0.0715107,105200,0.2,0.0793501,109408,0,0.1,0,0,0.1,0,0,0.1,0,0.0166667,0.450766,8416,0,0.1,0,0.025,0.0519715,12624,0.15,0.0614448,75744
36.4,0,0.1,0,0,0.1,0,0.291667,0.115946,147280,0,0.1,0,0.283333,0.423384,143072,0.0153846,0.113057,8416,0.2,0.0711811,109408,0.192308,0.0437893,105200,0,0.1,0,0,0.1,0,0,0.1,0,0.0153846,0.450766,8416,0,0.1,0,0.0230769,0.0519715,12624,0.130769,0.0623657,71536
36.5,0,0.1,0,0,0.1,0,0.238462,0.0742896,130448,0,0.1,0,0.246154,0.426352,134656,0.0166667,0.113057,8416,0.2,0.0653414,100992,0.208333,0.0446008,105200,0,0.1,0,0,0.1,0,0,0.1,0,0.0153846,0.450766,8416,0,0.1,0,0.0230769,0.0519715,12624,0.138462,0.0644313,75744
36.6,0.015625,0.268022,8416,0,0.1,0,0.238462,0.0600376,130448,0.0078125,0.0335581,4208,0.246154,0.428175,134656,0.0230769,0.136816,12624,0.176923,0.0666375,96784,0.215385,0.0438944,117824,0,0.1,0,0,0.1,0,0,0.1,0,0.0166667,0.450766,8416,0,0.1,0,0.0333333,0.0980681,16832,0.141667,0.059674,71536
36.7,0.0254237,0.28976,12624,0,0.1,0,0.275,0.0587848,138864,0.0169492,0.0369728,8416,0.283333,0.425219,143072,0.0307692,0.123517,16832,0.169231,0.0667905,92576,0.230769,0.0404913,126240,0,0.1,0,0,0.1,0,0,0.1,0,0.0153846,0.450766,8416,0,0.1,0,0.0692308,0.100476,37872,0.161538,0.0556696,88368
36.8,0.0714286,0.28578,37872,0,0.1,0,0.246154,0.0404872,134656,0.015873,0.0369728,8416,0.261538,0.428955,143072,0.0333333,0.123517,16832,0.2,0.0652289,100992,0.25,0.0404913,126240,0.00862069,0.0618249,4208,0,0.1,0,0,0.1,0,0.0153846,0.450766,8416,0,0.1,0,0.0846154,0.0854936,46288,0.169231,0.0551637,92576
36.9,0.0967742,0.251339,50496,0,0.1,0,0.223077,0.0452286,122032,0.016129,0.0369728,8416,0.253846,0.429392,138864,0.0307692,0.123517,16832,0.184615,0.063296,100992,0.238462,0.0368012,130448,0.016129,0.0326438,8416,0,0.1,0,0,0.1,0,0.0166667,0.450766,8416,0,0.1,0,0.0916667,0.0854936,46288,0.183333,0.0551637,92576
37,0.114035,0.235808,54704,0,0.1,0,0.25,0.0463734,126240,0.0263158,0.0388995,12624,0.283333,0.426405,143072,0.0307692,0.123517,16832,0.184615,0.063296,100992,0.223077,0.0333334,122032,0.0245902,0.0257517,12624,0,0.1,0,0,0.1,0,0.0153846,0.450766,8416,0,0.1,0,0.0846154,0.0854936,46288,0.161538,0.0437213,88368
37.1,0.131148,0.199133,67328,0,0.1,0,0.223077,0.0492585,122032,0.0245902,0.0388995,12624,0.284615,0.42425,155696,0.0416667,0.114014,21040,0.2,0.0611052,100992,0.258333,0.0363506,130448,0.0357143,0.0309399,16832,0,0.1,0,0,0.1,0,0.00769231,0.42195,4208,0,0.1,0,0.0846154,0.0854936,46288,0.161538,0.0452967,88368
37.2,0.133333,0.199133,67328,0,0.1,0,0.215385,0.0508187,117824,0.025,0.0388995,12624,0.292308,0.422097,159904,0.0461538,0.0988042,25248,0.192308,0.0605865,105200,0.253846,0.0371299,138864,0.0333333,0.0309399,16832,0,0.1,0,0,0.1,0,0,0.1,0,0,0.1,0,0.0916667,0.0854936,46288,0.183333,0.0542685,92576
37.3,0.172727,0.172565,79952,0,0.1,0,0.216667,0.0544511,109408,0.0272727,0.0388995,12624,0.3,0.421856,151488,0.0461538,0.0988042,25248,0.169231,0.0626325,92576,0.253846,0.0397536,138864,0.0677966,0.0621976,33664,0,0.1,0,0,0.1,0,0,0.1,0,0,0.1,0,0.0923077,0.0844317,50496,0.169231,0.0538199,92576
37.4,0.169492,0.164048,84160,0,0.1,0,0.207692,0.0540014,113616,0.0254237,0.0388995,12624,0.292308,0.415301,159904,0.05,0.0988042,25248,0.175,0.0623201,88368,0.275,0.0400154,138864,0.0833333,0.0631709,37872,0,0.1,0,0,0.1,0,0,0.1,0,0,0.1,0,0.115385,0.0812775,63120,0.161538,0.0515753,88368
37.5,0.181034,0.159943,88368,0,0.1,0,0.192308,0.0535052,105200,0.0258621,0.0388995,12624,0.292308,0.411008,159904,0.0538462,0.0993621,29456,0.153846,0.0618743,84160,0.269231,0.0433349,147280,0.0775862,0.0631709,37872,0,0.1,0,0,0.1,0,0,0.1,0,0,0.1,0,0.125,0.0812775,63120,0.158333,0.0557152,79952
37.6,0.235849,0.139704,105200,0,0.1,0,0.208333,0.0623189,105200,0.0283019,0.0388995,12624,0.308333,0.409661,155696,0.0538462,0.0993621,29456,0.161538,0.0665727,88368,0.269231,0.0441521,147280,0.0877193,0.0572025,42080,0,0.1,0,0,0.1,0,0,0.1,0,0,0.1,0,0.123077,0.076292,67328,0.169231,0.0578967,92576
37.7,0.236842,0.130442,113616,0,0.1,0,0.215385,0.0602395,117824,0.0263158,0.0388995,12624,0.3,0.405493,164112,0.0583333,0.0993621,29456,0.166667,0.0609914,84160,0.275,0.0475268,138864,0.0961538,0.0572025,42080,0,0.1,0,0,0.1,0,0,0.1,0,0,0.1,0,0.146154,0.0703882,79952,0.176923,0.0606391,96784
37.8,0.241071,0.130442,113616,0,0.1,0,0.215385,0.0587169,117824,0.0267857,0.0388995,12624,0.307692,0.405776,168320,0.0538462,0.0963723,29456,0.146154,0.0567655,79952,0.253846,0.0466956,138864,0.116071,0.0484504,54704,0,0.1,0,0,0.1,0,0,0.1,0,0,0.1,0,0.158333,0.0703882,79952,0.2,0.0661527,100992
37.9,0.27451,0.128489,117824,0,0.1,0,0.225,0.0591178,113616,0.0294118,0.0388995,12624,0.341667,0.406148,172528,0.0538462,0.0963723,29456,0.138462,0.0549699,75744,0.253846,0.048842,138864,0.136364,0.0448006,63120,0,0.1,0,0,0.1,0,0,0.1,0,0,0.1,0,0.146154,0.0703882,79952,0.2,0.0643792,109408
38,0.272727,0.121699,126240,0,0.1,0,0.223077,0.0561155,122032,0.0272727,0.0388995,12624,0.330769,0.402268,180944,0.0583333,0.0963723,29456,0.15,0.0549699,75744,0.283333,0.0482822,143072,0.15,0.0448006,63120,0,0.1,0,0,0.1,0,0,0.1,0,0,0.1,0,0.153846,0.0714287,84160,0.215385,0.0622524,117824
38.1,0.277778,0.121699,126240,0,0.1,0,0.207692,0.0571099,113616,0.0277778,0.0388995,12624,0.307692,0.38934,168320,0.0615385,0.0880223,33664,0.130769,0.0523315,71536,0.261538,0.0485666,143072,0.157407,0.047753,71536,0,0.1,0,0,0.1,0,0,0.1,0,0,0.1,0,0.158333,0.0779619,79952,0.233333,0.0634157,117824
38.2,0.316327,0.120317,130448,0,0.1,0,0.25,0.0558752,126240,0.0306122,0.0388995,12624,0.325,0.387071,164112,0.0538462,0.0776806,29456,0.130769,0.0493463,71536,0.261538,0.050682,143072,0.188679,0.0480531,84160,0,0.1,0,0,0.1,0,0,0.1,0,0,0.1,0,0.138462,0.0763516,75744,0.230769,0.0625847,126240
38.3,0.301887,0.117633,134656,0,0.1,0,0.230769,0.0530036,126240,0.0283019,0.0388995,12624,0.3,0.392173,164112,0.0583333,0.0776806,29456,0.133333,0.0403878,67328,0.283333,0.0539855,143072,0.208333,0.0480531,84160,0,0.1,0,0,0.1,0,0,0.1,0,0,0.1,0,0.153846,0.0783187,84160,0.246154,0.0604904,134656
38.4,0.317308,0.116631,138864,0,0.1,0,0.253846,0.0487194,138864,0.0288462,0.0388995,12624,0.3,0.390791,164112,0.0538462,0.0776806,29456,0.115385,0.0407308,63120,0.276923,0.0545677,151488,0.201923,0.0520323,88368,0,0.1,0,0,0.1,0,0,0.1,0,0,0.1,0,0.2,0.0792584,100992,0.25,0.0594676,126240
38.5,0.354167,0.10167,143072,0,0.1,0,0.258333,0.0475403,130448,0.0208333,0.0415702,8416,0.308333,0.389248,155696,0.0461538,0.059905,25248,0.115385,0.0407308,63120,0.261538,0.0568853,143072,0.221154,0.0603495,96784,0,0.1,0,0,0.1,0,0,0.1,0,0,0.1,0,0.192308,0.0690478,105200,0.230769,0.0600392,126240
38.6,0.326923,0.0926471,143072,0,0.1,0,0.238462,0.0468344,130448,0.00961538,0.0427528,4208,0.269231,0.387347,147280,0.0416667,0.0551624,21040,0.133333,0.0405918,67328,0.266667,0.0597933,134656,0.25,0.060562,100992,0,0.1,0,0,0.1,0,0,0.1,0,0,0.1,0,0.153846,0.0607092,84160,0.2,0.0633296,109408
38.7,0.269231,0.0516878,117824,0,0.1,0,0.253846,0.0549993,138864,0.0192308,0.0754478,8416,0.292308,0.382254,159904,0.0384615,0.0551624,21040,0.123077,0.0520591,67328,0.246154,0.0597933,134656,0.221154,0.0605071,96784,0,0.1,0,0,0.1,0,0,0.1,0,0,0.1,0,0.166667,0.0678475,84160,0.216667,0.0648852,109408
38.8,0.270833,0.0446007,109408,0,0.1,0,0.291667,0.0521471,147280,0.0208333,0.0754478,8416,0.333333,0.379442,168320,0.0384615,0.0551624,21040,0.123077,0.0615227,67328,0.223077,0.0595729,122032,0.240385,0.0680296,105200,0,0.1,0,0,0.1,0,0,0.1,0,0,0.1,0,0.161538,0.0684298,88368,0.215385,0.0631708,117824
38.9,0.269231,0.060859,117824,0,0.1,0,0.276923,0.0510911,151488,0.00961538,0.108143,4208,0.307692,0.37554,168320,0.0416667,0.0551624,21040,0.141667,0.0641617,71536,0.241667,0.0595729,122032,0.25,0.0703656,100992,0,0.1,0,0,0.1,0,0,0.1,0,0,0.1,0,0.161538,0.0684298,88368,0.207692,0.0644941,113616
39,0.25,0.0637305,109408,0,0.1,0,0.292308,0.0472637,159904,0.00961538,0.108143,4208,0.276923,0.372477,151488,0.0307692,0.0499525,16832,0.123077,0.0656774,67328,0.223077,0.0630418,122032,0.240385,0.0685438,105200,0,0.1,0,0,0.1,0,0,0.1,0,0,0.1,0,0.175,0.0684298,88368,0.225,0.065851,113616
39.1,0.291667,0.0620961,117824,0,0.1,0,0.316667,0.0472637,159904,0.0104167,0.108143,4208,0.283333,0.371178,143072,0.0230769,0.0590178,12624,0.115385,0.0750283,63120,0.207692,0.0640664,113616,0.240385,0.0685438,105200,0,0.1,0,0,0.1,0,0,0.1,0,0,0.1,0,0.176923,0.0641114,96784,0.207692,0.0597836,113616
39.2,0.25,0.0636626,109408,0,0.1,0,0.323077,0.0464526,176736,0.00961538,0.108143,4208,0.253846,0.368282,138864,0.025,0.0590178,12624,0.133333,0.0764065,67328,0.216667,0.0627698,109408,0.21875,0.0637987,88368,0,0.1,0,0,0.1,0,0,0.1,0,0,0.1,0,0.176923,0.0617982,96784,0.2,0.0595789,109408
39.3,0.240385,0.0661207,105200,0,0.1,0,0.330769,0.0472788,180944,0.0192308,0.108284,8416,0.215385,0.372157,117824,0.0230769,0.0590178,12624,0.123077,0.0764065,67328,0.2,0.0607832,109408,0.201923,0.0614283,88368,0,0.1,0,0,0.1,0,0,0.1,0,0,0.1,0,0.183333,0.0601787,92576,0.233333,0.0627175,117824
39.4,0.260417,0.0639086,105200,0,0.1,0,0.375,0.0473409,189360,0.0208333,0.108284,8416,0.241667,0.374478,122032,0.0153846,0.0371719,8416,0.115385,0.0789861,63120,0.169231,0.0578097,92576,0.201923,0.0614283,88368,0,0.1,0,0,0.1,0,0,0.1,0,0,0.1,0,0.192308,0.0581716,105200,0.223077,0.0620091,122032
39.5,0.201923,0.0697105,88368,0,0.1,0,0.338462,0.043067,185152,0.0192308,0.108284,8416,0.230769,0.374475,126240,0.0166667,0.0371719,8416,0.108333,0.0766894,54704,0.175,0.0658276,88368,0.21875,0.0644371,88368,0,0.1,0,0,0.1,0,0,0.1,0,0,0.1,0,0.184615,0.0605325,100992,0.2,0.0608894,109408
39.6,0.201923,0.080016,88368,0,0.1,0,0.307692,0.0435761,168320,0.0192308,0.108284,8416,0.207692,0.376922,113616,0.0153846,0.0371719,8416,0.1,0.0900818,54704,0.169231,0.0790472,92576,0.221154,0.0616772,96784,0,0.1,0,0,0.1,0,0,0.1,0,0,0.1,0,0.183333,0.0644955,92576,0.225,0.0660203,113616
39.7,0.239583,0.0754712,96784,0,0.1,0,0.341667,0.0454478,172528,0.0416667,0.0852644,16832,0.25,0.386234,126240,0.00769231,0.0295726,4208,0.0923077,0.0948108,50496,0.161538,0.0817232,88368,0.192308,0.0680372,84160,0,0.1,0,0,0.1,0,0,0.1,0,0,0.1,0,0.176923,0.0643981,96784,0.207692,0.0737882,113616
39.8,0.221154,0.0735045,96784,0,0.1,0,0.3,0.0477116,164112,0.0384615,0.0852644,16832,0.230769,0.388145,126240,0.00833333,0.0295726,4208,0.1,0.145897,50496,0.166667,0.0890642,84160,0.197917,0.0725527,79952,0,0.1,0,0,0.1,0,0,0.1,0,0,0.1,0,0.176923,0.0643981,96784,0.2,0.0802842,109408
39.9,0.201923,0.0779683,88368,0,0.1,0,0.307692,0.0489927,168320,0.0384615,0.0852644,16832,0.215385,0.392073,117824,0.00769231,0.0295726,4208,0.115385,0.169117,63120,0.153846,0.0905734,84160,0.201923,0.0690633,88368,0,0.1,0,0,0.1,0,0,0.1,0,0,0.1,0,0.2,0.0658615,100992,0.233333,0.0940732,117824
40,0.25,0.0706817,100992,0,0.1,0,0.325,0.0495638,164112,0.0520833,0.0873107,21040,0.25,0.40434,126240,0,0.1,0,0.115385,0.169117,63120,0.130769,0.0972696,71536,0.182692,0.0689757,79952,0,0.1,0,0,0.1,0,0,0.1,0,0,0.1,0,0.184615,0.0623761,100992,0.207692,0.0953586,113616
40.1,0.230769,0.0681465,100992,0,0.1,0,0.269231,0.0490815,147280,0.0480769,0.0873107,21040,0.261538,0.414499,143072,0,0.1,0,0.141667,0.194248,71536,0.125,0.104333,63120,0.166667,0.0725798,67328,0,0.1,0,0,0.1,0,0,0.1,0,0,0.1,0,0.184615,0.0623761,100992,0.215385,0.100416,117824
40.2,0.230769,0.0712964,100992,0,0.1,0,0.253846,0.0515263,138864,0.0480769,0.0873107,21040,0.269231,0.413462,147280,0,0.1,0,0.138462,0.213475,75744,0.123077,0.0949921,67328,0.163462,0.0689956,71536,0,0.1,0,0,0.1,0,0,0.1,0,0,0.1,0,0.191667,0.0591772,96784,0.216667,0.105903,109408
40.3,0.260417,0.0704966,105200,0,0.1,0,0.25,0.0560912,126240,0.0520833,0.0873107,21040,0.291667,0.412485,147280,0,0.1,0,0.146154,0.217725,79952,0.1,0.105123,54704,0.153846,0.0650818,67328,0,0.1,0,0,0.1,0,0,0.1,0,0,0.1,0,0.161538,0.0506081,88368,0.2,0.103452,109408
40.4,0.211538,0.0735643,92576,0,0.1,0,0.223077,0.0567343,122032,0.0480769,0.0873107,21040,0.276923,0.41523,151488,0,0.1,0,0.191667,0.217553,96784,0.108333,0.104015,54704,0.166667,0.0539973,67328,0,0.1,0,0,0.1,0,0,0.1,0,0,0.1,0,0.153846,0.0549348,84160,0.2,0.10499,109408
40.5,0.211538,0.0758211,92576,0,0.1,0,0.207692,0.0588312,113616,0.0480769,0.0873107,21040,0.276923,0.41903,151488,0,0.1,0,0.184615,0.221071,100992,0.0923077,0.109933,50496,0.153846,0.0500105,67328,0,0.1,0,0,0.1,0,0,0.1,0,0,0.1,0,0.183333,0.0538498,92576,0.216667,0.10499,109408
40.6,0.260417,0.0766741,105200,0,0.1,0,0.216667,0.0485727,109408,0.0416667,0.0821027,16832,0.283333,0.427625,143072,0,0.1,0,0.169231,0.22846,92576,0.107692,0.118108,58912,0.163462,0.0474542,71536,0,0.1,0,0,0.1,0,0,0.1,0,0,0.1,0,0.161538,0.0497845,88368,0.2,0.103213,109408
40.7,0.240385,0.0760744,105200,0,0.1,0,0.176923,0.0493836,96784,0.0384615,0.0821027,16832,0.253846,0.433245,138864,0,0.1,0,0.175,0.231738,88368,0.108333,0.125662,54704,0.145833,0.0352986,58912,0,0.1,0,0,0.1,0,0,0.1,0,0,0.1,0,0.161538,0.0467265,88368,0.2,0.110509,109408
40.8,0.211538,0.0594539,92576,0,0.1,0,0.176923,0.0512515,96784,0.0384615,0.0821027,16832,0.261538,0.439853,143072,0,0.1,0,0.153846,0.238006,84160,0.107692,0.121367,58912,0.134615,0.0352986,58912,0,0.1,0,0,0.1,0,0,0.1,0,0,0.1,0,0.183333,0.046213,92576,0.225,0.111795,113616
40.9,0.21875,0.0587817,88368,0,0.1,0,0.175,0.0564282,88368,0.0416667,0.0821027,16832,0.3,0.439578,151488,0,0.1,0,0.153846,0.238006,84160,0.0923077,0.119862,50496,0.125,0.0336657,54704,0,0.1,0,0,0.1,0,0,0.1,0,0,0.1,0,0.184615,0.04476,100992,0.207692,0.114327,113616
41,0.192308,0.0592785,84160,0,0.1,0,0.176923,0.0558011,96784,0.0384615,0.0821027,16832,0.276923,0.439578,151488,0,0.1,0,0.158333,0.241902,79952,0.116667,0.121368,58912,0.135417,0.0336657,54704,0,0.1,0,0,0.1,0,0,0.1,0,0,0.1,0,0.169231,0.0471229,92576,0.2,0.124259,109408
41.1,0.192308,0.0637265,84160,0,0.1,0,0.146154,0.0593914,79952,0.0384615,0.0821027,16832,0.284615,0.442929,155696,0,0.1,0,0.138462,0.249947,75744,0.115385,0.125106,63120,0.125,0.0336657,54704,0,0.1,0,0,0.1,0,0,0.1,0,0,0.1,0,0.191667,0.0530713,96784,0.233333,0.127906,117824
41.2,0.229167,0.0596162,92576,0,0.1,0,0.141667,0.0590676,71536,0.03125,0.0733285,12624,0.316667,0.442136,159904,0,0.1,0,0.138462,0.249947,75744,0.123077,0.122286,67328,0.125,0.0324755,54704,0,0.1,0,0,0.1,0,0,0.1,0,0,0.1,0,0.169231,0.0539855,92576,0.207692,0.139743,113616
41.3,0.201923,0.0613812,88368,0,0.1,0,0.123077,0.0594827,67328,0.0288462,0.0733285,12624,0.3,0.444137,164112,0,0.1,0,0.15,0.249947,75744,0.133333,0.122286,67328,0.145833,0.0362505,58912,0,0.1,0,0,0.1,0,0,0.1,0,0,0.1,0,0.153846,0.0578383,84160,0.207692,0.148581,113616
41.4,0.211538,0.0618233,92576,0,0.1,0,0.123077,0.074241,67328,0.0288462,0.0733285,12624,0.292308,0.445972,159904,0,0.1,0,0.138462,0.249947,75744,0.130769,0.116096,71536,0.134615,0.0349055,58912,0,0.1,0,0,0.1,0,0,0.1,0,0,0.1,0,0.175,0.059093,88368,0.25,0.153985,126240
41.5,0.208333,0.0557183,84160,0,0.1,0,0.133333,0.074241,67328,0.03125,0.0733285,12624,0.316667,0.445972,159904,0,0.1,0,0.130769,0.253167,71536,0.115385,0.104742,63120,0.115385,0.0352734,50496,0,0.1,0,0,0.1,0,0,0.1,0,0,0.1,0,0.153846,0.0579064,84160,0.230769,0.154005,126240
41.6,0.169811,0.0588257,75744,0,0.1,0,0.115385,0.078657,63120,0.00943396,0.0954958,4208,0.253846,0.444323,138864,0,0.1,0,0.141667,0.253167,71536,0.133333,0.101572,67328,0.15625,0.0434587,63120,0,0.1,0,0,0.1,0,0,0.1,0,0,0.1,0,0.153846,0.0632674,84160,0.215385,0.149711,117824
41.7,0.166667,0.0641245,75744,0,0.1,0,0.107692,0.0726354,58912,0.00925926,0.0954958,4208,0.246154,0.443261,134656,0,0.1,0,0.115385,0.245379,63120,0.115385,0.0967858,63120,0.141509,0.0408746,63120,0,0.1,0,0,0.1,0,0,0.1,0,0,0.1,0,0.175,0.0640688,88368,0.233333,0.151937,117824
41.8,0.2,0.0652071,84160,0,0.1,0,0.0916667,0.0806155,46288,0.01,0.0954958,4208,0.275,0.438855,138864,0,0.1,0,0.0923077,0.241224,50496,0.115385,0.100245,63120,0.12963,0.0390344,58912,0,0.1,0,0,0.1,0,0,0.1,0,0,0.1,0,0.153846,0.0675004,84160,0.184615,0.151599,100992
41.9,0.181818,0.0788448,84160,0,0.1,0,0.0923077,0.0772944,50496,0,0.1,0,0.238462,0.439001,130448,0,0.1,0,0.1,0.241224,50496,0.125,0.100245,63120,0.14,0.0390344,58912,0,0.1,0,0,0.1,0,0,0.1,0,0,0.1,0,0.153846,0.0798099,84160,0.207692,0.16713,113616
42,0.178571,0.0815514,84160,0,0.1,0,0.0923077,0.0772944,50496,0,0.1,0,0.2,0.434072,109408,0,0.1,0,0.0692308,0.229328,37872,0.115385,0.100245,63120,0.136364,0.0408217,63120,0,0.1,0,0,0.1,0,0,0.1,0,0,0.1,0,0.166667,0.0798099,84160,0.216667,0.18485,109408
42.1,0.211538,0.0749705,92576,0,0.1,0,0.1,0.0772944,50496,0,0.1,0,0.2,0.431266,100992,0,0.1,0,0.0538462,0.214522,29456,0.1,0.110195,54704,0.125,0.0429054,58912,0,0.1,0,0,0.1,0,0,0.1,0,0,0.1,0,0.153846,0.0844043,84160,0.215385,0.194316,117824
42.2,0.184211,0.0728161,88368,0,0.1,0,0.1,0.0725216,54704,0,0.1,0,0.169231,0.43445,92576,0,0.1,0,0.05,0.201238,25248,0.108333,0.110195,54704,0.134615,0.0429054,58912,0,0.1,0,0,0.1,0,0,0.1,0,0,0.1,0,0.138462,0.091698,75744,0.215385,0.203701,117824
42.3,0.181034,0.0728161,88368,0,0.1,0,0.1,0.0725216,54704,0,0.1,0,0.184615,0.431689,100992,0,0.1,0,0.0153846,0.170245,8416,0.1,0.11596,54704,0.131579,0.0596576,63120,0,0.1,0,0,0.1,0,0,0.1,0,0,0.1,0,0.15,0.0984353,75744,0.233333,0.20891,117824
42.4,0.203704,0.0704591,92576,0,0.1,0,0.108333,0.0725216,54704,0,0.1,0,0.208333,0.427232,105200,0,0.1,0,0,0.1,0,0.1,0.11596,54704,0.12931,0.0693024,63120,0,0.1,0,0,0.1,0,0,0.1,0,0,0.1,0,0.123077,0.105365,67328,0.215385,0.20891,117824
42.5,0.186441,0.0658756,92576,0,0.1,0,0.1,0.0668684,54704,0,0.1,0,0.192308,0.42365,105200,0,0.1,0,0,0.1,0,0.1,0.125261,50496,0.138889,0.074967,63120,0,0.1,0,0.00961538,0.0761807,4208,0,0.1,0,0,0.1,0,0.115385,0.109743,63120,0.215385,0.218204,117824
42.6,0.175,0.0622787,88368,0,0.1,0,0.115385,0.0610028,63120,0,0.1,0,0.192308,0.425765,105200,0,0.1,0,0,0.1,0,0.1,0.141097,54704,0.127119,0.074967,63120,0,0.1,0,0.0104167,0.0761807,4208,0,0.1,0,0,0.1,0,0.116667,0.116449,58912,0.225,0.230705,113616
42.7,0.205357,0.0624363,96784,0,0.1,0,0.116667,0.0605537,58912,0,0.1,0,0.191667,0.421148,96784,0,0.1,0,0,0.1,0,0.107692,0.1646,58912,0.141667,0.0897767,71536,0,0.1,0,0.00961538,0.0761807,4208,0,0.1,0,0,0.1,0,0.1,0.122681,54704,0.2,0.248436,109408
42.8,0.213115,0.0578595,109408,0,0.1,0,0.107692,0.0556038,58912,0,0.1,0,0.169231,0.421233,92576,0,0.1,0,0,0.1,0,0.15,0.195651,75744,0.142857,0.0944629,67328,0,0.1,0,0.00961538,0.0761807,4208,0,0.1,0,0,0.1,0,0.0846154,0.139755,46288,0.192308,0.250198,105200
42.9,0.209677,0.0566535,109408,0,0.1,0,0.1,0.0591972,54704,0,0.1,0,0.169231,0.421233,92576,0,0.1,0,0,0.1,0,0.130769,0.213503,71536,0.131148,0.0944629,67328,0,0.1,0,0.0104167,0.0761807,4208,0,0.1,0,0,0.1,0,0.0916667,0.139755,46288,0.2,0.26593,100992
43,0.224138,0.0539887,109408,0,0.1,0,0.141667,0.0606869,71536,0,0.1,0,0.183333,0.420616,92576,0,0.1,0,0,0.1,0,0.123077,0.215758,67328,0.129032,0.0944629,67328,0,0.1,0,0.00961538,0.0761807,4208,0,0.1,0,0,0.1,0,0.0692308,0.148202,37872,0.176923,0.282054,96784
43.1,0.214286,0.0533248,113616,0,0.1,0,0.138462,0.0581692,75744,0,0.1,0,0.169231,0.422106,92576,0,0.1,0,0,0.1,0,0.116667,0.237834,58912,0.137931,0.109052,67328,0,0.1,0,0.00961538,0.0761807,4208,0,0.1,0,0,0.1,0,0.0615385,0.157278,33664,0.176923,0.302106,96784
43.2,0.234375,0.0539085,126240,0,0.1,0,0.130769,0.0589482,71536,0,0.1,0,0.153846,0.422377,84160,0,0.1,0,0,0.1,0,0.130769,0.270501,71536,0.119048,0.110633,63120,0,0.1,0,0.0104167,0.0761807,4208,0,0.1,0,0,0.1,0,0.0583333,0.16554,29456,0.183333,0.303074,92576
43.3,0.258333,0.0535709,130448,0,0.1,0,0.133333,0.0501417,67328,0,0.1,0,0.191667,0.414963,96784,0,0.1,0,0,0.1,0,0.115385,0.29078,63120,0.117188,0.13379,63120,0,0.1,0,0.00961538,0.0761807,4208,0,0.1,0,0,0.1,0,0.0461538,0.179099,25248,0.153846,0.327522,84160
43.4,0.246154,0.0536233,134656,0,0.1,0,0.130769,0.0509016,71536,0,0.1,0,0.184615,0.417463,100992,0,0.1,0,0,0.1,0,0.133333,0.30275,67328,0.141667,0.166638,71536,0,0.1,0,0.00961538,0.0761807,4208,0,0.1,0,0,0.1,0,0.0461538,0.179099,25248,0.138462,0.34608,75744
43.5,0.261538,0.050573,143072,0,0.1,0,0.123077,0.0454585,67328,0,0.1,0,0.192308,0.417695,105200,0,0.1,0,0,0.1,0,0.123077,0.329257,67328,0.123077,0.205582,67328,0,0.1,0,0.0104167,0.0761807,4208,0,0.1,0,0,0.1,0,0.0416667,0.181024,21040,0.166667,0.35705,84160
43.6,0.3,0.0459675,151488,0,0.1,0,0.141667,0.0462824,71536,0,0.1,0,0.216667,0.417954,109408,0,0.1,0,0.00769231,0.528003,4208,0.138462,0.338196,75744,0.115385,0.217878,63120,0,0.1,0,0.00961538,0.0761807,4208,0,0.1,0,0,0.1,0,0.0307692,0.206256,16832,0.153846,0.368669,84160
43.7,0.261538,0.0442626,143072,0,0.1,0,0.146154,0.0513818,79952,0,0.1,0,0.184615,0.420361,100992,0,0.1,0,0.00833333,0.528003,4208,0.141667,0.351508,71536,0.125,0.245116,63120,0,0.1,0,0.00961538,0.0761807,4208,0,0.1,0,0,0.1,0,0.0230769,0.209914,12624,0.161538,0.374141,88368
43.8,0.253846,0.0397507,138864,0,0.1,0,0.146154,0.049485,79952,0,0.1,0,0.184615,0.422059,100992,0,0.1,0,0.00769231,0.528003,4208,0.146154,0.364241,79952,0.123077,0.258589,67328,0,0.1,0,0.0104167,0.0761807,4208,0,0.1,0,0,0.1,0,0.0166667,0.182766,8416,0.158333,0.387391,79952
43.9,0.275,0.0396085,138864,0,0.1,0,0.158333,0.049485,79952,0,0.1,0,0.208333,0.420484,105200,0,0.1,0,0.00769231,0.528003,4208,0.169231,0.364411,92576,0.115385,0.271439,63120,0,0.1,0,0.00961538,0.0761807,4208,0,0.1,0,0,0.1,0,0.0153846,0.182766,8416,0.138462,0.399443,75744
44,0.246154,0.0403258,134656,0,0.1,0,0.169231,0.0479872,92576,0,0.1,0,0.184615,0.421796,100992,0,0.1,0,0.0166667,0.53773,8416,0.216667,0.366862,109408,0.125,0.271439,63120,0,0.1,0,0.00961538,0.0761807,4208,0,0.1,0,0,0.1,0,0.00769231,0.21755,4208,0.123077,0.409703,67328
44.1,0.246154,0.0422293,134656,0,0.1,0,0.169231,0.0478737,92576,0,0.1,0,0.192308,0.422668,105200,0,0.1,0,0.0153846,0.53773,8416,0.2,0.366862,109408,0.115385,0.271439,63120,0,0.1,0,0.0104167,0.0761807,4208,0,0.1,0,0,0.1,0,0.00833333,0.21755,4208,0.133333,0.416366,67328
44.2,0.283333,0.0440682,143072,0,0.1,0,0.191667,0.0473242,96784,0,0.1,0,0.183333,0.420578,92576,0,0.1,0,0.0153846,0.53773,8416,0.2,0.373318,109408,0.0923077,0.304949,50496,0,0.1,0,0.00961538,0.0761807,4208,0,0.1,0,0,0.1,0,0,0.1,0,0.123077,0.42932,67328
44.3,0.253846,0.0434312,138864,0,0.1,0,0.2,0.0450661,109408,0,0.1,0,0.176923,0.431389,96784,0,0.1,0,0.025,0.488701,12624,0.216667,0.373318,109408,0.108333,0.335854,54704,0,0.1,0,0.00961538,0.0761807,4208,0,0.1,0,0,0.1,0,0,0.1,0,0.123077,0.42932,67328
44.4,0.238462,0.0437505,130448,0,0.1,0,0.2,0.0480058,109408,0,0.1,0,0.176923,0.435556,96784,0,0.1,0,0.0230769,0.488701,12624,0.207692,0.376603,113616,0.1,0.364043,54704,0,0.1,0,0,0.1,0,0,0.1,0,0,0.1,0,0,0.1,0,0.125,0.438007,63120
44.5,0.258333,0.0437505,130448,0,0.1,0,0.2,0.0500998,100992,0,0.1,0,0.183333,0.436538,92576,0,0.1,0,0.0307692,0.471035,16832,0.207692,0.37912,113616,0.107692,0.366922,58912,0,0.1,0,0,0.1,0,0,0.1,0,0,0.1,0,0,0.1,0,0.107692,0.44138,58912
44.6,0.223077,0.0423477,122032,0,0.1,0,0.176923,0.0492619,96784,0,0.1,0,0.176923,0.436613,96784,0,0.1,0,0.0416667,0.478088,21040,0.208333,0.388022,105200,0.1,0.394601,50496,0,0.1,0,0,0.1,0,0,0.1,0,0,0.1,0,0,0.1,0,0.115385,0.442304,63120
44.7,0.207692,0.0475825,113616,0,0.1,0,0.176923,0.0542042,96784,0,0.1,0,0.176923,0.429804,96784,0,0.1,0,0.0384615,0.478088,21040,0.169231,0.407251,92576,0.0923077,0.394601,50496,0,0.1,0,0,0.1,0,0,0.1,0,0,0.1,0,0,0.1,0,0.141667,0.437743,71536
44.8,0.225,0.0566481,113616,0,0.1,0,0.2,0.0550118,100992,0,0.1,0,0.2,0.423193,100992,0,0.1,0,0.0384615,0.478088,21040,0.176923,0.411559,96784,0.107692,0.399269,58912,0,0.1,0,0,0.1,0,0,0.1,0,0,0.1,0,0,0.1,0,0.123077,0.439199,67328
44.9,0.215385,0.0724716,117824,0,0.1,0,0.169231,0.0631537,92576,0,0.1,0,0.169231,0.420452,92576,0,0.1,0,0.05,0.416008,25248,0.191667,0.411559,96784,0.125,0.400765,63120,0,0.1,0,0,0.1,0,0,0.1,0,0,0.1,0,0,0.1,0,0.115385,0.438109,63120
45,0.215385,0.0942051,117824,0.00961538,0.410075,4208,0.176923,0.0784973,96784,0,0.1,0,0.161538,0.419256,88368,0,0.1,0,0.0538462,0.384878,29456,0.184615,0.409941,100992,0.115385,0.434585,63120,0,0.1,0,0,0.1,0,0,0.1,0,0,0.1,0,0,0.1,0,0.108333,0.4388,54704
45.1,0.225,0.107065,113616,0.0104167,0.410075,4208,0.2,0.0864743,100992,0,0.1,0,0.166667,0.417735,84160,0,0.1,0,0.0615385,0.349808,33664,0.161538,0.408083,88368,0.130769,0.426228,71536,0,0.1,0,0,0.1,0,0,0.1,0,0,0.1,0,0,0.1,0,0.107692,0.435655,58912
45.2,0.192308,0.111048,105200,0.00961538,0.410075,4208,0.192308,0.107219,105200,0,0.1,0,0.153846,0.427166,84160,0,0.1,0,0.0833333,0.288132,42080,0.191667,0.409036,96784,0.133333,0.428168,67328,0,0.1,0,0,0.1,0,0,0.1,0,0,0.1,0,0,0.1,0,0.115385,0.429817,63120
45.3,0.223077,0.121348,122032,0.00961538,0.410075,4208,0.2,0.122604,109408,0,0.1,0,0.161538,0.427626,88368,0,0.1,0,0.0769231,0.288132,42080,0.176923,0.407808,96784,0.115385,0.426505,63120,0,0.1,0,0,0.1,0,0.0104167,0.513536,4208,0,0.1,0,0,0.1,0,0.133333,0.425944,67328
45.4,0.233333,0.127823,117824,0.0104167,0.410075,4208,0.225,0.132729,113616,0,0.1,0,0.166667,0.427844,84160,0,0.1,0,0.0846154,0.270695,46288,0.176923,0.399687,96784,0.1,0.439424,54704,0,0.1,0,0,0.1,0,0.00961538,0.513536,4208,0,0.1,0,0.00769231,0.634961,4208,0.115385,0.416854,63120
45.5,0.2,0.136094,109408,0.0192308,0.448711,8416,0.2,0.135546,109408,0,0.1,0,0.153846,0.42932,84160,0,0.1,0,0.0833333,0.244964,42080,0.183333,0.396481,92576,0.108333,0.439424,54704,0,0.1,0,0,0.1,0,0.0288462,0.497879,12624,0,0.1,0,0.00769231,0.634961,4208,0.130769,0.393225,71536
45.6,0.215385,0.135223,117824,0.0192308,0.448711,8416,0.192308,0.149086,105200,0,0.1,0,0.153846,0.42932,84160,0,0.1,0,0.0769231,0.244964,42080,0.192308,0.398608,105200,0.0923077,0.441562,50496,0,0.1,0,0,0.1,0,0.03125,0.497879,12624,0,0.1,0,0.00833333,0.634961,4208,0.166667,0.33749,84160
45.7,0.233333,0.133981,117824,0.03125,0.465798,12624,0.208333,0.162888,105200,0,0.1,0,0.15,0.428421,75744,0,0.1,0,0.0769231,0.244964,42080,0.192308,0.412978,105200,0.0846154,0.439824,46288,0,0.1,0,0,0.1,0,0.0288462,0.497879,12624,0,0.1,0,0.0230769,0.674023,12624,0.153846,0.327048,84160
45.8,0.223077,0.12853,122032,0.0288462,0.465798,12624,0.2,0.174074,109408,0,0.1,0,0.146154,0.433654,79952,0,0.1,0,0.0833333,0.244964,42080,0.191667,0.415675,96784,0.0916667,0.439824,46288,0,0.1,0,0,0.1,0,0.0288462,0.497879,12624,0,0.1,0,0.0230769,0.674023,12624,0.169231,0.281345,92576
45.9,0.207692,0.133913,113616,0.0288462,0.465798,12624,0.2,0.220892,109408,0,0.1,0,0.161538,0.438145,88368,0,0.1,0,0.0692308,0.211354,37872,0.146154,0.423113,79952,0.1,0.436148,54704,0,0.1,0,0,0.1,0,0.03125,0.497879,12624,0,0.1,0,0.0333333,0.674599,16832,0.183333,0.281345,92576
46,0.233333,0.127273,117824,0.03125,0.465798,12624,0.241667,0.254133,122032,0,0.1,0,0.166667,0.437872,84160,0,0.1,0,0.0692308,0.211354,37872,0.153846,0.424587,84160,0.107692,0.436208,58912,0,0.1,0,0,0.1,0,0.0384615,0.519815,16832,0,0.1,0,0.0307692,0.674599,16832,0.192308,0.238422,105200
46.1,0.2,0.13141,109408,0.0288462,0.465798,12624,0.215385,0.261951,117824,0,0.1,0,0.169231,0.442134,92576,0,0.1,0,0.0833333,0.193969,42080,0.166667,0.427563,84160,0.133333,0.428679,67328,0,0.1,0,0,0.1,0,0.0384615,0.519815,16832,0,0.1,0,0.0384615,0.69433,21040,0.192308,0.221186,105200
46.2,0.2,0.132694,109408,0.0288462,0.465798,12624,0.215385,0.299516,117824,0,0.1,0,0.153846,0.437005,84160,0,0.1,0,0.0692308,0.172116,37872,0.169231,0.423406,92576,0.107692,0.428986,58912,0,0.1,0,0,0.1,0,0.0520833,0.543123,21040,0,0.1,0,0.0416667,0.69433,21040,0.233333,0.205432,117824
46.3,0.233333,0.1263,117824,0.03125,0.465798,12624,0.233333,0.32421,117824,0,0.1,0,0.15,0.434207,75744,0,0.1,0,0.0769231,0.162653,42080,0.161538,0.446065,88368,0.107692,0.423901,58912,0,0.1,0,0,0.1,0,0.0480769,0.543123,21040,0,0.1,0,0.0384615,0.69433,21040,0.230769,0.194566,126240
46.4,0.223077,0.122516,122032,0.0288462,0.465798,12624,0.223077,0.323834,122032,0,0.1,0,0.130769,0.43064,71536,0,0.1,0,0.075,0.134277,37872,0.175,0.44651,88368,0.108333,0.425405,54704,0,0.1,0,0,0.1,0,0.0576923,0.54231,25248,0,0.1,0,0.0384615,0.69433,21040,0.230769,0.194566,126240
46.5,0.223077,0.122516,122032,0.0288462,0.465798,12624,0.230769,0.326269,126240,0,0.1,0,0.123077,0.436421,67328,0,0.1,0,0.0615385,0.0877743,33664,0.184615,0.44392,100992,0.1,0.425405,54704,0,0.1,0,0,0.1,0,0.0625,0.54231,25248,0,0.1,0,0.0416667,0.69433,21040,0.233333,0.178169,117824
46.6,0.233333,0.122429,117824,0.03125,0.465798,12624,0.25,0.332709,126240,0,0.1,0,0.125,0.445921,63120,0,0.1,0,0.0615385,0.0877743,33664,0.2,0.44071,109408,0.1,0.425405,54704,0,0.1,0,0,0.1,0,0.0566038,0.54231,25248,0,0.1,0,0.0538462,0.696602,29456,0.2,0.160834,109408
46.7,0.224806,0.111546,122032,0.0283019,0.465798,12624,0.238462,0.357561,130448,0,0.1,0,0.107692,0.458405,58912,0,0.1,0,0.0666667,0.0877743,33664,0.225,0.438177,113616,0.0916667,0.425064,46288,0,0.1,0,0,0.1,0,0.0648148,0.54734,29456,0,0.1,0,0.0538462,0.696602,29456,0.2,0.160834,109408
46.8,0.210938,0.100233,113616,0.0277778,0.465798,12624,0.238462,0.366691,130448,0,0.1,0,0.115385,0.457159,63120,0,0.1,0,0.0538462,0.0852268,29456,0.223077,0.434569,122032,0.0846154,0.430429,46288,0,0.1,0,0,0.1,0,0.07,0.54734,29456,0,0.1,0,0.0583333,0.696602,29456,0.216667,0.160834,109408
46.9,0.20339,0.0843614,100992,0.02,0.49366,8416,0.266667,0.357135,134656,0,0.1,0,0.125,0.457159,63120,0,0.1,0,0.0461538,0.0664142,25248,0.223077,0.432303,122032,0.0769231,0.398828,42080,0,0.1,0,0,0.1,0,0.0727273,0.554213,33664,0,0.1,0,0.0538462,0.696602,29456,0.2,0.160834,109408
47,0.188976,0.0687976,100992,0.0181818,0.49366,8416,0.261538,0.333215,143072,0,0.1,0,0.123077,0.459932,67328,0,0.1,0,0.0416667,0.0588336,21040,0.258333,0.427385,130448,0.075,0.401174,37872,0,0.1,0,0,0.1,0,0.0714286,0.554213,33664,0,0.1,0,0.0538462,0.696602,29456,0.192308,0.151476,105200
47.1,0.198413,0.0682352,105200,0.0178571,0.49366,8416,0.246154,0.333691,134656,0,0.1,0,0.1,0.467205,54704,0,0.1,0,0.0230769,0.0704388,12624,0.230769,0.428566,126240,0.0846154,0.407111,46288,0,0.1,0,0,0.1,0,0.0769231,0.554213,33664,0,0.1,0,0.075,0.724645,37872,0.191667,0.128181,96784
47.2,0.198276,0.0426929,96784,0.0192308,0.49366,8416,0.258333,0.32837,130448,0,0.1,0,0.108333,0.465351,54704,0,0.1,0,0.0230769,0.0704388,12624,0.238462,0.418415,130448,0.0846154,0.40964,46288,0,0.1,0,0,0.1,0,0.0614035,0.560024,29456,0,0.1,0,0.0692308,0.724645,37872,0.169231,0.117287,92576
47.3,0.192,0.0405853,100992,0.0175439,0.49366,8416,0.238462,0.317062,130448,0,0.1,0,0.107692,0.469864,58912,0,0.1,0,0.0166667,0.0574953,8416,0.25,0.422651,126240,0.0916667,0.40964,46288,0,0.1,0,0,0.1,0,0.0603448,0.560024,29456,0,0.1,0,0.0615385,0.735855,33664,0.161538,0.10624,88368
47.4,0.193548,0.0435555,100992,0.00862069,0.499972,4208,0.246154,0.309704,134656,0,0.1,0,0.1,0.471087,54704,0.0102041,0.00729986,4208,0.0153846,0.0574953,8416,0.261538,0.406544,143072,0.0846154,0.40964,46288,0,0.1,0,0,0.1,0,0.0462963,0.588013,21040,0,0.1,0,0.0666667,0.735855,33664,0.15,0.0734996,75744
47.5,0.210526,0.0368856,100992,0.00925926,0.499972,4208,0.275,0.29339,138864,0,0.1,0,0.108333,0.471087,54704,0.0103093,0.00729986,4208,0.0153846,0.0574953,8416,0.261538,0.42475,143072,0.107692,0.411608,58912,0,0.1,0,0,0.1,0,0.0423729,0.588013,21040,0,0.1,0,0.0615385,0.735855,33664,0.107692,0.0553167,58912
47.6,0.178862,0.0355186,92576,0,0.1,0,0.261538,0.276402,143072,0,0.1,0,0.1,0.471087,54704,0.011236,0.00729986,4208,0.0166667,0.0574953,8416,0.266667,0.41054,134656,0.125,0.411255,63120,0,0.1,0,0,0.1,0,0.0416667,0.588013,21040,0,0.1,0,0.0461538,0.749956,25248,0.1,0.0465917,54704
47.7,0.163934,0.0369037,84160,0,0.1,0,0.261538,0.265605,143072,0,0.1,0,0.0923077,0.473107,50496,0.0104167,0.00729986,4208,0.0153846,0.0574953,8416,0.238462,0.413056,130448,0.115385,0.411255,63120,0,0.1,0,0,0.1,0,0.0446429,0.588013,21040,0,0.1,0,0.05,0.749956,25248,0.0833333,0.0495056,42080
47.8,0.1875,0.0372376,88368,0,0.1,0,0.258333,0.248316,130448,0,0.1,0,0.0833333,0.471567,42080,0.0105263,0.00729986,4208,0.0153846,0.0574953,8416,0.246154,0.423512,134656,0.1,0.410536,54704,0,0.1,0,0,0.1,0,0.0491803,0.609821,25248,0,0.1,0,0.0384615,0.764681,21040,0.0769231,0.0495056,42080
47.9,0.173554,0.0364171,88368,0,0.1,0,0.230769,0.206642,126240,0,0.1,0,0.0846154,0.475,46288,0.0114943,0.00729986,4208,0.0166667,0.0574953,8416,0.291667,0.425757,147280,0.1,0.408331,50496,0,0.1,0,0,0.1,0,0.0403226,0.614661,21040,0,0.1,0,0.0384615,0.764681,21040,0.0461538,0.0585515,25248
48,0.175,0.0364171,88368,0,0.1,0,0.253846,0.188896,138864,0,0.1,0,0.0692308,0.472832,37872,0.0106383,0.00729986,4208,0.00769231,0.077482,4208,0.261538,0.42735,143072,0.0923077,0.423397,50496,0,0.1,0,0,0.1,0,0.0431034,0.614661,21040,0,0.1,0,0.0333333,0.762538,16832,0.0416667,0.0614666,21040
48.1,0.181818,0.0349698,84160,0,0.1,0,0.266667,0.160952,134656,0,0.1,0,0.0666667,0.473828,33664,0.0107527,0.00729986,4208,0.00769231,0.077482,4208,0.261538,0.431672,143072,0.0923077,0.423397,50496,0,0.1,0,0,0.1,0,0.0396825,0.634799,21040,0,0.1,0,0.0307692,0.762538,16832,0.0153846,0.0424489,8416
48.2,0.159664,0.0321929,79952,0,0.1,0,0.230769,0.145013,126240,0,0.1,0,0.0692308,0.473921,37872,0.0117647,0.00729986,4208,0,0.1,0,0.283333,0.418745,143072,0.0916667,0.426726,46288,0,0.1,0,0,0.1,0,0.0390625,0.634799,21040,0,0.1,0,0.0307692,0.762538,16832,0,0.1,0
48.3,0.152542,0.0330598,75744,0,0.1,0,0.238462,0.135517,130448,0,0.1,0,0.0692308,0.473921,37872,0.0108696,0.00729986,4208,0,0.1,0,0.261538,0.421343,143072,0.0923077,0.427905,50496,0,0.1,0,0,0.1,0,0.0416667,0.639986,21040,0,0.1,0,0.0333333,0.762538,16832,0,0.1,0
48.4,0.185185,0.0346685,84160,0,0.1,0,0.258333,0.124274,130448,0,0.1,0,0.0666667,0.475641,33664,0.010989,0.00729986,4208,0,0.1,0,0.253846,0.421573,138864,0.0923077,0.427905,50496,0,0.1,0,0,0.1,0,0.0384615,0.639986,21040,0,0.1,0,0.0307692,0.762538,16832,0.00769231,0.0818341,4208
48.5,0.17094,0.0346685,84160,0,0.1,0,0.230769,0.116595,126240,0,0.1,0,0.0692308,0.478111,37872,0.0238095,0.00756243,8416,0,0.1,0,0.258333,0.419501,130448,0.108333,0.423877,54704,0,0.1,0,0,0.1,0,0.0538462,0.561806,29456,0,0.1,0,0.0153846,0.822793,8416,0.0230769,0.107582,12624
48.6,0.162393,0.0380322,79952,0,0.1,0,0.207692,0.0826518,113616,0,0.1,0,0.0692308,0.478111,37872,0.021978,0.00756243,8416,0,0.1,0,0.215385,0.419902,117824,0.130769,0.427769,71536,0,0.1,0,0,0.1,0,0.0583333,0.50843,29456,0,0.1,0,0.0166667,0.822793,8416,0.025,0.107582,12624
48.7,0.185185,0.0407612,84160,0,0.1,0,0.208333,0.0646943,105200,0,0.1,0,0.0666667,0.482912,33664,0.021978,0.00756243,8416,0,0.1,0,0.215385,0.423666,117824,0.123077,0.42446,67328,0,0.1,0,0,0.1,0,0.0692308,0.512678,37872,0,0.1,0,0.0153846,0.822793,8416,0.0307692,0.126139,16832
48.8,0.179487,0.0462153,88368,0,0.1,0,0.169231,0.051138,92576,0,0.1,0,0.0615385,0.482912,33664,0.0238095,0.00756243,8416,0,0.1,0,0.233333,0.426786,117824,0.141667,0.427895,71536,0,0.1,0,0,0.1,0,0.0615385,0.501472,33664,0,0.1,0,0.0153846,0.822793,8416,0.0307692,0.126139,16832
48.9,0.179487,0.0694398,88368,0,0.1,0,0.146154,0.0502159,79952,0,0.1,0,0.0538462,0.480252,29456,0.032967,0.00891775,12624,0,0.1,0,0.216,0.432737,113616,0.130769,0.433682,71536,0,0.1,0,0,0.1,0,0.0666667,0.501472,33664,0,0.1,0,0.0166667,0.822793,8416,0.0333333,0.126139,16832
49,0.194444,0.0754277,88368,0,0.1,0,0.158333,0.0502159,79952,0,0.1,0,0.0666667,0.463548,33664,0.032967,0.00891775,12624,0,0.1,0,0.216667,0.432222,109408,0.115385,0.433663,63120,0,0.1,0,0,0.1,0,0.0615385,0.501472,33664,0,0.1,0,0,0.1,0,0.0384615,0.134563,21040
49.1,0.188034,0.10876,92576,0,0.1,0,0.138462,0.0490236,75744,0,0.1,0,0.0615385,0.441994,33664,0.0357143,0.00891775,12624,0.00833333,0.328063,4208,0.227273,0.44249,105200,0.133333,0.421495,67328,0,0.1,0,0,0.1,0,0.0615385,0.501472,33664,0,0.1,0,0,0.1,0,0.0461538,0.115067,25248
49.2,0.179487,0.12272,88368,0,0.1,0,0.130769,0.049237,71536,0,0.1,0,0.0615385,0.430682,33664,0.032967,0.00891775,12624,0.00769231,0.328063,4208,0.234783,0.436358,113616,0.123077,0.421495,67328,0,0.1,0,0,0.1,0,0.0666667,0.501472,33664,0,0.1,0,0,0.1,0,0.05,0.115067,25248
49.3,0.203704,0.132285,92576,0,0.1,0,0.133333,0.0472144,67328,0,0.1,0,0.0666667,0.430682,33664,0.021978,0.00972669,8416,0.0153846,0.382039,8416,0.218182,0.453053,100992,0.138462,0.405084,75744,0,0.1,0,0,0.1,0,0.0615385,0.501472,33664,0,0.1,0,0,0.1,0,0.0615385,0.114757,33664
49.4,0.188034,0.142916,92576,0,0.1,0,0.107692,0.0422613,58912,0,0.1,0,0.0615385,0.430682,33664,0.0357143,0.022188,12624,0.025,0.434995,12624,0.23,0.413155,96784,0.125,0.402336,63120,0,0.1,0,0,0.1,0,0.0615385,0.501472,33664,0,0.1,0,0,0.1,0,0.0615385,0.114757,33664
49.5,0.222222,0.147453,109408,0,0.1,0,0.0923077,0.0438427,50496,0,0.1,0,0.0615385,0.430682,33664,0.043956,0.0252094,16832,0.0230769,0.434995,12624,0.219048,0.413155,96784,0.115385,0.385061,63120,0,0.1,0,0,0.1,0,0.0666667,0.501472,33664,0,0.1,0,0,0.1,0,0.0666667,0.114757,33664
49.6,0.259259,0.149415,117824,0,0.1,0,0.0916667,0.0399536,46288,0,0.1,0,0.075,0.431963,37872,0.043956,0.0252094,16832,0.0230769,0.434995,12624,0.26,0.388355,109408,0.115385,0.385061,63120,0.0169492,0.289355,4208,0,0.1,0,0.0615385,0.501472,33664,0,0.1,0,0,0.1,0,0.0692308,0.105859,37872
49.7,0.230769,0.153322,113616,0,0.1,0,0.0846154,0.0399536,46288,0,0.1,0,0.0769231,0.433807,42080,0.047619,0.0252094,16832,0.025,0.434995,12624,0.311111,0.350812,117824,0.125,0.385061,63120,0.0192308,0.289355,4208,0,0.1,0,0.0538462,0.470417,29456,0,0.1,0,0,0.1,0,0.0692308,0.105859,37872
49.8,0.222222,0.167266,109408,0,0.1,0,0.0615385,0.0373258,33664,0,0.1,0,0.0923077,0.430264,50496,0.043956,0.0252094,16832,0.0230769,0.434995,12624,0.263158,0.328276,105200,0.123077,0.363213,67328,0.0181818,0.289355,4208,0,0.1,0,0.0583333,0.470417,29456,0,0.1,0,0,0.1,0,0.0833333,0.107134,42080
49.9,0.259259,0.174009,117824,0,0.1,0,0.05,0.04879,25248,0,0.1,0,0.108333,0.427455,54704,0.043956,0.0252094,16832,0.0230769,0.434995,12624,0.288889,0.319579,109408,0.107692,0.348476,58912,0.0196078,0.289355,4208,0,0.1,0,0.0538462,0.470417,29456,0,0.1,0,0,0.1,0,0.0846154,0.103369,46288
50,0.239316,0.174009,117824,0,0.1,0,0.0307692,0.0601836,16832,0,0.1,0,0.115385,0.433473,63120,0.047619,0.0252094,16832,0.0333333,0.46189,16832,0.3125,0.299506,105200,0.125,0.327355,63120,0.0227273,0.289355,4208,0,0.1,0,0.0461538,0.425979,25248,0,0.1,0,0,0.1,0,0.0846154,0.103369,46288
50.1,0.230769,0.186222,113616,0,0.1,0,0.0307692,0.0601836,16832,0,0.1,0,0.107692,0.430531,58912,0.043956,0.0252094,16832,0.0307692,0.46189,16832,0.305882,0.274344,109408,0.115385,0.327355,63120,0.0212766,0.289355,4208,0,0.1,0,0.05,0.425979,25248,0,0.1,0,0,0.1,0,0.0916667,0.103369,46288
50.2,0.268519,0.192436,122032,0,0.1,0,0.0166667,0.0383925,8416,0,0.1,0,0.125,0.430409,63120,0.0549451,0.0378714,21040,0.0307692,0.46189,16832,0.294118,0.265449,105200,0.115385,0.300045,63120,0.0232558,0.289355,4208,0,0.1,0,0.0384615,0.398339,21040,0,0.1,0,0,0.1,0,0.0846154,0.103369,46288
50.3,0.247863,0.2115,122032,0,0.1,0,0.00769231,0.0284307,4208,0,0.1,0,0.123077,0.434648,67328,0.0595238,0.0378714,21040,0.0416667,0.477494,21040,0.333333,0.23597,105200,0.125,0.300045,63120,0.0277778,0.289355,4208,0,0.1,0,0.0384615,0.398339,21040,0,0.1,0,0,0.1,0,0.0846154,0.11224,46288
50.4,0.247863,0.2115,122032,0,0.1,0,0.00769231,0.0284307,4208,0,0.1,0,0.115385,0.430433,63120,0.0659341,0.0614831,25248,0.0384615,0.477494,21040,0.317647,0.206802,113616,0.107692,0.294653,58912,0.025641,0.289355,4208,0,0.1,0,0.025,0.419659,12624,0,0.1,0,0,0.1,0,0.075,0.110415,37872
50.5,0.259259,0.216114,117824,0,0.1,0,0.00833333,0.0284307,4208,0,0.1,0,0.125,0.430433,63120,0.0769231,0.0687284,29456,0.0461538,0.485205,25248,0.317647,0.206802,113616,0.0769231,0.236347,42080,0.0232558,0.289355,4208,0,0.1,0,0.0153846,0.527547,8416,0,0.1,0,0,0.1,0,0.0692308,0.110415,37872
50.6,0.239316,0.218771,117824,0,0.1,0,0.00769231,0.0284307,4208,0,0.1,0,0.123077,0.434557,67328,0.0833333,0.0687284,29456,0.05,0.485205,25248,0.346667,0.182306,109408,0.0916667,0.226443,46288,0.025,0.289355,4208,0,0.1,0,0,0.1,0,0,0.1,0,0,0.1,0,0.0615385,0.10149,33664
50.7,0.239316,0.222106,117824,0,0.1,0,0.00769231,0.0284307,4208,0,0.1,0,0.123077,0.434557,67328,0.0769231,0.0687284,29456,0.0461538,0.485205,25248,0.329412,0.159858,117824,0.0846154,0.184212,46288,0.0212766,0.289355,4208,0,0.1,0,0,0.1,0,0,0.1,0,0,0.1,0,0.0666667,0.10149,33664
50.8,0.25,0.213454,113616,0,0.1,0,0.00833333,0.0284307,4208,0,0.1,0,0.133333,0.434557,67328,0.0659341,0.0782451,25248,0.0538462,0.496079,29456,0.322222,0.139669,122032,0.0846154,0.144958,46288,0.0196078,0.289355,4208,0,0.1,0,0,0.1,0,0,0.1,0,0,0.1,0,0.0615385,0.10149,33664
50.9,0.239316,0.209364,117824,0,0.1,0,0.0153846,0.0468616,8416,0,0.1,0,0.115385,0.440419,63120,0.0714286,0.0782451,25248,0.075,0.50214,37872,0.341176,0.139669,122032,0.108333,0.135871,54704,0.0208333,0.289355,4208,0,0.1,0,0,0.1,0,0,0.1,0,0,0.1,0,0.0538462,0.091952,29456
51,0.205128,0.207468,100992,0,0.1,0,0.0153846,0.0468616,8416,0,0.1,0,0.1,0.453157,54704,0.0659341,0.0782451,25248,0.0615385,0.523899,33664,0.326316,0.123063,130448,0.0923077,0.0955738,50496,0.0181818,0.289355,4208,0,0.1,0,0,0.1,0,0,0.1,0,0,0.1,0,0.05,0.104346,25248
51.1,0.222222,0.20588,100992,0,0.1,0,0.0166667,0.0468616,8416,0,0.1,0,0.1,0.454418,50496,0.0659341,0.0782451,25248,0.0615385,0.523899,33664,0.3,0.103336,126240,0.0923077,0.0955738,50496,0.0169492,0.289355,4208,0,0.1,0,0,0.1,0,0,0.1,0,0,0.1,0,0.0461538,0.104346,25248
51.2,0.205128,0.205829,100992,0,0.1,0,0.0153846,0.0468616,8416,0,0.1,0,0.1,0.448621,54704,0.0833333,0.0706136,29456,0.0583333,0.536454,29456,0.305263,0.087973,122032,0.1,0.0665951,50496,0.0178571,0.289355,4208,0,0.1,0,0,0.1,0,0,0.1,0,0,0.1,0,0.0307692,0.0996066,16832
51.3,0.205128,0.207712,100992,0,0.1,0,0.0153846,0.0468616,8416,0,0.1,0,0.107692,0.451643,58912,0.0659341,0.0745307,25248,0.0461538,0.535712,25248,0.285714,0.0719364,126240,0.0923077,0.0665951,50496,0.015873,0.289355,4208,0,0.1,0,0,0.1,0,0,0.1,0,0,0.1,0,0.0333333,0.0996066,16832
51.4,0.194444,0.21451,88368,0,0.1,0,0.0166667,0.0468616,8416,0,0.1,0,0.116667,0.451643,58912,0.0659341,0.0695413,25248,0.0461538,0.535712,25248,0.281818,0.0731724,130448,0.0846154,0.0592682,46288,0.0149254,0.289355,4208,0,0.1,0,0,0.1,0,0,0.1,0,0,0.1,0,0.0307692,0.0996066,16832
51.5,0.162393,0.218678,79952,0,0.1,0,0.0153846,0.0468616,8416,0,0.1,0,0.0923077,0.451425,50496,0.0714286,0.0695413,25248,0.05,0.535712,25248,0.266667,0.0597739,117824,0.1,0.0583345,50496,0,0.1,0,0,0.1,0,0,0.1,0,0,0.1,0,0,0.1,0,0.0230769,0.121251,12624
51.6,0.186441,0.20644,92576,0,0.1,0,0.0153846,0.0468616,8416,0,0.1,0,0.1,0.450563,54704,0.0957447,0.0534672,37872,0.0461538,0.535712,25248,0.236842,0.0455667,113616,0.0923077,0.0583345,50496,0,0.1,0,0,0.1,0,0,0.1,0,0,0.1,0,0,0.1,0,0.025,0.121251,12624
51.7,0.211009,0.212176,96784,0,0.1,0,0.025,0.0520253,12624,0,0.1,0,0.0916667,0.448107,46288,0.103093,0.0482893,42080,0.0461538,0.535712,25248,0.228814,0.0390584,113616,0.0846154,0.0604117,46288,0,0.1,0,0,0.1,0,0,0.1,0,0,0.1,0,0,0.1,0,0.0153846,0.12257,8416
51.8,0.184874,0.226906,92576,0,0.1,0,0.0153846,0.0638226,8416,0,0.1,0,0.0769231,0.453543,42080,0.122222,0.0518734,46288,0.05,0.535712,25248,0.238938,0.036506,113616,0.1,0.0597795,50496,0,0.1,0,0,0.1,0,0,0.1,0,0,0.1,0,0,0.1,0,0.00769231,0.179416,4208
51.9,0.191667,0.220784,96784,0,0.1,0,0.0153846,0.0638226,8416,0,0.1,0,0.0692308,0.452674,37872,0.12,0.0520866,50496,0.0384615,0.534339,21040,0.221311,0.0341204,113616,0.0846154,0.0623363,46288,0,0.1,0,0,0.1,0,0,0.1,0,0,0.1,0,0,0.1,0,0.00833333,0.179416,4208
52,0.198198,0.220577,92576,0,0.1,0,0.0166667,0.0638226,8416,0,0.1,0,0.0833333,0.446338,42080,0.116505,0.0520866,50496,0.0384615,0.534339,21040,0.214286,0.0323768,113616,0.0923077,0.064207,50496,0,0.1,0,0,0.1,0,0,0.1,0,0,0.1,0,0,0.1,0,0.00769231,0.179416,4208
52.1,0.173554,0.211704,88368,0,0.1,0,0.0153846,0.0638226,8416,0,0.1,0,0.0769231,0.448569,42080,0.125,0.0507405,50496,0.0416667,0.534339,21040,0.232759,0.0323768,113616,0.0916667,0.0672047,46288,0,0.1,0,0,0.1,0,0,0.1,0,0,0.1,0,0,0.1,0,0.00769231,0.179416,4208
52.2,0.155738,0.199717,79952,0,0.1,0,0.0153846,0.0638226,8416,0,0.1,0,0.0846154,0.450215,46288,0.122642,0.0473093,54704,0.0307692,0.532947,16832,0.216,0.0312162,113616,0.0846154,0.0672047,46288,0,0.1,0,0,0.1,0,0,0.1,0,0,0.1,0,0,0.1,0,0,0.1,0
52.3,0.168142,0.199717,79952,0,0.1,0,0.0416667,0.0582332,21040,0,0.1,0,0.1,0.443562,50496,0.110092,0.0399752,50496,0.0307692,0.532947,16832,0.193548,0.0327132,100992,0.0923077,0.0713715,50496,0,0.1,0,0,0.1,0,0,0.1,0,0,0.1,0,0,0.1,0,0,0.1,0
52.4,0.178862,0.214285,92576,0,0.1,0,0.0384615,0.0582332,21040,0,0.1,0,0.1,0.446361,54704,0.127451,0.0387671,54704,0.025,0.536009,12624,0.236842,0.0376984,113616,0.1,0.0713715,50496,0,0.1,0,0,0.1,0,0,0.1,0,0,0.1,0,0,0.1,0,0,0.1,0
52.5,0.177419,0.21861,92576,0,0.1,0,0.0538462,0.0711598,29456,0,0.1,0,0.1,0.440203,54704,0.125,0.0395318,58912,0.0230769,0.536009,12624,0.219512,0.0375618,113616,0.0923077,0.0656189,50496,0,0.1,0,0,0.1,0,0,0.1,0,0,0.1,0,0,0.1,0,0,0.1,0
52.6,0.208696,0.216897,100992,0,0.1,0,0.0583333,0.0711598,29456,0,0.1,0,0.108333,0.440203,54704,0.121739,0.0395318,58912,0.0230769,0.536009,12624,0.213115,0.0372638,109408,0.0923077,0.0717882,50496,0,0.1,0,0,0.1,0,0,0.1,0,0,0.1,0,0,0.1,0,0,0.1,0
52.7,0.192,0.239388,100992,0,0.1,0,0.0769231,0.0675944,42080,0,0.1,0,0.1,0.440203,54704,0.138889,0.0397623,63120,0.0166667,0.523353,8416,0.223214,0.0388105,105200,0.0916667,0.0768609,46288,0,0.1,0,0,0.1,0,0,0.1,0,0,0.1,0,0,0.1,0,0.0153846,0.0166995,8416
52.8,0.174603,0.24845,92576,0,0.1,0,0.0846154,0.0647421,46288,0,0.1,0,0.1,0.440203,54704,0.127119,0.0397623,63120,0,0.1,0,0.206612,0.0388105,105200,0.0923077,0.0648328,50496,0,0.1,0,0,0.1,0,0,0.1,0,0,0.1,0,0,0.1,0,0.025,0.043034,12624
52.9,0.230769,0.222203,113616,0,0.1,0,0.0916667,0.0647421,46288,0,0.1,0,0.116667,0.436905,58912,0.132231,0.0410207,67328,0,0.1,0,0.183333,0.0369675,92576,0.0923077,0.0635669,50496,0,0.1,0,0,0.1,0,0,0.1,0,0,0.1,0,0,0.1,0,0.0307692,0.0878953,16832
53,0.204724,0.222984,109408,0,0.1,0,0.0846154,0.0647421,46288,0,0.1,0,0.123077,0.442879,67328,0.140351,0.0410207,67328,0,0.1,0,0.190909,0.0385127,88368,0.1,0.0635669,50496,0,0.1,0,0,0.1,0,0,0.1,0,0,0.1,0,0,0.1,0,0.0307692,0.0878953,16832
53.1,0.203125,0.235202,109408,0,0.1,0,0.0846154,0.0647421,46288,0,0.1,0,0.115385,0.447133,63120,0.129032,0.0404251,67328,0,0.1,0,0.168067,0.038693,84160,0.0846154,0.054819,46288,0,0.1,0,0,0.1,0,0,0.1,0,0,0.1,0,0,0.1,0,0.0333333,0.0878953,16832
53.2,0.210084,0.232471,105200,0,0.1,0,0.125,0.0616626,63120,0,0.1,0,0.125,0.44146,63120,0.125984,0.0404251,67328,0.00769231,0.539897,4208,0.144068,0.0397698,71536,0.1,0.0490767,54704,0,0.1,0,0,0.1,0,0,0.1,0,0,0.1,0,0,0.1,0,0.0538462,0.069816,29456
53.3,0.209302,0.212679,113616,0,0.1,0,0.123077,0.0582852,67328,0,0.1,0,0.115385,0.44146,63120,0.133333,0.0434052,67328,0.0166667,0.475787,8416,0.148148,0.0353645,67328,0.108333,0.0490767,54704,0,0.1,0,0,0.1,0,0,0.1,0,0,0.1,0,0,0.1,0,0.0615385,0.0652319,33664
53.4,0.215385,0.207328,117824,0,0.1,0,0.130769,0.0559506,71536,0,0.1,0,0.123077,0.441242,67328,0.123077,0.0434052,67328,0.0153846,0.475787,8416,0.136752,0.0353645,67328,0.1,0.049593,54704,0,0.1,0,0,0.1,0,0,0.1,0,0,0.1,0,0,0.1,0,0.0833333,0.0701771,42080
53.5,0.225,0.206412,113616,0.0104167,0.485994,4208,0.141667,0.0559506,71536,0,0.1,0,0.125,0.444713,63120,0.1,0.048502,54704,0.0230769,0.499567,12624,0.119658,0.0382892,58912,0.107692,0.0540162,58912,0,0.1,0,0,0.1,0,0,0.1,0,0,0.1,0,0,0.1,0,0.0846154,0.071352,46288
53.6,0.207692,0.186632,113616,0.0192308,0.497259,8416,0.130769,0.0530081,71536,0,0.1,0,0.115385,0.450874,63120,0.108333,0.0505156,54704,0.025,0.499567,12624,0.12963,0.0761486,58912,0.116667,0.0540162,58912,0,0.1,0,0,0.1,0,0,0.1,0,0,0.1,0,0,0.1,0,0.0846154,0.071352,46288
53.7,0.207692,0.165115,113616,0.0192308,0.497259,8416,0.146154,0.0492823,79952,0,0.1,0,0.138462,0.454879,75744,0.1,0.0454757,54704,0.0230769,0.499567,12624,0.111111,0.0794494,54704,0.1,0.0541077,54704,0,0.1,0,0,0.1,0,0,0.1,0,0,0.1,0,0,0.1,0,0.108333,0.0728774,54704
53.8,0.225,0.164654,113616,0.03125,0.494617,12624,0.175,0.048595,88368,0,0.1,0,0.141667,0.453177,71536,0.0923077,0.0447294,50496,0.0307692,0.519138,16832,0.111111,0.12173,54704,0.1,0.0541077,54704,0,0.1,0,0,0.1,0,0,0.1,0,0,0.1,0,0,0.1,0,0.115385,0.0772082,63120
53.9,0.207692,0.164654,113616,0.0480769,0.494207,21040,0.184615,0.0459099,100992,0,0.1,0,0.123077,0.457168,67328,0.108333,0.0420235,54704,0.0333333,0.519138,16832,0.101852,0.143576,46288,0.1,0.0515513,50496,0,0.1,0,0,0.1,0,0,0.1,0,0.00961538,0.161761,4208,0,0.1,0,0.138462,0.0837074,75744
54,0.215385,0.159705,117824,0.0480769,0.494207,21040,0.184615,0.0459099,100992,0,0.1,0,0.115385,0.457579,63120,0.1,0.0375164,54704,0.0307692,0.519138,16832,0.0940171,0.143576,46288,0.0923077,0.0515513,50496,0,0.1,0,0,0.1,0,0,0.1,0,0.0104167,0.161761,4208,0,0.1,0,0.166667,0.0835764,84160
54.1,0.25,0.149944,126240,0.0625,0.493985,25248,0.216667,0.0485863,109408,0,0.1,0,0.108333,0.453752,54704,0.0923077,0.0401316,50496,0.0307692,0.519138,16832,0.0769231,0.164892,37872,0.1,0.0478549,54704,0,0.1,0,0,0.1,0,0,0.1,0,0.00961538,0.161761,4208,0,0.1,0,0.153846,0.0835764,84160
54.2,0.230769,0.149944,126240,0.0576923,0.493985,25248,0.184615,0.0474258,100992,0,0.1,0,0.0923077,0.460699,50496,0.108333,0.0404269,54704,0.0416667,0.522694,21040,0.0833333,0.164892,37872,0.1,0.0420757,50496,0,0.1,0,0,0.1,0,0,0.1,0,0.00961538,0.161761,4208,0,0.1,0,0.161538,0.0867788,88368
54.3,0.215385,0.130201,117824,0.0576923,0.493985,25248,0.192308,0.045867,105200,0,0.1,0,0.0923077,0.454358,50496,0.0846154,0.0353709,46288,0.0384615,0.522694,21040,0.0512821,0.208548,25248,0.1,0.0392383,54704,0,0.1,0,0,0.1,0,0,0.1,0,0.0104167,0.161761,4208,0,0.1,0,0.175,0.0867788,88368
54.4,0.258333,0.115443,130448,0.0625,0.493985,25248,0.2,0.0413546,100992,0,0.1,0,0.116667,0.462777,58912,0.0846154,0.0362113,46288,0.0461538,0.523731,25248,0.042735,0.244313,21040,0.107692,0.0343935,58912,0,0.1,0,0,0.1,0,0,0.1,0,0.00961538,0.161761,4208,0,0.1,0,0.169231,0.0896219,92576
54.5,0.223077,0.101346,122032,0.0673077,0.516709,29456,0.192308,0.0399822,105200,0,0.1,0,0.107692,0.462777,58912,0.1,0.0393545,50496,0.0666667,0.463795,33664,0.0277778,0.378812,12624,0.125,0.0316202,63120,0,0.1,0,0,0.1,0,0,0.1,0,0.00961538,0.161761,4208,0,0.1,0,0.169231,0.0896219,92576
54.6,0.215385,0.0825103,117824,0.0769231,0.535318,33664,0.176923,0.0422916,96784,0,0.1,0,0.123077,0.460993,67328,0.0923077,0.0449596,50496,0.0615385,0.463795,33664,0.017094,0.5573,8416,0.123077,0.0315924,67328,0,0.1,0,0,0.1,0,0,0.1,0,0.0104167,0.161761,4208,0,0.1,0,0.166667,0.0969141,84160
54.7,0.233333,0.0825103,117824,0.0833333,0.535318,33664,0.175,0.0414855,88368,0,0.1,0,0.141667,0.457056,71536,0.0923077,0.0449596,50496,0.0615385,0.463795,33664,0.017094,0.5573,8416,0.107692,0.0304282,58912,0,0.1,0,0,0.1,0,0,0.1,0,0.00961538,0.161761,4208,0,0.1,0,0.146154,0.0969778,79952
54.8,0.184615,0.0743859,100992,0.0961538,0.519058,42080,0.176923,0.0534295,96784,0,0.1,0,0.138462,0.455804,75744,0.1,0.0458884,50496,0.0916667,0.351346,46288,0.0185185,0.5573,8416,0.116667,0.0361188,58912,0,0.1,0,0,0.1,0,0,0.1,0,0.00961538,0.161761,4208,0,0.1,0,0.138462,0.0900055,75744
54.9,0.2,0.0765737,109408,0.0961538,0.519058,42080,0.176923,0.0534295,96784,0,0.1,0,0.146154,0.449947,79952,0.0923077,0.0458884,50496,0.0846154,0.351346,46288,0.017094,0.5573,8416,0.107692,0.0361188,58912,0,0.1,0,0,0.1,0,0,0.1,0,0.0104167,0.161761,4208,0,0.1,0,0.15,0.0900055,75744
55,0.208333,0.0516474,105200,0.114583,0.516167,46288,0.225,0.080692,113616,0,0.1,0,0.166667,0.452975,84160,0.0846154,0.0486695,46288,0.0923077,0.329925,50496,0.017094,0.5573,8416,0.1,0.0358162,54704,0,0.1,0,0,0.1,0,0,0.1,0,0.00961538,0.161761,4208,0,0.1,0,0.138462,0.0900055,75744
55.1,0.192308,0.0508608,105200,0.105769,0.516167,46288,0.184615,0.0904656,100992,0,0.1,0,0.169231,0.460424,92576,0.1,0.0459838,50496,0.0916667,0.310836,46288,0.0185185,0.5573,8416,0.0916667,0.0391475,46288,0,0.1,0,0,0.1,0,0,0.1,0,0.00961538,0.161761,4208,0,0.1,0,0.115385,0.0988646,63120
55.2,0.169231,0.0514414,92576,0.105769,0.516167,46288,0.2,0.104047,109408,0,0.1,0,0.169231,0.460424,92576,0.1,0.0595775,54704,0.1,0.240988,54704,0.017094,0.5573,8416,0.0846154,0.0391475,46288,0,0.1,0,0,0.1,0,0,0.1,0,0.0104167,0.161761,4208,0,0.1,0,0.116667,0.103559,58912
55.3,0.175,0.0508989,88368,0.125,0.514453,50496,0.208333,0.107465,105200,0,0.1,0,0.175,0.461493,88368,0.1,0.0595775,54704,0.107692,0.235202,58912,0.017094,0.5573,8416,0.0769231,0.0375846,42080,0,0.1,0,0,0.1,0,0,0.1,0,0.00961538,0.161761,4208,0,0.1,0,0.0923077,0.105826,50496
55.4,0.146154,0.0481112,79952,0.105769,0.517041,46288,0.207692,0.111906,113616,0,0.1,0,0.169231,0.459364,92576,0.125,0.0723951,63120,0.108333,0.211208,54704,0.0185185,0.5573,8416,0.075,0.0293699,37872,0,0.1,0,0,0.1,0,0,0.1,0,0.00961538,0.161761,4208,0,0.1,0,0.0846154,0.107892,46288
55.5,0.138462,0.0547662,75744,0.0961538,0.517892,42080,0.207692,0.116439,113616,0,0.1,0,0.176923,0.463231,96784,0.107692,0.075576,58912,0.1,0.211208,54704,0.00854701,0.574438,4208,0.0769231,0.0320769,42080,0,0.1,0,0,0.1,0,0,0.1,0,0.0104167,0.161761,4208,0,0.1,0,0.0916667,0.107892,46288
55.6,0.15,0.0635525,75744,0.114583,0.529392,46288,0.216667,0.127969,109408,0,0.1,0,0.166667,0.461481,84160,0.1,0.079682,54704,0.1,0.211208,54704,0.00854701,0.574438,4208,0.0769231,0.0320769,42080,0,0.1,0,0,0.1,0,0,0.1,0,0.00961538,0.161761,4208,0,0.1,0,0.0692308,0.113808,37872
55.7,0.192308,0.062653,105200,0.0961538,0.533397,42080,0.2,0.134884,105200,0,0.1,0,0.153846,0.461481,84160,0.116667,0.0763249,58912,0.1,0.180654,50496,0,0.1,0,0.0833333,0.0320769,42080,0,0.1,0,0,0.1,0,0,0.1,0,0.00961538,0.161761,4208,0,0.1,0,0.0538462,0.116223,29456
55.8,0.192308,0.062653,105200,0.0769231,0.543349,33664,0.183333,0.14958,92576,0,0.1,0,0.169231,0.460246,92576,0.107692,0.079614,58912,0.0923077,0.180654,50496,0,0.1,0,0.0846154,0.0336539,46288,0,0.1,0,0,0.1,0,0,0.1,0,0,0.1,0,0,0.1,0,0.0333333,0.116237,16832
55.9,0.191667,0.0606304,96784,0.09375,0.571213,37872,0.2,0.14958,92576,0,0.1,0,0.183333,0.460246,92576,0.123077,0.0825816,67328,0.0923077,0.180654,50496,0,0.1,0,0.0846154,0.0336539,46288,0,0.1,0,0,0.1,0,0,0.1,0,0,0.1,0,0,0.1,0,0.0153846,0.150077,8416
56,0.176923,0.0620604,96784,0.0769231,0.581005,33664,0.173913,0.156468,84160,0,0.1,0,0.169231,0.460246,92576,0.141667,0.0801791,71536,0.108333,0.172371,54704,0,0.1,0,0.1,0.0379881,50496,0,0.1,0,0,0.1,0,0,0.1,0,0,0.1,0,0,0.1,0,0.0153846,0.150077,8416
56.1,0.176923,0.0620604,96784,0.0865385,0.592919,37872,0.2,0.162823,92576,0,0.1,0,0.169231,0.460246,92576,0.115385,0.0844683,63120,0.1,0.143047,54704,0,0.1,0,0.1,0.0404751,54704,0,0.1,0,0,0.1,0,0,0.1,0,0,0.1,0,0,0.1,0,0.00833333,0.149326,4208
56.2,0.208333,0.0630445,105200,0.09375,0.592919,37872,0.22,0.165512,92576,0,0.1,0,0.175,0.462932,88368,0.115385,0.0844683,63120,0.1,0.143047,54704,0,0.1,0,0.1,0.0516811,54704,0,0.1,0,0,0.1,0,0,0.1,0,0,0.1,0,0,0.1,0,0.00769231,0.149326,4208
56.3,0.176923,0.0608627,96784,0.0961538,0.597064,42080,0.2,0.170879,88368,0,0.1,0,0.138462,0.459924,75744,0.133333,0.0946997,67328,0.1,0.110891,50496,0,0.1,0,0.0916667,0.0583698,46288,0,0.1,0,0,0.1,0,0,0.1,0,0,0.1,0,0,0.1,0,0,0.1,0
56.4,0.184615,0.0641337,100992,0.0961538,0.586856,42080,0.23,0.157536,96784,0,0.1,0,0.146154,0.461527,79952,0.115385,0.0960843,63120,0.0769231,0.0762719,42080,0,0.1,0,0.0846154,0.0617136,46288,0,0.1,0,0,0.1,0,0,0.1,0,0,0.1,0,0,0.1,0,0,0.1,0
56.5,0.2,0.0641337,100992,0.104167,0.586698,42080,0.244444,0.157834,92576,0,0.1,0,0.158333,0.458429,79952,0.115385,0.104391,63120,0.0846154,0.0760607,46288,0,0.1,0,0.0769231,0.0647675,42080,0,0.1,0,0,0.1,0,0,0.1,0,0,0.1,0,0,0.1,0,0,0.1,0
56.6,0.184615,0.0641337,100992,0.0943396,0.586698,42080,0.231579,0.157834,92576,0,0.1,0,0.153846,0.464814,84160,0.133333,0.100568,67328,0.0916667,0.0760607,46288,0.00925926,0.0715339,4208,0.0833333,0.0700373,42080,0,0.1,0,0,0.1,0,0,0.1,0,0,0.1,0,0,0.1,0,0,0.1,0
56.7,0.176923,0.0665505,96784,0.0833333,0.609342,37872,0.222222,0.155734,84160,0,0.1,0,0.138462,0.470429,75744,0.123077,0.106804,67328,0.0615385,0.0852774,33664,0.00862069,0.0715339,4208,0.0692308,0.0684048,37872,0,0.1,0,0,0.1,0,0,0.1,0,0,0.1,0,0,0.1,0,0.00847458,0.122667,4208
56.8,0.175,0.0630955,88368,0.1,0.589716,42080,0.275,0.147939,92576,0,0.1,0,0.158333,0.454027,79952,0.130769,0.105234,71536,0.0615385,0.0852774,33664,0.00869565,0.0715339,4208,0.0692308,0.0684048,37872,0,0.1,0,0,0.1,0,0,0.1,0,0,0.1,0,0,0.1,0,0.00793651,0.122667,4208
56.9,0.153846,0.0641618,84160,0.0909091,0.583726,42080,0.235294,0.117679,84160,0,0.1,0,0.153846,0.442715,84160,0.158333,0.0991948,79952,0.0666667,0.0760842,33664,0.0188679,0.0651242,8416,0.075,0.0684048,37872,0,0.1,0,0,0.1,0,0,0.1,0,0,0.1,0,0,0.1,0,0.016129,0.127101,8416
57,0.146154,0.0652392,79952,0.0982143,0.57262,46288,0.2375,0.113069,79952,0,0.1,0,0.130769,0.434038,71536,0.138462,0.103792,75744,0.0769231,0.0667693,42080,0.0263158,0.0439196,12624,0.0692308,0.0684048,37872,0,0.1,0,0,0.1,0,0,0.1,0,0,0.1,0,0,0.1,0,0.0350877,0.0927698,16832
57.1,0.158333,0.0652392,79952,0.115385,0.56604,50496,0.228571,0.100415,67328,0,0.1,0,0.158333,0.432407,79952,0.123077,0.0995963,67328,0.0538462,0.0774823,29456,0.0353982,0.0354282,16832,0.0769231,0.0643357,42080,0,0.1,0,0,0.1,0,0,0.1,0,0,0.1,0,0,0.1,0,0.0327869,0.0927698,16832
57.2,0.146154,0.0652392,79952,0.105263,0.562643,50496,0.226667,0.0946822,71536,0,0.1,0,0.169231,0.421251,92576,0.133333,0.0995963,67328,0.0583333,0.0637562,29456,0.0480769,0.0339416,21040,0.0833333,0.0643357,42080,0,0.1,0,0,0.1,0,0,0.1,0,0,0.1,0,0,0.1,0,0.0416667,0.0823576,21040
57.3,0.146154,0.0652392,79952,0.103448,0.562643,50496,0.214286,0.0849842,63120,0,0.1,0,0.161538,0.41246,88368,0.115385,0.0873545,63120,0.0538462,0.0637562,29456,0.0625,0.0331084,29456,0.0769231,0.0643357,42080,0,0.1,0,0,0.1,0,0,0.1,0,0,0.1,0,0,0.1,0,0.0454545,0.0823576,21040
57.4,0.15,0.063724,75744,0.111111,0.562643,50496,0.25,0.0832914,63120,0,0.1,0,0.166667,0.394033,84160,0.115385,0.0873545,63120,0.0692308,0.0648836,37872,0.0630631,0.0331084,29456,0.0846154,0.0559528,46288,0,0.1,0,0,0.1,0,0,0.1,0,0,0.1,0,0,0.1,0,0.0508475,0.0770449,25248
57.5,0.130769,0.0549768,71536,0.0932203,0.555213,46288,0.261538,0.0702149,71536,0,0.1,0,0.153846,0.394033,84160,0.125,0.0873545,63120,0.075,0.0648836,37872,0.0784314,0.0408659,33664,0.0916667,0.0559528,46288,0,0.1,0,0,0.1,0,0,0.1,0,0,0.1,0,0,0.1,0,0.0517241,0.0770449,25248
57.6,0.0692308,0.0487323,37872,0.0916667,0.555213,46288,0.246154,0.0665386,67328,0,0.1,0,0.161538,0.387849,88368,0.107692,0.0912596,58912,0.0692308,0.0648836,37872,0.1,0.0340117,46288,0.0846154,0.0559528,46288,0,0.1,0,0,0.1,0,0,0.1,0,0,0.1,0,0,0.1,0,0.0566038,0.0770449,25248
57.7,0.075,0.0487323,37872,0.107143,0.535478,50496,0.266667,0.0665386,67328,0,0.1,0,0.183333,0.360385,92576,0.1,0.0940027,54704,0.0692308,0.0648836,37872,0.100917,0.0340117,46288,0.0846154,0.0528046,46288,0,0.1,0,0,0.1,0,0,0.1,0,0,0.1,0,0,0.1,0,0.0526316,0.0770449,25248
57.8,0.0692308,0.0487323,37872,0.0983607,0.487319,50496,0.261538,0.065694,71536,0,0.1,0,0.176923,0.353286,96784,0.0916667,0.0957082,46288,0.0916667,0.0614789,46288,0.11,0.0340117,46288,0.1,0.0565438,50496,0,0.1,0,0,0.1,0,0,0.1,0,0,0.1,0,0,0.1,0,0.0625,0.0720034,29456
57.9,0.0538462,0.0541617,29456,0.104839,0.467242,54704,0.292308,0.0679971,79952,0,0.1,0,0.184615,0.346051,100992,0.0846154,0.0950231,46288,0.0923077,0.0558564,50496,0.12963,0.0354145,58912,0.0846154,0.0601432,46288,0,0.1,0,0,0.1,0,0,0.1,0,0,0.1,0,0,0.1,0,0.0686275,0.0720034,29456
58,0.0583333,0.0541617,29456,0.103448,0.448826,50496,0.283333,0.0493255,71536,0,0.1,0,0.208333,0.34002,105200,0.0846154,0.0950231,46288,0.0846154,0.0467794,46288,0.130841,0.0354145,58912,0.0769231,0.0591256,42080,0,0.1,0,0,0.1,0,0,0.1,0,0,0.1,0,0,0.1,0,0.0636364,0.0720034,29456
58.1,0.0307692,0.0408573,16832,0.0952381,0.448826,50496,0.246154,0.0481829,67328,0,0.1,0,0.192308,0.34002,105200,0.0916667,0.0950231,46288,0.0916667,0.0467794,46288,0.153061,0.0385891,63120,0.075,0.048932,37872,0,0.1,0,0,0.1,0,0,0.1,0,0,0.1,0,0,0.1,0,0.0648148,0.0720034,29456
58.2,0.0153846,0.0722172,8416,0.0859375,0.431959,46288,0.261538,0.0460814,71536,0,0.1,0,0.2,0.331345,109408,0.0769231,0.0740394,42080,0.1,0.044338,54704,0.150943,0.0364987,67328,0.0692308,0.048932,37872,0,0.1,0,0,0.1,0,0,0.1,0,0,0.1,0,0,0.1,0,0.0714286,0.0720034,29456
58.3,0,0.1,0,0.0833333,0.420058,42080,0.25,0.051937,63120,0,0.1,0,0.216667,0.315641,109408,0.0846154,0.0678786,46288,0.1,0.044338,54704,0.171429,0.034956,75744,0.0692308,0.0596189,37872,0,0.1,0,0,0.1,0,0,0.1,0,0,0.1,0,0,0.1,0,0.0660377,0.0720034,29456
58.4,0,0.1,0,0.0769231,0.369434,42080,0.246154,0.0518869,67328,0,0.1,0,0.2,0.287998,109408,0.0916667,0.0472756,46288,0.108333,0.0421585,54704,0.1875,0.034956,75744,0.075,0.0596189,37872,0,0.1,0,0,0.1,0,0,0.1,0,0,0.1,0,0,0.1,0,0.0865385,0.0728443,37872
58.5,0.00769231,0.0786803,4208,0.0769231,0.369434,42080,0.261538,0.049961,71536,0,0.1,0,0.192308,0.26162,105200,0.0769231,0.0476808,42080,0.107692,0.0435205,58912,0.163462,0.0328043,71536,0.0615385,0.057382,33664,0,0.1,0,0,0.1,0,0,0.1,0,0,0.1,0,0,0.1,0,0.09375,0.0728443,37872
58.6,0.00833333,0.0786803,4208,0.075,0.352135,37872,0.3,0.0501679,75744,0,0.1,0,0.216667,0.255132,109408,0.0769231,0.0421211,42080,0.123077,0.0535364,67328,0.182692,0.0390069,79952,0.0615385,0.057382,33664,0,0.1,0,0,0.1,0,0,0.1,0,0,0.1,0,0,0.1,0,0.0865385,0.0674938,37872
58.7,0.00769231,0.0786803,4208,0.0615385,0.344516,33664,0.261538,0.0457062,71536,0,0.1,0,0.2,0.204285,109408,0.075,0.0378983,37872,0.133333,0.0535364,67328,0.208333,0.0389778,84160,0.0666667,0.057382,33664,0,0.1,0,0,0.1,0,0,0.1,0,0,0.1,0,0,0.1,0,0.0961538,0.0796689,42080
58.8,0.00769231,0.0786803,4208,0.0538462,0.332683,29456,0.230769,0.0485522,63120,0,0.1,0,0.184615,0.190546,100992,0.0538462,0.0350524,29456,0.146154,0.0606215,79952,0.192308,0.0377664,84160,0.0615385,0.057382,33664,0,0.1,0,0,0.1,0,0,0.1,0,0,0.1,0,0,0.1,0,0.114583,0.102158,46288
58.9,0.0166667,0.155507,8416,0.05,0.311202,25248,0.283333,0.0478036,71536,0,0.1,0,0.2,0.190546,100992,0.0615385,0.0384068,33664,0.130769,0.0642818,71536,0.201923,0.038016,88368,0.0615385,0.057382,33664,0,0.1,0,0,0.1,0,0,0.1,0,0,0.1,0,0,0.1,0,0.0865385,0.111873,37872
59,0.0230769,0.203337,12624,0.0384615,0.274711,21040,0.276923,0.0484381,75744,0,0.1,0,0.184615,0.158236,100992,0.0833333,0.0427719,42080,0.141667,0.0642818,71536,0.21875,0.0410176,88368,0.0583333,0.0616203,29456,0,0.1,0,0.00961538,0.294107,4208,0,0.1,0,0,0.1,0,0,0.1,0,0.0961538,0.12529,42080
59.1,0.0307692,0.22007,16832,0.0307692,0.229676,16832,0.276923,0.0528366,75744,0,0.1,0,0.176923,0.122472,96784,0.0769231,0.0427719,42080,0.130769,0.0626924,71536,0.192308,0.0416688,84160,0.0538462,0.0616203,29456,0,0.1,0,0.0104167,0.294107,4208,0,0.1,0,0,0.1,0,0,0.1,0,0.104167,0.144154,42080
59.2,0.0333333,0.22007,16832,0.0333333,0.229676,16832,0.333333,0.0563513,84160,0,0.1,0,0.183333,0.113938,92576,0.0692308,0.0443915,37872,0.138462,0.059471,75744,0.173077,0.0428514,75744,0.0538462,0.0616203,29456,0,0.1,0,0.00961538,0.294107,4208,0,0.1,0,0,0.1,0,0,0.1,0,0.115385,0.180939,50496
59.3,0.0307692,0.22007,16832,0.0307692,0.229676,16832,0.338462,0.0513039,92576,0,0.1,0,0.169231,0.103711,92576,0.075,0.0443915,37872,0.141667,0.0575038,71536,0.208333,0.0443536,84160,0.0416667,0.0805557,21040,0,0.1,0,0.0192308,0.282399,8416,0,0.1,0,0,0.1,0,0,0.1,0,0.125,0.214888,54704
59.4,0.0307692,0.22007,16832,0.0307692,0.229676,16832,0.307692,0.0530316,84160,0,0.1,0,0.176923,0.0999074,96784,0.0769231,0.0451438,42080,0.138462,0.0554096,75744,0.192308,0.0405433,84160,0.0384615,0.0805557,21040,0,0.1,0,0.0208333,0.282399,8416,0,0.1,0,0,0.1,0,0,0.1,0,0.177083,0.230738,71536
59.5,0.0416667,0.246658,21040,0.0333333,0.229676,16832,0.416667,0.0538823,105200,0,0.1,0,0.191667,0.0919056,96784,0.0846154,0.0476814,46288,0.153846,0.0590496,84160,0.173077,0.0426377,75744,0.0384615,0.0805557,21040,0,0.1,0,0.0288462,0.304984,12624,0,0.1,0,0,0.1,0,0,0.1,0,0.182692,0.234447,79952
59.6,0.0461538,0.249624,25248,0.0230769,0.200101,12624,0.430769,0.0505406,117824,0,0.1,0,0.169231,0.0690478,92576,0.116667,0.0470492,58912,0.175,0.0584042,88368,0.197917,0.0429236,79952,0.0333333,0.0969963,16832,0,0.1,0,0.0288462,0.304984,12624,0,0.1,0,0,0.1,0,0,0.1,0,0.182692,0.234447,79952
59.7,0.0461538,0.249624,25248,0.0153846,0.19204,8416,0.461538,0.0470987,126240,0,0.1,0,0.161538,0.0629499,88368,0.1,0.0467269,54704,0.146154,0.0596933,79952,0.201923,0.0434047,88368,0.0230769,0.0967701,12624,0,0.1,0,0.03125,0.304984,12624,0,0.1,0,0,0.1,0,0,0.1,0,0.229167,0.229555,92576
59.8,0.05,0.249624,25248,0.00833333,0.157768,4208,0.466667,0.0442076,117824,0,0.1,0,0.166667,0.0571151,84160,0.0923077,0.0477705,50496,0.138462,0.0660064,75744,0.173077,0.0438792,75744,0.0153846,0.109048,8416,0,0.1,0,0.0288462,0.304984,12624,0,0.1,0,0,0.1,0,0,0.1,0,0.230769,0.21355,100992
59.9,0.0461538,0.249624,25248,0.00769231,0.157768,4208,0.461538,0.0424455,126240,0,0.1,0,0.146154,0.0498433,79952,0.1,0.0477705,50496,0.166667,0.0633713,84160,0.197917,0.04479,79952,0.0166667,0.109048,8416,0,0.1,0,0.0288462,0.304984,12624,0,0.1,0,0,0.1,0,0,0.1,0,0.240385,0.211058,105200
60,0.0461538,0.249624,25248,0.00769231,0.157768,4208,0.461538,0.0424455,126240,0,0.1,0,0.153846,0.0479224,84160,0.0923077,0.0477705,50496,0.153846,0.0633713,84160,0.173077,0.0426653,75744,0.0153846,0.109048,8416,0,0.1,0,0.03125,0.304984,12624,0,0.1,0,0,0.1,0,0,0.1,0,0.270833,0.211055,109408
60.1,0.0583333,0.281976,29456,0.00833333,0.157768,4208,0.516667,0.046737,130448,0,0.1,0,0.166667,0.0450784,84160,0.0846154,0.0519291,46288,0.138462,0.0669781,75744,0.173077,0.0486925,75744,0.0153846,0.109048,8416,0,0.1,0,0.0288462,0.304984,12624,0,0.1,0,0,0.1,0,0,0.1,0,0.278846,0.203319,122032
60.2,0.0692308,0.324771,37872,0.00769231,0.157768,4208,0.461538,0.047042,126240,0,0.1,0,0.146154,0.0431308,79952,0.0833333,0.0564949,42080,0.15,0.0669781,75744,0.177083,0.0506972,71536,0,0.1,0,0,0.1,0,0.0288462,0.304984,12624,0,0.1,0,0,0.1,0,0,0.1,0,0.326923,0.185017,143072
60.3,0.0846154,0.339723,46288,0,0.1,0,0.446154,0.0469009,122032,0,0.1,0,0.130769,0.0411803,71536,0.0769231,0.0601503,42080,0.130769,0.0682348,71536,0.173077,0.0511629,75744,0,0.1,0,0,0.1,0,0.03125,0.304984,12624,0,0.1,0,0,0.1,0,0,0.1,0,0.354167,0.185278,143072
60.4,0.0833333,0.365827,42080,0,0.1,0,0.466667,0.0478921,117824,0,0.1,0,0.133333,0.0417075,67328,0.0769231,0.0601503,42080,0.130769,0.0731258,71536,0.173077,0.0511629,75744,0,0.1,0,0,0.1,0,0.0288462,0.304984,12624,0,0.1,0,0,0.1,0,0,0.1,0,0.346154,0.177494,151488
60.5,0.0769231,0.365827,42080,0,0.1,0,0.415385,0.0476776,113616,0,0.1,0,0.115385,0.0382928,63120,0.075,0.054032,37872,0.133333,0.0764415,67328,0.177083,0.0488394,71536,0,0.1,0,0,0.1,0,0.0288462,0.304984,12624,0,0.1,0,0,0.1,0,0,0.1,0,0.346154,0.180306,151488
60.6,0.0769231,0.365827,42080,0.00769231,0.136493,4208,0.371429,0.0489743,109408,0,0.1,0,0.0846154,0.0385199,46288,0.0692308,0.054032,37872,0.130769,0.0838789,71536,0.153846,0.0494903,67328,0,0.1,0,0,0.1,0,0.03125,0.304984,12624,0,0.1,0,0,0.1,0,0,0.1,0,0.375,0.180858,151488
60.7,0.0833333,0.365827,42080,0.00833333,0.136493,4208,0.4,0.0489743,109408,0,0.1,0,0.0916667,0.0385199,46288,0.0692308,0.054032,37872,0.1,0.0853823,54704,0.144231,0.0504906,63120,0,0.1,0,0,0.1,0,0.0288462,0.304984,12624,0,0.1,0,0,0.1,0,0,0.1,0,0.336538,0.177498,147280
60.8,0.0846154,0.410182,46288,0.00769231,0.136493,4208,0.32,0.0495397,100992,0,0.1,0,0.0846154,0.0385199,46288,0.0666667,0.05305,33664,0.108333,0.0853823,54704,0.135417,0.0548339,54704,0,0.1,0,0,0.1,0,0.0288462,0.304984,12624,0,0.1,0,0,0.1,0,0,0.1,0,0.346154,0.176201,151488
60.9,0.0846154,0.433083,46288,0.00769231,0.136493,4208,0.2875,0.0491187,96784,0,0.1,0,0.0692308,0.0402306,37872,0.0461538,0.0506559,25248,0.107692,0.099879,58912,0.115385,0.0533209,50496,0,0.1,0,0,0.1,0,0.0208333,0.310422,8416,0,0.1,0,0,0.1,0,0,0.1,0,0.395833,0.171647,159904
61,0.0833333,0.449364,42080,0.00833333,0.136493,4208,0.293333,0.0476179,92576,0,0.1,0,0.0583333,0.0415851,29456,0.0461538,0.0506559,25248,0.107692,0.124888,58912,0.115385,0.0533209,50496,0,0.1,0,0,0.1,0,0.0192308,0.310422,8416,0,0.1,0,0,0.1,0,0,0.1,0,0.375,0.164699,164112
61.1,0.0769231,0.449364,42080,0.00769231,0.136493,4208,0.235294,0.0435814,84160,0,0.1,0,0.0538462,0.0415851,29456,0.05,0.0506559,25248,0.116667,0.15158,58912,0.125,0.0533209,50496,0,0.1,0,0,0.1,0,0.0192308,0.310422,8416,0,0.1,0,0.00961538,0.0907191,4208,0,0.1,0,0.355769,0.153879,155696
61.2,0.0769231,0.449364,42080,0.00769231,0.136493,4208,0.188889,0.0447434,71536,0,0.1,0,0.0461538,0.0416728,25248,0.0461538,0.0506559,25248,0.107692,0.173946,58912,0.105769,0.102108,46288,0,0.1,0,0,0.1,0,0.0104167,0.350152,4208,0,0.1,0,0.0104167,0.0907191,4208,0,0.1,0,0.375,0.142465,151488
61.3,0.0833333,0.449364,42080,0.00833333,0.136493,4208,0.188235,0.0416143,67328,0,0.1,0,0.0416667,0.0467627,21040,0.0461538,0.0622863,25248,0.1,0.185803,54704,0.0961538,0.110423,42080,0.00769231,0.477704,4208,0,0.1,0,0.00961538,0.350152,4208,0,0.1,0,0.0192308,0.126022,8416,0,0.1,0,0.326923,0.12617,143072
61.4,0.0692308,0.46007,37872,0.00769231,0.136493,4208,0.115789,0.0344912,46288,0,0.1,0,0.0307692,0.0384229,16832,0.05,0.0878865,25248,0.108333,0.229643,54704,0.104167,0.174912,42080,0.00833333,0.477704,4208,0,0.1,0,0,0.1,0,0,0.1,0,0.0192308,0.126022,8416,0,0.1,0,0.336538,0.115267,147280
61.5,0.0615385,0.484522,33664,0.00769231,0.136493,4208,0.08,0.0389153,33664,0,0.1,0,0.0153846,0.0345159,8416,0.0230769,0.131042,12624,0.0923077,0.244988,50496,0.0865385,0.189006,37872,0.00769231,0.477704,4208,0,0.1,0,0,0.1,0,0,0.1,0,0.03125,0.106608,12624,0,0.1,0,0.375,0.114094,151488
61.6,0.075,0.486842,37872,0.00833333,0.136493,4208,0.0526316,0.0522638,21040,0.0104167,0.552632,4208,0.0166667,0.0345159,8416,0.0230769,0.131042,12624,0.0923077,0.244988,50496,0.0660377,0.2293,29456,0.00769231,0.477704,4208,0.0212766,0.114857,8416,0,0.1,0,0,0.1,0,0.0283019,0.106608,12624,0,0.1,0,0.32381,0.104056,143072
61.7,0.0692308,0.486842,37872,0.00769231,0.136493,4208,0.047619,0.0522638,21040,0.00961538,0.552632,4208,0.0153846,0.0345159,8416,0.025,0.131042,12624,0.0916667,0.256267,46288,0.0816327,0.280934,33664,0.00833333,0.477704,4208,0.0232558,0.114857,8416,0,0.1,0,0,0.1,0,0.0277778,0.106608,12624,0,0.1,0,0.311321,0.10538,138864
61.8,0.0692308,0.486842,37872,0.00769231,0.136493,4208,0.0181818,0.093969,8416,0.00961538,0.552632,4208,0.0153846,0.0345159,8416,0.0230769,0.131042,12624,0.0692308,0.304403,37872,0.0740741,0.346762,33664,0.00769231,0.477704,4208,0.0212766,0.114857,8416,0,0.1,0,0,0.1,0,0.04,0.137653,16832,0,0.1,0,0.326531,0.103946,134656
61.9,0.0833333,0.492307,42080,0.00833333,0.136493,4208,0.0190476,0.093969,8416,0.0104167,0.552632,4208,0.00833333,0.057606,4208,0.0230769,0.131042,12624,0.0692308,0.304403,37872,0.0818182,0.387727,37872,0.0153846,0.546326,8416,0.0212766,0.114857,8416,0,0.1,0,0,0.1,0,0.0454545,0.140854,21040,0,0.1,0,0.28972,0.100494,130448
62,0.0692308,0.49411,37872,0.00769231,0.136493,4208,0,0.1,0,0.00961538,0.552632,4208,0,0.1,0,0.05,0.179629,25248,0.075,0.304403,37872,0.0784314,0.421989,33664,0.0166667,0.546326,8416,0.0232558,0.114857,8416,0,0.1,0,0,0.1,0,0.0446429,0.140854,21040,0,0.1,0,0.277778,0.096918,126240
62.1,0.0538462,0.499697,29456,0.00769231,0.136493,4208,0,0.1,0,0.00961538,0.552632,4208,0,0.1,0,0.0461538,0.179629,25248,0.0769231,0.316927,42080,0.0625,0.477899,29456,0.0153846,0.546326,8416,0.0212766,0.114857,8416,0,0.1,0,0,0.1,0,0.0480769,0.140854,21040,0,0.1,0,0.27,0.0996628,113616
62.2,0.0416667,0.536774,21040,0.0166667,0.095986,8416,0,0.1,0,0.0104167,0.552632,4208,0,0.1,0,0.0384615,0.206601,21040,0.0769231,0.316927,42080,0.0526316,0.547702,25248,0.0230769,0.644957,12624,0.0208333,0.114857,8416,0.00961538,0.633804,4208,0,0.1,0,0.0526316,0.151261,25248,0,0.1,0,0.229358,0.101217,105200
62.3,0.0384615,0.536774,21040,0.0153846,0.095986,8416,0,0.1,0,0.00961538,0.552632,4208,0,0.1,0,0.0416667,0.206601,21040,0.075,0.336099,37872,0.0566038,0.547702,25248,0.0333333,0.647651,16832,0.0326087,0.116468,12624,0.00961538,0.633804,4208,0,0.1,0,0.0689655,0.170413,33664,0,0.1,0,0.218182,0.107346,100992
62.4,0.0384615,0.536774,21040,0.0230769,0.100343,12624,0.00769231,0.580779,4208,0.0192308,0.50505,8416,0,0.1,0,0.0384615,0.206601,21040,0.0615385,0.349709,33664,0.0603448,0.671626,29456,0.0307692,0.647651,16832,0.03,0.116468,12624,0.0104167,0.633804,4208,0,0.1,0,0.0740741,0.170413,33664,0,0.1,0,0.235294,0.106021,100992
62.5,0.0416667,0.536774,21040,0.0166667,0.0822677,8416,0.00833333,0.580779,4208,0.0208333,0.50505,8416,0,0.1,0,0.0384615,0.206601,21040,0.0538462,0.370685,29456,0.059322,0.671626,29456,0.0307692,0.647651,16832,0.0288462,0.116468,12624,0.00961538,0.633804,4208,0,0.1,0,0.0677966,0.170413,33664,0,0.1,0,0.225225,0.107858,105200
62.6,0.0384615,0.536774,21040,0.0230769,0.11059,12624,0.00769231,0.580779,4208,0.0192308,0.50505,8416,0.00769231,0.0654119,4208,0.0416667,0.206601,21040,0.0583333,0.370685,29456,0.0727273,0.704285,33664,0.0333333,0.647651,16832,0.03125,0.116468,12624,0.00961538,0.633804,4208,0,0.1,0,0.0666667,0.170413,33664,0,0.1,0,0.223214,0.107002,105200
62.7,0.0230769,0.532601,12624,0.0307692,0.111666,16832,0.00769231,0.580779,4208,0.0192308,0.50505,8416,0.00769231,0.0654119,4208,0.0384615,0.206601,21040,0.0538462,0.370685,29456,0.075,0.730686,37872,0.0307692,0.647651,16832,0.03,0.116468,12624,0.0104167,0.633804,4208,0,0.1,0,0.0892857,0.181319,42080,0,0.1,0,0.230769,0.10601,100992
62.8,0.0166667,0.523449,8416,0.0333333,0.111666,16832,0.025,0.488019,12624,0.0208333,0.50505,8416,0.00833333,0.0654119,4208,0.0384615,0.206601,21040,0.0538462,0.390227,29456,0.0737705,0.730686,37872,0.0307692,0.647651,16832,0.03125,0.116468,12624,0.00961538,0.633804,4208,0,0.1,0,0.0819672,0.181319,42080,0,0.1,0,0.221239,0.097538,105200
62.9,0.0153846,0.523449,8416,0.0384615,0.116692,21040,0.0307692,0.489499,16832,0.0192308,0.50505,8416,0.0153846,0.153446,8416,0.0416667,0.206601,21040,0.05,0.390762,25248,0.0789474,0.730686,37872,0.0333333,0.647651,16832,0.0340909,0.116468,12624,0.00961538,0.633804,4208,0,0.1,0,0.0806452,0.181319,42080,0,0.1,0,0.201754,0.100367,96784
63,0.0153846,0.523449,8416,0.0384615,0.116692,21040,0.0384615,0.477892,21040,0.0192308,0.50505,8416,0.0153846,0.153446,8416,0.0384615,0.206601,21040,0.0461538,0.405999,25248,0.0806452,0.749106,42080,0.0307692,0.647651,16832,0.0326087,0.116468,12624,0.0104167,0.633804,4208,0,0.1,0,0.0775862,0.191386,37872,0,0.1,0,0.226415,0.100442,100992
63.1,0.0166667,0.523449,8416,0.0416667,0.116692,21040,0.0416667,0.477892,21040,0.03125,0.522346,12624,0.025,0.216967,12624,0.0384615,0.206601,21040,0.0461538,0.415373,25248,0.0793651,0.780185,42080,0.0307692,0.647651,16832,0.0340909,0.116468,12624,0.00961538,0.633804,4208,0,0.1,0,0.0714286,0.191386,37872,0,0.1,0,0.217391,0.0955777,105200
63.2,0.0153846,0.523449,8416,0.0461538,0.117902,25248,0.0384615,0.477892,21040,0.0288462,0.522346,12624,0.0230769,0.216967,12624,0.0333333,0.227827,16832,0.05,0.415373,25248,0.0847458,0.780185,42080,0.0333333,0.729315,16832,0.0375,0.116468,12624,0.00961538,0.633804,4208,0,0.1,0,0.0625,0.195143,33664,0,0.1,0,0.198276,0.0912788,96784
63.3,0.0153846,0.523449,8416,0.0461538,0.117902,25248,0.0538462,0.46523,29456,0.0288462,0.522346,12624,0.0230769,0.216967,12624,0.0230769,0.228216,12624,0.0384615,0.419849,21040,0.0703125,0.794794,37872,0.0307692,0.729315,16832,0.0357143,0.116468,12624,0.0104167,0.633804,4208,0,0.1,0,0.075,0.1847,37872,0,0.1,0,0.185185,0.091146,84160
63.4,0.0166667,0.523449,8416,0.05,0.117902,25248,0.0583333,0.46523,29456,0.03125,0.522346,12624,0.0333333,0.272534,16832,0.0230769,0.228216,12624,0.0384615,0.419849,21040,0.0769231,0.78694,42080,0.0307692,0.729315,16832,0.0375,0.116468,12624,0.00961538,0.633804,4208,0,0.1,0,0.0615385,0.199316,33664,0,0.1,0,0.17094,0.089311,84160
63.5,0.00769231,0.541495,4208,0.0461538,0.117902,25248,0.0538462,0.46523,29456,0.0192308,0.507204,8416,0.0384615,0.293205,21040,0.025,0.228216,12624,0.05,0.415389,25248,0.0916667,0.780517,46288,0.0333333,0.729315,16832,0.0138889,0.119691,4208,0.00961538,0.633804,4208,0,0.1,0,0.0615385,0.199316,33664,0,0.1,0,0.153846,0.0954565,75744
63.6,0.00769231,0.541495,4208,0.0461538,0.117902,25248,0.0538462,0.46523,29456,0.0192308,0.507204,8416,0.0461538,0.319996,25248,0.0230769,0.228216,12624,0.0461538,0.415389,25248,0.0846154,0.769838,46288,0.0384615,0.709353,21040,0.0131579,0.119691,4208,0.0104167,0.633804,4208,0,0.1,0,0.075,0.197159,37872,0,0.1,0,0.157407,0.100212,71536
63.7,0.00833333,0.541495,4208,0.05,0.117902,25248,0.0833333,0.476551,42080,0.0208333,0.507204,8416,0.05,0.319996,25248,0.0230769,0.228216,12624,0.0538462,0.413243,29456,0.0769231,0.788041,42080,0.0384615,0.709353,21040,0.0138889,0.119691,4208,0.00961538,0.633804,4208,0,0.1,0,0.0692308,0.177166,37872,0,0.1,0,0.153846,0.0965664,75744
63.8,0,0.1,0,0.0461538,0.117902,25248,0.0923077,0.466437,50496,0.0192308,0.507204,8416,0.0538462,0.328869,29456,0.025,0.228216,12624,0.075,0.4131,37872,0.0916667,0.740923,46288,0.0416667,0.715688,21040,0.015625,0.119691,4208,0.00961538,0.633804,4208,0,0.1,0,0.0615385,0.180104,33664,0,0.1,0,0.162393,0.0927078,79952
63.9,0,0.1,0,0.0461538,0.117902,25248,0.1,0.463476,54704,0.0192308,0.507204,8416,0.0538462,0.328869,29456,0,0.1,0,0.0692308,0.4131,37872,0.0923077,0.732,50496,0.0384615,0.715688,21040,0.0147059,0.119691,4208,0.0104167,0.633804,4208,0,0.1,0,0.075,0.169767,37872,0,0.1,0,0.175926,0.0886749,79952
64,0,0.1,0,0.05,0.117902,25248,0.108333,0.463476,54704,0.0208333,0.507204,8416,0.0666667,0.337957,33664,0,0.1,0,0.0692308,0.406692,37872,0.1,0.716763,54704,0.0384615,0.715688,21040,0.015625,0.119691,4208,0.00961538,0.633804,4208,0,0.1,0,0.0692308,0.169767,37872,0,0.1,0,0.153846,0.0880043,75744
64.1,0,0.1,0,0.0461538,0.143892,25248,0.123077,0.458098,67328,0.0192308,0.507204,8416,0.0692308,0.353384,37872,0,0.1,0,0.0833333,0.404153,42080,0.108333,0.716763,54704,0.0416667,0.651715,21040,0.0178571,0.119691,4208,0,0.1,0,0,0.1,0,0.0769231,0.159338,42080,0,0.1,0,0.153846,0.0880043,75744
64.2,0,0.1,0,0.0461538,0.143892,25248,0.130769,0.457433,71536,0.0192308,0.507204,8416,0.0692308,0.353384,37872,0,0.1,0,0.0769231,0.404153,42080,0.1,0.716763,54704,0.0307692,0.650711,16832,0,0.1,0,0,0.1,0,0,0.1,0,0.0666667,0.142205,33664,0,0.1,0,0.175926,0.0842439,79952
64.3,0,0.1,0,0.05,0.161764,25248,0.15,0.444192,75744,0.0208333,0.540199,8416,0.075,0.353384,37872,0,0.1,0,0.0769231,0.404153,42080,0.0923077,0.685335,50496,0.0307692,0.650711,16832,0,0.1,0,0,0.1,0,0,0.1,0,0.0615385,0.142205,33664,0,0.1,0,0.162393,0.0788459,79952
64.4,0,0.1,0,0.0615385,0.16182,33664,0.138462,0.444192,75744,0.0192308,0.540199,8416,0.0769231,0.355554,42080,0,0.1,0,0.0833333,0.404153,42080,0.1,0.685335,50496,0.0333333,0.650711,16832,0,0.1,0,0,0.1,0,0,0.1,0,0.0615385,0.142205,33664,0,0.1,0,0.145299,0.0668826,71536
64.5,0,0.1,0,0.0538462,0.161046,29456,0.146154,0.443543,79952,0.0192308,0.540199,8416,0.0692308,0.387792,37872,0,0.1,0,0.0769231,0.404153,42080,0.0846154,0.662829,46288,0.0307692,0.650711,16832,0,0.1,0,0,0.1,0,0,0.1,0,0.0666667,0.142205,33664,0,0.1,0,0.175926,0.06796,79952
64.6,0,0.1,0,0.0583333,0.151757,29456,0.175,0.436286,88368,0.0208333,0.540199,8416,0.075,0.387792,37872,0,0.1,0,0.0769231,0.404153,42080,0.0769231,0.634923,42080,0.0461538,0.502216,25248,0,0.1,0,0,0.1,0,0,0.1,0,0.0461538,0.114626,25248,0,0.1,0,0.162393,0.06796,79952
64.7,0,0.1,0,0.0538462,0.151757,29456,0.153846,0.435921,84160,0.0192308,0.540199,8416,0.0769231,0.386201,42080,0,0.1,0,0.075,0.401823,37872,0.0833333,0.634923,42080,0.05,0.502216,25248,0,0.1,0,0,0.1,0,0,0.1,0,0.0461538,0.114626,25248,0,0.1,0,0.136752,0.0701239,67328
64.8,0,0.1,0,0.0461538,0.15425,25248,0.153846,0.430225,84160,0.02,0.540199,8416,0.0692308,0.402281,37872,0,0.1,0,0.0769231,0.407858,42080,0.0769231,0.634923,42080,0.0461538,0.502216,25248,0,0.1,0,0,0.1,0,0,0.1,0,0.05,0.114626,25248,0,0.1,0,0.157407,0.0711026,71536
64.9,0,0.1,0,0.05,0.15425,25248,0.183333,0.430891,92576,0.0217391,0.540199,8416,0.075,0.402281,37872,0,0.1,0,0.0692308,0.400973,37872,0.0692308,0.603816,37872,0.0461538,0.502216,25248,0,0.1,0,0,0.1,0,0,0.1,0,0.0461538,0.114626,25248,0,0.1,0,0.136752,0.0691605,67328
65,0,0.1,0,0.0461538,0.15425,25248,0.176923,0.42783,96784,0.0104167,0.523459,4208,0.0615385,0.409565,33664,0,0.1,0,0.075,0.397793,37872,0.0666667,0.565558,33664,0.0583333,0.444085,29456,0,0.1,0,0,0.1,0,0,0.1,0,0.0461538,0.114626,25248,0,0.1,0,0.128205,0.0788114,63120
65.1,0,0.1,0,0.0384615,0.16031,21040,0.184615,0.425783,100992,0.0108696,0.523459,4208,0.0615385,0.409565,33664,0,0.1,0,0.0692308,0.397793,37872,0.0615385,0.565558,33664,0.0615385,0.30032,33664,0,0.1,0,0,0.1,0,0,0.1,0,0.05,0.114626,25248,0,0.1,0,0.148148,0.0880034,67328
65.2,0,0.1,0,0.0416667,0.16031,21040,0.191667,0.428319,96784,0.0119048,0.523459,4208,0.0666667,0.409565,33664,0,0.1,0,0.0615385,0.402449,33664,0.0615385,0.565558,33664,0.0615385,0.30032,33664,0,0.1,0,0,0.1,0,0,0.1,0,0.0384615,0.11732,21040,0,0.1,0,0.162393,0.109078,79952
65.3,0,0.1,0,0.0384615,0.16031,21040,0.2,0.433873,109408,0.0113636,0.523459,4208,0.0538462,0.405327,29456,0,0.1,0,0.0833333,0.397195,42080,0.0583333,0.544029,29456,0.0666667,0.30032,33664,0,0.1,0,0,0.1,0,0,0.1,0,0.0384615,0.11732,21040,0,0.1,0,0.153846,0.113117,75744
65.4,0,0.1,0,0.0384615,0.16031,21040,0.2,0.433873,109408,0.0119048,0.523459,4208,0.0615385,0.422334,33664,0,0.1,0,0.0692308,0.397652,37872,0.0538462,0.510577,29456,0.0615385,0.30032,33664,0,0.1,0,0,0.1,0,0,0.1,0,0.0416667,0.11732,21040,0,0.1,0,0.166667,0.113117,75744
65.5,0,0.1,0,0.0416667,0.16031,21040,0.225,0.432563,113616,0.0131579,0.523459,4208,0.0666667,0.412143,33664,0,0.1,0,0.0692308,0.397652,37872,0.0461538,0.50819,25248,0.0538462,0.253294,29456,0,0.1,0,0,0.1,0,0,0.1,0,0.0307692,0.101674,16832,0,0.1,0,0.162393,0.12262,79952
65.6,0,0.1,0,0.0384615,0.16031,21040,0.192308,0.424458,105200,0.0125,0.523459,4208,0.0692308,0.404426,37872,0,0.1,0,0.075,0.394254,37872,0.05,0.50819,25248,0.0583333,0.253294,29456,0,0.1,0,0,0.1,0,0,0.1,0,0.0230769,0.118614,12624,0,0.1,0,0.162393,0.135752,79952
65.7,0,0.1,0,0.0384615,0.16031,21040,0.176923,0.425206,96784,0.0131579,0.523459,4208,0.0692308,0.405909,37872,0,0.1,0,0.0615385,0.399956,33664,0.0307692,0.515987,16832,0.0461538,0.187739,25248,0.0192308,0.169867,4208,0,0.1,0,0,0.1,0,0.025,0.118614,12624,0,0.1,0,0.185185,0.153782,84160
65.8,0,0.1,0,0.0416667,0.16031,21040,0.2,0.42557,100992,0.0147059,0.523459,4208,0.0833333,0.405632,42080,0,0.1,0,0.0692308,0.402689,37872,0.0230769,0.476701,12624,0.0461538,0.187739,25248,0.0192308,0.169867,4208,0,0.1,0,0,0.1,0,0.0153846,0.134388,8416,0,0.1,0,0.153846,0.163957,75744
65.9,0,0.1,0,0.0384615,0.16031,21040,0.192308,0.426637,105200,0.0138889,0.523459,4208,0.0769231,0.403243,42080,0,0.1,0,0.0666667,0.406529,33664,0.0166667,0.44809,8416,0.05,0.187739,25248,0.0416667,0.129597,8416,0,0.1,0,0,0.1,0,0.0153846,0.134388,8416,0,0.1,0,0.17094,0.187418,84160
66,0,0.1,0,0.0307692,0.147532,16832,0.184615,0.426347,100992,0.0147059,0.523459,4208,0.0769231,0.395784,42080,0,0.1,0,0.0692308,0.423225,37872,0.0153846,0.44809,8416,0.0461538,0.101345,25248,0.0384615,0.129597,8416,0,0.1,0,0,0.1,0,0.00833333,0.631485,4208,0,0.1,0,0.203704,0.191646,92576
66.1,0,0.1,0,0.0333333,0.147532,16832,0.2,0.428179,100992,0.0166667,0.523459,4208,0.0916667,0.398787,46288,0,0.1,0,0.0692308,0.423225,37872,0.0153846,0.44809,8416,0.0461538,0.101345,25248,0.0384615,0.129597,8416,0,0.1,0,0,0.1,0,0.00769231,0.631485,4208,0,0.1,0,0.179487,0.207518,88368
66.2,0,0.1,0,0.0230769,0.124613,12624,0.184615,0.430252,100992,0,0.1,0,0.0846154,0.398787,46288,0,0.1,0,0.075,0.423225,37872,0.00833333,0.482123,4208,0.05,0.101345,25248,0.0416667,0.129597,8416,0,0.1,0,0,0.1,0,0.00769231,0.631485,4208,0,0.1,0,0.205128,0.224381,100992
66.3,0,0.1,0,0.00769231,0.0498667,4208,0.2,0.430158,105200,0,0.1,0,0.0846154,0.403615,46288,0,0.1,0,0.0769231,0.42381,42080,0.00769231,0.482123,4208,0.0538462,0.092145,29456,0.0384615,0.129597,8416,0,0.1,0,0,0.1,0,0.00833333,0.631485,4208,0,0.1,0,0.25,0.226311,113616
66.4,0,0.1,0,0.00833333,0.0498667,4208,0.208696,0.430087,100992,0,0.1,0,0.108333,0.401377,54704,0,0.1,0,0.0775194,0.42381,42080,0.0153846,0.46783,8416,0.0692308,0.0747208,37872,0.0384615,0.129597,8416,0,0.1,0,0,0.1,0,0.00769231,0.631485,4208,0,0.1,0,0.222222,0.236803,109408
66.5,0,0.1,0,0,0.1,0,0.216667,0.433628,109408,0,0.1,0,0.107692,0.40489,58912,0,0.1,0,0.0840336,0.42381,42080,0.0166667,0.46783,8416,0.0583333,0.0374336,29456,0.0416667,0.129597,8416,0,0.1,0,0,0.1,0,0.00769231,0.631485,4208,0,0.1,0,0.230769,0.232447,113616
66.6,0,0.1,0,0,0.1,0,0.234783,0.432725,113616,0,0.1,0,0.107692,0.40786,58912,0,0.1,0,0.0775194,0.42381,42080,0.0153846,0.46783,8416,0.0692308,0.0467607,37872,0.0377358,0.129597,8416,0,0.1,0,0,0.1,0,0.00833333,0.631485,4208,0,0.1,0,0.259259,0.22651,117824
66.7,0,0.1,0,0,0.1,0,0.257143,0.433707,113616,0,0.1,0,0.133333,0.408717,67328,0,0.1,0,0.0697674,0.419547,37872,0.0153846,0.46783,8416,0.0692308,0.0467607,37872,0.037037,0.129597,8416,0,0.1,0,0,0.1,0,0.00769231,0.631485,4208,0,0.1,0,0.245763,0.22113,122032
66.8,0,0.1,0,0,0.1,0,0.226087,0.420388,109408,0,0.1,0,0.138462,0.41031,75744,0,0.1,0,0.0756303,0.419547,37872,0.0166667,0.46783,8416,0.075,0.0467607,37872,0.04,0.129597,8416,0,0.1,0,0,0.1,0,0.00769231,0.631485,4208,0,0.1,0,0.260504,0.214158,130448
66.9,0,0.1,0,0,0.1,0,0.217391,0.422784,105200,0,0.1,0,0.153846,0.411016,84160,0,0.1,0,0.0620155,0.423806,33664,0.0153846,0.46783,8416,0.0769231,0.0554388,42080,0.0363636,0.129597,8416,0,0.1,0,0,0.1,0,0.00833333,0.631485,4208,0,0.1,0,0.290909,0.207587,134656
67,0,0.1,0,0,0.1,0,0.228571,0.424622,100992,0,0.1,0,0.166667,0.411016,84160,0,0.1,0,0.0620155,0.423806,33664,0.0153846,0.46783,8416,0.0615385,0.0570083,33664,0.0357143,0.129597,8416,0,0.1,0,0,0.1,0,0.00769231,0.631485,4208,0,0.1,0,0.266667,0.203167,134656
67.1,0,0.1,0,0,0.1,0,0.208696,0.417063,100992,0,0.1,0,0.161538,0.414096,88368,0,0.1,0,0.0672269,0.423806,33664,0.0166667,0.46783,8416,0.075,0.0567137,37872,0.0384615,0.129597,8416,0,0.1,0,0,0.1,0,0.00769231,0.631485,4208,0.015625,0.152216,4208,0.239669,0.201273,122032
67.2,0,0.1,0,0,0.1,0,0.182609,0.408579,88368,0,0.1,0,0.161538,0.414096,88368,0,0.1,0,0.0465116,0.439681,25248,0.0153846,0.46783,8416,0.0692308,0.0567137,37872,0.0350877,0.129597,8416,0,0.1,0,0,0.1,0,0.00833333,0.631485,4208,0.0333333,0.193627,8416,0.258929,0.201273,122032
67.3,0,0.1,0,0,0.1,0,0.209524,0.408709,92576,0,0.1,0,0.158333,0.409408,79952,0,0.1,0,0.0465116,0.439681,25248,0.00769231,0.453537,4208,0.0692308,0.0567137,37872,0.0344828,0.129597,8416,0.0138889,0.115076,4208,0,0.1,0,0.00769231,0.631485,4208,0.0441176,0.189593,12624,0.245902,0.199385,126240
67.4,0,0.1,0,0,0.1,0,0.182609,0.409195,88368,0,0.1,0,0.146154,0.410112,79952,0,0.1,0,0.0504202,0.439681,25248,0.00833333,0.453537,4208,0.0916667,0.103855,46288,0.037037,0.129597,8416,0.0294118,0.125582,8416,0,0.1,0,0.00769231,0.631485,4208,0.0416667,0.189593,12624,0.235772,0.196134,122032
67.5,0,0.1,0,0,0.1,0,0.182609,0.409798,88368,0,0.1,0,0.138462,0.413858,75744,0,0.1,0,0.0387597,0.45366,21040,0.00769231,0.453537,4208,0.0846154,0.103855,46288,0.0338983,0.129597,8416,0.05,0.0881216,12624,0,0.1,0,0.00833333,0.631485,4208,0.0441176,0.189593,12624,0.263158,0.195777,126240
67.6,0,0.1,0,0,0.1,0,0.228571,0.410788,100992,0,0.1,0,0.141667,0.414941,71536,0,0.1,0,0.0310078,0.447933,16832,0.00769231,0.453537,4208,0.0846154,0.103855,46288,0.0166667,0.0893273,4208,0.046875,0.0881216,12624,0,0.1,0,0.00769231,0.631485,4208,0.0526316,0.190615,16832,0.233871,0.191826,122032
67.7,0,0.1,0,0,0.1,0,0.2,0.411028,96784,0,0.1,0,0.130769,0.420144,71536,0,0.1,0,0.0252101,0.455727,12624,0.00833333,0.453537,4208,0.0916667,0.103855,46288,0.0178571,0.0893273,4208,0.05,0.0881216,12624,0,0.1,0,0.00769231,0.631485,4208,0.0625,0.176914,21040,0.232,0.191826,122032
67.8,0,0.1,0,0,0.1,0,0.208696,0.410189,100992,0,0.1,0,0.130769,0.423423,71536,0,0.1,0,0.0232558,0.455727,12624,0.00769231,0.453537,4208,0.0923077,0.123103,50496,0,0.1,0,0.0576923,0.0881216,12624,0,0.1,0,0.00833333,0.631485,4208,0.0657895,0.176914,21040,0.224138,0.180341,109408
67.9,0,0.1,0,0,0.1,0,0.238095,0.427443,105200,0,0.1,0,0.133333,0.424749,67328,0,0.1,0,0.00775194,0.429083,4208,0.00769231,0.453537,4208,0.0846154,0.133931,46288,0,0.1,0,0.0535714,0.0881216,12624,0,0.1,0,0,0.1,0,0.0595238,0.176914,21040,0.198413,0.178362,105200
68,0,0.1,0,0,0.1,0,0.234783,0.440056,113616,0,0.1,0,0.130769,0.423036,71536,0,0.1,0,0.00840336,0.429083,4208,0.00833333,0.453537,4208,0.1,0.151204,50496,0,0.1,0,0.0576923,0.0881216,12624,0,0.1,0,0,0.1,0,0.0681818,0.164111,25248,0.204724,0.177473,109408
68.1,0,0.1,0,0,0.1,0,0.217391,0.441276,105200,0,0.1,0,0.138462,0.426362,75744,0,0.1,0,0.00775194,0.429083,4208,0.00769231,0.453537,4208,0.0923077,0.151204,50496,0,0.1,0,0.104167,0.0635687,21040,0,0.1,0,0,0.1,0,0.0833333,0.151099,29456,0.194915,0.166723,96784
68.2,0,0.1,0,0,0.1,0,0.236364,0.442444,109408,0,0.1,0,0.141667,0.426254,71536,0,0.1,0,0,0.1,0,0.00769231,0.453537,4208,0.0923077,0.1812,50496,0,0.1,0,0.0961538,0.0635687,21040,0,0.1,0,0,0.1,0,0.0869565,0.13807,33664,0.15625,0.155469,84160
68.3,0,0.1,0,0,0.1,0,0.225,0.442035,113616,0,0.1,0,0.115385,0.431212,63120,0,0.1,0,0,0.1,0,0,0.1,0,0.0916667,0.231885,46288,0,0.1,0,0.115385,0.0532256,25248,0,0.1,0,0,0.1,0,0.09375,0.138488,37872,0.147287,0.161272,79952
68.4,0,0.1,0,0,0.1,0,0.184,0.445566,96784,0,0.1,0,0.115385,0.428385,63120,0,0.1,0,0,0.1,0,0,0.1,0,0.0923077,0.243475,50496,0,0.1,0,0.145833,0.0509378,29456,0,0.1,0,0,0.1,0,0.108696,0.131193,42080,0.15,0.16361,75744
68.5,0,0.1,0,0,0.1,0,0.175,0.447577,88368,0,0.1,0,0.116667,0.429451,58912,0,0.1,0,0,0.1,0,0,0.1,0,0.0846154,0.288731,46288,0,0.1,0,0.153846,0.046808,33664,0.0108696,0.0246212,4208,0,0.1,0,0.1,0.131193,42080,0.123077,0.170527,67328
68.6,0.00961538,0.00151006,4208,0,0.1,0,0.169231,0.450444,92576,0,0.1,0,0.0923077,0.431906,50496,0.0208333,0.0293022,8416,0,0.1,0,0,0.1,0,0.0916667,0.288731,46288,0,0.1,0,0.153846,0.046808,33664,0.0113636,0.0246212,4208,0,0.1,0,0.0961538,0.131193,42080,0.107692,0.183657,58912
68.7,0.00961538,0.00151006,4208,0,0.1,0,0.153846,0.469159,84160,0,0.1,0,0.0923077,0.435304,50496,0.0288462,0.035127,12624,0,0.1,0,0,0.1,0,0.0923077,0.304955,50496,0,0.1,0,0.1875,0.0481756,37872,0.0125,0.0246212,4208,0,0.1,0,0.104167,0.131193,42080,0.116667,0.228646,58912
68.8,0.0416667,0.0467173,16832,0,0.1,0,0.175,0.49161,88368,0,0.1,0,0.0833333,0.43889,42080,0.0384615,0.0394709,16832,0,0.1,0,0,0.1,0,0.0846154,0.390187,46288,0,0.1,0,0.173077,0.0481756,37872,0.0119048,0.0246212,4208,0,0.1,0,0.115385,0.139793,50496,0.0923077,0.252895,50496
68.9,0.0480769,0.0410098,21040,0,0.1,0,0.169231,0.511287,92576,0,0.1,0,0.0769231,0.43889,42080,0.0520833,0.0332536,21040,0,0.1,0,0,0.1,0,0.0916667,0.390187,46288,0,0.1,0,0.173077,0.0481756,37872,0.025,0.0808789,8416,0,0.1,0,0.115385,0.139793,50496,0.1,0.289714,54704
69,0.0769231,0.0589686,33664,0,0.1,0,0.161538,0.520476,88368,0.0384615,0.294726,8416,0.0692308,0.434801,37872,0.0480769,0.0332536,21040,0,0.1,0,0.0230769,0.0364202,12624,0.0846154,0.466664,46288,0,0.1,0,0.208333,0.0475226,42080,0.0277778,0.0808789,8416,0,0.1,0,0.135417,0.144554,54704,0.125,0.293316,63120
69.1,0.0833333,0.0589686,33664,0,0.1,0,0.175,0.520476,88368,0.0625,0.266693,12624,0.075,0.434801,37872,0.0480769,0.0332536,21040,0,0.1,0,0.0307692,0.0345401,16832,0.0846154,0.466664,46288,0,0.1,0,0.192308,0.0475226,42080,0.0394737,0.0713053,12624,0,0.1,0,0.115385,0.137014,50496,0.115385,0.293316,63120
69.2,0.0865385,0.0648433,37872,0,0.1,0,0.161538,0.546285,88368,0.0769231,0.241417,16832,0.0692308,0.434801,37872,0.0625,0.0327916,25248,0,0.1,0,0.05,0.0387794,25248,0.0916667,0.466664,46288,0,0.1,0,0.173077,0.0400167,37872,0.0416667,0.0713053,12624,0,0.1,0,0.105769,0.132968,46288,0.138462,0.268689,75744
69.3,0.0961538,0.0655332,42080,0,0.1,0,0.169231,0.560073,92576,0.0961538,0.226387,21040,0.0615385,0.440926,33664,0.0576923,0.0327916,25248,0,0.1,0,0.0538462,0.0401674,29456,0.0769231,0.498236,42080,0,0.1,0,0.208333,0.0272119,42080,0.046875,0.0713053,12624,0,0.1,0,0.135417,0.151801,54704,0.166667,0.25124,84160
69.4,0.114583,0.0615637,46288,0,0.1,0,0.175,0.565132,88368,0.104167,0.226387,21040,0.0666667,0.440926,33664,0.0769231,0.0252831,33664,0,0.1,0,0.0615385,0.0379799,33664,0.0769231,0.498236,42080,0,0.1,0,0.211538,0.025729,46288,0.0588235,0.0642999,16832,0,0.1,0,0.144231,0.169621,63120,0.146154,0.241934,79952
69.5,0.125,0.0588947,54704,0,0.1,0,0.138462,0.589702,75744,0.0961538,0.226387,21040,0.0615385,0.440926,33664,0.09375,0.0273471,37872,0,0.1,0,0.0666667,0.0379799,33664,0.0916667,0.517793,46288,0,0.1,0,0.211538,0.025729,46288,0.0625,0.0642999,16832,0,0.1,0,0.134615,0.167902,58912,0.146154,0.231283,79952
69.6,0.134615,0.0587707,58912,0,0.1,0,0.130769,0.597529,71536,0.115385,0.194335,25248,0.0538462,0.433688,29456,0.0961538,0.0275784,42080,0,0.1,0,0.0769231,0.0363557,42080,0.0846154,0.517793,46288,0,0.1,0,0.229167,0.025729,46288,0.0714286,0.0642999,16832,0,0.1,0,0.145833,0.17829,58912,0.166667,0.224542,84160
69.7,0.145833,0.0587707,58912,0,0.1,0,0.125,0.620989,63120,0.125,0.194335,25248,0.05,0.43373,25248,0.0961538,0.0275784,42080,0,0.1,0,0.0846154,0.0335428,46288,0.0769231,0.53609,42080,0,0.1,0,0.230769,0.0255541,50496,0.0833333,0.0855786,21040,0,0.1,0,0.134615,0.17829,58912,0.176923,0.197855,96784
69.8,0.153846,0.0571967,67328,0,0.1,0,0.0923077,0.633545,50496,0.115385,0.194335,25248,0.0461538,0.43373,25248,0.114583,0.0263692,46288,0,0.1,0,0.1,0.033388,50496,0.1,0.53367,50496,0,0.1,0,0.230769,0.0255541,50496,0.107143,0.0853171,25248,0,0.1,0,0.134615,0.17829,58912,0.176923,0.188207,96784
69.9,0.153846,0.0571967,67328,0,0.1,0,0.0692308,0.65737,37872,0.115385,0.194335,25248,0.0307692,0.444484,16832,0.115385,0.0282083,50496,0,0.1,0,0.115385,0.0312941,63120,0.0846154,0.551166,46288,0,0.1,0,0.25,0.0255541,50496,0.125,0.0853171,25248,0,0.1,0,0.145833,0.178709,58912,0.183333,0.1807,92576
70,0.177083,0.0546869,71536,0,0.1,0,0.075,0.65737,37872,0.125,0.194335,25248,0.025,0.431677,12624,0.115385,0.0282083,50496,0,0.1,0,0.138462,0.0273815,75744,0.0846154,0.551166,46288,0,0.1,0,0.211538,0.026823,46288,0.115385,0.0853171,25248,0,0.1,0,0.125,0.186839,54704,0.161538,0.175544,88368
70.1,0.182692,0.0509217,79952,0,0.1,0,0.0538462,0.71668,29456,0.115385,0.194335,25248,0.0230769,0.431677,12624,0.125,0.0282083,50496,0,0.1,0,0.15,0.0273815,75744,0.0833333,0.566593,42080,0,0.1,0,0.211538,0.026823,46288,0.134615,0.093279,29456,0,0.1,0,0.115385,0.198503,50496,0.169231,0.171961,92576
70.2,0.192308,0.0515488,84160,0,0.1,0,0.0615385,0.575511,33664,0.115385,0.194335,25248,0.024,0.431677,12624,0.134615,0.0283987,58912,0,0.1,0,0.146154,0.028305,79952,0.0692308,0.58468,37872,0,0.1,0,0.208333,0.0293543,42080,0.145833,0.093279,29456,0,0.1,0,0.114583,0.203655,46288,0.191667,0.157538,96784
70.3,0.21875,0.0516802,88368,0,0.1,0,0.075,0.521028,37872,0.125,0.194335,25248,0.0173913,0.443441,8416,0.134615,0.0283987,58912,0,0.1,0,0.161538,0.0300919,88368,0.0846154,0.553981,46288,0,0.1,0,0.211538,0.0369246,46288,0.125,0.093279,29456,0,0.1,0,0.0961538,0.217467,42080,0.2,0.145666,109408
70.4,0.211538,0.0514655,92576,0,0.1,0,0.0769231,0.489965,42080,0.115385,0.194335,25248,0.0166667,0.443441,8416,0.15625,0.0272225,63120,0,0.1,0,0.183333,0.0323963,92576,0.0916667,0.554519,46288,0,0.1,0,0.211538,0.0410761,46288,0.1,0.104722,25248,0,0.1,0,0.0961538,0.217467,42080,0.207692,0.141578,113616
70.5,0.201923,0.0538443,88368,0,0.1,0,0.0769231,0.425491,42080,0.134615,0.192399,29456,0.0173913,0.443441,8416,0.134615,0.0266978,58912,0,0.1,0,0.184615,0.0329312,100992,0.1,0.520133,54704,0,0.1,0,0.25,0.0406761,50496,0.107143,0.104722,25248,0,0.1,0,0.104167,0.217467,42080,0.233333,0.139515,117824
70.6,0.239583,0.0524599,96784,0,0.1,0,0.0916667,0.393795,46288,0.145833,0.192399,29456,0,0.1,0,0.134615,0.023805,58912,0,0.1,0,0.184615,0.0329312,100992,0.0923077,0.523193,50496,0,0.1,0,0.211538,0.0389997,46288,0.09375,0.104722,25248,0,0.1,0,0.115385,0.187568,50496,0.215385,0.109484,117824
70.7,0.211538,0.048414,92576,0,0.1,0,0.0923077,0.297534,50496,0.134615,0.192399,29456,0,0.1,0,0.145833,0.0229753,58912,0,0.1,0,0.216667,0.0455942,109408,0.0916667,0.492443,46288,0,0.1,0,0.230769,0.0362292,50496,0.0882353,0.104722,25248,0,0.1,0,0.0961538,0.188522,42080,0.223077,0.106028,122032
70.8,0.211538,0.0505565,92576,0,0.1,0,0.0923077,0.228435,50496,0.134615,0.192399,29456,0,0.1,0,0.125,0.0240976,54704,0,0.1,0,0.2,0.0455942,109408,0.0846154,0.492443,46288,0,0.1,0,0.25,0.0362292,50496,0.078125,0.0982391,21040,0,0.1,0,0.104167,0.188522,42080,0.233333,0.0834169,117824
70.9,0.208333,0.043804,84160,0,0.1,0,0.108333,0.219625,54704,0.104167,0.151468,21040,0,0.1,0,0.125,0.0240976,54704,0,0.1,0,0.192308,0.0528576,105200,0.0769231,0.452127,42080,0,0.1,0,0.211538,0.0357368,46288,0.0694444,0.0982391,21040,0,0.1,0,0.0865385,0.186114,37872,0.230769,0.0605715,126240
71,0.201923,0.0423879,88368,0,0.1,0,0.107692,0.204862,58912,0.0961538,0.13646,21040,0,0.1,0,0.135417,0.0240976,54704,0,0.1,0,0.233333,0.0725483,117824,0.0833333,0.452127,42080,0,0.1,0,0.25,0.0441264,54704,0.0526316,0.109759,16832,0,0.1,0,0.0961538,0.182315,42080,0.246154,0.0575197,134656
71.1,0.201923,0.0398927,88368,0,0.1,0,0.107692,0.142789,58912,0.0769231,0.129178,16832,0,0.1,0,0.115385,0.0235656,50496,0,0.1,0,0.223077,0.0855566,122032,0.0769231,0.452127,42080,0,0.1,0,0.291667,0.0461137,58912,0.0555556,0.109759,16832,0,0.1,0,0.114583,0.171209,46288,0.241667,0.0450156,122032
71.2,0.21875,0.0383058,88368,0,0.1,0,0.108333,0.0884181,54704,0.0625,0.116814,12624,0,0.1,0,0.115385,0.0235656,50496,0,0.1,0,0.238462,0.0934146,130448,0.0692308,0.448915,37872,0,0.1,0,0.25,0.0485342,54704,0.05,0.109759,16832,0,0.1,0,0.0865385,0.152503,37872,0.215385,0.0419786,117824
71.3,0.201923,0.0373363,88368,0,0.1,0,0.107692,0.0847811,58912,0.0576923,0.116814,12624,0,0.1,0,0.114583,0.0269921,46288,0,0.1,0,0.258333,0.0989511,130448,0.075,0.448915,37872,0,0.1,0,0.211538,0.0551676,46288,0.0357143,0.131918,12624,0,0.1,0,0.0673077,0.114519,29456,0.223077,0.0404683,122032
71.4,0.182692,0.0366122,79952,0,0.1,0,0.107692,0.0847811,58912,0.0769231,0.118179,16832,0,0.1,0,0.115385,0.0257219,50496,0,0.1,0,0.253846,0.102342,138864,0.0615385,0.415859,33664,0,0.1,0,0.229167,0.0551676,46288,0.0375,0.131918,12624,0,0.1,0,0.0729167,0.114519,29456,0.241667,0.0422669,122032
71.5,0.1875,0.0354708,75744,0,0.1,0,0.116667,0.0847811,58912,0.0833333,0.133997,16832,0,0.1,0,0.105769,0.025364,46288,0,0.1,0,0.246154,0.108819,134656,0.0615385,0.415859,33664,0,0.1,0,0.211538,0.0551676,46288,0.0340909,0.131918,12624,0,0.1,0,0.0673077,0.10043,29456,0.238462,0.038216,130448
71.6,0.179245,0.0343817,79952,0,0.1,0,0.123077,0.0759572,67328,0.0754717,0.133997,16832,0,0.1,0,0.114583,0.025364,46288,0,0.1,0,0.291667,0.11239,147280,0.0666667,0.415859,33664,0,0.1,0,0.188679,0.0583214,42080,0.0212766,0.11253,8416,0,0.1,0,0.0660377,0.10043,29456,0.215385,0.0401744,117824
71.7,0.157407,0.0329938,71536,0,0.1,0,0.130769,0.0779386,71536,0.0740741,0.133997,16832,0,0.1,0,0.103774,0.026118,46288,0,0.1,0,0.284615,0.109779,155696,0.0461538,0.380623,25248,0,0.1,0,0.22449,0.0541153,46288,0.0111111,0.141051,4208,0,0.1,0,0.0816327,0.0958514,33664,0.225,0.0410648,113616
71.8,0.18,0.0345653,75744,0,0.1,0,0.15,0.0757352,75744,0.08,0.133997,16832,0,0.1,0,0.101852,0.027212,46288,0,0.1,0,0.269231,0.11448,147280,0.0461538,0.380623,25248,0,0.1,0,0.222222,0.0503219,50496,0.01,0.141051,4208,0,0.1,0,0.0740741,0.0995223,33664,0.223077,0.038728,122032
71.9,0.163636,0.040137,75744,0,0.1,0,0.169231,0.0724835,92576,0.0727273,0.133997,16832,0,0.1,0,0.11,0.027212,46288,0,0.1,0,0.291667,0.11961,147280,0.05,0.380623,25248,0,0.1,0,0.2,0.051089,46288,0.00943396,0.141051,4208,0,0.1,0,0.0727273,0.0995223,33664,0.223077,0.038728,122032
72,0.160714,0.0527227,75744,0,0.1,0,0.169231,0.0724835,92576,0.0892857,0.110584,21040,0,0.1,0,0.109091,0.0276174,50496,0,0.1,0,0.276923,0.116431,151488,0.0461538,0.380623,25248,0,0.1,0,0.215686,0.051089,46288,0,0.1,0,0,0.1,0,0.0980392,0.094898,42080,0.241667,0.036996,122032
72.1,0.211538,0.047071,92576,0,0.1,0,0.191667,0.0783064,96784,0.115385,0.112685,25248,0,0.1,0,0.0982143,0.0305051,46288,0,0.1,0,0.284615,0.120431,155696,0.0461538,0.380623,25248,0,0.1,0,0.214286,0.0481812,50496,0,0.1,0,0,0.1,0,0.0982143,0.0937804,46288,0.207692,0.0347558,113616
72.2,0.192982,0.0461582,92576,0,0.1,0,0.184615,0.0731373,100992,0.105263,0.112685,25248,0,0.1,0,0.115385,0.0354824,50496,0,0.1,0,0.3,0.126068,151488,0.025,0.360367,12624,0,0.1,0,0.210526,0.0504441,50496,0,0.1,0,0,0.1,0,0.0964912,0.0937804,46288,0.207692,0.0354979,113616
72.3,0.189655,0.0482697,92576,0,0.1,0,0.192308,0.0630041,105200,0.103448,0.112685,25248,0,0.1,0,0.0964912,0.0377303,46288,0,0.1,0,0.276923,0.128092,151488,0.0153846,0.33101,8416,0,0.1,0,0.207547,0.0492513,46288,0,0.1,0,0,0.1,0,0.122642,0.114006,54704,0.233333,0.037353,117824
72.4,0.212963,0.0488483,96784,0,0.1,0,0.208333,0.0569975,105200,0.0925926,0.0990663,21040,0,0.1,0,0.103448,0.04636,50496,0,0.1,0,0.261538,0.133343,143072,0,0.1,0,0,0.1,0,0.174603,0.0503509,46288,0,0.1,0,0,0.1,0,0.12069,0.128575,58912,0.223077,0.036017,122032
72.5,0.20339,0.0627439,100992,0,0.1,0,0.192308,0.0541046,105200,0.0847458,0.0990663,21040,0,0.1,0,0.101852,0.0500038,46288,0,0.1,0,0.283333,0.133343,143072,0,0.1,0,0,0.1,0,0.15942,0.0503509,46288,0,0.1,0,0,0.1,0,0.118644,0.162821,58912,0.207692,0.0381251,113616
72.6,0.2,0.0697051,100992,0,0.1,0,0.192308,0.0476802,105200,0.0833333,0.0990663,21040,0,0.1,0,0.0847458,0.0509156,42080,0,0.1,0,0.246154,0.12933,134656,0,0.1,0,0,0.1,0,0.169231,0.0565175,46288,0,0.1,0,0,0.1,0,0.136364,0.170707,63120,0.216667,0.0392356,109408
72.7,0.232143,0.0681645,109408,0,0.1,0,0.2,0.0456954,100992,0.107143,0.100028,25248,0,0.1,0,0.0916667,0.0569857,46288,0,0.1,0,0.269231,0.139331,147280,0,0.1,0,0,0.1,0,0.173333,0.0529107,54704,0,0.1,0,0,0.1,0,0.125,0.170707,63120,0.192308,0.0377312,105200
72.8,0.213115,0.0680082,109408,0,0.1,0,0.184615,0.0417469,100992,0.0983607,0.100028,25248,0,0.1,0,0.0982143,0.0569857,46288,0,0.1,0,0.283333,0.146336,143072,0,0.1,0,0,0.1,0,0.171053,0.0529107,54704,0,0.1,0,0,0.1,0,0.114754,0.172635,58912,0.161538,0.039445,88368
72.9,0.209677,0.070156,109408,0,0.1,0,0.184615,0.0419178,100992,0.0806452,0.092916,21040,0,0.1,0,0.0983607,0.0750797,50496,0,0.1,0,0.230769,0.14122,126240,0,0.1,0,0,0.1,0,0.152778,0.0461182,46288,0,0.1,0,0,0.1,0,0.131579,0.199536,63120,0.158333,0.0423611,79952
73,0.232759,0.0698806,113616,0,0.1,0,0.208333,0.04084,105200,0.0862069,0.092916,21040,0,0.1,0,0.104839,0.0990818,54704,0,0.1,0,0.215385,0.137851,117824,0,0.1,0,0,0.1,0,0.12987,0.0435351,42080,0,0.1,0,0,0.1,0,0.12605,0.217209,63120,0.138462,0.0421532,75744
73.1,0.222222,0.0706533,117824,0,0.1,0,0.192308,0.04084,105200,0.0793651,0.092916,21040,0,0.1,0,0.12069,0.120604,58912,0,0.1,0,0.216667,0.139384,109408,0,0.1,0,0,0.1,0,0.115385,0.0446603,37872,0,0.1,0,0,0.1,0,0.137931,0.229768,67328,0.130769,0.0412007,71536
73.2,0.234375,0.0771134,126240,0,0.1,0,0.192308,0.0403104,105200,0.109375,0.106806,29456,0,0.1,0,0.103175,0.128371,54704,0,0.1,0,0.207692,0.145089,113616,0,0.1,0,0,0.1,0,0.121622,0.0446603,37872,0,0.1,0,0,0.1,0,0.157407,0.23988,71536,0.125,0.0440498,63120
73.3,0.266667,0.0766325,134656,0,0.1,0,0.208333,0.0403104,105200,0.1,0.104228,25248,0,0.1,0,0.09375,0.158085,50496,0,0.1,0,0.2,0.147773,109408,0,0.1,0,0,0.1,0,0.113924,0.0446603,37872,0,0.1,0,0,0.1,0,0.150442,0.23988,71536,0.107692,0.0429797,58912
73.4,0.261538,0.0745831,143072,0,0.1,0,0.2,0.0408367,109408,0.107692,0.0997329,29456,0,0.1,0,0.108333,0.162769,54704,0,0.1,0,0.216667,0.149578,109408,0,0.1,0,0,0.1,0,0.1125,0.0446603,37872,0,0.1,0,0,0.1,0,0.145455,0.244314,67328,0.0846154,0.0496623,46288
73.5,0.269231,0.0757008,147280,0,0.1,0,0.184615,0.0430573,100992,0.107692,0.0997329,29456,0,0.1,0,0.107692,0.174494,58912,0,0.1,0,0.2,0.169953,109408,0,0.1,0,0,0.1,0,0.12,0.0446603,37872,0,0.1,0,0,0.1,0,0.16,0.244314,67328,0.0916667,0.0496623,46288
73.6,0.308333,0.0746615,155696,0,0.1,0,0.208333,0.0422044,105200,0.116667,0.0997329,29456,0,0.1,0,0.107692,0.188569,58912,0,0.1,0,0.184615,0.184145,100992,0,0.1,0,0,0.1,0,0.1,0.048736,33664,0,0.1,0,0,0.1,0,0.142857,0.256349,63120,0.0846154,0.0496623,46288
73.7,0.3,0.0710999,164112,0,0.1,0,0.192308,0.0428754,105200,0.107692,0.0997329,29456,0,0.1,0,0.125,0.20215,63120,0,0.1,0,0.2,0.191834,100992,0,0.1,0,0,0.1,0,0.0875,0.0544707,29456,0,0.1,0,0,0.1,0,0.14,0.264993,58912,0.0615385,0.0544519,33664
73.8,0.292308,0.0699494,159904,0,0.1,0,0.169231,0.0384316,92576,0.107692,0.0997329,29456,0,0.1,0,0.130769,0.208556,71536,0,0.1,0,0.169231,0.208844,92576,0,0.1,0,0,0.1,0,0.0933333,0.0544707,29456,0,0.1,0,0,0.1,0,0.155556,0.264993,58912,0.0666667,0.0544519,33664
73.9,0.316667,0.0668682,159904,0,0.1,0,0.2,0.0399507,100992,0.116667,0.110927,29456,0,0.1,0,0.138462,0.222107,75744,0,0.1,0,0.184615,0.20736,100992,0,0.1,0,0,0.1,0,0.0875,0.0544707,29456,0,0.1,0,0,0.1,0,0.126316,0.296425,50496,0.0538462,0.0555886,29456
74,0.261538,0.0708728,143072,0,0.1,0,0.169231,0.0334734,92576,0.107692,0.101699,29456,0,0.1,0,0.141667,0.231453,71536,0,0.1,0,0.191667,0.211169,96784,0,0.1,0,0,0.1,0,0.075,0.0608499,25248,0,0.1,0,0,0.1,0,0.122222,0.315863,46288,0.0538462,0.0555886,29456
74.1,0.261538,0.0718117,143072,0,0.1,0,0.161538,0.034107,88368,0.123077,0.102535,33664,0,0.1,0,0.130769,0.236241,71536,0,0.1,0,0.176923,0.204765,96784,0,0.1,0,0,0.1,0,0.0533333,0.0470263,16832,0,0.1,0,0,0.1,0,0.1375,0.315863,46288,0.0333333,0.0512851,16832
74.2,0.291667,0.0699383,147280,0,0.1,0,0.166667,0.0367315,84160,0.133333,0.102535,33664,0,0.1,0,0.130769,0.236241,71536,0,0.1,0,0.176923,0.203623,96784,0,0.1,0,0,0.1,0,0.05,0.0470263,16832,0,0.1,0,0,0.1,0,0.105882,0.336,37872,0.0153846,0.0412062,8416
74.3,0.261538,0.0701842,143072,0,0.1,0,0.169231,0.0323463,92576,0.123077,0.102535,33664,0,0.1,0,0.15,0.248767,75744,0,0.1,0,0.2,0.197084,100992,0,0.1,0,0,0.1,0,0.04,0.046578,12624,0,0.1,0,0,0.1,0,0.1,0.338254,33664,0,0.1,0
74.4,0.238462,0.0621959,130448,0,0.1,0,0.161538,0.0336717,88368,0.123077,0.102535,33664,0,0.1,0,0.146154,0.244511,79952,0,0.1,0,0.184615,0.197084,100992,0,0.1,0,0,0.1,0,0.0461538,0.046578,12624,0,0.1,0,0,0.1,0,0.0857143,0.358406,25248,0,0.1,0
74.5,0.266667,0.0633023,134656,0,0.1,0,0.183333,0.041295,92576,0.133333,0.102535,33664,0,0.1,0,0.153846,0.243948,84160,0,0.1,0,0.192308,0.19326,105200,0,0.1,0,0,0.1,0,0.0285714,0.0330733,8416,0,0.1,0,0,0.1,0,0.0875,0.281851,29456,0,0.1,0
74.6,0.238462,0.0679361,130448,0,0.1,0,0.184615,0.0410592,100992,0.116667,0.102206,29456,0,0.1,0,0.158333,0.250593,79952,0,0.1,0,0.183333,0.186067,92576,0,0.1,0,0,0.1,0,0,0.1,0,0,0.1,0,0,0.1,0,0.103896,0.247569,33664,0,0.1,0
74.7,0.230769,0.0693182,126240,0,0.1,0,0.192308,0.0453905,105200,0.127273,0.102206,29456,0,0.1,0,0.153846,0.243566,84160,0,0.1,0,0.184615,0.175744,100992,0,0.1,0,0,0.1,0,0,0.1,0,0,0.1,0,0,0.1,0,0.134328,0.223954,37872,0,0.1,0
74.8,0.241667,0.0692978,122032,0,0.1,0,0.208333,0.0462605,105200,0.14,0.102206,29456,0,0.1,0,0.153846,0.234498,84160,0,0.1,0,0.192308,0.17251,105200,0,0.1,0,0,0.1,0,0,0.1,0,0,0.1,0,0,0.1,0,0.0909091,0.184475,29456,0,0.1,0
74.9,0.207692,0.0699065,113616,0,0.1,0,0.184615,0.0464732,100992,0.14,0.102206,29456,0,0.1,0,0.183333,0.202881,92576,0,0.1,0,0.2,0.172717,100992,0,0.1,0,0,0.1,0,0,0.1,0,0,0.1,0,0,0.1,0,0.097561,0.151316,33664,0,0.1,0
75,0.192308,0.0703017,105200,0,0.1,0,0.192308,0.0491956,105200,0.155556,0.102206,29456,0,0.1,0,0.161538,0.193475,88368,0,0.1,0,0.192308,0.177302,105200,0,0.1,0,0,0.1,0,0,0.1,0,0,0.1,0,0,0.1,0,0.0909091,0.113198,29456,0,0.1,0
75.1,0.183333,0.0645874,92576,0.0104167,0.103183,4208,0.208333,0.0529808,105200,0.125,0.0864752,21040,0,0.1,0,0.169231,0.189731,92576,0,0.1,0,0.176923,0.171514,96784,0,0.1,0,0,0.1,0,0,0.1,0,0,0.1,0,0,0.1,0,0.0689655,0.0651186,25248,0,0.1,0
75.2,0.153846,0.0641043,84160,0.00961538,0.103183,4208,0.207692,0.054824,113616,0.125,0.0864752,21040,0,0.1,0,0.191667,0.174998,96784,0,0.1,0,0.183333,0.168651,92576,0,0.1,0,0,0.1,0,0,0.1,0,0,0.1,0,0,0.1,0,0.076087,0.0711515,29456,0,0.1,0
75.3,0.138462,0.0665832,75744,0.0192308,0.0941303,8416,0.2,0.0548559,109408,0.0857143,0.0874242,12624,0,0.1,0,0.169231,0.172999,92576,0,0.1,0,0.169231,0.168133,92576,0,0.1,0,0,0.1,0,0,0.1,0,0,0.1,0,0,0.1,0,0.091954,0.0757568,33664,0,0.1,0
75.4,0.133333,0.0668763,67328,0.0208333,0.0941303,8416,0.216667,0.0548559,109408,0.1,0.0874242,12624,0,0.1,0,0.169231,0.16079,92576,0,0.1,0,0.161538,0.15468,88368,0,0.1,0,0,0.1,0,0,0.1,0,0,0.1,0,0,0.1,0,0.0824742,0.0757568,33664,0,0.1,0
75.5,0.107692,0.0683623,58912,0.0192308,0.0941303,8416,0.2,0.0518761,109408,0.1,0.0874242,12624,0,0.1,0,0.183333,0.154634,92576,0,0.1,0,0.166667,0.154385,84160,0,0.1,0,0,0.1,0,0,0.1,0,0,0.1,0,0,0.1,0,0.0882353,0.08098,37872,0,0.1,0
75.6,0.0846154,0.0804881,46288,0.0192308,0.0941303,8416,0.207692,0.0496373,113616,0.12,0.0874242,12624,0,0.1,0,0.169231,0.140398,92576,0,0.1,0,0.146154,0.152077,79952,0,0.1,0,0,0.1,0,0,0.1,0,0,0.1,0,0,0.1,0,0.113402,0.0948832,46288,0,0.1,0
75.7,0.0916667,0.0804881,46288,0.0208333,0.0941303,8416,0.216667,0.0513535,109408,0.15,0.0874242,12624,0,0.1,0,0.169231,0.125446,92576,0,0.1,0,0.153846,0.154,84160,0,0.1,0,0,0.1,0,0,0.1,0,0,0.1,0,0,0.1,0,0.121495,0.0974587,54704,0,0.1,0
75.8,0.0692308,0.0820085,37872,0.0192308,0.0941303,8416,0.192308,0.0498811,105200,0.1,0.0834886,8416,0,0.1,0,0.166667,0.113764,84160,0,0.1,0,0.15,0.156652,75744,0,0.1,0,0,0.1,0,0,0.1,0,0,0.1,0,0,0.1,0,0.116071,0.0974587,54704,0,0.1,0
75.9,0.0615385,0.0899219,33664,0.0192308,0.0941303,8416,0.207692,0.0551801,113616,0.0666667,0.108384,4208,0,0.1,0,0.176923,0.112508,96784,0,0.1,0,0.146154,0.158372,79952,0,0.1,0,0,0.1,0,0,0.1,0,0,0.1,0,0,0.1,0,0.121495,0.0974587,54704,0,0.1,0
76,0.0583333,0.0933179,29456,0.0208333,0.0941303,8416,0.225,0.05575,113616,0,0.1,0,0,0.1,0,0.184615,0.106999,100992,0,0.1,0,0.138462,0.165541,75744,0,0.1,0,0,0.1,0,0,0.1,0,0,0.1,0,0,0.1,0,0.136752,0.122374,67328,0,0.1,0
76.1,0.0384615,0.110715,21040,0.0192308,0.0941303,8416,0.215385,0.0543296,117824,0,0.1,0,0,0.1,0,0.2,0.106999,100992,0,0.1,0,0.15,0.168308,75744,0,0.1,0,0,0.1,0,0,0.1,0,0,0.1,0,0,0.1,0,0.139344,0.132954,71536,0,0.1,0
76.2,0.0384615,0.110715,21040,0.0192308,0.0941303,8416,0.184615,0.0592482,100992,0,0.1,0,0,0.1,0,0.184615,0.101617,100992,0,0.1,0,0.146154,0.174841,79952,0,0.1,0,0,0.1,0,0,0.1,0,0,0.1,0,0,0.1,0,0.153846,0.1455,75744,0,0.1,0
76.3,0.0416667,0.110715,21040,0.0208333,0.0941303,8416,0.233333,0.0596297,117824,0,0.1,0,0,0.1,0,0.184,0.0987341,96784,0,0.1,0,0.146154,0.174841,79952,0,0.1,0,0,0.1,0,0,0.1,0,0,0.1,0,0,0.1,0,0.149606,0.154373,79952,0,0.1,0
76.4,0.0153846,0.122507,8416,0.0192308,0.0941303,8416,0.207692,0.0542064,113616,0,0.1,0,0.125,0.0395686,4208,0.208696,0.0921623,100992,0,0.1,0,0.166667,0.178096,84160,0,0.1,0,0,0.1,0,0,0.1,0,0,0.1,0,0,0.1,0,0.149606,0.186912,79952,0,0.1,0
76.5,0.0230769,0.117249,12624,0.0192308,0.0941303,8416,0.192308,0.0554656,105200,0,0.1,0,0.0833333,0.0395686,4208,0.192,0.0921623,100992,0,0.1,0,0.161538,0.176906,88368,0,0.1,0,0,0.1,0,0.0153846,0.0671741,4208,0,0.1,0,0,0.1,0,0.158333,0.207647,79952,0,0.1,0
76.6,0.0416667,0.0924082,21040,0.03125,0.168288,12624,0.2,0.0528986,100992,0,0.1,0,0.0833333,0.0395686,4208,0.184,0.0913848,96784,0,0.1,0,0.138462,0.180365,75744,0,0.1,0,0,0.1,0,0.027027,0.0553761,8416,0,0.1,0,0,0.1,0,0.138462,0.217236,75744,0,0.1,0
76.7,0.0538462,0.0995288,29456,0.0283019,0.168288,12624,0.192308,0.0511941,105200,0,0.1,0,0.0454545,0.0395686,4208,0.191304,0.0913223,92576,0,0.1,0,0.158333,0.19913,79952,0,0.1,0,0,0.1,0,0.025641,0.0553761,8416,0,0.1,0,0,0.1,0,0.138462,0.217236,75744,0,0.1,0
76.8,0.0692308,0.100671,37872,0.0277778,0.168288,12624,0.184615,0.0509017,100992,0,0.1,0,0.0625,0.0718198,8416,0.152,0.0972931,79952,0,0.1,0,0.169231,0.205547,92576,0,0.1,0,0,0.1,0,0.0410959,0.0449619,12624,0,0.1,0,0,0.1,0,0.141667,0.236227,71536,0,0.1,0
76.9,0.1,0.0909357,50496,0.03,0.168288,12624,0.208333,0.0481304,105200,0,0.1,0,0.125,0.0797119,16832,0.152,0.0972931,79952,0,0.1,0,0.153846,0.200367,84160,0,0.1,0,0.0186916,0.185277,8416,0.0365854,0.0449619,12624,0,0.1,0,0,0.1,0,0.130769,0.236227,71536,0,0.1,0
77,0.1,0.0850162,54704,0.0181818,0.20084,8416,0.2,0.0446266,109408,0,0.1,0,0.119048,0.0665579,21040,0.156522,0.0965256,75744,0,0.1,0,0.175,0.195784,88368,0,0.1,0,0.020202,0.185277,8416,0.0348837,0.0449619,12624,0,0.1,0,0,0.1,0,0.130769,0.236227,71536,0,0.1,0
77.1,0.1,0.0850162,54704,0.0178571,0.20084,8416,0.184615,0.0418568,100992,0.0217391,0.0246729,4208,0.134615,0.149309,29456,0.128,0.100174,67328,0,0.1,0,0.161538,0.195784,88368,0,0.1,0,0.0277778,0.190699,12624,0.037037,0.0449619,12624,0,0.1,0,0,0.1,0,0.133333,0.244281,67328,0,0.1,0
77.2,0.133333,0.077197,67328,0.00961538,0.316603,4208,0.216667,0.0423302,109408,0.0217391,0.0246729,4208,0.173077,0.132393,37872,0.128,0.100174,67328,0,0.1,0,0.161538,0.194287,88368,0,0.1,0,0.0366972,0.18969,16832,0.0444444,0.0350664,16832,0,0.1,0,0,0.1,0,0.130769,0.269553,71536,0,0.1,0
77.3,0.123077,0.077197,67328,0.00877193,0.316603,4208,0.215385,0.0418203,117824,0.0545455,0.044952,12624,0.145161,0.132393,37872,0.130435,0.102964,63120,0,0.1,0,0.158333,0.195797,79952,0,0.1,0,0.049505,0.20324,21040,0.0425532,0.0350664,16832,0,0.1,0,0,0.1,0,0.130769,0.269553,71536,0,0.1,0
77.4,0.123077,0.077197,67328,0.00862069,0.316603,4208,0.207692,0.0445326,113616,0.046875,0.044952,12624,0.180556,0.170006,54704,0.112,0.104305,58912,0,0.1,0,0.161538,0.195534,88368,0,0.1,0,0.0545455,0.200935,25248,0.0561798,0.0371979,21040,0,0.1,0,0,0.1,0,0.133333,0.278728,67328,0,0.1,0
77.5,0.133333,0.077197,67328,0.00925926,0.316603,4208,0.233333,0.0504963,117824,0.046875,0.044952,12624,0.194444,0.167646,58912,0.096,0.110059,50496,0,0.1,0,0.161538,0.195534,88368,0,0.1,0,0.0540541,0.200935,25248,0.0510204,0.0371979,21040,0,0.1,0,0,0.1,0,0.123077,0.312025,67328,0,0.1,0
77.6,0.130769,0.0795956,71536,0.00847458,0.316603,4208,0.246154,0.0526141,134656,0.0547945,0.0528343,16832,0.195122,0.169326,67328,0.0869565,0.113643,42080,0,0.1,0,0.183333,0.193131,92576,0,0.1,0,0.0582524,0.200935,25248,0.0490196,0.0371979,21040,0,0.1,0,0,0.1,0,0.107692,0.340654,58912,0,0.1,0
77.7,0.138462,0.0785319,75744,0.00833333,0.316603,4208,0.238462,0.0534997,130448,0.0487805,0.0528343,16832,0.173913,0.169326,67328,0.08,0.113643,42080,0,0.1,0,0.161538,0.196282,88368,0,0.1,0,0.0535714,0.200935,25248,0.0721649,0.0376389,29456,0,0.1,0,0,0.1,0,0.125,0.346315,63120,0,0.1,0
77.8,0.15,0.0785319,75744,0.00892857,0.316603,4208,0.25,0.0508686,126240,0.0487805,0.0528343,16832,0.184783,0.173082,71536,0.056,0.117716,29456,0,0.1,0,0.146154,0.196998,79952,0,0.1,0,0.0530973,0.200935,25248,0.0754717,0.0334911,33664,0,0.1,0,0,0.1,0,0.123077,0.348847,67328,0,0.1,0
77.9,0.146154,0.0820947,79952,0.00819672,0.316603,4208,0.223077,0.0514284,122032,0.043956,0.0528343,16832,0.166667,0.173082,71536,0.0434783,0.13442,21040,0,0.1,0,0.175,0.192349,88368,0,0.1,0,0.0666667,0.204315,29456,0.0727273,0.0334911,33664,0,0.1,0,0,0.1,0,0.107692,0.381083,58912,0,0.1,0
78,0.153846,0.0822912,84160,0.00806452,0.316603,4208,0.238462,0.0584535,130448,0.04,0.0528343,16832,0.169643,0.181277,79952,0.04,0.13442,21040,0,0.1,0,0.176923,0.184195,96784,0,0.1,0,0.0789474,0.20333,37872,0.0952381,0.0322905,42080,0,0.1,0,0,0.1,0,0.108333,0.387148,54704,0,0.1,0
78.1,0.175,0.0802154,88368,0.00862069,0.316603,4208,0.258333,0.0584535,130448,0.04,0.0528343,16832,0.169643,0.181277,79952,0.016,0.0871266,8416,0,0.1,0,0.169231,0.183139,92576,0,0.1,0,0.0956522,0.198832,46288,0.0877193,0.0322905,42080,0,0.1,0,0,0.1,0,0.0923077,0.389512,50496,0,0.1,0
78.2,0.176923,0.0758877,96784,0.00793651,0.316603,4208,0.215385,0.0577947,117824,0.0366972,0.0528343,16832,0.155738,0.181277,79952,0.0166667,0.0871266,8416,0,0.1,0,0.183333,0.183139,92576,0,0.1,0,0.102804,0.198832,46288,0.0932203,0.0362291,46288,0,0.1,0,0,0.1,0,0.0846154,0.396368,46288,0,0.1,0
78.3,0.176923,0.0758877,96784,0.0078125,0.316603,4208,0.207692,0.0621186,113616,0.0338983,0.0528343,16832,0.15625,0.22198,84160,0,0.1,0,0,0.1,0,0.161538,0.17808,88368,0,0.1,0,0.0948276,0.198832,46288,0.101852,0.0362291,46288,0,0.1,0,0,0.1,0,0.0833333,0.406558,42080,0,0.1,0
78.4,0.166667,0.0696834,84160,0.00833333,0.316603,4208,0.225,0.0621186,113616,0.0462963,0.0599925,21040,0.183333,0.250154,92576,0,0.1,0,0,0.1,0,0.161538,0.175307,88368,0,0.1,0,0.102564,0.195709,50496,0.0854701,0.0331346,42080,0,0.1,0,0,0.1,0,0.0769231,0.414917,42080,0,0.1,0
78.5,0.161538,0.0766936,88368,0,0.1,0,0.2,0.0625306,109408,0.0512821,0.0617334,25248,0.176923,0.254451,96784,0,0.1,0,0,0.1,0,0.175,0.175307,88368,0,0.1,0,0.111111,0.195709,50496,0.0854701,0.0350816,42080,0,0.1,0,0,0.1,0,0.0769231,0.414917,42080,0,0.1,0
78.6,0.153846,0.0761914,84160,0,0.1,0,0.2,0.0656968,100992,0.0512821,0.0617334,25248,0.184615,0.261168,100992,0.00769231,0.0373966,4208,0,0.1,0,0.153846,0.154808,84160,0,0.1,0,0.102564,0.195709,50496,0.111111,0.0369448,50496,0,0.1,0,0,0.1,0,0.0916667,0.422251,46288,0,0.1,0
78.7,0.158333,0.0724893,79952,0,0.1,0,0.218182,0.0656968,100992,0.0555556,0.0617334,25248,0.225,0.305255,113616,0.00769231,0.0373966,4208,0,0.1,0,0.138462,0.136409,75744,0,0.1,0,0.102564,0.195709,50496,0.0940171,0.0381095,46288,0,0.1,0,0,0.1,0,0.0769231,0.42947,42080,0,0.1,0
78.8,0.130769,0.0715081,71536,0,0.1,0,0.2,0.0672987,92576,0.0598291,0.0568288,29456,0.207692,0.338926,113616,0.00833333,0.0373966,4208,0,0.1,0,0.15,0.136409,75744,0,0.1,0,0.0925926,0.197796,42080,0.111111,0.048912,54704,0,0.1,0,0,0.1,0,0.0846154,0.433937,46288,0,0.1,0
78.9,0.123077,0.0751035,67328,0,0.1,0,0.2,0.0702325,84160,0.0598291,0.0568288,29456,0.223077,0.362091,122032,0.00769231,0.0373966,4208,0,0.1,0,0.138462,0.141046,75744,0,0.1,0,0.0854701,0.197796,42080,0.12963,0.0524172,58912,0,0.1,0,0,0.1,0,0.0916667,0.433937,46288,0,0.1,0
79,0.158333,0.0715342,79952,0,0.1,0,0.222222,0.0702325,84160,0.0555556,0.0621881,25248,0.241667,0.364577,122032,0.00769231,0.0373966,4208,0,0.1,0,0.153846,0.148156,84160,0,0.1,0,0.0769231,0.197379,37872,0.128205,0.0499995,63120,0,0.1,0,0,0.1,0,0.0846154,0.433937,46288,0,0.1,0
79.1,0.130769,0.0810363,71536,0,0.1,0,0.2,0.0727015,75744,0.0512821,0.0621881,25248,0.230769,0.383717,126240,0.00833333,0.0373966,4208,0,0.1,0,0.175,0.154644,88368,0.0120482,0.0352351,4208,0.0740741,0.198719,33664,0.136752,0.0607072,67328,0,0.1,0,0,0.1,0,0.0769231,0.441865,42080,0,0.1,0
79.2,0.146154,0.0841743,79952,0,0.1,0,0.2,0.0773902,67328,0.034188,0.0657363,16832,0.253846,0.385077,138864,0.00769231,0.0373966,4208,0,0.1,0,0.153846,0.153575,84160,0.0229885,0.0386049,8416,0.0683761,0.191196,33664,0.148148,0.0607072,67328,0,0.1,0,0,0.1,0,0.108333,0.436176,54704,0,0.1,0
79.3,0.183333,0.0837509,92576,0,0.1,0,0.214286,0.076862,63120,0.0462963,0.0614963,21040,0.258333,0.403709,130448,0.00769231,0.0373966,4208,0,0.1,0,0.146154,0.156932,79952,0.0243902,0.0386049,8416,0.0598291,0.191451,29456,0.136752,0.0645443,67328,0,0.1,0,0,0.1,0,0.107692,0.4323,58912,0,0.1,0
79.4,0.176923,0.0811122,96784,0,0.1,0,0.171429,0.074578,50496,0.042735,0.0614963,21040,0.238462,0.411053,130448,0.00833333,0.0373966,4208,0,0.1,0,0.166667,0.167277,84160,0.0410959,0.0429573,12624,0.0740741,0.221406,33664,0.136752,0.0645443,67328,0,0.1,0,0,0.1,0,0.0923077,0.433713,50496,0,0.1,0
79.5,0.176923,0.0761502,96784,0,0.1,0,0.133333,0.0781478,33664,0.034188,0.0577501,16832,0.230769,0.426681,126240,0.0153846,0.0345032,8416,0,0.1,0,0.130769,0.16581,71536,0.038961,0.0429573,12624,0.0769231,0.248923,37872,0.166667,0.0713666,75744,0,0.1,0,0,0.1,0,0.1,0.433713,50496,0,0.1,0
79.6,0.191667,0.0743635,96784,0,0.1,0,0.16,0.0781478,33664,0.037037,0.0577501,16832,0.258333,0.425499,130448,0.0230769,0.0413004,12624,0,0.1,0,0.138462,0.178888,75744,0.0833333,0.0232049,25248,0.0769231,0.248923,37872,0.136752,0.0754447,67328,0,0.1,0,0,0.1,0,0.1,0.439389,54704,0,0.1,0
79.7,0.184615,0.0728362,100992,0,0.1,0,0.12,0.0853393,25248,0.034188,0.0577501,16832,0.230769,0.431909,126240,0.025,0.0413004,12624,0,0.1,0,0.175,0.213824,88368,0.0952381,0.0232049,25248,0.0925926,0.277212,42080,0.128205,0.0801773,63120,0,0.1,0,0,0.1,0,0.1,0.446321,54704,0,0.1,0
79.8,0.184615,0.0704994,100992,0,0.1,0,0.15,0.0853393,25248,0.034188,0.0577501,16832,0.253846,0.432512,138864,0.0230769,0.0413004,12624,0,0.1,0,0.161538,0.239636,88368,0.104478,0.0284209,29456,0.0769231,0.283059,37872,0.148148,0.0786954,67328,0,0.1,0,0,0.1,0,0.1,0.446462,50496,0,0.1,0
79.9,0.208333,0.0682765,105200,0,0.1,0,0.0666667,0.0634202,8416,0.037037,0.0577501,16832,0.291667,0.436056,147280,0.0307692,0.045165,16832,0,0.1,0,0.138462,0.258777,75744,0.129032,0.0381537,33664,0.0598291,0.306823,29456,0.119658,0.0860107,58912,0,0.1,0,0,0.1,0,0.1,0.448799,54704,0,0.1,0
80,0.2,0.0673653,109408,0,0.1,0,0.0666667,0.0634202,8416,0.034188,0.0577501,16832,0.276923,0.43412,151488,0.0333333,0.045165,16832,0,0.1,0,0.158333,0.279994,79952,0.169811,0.045272,37872,0.0555556,0.363907,25248,0.128205,0.0846935,63120,0,0.1,0,0,0.1,0,0.107692,0.448706,58912,0,0.1,0
80.1,0.2,0.0697664,109408,0,0.1,0,0.04,0.0729715,4208,0.034188,0.0577501,16832,0.292308,0.432802,159904,0.0307692,0.045165,16832,0,0.1,0,0.183333,0.294592,92576,0.157895,0.045272,37872,0.0598291,0.38145,29456,0.12963,0.085342,58912,0,0.1,0,0,0.1,0,0.125,0.445766,63120,0,0.1,0
80.2,0.233333,0.0679143,117824,0,0.1,0,0,0.1,0,0.037037,0.0577501,16832,0.3,0.428098,151488,0.0307692,0.045165,16832,0,0.1,0,0.190909,0.306141,88368,0.211538,0.0635303,46288,0.0769231,0.387914,37872,0.119658,0.085342,58912,0,0.1,0,0,0.1,0,0.107692,0.447078,58912,0,0.1,0
80.3,0.223077,0.0672119,122032,0,0.1,0,0,0.1,0,0.034188,0.0529693,16832,0.284615,0.418701,155696,0.0333333,0.045165,16832,0,0.1,0,0.21,0.320604,88368,0.25,0.0625054,50496,0.0740741,0.416234,33664,0.119658,0.085342,58912,0,0.1,0,0,0.1,0,0.107692,0.442296,58912,0,0.1,0
80.4,0.215385,0.0656032,117824,0,0.1,0,0.0666667,0.0915285,4208,0.025641,0.0471464,12624,0.284615,0.422318,155696,0.0384615,0.0894572,21040,0,0.1,0,0.21,0.320604,88368,0.230769,0.0625054,50496,0.0683761,0.416234,33664,0.12037,0.0870568,54704,0,0.1,0,0,0.1,0,0.125,0.438799,63120,0,0.1,0
80.5,0.241667,0.0611424,122032,0,0.1,0,0.0666667,0.0915285,4208,0.0277778,0.0471464,12624,0.308333,0.423134,155696,0.0307692,0.102472,16832,0,0.1,0,0.222222,0.33431,84160,0.25,0.068023,54704,0.0683761,0.416234,33664,0.102564,0.110653,50496,0,0.1,0,0,0.1,0,0.107692,0.434742,58912,0,0.1,0
80.6,0.246154,0.058502,134656,0,0.1,0,0.08,0.11974,8416,0.025641,0.0471464,12624,0.261538,0.413052,143072,0.05,0.146373,25248,0,0.1,0,0.2375,0.34676,79952,0.291667,0.0669092,58912,0.0740741,0.416234,33664,0.111111,0.121243,54704,0,0.1,0,0,0.1,0,0.107692,0.434742,58912,0,0.1,0
80.7,0.238462,0.0596301,130448,0,0.1,0,0.0571429,0.11974,8416,0.017094,0.0570192,8416,0.253846,0.406885,138864,0.0461538,0.146373,25248,0,0.1,0,0.2375,0.34676,79952,0.269231,0.0669092,58912,0.0683761,0.416234,33664,0.101852,0.123592,46288,0,0.1,0,0,0.1,0,0.125,0.425624,63120,0,0.1,0
80.8,0.275,0.06095,138864,0,0.1,0,0.0857143,0.117616,12624,0.037037,0.102024,16832,0.266667,0.403657,134656,0.0461538,0.146373,25248,0,0.1,0,0.257143,0.355602,75744,0.269231,0.0669092,58912,0.0683761,0.416234,33664,0.0854701,0.126153,42080,0,0.1,0,0,0.1,0,0.115385,0.425624,63120,0,0.1,0
80.9,0.253846,0.0587255,138864,0,0.1,0,0.0666667,0.117616,12624,0.034188,0.102024,16832,0.238462,0.404118,130448,0.05,0.146373,25248,0,0.1,0,0.266667,0.373535,67328,0.3125,0.0697026,63120,0.0740741,0.416234,33664,0.0854701,0.154243,42080,0,0.1,0,0,0.1,0,0.123077,0.426281,67328,0,0.1,0
81,0.253846,0.0542741,138864,0,0.1,0,0.0545455,0.117616,12624,0.034188,0.102024,16832,0.230769,0.408576,126240,0.0461538,0.146373,25248,0,0.1,0,0.233333,0.394527,58912,0.288462,0.0707177,63120,0.0683761,0.416234,33664,0.0740741,0.164466,33664,0,0.1,0,0,0.1,0,0.133333,0.430436,67328,0,0.1,0
81.1,0.275,0.0509915,138864,0,0.1,0,0.0727273,0.10005,16832,0.037037,0.102024,16832,0.233333,0.409358,117824,0.0461538,0.146373,25248,0,0.1,0,0.28,0.394527,58912,0.269231,0.0727708,58912,0.0598291,0.447516,29456,0.0683761,0.164466,33664,0,0.1,0,0,0.1,0,0.1,0.433487,54704,0,0.1,0
81.2,0.238462,0.0468791,130448,0,0.1,0,0.0615385,0.10005,16832,0.025641,0.121187,12624,0.215385,0.408973,117824,0.05,0.146373,25248,0,0.1,0,0.325,0.402084,54704,0.333333,0.0723654,67328,0.0648148,0.447516,29456,0.0769231,0.236686,37872,0,0.1,0,0,0.1,0,0.0923077,0.437785,50496,0,0.1,0
81.3,0.238462,0.0480339,130448,0,0.1,0,0.0533333,0.10005,16832,0.025641,0.121187,12624,0.223077,0.412493,122032,0.0461538,0.146373,25248,0,0.1,0,0.3,0.405272,50496,0.326923,0.0707754,71536,0.0512821,0.450254,25248,0.0833333,0.236686,37872,0,0.1,0,0,0.1,0,0.1,0.437785,50496,0,0.1,0
81.4,0.258333,0.0509023,130448,0,0.1,0,0.0533333,0.10005,16832,0.0277778,0.121187,12624,0.25,0.411025,126240,0.0461538,0.158982,25248,0,0.1,0,0.4,0.405272,50496,0.326923,0.0707754,71536,0.042735,0.446493,21040,0.0769231,0.302396,37872,0,0.1,0,0,0.1,0,0.0923077,0.437785,50496,0,0.1,0
81.5,0.253846,0.0523484,138864,0,0.1,0,0.0823529,0.100956,29456,0.025641,0.121187,12624,0.230769,0.414471,126240,0.0416667,0.1798,21040,0,0.1,0,0.55,0.405641,46288,0.291667,0.0852018,58912,0.0462963,0.446493,21040,0.0769231,0.302396,37872,0,0.1,0,0,0.1,0,0.0846154,0.434376,46288,0.00854701,0.852316,4208
81.6,0.248062,0.052806,134656,0,0.1,0,0.0736842,0.100956,29456,0.0254237,0.121187,12624,0.253846,0.417371,138864,0.0384615,0.1798,21040,0,0.1,0,0.4,0.398966,33664,0.288462,0.0801046,63120,0.0338983,0.425162,16832,0.0925926,0.319265,42080,0,0.1,0,0,0.1,0,0.0916667,0.421811,46288,0.00925926,0.852316,4208
81.7,0.277311,0.0537129,138864,0,0.1,0,0.0736842,0.100956,29456,0.0275229,0.121187,12624,0.275,0.416756,138864,0.0461538,0.16329,25248,0,0.1,0,0.6,0.392219,25248,0.269231,0.0815609,58912,0.0336134,0.425162,16832,0.0932203,0.383486,46288,0,0.1,0,0,0.1,0,0.0846154,0.421811,46288,0.00862069,0.852316,4208
81.8,0.257812,0.0526074,138864,0,0.1,0,0.0666667,0.100956,29456,0.0252101,0.121187,12624,0.230769,0.420424,126240,0.0416667,0.184596,21040,0,0.1,0,0,0.392219,25248,0.270833,0.0796591,54704,0.0363636,0.425162,16832,0.092437,0.383486,46288,0,0.1,0,0,0.1,0,0.0769231,0.416308,42080,0.00869565,0.852316,4208
81.9,0.251969,0.0517948,134656,0,0.1,0,0.0608696,0.100956,29456,0.025,0.121187,12624,0.230769,0.422377,126240,0.0384615,0.184596,21040,0,0.1,0,0,0.389938,16832,0.269231,0.0729849,58912,0.025,0.435928,12624,0.1,0.421625,46288,0,0.1,0,0,0.1,0,0.075,0.412842,37872,0.00943396,0.852316,4208
82,0.264957,0.0523979,130448,0,0.1,0,0.0727273,0.111094,33664,0.027027,0.121187,12624,0.25,0.422998,126240,0.0384615,0.184596,21040,0,0.1,0,0,0.398601,4208,0.269231,0.0729849,58912,0.0165289,0.41054,8416,0.108333,0.431341,54704,0,0.1,0,0,0.1,0,0.0692308,0.418568,37872,0.00877193,0.852316,4208
82.1,0.238095,0.0513403,126240,0,0.1,0,0.0666667,0.111094,33664,0.0247934,0.121187,12624,0.261538,0.423612,143072,0.05,0.158729,25248,0,0.1,0,0,0.398601,4208,0.270833,0.0631169,54704,0,0.1,0,0.107438,0.431341,54704,0,0.1,0,0,0.1,0,0.0769231,0.423993,42080,0.0265487,0.66559,12624
82.2,0.232,0.0514712,122032,0,0.1,0,0.064,0.111094,33664,0.0163934,0.14703,8416,0.253846,0.425924,138864,0.0538462,0.138694,29456,0,0.1,0,0,0.1,0,0.230769,0.0641073,50496,0,0.1,0,0.116071,0.431341,54704,0,0.1,0,0,0.1,0,0.075,0.424639,37872,0.0384615,0.639822,16832
82.3,0.269565,0.0507867,130448,0,0.1,0,0.0583333,0.11389,29456,0.0176991,0.14703,8416,0.291667,0.423789,147280,0.0461538,0.117372,25248,0,0.1,0,0,0.1,0,0.230769,0.0641073,50496,0,0.1,0,0.114754,0.43425,58912,0,0.1,0,0,0.1,0,0.064,0.428989,33664,0.0357143,0.639822,16832
82.4,0.233871,0.0513872,122032,0,0.1,0,0.0538462,0.11389,29456,0.0243902,0.119244,12624,0.269231,0.424049,147280,0.05,0.117372,25248,0,0.1,0,0,0.1,0,0.229167,0.0577321,46288,0,0.1,0,0.113821,0.445365,58912,0,0.1,0,0,0.1,0,0.075,0.431908,37872,0.036036,0.639822,16832
82.5,0.227642,0.0534505,117824,0,0.1,0,0.0461538,0.108213,25248,0.0241935,0.119244,12624,0.261538,0.422822,143072,0.0307692,0.0589702,16832,0,0.1,0,0,0.1,0,0.211538,0.0551191,46288,0,0.1,0,0.114035,0.460521,54704,0,0.1,0,0,0.1,0,0.0818182,0.431908,37872,0.0392157,0.639822,16832
82.6,0.265487,0.0517677,126240,0,0.1,0,0.05,0.108213,25248,0.026087,0.119244,12624,0.275,0.421461,138864,0.0307692,0.0589702,16832,0,0.1,0,0,0.1,0,0.210526,0.0523025,50496,0,0.1,0,0.112903,0.460696,58912,0,0.1,0,0,0.1,0,0.0608696,0.44437,29456,0.0363636,0.639822,16832
82.7,0.245902,0.0495088,126240,0,0.1,0,0.0384615,0.107182,21040,0.008,0.0636716,4208,0.261538,0.425668,143072,0.0333333,0.0589702,16832,0,0.1,0,0,0.1,0,0.226415,0.0523025,50496,0,0.1,0,0.112,0.460696,58912,0,0.1,0,0,0.1,0,0.0636364,0.44437,29456,0.0366972,0.639822,16832
82.8,0.22314,0.0518954,113616,0,0.1,0,0.0538462,0.0939704,29456,0.00793651,0.0636716,4208,0.269231,0.424834,147280,0.0307692,0.0589702,16832,0,0.1,0,0,0.1,0,0.209677,0.0444755,54704,0,0.1,0,0.12931,0.465428,63120,0,0.1,0,0,0.1,0,0.06,0.445744,25248,0.04,0.639822,16832
82.9,0.252252,0.0555936,117824,0,0.1,0,0.0666667,0.0894618,33664,0.00854701,0.0636716,4208,0.275,0.425891,138864,0.0307692,0.0589702,16832,0,0.1,0,0,0.1,0,0.19403,0.0424563,54704,0,0.1,0,0.119048,0.465428,63120,0,0.1,0,0,0.1,0,0.047619,0.436149,21040,0.037037,0.639822,16832
83,0.216667,0.0555097,109408,0,0.1,0,0.0615385,0.0904486,33664,0.015748,0.0501212,8416,0.261538,0.421098,143072,0.0333333,0.0589702,16832,0,0.1,0,0,0.1,0,0.238095,0.0434356,63120,0,0.1,0,0.125984,0.46322,67328,0,0.1,0,0,0.1,0,0.05,0.436149,21040,0.0373832,0.639822,16832
83.1,0.218487,0.0589765,109408,0,0.1,0,0.0692308,0.0898274,37872,0.0234375,0.0428275,12624,0.253846,0.421525,138864,0.0307692,0.0589702,16832,0,0.1,0,0,0.1,0,0.208333,0.0382369,63120,0,0.1,0,0.144068,0.440338,71536,0,0.1,0,0,0.1,0,0.0555556,0.436149,21040,0.0408163,0.639822,16832
83.2,0.238532,0.0603699,109408,0,0.1,0,0.0833333,0.0886327,42080,0.0336134,0.0502089,16832,0.266667,0.42074,134656,0.0307692,0.0589702,16832,0,0.1,0,0,0.1,0,0.168831,0.0366582,54704,0,0.1,0,0.148438,0.424746,79952,0,0.1,0,0,0.1,0,0.0631579,0.487954,25248,0.0377358,0.639822,16832
83.3,0.228814,0.0586457,113616,0,0.1,0,0.0769231,0.0886327,42080,0.0310078,0.0502089,16832,0.230769,0.42251,126240,0.025,0.0428714,12624,0,0.1,0,0,0.1,0,0.178082,0.0366582,54704,0,0.1,0,0.139535,0.408577,75744,0,0.1,0,0,0.1,0,0.0666667,0.487954,25248,0.0380952,0.639822,16832
83.4,0.213675,0.0587746,105200,0,0.1,0,0.0538462,0.0828338,29456,0.0307692,0.0502089,16832,0.230769,0.422106,126240,0.0230769,0.0428714,12624,0,0.1,0,0,0.1,0,0.170732,0.0346062,58912,0,0.1,0,0.158333,0.391297,79952,0,0.1,0,0,0.1,0,0.0625,0.493985,21040,0.03125,0.56899,12624
83.5,0.231481,0.0587746,105200,0,0.1,0,0.0583333,0.0828338,29456,0.0416667,0.0588095,21040,0.225,0.41941,113616,0.0230769,0.0428714,12624,0,0.1,0,0,0.1,0,0.149425,0.0365956,54704,0,0.1,0,0.146154,0.367113,79952,0,0.1,0,0,0.1,0,0.0470588,0.532801,16832,0.0288462,0.56899,12624
83.6,0.196581,0.0563692,96784,0,0.1,0,0.0538462,0.0828338,29456,0.0384615,0.0588095,21040,0.207692,0.421751,113616,0.0166667,0.0239365,8416,0,0.1,0,0,0.1,0,0.168675,0.0400299,58912,0,0.1,0,0.130769,0.346646,71536,0,0.1,0,0,0.1,0,0.05,0.532801,16832,0.0288462,0.56899,12624
83.7,0.179487,0.0586675,88368,0,0.1,0,0.0538462,0.0828338,29456,0.0384615,0.0588095,21040,0.215385,0.425859,117824,0.0153846,0.0239365,8416,0,0.1,0,0,0.1,0,0.184783,0.0369399,71536,0,0.1,0,0.141667,0.346646,71536,0,0.1,0,0,0.1,0,0.0714286,0.508491,21040,0.03125,0.56899,12624
83.8,0.194444,0.0593982,88368,0,0.1,0,0.075,0.077973,37872,0.0416667,0.0588095,21040,0.241667,0.422157,122032,0.0153846,0.0239365,8416,0,0.1,0,0,0.1,0,0.164948,0.035646,67328,0,0.1,0,0.146154,0.292276,79952,0,0.1,0,0,0.1,0,0.0666667,0.508491,21040,0.0288462,0.56899,12624
83.9,0.17094,0.0578571,84160,0,0.1,0,0.0846154,0.0566085,46288,0.0384615,0.0588095,21040,0.230769,0.420327,126240,0.0166667,0.0239365,8416,0,0.1,0,0,0.1,0,0.172043,0.035646,67328,0,0.1,0,0.130769,0.269629,71536,0,0.1,0,0,0.1,0,0.0571429,0.521577,16832,0.0288462,0.56899,12624
84,0.17094,0.0606396,84160,0,0.1,0,0.0923077,0.0596888,50496,0.0384615,0.0588095,21040,0.215385,0.415017,117824,0.00769231,0.0184796,4208,0,0.1,0,0,0.1,0,0.147059,0.0320147,63120,0,0.1,0,0.15,0.255969,75744,0,0.1,0,0,0.1,0,0.0666667,0.53943,16832,0.0104167,0.562516,4208
84.1,0.203704,0.0592862,92576,0,0.1,0,0.1,0.0596888,50496,0.05,0.0615157,25248,0.225,0.417119,113616,0,0.1,0,0,0.1,0,0,0.1,0,0.140187,0.0320147,63120,0,0.1,0,0.146154,0.244598,79952,0,0.1,0,0,0.1,0,0.0615385,0.53943,16832,0,0.1,0
84.2,0.162393,0.0537568,79952,0,0.1,0,0.0923077,0.0596888,50496,0.0461538,0.0615157,25248,0.192308,0.415809,105200,0,0.1,0,0,0.1,0,0,0.1,0,0.15534,0.0332674,67328,0,0.1,0,0.138462,0.231961,75744,0,0.1,0,0,0.1,0,0.0615385,0.53943,16832,0,0.1,0
84.3,0.17094,0.0574777,84160,0,0.1,0,0.1,0.0610565,54704,0.0384615,0.0610845,21040,0.215385,0.419481,117824,0,0.1,0,0,0.1,0,0,0.1,0,0.142857,0.0332674,67328,0,0.1,0,0.141667,0.219475,71536,0,0.1,0,0,0.1,0,0.05,0.567487,12624,0,0.1,0
84.4,0.166667,0.0594937,75744,0,0.1,0,0.108333,0.0610565,54704,0.0416667,0.0610845,21040,0.25,0.419864,126240,0,0.1,0,0,0.1,0,0,0.1,0,0.145299,0.0362012,71536,0,0.1,0,0.138462,0.209106,75744,0,0.1,0,0,0.1,0,0.0461538,0.567487,12624,0,0.1,0
84.5,0.153846,0.0573255,75744,0,0.1,0,0.130769,0.0634594,71536,0.0384615,0.0610845,21040,0.238462,0.421327,130448,0,0.1,0,0,0.1,0,0,0.1,0,0.148148,0.0371313,67328,0,0.1,0,0.130769,0.194173,71536,0,0.1,0,0,0.1,0,0.0461538,0.567487,12624,0,0.1,0
84.6,0.145299,0.061053,71536,0.00961538,0.111761,4208,0.138462,0.0613983,75744,0.0384615,0.0610845,21040,0.215385,0.415829,117824,0,0.1,0,0,0.1,0,0,0.1,0,0.145299,0.0396399,71536,0,0.1,0,0.141667,0.194173,71536,0,0.1,0,0,0.1,0,0.05,0.567487,12624,0,0.1,0
84.7,0.157407,0.061053,71536,0.0104167,0.111761,4208,0.158333,0.0605421,79952,0.0416667,0.0610845,21040,0.216667,0.417371,109408,0,0.1,0,0,0.1,0,0,0.1,0,0.145299,0.0441627,71536,0,0.1,0,0.123077,0.156305,67328,0,0.1,0,0,0.1,0,0.0461538,0.567487,12624,0,0.1,0
84.8,0.128205,0.0587298,63120,0.00961538,0.111761,4208,0.153846,0.0620765,84160,0.0461538,0.0854746,25248,0.2,0.417371,109408,0,0.1,0,0,0.1,0,0,0.1,0,0.157407,0.0469439,71536,0,0.1,0,0.130769,0.151655,71536,0,0.1,0,0,0.1,0,0.0461538,0.567487,12624,0,0.1,0
84.9,0.128205,0.0587298,63120,0.00961538,0.111761,4208,0.146154,0.0624358,79952,0.0461538,0.108382,25248,0.184615,0.424499,100992,0,0.1,0,0,0.1,0,0,0.1,0,0.128205,0.0465631,63120,0,0.1,0,0.15,0.12663,75744,0,0.1,0,0,0.1,0,0.05,0.567487,12624,0,0.1,0
85,0.148148,0.0772917,67328,0.03125,0.148627,12624,0.158333,0.0602912,79952,0.0416667,0.124411,21040,0.2,0.423181,100992,0,0.1,0,0,0.1,0,0,0.1,0,0.111111,0.0490285,54704,0,0.1,0,0.123077,0.0805903,67328,0,0.1,0,0,0.1,0,0.047619,0.567487,12624,0,0.1,0
85.1,0.128205,0.0761055,63120,0.0384615,0.141887,16832,0.146154,0.0579727,79952,0.0307692,0.137425,16832,0.184615,0.425819,100992,0,0.1,0,0,0.1,0,0,0.1,0,0.12963,0.0636799,58912,0,0.1,0,0.115385,0.0551644,63120,0,0.1,0,0,0.1,0,0.0517241,0.476099,12624,0,0.1,0
85.2,0.128205,0.107692,63120,0.0384615,0.141887,16832,0.153846,0.0561889,84160,0.0307692,0.137425,16832,0.184615,0.425819,100992,0,0.1,0,0,0.1,0,0,0.1,0,0.119658,0.0636799,58912,0,0.1,0,0.116667,0.0499985,58912,0,0.1,0,0,0.1,0,0.0566038,0.476099,12624,0,0.1,0
85.3,0.148148,0.133033,67328,0.0729167,0.105138,29456,0.175,0.0580629,88368,0.0583333,0.12605,29456,0.191667,0.423406,96784,0,0.1,0,0,0.1,0,0,0.1,0,0.119658,0.096479,58912,0,0.1,0,0.1,0.0476708,54704,0,0.1,0,0,0.1,0,0.0943396,0.488019,21040,0,0.1,0
85.4,0.145299,0.14474,71536,0.0673077,0.105138,29456,0.176923,0.0552675,96784,0.0461538,0.131523,25248,0.184615,0.424456,100992,0,0.1,0,0,0.1,0,0,0.1,0,0.138889,0.128606,63120,0,0.1,0,0.1,0.051407,54704,0,0.1,0,0,0.1,0,0.104167,0.488019,21040,0,0.1,0
85.5,0.153846,0.153603,75744,0.0865385,0.104992,37872,0.176923,0.0552675,96784,0.0461538,0.131523,25248,0.169231,0.419437,92576,0,0.1,0,0,0.1,0,0,0.1,0,0.136752,0.149814,67328,0,0.1,0,0.116667,0.0491928,58912,0,0.1,0,0,0.1,0,0.116279,0.488019,21040,0,0.1,0
85.6,0.175926,0.166324,79952,0.09375,0.104992,37872,0.2,0.0562684,100992,0.0583333,0.127416,29456,0.175,0.420924,88368,0,0.1,0,0,0.1,0,0,0.1,0,0.111111,0.179189,54704,0,0.1,0,0.115385,0.0541792,63120,0,0.1,0,0,0.1,0,0.0930233,0.507211,16832,0,0.1,0
85.7,0.153846,0.174452,75744,0.0865385,0.104992,37872,0.176923,0.0558111,96784,0.0538462,0.127416,29456,0.146154,0.426102,79952,0,0.1,0,0,0.1,0,0,0.1,0,0.111111,0.191555,50496,0,0.1,0,0.1,0.0566247,54704,0,0.1,0,0,0.1,0,0.105263,0.507211,16832,0,0.1,0
85.8,0.153846,0.174452,75744,0.0961538,0.109001,42080,0.169231,0.0633206,92576,0.0538462,0.127416,29456,0.123077,0.430745,67328,0,0.1,0,0,0.1,0,0,0.1,0,0.111111,0.18201,54704,0,0.1,0,0.125,0.0592218,63120,0,0.1,0,0,0.1,0,0.121212,0.507211,16832,0,0.1,0
85.9,0.157407,0.181232,71536,0.114583,0.107694,46288,0.191667,0.0660135,96784,0.0666667,0.11898,33664,0.116667,0.440599,58912,0,0.1,0,0,0.1,0,0,0.1,0,0.128205,0.199111,63120,0,0.1,0,0.115385,0.0611224,63120,0,0.1,0,0,0.1,0,0.0909091,0.494871,12624,0,0.1,0
86,0.145299,0.231319,71536,0.105769,0.107694,46288,0.184615,0.0647386,100992,0.0538462,0.125256,29456,0.1,0.440751,54704,0,0.1,0,0,0.1,0,0,0.1,0,0.138889,0.199111,63120,0,0.1,0,0.123077,0.0552556,67328,0,0.1,0,0,0.1,0,0.107143,0.494871,12624,0,0.1,0
86.1,0.145299,0.256673,71536,0.115385,0.109297,50496,0.184615,0.0647386,100992,0.0615385,0.122872,33664,0.107692,0.439325,58912,0,0.1,0,0,0.1,0,0,0.1,0,0.128205,0.205325,63120,0,0.1,0,0.141667,0.0558115,71536,0,0.1,0,0,0.1,0,0.130435,0.494871,12624,0,0.1,0
86.2,0.148148,0.264704,67328,0.125,0.109297,50496,0.2,0.0649417,100992,0.0666667,0.122872,33664,0.1,0.425517,50496,0,0.1,0,0,0.1,0,0,0.1,0,0.145299,0.216046,71536,0,0.1,0,0.130769,0.0558115,71536,0,0.1,0,0,0.1,0,0.130435,0.494871,12624,0,0.1,0
86.3,0.153846,0.303332,75744,0.115385,0.109297,50496,0.2,0.062953,109408,0.0692308,0.129922,37872,0.0846154,0.416762,46288,0,0.1,0,0,0.1,0,0,0.1,0,0.148148,0.257057,67328,0,0.1,0,0.123077,0.0572479,67328,0,0.1,0,0,0.1,0,0.130435,0.494871,12624,0,0.1,0
86.4,0.136752,0.340162,67328,0.125,0.106482,54704,0.176923,0.0593075,96784,0.0692308,0.129922,37872,0.0769231,0.411917,42080,0,0.1,0,0,0.1,0,0,0.1,0,0.136752,0.257057,67328,0,0.1,0,0.133333,0.0572479,67328,0,0.1,0,0,0.1,0,0.166667,0.494871,12624,0,0.1,0
86.5,0.138889,0.3561,63120,0.125,0.106042,50496,0.208333,0.0612158,105200,0.0833333,0.123177,42080,0.0833333,0.411917,42080,0,0.1,0,0,0.1,0,0,0.1,0,0.136752,0.260319,67328,0,0.1,0,0.123077,0.0572479,67328,0,0.1,0,0.015625,0.490927,4208,0.130435,0.494871,12624,0,0.1,0
86.6,0.135593,0.360929,67328,0.113208,0.106042,50496,0.176923,0.0623401,96784,0.0769231,0.123177,42080,0.0769231,0.411917,42080,0,0.1,0,0,0.1,0,0,0.1,0,0.148148,0.266474,67328,0,0.1,0,0.115385,0.0591523,63120,0,0.1,0,0.0147059,0.490927,4208,0.130435,0.494871,12624,0,0.1,0
86.7,0.134454,0.360929,67328,0.12963,0.107809,58912,0.169231,0.0586778,92576,0.0692308,0.113816,37872,0.0769231,0.411917,42080,0,0.1,0,0,0.1,0,0,0.1,0,0.127119,0.279473,63120,0,0.1,0,0.116667,0.05786,58912,0,0.1,0,0.015625,0.490927,4208,0.166667,0.494871,12624,0,0.1,0
86.8,0.154545,0.366954,71536,0.14,0.107809,58912,0.191667,0.0582912,96784,0.0666667,0.106291,33664,0.0916667,0.408717,46288,0,0.1,0,0,0.1,0,0,0.1,0,0.12605,0.279473,63120,0,0.1,0,0.0923077,0.0565603,50496,0,0.1,0,0.0138889,0.490927,4208,0.130435,0.494871,12624,0,0.1,0
86.9,0.141667,0.393105,71536,0.109091,0.0979337,50496,0.184615,0.0591761,100992,0.0692308,0.116663,37872,0.0769231,0.411928,42080,0,0.1,0,0,0.1,0,0,0.1,0,0.136364,0.279473,63120,0,0.1,0,0.0846154,0.0611672,46288,0,0.1,0,0.0131579,0.490927,4208,0.12,0.494871,12624,0,0.1,0
87,0.14876,0.39501,75744,0.0982143,0.095776,46288,0.192308,0.0602374,105200,0.0769231,0.115122,42080,0.0692308,0.402993,37872,0,0.1,0,0,0.1,0,0,0.1,0,0.116667,0.281282,58912,0,0.1,0,0.0833333,0.0550381,42080,0,0.1,0,0.0138889,0.490927,4208,0.08,0.505899,8416,0,0.1,0
87.1,0.160714,0.415919,75744,0.105769,0.095776,46288,0.216667,0.0606564,109408,0.0833333,0.115122,42080,0.075,0.402993,37872,0,0.1,0,0,0.1,0,0,0.1,0,0.115702,0.281282,58912,0,0.1,0,0.0769231,0.0550381,42080,0,0.1,0,0.0125,0.490927,4208,0.0666667,0.505899,8416,0,0.1,0
87.2,0.147541,0.432709,75744,0.0701754,0.11064,33664,0.207692,0.0574561,113616,0.0615385,0.131373,33664,0.0769231,0.409485,42080,0,0.1,0,0,0.1,0,0,0.1,0,0.125,0.26331,58912,0,0.1,0,0.0769231,0.0550381,42080,0,0.1,0,0.0119048,0.490927,4208,0,0.1,0,0,0.1,0
87.3,0.138211,0.43863,71536,0.0689655,0.11064,33664,0.2,0.0580078,109408,0.0615385,0.131373,33664,0.0692308,0.405137,37872,0,0.1,0,0,0.1,0,0,0.1,0,0.106557,0.239073,54704,0,0.1,0,0.075,0.0544683,37872,0,0.1,0,0.0125,0.490927,4208,0,0.1,0,0,0.1,0
87.4,0.157895,0.445956,75744,0.0555556,0.112693,25248,0.233333,0.058854,117824,0.0666667,0.131373,33664,0.0666667,0.405878,33664,0,0.1,0,0,0.1,0,0,0.1,0,0.105691,0.267683,54704,0,0.1,0,0.0615385,0.0587258,33664,0,0.1,0,0.0113636,0.490927,4208,0,0.1,0,0,0.1,0
87.5,0.153226,0.449135,79952,0.0508475,0.112693,25248,0.223077,0.0645427,122032,0.0538462,0.135459,29456,0.0615385,0.388586,33664,0,0.1,0,0,0.1,0,0,0.1,0,0.114035,0.267683,54704,0,0.1,0,0.0538462,0.0494026,29456,0,0.1,0,0.0108696,0.490927,4208,0,0.1,0,0,0.1,0
87.6,0.152,0.449135,79952,0.05,0.112693,25248,0.238462,0.0655317,130448,0.0615385,0.151477,33664,0.0615385,0.388586,33664,0,0.1,0,0,0.1,0,0,0.1,0,0.104839,0.267683,54704,0,0.1,0,0.05,0.0460575,25248,0,0.1,0,0.0113636,0.490927,4208,0,0.1,0,0,0.1,0
87.7,0.172414,0.450395,84160,0.0446429,0.106215,21040,0.258333,0.0628486,130448,0.0666667,0.151477,33664,0.075,0.389127,37872,0,0.1,0,0,0.1,0,0,0.1,0,0.096,0.284368,50496,0,0.1,0,0.0307692,0.0310348,16832,0,0.1,0,0.0104167,0.490927,4208,0,0.1,0,0,0.1,0
87.8,0.174603,0.452308,92576,0.0327869,0.109112,16832,0.238462,0.0627041,130448,0.0538462,0.164556,29456,0.0846154,0.395058,46288,0,0.1,0,0,0.1,0,0,0.1,0,0.103448,0.30843,50496,0,0.1,0,0.0230769,0.0239591,12624,0,0.1,0,0.01,0.490927,4208,0,0.1,0,0,0.1,0
87.9,0.165354,0.447643,88368,0.0322581,0.109112,16832,0.246154,0.0604079,134656,0.0692308,0.230165,37872,0.0923077,0.39979,50496,0,0.1,0,0,0.1,0,0,0.1,0,0.0952381,0.30843,50496,0,0.1,0,0.00833333,0.064706,4208,0,0.1,0,0.0104167,0.490927,4208,0,0.1,0,0,0.1,0
88,0.177966,0.444732,88368,0.0258621,0.103173,12624,0.275,0.0593728,138864,0.075,0.265145,37872,0.0833333,0.398377,42080,0,0.1,0,0,0.1,0,0,0.1,0,0.0866142,0.323262,46288,0,0.1,0,0,0.1,0,0,0.1,0,0.00961538,0.490927,4208,0,0.1,0,0,0.1,0
88.1,0.171875,0.447257,92576,0.0238095,0.103173,12624,0.253846,0.0588126,138864,0.0769231,0.284661,42080,0.0769231,0.408442,42080,0,0.1,0,0,0.1,0,0,0.1,0,0.0847458,0.346028,42080,0,0.1,0,0,0.1,0,0,0.1,0,0.00961538,0.490927,4208,0,0.1,0,0,0.1,0
88.2,0.147287,0.44871,79952,0.046875,0.325026,25248,0.253846,0.0640877,138864,0.0692308,0.295587,37872,0.0692308,0.417308,37872,0,0.1,0,0,0.1,0,0,0.1,0,0.0703125,0.323702,37872,0,0.1,0,0,0.1,0,0,0.1,0,0.0104167,0.490927,4208,0,0.1,0,0,0.1,0
88.3,0.166667,0.451314,84160,0.0416667,0.375492,21040,0.283333,0.065953,143072,0.075,0.295587,37872,0.0916667,0.415214,46288,0,0.1,0,0,0.1,0,0,0.1,0,0.0775194,0.331034,42080,0,0.1,0,0,0.1,0,0,0.1,0,0.00961538,0.490927,4208,0,0.1,0,0,0.1,0
88.4,0.161538,0.452096,88368,0.0384615,0.375492,21040,0.261538,0.0659561,143072,0.0615385,0.324727,33664,0.0923077,0.412232,50496,0,0.1,0,0,0.1,0,0,0.1,0,0.075,0.353152,37872,0,0.1,0,0,0.1,0,0,0.1,0,0,0.1,0,0,0.1,0,0,0.1,0
88.5,0.153846,0.453032,84160,0.0384615,0.375492,21040,0.253846,0.0658202,138864,0.0692308,0.351413,37872,0.0923077,0.412232,50496,0,0.1,0,0,0.1,0,0,0.1,0,0.0538462,0.420519,29456,0,0.1,0,0,0.1,0,0,0.1,0,0.0104167,0.990819,4208,0,0.1,0,0,0.1,0
88.6,0.166667,0.453032,84160,0.025,0.54688,12624,0.275,0.0676805,138864,0.075,0.351413,37872,0.116667,0.419905,58912,0,0.1,0,0,0.1,0,0,0.1,0,0.0538462,0.420519,29456,0,0.1,0,0,0.1,0,0,0.1,0,0.00961538,0.990819,4208,0,0.1,0,0,0.1,0
88.7,0.168,0.452736,88368,0.0230769,0.54688,12624,0.269231,0.0646697,147280,0.0692308,0.351413,37872,0.107692,0.424785,58912,0,0.1,0,0,0.1,0,0,0.1,0,0.0583333,0.420519,29456,0,0.1,0,0,0.1,0,0,0.1,0,0.00961538,0.990819,4208,0,0.1,0,0,0.1,0
88.8,0.158333,0.452804,79952,0.0384615,0.577877,21040,0.253846,0.0648425,138864,0.0615385,0.370385,33664,0.115385,0.424332,63120,0,0.1,0,0,0.1,0,0,0.1,0,0.0538462,0.420519,29456,0,0.1,0,0,0.1,0,0,0.1,0,0.0104167,0.990819,4208,0,0.1,0,0,0.1,0
88.9,0.163636,0.454216,75744,0.0416667,0.577877,21040,0.266667,0.0660042,134656,0.075,0.461871,37872,0.125,0.424332,63120,0,0.1,0,0,0.1,0,0,0.1,0,0.0692308,0.461369,37872,0,0.1,0,0,0.1,0,0,0.1,0,0.00961538,0.990819,4208,0,0.1,0,0,0.1,0
89,0.13913,0.451195,67328,0.0384615,0.577877,21040,0.238462,0.0653777,130448,0.0692308,0.461871,37872,0.123077,0.421248,67328,0,0.1,0,0,0.1,0,0,0.1,0,0.075,0.461369,37872,0,0.1,0,0,0.1,0,0,0.1,0,0.00961538,0.990819,4208,0,0.1,0,0,0.1,0
89.1,0.145455,0.453067,67328,0.0384615,0.577877,21040,0.230769,0.0685062,126240,0.0615385,0.490553,33664,0.130769,0.43818,71536,0,0.1,0,0,0.1,0,0,0.1,0,0.0615385,0.492102,33664,0,0.1,0,0,0.1,0,0,0.1,0,0.0104167,0.990819,4208,0,0.1,0,0,0.1,0
89.2,0.18,0.4397,75744,0.0416667,0.577877,21040,0.258333,0.0799641,130448,0.0666667,0.490553,33664,0.141667,0.43818,71536,0,0.1,0,0,0.1,0,0,0.1,0,0.0692308,0.485457,37872,0,0.1,0,0,0.1,0,0,0.1,0,0.00961538,0.990819,4208,0,0.1,0,0,0.1,0
89.3,0.161905,0.439764,71536,0.0384615,0.577877,21040,0.230769,0.0885169,126240,0.0615385,0.490553,33664,0.138462,0.439031,75744,0,0.1,0,0,0.1,0,0,0.1,0,0.0583333,0.492084,29456,0,0.1,0,0,0.1,0,0,0.1,0,0.00961538,0.990819,4208,0,0.1,0,0,0.1,0
89.4,0.16,0.433248,67328,0.0384615,0.577877,21040,0.215385,0.0840139,117824,0.0615385,0.490553,33664,0.138462,0.450238,75744,0,0.1,0,0,0.1,0,0,0.1,0,0.0538462,0.492084,29456,0,0.1,0,0,0.1,0,0,0.1,0,0.0104167,0.990819,4208,0,0.1,0,0,0.1,0
89.5,0.2,0.414012,75744,0.0416667,0.577877,21040,0.208333,0.0855004,105200,0.0583333,0.522974,29456,0.15,0.450238,75744,0,0.1,0,0,0.1,0,0,0.1,0,0.0538462,0.492084,29456,0,0.1,0,0,0.1,0,0,0.1,0,0.00961538,0.990819,4208,0,0.1,0,0,0.1,0
89.6,0.221053,0.38154,88368,0.0384615,0.577877,21040,0.184615,0.0953571,100992,0.0538462,0.522974,29456,0.146154,0.450897,79952,0,0.1,0,0,0.1,0,0,0.1,0,0.0583333,0.492084,29456,0,0.1,0,0,0.1,0,0,0.1,0,0.00961538,0.990819,4208,0,0.1,0,0,0.1,0
89.7,0.244444,0.354849,92576,0.0384615,0.577877,21040,0.176923,0.104063,96784,0.0538462,0.522974,29456,0.130769,0.454326,71536,0,0.1,0,0,0.1,0,0,0.1,0,0.0461538,0.497372,25248,0,0.1,0,0,0.1,0,0,0.1,0,0.0104167,0.990819,4208,0,0.1,0,0,0.1,0
89.8,0.3,0.326125,100992,0.0416667,0.577877,21040,0.183333,0.124719,92576,0.0416667,0.548245,21040,0.141667,0.45015,71536,0,0.1,0,0,0.1,0,0,0.1,0,0.0461538,0.497372,25248,0,0.1,0,0,0.1,0,0,0.1,0,0.00961538,0.990819,4208,0,0.1,0,0,0.1,0
89.9,0.282353,0.314542,100992,0.0384615,0.577877,21040,0.176923,0.168399,96784,0.0307692,0.580055,16832,0.130769,0.45015,71536,0,0.1,0,0,0.1,0,0,0.1,0,0.05,0.497372,25248,0,0.1,0,0,0.1,0,0,0.1,0,0.00961538,0.990819,4208,0,0.1,0,0,0.1,0
90,0.3125,0.288758,105200,0.0384615,0.577877,21040,0.184615,0.205834,100992,0.0230769,0.619972,12624,0.115385,0.452739,63120,0,0.1,0,0,0.1,0,0,0.1,0,0.0461538,0.495058,25248,0,0.1,0,0,0.1,0,0,0.1,0,0.0104167,0.990819,4208,0,0.1,0,0,0.1,0
90.1,0.371429,0.28024,109408,0.0166667,0.624373,8416,0.191667,0.219846,96784,0.025,0.619972,12624,0.141667,0.448377,71536,0,0.1,0,0,0.1,0,0,0.1,0,0.0461538,0.495058,25248,0,0.1,0,0,0.1,0,0,0.1,0,0.00961538,0.990819,4208,0,0.1,0,0,0.1,0
90.2,0.36,0.252511,113616,0.0153846,0.624373,8416,0.176923,0.248588,96784,0.0230769,0.619972,12624,0.123077,0.455398,67328,0,0.1,0,0,0.1,0,0,0.1,0,0.0416667,0.514665,21040,0,0.1,0,0,0.1,0,0,0.1,0,0.00961538,0.990819,4208,0.0175439,0.440544,4208,0,0.1,0
90.3,0.4,0.234151,117824,0.0153846,0.624373,8416,0.169231,0.309892,92576,0.0230769,0.619972,12624,0.115385,0.460462,63120,0,0.1,0,0,0.1,0,0,0.1,0,0.0384615,0.514665,21040,0,0.1,0,0,0.1,0,0,0.1,0,0.0104167,0.990819,4208,0.0175439,0.440544,4208,0,0.1,0
90.4,0.516667,0.217504,130448,0.0166667,0.624373,8416,0.191667,0.317528,96784,0.0166667,0.647506,8416,0.141667,0.451089,71536,0,0.1,0,0,0.1,0,0,0.1,0,0.0384615,0.514665,21040,0,0.1,0,0,0.1,0,0,0.1,0,0,0.1,0,0.016129,0.440544,4208,0.0288462,0.0404525,12624
90.5,0.507692,0.206227,138864,0.0153846,0.624373,8416,0.176923,0.333472,96784,0.0153846,0.647506,8416,0.123077,0.450257,67328,0,0.1,0,0,0.1,0,0,0.1,0,0.0416667,0.514665,21040,0,0.1,0,0,0.1,0,0,0.1,0,0,0.1,0,0.0153846,0.440544,4208,0.0384615,0.0322767,16832
90.6,0.476923,0.190172,130448,0.0153846,0.624373,8416,0.184615,0.375547,100992,0.0153846,0.647506,8416,0.128,0.448874,67328,0,0.1,0,0,0.1,0,0,0.1,0,0.0384615,0.514665,21040,0,0.1,0,0,0.1,0,0,0.1,0,0,0.1,0,0.0166667,0.440544,4208,0.0416667,0.0322767,16832
90.7,0.533333,0.18535,134656,0,0.1,0,0.216667,0.365238,109408,0.0166667,0.647506,8416,0.13913,0.44757,67328,0,0.1,0,0,0.1,0,0,0.1,0,0.0384615,0.514665,21040,0.0104167,0.454382,4208,0,0.1,0,0,0.1,0,0,0.1,0,0.0142857,0.440544,4208,0.0576923,0.0277082,25248
90.8,0.507692,0.18094,138864,0,0.1,0,0.215385,0.348465,117824,0,0.1,0,0.141667,0.449984,71536,0,0.1,0,0,0.1,0,0,0.1,0,0.025,0.454879,12624,0.0113636,0.454382,4208,0,0.1,0,0,0.1,0,0,0.1,0,0.0133333,0.440544,4208,0.0576923,0.0277082,25248
90.9,0.538462,0.175794,147280,0,0.1,0,0.207692,0.361075,113616,0,0.1,0,0.147826,0.453449,71536,0,0.1,0,0,0.1,0,0,0.1,0,0.0230769,0.454879,12624,0.0108696,0.454382,4208,0,0.1,0,0,0.1,0,0,0.1,0,0.0142857,0.440544,4208,0.0729167,0.0307202,29456
91,0.566667,0.155122,143072,0,0.1,0,0.233333,0.351446,117824,0,0.1,0,0.142857,0.435442,63120,0,0.1,0,0,0.1,0,0,0.1,0,0.0230769,0.454879,12624,0.0113636,0.454382,4208,0,0.1,0,0,0.1,0,0,0.1,0,0.0125,0.440544,4208,0.0769231,0.0346384,33664
91.1,0.507692,0.140128,138864,0,0.1,0,0.215385,0.338048,117824,0,0.1,0,0.136364,0.435442,63120,0,0.1,0,0,0.1,0,0,0.1,0,0.0166667,0.466167,8416,0.0125,0.454382,4208,0,0.1,0,0,0.1,0,0,0.1,0,0.0117647,0.440544,4208,0.0865385,0.042558,37872
91.2,0.492308,0.130877,134656,0,0.1,0,0.215385,0.326917,117824,0,0.1,0,0.133333,0.434152,58912,0,0.1,0,0,0.1,0,0,0.1,0,0.0153846,0.466167,8416,0.0119048,0.454382,4208,0,0.1,0,0,0.1,0,0,0.1,0,0.0125,0.440544,4208,0.114583,0.0464413,46288
91.3,0.533333,0.122596,134656,0,0.1,0,0.241667,0.31719,122032,0,0.1,0,0.157895,0.439387,63120,0,0.1,0,0,0.1,0,0,0.1,0,0.0153846,0.466167,8416,0.0125,0.454382,4208,0,0.1,0,0,0.1,0,0,0.1,0,0.0111111,0.440544,4208,0.115385,0.0428236,50496
91.4,0.492308,0.10747,134656,0.0153846,0.434567,8416,0.230769,0.307539,126240,0,0.1,0,0.15,0.439387,63120,0,0.1,0,0,0.1,0,0,0.1,0,0.0166667,0.466167,8416,0.0138889,0.454382,4208,0,0.1,0,0,0.1,0,0,0.1,0,0.0105263,0.440544,4208,0.115385,0.0428236,50496
91.5,0.476923,0.0819161,130448,0.0153846,0.434567,8416,0.230769,0.298451,126240,0,0.1,0,0.147368,0.449074,58912,0,0.1,0,0,0.1,0,0,0.1,0,0.0153846,0.466167,8416,0.0131579,0.454382,4208,0,0.1,0,0,0.1,0,0,0.1,0,0.0111111,0.440544,4208,0.125,0.0428236,50496
91.6,0.5,0.0614217,126240,0.0166667,0.434567,8416,0.266667,0.274166,134656,0,0.1,0,0.164706,0.449074,58912,0,0.1,0,0,0.1,0,0,0.1,0,0.00769231,0.483414,4208,0.0136986,0.454382,4208,0,0.1,0,0,0.1,0,0,0.1,0,0.01,0.440544,4208,0.132075,0.040241,58912
91.7,0.46875,0.0518351,126240,0.0153846,0.434567,8416,0.238462,0.270914,130448,0,0.1,0,0.144444,0.454323,54704,0,0.1,0,0,0.1,0,0,0.1,0,0.00833333,0.483414,4208,0.0153846,0.454382,4208,0,0.1,0,0,0.1,0,0,0.1,0,0.00952381,0.440544,4208,0.12963,0.040241,58912
91.8,0.460317,0.0499801,122032,0.0307692,0.470935,16832,0.230769,0.241474,126240,0,0.1,0,0.152941,0.454323,54704,0,0.1,0,0,0.1,0,0,0.1,0,0.00769231,0.483414,4208,0.0142857,0.454382,4208,0,0.1,0,0,0.1,0,0,0.1,0,0.01,0.440544,4208,0.15,0.0417059,63120
91.9,0.482759,0.0466312,117824,0.0416667,0.478768,21040,0.241667,0.212885,122032,0,0.1,0,0.173333,0.454323,54704,0,0.1,0,0,0.1,0,0,0.1,0,0,0.1,0,0.0149254,0.454382,4208,0,0.1,0,0,0.1,0,0,0.1,0,0.00909091,0.440544,4208,0.154545,0.0408421,71536
92,0.435484,0.0458667,113616,0.0384615,0.478768,21040,0.246154,0.191594,134656,0,0.1,0,0.1375,0.461352,46288,0,0.1,0,0,0.1,0,0,0.1,0,0,0.1,0,0.0169492,0.454382,4208,0,0.1,0,0,0.1,0,0,0.1,0,0.00869565,0.440544,4208,0.178571,0.0397579,84160
92.1,0.442623,0.0468698,113616,0.0384615,0.478768,21040,0.246154,0.169996,134656,0,0.1,0,0.133333,0.459935,42080,0,0.1,0,0,0.1,0,0,0.1,0,0,0.1,0,0.015625,0.454382,4208,0,0.1,0,0,0.1,0,0,0.1,0,0,0.1,0,0.211538,0.0438856,92576
92.2,0.464286,0.0420115,109408,0.0416667,0.478768,21040,0.275,0.132892,138864,0,0.1,0,0.153846,0.459935,42080,0,0.1,0,0,0.1,0,0,0.1,0,0,0.1,0,0.0163934,0.454382,4208,0,0.1,0,0,0.1,0,0,0.1,0,0,0.1,0,0.201754,0.0437603,96784
92.3,0.4,0.0393169,100992,0.0384615,0.478768,21040,0.253846,0.119883,138864,0.00833333,0.0309178,4208,0.114286,0.479719,33664,0,0.1,0,0,0.1,0,0,0.1,0,0,0.1,0,0.0188679,0.454382,4208,0,0.1,0,0,0.1,0,0,0.1,0,0,0.1,0,0.198276,0.0403116,96784
92.4,0.372881,0.040033,92576,0.0384615,0.478768,21040,0.253846,0.110789,138864,0.00847458,0.0309178,4208,0.107692,0.481469,29456,0,0.1,0,0,0.1,0,0,0.1,0,0,0.1,0,0.0172414,0.454382,4208,0,0.1,0,0,0.1,0,0,0.1,0,0,0.1,0,0.212963,0.0430868,96784
92.5,0.425926,0.0392972,96784,0.0416667,0.478768,21040,0.25,0.0756923,126240,0.0185185,0.0488265,8416,0.116667,0.501716,29456,0,0.1,0,0,0.1,0,0,0.1,0,0,0.1,0,0.0169492,0.454382,4208,0,0.1,0,0,0.1,0,0,0.1,0,0,0.1,0,0.211864,0.0425495,105200
92.6,0.396552,0.0388641,96784,0.0461538,0.473838,25248,0.223077,0.0633979,122032,0.0172414,0.0488265,8416,0.0857143,0.519146,25248,0,0.1,0,0,0.1,0,0,0.1,0,0,0.1,0,0,0.1,0,0,0.1,0,0,0.1,0,0,0.1,0,0,0.1,0,0.208333,0.0494398,105200
92.7,0.385965,0.0388204,92576,0.0461538,0.473838,25248,0.223077,0.062204,122032,0.0175439,0.0488265,8416,0.0933333,0.417551,29456,0,0.1,0,0,0.1,0,0,0.1,0,0,0.1,0,0,0.1,0,0,0.1,0,0,0.1,0,0,0.1,0,0,0.1,0,0.232143,0.0516592,109408
92.8,0.384615,0.0336131,84160,0.05,0.473838,25248,0.258333,0.0630663,130448,0.0192308,0.0488265,8416,0.114286,0.337095,33664,0,0.1,0,0,0.1,0,0,0.1,0,0,0.1,0,0,0.1,0,0,0.1,0,0,0.1,0,0,0.1,0,0,0.1,0,0.229508,0.0594508,117824
92.9,0.339286,0.0342535,79952,0.0461538,0.473838,25248,0.238462,0.0667391,130448,0.0178571,0.0488265,8416,0.125,0.284477,42080,0,0.1,0,0,0.1,0,0,0.1,0,0,0.1,0,0,0.1,0,0,0.1,0,0,0.1,0,0,0.1,0,0,0.1,0,0.225806,0.0576732,117824
93,0.327273,0.0352876,75744,0.0538462,0.479638,29456,0.230769,0.0723614,126240,0.0181818,0.0488265,8416,0.141176,0.262322,50496,0,0.1,0,0,0.1,0,0,0.1,0,0,0.1,0,0,0.1,0,0,0.1,0,0,0.1,0,0,0.1,0,0,0.1,0,0.232759,0.0558865,113616
93.1,0.36,0.0352876,75744,0.0583333,0.479638,29456,0.283333,0.0739668,143072,0.02,0.0488265,8416,0.1625,0.257252,54704,0,0.1,0,0,0.1,0,0,0.1,0,0,0.1,0,0,0.1,0,0,0.1,0,0,0.1,0,0,0.1,0,0,0.1,0,0.198413,0.0552441,105200
93.2,0.314815,0.031914,71536,0.0538462,0.479638,29456,0.261538,0.0731428,143072,0.0185185,0.0488265,8416,0.144444,0.201404,54704,0,0.1,0,0,0.1,0,0,0.1,0,0,0.1,0,0,0.1,0,0,0.1,0,0,0.1,0,0,0.1,0,0,0.1,0,0.1875,0.0574198,100992
93.3,0.283019,0.0337557,63120,0.0384615,0.497667,21040,0.253846,0.0745213,138864,0.0188679,0.0488265,8416,0.157895,0.201383,63120,0,0.1,0,0,0.1,0,0,0.1,0,0,0.1,0,0,0.1,0,0,0.1,0,0,0.1,0,0,0.1,0,0,0.1,0,0.216667,0.0594614,109408
93.4,0.25,0.03096,50496,0.0416667,0.497667,21040,0.3,0.0730166,151488,0.0208333,0.0488265,8416,0.155556,0.176307,58912,0,0.1,0,0,0.1,0,0,0.1,0,0,0.1,0,0,0.1,0,0,0.1,0,0,0.1,0,0,0.1,0,0,0.1,0,0.223077,0.0575919,122032
93.5,0.192308,0.0331046,42080,0.0384615,0.497667,21040,0.276923,0.0699426,151488,0.0192308,0.0488265,8416,0.17,0.180709,71536,0,0.1,0,0,0.1,0,0,0.1,0,0,0.1,0,0,0.1,0,0,0.1,0,0,0.1,0,0,0.1,0,0.00769231,0.479586,4208,0.223077,0.0578167,122032
93.6,0.134615,0.0293729,29456,0.0384615,0.497667,21040,0.276923,0.0699426,151488,0.0192308,0.0488265,8416,0.171429,0.178338,75744,0,0.1,0,0,0.1,0,0,0.1,0,0,0.1,0,0,0.1,0,0,0.1,0,0,0.1,0,0,0.1,0,0.00833333,0.479586,4208,0.25,0.0576234,126240
93.7,0.145833,0.0293729,29456,0.025,0.491242,12624,0.308333,0.0715175,155696,0.0208333,0.0488265,8416,0.19,0.179751,79952,0,0.1,0,0,0.1,0,0,0.1,0,0,0.1,0,0,0.1,0,0,0.1,0,0,0.1,0,0,0.1,0,0.00769231,0.479586,4208,0.223077,0.0574651,122032
93.8,0.115385,0.029853,25248,0.0153846,0.481814,8416,0.292308,0.0707663,159904,0.0192308,0.0488265,8416,0.181818,0.173901,84160,0,0.1,0,0,0.1,0,0,0.1,0,0,0.1,0,0,0.1,0,0,0.1,0,0,0.1,0,0,0.1,0,0.0230769,0.428169,12624,0.230769,0.0545068,126240
93.9,0.115385,0.029853,25248,0.0153846,0.481814,8416,0.276923,0.0663752,151488,0.0192308,0.0488265,8416,0.191304,0.171864,92576,0,0.1,0,0,0.1,0,0,0.1,0,0,0.1,0,0,0.1,0,0,0.1,0,0,0.1,0,0,0.1,0,0.025,0.428169,12624,0.225,0.0568282,113616
94,0.0833333,0.0299192,16832,0.0166667,0.481814,8416,0.283333,0.0670505,143072,0.0208333,0.0488265,8416,0.2,0.171864,92576,0,0.1,0,0,0.1,0,0,0.1,0,0,0.1,0,0,0.1,0,0,0.1,0,0,0.1,0,0,0.1,0,0.0230769,0.428169,12624,0.192308,0.0545614,105200
94.1,0.0576923,0.0289006,12624,0.0153846,0.481814,8416,0.238462,0.0658467,130448,0.0192308,0.0488265,8416,0.2,0.173359,100992,0,0.1,0,0,0.1,0,0,0.1,0,0,0.1,0,0,0.1,0,0,0.1,0,0,0.1,0,0,0.1,0,0.0230769,0.428169,12624,0.184615,0.0551264,100992
94.2,0.0416667,0.024502,8416,0.0153846,0.481814,8416,0.253846,0.0631149,138864,0.00961538,0.0667351,4208,0.192,0.173359,100992,0,0.1,0,0,0.1,0,0,0.1,0,0,0.1,0,0,0.1,0,0,0.1,0,0,0.1,0,0,0.1,0,0.025,0.428169,12624,0.175,0.0609998,88368
94.3,0.0454545,0.024502,8416,0.0166667,0.481814,8416,0.275,0.0602542,138864,0.0104167,0.0667351,4208,0.208333,0.176681,105200,0,0.1,0,0,0.1,0,0,0.1,0,0,0.1,0,0,0.1,0,0,0.1,0,0,0.1,0,0,0.1,0,0.0230769,0.428169,12624,0.169231,0.0566146,92576
94.4,0.0227273,0.0258946,4208,0.0153846,0.481814,8416,0.269231,0.0583897,147280,0,0.1,0,0.2,0.16051,109408,0,0.1,0,0,0.1,0,0,0.1,0,0,0.1,0,0,0.1,0,0,0.1,0,0,0.1,0,0,0.1,0,0.0230769,0.428169,12624,0.153846,0.0586391,84160
94.5,0,0.1,0,0.00769231,0.514442,4208,0.261538,0.0586124,143072,0,0.1,0,0.207692,0.159254,113616,0,0.1,0,0,0.1,0,0,0.1,0,0,0.1,0,0,0.1,0,0,0.1,0,0,0.1,0,0,0.1,0,0.025,0.428169,12624,0.175,0.0553212,88368
94.6,0.025,0.0601232,4208,0.00833333,0.514442,4208,0.275,0.0545957,138864,0,0.1,0,0.216667,0.159097,109408,0,0.1,0,0,0.1,0,0,0.1,0,0,0.1,0,0,0.1,0,0,0.1,0,0,0.1,0,0,0.1,0,0.0230769,0.428169,12624,0.161538,0.053899,88368
94.7,0.0454545,0.0343821,8416,0.00769231,0.514442,4208,0.253846,0.0510974,138864,0,0.1,0,0.2,0.162948,109408,0.0210526,0.0413388,8416,0,0.1,0,0,0.1,0,0,0.1,0,0,0.1,0,0,0.1,0,0,0.1,0,0,0.1,0,0.0384615,0.453278,21040,0.146154,0.0408878,79952
94.8,0.0454545,0.0343821,8416,0.00769231,0.514442,4208,0.238462,0.0446006,130448,0,0.1,0,0.215385,0.151256,117824,0.0291262,0.0309502,12624,0,0.1,0,0,0.1,0,0,0.1,0,0.0133333,0.0550547,4208,0,0.1,0,0,0.1,0,0,0.1,0,0.0416667,0.453278,21040,0.158333,0.0439121,79952
94.9,0.1,0.0379047,16832,0,0.1,0,0.25,0.0407809,126240,0,0.1,0,0.216667,0.151234,109408,0.0291262,0.0309502,12624,0,0.1,0,0,0.1,0,0,0.1,0,0.025,0.030773,8416,0,0.1,0,0,0.1,0,0,0.1,0,0.0461538,0.463263,25248,0.169231,0.0394507,92576
95,0.136364,0.0274135,25248,0,0.1,0,0.192308,0.0349888,105200,0,0.1,0,0.207692,0.143316,113616,0.0421053,0.0296734,16832,0,0.1,0,0,0.1,0,0,0.1,0,0.0266667,0.030773,8416,0,0.1,0,0,0.1,0,0,0.1,0,0.0461538,0.463263,25248,0.2,0.0366644,109408
95.1,0.159091,0.0240598,29456,0,0.1,0,0.184615,0.0357462,100992,0,0.1,0,0.2,0.14058,109408,0.0582524,0.0340474,25248,0,0.1,0,0,0.1,0,0,0.1,0,0.0352941,0.0333146,12624,0,0.1,0,0.0108696,0.114545,4208,0,0.1,0,0.0583333,0.453427,29456,0.216667,0.0366644,109408
95.2,0.225,0.0261605,37872,0,0.1,0,0.2,0.0357462,100992,0,0.1,0,0.2,0.135524,100992,0.0582524,0.0340474,25248,0,0.1,0,0,0.1,0,0,0.1,0,0.0333333,0.0333146,12624,0,0.1,0,0.01,0.114545,4208,0,0.1,0,0.0538462,0.453427,29456,0.2,0.0340385,109408
95.3,0.227273,0.0275492,42080,0,0.1,0,0.153846,0.0340433,84160,0,0.1,0,0.2,0.137609,109408,0.0631579,0.0340474,25248,0,0.1,0,0,0.1,0,0,0.1,0,0.0470588,0.0540259,16832,0,0.1,0,0.01,0.114545,4208,0,0.1,0,0.0538462,0.453427,29456,0.192308,0.0325327,105200
95.4,0.272727,0.034046,50496,0,0.1,0,0.138462,0.0518558,75744,0,0.1,0,0.192308,0.132498,105200,0.0679612,0.0327928,29456,0,0.1,0,0,0.1,0,0,0.1,0,0.0421053,0.0540259,16832,0,0.1,0,0.0108696,0.114545,4208,0,0.1,0,0.05,0.449067,25248,0.191667,0.0329265,96784
95.5,0.35,0.0325383,58912,0,0.1,0,0.15,0.0518558,75744,0,0.1,0,0.25,0.128586,126240,0.0679612,0.0327928,29456,0,0.1,0,0,0.1,0,0,0.1,0,0.05,0.0494689,21040,0,0.1,0,0.01,0.114545,4208,0,0.1,0,0.0461538,0.449067,25248,0.184615,0.0339203,100992
95.6,0.363636,0.0314139,67328,0,0.1,0,0.123077,0.05023,67328,0,0.1,0,0.238462,0.119362,130448,0.0842105,0.031725,33664,0,0.1,0,0,0.1,0,0,0.1,0,0.0526316,0.0494689,21040,0,0.1,0,0.01,0.114545,4208,0,0.1,0,0.0461538,0.449067,25248,0.215385,0.0310442,117824
95.7,0.386364,0.0332972,71536,0,0.1,0,0.107692,0.0500411,58912,0,0.1,0,0.230769,0.121249,126240,0.0776699,0.031725,33664,0,0.1,0,0,0.1,0,0,0.1,0,0.0571429,0.048528,25248,0,0.1,0,0.0108696,0.114545,4208,0,0.1,0,0.0333333,0.472371,16832,0.208333,0.0332718,105200
95.8,0.45,0.0324179,75744,0,0.1,0,0.1,0.0561779,50496,0,0.1,0,0.233333,0.119089,117824,0.0776699,0.031725,33664,0,0.1,0,0,0.1,0,0,0.1,0,0.0727273,0.0567019,33664,0,0.1,0,0.01,0.114545,4208,0,0.1,0,0.0307692,0.472371,16832,0.215385,0.0327572,117824
95.9,0.5,0.0381933,92576,0,0.1,0,0.1,0.0670378,54704,0,0.1,0,0.215385,0.119089,117824,0.0842105,0.031725,33664,0,0.1,0,0,0.1,0,0,0.1,0,0.0761905,0.0567019,33664,0,0.1,0,0.01,0.114545,4208,0,0.1,0,0.0307692,0.472371,16832,0.230769,0.0326847,126240
96,0.5,0.0381933,92576,0,0.1,0,0.1,0.0670378,54704,0,0.1,0,0.2,0.113649,109408,0.0776699,0.031725,33664,0,0.1,0,0,0.1,0,0,0.1,0,0.0695652,0.0567019,33664,0,0.1,0,0.0108696,0.114545,4208,0,0.1,0,0.0333333,0.472371,16832,0.25,0.0326847,126240
96.1,0.545455,0.0381946,100992,0,0.1,0,0.0833333,0.0773741,42080,0,0.1,0,0.233333,0.113308,117824,0.0769231,0.031725,33664,0,0.1,0,0,0.1,0,0,0.1,0,0.0833333,0.0542514,42080,0,0.1,0,0.01,0.114545,4208,0,0.1,0,0.0307692,0.472371,16832,0.246154,0.0313991,134656
96.2,0.541667,0.0358033,109408,0,0.1,0,0.0769231,0.0875176,42080,0,0.1,0,0.207692,0.108009,113616,0.09375,0.0331541,37872,0,0.1,0,0,0.1,0,0,0.1,0,0.0869565,0.0542514,42080,0,0.1,0,0.00961538,0.114545,4208,0,0.1,0,0.0307692,0.472371,16832,0.253846,0.030778,138864
96.3,0.5,0.0358033,109408,0,0.1,0,0.0538462,0.111735,29456,0,0.1,0,0.207692,0.105739,113616,0.0865385,0.0331541,37872,0,0.1,0,0,0.1,0,0,0.1,0,0.08,0.0542514,42080,0,0.1,0,0.0104167,0.114545,4208,0,0.1,0,0.0333333,0.472371,16832,0.275,0.030778,138864
96.4,0.583333,0.0360801,117824,0,0.1,0,0.0583333,0.111735,29456,0,0.1,0,0.225,0.102946,113616,0.0865385,0.0331541,37872,0,0.1,0,0,0.1,0,0,0.1,0,0.0769231,0.0542514,42080,0,0.1,0,0.00961538,0.114545,4208,0,0.1,0,0.0307692,0.472371,16832,0.230769,0.0272438,126240
96.5,0.576923,0.0330274,126240,0,0.1,0,0.0384615,0.131043,21040,0,0.1,0,0.223077,0.0938484,122032,0.104167,0.031721,42080,0,0.1,0,0,0.1,0,0,0.1,0,0.0833333,0.0542514,42080,0,0.1,0,0.00961538,0.114545,4208,0,0.1,0,0.0307692,0.472371,16832,0.223077,0.0255184,122032
96.6,0.557692,0.0338683,122032,0,0.1,0,0.0307692,0.185609,16832,0,0.1,0,0.207692,0.0893948,113616,0.0849057,0.0266094,37872,0,0.1,0,0,0.1,0,0,0.1,0,0.0769231,0.0542514,42080,0,0.1,0,0.0104167,0.114545,4208,0,0.1,0,0.0166667,0.453801,8416,0.233333,0.0258846,117824
96.7,0.666667,0.0360509,134656,0,0.1,0,0.0333333,0.185609,16832,0,0.1,0,0.208333,0.0970244,105200,0.0833333,0.0260662,37872,0,0.1,0,0,0.1,0,0,0.1,0,0.0692308,0.0541621,37872,0,0.1,0,0.00943396,0.114545,4208,0,0.1,0,0.0153846,0.453801,8416,0.207692,0.0242598,113616
96.8,0.576923,0.0356925,126240,0,0.1,0,0.0384615,0.175782,21040,0,0.1,0,0.192308,0.0970244,105200,0.1,0.0248046,42080,0,0.1,0,0,0.1,0,0,0.1,0,0.0666667,0.060121,33664,0,0.1,0,0.00925926,0.114545,4208,0,0.1,0,0.00769231,0.394409,4208,0.192308,0.029881,105200
96.9,0.576923,0.0403206,126240,0,0.1,0,0.0538462,0.194071,29456,0,0.1,0,0.176923,0.0996407,96784,0.0909091,0.0254353,42080,0,0.1,0,0,0.1,0,0,0.1,0,0.0615385,0.060121,33664,0,0.1,0,0.01,0.114545,4208,0,0.1,0,0.00833333,0.394409,4208,0.175,0.031508,88368
97,0.645833,0.0413193,130448,0,0.1,0,0.0583333,0.194071,29456,0,0.1,0,0.191667,0.102692,96784,0.0803571,0.0271974,37872,0,0.1,0,0,0.1,0,0,0.1,0,0.0538462,0.0632243,29456,0,0.1,0,0,0.1,0,0,0.1,0,0,0.1,0,0.161538,0.031508,88368
97.1,0.634615,0.0415256,138864,0,0.1,0,0.0615385,0.208367,33664,0,0.1,0,0.184615,0.107461,100992,0.105769,0.0308638,46288,0,0.1,0,0,0.1,0,0,0.1,0,0.0583333,0.0632243,29456,0.00925926,0.00210936,4208,0,0.1,0,0,0.1,0,0,0.1,0,0.161538,0.0524801,88368
97.2,0.615385,0.0415718,134656,0,0.1,0,0.0692308,0.252433,37872,0,0.1,0,0.176923,0.111115,96784,0.0964912,0.0308638,46288,0,0.1,0,0,0.1,0,0,0.1,0,0.0461538,0.0544017,25248,0.01,0.00210936,4208,0,0.1,0,0,0.1,0,0,0.1,0,0.158333,0.0552418,79952
97.3,0.6875,0.0415309,138864,0,0.1,0,0.0666667,0.248875,33664,0,0.1,0,0.183333,0.126427,92576,0.0862069,0.0314237,42080,0,0.1,0,0,0.1,0,0,0.1,0,0.0461538,0.0544017,25248,0.0183486,0.0246621,8416,0,0.1,0,0,0.1,0,0,0.1,0,0.169231,0.0927634,92576
97.4,0.634615,0.041766,138864,0,0.1,0,0.0615385,0.248875,33664,0,0.1,0,0.138462,0.153157,75744,0.101852,0.0319973,46288,0,0.1,0,0,0.1,0,0,0.1,0,0.0416667,0.0590339,21040,0.0181818,0.0246621,8416,0,0.1,0,0,0.1,0,0,0.1,0,0.153846,0.0965999,84160
97.5,0.596154,0.0429417,130448,0,0.1,0,0.0692308,0.268739,37872,0,0.1,0,0.123077,0.16931,67328,0.101695,0.0354823,50496,0,0.1,0,0,0.1,0,0,0.1,0,0.0384615,0.0590339,21040,0.0392157,0.0244727,16832,0,0.1,0,0,0.1,0,0,0.1,0,0.133333,0.117303,67328
97.6,0.666667,0.0410485,134656,0,0.1,0,0.075,0.268739,37872,0,0.1,0,0.158333,0.239879,79952,0.1,0.0354823,50496,0,0.1,0,0,0.1,0,0,0.1,0,0.0307692,0.0628365,16832,0.036036,0.0244727,16832,0,0.1,0,0,0.1,0,0,0.1,0,0.123077,0.117303,67328
97.7,0.596154,0.0418091,130448,0,0.1,0,0.0769231,0.32307,42080,0,0.1,0,0.161538,0.270012,88368,0.125,0.0347574,58912,0,0.1,0,0,0.1,0,0,0.1,0,0.0166667,0.0444491,8416,0.0357143,0.0244727,16832,0,0.1,0,0,0.1,0,0,0.1,0,0.1,0.137803,54704
97.8,0.538462,0.0374151,117824,0,0.1,0,0.0692308,0.337038,37872,0,0.1,0,0.169231,0.272512,92576,0.139344,0.0336221,71536,0,0.1,0,0,0.1,0,0,0.1,0,0.0153846,0.0444491,8416,0.0384615,0.0244727,16832,0,0.1,0,0,0.1,0,0,0.1,0,0.0916667,0.1571,46288
97.9,0.604167,0.0366576,122032,0,0.1,0,0.0916667,0.430577,46288,0,0.1,0,0.2,0.27977,100992,0.145161,0.0356382,75744,0,0.1,0,0,0.1,0,0,0.1,0,0.0153846,0.0444491,8416,0.0353982,0.0244727,16832,0,0.1,0,0,0.1,0,0.00769231,0.811662,4208,0.0846154,0.1571,46288
98,0.557692,0.035676,122032,0,0.1,0,0.0923077,0.455373,50496,0,0.1,0,0.176923,0.29599,96784,0.155172,0.0356382,75744,0,0.1,0,0,0.1,0,0,0.1,0,0,0.1,0,0.0350877,0.0244727,16832,0,0.1,0,0,0.1,0,0.00769231,0.811662,4208,0.0692308,0.189319,37872
98.1,0.519231,0.0377921,113616,0,0.1,0,0.1,0.476703,54704,0,0.1,0,0.184615,0.300356,100992,0.134921,0.0351118,71536,0,0.1,0,0,0.1,0,0,0.1,0,0,0.1,0,0.0660377,0.0501041,29456,0,0.1,0,0,0.1,0,0.00833333,0.811662,4208,0.05,0.276143,25248
98.2,0.604167,0.0368741,122032,0,0.1,0,0.108333,0.476703,54704,0,0.1,0,0.191667,0.333779,96784,0.132812,0.0351118,71536,0,0.1,0,0,0.1,0,0,0.1,0,0,0.1,0,0.0695652,0.0458755,33664,0,0.1,0,0,0.1,0,0.0153846,0.853799,8416,0.0538462,0.305179,29456
98.3,0.538462,0.0372056,117824,0,0.1,0,0.1,0.476703,54704,0,0.1,0,0.184615,0.353952,100992,0.15,0.0345658,75744,0,0.1,0,0,0.1,0,0,0.1,0,0,0.1,0,0.0775862,0.046681,37872,0,0.1,0,0,0.1,0,0.0153846,0.853799,8416,0.0538462,0.305179,29456
98.4,0.5,0.0409662,109408,0,0.1,0,0.107692,0.469785,58912,0,0.1,0,0.161538,0.400931,88368,0.138462,0.0339365,75744,0,0.1,0,0,0.1,0,0,0.1,0,0,0.1,0,0.0833333,0.046681,37872,0,0.1,0,0,0.1,0,0.0166667,0.853799,8416,0.0583333,0.305179,29456
98.5,0.583333,0.0430908,117824,0,0.1,0,0.116667,0.528616,58912,0,0.1,0,0.183333,0.401154,92576,0.130769,0.0356415,71536,0,0.1,0,0,0.1,0,0,0.1,0,0,0.1,0,0.0940171,0.0609115,46288,0,0.1,0,0,0.1,0,0.0153846,0.853799,8416,0.0692308,0.248345,37872
98.6,0.5,0.0402908,109408,0,0.1,0,0.107692,0.528616,58912,0,0.1,0,0.161538,0.455397,88368,0.141667,0.0375141,71536,0,0.1,0,0,0.1,0,0,0.1,0,0,0.1,0,0.102564,0.066494,50496,0,0.1,0,0,0.1,0,0.0153846,0.853799,8416,0.0769231,0.22582,42080
98.7,0.519231,0.0416193,113616,0,0.1,0,0.115385,0.541197,63120,0,0.1,0,0.169231,0.453627,92576,0.123077,0.0390181,67328,0,0.1,0,0,0.1,0,0,0.1,0,0,0.1,0,0.12037,0.0671715,54704,0,0.1,0,0,0.1,0,0.0166667,0.853799,8416,0.0833333,0.219272,42080
98.8,0.541667,0.0389162,109408,0,0.1,0,0.108333,0.587567,54704,0,0.1,0,0.2,0.454,100992,0.115385,0.039476,63120,0,0.1,0,0,0.1,0,0,0.1,0,0,0.1,0,0.111111,0.0671715,54704,0,0.1,0,0,0.1,0,0.0230769,0.870387,12624,0.0923077,0.189562,50496
98.9,0.461538,0.0390252,100992,0,0.1,0,0.107692,0.60457,58912,0,0.1,0,0.184615,0.466347,100992,0.125,0.0395821,63120,0,0.1,0,0,0.1,0,0,0.1,0,0,0.1,0,0.128205,0.07439,63120,0,0.1,0,0,0.1,0,0.0307692,0.885073,16832,0.0923077,0.189562,50496
99,0.423077,0.0441101,92576,0,0.1,0,0.1,0.627349,54704,0,0.1,0,0.176923,0.477182,96784,0.123077,0.0364787,67328,0,0.1,0,0,0.1,0,0,0.1,0,0,0.1,0,0.138889,0.0896357,63120,0,0.1,0,0,0.1,0,0.0333333,0.885073,16832,0.108333,0.160664,54704
99.1,0.5,0.0430343,100992,0,0.1,0,0.108333,0.641716,54704,0,0.1,0,0.191667,0.483299,96784,0.123077,0.0364787,67328,0,0.1,0,0,0.1,0,0,0.1,0,0,0.1,0,0.128205,0.0896357,63120,0,0.1,0,0,0.1,0,0.0384615,0.862274,21040,0.107692,0.155846,58912
99.2,0.423077,0.0403603,92576,0,0.1,0,0.107692,0.654219,58912,0,0.1,0,0.176923,0.497803,96784,0.133333,0.0364787,67328,0,0.1,0,0,0.1,0,0,0.1,0,0,0.1,0,0.136752,0.106703,67328,0,0.1,0,0,0.1,0,0.0461538,0.867781,25248,0.0846154,0.10824,46288
99.3,0.384615,0.0416592,84160,0,0.1,0,0.107692,0.654219,58912,0,0.1,0,0.169231,0.510347,92576,0.115385,0.036395,63120,0,0.1,0,0,0.1,0,0,0.1,0,0,0.1,0,0.148148,0.106703,67328,0,0.1,0,0,0.1,0,0.05,0.867781,25248,0.0916667,0.10824,46288
99.4,0.4375,0.0420674,88368,0,0.1,0,0.133333,0.704414,67328,0,0.1,0,0.183333,0.510347,92576,0.1,0.0344506,54704,0,0.1,0,0,0.1,0,0,0.1,0,0,0.1,0,0.119658,0.118477,58912,0,0.1,0,0,0.1,0,0.0538462,0.87437,29456,0.1,0.0992424,54704
99.5,0.384615,0.0426104,84160,0,0.1,0,0.130769,0.711054,71536,0,0.1,0,0.146154,0.493626,79952,0.116667,0.0373973,58912,0,0.1,0,0,0.1,0,0,0.1,0,0,0.1,0,0.119658,0.118477,58912,0.00769231,0.522442,4208,0,0.1,0,0.0538462,0.87437,29456,0.1,0.0992424,54704
99.6,0.384615,0.0426104,84160,0,0.1,0,0.130769,0.703401,71536,0,0.1,0,0.138462,0.482115,75744,0.0923077,0.0385621,50496,0,0.1,0,0,0.1,0,0,0.1,0,0,0.1,0,0.138889,0.121922,63120,0.00833333,0.522442,4208,0,0.1,0,0.0583333,0.87437,29456,0.108333,0.0992424,54704
99.7,0.4375,0.0419969,88368,0,0.1,0,0.141667,0.703401,71536,0,0.1,0,0.141667,0.491356,71536,0.0769231,0.0442229,42080,0,0.1,0,0,0.1,0,0,0.1,0,0,0.1,0,0.136752,0.130981,67328,0.0153846,0.515515,8416,0,0.1,0,0.0538462,0.87437,29456,0.115385,0.0953961,63120
99.8,0.403846,0.0432056,88368,0,0.1,0,0.123077,0.671726,67328,0,0.1,0,0.130769,0.498071,71536,0.0833333,0.0381103,42080,0,0.1,0,0,0.1,0,0,0.1,0,0,0.1,0,0.136752,0.130981,67328,0.0153846,0.515515,8416,0,0.1,0,0.0461538,0.884821,25248,0.115385,0.0953961,63120
99.9,0.403846,0.0498165,88368,0,0.1,0,0.115385,0.667965,63120,0,0.1,0,0.138462,0.500183,75744,0.0769231,0.0381103,42080,0,0.1,0,0,0.1,0,0,0.1,0,0,0.1,0,0.166667,0.139977,75744,0.0166667,0.515515,8416,0,0.1,0,0.05,0.884821,25248,0.133333,0.0924731,67328
100,0.5,0.0467459,100992,0,0.1,0,0.108333,0.703504,54704,0,0.1,0,0.15,0.502801,75744,0.0769231,0.0381103,42080,0,0.1,0,0,0.1,0,0,0.1,0,0,0.1,0,0.136752,0.151262,67328,0.0153846,0.515515,8416,0,0.1,0,0.0538462,0.89237,29456,0.123077,0.0924731,67328
100.1,0.442308,0.0480934,96784,0,0.1,0,0.107692,0.690977,58912,0,0.1,0,0.146154,0.490687,79952,0.0916667,0.0375906,46288,0,0.1,0,0,0.1,0,0,0.1,0,0,0.1,0,0.136752,0.159502,67328,0.0153846,0.515515,8416,0,0.1,0,0.0461538,0.891776,25248,0.123077,0.0628716,67328
100.2,0.442308,0.0488611,96784,0,0.1,0,0.123077,0.642066,67328,0,0.1,0,0.138462,0.495269,75744,0.0769231,0.0388213,42080,0,0.1,0,0,0.1,0,0,0.1,0,0,0.1,0,0.166667,0.163162,75744,0.0166667,0.515515,8416,0,0.1,0,0.05,0.891776,25248,0.141667,0.061648,71536
100.3,0.479167,0.0491074,96784,0,0.1,0,0.141667,0.590068,71536,0,0.1,0,0.166667,0.492346,84160,0.0692308,0.0423018,37872,0,0.1,0,0,0.1,0,0,0.1,0,0,0.1,0,0.153846,0.163162,75744,0.0153846,0.515515,8416,0,0.1,0,0.0538462,0.892992,29456,0.161538,0.0585074,88368
100.4,0.403846,0.04705,88368,0,0.1,0,0.146154,0.509289,79952,0,0.1,0,0.146154,0.4969,79952,0.0833333,0.040045,42080,0,0.1,0,0,0.1,0,0,0.1,0,0,0.1,0,0.136752,0.167939,67328,0.0153846,0.515515,8416,0,0.1,0,0.0538462,0.892992,29456,0.146154,0.0594634,79952
100.5,0.423077,0.0476619,92576,0,0.1,0,0.161538,0.508468,88368,0,0.1,0,0.169231,0.469865,92576,0.0692308,0.0403701,37872,0,0.1,0,0,0.1,0,0,0.1,0,0,0.1,0,0.138889,0.170608,63120,0.0166667,0.515515,8416,0,0.1,0,0.0583333,0.892992,29456,0.15,0.0614836,75744
100.6,0.458333,0.0455948,92576,0,0.1,0,0.166667,0.493151,84160,0,0.1,0,0.191667,0.468496,96784,0.0692308,0.0403701,37872,0,0.1,0,0,0.1,0,0,0.1,0,0,0.1,0,0.128205,0.168846,63120,0.0230769,0.507546,12624,0,0.1,0,0.0538462,0.892992,29456,0.146154,0.0586938,79952
100.7,0.442308,0.0424622,96784,0,0.1,0,0.169231,0.450677,92576,0,0.1,0,0.169231,0.470246,92576,0.075,0.0403701,37872,0,0.1,0,0,0.1,0,0,0.1,0,0,0.1,0,0.136752,0.162327,67328,0.0230769,0.507546,12624,0,0.1,0,0.0461538,0.891231,25248,0.130769,0.0607734,71536
100.8,0.442308,0.0424622,96784,0,0.1,0,0.169231,0.413964,92576,0,0.1,0,0.161538,0.468765,88368,0.0615385,0.0357156,33664,0,0.1,0,0,0.1,0,0,0.1,0,0,0.1,0,0.138889,0.162258,63120,0.025,0.507546,12624,0,0.1,0,0.0416667,0.883651,21040,0.15,0.0604588,75744
100.9,0.479167,0.0381045,96784,0,0.1,0,0.2,0.384266,100992,0,0.1,0,0.191667,0.468345,96784,0.0384615,0.0402145,21040,0,0.1,0,0,0.1,0,0,0.1,0,0,0.1,0,0.119658,0.157362,58912,0.0230769,0.507546,12624,0,0.1,0,0.0384615,0.883651,21040,0.123077,0.0496392,67328
101,0.423077,0.0375727,92576,0,0.1,0,0.2,0.328699,109408,0,0.1,0,0.169231,0.469519,92576,0.0416667,0.0402145,21040,0,0.1,0,0,0.1,0,0,0.1,0,0,0.1,0,0.136752,0.154916,67328,0.0230769,0.507546,12624,0,0.1,0,0.0307692,0.911794,16832,0.115385,0.0467343,63120
101.1,0.403846,0.0380102,88368,0,0.1,0,0.192308,0.309177,105200,0,0.1,0,0.169231,0.448164,92576,0.0384615,0.0402145,21040,0,0.1,0,0,0.1,0,0,0.1,0,0,0.1,0,0.12963,0.147767,58912,0.025,0.507546,12624,0,0.1,0,0.025,0.917287,12624,0.133333,0.0511921,67328
101.2,0.4375,0.0380102,88368,0,0.1,0,0.233333,0.284363,117824,0,0.1,0,0.183333,0.447886,92576,0.0384615,0.0402145,21040,0,0.1,0,0,0.1,0,0,0.1,0,0,0.1,0,0.128205,0.138464,63120,0.0230769,0.507546,12624,0,0.1,0,0.0307692,0.920896,16832,0.130769,0.0490114,71536
101.3,0.384615,0.0373991,84160,0,0.1,0,0.215385,0.196835,117824,0,0.1,0,0.169231,0.447886,92576,0.0416667,0.0402145,21040,0,0.1,0,0,0.1,0,0,0.1,0,0,0.1,0,0.128205,0.138464,63120,0.0230769,0.507546,12624,0,0.1,0,0.0307692,0.885404,16832,0.115385,0.0489125,63120
101.4,0.365385,0.0386,79952,0,0.1,0,0.215385,0.167814,117824,0,0.1,0,0.169231,0.447886,92576,0.0307692,0.031342,16832,0,0.1,0,0,0.1,0,0,0.1,0,0,0.1,0,0.148148,0.134446,67328,0.0166667,0.500098,8416,0,0.1,0,0.0333333,0.885404,16832,0.158333,0.0609787,79952
101.5,0.458333,0.0402704,92576,0,0.1,0,0.225,0.148772,113616,0,0.1,0,0.175,0.449608,88368,0.0307692,0.031342,16832,0,0.1,0,0,0.1,0,0,0.1,0,0,0.1,0,0.128205,0.132066,63120,0.0153846,0.500098,8416,0,0.1,0,0.0307692,0.885404,16832,0.161538,0.0597242,88368
101.6,0.433962,0.0387635,96784,0,0.1,0,0.207692,0.148772,113616,0,0.1,0,0.161538,0.449608,88368,0.025,0.0203044,12624,0,0.1,0,0,0.1,0,0,0.1,0,0,0.1,0,0.135593,0.116137,67328,0.00769231,0.491608,4208,0,0.1,0,0.0307692,0.885404,16832,0.146154,0.0586009,79952
101.7,0.444444,0.0389161,100992,0,0.1,0,0.207692,0.130727,113616,0,0.1,0,0.153846,0.452334,84160,0.0153846,0.0260636,8416,0,0.1,0,0,0.1,0,0,0.1,0,0,0.1,0,0.155963,0.111445,71536,0.00833333,0.491608,4208,0,0.1,0,0.0333333,0.885404,16832,0.175,0.0618614,88368
101.8,0.48,0.0343479,100992,0,0.1,0,0.25,0.124145,126240,0,0.1,0,0.15,0.455531,75744,0.0153846,0.0260636,8416,0,0.1,0,0,0.1,0,0,0.1,0,0,0.1,0,0.142857,0.091248,71536,0.00769231,0.491608,4208,0,0.1,0,0.0307692,0.885404,16832,0.161538,0.0620807,88368
101.9,0.4,0.0362276,92576,0,0.1,0,0.253846,0.115826,138864,0,0.1,0,0.130769,0.45598,71536,0.0166667,0.0260636,8416,0,0.1,0,0,0.1,0,0,0.1,0,0,0.1,0,0.133333,0.0873607,67328,0.00769231,0.491608,4208,0,0.1,0,0.0307692,0.80096,16832,0.176923,0.0624104,96784
102,0.410714,0.0426931,96784,0,0.1,0,0.246154,0.102941,134656,0,0.1,0,0.115385,0.45007,63120,0.00769231,0.0197334,4208,0,0.1,0,0,0.1,0,0,0.1,0,0,0.1,0,0.135135,0.0833101,63120,0.00833333,0.491608,4208,0,0.1,0,0.0416667,0.738616,21040,0.183333,0.0649851,92576
102.1,0.442308,0.0433565,96784,0,0.1,0,0.266667,0.0860808,134656,0,0.1,0,0.116667,0.449296,58912,0.00769231,0.0197334,4208,0,0.1,0,0,0.1,0,0,0.1,0,0,0.1,0,0.115702,0.0600645,58912,0.00769231,0.491608,4208,0,0.1,0,0.0384615,0.738616,21040,0.169231,0.0652021,92576
102.2,0.403509,0.0422724,96784,0,0.1,0,0.253846,0.0835146,138864,0,0.1,0,0.0923077,0.446506,50496,0.00833333,0.0197334,4208,0,0.1,0,0,0.1,0,0,0.1,0,0,0.1,0,0.114754,0.0600645,58912,0.00769231,0.491608,4208,0,0.1,0,0.0307692,0.698197,16832,0.138462,0.069656,75744
102.3,0.413793,0.0432278,100992,0,0.1,0,0.238462,0.0699896,130448,0,0.1,0,0.1,0.44897,54704,0,0.1,0,0,0.1,0,0,0.1,0,0,0.1,0,0,0.1,0,0.141593,0.0568741,67328,0.00833333,0.491608,4208,0,0.1,0,0.0333333,0.698197,16832,0.15,0.069656,75744
102.4,0.425926,0.0460392,96784,0,0.1,0,0.258333,0.0414004,130448,0,0.1,0,0.075,0.449362,37872,0,0.1,0,0,0.1,0,0,0.1,0,0,0.1,0,0,0.1,0,0.146341,0.0565881,75744,0.00769231,0.491608,4208,0,0.1,0,0.0307692,0.698197,16832,0.138462,0.069656,75744
102.5,0.389831,0.0456511,96784,0,0.1,0,0.246154,0.0411896,134656,0,0.1,0,0.0692308,0.455492,37872,0,0.1,0,0,0.1,0,0,0.1,0,0,0.1,0,0,0.1,0,0.145161,0.0585323,75744,0,0.1,0,0,0.1,0,0.0461538,0.61501,25248,0.123077,0.0740762,67328
102.6,0.366667,0.0507505,92576,0,0.1,0,0.230769,0.0422064,126240,0,0.1,0,0.0615385,0.451653,33664,0,0.1,0,0,0.1,0,0,0.1,0,0,0.1,0,0,0.1,0,0.147826,0.0581784,71536,0,0.1,0,0,0.1,0,0.05,0.61501,25248,0.133333,0.0740762,67328
102.7,0.428571,0.0540468,100992,0,0.1,0,0.241667,0.0430443,122032,0,0.1,0,0.0666667,0.451653,33664,0,0.1,0,0,0.1,0,0,0.1,0,0,0.1,0,0,0.1,0,0.128,0.0568613,67328,0,0.1,0,0,0.1,0,0.0461538,0.61501,25248,0.115385,0.0753406,63120
102.8,0.360656,0.0548663,92576,0,0.1,0,0.215385,0.0451258,117824,0,0.1,0,0.0461538,0.44756,25248,0,0.1,0,0,0.1,0,0,0.1,0,0,0.1,0,0,0.1,0,0.126984,0.0568613,67328,0,0.1,0,0,0.1,0,0.0538462,0.569021,29456,0.107692,0.0764425,58912
102.9,0.370968,0.0632871,96784,0,0.1,0,0.2,0.0496883,109408,0,0.1,0,0.0538462,0.449034,29456,0.00769231,0.0352933,4208,0,0.1,0,0,0.1,0,0,0.1,0,0,0.1,0,0.119658,0.0452992,58912,0,0.1,0,0,0.1,0,0.0666667,0.544684,33664,0.116667,0.0764425,58912
103,0.396552,0.0632871,96784,0,0.1,0,0.233333,0.0561382,117824,0,0.1,0,0.0583333,0.450612,29456,0.0153846,0.0799071,8416,0,0.1,0,0,0.1,0,0,0.1,0,0,0.1,0,0.110236,0.0452992,58912,0,0.1,0,0,0.1,0,0.0769231,0.5063,42080,0.1,0.0732412,54704
103.1,0.396825,0.0737286,105200,0,0.1,0,0.207692,0.0626681,113616,0,0.1,0,0.0538462,0.455924,29456,0.0333333,0.0641147,16832,0.0208333,0.545894,4208,0,0.1,0,0,0.1,0,0,0.1,0,0.101562,0.048151,54704,0,0.1,0,0.0188679,0.255869,8416,0.0769231,0.452884,42080,0.0923077,0.078168,50496
103.2,0.390625,0.0737286,105200,0,0.1,0,0.207692,0.069159,113616,0,0.1,0,0.0538462,0.455924,29456,0.0307692,0.0641147,16832,0.0192308,0.545894,4208,0,0.1,0,0,0.1,0,0,0.1,0,0.109244,0.048151,54704,0,0.1,0,0.0206186,0.255869,8416,0.0916667,0.398123,46288,0.1,0.078168,50496
103.3,0.433333,0.0724142,109408,0,0.1,0,0.225,0.070347,113616,0,0.1,0,0.0583333,0.455924,29456,0.0307692,0.0641147,16832,0.0192308,0.545894,4208,0,0.1,0,0,0.1,0,0,0.1,0,0.0930233,0.0459824,50496,0,0.1,0,0.0285714,0.218322,12624,0.0846154,0.398123,46288,0.0615385,0.0641387,33664
103.4,0.353846,0.075227,96784,0,0.1,0,0.223077,0.0672163,122032,0,0.1,0,0.0615385,0.4603,33664,0.0416667,0.0659422,21040,0.0208333,0.545894,4208,0,0.1,0,0,0.1,0,0,0.1,0,0.0923077,0.0459824,50496,0,0.1,0,0.0384615,0.24041,16832,0.0846154,0.398123,46288,0.0461538,0.0695828,25248
103.5,0.307692,0.0843305,84160,0,0.1,0,0.223077,0.0672163,122032,0,0.1,0,0.0692308,0.456403,37872,0.0384615,0.0659422,21040,0.0192308,0.545894,4208,0,0.1,0,0,0.1,0,0,0.1,0,0.0833333,0.0407721,42080,0,0.1,0,0.0416667,0.24041,16832,0.0916667,0.398123,46288,0.05,0.0695828,25248
103.6,0.333333,0.100175,84160,0,0.1,0,0.25,0.0670769,126240,0,0.1,0,0.075,0.455461,37872,0.0384615,0.0659422,21040,0.0384615,0.550655,8416,0,0.1,0,0,0.1,0,0,0.1,0,0.0692308,0.0412612,37872,0,0.1,0,0.0384615,0.24041,16832,0.0846154,0.398123,46288,0.0307692,0.0579559,16832
103.7,0.292308,0.108404,79952,0,0.1,0,0.207692,0.067318,113616,0,0.1,0,0.0846154,0.459552,46288,0.0416667,0.0659422,21040,0.0416667,0.550655,8416,0,0.1,0,0,0.1,0,0,0.1,0,0.0538462,0.0415431,29456,0,0.1,0,0.0384615,0.24041,16832,0.0846154,0.398123,46288,0.0230769,0.0595306,12624
103.8,0.338462,0.129072,92576,0,0.1,0,0.192308,0.0749303,105200,0,0.1,0,0.0846154,0.459552,46288,0.0461538,0.0638274,25248,0.0576923,0.55543,12624,0,0.1,0,0,0.1,0,0,0.1,0,0.0583333,0.0415431,29456,0,0.1,0,0.0520833,0.269391,21040,0.0833333,0.377947,42080,0.00833333,0.0468465,4208
103.9,0.366667,0.138338,92576,0,0.1,0,0.208333,0.0749303,105200,0,0.1,0,0.0916667,0.459552,46288,0.0461538,0.0638274,25248,0.0576923,0.55543,12624,0,0.1,0,0,0.1,0,0,0.1,0,0.0538462,0.0415431,29456,0,0.1,0,0.0480769,0.269391,21040,0.0692308,0.365581,37872,0.00769231,0.0468465,4208
104,0.369231,0.146404,100992,0,0.1,0,0.207692,0.0708817,113616,0,0.1,0,0.0923077,0.460644,50496,0.0583333,0.0630009,29456,0.0625,0.55543,12624,0,0.1,0,0,0.1,0,0,0.1,0,0.0384615,0.0523098,21040,0,0.1,0,0.0480769,0.269391,21040,0.0769231,0.397492,42080,0,0.1,0
104.1,0.353846,0.150822,96784,0,0.1,0,0.192308,0.0716859,105200,0,0.1,0,0.107692,0.459896,58912,0.0615385,0.0576907,33664,0.0576923,0.55543,12624,0,0.1,0,0,0.1,0,0,0.1,0,0.0416667,0.0523098,21040,0,0.1,0,0.0520833,0.269391,21040,0.0916667,0.409159,46288,0,0.1,0
104.2,0.416667,0.159943,105200,0,0.1,0,0.208333,0.0748906,105200,0,0.1,0,0.116667,0.456793,58912,0.0615385,0.0576907,33664,0.0576923,0.55543,12624,0,0.1,0,0,0.1,0,0,0.1,0,0.0230769,0.0641552,12624,0,0.1,0,0.0576923,0.282524,25248,0.0923077,0.419256,50496,0,0.1,0
104.3,0.384615,0.162788,105200,0,0.1,0,0.176923,0.0764001,96784,0,0.1,0,0.123077,0.459028,67328,0.0666667,0.0576907,33664,0.0833333,0.552133,16832,0,0.1,0,0,0.1,0,0,0.1,0,0.00769231,0.0838657,4208,0,0.1,0,0.0576923,0.282524,25248,0.0923077,0.419256,50496,0,0.1,0
104.4,0.369231,0.168664,100992,0,0.1,0,0.161538,0.0801683,88368,0,0.1,0,0.115385,0.460721,63120,0.0692308,0.0545302,37872,0.0961538,0.530907,21040,0,0.1,0,0,0.1,0,0,0.1,0,0,0.1,0,0,0.1,0,0.0625,0.282524,25248,0.0916667,0.434309,46288,0,0.1,0
104.5,0.45,0.17436,113616,0,0.1,0,0.175,0.0801683,88368,0,0.1,0,0.125,0.460721,63120,0.0692308,0.0545302,37872,0.0961538,0.530907,21040,0,0.1,0,0,0.1,0,0,0.1,0,0,0.1,0,0,0.1,0,0.0673077,0.286618,29456,0.0846154,0.434309,46288,0,0.1,0
104.6,0.4,0.181872,109408,0,0.1,0,0.161538,0.0801683,88368,0,0.1,0,0.130769,0.457978,71536,0.0833333,0.0644234,42080,0.145833,0.51381,29456,0,0.1,0,0,0.1,0,0,0.1,0,0,0.1,0,0,0.1,0,0.0673077,0.286618,29456,0.0846154,0.434309,46288,0,0.1,0
104.7,0.415385,0.185022,113616,0,0.1,0,0.153846,0.0776553,84160,0,0.1,0,0.130769,0.457978,71536,0.0769231,0.0644234,42080,0.134615,0.51381,29456,0,0.1,0,0,0.1,0,0,0.1,0,0,0.1,0,0,0.1,0,0.0729167,0.286618,29456,0.0916667,0.47154,46288,0,0.1,0
104.8,0.433333,0.189735,109408,0,0.1,0,0.158333,0.0741687,79952,0,0.1,0,0.133333,0.457984,67328,0.0769231,0.0721967,42080,0.153846,0.504948,33664,0,0.1,0,0,0.1,0,0,0.1,0,0,0.1,0,0,0.1,0,0.0673077,0.286618,29456,0.0769231,0.481262,42080,0,0.1,0
104.9,0.446154,0.188816,122032,0,0.1,0,0.130769,0.0664253,71536,0,0.1,0,0.123077,0.459013,67328,0.0916667,0.0590099,46288,0.166667,0.504948,33664,0,0.1,0,0,0.1,0,0,0.1,0,0,0.1,0,0,0.1,0,0.0673077,0.286618,29456,0.0615385,0.513386,33664,0,0.1,0
105,0.415385,0.188447,113616,0,0.1,0,0.115385,0.051755,63120,0,0.1,0,0.115385,0.458427,63120,0.0923077,0.0550674,50496,0.134615,0.499099,29456,0,0.1,0,0,0.1,0,0,0.1,0,0,0.1,0,0,0.1,0,0.0625,0.317408,25248,0.0583333,0.529932,29456,0,0.1,0
105.1,0.516667,0.192992,130448,0,0.1,0,0.1,0.0427206,50496,0,0.1,0,0.15,0.447038,75744,0.0923077,0.0550674,50496,0.134615,0.499099,29456,0,0.1,0,0,0.1,0,0,0.1,0,0,0.1,0,0,0.1,0,0.0769231,0.329987,33664,0.0384615,0.617415,21040,0,0.1,0
105.2,0.507692,0.192514,138864,0,0.1,0,0.0846154,0.0432608,46288,0,0.1,0,0.146154,0.449063,79952,0.108333,0.0535403,54704,0.166667,0.502594,33664,0,0.1,0,0,0.1,0,0,0.1,0,0,0.1,0,0,0.1,0,0.0673077,0.356667,29456,0.0384615,0.617415,21040,0.0153846,0.467915,8416
105.3,0.523077,0.190828,143072,0,0.1,0,0.0692308,0.0473294,37872,0,0.1,0,0.153846,0.448946,84160,0.1,0.0588564,54704,0.173077,0.503961,37872,0,0.1,0,0,0.1,0,0,0.1,0,0,0.1,0,0,0.1,0,0.0625,0.364999,25248,0.0416667,0.617415,21040,0.0166667,0.467915,8416
105.4,0.583333,0.189945,147280,0,0.1,0,0.075,0.0473294,37872,0,0.1,0,0.183333,0.445869,92576,0.1,0.0588564,54704,0.192308,0.506393,42080,0,0.1,0,0,0.1,0,0,0.1,0,0,0.1,0,0,0.1,0,0.0576923,0.364999,25248,0.0384615,0.617415,21040,0.0153846,0.467915,8416
105.5,0.523077,0.188697,143072,0,0.1,0,0.0538462,0.0510473,29456,0,0.1,0,0.192308,0.446234,105200,0.125,0.0615976,63120,0.1875,0.500946,37872,0,0.1,0,0,0.1,0,0,0.1,0,0,0.1,0,0,0.1,0,0.0576923,0.364999,25248,0.0384615,0.617415,21040,0.0153846,0.467915,8416
105.6,0.507692,0.190375,138864,0,0.1,0,0.0538462,0.0510473,29456,0,0.1,0,0.192308,0.444218,105200,0.123077,0.0646046,67328,0.173077,0.500946,37872,0,0.1,0,0,0.1,0,0,0.1,0,0,0.1,0,0,0.1,0,0.0625,0.364999,25248,0.0416667,0.617415,21040,0.0166667,0.467915,8416
105.7,0.516667,0.184324,130448,0,0.1,0,0.05,0.0339621,25248,0,0.1,0,0.208333,0.444218,105200,0.123077,0.066553,67328,0.153846,0.492942,33664,0,0.1,0,0,0.1,0,0,0.1,0,0,0.1,0,0,0.1,0,0.0480769,0.360936,21040,0.0461538,0.592248,25248,0.0307692,0.480316,16832
105.8,0.461538,0.181105,126240,0,0.1,0,0.0461538,0.0339621,25248,0,0.1,0,0.192308,0.444218,105200,0.141667,0.0682842,71536,0.166667,0.492942,33664,0,0.1,0,0,0.1,0,0,0.1,0,0,0.1,0,0,0.1,0,0.0480769,0.360936,21040,0.0538462,0.587022,29456,0.0307692,0.480316,16832
105.9,0.461538,0.174743,126240,0,0.1,0,0.0153846,0.051687,8416,0,0.1,0,0.184615,0.443033,100992,0.130769,0.0675378,71536,0.173077,0.492801,37872,0,0.1,0,0,0.1,0,0,0.1,0,0,0.1,0,0,0.1,0,0.0520833,0.360936,21040,0.05,0.570744,25248,0.0333333,0.480316,16832
106,0.533333,0.167363,134656,0,0.1,0,0.00833333,0.0857003,4208,0,0.1,0,0.191667,0.444466,96784,0.123077,0.0704765,67328,0.173077,0.492801,37872,0,0.1,0,0,0.1,0,0,0.1,0,0,0.1,0,0,0.1,0,0.0480769,0.360936,21040,0.0384615,0.579727,21040,0.0384615,0.481347,21040
106.1,0.507692,0.14803,138864,0,0.1,0,0,0.1,0,0,0.1,0,0.192308,0.448922,105200,0.141667,0.068552,71536,0.1875,0.492801,37872,0,0.1,0,0,0.1,0,0,0.1,0,0,0.1,0,0,0.1,0,0.0480769,0.313874,21040,0.0307692,0.592077,16832,0.0384615,0.481347,21040
106.2,0.492308,0.147482,134656,0,0.1,0,0,0.1,0,0,0.1,0,0.2,0.446237,109408,0.130769,0.068552,71536,0.153846,0.486621,33664,0,0.1,0,0,0.1,0,0,0.1,0,0,0.1,0,0,0.1,0,0.0520833,0.313874,21040,0.0333333,0.592077,16832,0.0416667,0.481347,21040
106.3,0.55,0.143513,138864,0,0.1,0,0,0.1,0,0,0.1,0,0.233333,0.438356,117824,0.130769,0.0709174,71536,0.134615,0.492424,29456,0,0.1,0,0,0.1,0,0,0.1,0,0,0.1,0,0,0.1,0,0.0576923,0.29421,25248,0.0307692,0.556679,16832,0.0384615,0.481347,21040
106.4,0.446154,0.137802,122032,0,0.1,0,0,0.1,0,0,0.1,0,0.223077,0.43986,122032,0.141667,0.0709174,71536,0.145833,0.492424,29456,0,0.1,0,0,0.1,0,0,0.1,0,0,0.1,0,0,0.1,0,0.0480769,0.290816,21040,0.0384615,0.541337,21040,0.0384615,0.481347,21040
106.5,0.430769,0.135524,117824,0,0.1,0,0,0.1,0,0,0.1,0,0.230769,0.443222,126240,0.130769,0.068428,71536,0.0961538,0.500966,21040,0,0.1,0,0,0.1,0,0,0.1,0,0.0166667,0.041622,8416,0,0.1,0,0.0520833,0.290816,21040,0.05,0.539291,25248,0.05,0.488903,25248
106.6,0.483333,0.124892,122032,0,0.1,0,0,0.1,0,0,0.1,0,0.25,0.443222,126240,0.130769,0.068428,71536,0.113208,0.504567,25248,0,0.1,0,0,0.1,0,0,0.1,0,0.0153846,0.041622,8416,0,0.1,0,0.0471698,0.290816,21040,0.0384615,0.506623,21040,0.0461538,0.488903,25248
106.7,0.430769,0.122256,117824,0,0.1,0,0,0.1,0,0,0.1,0,0.238462,0.444599,130448,0.133333,0.0656407,67328,0.102041,0.516897,21040,0,0.1,0,0,0.1,0,0,0.1,0,0.0153846,0.041622,8416,0,0.1,0,0.0462963,0.290816,21040,0.0384615,0.506623,21040,0.0461538,0.488903,25248
106.8,0.430769,0.109135,117824,0,0.1,0,0,0.1,0,0,0.1,0,0.238462,0.445854,130448,0.115385,0.0836199,63120,0.0925926,0.516897,21040,0,0.1,0,0,0.1,0,0,0.1,0,0.0166667,0.041622,8416,0,0.1,0,0.06,0.332839,25248,0.0416667,0.506623,21040,0.05,0.488903,25248
106.9,0.533333,0.100045,134656,0,0.1,0,0,0.1,0,0,0.1,0,0.258333,0.445854,130448,0.0923077,0.0954961,50496,0.109091,0.496193,25248,0,0.1,0,0,0.1,0,0,0.1,0,0.0307692,0.0523777,16832,0,0.1,0,0.0454545,0.317435,21040,0.0384615,0.506623,21040,0.0461538,0.488903,25248
107,0.476923,0.0774314,130448,0,0.1,0,0,0.1,0,0,0.1,0,0.223077,0.45325,122032,0.1,0.0954961,50496,0.117647,0.496193,25248,0,0.1,0,0,0.1,0,0,0.1,0,0.0307692,0.0523777,16832,0,0.1,0,0.0267857,0.283909,12624,0.0384615,0.506623,21040,0.0461538,0.488903,25248
107.1,0.430769,0.071093,117824,0,0.1,0,0,0.1,0,0,0.1,0,0.223077,0.451453,122032,0.0846154,0.100976,46288,0.0892857,0.490019,21040,0,0.1,0,0,0.1,0,0,0.1,0,0.0416667,0.0522482,21040,0,0.1,0,0.0288462,0.283909,12624,0.0416667,0.506623,21040,0.0416667,0.529002,21040
107.2,0.466667,0.0691459,117824,0,0.1,0,0,0.1,0,0,0.1,0,0.225,0.450166,113616,0.0769231,0.0968377,42080,0.0701754,0.483801,16832,0,0.1,0,0,0.1,0,0,0.1,0,0.0384615,0.0522482,21040,0,0.1,0,0.0263158,0.283909,12624,0.0461538,0.510683,25248,0.0384615,0.529002,21040
107.3,0.492308,0.0621092,134656,0,0.1,0,0,0.1,0,0,0.1,0,0.207692,0.456155,113616,0.0916667,0.0890135,46288,0.0754717,0.489153,16832,0,0.1,0,0,0.1,0,0,0.1,0,0.0384615,0.0522482,21040,0,0.1,0,0.0258621,0.283909,12624,0.0461538,0.510683,25248,0.0461538,0.55767,25248
107.4,0.507692,0.0554018,138864,0,0.1,0,0,0.1,0,0,0.1,0,0.192308,0.458993,105200,0.0692308,0.0911464,37872,0.0689655,0.489153,16832,0,0.1,0,0,0.1,0,0,0.1,0,0.0416667,0.0522482,21040,0,0.1,0,0.0277778,0.283909,12624,0.05,0.510683,25248,0.0583333,0.575628,29456
107.5,0.55,0.0554018,138864,0,0.1,0,0,0.1,0,0,0.1,0,0.2,0.456917,100992,0.0615385,0.0888259,33664,0.0677966,0.489153,16832,0,0.1,0,0,0.1,0,0,0.1,0,0.0384615,0.0522482,21040,0,0.1,0,0.0254237,0.283909,12624,0.0461538,0.510683,25248,0.0615385,0.601187,33664
107.6,0.492308,0.0494325,134656,0,0.1,0,0,0.1,0,0,0.1,0,0.2,0.454123,109408,0.075,0.0818074,37872,0.0727273,0.489153,16832,0,0.1,0,0,0.1,0,0,0.1,0,0.0384615,0.0522482,21040,0,0.1,0,0.025,0.283909,12624,0.0538462,0.505671,29456,0.0538462,0.656147,29456
107.7,0.476923,0.0464751,130448,0,0.1,0,0,0.1,0,0,0.1,0,0.223077,0.454186,122032,0.0615385,0.0800354,33664,0.0666667,0.489153,16832,0,0.1,0,0,0.1,0,0,0.1,0,0.0416667,0.0522482,21040,0,0.1,0,0.0267857,0.283909,12624,0.05,0.497338,25248,0.0583333,0.656147,29456
107.8,0.516667,0.0370333,130448,0,0.1,0,0,0.1,0,0,0.1,0,0.241667,0.454186,122032,0.0538462,0.0849898,29456,0.0655738,0.479439,16832,0,0.1,0,0,0.1,0,0,0.1,0,0.0384615,0.0522482,21040,0,0.1,0,0.0245902,0.283909,12624,0.0615385,0.487105,33664,0.0615385,0.674821,33664
107.9,0.476923,0.0341951,130448,0,0.1,0,0,0.1,0,0,0.1,0,0.230769,0.454879,126240,0.0666667,0.0860726,33664,0.0877193,0.492214,21040,0,0.1,0,0,0.1,0,0,0.1,0,0.0538462,0.0659482,29456,0,0.1,0,0.0241935,0.283909,12624,0.0615385,0.487105,33664,0.0538462,0.701871,29456
108,0.430769,0.0384129,117824,0,0.1,0,0,0.1,0,0,0.1,0,0.207692,0.452257,113616,0.0692308,0.0748201,37872,0.0967742,0.505862,25248,0,0.1,0,0,0.1,0,0,0.1,0,0.0666667,0.0623686,33664,0,0.1,0,0.0172414,0.369422,8416,0.075,0.494682,37872,0.0583333,0.701871,29456
108.1,0.5,0.0378224,126240,0,0.1,0,0,0.1,0,0,0.1,0,0.216667,0.451334,109408,0.0692308,0.0748201,37872,0.0952381,0.505862,25248,0,0.1,0,0,0.1,0,0,0.1,0,0.0846154,0.0482534,46288,0,0.1,0,0.015873,0.369422,8416,0.0846154,0.49076,46288,0.0615385,0.727463,33664
108.2,0.446154,0.0385581,122032,0,0.1,0,0.00769231,0.0679533,4208,0,0.1,0,0.2,0.45825,109408,0.075,0.0767343,37872,0.118644,0.510088,29456,0,0.1,0,0,0.1,0,0,0.1,0,0.0846154,0.0482534,46288,0,0.1,0,0.0078125,0.542956,4208,0.0769231,0.489635,42080,0.0769231,0.73906,42080
108.3,0.492308,0.0428426,134656,0,0.1,0,0.00769231,0.0679533,4208,0,0.1,0,0.192308,0.457301,105200,0.0692308,0.0767343,37872,0.109375,0.510088,29456,0,0.1,0,0,0.1,0,0,0.1,0,0.0916667,0.0482534,46288,0,0.1,0,0.00833333,0.542956,4208,0.0916667,0.458384,46288,0.0833333,0.73906,42080
108.4,0.533333,0.0428426,134656,0,0.1,0,0.0333333,0.0382294,16832,0,0.1,0,0.2,0.451907,100992,0.0615385,0.0724332,33664,0.107692,0.510088,29456,0,0.1,0,0,0.1,0,0,0.1,0,0.0692308,0.0497271,37872,0,0.1,0,0.00769231,0.542956,4208,0.0769231,0.451317,42080,0.0692308,0.762657,37872
108.5,0.476923,0.0417385,130448,0,0.1,0,0.0384615,0.0378971,21040,0,0.1,0,0.192308,0.452251,105200,0.0666667,0.0724332,33664,0.116667,0.515663,29456,0,0.1,0,0,0.1,0,0,0.1,0,0.0692308,0.0497271,37872,0,0.1,0,0.00769231,0.542956,4208,0.0769231,0.451317,42080,0.0769231,0.762702,42080
108.6,0.476923,0.0417385,130448,0,0.1,0,0.0384615,0.0378971,21040,0,0.1,0,0.223077,0.449921,122032,0.0615385,0.0724332,33664,0.123077,0.521385,33664,0,0.1,0,0,0.1,0,0,0.1,0,0.075,0.0497271,37872,0,0.1,0,0.00833333,0.542956,4208,0.0833333,0.451317,42080,0.0833333,0.762702,42080
108.7,0.466667,0.0399554,117824,0,0.1,0,0.0416667,0.0378971,21040,0.00833333,0.0911384,4208,0.241667,0.450115,122032,0.0538462,0.0462508,29456,0.123077,0.521385,33664,0,0.1,0,0,0.1,0,0,0.1,0,0.0692308,0.0497271,37872,0,0.1,0,0,0.1,0,0.0769231,0.451317,42080,0.0769231,0.762702,42080
108.8,0.369231,0.040545,100992,0,0.1,0,0.0538462,0.0345313,29456,0.00769231,0.0911384,4208,0.238462,0.446099,130448,0.0583333,0.0462508,29456,0.116667,0.539773,29456,0,0.1,0,0,0.1,0,0,0.1,0,0.0615385,0.0408108,33664,0,0.1,0,0,0.1,0,0.0769231,0.451317,42080,0.0846154,0.749309,46288
108.9,0.323077,0.0418787,88368,0,0.1,0,0.0692308,0.0323256,37872,0.00769231,0.0911384,4208,0.246154,0.444332,134656,0.0538462,0.0462508,29456,0.107692,0.539773,29456,0,0.1,0,0,0.1,0,0,0.1,0,0.0666667,0.0408108,33664,0,0.1,0,0,0.1,0,0.0833333,0.451317,42080,0.1,0.710844,50496
109,0.35,0.0418787,88368,0,0.1,0,0.1,0.0389678,50496,0.0166667,0.088776,8416,0.266667,0.442787,134656,0.0538462,0.0462508,29456,0.107692,0.539773,29456,0,0.1,0,0,0.1,0,0,0.1,0,0.0615385,0.0399964,33664,0,0.1,0,0,0.1,0,0.0769231,0.451317,42080,0.0923077,0.675034,50496
109.1,0.323077,0.0455243,88368,0,0.1,0,0.115385,0.0358987,63120,0.0153846,0.088776,8416,0.276923,0.438671,151488,0.0583333,0.0462508,29456,0.116667,0.539773,29456,0,0.1,0,0,0.1,0,0,0.1,0,0.0615385,0.0399964,33664,0,0.1,0,0,0.1,0,0.0692308,0.442465,37872,0.1,0.642396,54704
109.2,0.261538,0.0500752,71536,0,0.1,0,0.115385,0.0358987,63120,0.0153846,0.088776,8416,0.269231,0.434319,147280,0.0461538,0.052164,25248,0.0923077,0.53812,25248,0,0.1,0,0,0.1,0,0,0.1,0,0.075,0.0379703,37872,0,0.1,0,0,0.1,0,0.075,0.442465,37872,0.108333,0.610363,54704
109.3,0.266667,0.0587557,67328,0,0.1,0,0.15,0.0408934,75744,0.0166667,0.088776,8416,0.291667,0.432849,147280,0.0461538,0.052164,25248,0.0923077,0.53812,25248,0,0.1,0,0,0.1,0,0,0.1,0,0.0692308,0.0379703,37872,0,0.1,0,0,0.1,0,0.0692308,0.442465,37872,0.107692,0.555203,58912
109.4,0.246154,0.0587557,67328,0,0.1,0,0.169231,0.0426122,92576,0.0153846,0.088776,8416,0.261538,0.433912,143072,0.05,0.052164,25248,0.1,0.53812,25248,0,0.1,0,0,0.1,0,0,0.1,0,0.0692308,0.0379703,37872,0,0.1,0,0,0.1,0,0.0692308,0.442465,37872,0.1,0.537903,54704
109.5,0.230769,0.0617692,63120,0,0.1,0,0.184615,0.040664,100992,0.0230769,0.144835,12624,0.253846,0.433884,138864,0.0307692,0.0507246,16832,0.0923077,0.53812,25248,0,0.1,0,0,0.1,0,0,0.1,0,0.0833333,0.0354915,42080,0,0.1,0,0,0.1,0,0.0583333,0.43431,29456,0.116667,0.48109,58912
109.6,0.25,0.0617692,63120,0,0.1,0,0.208333,0.0416454,105200,0.025,0.144835,12624,0.258333,0.433736,130448,0.0307692,0.0507246,16832,0.0923077,0.53812,25248,0,0.1,0,0,0.1,0,0,0.1,0,0.0846154,0.0338151,46288,0,0.1,0,0,0.1,0,0.0538462,0.43431,29456,0.123077,0.449064,67328
109.7,0.184615,0.0712624,50496,0,0.1,0,0.207692,0.0400079,113616,0.0230769,0.144835,12624,0.246154,0.434408,134656,0.0333333,0.0507246,16832,0.0833333,0.555179,21040,0,0.1,0,0,0.1,0,0,0.1,0,0.0846154,0.0338151,46288,0,0.1,0,0,0.1,0,0.0384615,0.425473,21040,0.115385,0.425299,63120
109.8,0.153846,0.0829806,42080,0,0.1,0,0.215385,0.0415527,117824,0.0230769,0.144835,12624,0.246154,0.43229,134656,0.0230769,0.0364154,12624,0.0615385,0.558146,16832,0,0.1,0,0,0.1,0,0,0.1,0,0.075,0.0190632,37872,0,0.1,0,0,0.1,0,0.0416667,0.425473,21040,0.133333,0.411014,67328
109.9,0.15,0.076674,37872,0,0.1,0,0.241667,0.0430433,122032,0.025,0.144835,12624,0.291667,0.431371,147280,0.00769231,0.0866857,4208,0.0461538,0.552827,12624,0,0.1,0,0,0.1,0,0,0.1,0,0.0615385,0.0167822,33664,0,0.1,0,0,0.1,0,0.0307692,0.393015,16832,0.123077,0.411014,67328
110,0.107692,0.0901364,29456,0,0.1,0,0.246154,0.040273,134656,0.0230769,0.144835,12624,0.276923,0.426716,151488,0.00833333,0.0866857,4208,0.05,0.552827,12624,0,0.1,0,0,0.1,0,0,0.1,0,0.0384615,0.0204838,21040,0,0.1,0,0,0.1,0,0.0153846,0.312922,8416,0.123077,0.365462,67328
110.1,0.107692,0.0901364,29456,0,0.1,0,0.253846,0.0373298,138864,0.0230769,0.144835,12624,0.269231,0.423569,147280,0,0.1,0,0.0307692,0.56152,8416,0,0.1,0,0,0.1,0,0,0.1,0,0.05,0.0228116,25248,0,0.1,0,0,0.1,0,0.0166667,0.312922,8416,0.116667,0.305465,58912
110.2,0.0666667,0.0945439,16832,0,0.1,0,0.283333,0.0378136,143072,0.025,0.144835,12624,0.316667,0.415799,159904,0,0.1,0,0.0307692,0.56152,8416,0,0.1,0,0,0.1,0,0,0.1,0,0.0461538,0.0228116,25248,0,0.1,0,0,0.1,0,0,0.1,0,0.115385,0.289941,63120
110.3,0.0615385,0.0945439,16832,0,0.1,0,0.261538,0.0380663,143072,0.0230769,0.144835,12624,0.323077,0.400526,176736,0,0.1,0,0.0333333,0.56152,8416,0,0.1,0,0,0.1,0,0,0.1,0,0.0461538,0.0228116,25248,0,0.1,0,0,0.1,0,0,0.1,0,0.123077,0.279514,67328
110.4,0.0615385,0.120288,16832,0,0.1,0,0.253846,0.0381117,138864,0.0230769,0.144835,12624,0.346154,0.392188,189360,0,0.1,0,0.0153846,0.561443,4208,0,0.1,0,0,0.1,0,0,0.1,0,0.05,0.0228116,25248,0,0.1,0,0,0.1,0,0,0.1,0,0.125,0.247275,63120
110.5,0.0666667,0.120288,16832,0,0.1,0,0.291667,0.0399437,147280,0.025,0.144835,12624,0.341667,0.384706,172528,0,0.1,0,0,0.1,0,0,0.1,0,0,0.1,0,0,0.1,0,0.0461538,0.0228116,25248,0,0.1,0,0,0.1,0,0,0.1,0,0.115385,0.247275,63120
110.6,0.0615385,0.120288,16832,0.0285714,0.0367987,8416,0.292308,0.0392453,159904,0.0153846,0.171684,8416,0.315385,0.381493,172528,0,0.1,0,0,0.1,0,0,0.1,0,0,0.1,0,0,0.1,0,0.0461538,0.0228116,25248,0,0.1,0,0,0.1,0,0,0.1,0,0.115385,0.247275,63120
110.7,0.0615385,0.120288,16832,0.0266667,0.0367987,8416,0.284615,0.04147,155696,0.0153846,0.171684,8416,0.323077,0.374716,176736,0,0.1,0,0,0.1,0,0,0.1,0,0,0.1,0,0,0.1,0,0.05,0.0315923,25248,0,0.1,0,0,0.1,0,0,0.1,0,0.116667,0.220982,58912
110.8,0.0666667,0.120288,16832,0.0428571,0.0450267,12624,0.3,0.0434548,151488,0.0166667,0.171684,8416,0.333333,0.371387,168320,0,0.1,0,0,0.1,0,0,0.1,0,0,0.1,0,0,0.1,0,0.0461538,0.0315923,25248,0,0.1,0,0,0.1,0,0,0.1,0,0.107692,0.213731,58912
110.9,0.0615385,0.120288,16832,0.05,0.047745,16832,0.261538,0.042342,143072,0.00769231,0.256954,4208,0.307692,0.373459,168320,0,0.1,0,0,0.1,0,0,0.1,0,0,0.1,0,0,0.1,0,0.0384615,0.0288679,21040,0,0.1,0,0,0.1,0,0,0.1,0,0.107692,0.210917,58912
111,0.0461538,0.107978,12624,0.0470588,0.047745,16832,0.238462,0.0441536,130448,0.00769231,0.256954,4208,0.3,0.376549,164112,0.00769231,0.00480556,4208,0,0.1,0,0,0.1,0,0,0.1,0,0,0.1,0,0.0583333,0.0318555,29456,0,0.1,0,0,0.1,0,0,0.1,0,0.125,0.193581,63120
111.1,0.0333333,0.108658,8416,0.05,0.047745,16832,0.275,0.045331,138864,0.00833333,0.256954,4208,0.316667,0.37629,159904,0.00769231,0.00480556,4208,0,0.1,0,0,0.1,0,0,0.1,0,0,0.1,0,0.0461538,0.0335377,25248,0,0.1,0,0,0.1,0,0,0.1,0,0.107692,0.187082,58912
111.2,0.0153846,0.119978,4208,0.0666667,0.0912117,25248,0.238462,0.0425611,130448,0.00769231,0.256954,4208,0.284615,0.373165,155696,0.0166667,0.0107574,8416,0,0.1,0,0,0.1,0,0,0.1,0,0,0.1,0,0.0538462,0.0431043,29456,0,0.1,0,0,0.1,0,0,0.1,0,0.0923077,0.174803,50496
111.3,0.0153846,0.119978,4208,0.0736842,0.11575,29456,0.238462,0.0502622,130448,0.00769231,0.256954,4208,0.284615,0.373165,155696,0.0153846,0.0107574,8416,0,0.1,0,0,0.1,0,0,0.1,0,0,0.1,0,0.0666667,0.0406805,33664,0,0.1,0,0,0.1,0,0,0.1,0,0.1,0.174803,50496
111.4,0.0166667,0.119978,4208,0.111111,0.127321,42080,0.25,0.0533891,126240,0,0.1,0,0.3,0.372244,151488,0.0230769,0.00802428,12624,0,0.1,0,0,0.1,0,0,0.1,0,0,0.1,0,0.0692308,0.041057,37872,0,0.1,0,0,0.1,0,0,0.1,0,0.0846154,0.163765,46288
111.5,0.0153846,0.119978,4208,0.1,0.127321,42080,0.223077,0.0529818,122032,0,0.1,0,0.276923,0.369317,151488,0.025,0.00802428,12624,0,0.1,0,0,0.1,0,0,0.1,0,0,0.1,0,0.0615385,0.0440578,33664,0,0.1,0,0,0.1,0,0,0.1,0,0.0769231,0.1522,42080
111.6,0.0153846,0.119978,4208,0.104762,0.127689,46288,0.223077,0.0615601,122032,0,0.1,0,0.276923,0.368355,151488,0.0230769,0.00802428,12624,0,0.1,0,0,0.1,0,0,0.1,0,0,0.1,0,0.0666667,0.0440578,33664,0,0.1,0,0,0.1,0,0,0.1,0,0.0833333,0.1522,42080
111.7,0.0166667,0.119978,4208,0.13,0.128707,54704,0.25,0.0614367,126240,0,0.1,0,0.3,0.362604,151488,0.0384615,0.0430385,21040,0,0.1,0,0,0.1,0,0,0.1,0,0,0.1,0,0.0615385,0.0440578,33664,0,0.1,0,0,0.1,0,0,0.1,0,0.0769231,0.152089,42080
111.8,0.0153846,0.119978,4208,0.127273,0.131934,58912,0.223077,0.0606317,122032,0,0.1,0,0.261538,0.356785,143072,0.0666667,0.0479772,33664,0,0.1,0,0,0.1,0,0,0.1,0,0,0.1,0,0.0615385,0.0440578,33664,0,0.1,0,0,0.1,0,0,0.1,0,0.0846154,0.162463,46288
111.9,0.0153846,0.119978,4208,0.121739,0.131934,58912,0.207692,0.0672417,113616,0,0.1,0,0.253846,0.355783,138864,0.0615385,0.0479772,33664,0,0.1,0,0,0.1,0,0,0.1,0,0,0.1,0,0.0666667,0.0440578,33664,0,0.1,0,0,0.1,0,0,0.1,0,0.0916667,0.169928,46288
112,0.0166667,0.119978,4208,0.127273,0.131934,58912,0.216667,0.0710026,109408,0,0.1,0,0.266667,0.355506,134656,0.0615385,0.0479772,33664,0,0.1,0,0,0.1,0,0,0.1,0,0,0.1,0,0.0538462,0.0454303,29456,0,0.1,0,0,0.1,0,0,0.1,0,0.0923077,0.17521,50496
112.1,0.0153846,0.119978,4208,0.125,0.141623,63120,0.215385,0.0686349,117824,0,0.1,0,0.246154,0.35757,134656,0.0666667,0.0479772,33664,0,0.1,0,0,0.1,0,0,0.1,0,0,0.1,0,0.0538462,0.0454303,29456,0,0.1,0,0,0.1,0,0,0.1,0,0.0846154,0.184538,46288
112.2,0.0153846,0.119978,4208,0.144,0.15012,75744,0.207692,0.068874,113616,0,0.1,0,0.207692,0.371926,113616,0.0615385,0.0479772,33664,0,0.1,0,0,0.1,0,0,0.1,0,0,0.1,0,0.0833333,0.0404636,42080,0,0.1,0,0,0.1,0,0,0.1,0,0.0833333,0.19068,42080
112.3,0,0.1,0,0.158333,0.154833,79952,0.233333,0.0676644,117824,0,0.1,0,0.2,0.380501,100992,0.0615385,0.0479772,33664,0,0.1,0,0,0.1,0,0,0.1,0,0,0.1,0,0.0769231,0.0404636,42080,0,0.1,0,0,0.1,0,0,0.1,0,0.0846154,0.191157,46288
112.4,0,0.1,0,0.146154,0.154833,79952,0.223077,0.0659047,122032,0,0.1,0,0.184615,0.380838,100992,0.0666667,0.0479772,33664,0,0.1,0,0,0.1,0,0,0.1,0,0,0.1,0,0.08,0.0404636,42080,0,0.1,0,0,0.1,0,0,0.1,0,0.0846154,0.191157,46288
112.5,0,0.1,0,0.138462,0.171575,75744,0.215385,0.0688595,117824,0,0.1,0,0.176923,0.381389,96784,0.0692308,0.0476131,37872,0,0.1,0,0,0.1,0,0,0.1,0,0,0.1,0,0.0869565,0.0404636,42080,0,0.1,0,0,0.1,0,0,0.1,0,0.1,0.198766,50496
112.6,0,0.1,0,0.158333,0.175123,79952,0.25,0.0678926,126240,0,0.1,0,0.175,0.395119,88368,0.0692308,0.0476131,37872,0,0.1,0,0,0.1,0,0,0.1,0,0,0.1,0,0.075,0.0385268,37872,0,0.1,0,0,0.1,0,0,0.1,0,0.0923077,0.198766,50496
112.7,0,0.1,0,0.146154,0.18256,79952,0.238462,0.0643876,130448,0,0.1,0,0.176923,0.399481,96784,0.0833333,0.0471117,42080,0,0.1,0,0,0.1,0,0,0.1,0,0,0.1,0,0.0782609,0.0385268,37872,0,0.1,0,0,0.1,0,0,0.1,0,0.0846154,0.199906,46288
112.8,0,0.1,0,0.138462,0.189596,75744,0.230769,0.0648026,126240,0,0.1,0,0.176923,0.396811,96784,0.0769231,0.0471117,42080,0,0.1,0,0,0.1,0,0,0.1,0,0,0.1,0,0.0857143,0.0385268,37872,0,0.1,0,0,0.1,0,0.0192308,0.17365,8416,0.0833333,0.202066,42080
112.9,0,0.1,0,0.158333,0.190601,79952,0.258333,0.0643887,130448,0,0.1,0,0.191667,0.398086,96784,0.0692308,0.0518123,37872,0,0.1,0,0,0.1,0,0,0.1,0,0,0.1,0,0.0636364,0.0382989,29456,0,0.1,0,0,0.1,0,0.0178571,0.17365,8416,0.0615385,0.227379,33664
113,0,0.1,0,0.146154,0.190601,79952,0.230769,0.0629578,126240,0,0.1,0,0.192308,0.40312,105200,0.075,0.0518123,37872,0,0.1,0,0,0.1,0,0,0.1,0,0,0.1,0,0.0666667,0.0382989,29456,0,0.1,0,0,0.1,0,0.0181818,0.17365,8416,0.0615385,0.227379,33664
113.1,0,0.1,0,0.138462,0.194245,75744,0.230769,0.0651639,126240,0,0.1,0,0.2,0.4063,109408,0.0692308,0.0618686,37872,0,0.1,0,0,0.1,0,0,0.1,0,0,0.1,0,0.0631579,0.0279313,25248,0,0.1,0,0.02,0.130695,8416,0.03,0.190779,12624,0.0666667,0.227379,33664
113.2,0,0.1,0,0.158333,0.203928,79952,0.233333,0.0583001,117824,0,0.1,0,0.225,0.405759,113616,0.0692308,0.0618686,37872,0,0.1,0,0,0.1,0,0,0.1,0,0,0.1,0,0.05,0.0287748,21040,0,0.1,0,0.0185185,0.130695,8416,0.037037,0.18853,16832,0.0615385,0.227379,33664
113.3,0,0.1,0,0.123077,0.21323,67328,0.223077,0.0602805,122032,0,0.1,0,0.230769,0.404775,126240,0.0666667,0.0692824,33664,0,0.1,0,0,0.1,0,0,0.1,0,0,0.1,0,0.0315789,0.0288745,12624,0,0.1,0,0.0188679,0.130695,8416,0.0377358,0.18853,16832,0.0538462,0.229111,29456
113.4,0,0.1,0,0.130769,0.223316,71536,0.230769,0.0613267,126240,0,0.1,0,0.230769,0.405215,126240,0.0692308,0.0622453,37872,0,0.1,0,0,0.1,0,0,0.1,0,0,0.1,0,0.0352941,0.0288745,12624,0,0.1,0,0.0208333,0.130695,8416,0.0520833,0.200741,21040,0.05,0.238905,25248
113.5,0,0.1,0,0.133333,0.229062,67328,0.25,0.0542774,126240,0,0.1,0,0.258333,0.404926,130448,0.0692308,0.0622453,37872,0,0.1,0,0,0.1,0,0,0.1,0,0,0.1,0,0.0333333,0.0288745,12624,0,0.1,0,0.0192308,0.130695,8416,0.0480769,0.200741,21040,0.0461538,0.238905,25248
113.6,0,0.1,0,0.115385,0.25726,63120,0.230769,0.0509048,126240,0,0.1,0,0.238462,0.41065,130448,0.0666667,0.049116,33664,0,0.1,0,0,0.1,0,0,0.1,0,0,0.1,0,0.0352941,0.0288745,12624,0,0.1,0,0.0192308,0.130695,8416,0.0673077,0.167588,29456,0.0384615,0.247558,21040
113.7,0,0.1,0,0.115385,0.275437,63120,0.230769,0.0509048,126240,0,0.1,0,0.238462,0.413573,130448,0.0384615,0.0448606,21040,0,0.1,0,0,0.1,0,0,0.1,0,0,0.1,0,0.04,0.0288745,12624,0,0.1,0,0.0208333,0.130695,8416,0.0729167,0.167588,29456,0.0333333,0.242899,16832
113.8,0,0.1,0,0.125,0.275437,63120,0.258333,0.0504487,130448,0,0.1,0,0.241667,0.417055,122032,0.0384615,0.0448606,21040,0,0.1,0,0,0.1,0,0,0.1,0,0,0.1,0,0.0375,0.0288745,12624,0,0.1,0,0.0192308,0.130695,8416,0.0673077,0.167588,29456,0.0230769,0.237232,12624
113.9,0,0.1,0,0.123077,0.287168,67328,0.253846,0.0509098,138864,0,0.1,0,0.215385,0.416718,117824,0.05,0.0528435,25248,0,0.1,0,0,0.1,0,0,0.1,0,0,0.1,0,0.04,0.0288745,12624,0,0.1,0,0.0192308,0.130695,8416,0.0673077,0.167588,29456,0.0153846,0.239191,8416
114,0,0.1,0,0.123077,0.294667,67328,0.230769,0.0516844,126240,0,0.1,0,0.215385,0.425983,117824,0.0538462,0.0499706,29456,0,0.1,0,0,0.1,0,0,0.1,0,0,0.1,0,0.0461538,0.0288745,12624,0,0.1,0,0.0208333,0.130695,8416,0.0833333,0.163267,33664,0.0166667,0.239191,8416
114.1,0,0.1,0,0.108333,0.318221,54704,0.258333,0.0563861,130448,0,0.1,0,0.225,0.425084,113616,0.0538462,0.0499706,29456,0,0.1,0,0,0.1,0,0.0288462,0.132297,12624,0,0.1,0,0,0.1,0,0,0.1,0,0.0192308,0.130695,8416,0.0961538,0.144365,42080,0.0153846,0.239191,8416
114.2,0,0.1,0,0.1,0.335134,54704,0.238462,0.0568008,130448,0,0.1,0,0.2,0.426938,109408,0.0666667,0.053112,33664,0,0.1,0,0,0.1,0,0.03125,0.132297,12624,0,0.1,0,0,0.1,0,0,0.1,0,0.02,0.130695,8416,0.0961538,0.144365,42080,0.00769231,0.282458,4208
114.3,0,0.1,0,0.107692,0.340822,58912,0.223077,0.0587283,122032,0,0.1,0,0.215385,0.430795,117824,0.0615385,0.053112,33664,0,0.1,0,0,0.1,0,0.0288462,0.132297,12624,0,0.1,0,0,0.1,0,0,0.1,0,0.0217391,0.130695,8416,0.104167,0.144365,42080,0.00833333,0.282458,4208
114.4,0,0.1,0,0.116667,0.364504,58912,0.233333,0.0613694,117824,0,0.1,0,0.233333,0.430795,117824,0.0538462,0.0543136,29456,0,0.1,0,0,0.1,0,0.0288462,0.132297,12624,0,0.1,0,0,0.1,0,0,0.1,0,0.0208333,0.130695,8416,0.115385,0.128475,50496,0,0.1,0
114.5,0,0.1,0,0.130769,0.400678,71536,0.192308,0.0605732,105200,0,0.1,0,0.223077,0.435925,122032,0.075,0.0477918,37872,0,0.1,0,0,0.1,0,0.03125,0.132297,12624,0,0.1,0,0,0.1,0,0,0.1,0,0.0208333,0.130695,8416,0.115385,0.128475,50496,0,0.1,0
114.6,0,0.1,0,0.123077,0.413046,67328,0.184615,0.06721,100992,0,0.1,0,0.207692,0.435232,113616,0.0615385,0.048441,33664,0,0.1,0,0,0.1,0,0.0384615,0.104891,16832,0,0.1,0,0,0.1,0,0,0.1,0,0.0227273,0.130695,8416,0.135417,0.123017,54704,0,0.1,0
114.7,0,0.1,0,0.133333,0.413046,67328,0.2,0.06721,100992,0,0.1,0,0.216667,0.436378,109408,0.0692308,0.0518697,37872,0,0.1,0,0,0.1,0,0.0384615,0.104891,16832,0,0.1,0,0,0.1,0,0,0.1,0,0.0208333,0.130695,8416,0.105769,0.113811,46288,0,0.1,0
114.8,0,0.1,0,0.123077,0.441115,67328,0.184615,0.0729461,100992,0,0.1,0,0.184615,0.433419,100992,0.075,0.0518697,37872,0,0.1,0,0,0.1,0,0.0416667,0.104891,16832,0,0.1,0,0,0.1,0,0,0.1,0,0.0208333,0.130695,8416,0.105769,0.113811,46288,0,0.1,0
114.9,0,0.1,0,0.130769,0.445788,71536,0.184615,0.0783729,100992,0,0.1,0,0.161538,0.430491,88368,0.0692308,0.0518697,37872,0,0.1,0,0,0.1,0,0.0384615,0.104891,16832,0,0.1,0,0,0.1,0,0,0.1,0,0.0227273,0.130695,8416,0.125,0.132891,50496,0,0.1,0
115,0,0.1,0,0.141667,0.469486,71536,0.2,0.0833109,100992,0,0.1,0,0.175,0.429492,88368,0.0615385,0.0449515,33664,0,0.1,0,0,0.1,0,0.0384615,0.104891,16832,0,0.1,0,0,0.1,0,0,0.1,0,0,0.1,0,0.105769,0.124514,46288,0,0.1,0
115.1,0,0.1,0,0.115385,0.489338,63120,0.184615,0.0923614,100992,0,0.1,0,0.169231,0.431402,92576,0.0666667,0.0449515,33664,0,0.1,0,0,0.1,0,0.0520833,0.0956488,21040,0,0.1,0,0,0.1,0,0,0.1,0,0,0.1,0,0.0961538,0.118788,42080,0,0.1,0
115.2,0,0.1,0,0.123077,0.48356,67328,0.184615,0.120462,100992,0,0.1,0,0.153846,0.437201,84160,0.0615385,0.0449515,33664,0,0.1,0,0,0.1,0,0.0480769,0.0956488,21040,0,0.1,0,0,0.1,0,0,0.1,0,0,0.1,0,0.114583,0.14101,46288,0,0.1,0
115.3,0,0.1,0,0.133333,0.485464,67328,0.2,0.124832,100992,0,0.1,0,0.166667,0.435504,84160,0.0615385,0.0604021,33664,0,0.1,0,0,0.1,0,0.0480769,0.0956488,21040,0,0.1,0,0,0.1,0,0,0.1,0,0,0.1,0,0.0961538,0.130153,42080,0.00769231,2.63312,4208
115.4,0,0.1,0,0.123077,0.485464,67328,0.176923,0.140104,96784,0,0.1,0,0.138462,0.438511,75744,0.0666667,0.0604021,33664,0,0.1,0,0,0.1,0,0.0520833,0.0956488,21040,0,0.1,0,0,0.1,0,0,0.1,0,0,0.1,0,0.0961538,0.130153,42080,0.0153846,2.34327,8416
115.5,0,0.1,0,0.115385,0.486994,63120,0.176923,0.156024,96784,0,0.1,0,0.123077,0.43843,67328,0.0538462,0.0656252,29456,0,0.1,0,0,0.1,0,0.0576923,0.0938044,25248,0,0.1,0,0,0.1,0,0,0.1,0,0,0.1,0,0.0833333,0.141514,33664,0.0166667,2.34327,8416
115.6,0,0.1,0,0.116667,0.489884,58912,0.208333,0.179765,105200,0,0.1,0,0.133333,0.438864,67328,0.0538462,0.0656252,29456,0,0.1,0,0,0.1,0,0.0576923,0.0938044,25248,0,0.1,0,0,0.1,0,0,0.1,0,0,0.1,0,0.0865385,0.175163,37872,0.0153846,2.34327,8416
115.7,0,0.1,0,0.107692,0.489884,58912,0.2,0.217011,109408,0.00961538,0.171644,4208,0.123077,0.438864,67328,0.075,0.0791971,37872,0,0.1,0,0,0.1,0,0.0625,0.0938044,25248,0,0.1,0,0,0.1,0,0,0.1,0,0,0.1,0,0.0961538,0.197714,42080,0.0153846,2.34327,8416
115.8,0,0.1,0,0.107692,0.494371,58912,0.184615,0.241267,100992,0.00961538,0.171644,4208,0.130769,0.440264,71536,0.0615385,0.077502,33664,0,0.1,0,0,0.1,0,0.0576923,0.0938044,25248,0,0.1,0,0,0.1,0,0,0.1,0,0,0.1,0,0.104167,0.197714,42080,0.0166667,2.34327,8416
115.9,0,0.1,0,0.108333,0.501842,54704,0.208333,0.245687,105200,0.0104167,0.171644,4208,0.116667,0.441684,58912,0.0615385,0.0800252,33664,0,0.1,0,0,0.1,0,0.0576923,0.0938044,25248,0,0.1,0,0,0.1,0,0,0.1,0,0,0.1,0,0.0961538,0.232248,42080,0.0153846,2.34327,8416
116,0,0.1,0,0.107692,0.498957,58912,0.184615,0.27245,100992,0.00961538,0.171644,4208,0.107692,0.441684,58912,0.0666667,0.0800252,33664,0,0.1,0,0,0.1,0,0.03125,0.0553117,12624,0,0.1,0,0,0.1,0,0,0.1,0,0,0.1,0,0.0865385,0.288186,37872,0.0153846,2.34327,8416
116.1,0,0.1,0,0.1,0.501989,54704,0.176923,0.282215,96784,0.00961538,0.171644,4208,0.130769,0.446587,71536,0.0538462,0.0807285,29456,0,0.1,0,0,0.1,0,0.0288462,0.0553117,12624,0,0.1,0,0,0.1,0,0,0.1,0,0,0.1,0,0.09375,0.288186,37872,0.0166667,2.34327,8416
116.2,0,0.1,0,0.108333,0.510209,54704,0.225,0.31152,113616,0.0104167,0.171644,4208,0.125,0.445533,63120,0.0538462,0.0807285,29456,0,0.1,0,0,0.1,0,0.0288462,0.0553117,12624,0,0.1,0,0,0.1,0,0,0.1,0,0,0.1,0,0.0865385,0.288186,37872,0.0153846,2.34327,8416
116.3,0,0.1,0,0.0923077,0.506755,50496,0.223077,0.318834,122032,0.00961538,0.171644,4208,0.123077,0.448021,67328,0.0666667,0.0814593,33664,0,0.1,0,0,0.1,0,0.03125,0.0553117,12624,0,0.1,0,0,0.1,0,0,0.1,0,0,0.1,0,0.0673077,0.356518,29456,0.0153846,2.34327,8416
116.4,0,0.1,0,0.0769231,0.512457,42080,0.230769,0.318169,126240,0.00961538,0.171644,4208,0.115385,0.441498,63120,0.0538462,0.0911558,29456,0,0.1,0,0,0.1,0,0.0288462,0.0553117,12624,0,0.1,0,0,0.1,0,0,0.1,0,0,0.1,0,0.0833333,0.362449,33664,0.0166667,2.34327,8416
116.5,0,0.1,0,0.0833333,0.512457,42080,0.291667,0.354392,147280,0.0104167,0.171644,4208,0.125,0.441498,63120,0.0538462,0.0911558,29456,0,0.1,0,0,0.1,0,0.0192308,0.0716314,8416,0,0.1,0,0,0.1,0,0,0.1,0,0,0.1,0,0.0673077,0.40601,29456,0.0153846,2.34327,8416
116.6,0,0.1,0,0.0769231,0.512457,42080,0.307692,0.383774,168320,0.00943396,0.171644,4208,0.138462,0.446863,75744,0.05,0.0931319,25248,0,0.1,0,0,0.1,0,0.0208333,0.0716314,8416,0,0.1,0,0.015625,0.0972801,8416,0,0.1,0,0,0.1,0,0.0660377,0.40601,29456,0.0153846,2.34327,8416
116.7,0,0.1,0,0.0923077,0.483979,50496,0.307692,0.385479,168320,0.00925926,0.171644,4208,0.130769,0.446349,71536,0.0461538,0.0931319,25248,0,0.1,0,0,0.1,0,0.0188679,0.0716314,8416,0,0.1,0,0.0254237,0.0764959,12624,0,0.1,0,0,0.1,0,0.0714286,0.40601,29456,0.0166667,2.34327,8416
116.8,0,0.1,0,0.0916667,0.480654,46288,0.325,0.391515,164112,0.01,0.171644,4208,0.141667,0.446349,71536,0.0461538,0.0931319,25248,0,0.1,0,0,0.1,0,0.0277778,0.0952196,12624,0,0.1,0,0.031746,0.0643139,16832,0,0.1,0,0,0.1,0,0.0740741,0.398126,33664,0.0153846,2.34327,8416
116.9,0,0.1,0,0.0846154,0.44857,46288,0.292308,0.396403,159904,0.00909091,0.171644,4208,0.130769,0.454241,71536,0.05,0.0931319,25248,0,0.1,0,0,0.1,0,0.03,0.0952196,12624,0,0.1,0,0.0403226,0.0646432,21040,0,0.1,0,0,0.1,0,0.0727273,0.398126,33664,0.0153846,2.34327,8416
117,0,0.1,0,0.0923077,0.447252,50496,0.276923,0.409125,151488,0.00892857,0.171644,4208,0.138462,0.450676,75744,0.0461538,0.0931319,25248,0,0.1,0,0,0.1,0,0.0272727,0.146616,12624,0,0.1,0,0.0789474,0.0480023,37872,0,0.1,0,0,0.1,0,0.0882353,0.364705,37872,0.0166667,2.34327,8416
117.1,0,0.1,0,0.0916667,0.451829,46288,0.283333,0.407539,143072,0.00961538,0.171644,4208,0.141667,0.45125,71536,0.0461538,0.0931319,25248,0,0.1,0,0,0.1,0,0.0267857,0.146616,12624,0,0.1,0,0.0819672,0.0468427,42080,0,0.1,0,0,0.1,0,0.0803571,0.327278,37872,0.0153846,2.34327,8416
117.2,0,0.1,0,0.0769231,0.455497,42080,0.253846,0.413933,138864,0.00877193,0.171644,4208,0.123077,0.456593,67328,0.0416667,0.0858477,21040,0,0.1,0,0,0.1,0,0.0288462,0.146616,12624,0,0.1,0,0.0833333,0.0468427,42080,0,0.1,0,0,0.1,0,0.0789474,0.327278,37872,0.00769231,2.05342,4208
117.3,0,0.1,0,0.0846154,0.451935,46288,0.246154,0.417406,134656,0.00862069,0.171644,4208,0.123077,0.456593,67328,0.0384615,0.0858477,21040,0,0.1,0,0,0.1,0,0.0350877,0.160146,16832,0,0.1,0,0.0909091,0.0468427,42080,0,0.1,0,0,0.1,0,0.0849057,0.327278,37872,0,0.1,0
117.4,0,0.1,0,0.0916667,0.451935,46288,0.258333,0.439756,130448,0.00925926,0.171644,4208,0.141667,0.45525,71536,0.0384615,0.0858477,21040,0,0.1,0,0,0.1,0,0.0258621,0.185334,12624,0,0.1,0,0.0847458,0.0468427,42080,0,0.1,0,0,0.1,0,0.0775862,0.327278,37872,0,0.1,0
117.5,0,0.1,0,0.0846154,0.451935,46288,0.223077,0.438858,122032,0.00847458,0.171644,4208,0.130769,0.456078,71536,0.0416667,0.0858477,21040,0,0.1,0,0,0.1,0,0.037037,0.200354,16832,0,0.1,0,0.0948276,0.0479505,46288,0,0.1,0,0,0.1,0,0.0762712,0.280241,37872,0,0.1,0
117.6,0,0.1,0,0.0846154,0.451935,46288,0.2,0.440164,109408,0,0.1,0,0.138462,0.458162,75744,0.0230769,0.0586135,12624,0,0.1,0,0,0.1,0,0.0338983,0.200354,16832,0,0.1,0,0.103774,0.0479505,46288,0,0.1,0,0,0.1,0,0.0818182,0.245721,37872,0,0.1,0
117.7,0,0.1,0,0.0833333,0.444531,42080,0.216667,0.460081,109408,0,0.1,0,0.141667,0.457897,71536,0.0230769,0.0586135,12624,0,0.1,0,0,0.1,0,0.0333333,0.200354,16832,0,0.1,0,0.0964912,0.0479505,46288,0,0.1,0,0,0.1,0,0.075,0.245721,37872,0,0.1,0
117.8,0,0.1,0,0.0769231,0.444531,42080,0.192308,0.464414,105200,0,0.1,0,0.146154,0.453933,79952,0.0166667,0.0614609,8416,0,0.1,0,0,0.1,0,0.0357143,0.200354,16832,0,0.1,0,0.107143,0.0495312,50496,0,0.1,0,0,0.1,0,0.0655738,0.216641,33664,0,0.1,0
117.9,0,0.1,0,0.0846154,0.439344,46288,0.176923,0.477604,96784,0,0.1,0,0.153846,0.452474,84160,0.0153846,0.0614609,8416,0,0.1,0,0,0.1,0,0.0327869,0.200354,16832,0,0.1,0,0.127451,0.047321,54704,0,0.1,0,0,0.1,0,0.0614035,0.189203,29456,0,0.1,0
118,0,0.1,0,0.1,0.444226,50496,0.191667,0.477604,96784,0,0.1,0,0.183333,0.44243,92576,0.0153846,0.0614609,8416,0,0.1,0,0,0.1,0,0.0322581,0.200354,16832,0,0.1,0,0.118182,0.047321,54704,0,0.1,0,0,0.1,0,0.0564516,0.189203,29456,0,0.1,0
118.1,0,0.1,0,0.0846154,0.437189,46288,0.138462,0.498085,75744,0,0.1,0,0.169231,0.444465,92576,0.0166667,0.0614609,8416,0,0.1,0,0,0.1,0,0.0344828,0.200354,16832,0,0.1,0,0.12037,0.047321,54704,0,0.1,0,0,0.1,0,0.0555556,0.189203,29456,0.0153846,0.894726,8416
118.2,0,0.1,0,0.1,0.44022,54704,0.115385,0.533668,63120,0,0.1,0,0.169231,0.444075,92576,0.00769231,0.0363473,4208,0,0.1,0,0,0.1,0,0.031746,0.200354,16832,0,0.1,0,0.153061,0.0505739,63120,0,0.1,0,0,0.1,0,0.0677966,0.182535,33664,0.0166667,0.894726,8416
118.3,0,0.1,0,0.0916667,0.430172,46288,0.125,0.569082,63120,0,0.1,0,0.175,0.444656,88368,0,0.1,0,0,0.1,0,0,0.1,0,0.0390625,0.19192,21040,0,0.1,0,0.150943,0.0475219,67328,0,0.1,0,0,0.1,0,0.0546875,0.150902,29456,0.0153846,0.894726,8416
118.4,0,0.1,0,0.100775,0.440042,54704,0.0769231,0.650723,42080,0,0.1,0,0.169231,0.44721,92576,0,0.1,0,0,0.1,0,0,0.1,0,0.0416667,0.19192,21040,0,0.1,0,0.153846,0.0475219,67328,0,0.1,0,0,0.1,0,0.0538462,0.150902,29456,0.0153846,0.894726,8416
118.5,0,0.1,0,0.110236,0.438257,58912,0.0461538,0.758607,25248,0,0.1,0,0.146154,0.443029,79952,0,0.1,0,0,0.1,0,0,0.1,0,0.0461538,0.198188,25248,0,0.1,0,0.145833,0.0404136,58912,0,0.1,0,0,0.1,0,0.0583333,0.150902,29456,0.0333333,0.878468,16832
118.6,0.0208333,0.07991,4208,0.0940171,0.435876,46288,0.0416667,0.858762,21040,0,0.1,0,0.166667,0.445871,84160,0,0.1,0,0,0.1,0,0,0.1,0,0.0461538,0.198188,25248,0,0.1,0,0.134615,0.0382947,58912,0,0.1,0,0,0.1,0,0.0538462,0.150902,29456,0.0384615,0.857197,21040
118.7,0.0192308,0.07991,4208,0.0866142,0.435876,46288,0.0461538,0.84535,25248,0,0.1,0,0.161538,0.446659,88368,0,0.1,0,0,0.1,0,0,0.1,0,0.0416667,0.209347,21040,0,0.1,0,0.125,0.0391045,54704,0,0.1,0,0,0.1,0,0.0384615,0.0741206,21040,0.0538462,0.76482,29456
118.8,0.0192308,0.07991,4208,0.0866142,0.448187,46288,0.0461538,0.84535,25248,0,0.1,0,0.153846,0.440791,84160,0,0.1,0,0,0.1,0,0,0.1,0,0.0538462,0.199539,29456,0,0.1,0,0.135417,0.0374701,54704,0,0.1,0,0,0.1,0,0.0416667,0.0741206,21040,0.075,0.651184,37872
118.9,0.0208333,0.07991,4208,0.0854701,0.449731,42080,0.05,0.84535,25248,0,0.1,0,0.141667,0.444855,71536,0,0.1,0,0,0.1,0,0,0.1,0,0.0461538,0.197317,25248,0,0.1,0,0.0961538,0.0383983,42080,0,0.1,0,0,0.1,0,0.0307692,0.068315,16832,0.0769231,0.667692,42080
119,0.0192308,0.07991,4208,0.0787402,0.449731,42080,0.0461538,0.84535,25248,0,0.1,0,0.130769,0.444855,71536,0,0.1,0,0,0.1,0,0,0.1,0,0.05,0.197317,25248,0,0.1,0,0.0865385,0.0386197,37872,0,0.1,0,0,0.1,0,0.0230769,0.0822901,12624,0.0769231,0.667692,42080
119.1,0.0192308,0.07991,4208,0.0787402,0.449731,42080,0.0461538,0.84535,25248,0,0.1,0,0.130769,0.444855,71536,0,0.1,0,0,0.1,0,0,0.1,0,0.0461538,0.197317,25248,0,0.1,0,0.104167,0.0373594,42080,0,0.1,0,0,0.1,0,0.025,0.0822901,12624,0.0833333,0.667692,42080
119.2,0.0208333,0.07991,4208,0.0769231,0.453444,37872,0.05,0.84535,25248,0,0.1,0,0.141667,0.444855,71536,0,0.1,0,0,0.1,0,0,0.1,0,0.0384615,0.196634,21040,0,0.1,0,0.0961538,0.0373594,42080,0,0.1,0,0,0.1,0,0.0230769,0.0822901,12624,0.0846154,0.650887,46288
119.3,0.0192308,0.07991,4208,0.0787402,0.473325,42080,0.0384615,0.87811,21040,0,0.1,0,0.123077,0.445548,67328,0,0.1,0,0,0.1,0,0,0.1,0,0.0416667,0.196634,21040,0,0.1,0,0.0961538,0.0373594,42080,0,0.1,0,0,0.1,0,0.0230769,0.0822901,12624,0.0846154,0.650887,46288
119.4,0.0192308,0.07991,4208,0.0866142,0.480873,46288,0.0384615,0.87811,21040,0,0.1,0,0.123077,0.437659,67328,0,0.1,0,0,0.1,0,0,0.1,0,0.0307692,0.184438,16832,0,0.1,0,0.104167,0.0367495,42080,0,0.1,0,0,0.1,0,0.0166667,0.112925,8416,0.108333,0.622705,54704
119.5,0.0208333,0.07991,4208,0.0940171,0.480873,46288,0.0416667,0.87811,21040,0,0.1,0,0.133333,0.429059,67328,0,0.1,0,0,0.1,0,0,0.1,0,0.0307692,0.184438,16832,0,0.1,0,0.105769,0.0338505,46288,0,0.1,0,0,0.1,0,0.00769231,0.135855,4208,0.107692,0.611261,58912
119.6,0.0192308,0.07991,4208,0.0944882,0.501694,50496,0.0307692,0.891706,16832,0.00769231,3.29957,4208,0.123077,0.429059,67328,0,0.1,0,0,0.1,0,0,0.1,0,0.0333333,0.184438,16832,0,0.1,0,0.105769,0.0338505,46288,0,0.1,0,0,0.1,0,0.00769231,0.135855,4208,0.107692,0.611261,58912
119.7,0.0192308,0.07991,4208,0.0944882,0.501694,50496,0.0461538,0.871301,25248,0.00769231,3.29957,4208,0.123077,0.434072,67328,0,0.1,0,0,0.1,0,0,0.1,0,0.0307692,0.184438,16832,0,0.1,0,0.125,0.0294241,50496,0,0.1,0,0,0.1,0,0.00833333,0.135855,4208,0.116667,0.611261,58912
119.8,0.0208333,0.07991,4208,0.0854701,0.517141,42080,0.0583333,0.845374,29456,0.00833333,3.29957,4208,0.141667,0.430605,71536,0,0.1,0,0,0.1,0,0,0.1,0,0.0307692,0.184438,16832,0,0.1,0,0.105769,0.0302083,46288,0,0.1,0,0,0.1,0,0.00769231,0.135855,4208,0.115385,0.603507,63120
119.9,0.0192308,0.07991,4208,0.0708661,0.519275,37872,0.0538462,0.845374,29456,0.00769231,3.29957,4208,0.107692,0.43988,58912,0,0.1,0,0,0.1,0,0,0.1,0,0.0416667,0.201446,21040,0,0.1,0,0.115385,0.0321443,50496,0,0.1,0,0,0.1,0,0.00769231,0.135855,4208,0.130769,0.585811,71536
120,0.0192308,0.07991,4208,0.0787402,0.549635,42080,0.0538462,0.845374,29456,0.00769231,3.29957,4208,0.115385,0.439986,63120,0,0.1,0,0,0.1,0,0,0.1,0,0.0384615,0.201446,21040,0,0.1,0,0.135417,0.0305697,54704,0,0.1,0,0,0.1,0,0.00833333,0.135855,4208,0.133333,0.537492,67328
120.1,0.0208333,0.07991,4208,0.0854701,0.600471,42080,0.0583333,0.845374,29456,0.00833333,3.29957,4208,0.125,0.441327,63120,0,0.1,0,0,0.1,0,0,0.1,0,0.0384615,0.201446,21040,0,0.1,0,0.105769,0.0230882,46288,0,0.1,0,0,0.1,0,0,0.1,0,0.138462,0.514281,75744
120.2,0.0192308,0.07991,4208,0.0787402,0.600471,42080,0.0461538,0.847923,25248,0.00769231,3.29957,4208,0.123077,0.436923,67328,0,0.1,0,0,0.1,0,0,0.1,0,0.0333333,0.212262,16832,0,0.1,0,0.115385,0.0281377,50496,0,0.1,0,0,0.1,0,0,0.1,0,0.146154,0.509619,79952
120.3,0.0192308,0.07991,4208,0.0703125,0.633285,37872,0.0384615,0.824148,21040,0.00769231,3.29957,4208,0.115385,0.432661,63120,0,0.1,0,0,0.1,0,0,0.1,0,0.0307692,0.212262,16832,0,0.1,0,0.125,0.0281377,50496,0,0.1,0,0,0.1,0,0,0.1,0,0.166667,0.501971,84160
120.4,0.0208333,0.07991,4208,0.0666667,0.660565,33664,0.0333333,0.78227,16832,0.00833333,3.29957,4208,0.125,0.432661,63120,0,0.1,0,0,0.1,0,0,0.1,0,0.0230769,0.206506,12624,0,0.1,0,0.125,0.0265778,54704,0,0.1,0,0,0.1,0,0,0.1,0,0.153846,0.454191,84160
120.5,0,0.1,0,0.0692308,0.667789,37872,0.0307692,0.78227,16832,0.00769231,3.29957,4208,0.107692,0.427861,58912,0,0.1,0,0,0.1,0,0,0.1,0,0.0333333,0.254324,16832,0,0.1,0,0.115385,0.028354,50496,0,0.1,0,0,0.1,0,0,0.1,0,0.153846,0.438953,84160
120.6,0,0.1,0,0.0692308,0.667789,37872,0.0307692,0.799561,16832,0.00769231,3.29957,4208,0.107692,0.427611,58912,0.00769231,0.319324,4208,0,0.1,0,0,0.1,0,0.032,0.254324,16832,0,0.1,0,0.135417,0.0285545,54704,0,0.1,0,0,0.1,0,0,0.1,0,0.15,0.428405,75744
120.7,0,0.1,0,0.0666667,0.699179,33664,0.0333333,0.799561,16832,0.00833333,3.29957,4208,0.125,0.421084,63120,0.00769231,0.319324,4208,0,0.1,0,0,0.1,0,0.0166667,0.333628,8416,0,0.1,0,0.115385,0.0272079,50496,0,0.1,0,0,0.1,0,0,0.1,0,0.123077,0.450274,67328
120.8,0,0.1,0,0.0615385,0.699179,33664,0.0307692,0.799561,16832,0.00769231,3.29957,4208,0.115385,0.421084,63120,0.00833333,0.319324,4208,0,0.1,0,0,0.1,0,0.0181818,0.333628,8416,0,0.1,0,0.105769,0.0291654,46288,0,0.1,0,0,0.1,0,0,0.1,0,0.130769,0.42951,71536
120.9,0,0.1,0,0.0615385,0.699179,33664,0.0307692,0.799561,16832,0.00769231,3.29957,4208,0.115385,0.421084,63120,0.0153846,0.313343,8416,0,0.1,0,0,0.1,0,0.0181818,0.333628,8416,0,0.1,0,0.114583,0.0291654,46288,0,0.1,0,0,0.1,0,0,0.1,0,0.166667,0.424915,84160
121,0,0.1,0,0.0666667,0.699179,33664,0.0416667,0.810148,21040,0.00833333,3.29957,4208,0.133333,0.418335,67328,0.0153846,0.313343,8416,0,0.1,0,0,0.1,0,0.02,0.333628,8416,0,0.1,0,0.105769,0.0415882,46288,0,0.1,0,0,0.1,0,0,0.1,0,0.176923,0.427406,96784
121.1,0,0.1,0,0.0615385,0.699179,33664,0.0461538,0.749336,25248,0.00769231,3.29957,4208,0.130769,0.422399,71536,0.0166667,0.313343,8416,0,0.1,0,0,0.1,0,0.0222222,0.333628,8416,0,0.1,0,0.125,0.0413971,54704,0,0.1,0,0.00961538,0.409306,4208,0,0.1,0,0.176923,0.424476,96784
121.2,0,0.1,0,0.0538462,0.705882,29456,0.0461538,0.749336,25248,0.00769231,3.29957,4208,0.138462,0.422663,75744,0.0230769,0.349638,12624,0,0.1,0,0,0.1,0,0.0222222,0.333628,8416,0,0.1,0,0.145833,0.0389382,58912,0,0.1,0,0.0104167,0.409306,4208,0,0.1,0,0.208333,0.428005,105200
121.3,0,0.1,0,0.05,0.730804,25248,0.0583333,0.764132,29456,0.00833333,3.29957,4208,0.15,0.432217,75744,0.0230769,0.349638,12624,0,0.1,0,0,0.1,0,0.025,0.333628,8416,0,0.1,0,0.134615,0.0375968,58912,0,0.1,0,0.00961538,0.409306,4208,0,0.1,0,0.176923,0.424553,96784
121.4,0,0.1,0,0.0461538,0.730804,25248,0.0538462,0.764132,29456,0.00769231,3.29957,4208,0.138462,0.437599,75744,0.025,0.349638,12624,0,0.1,0,0,0.1,0,0.0285714,0.333628,8416,0,0.1,0,0.125,0.040115,54704,0,0.1,0,0.00961538,0.409306,4208,0,0.1,0,0.192308,0.424844,105200
121.5,0,0.1,0,0.0384615,0.73082,21040,0.0538462,0.764132,29456,0,0.1,0,0.138462,0.437599,75744,0.0230769,0.349638,12624,0,0.1,0,0,0.1,0,0.0285714,0.333628,8416,0,0.1,0,0.145833,0.0411258,58912,0,0.1,0,0.0104167,0.409306,4208,0,0.1,0,0.208333,0.424844,105200
121.6,0,0.1,0,0.0416667,0.73082,21040,0.0416667,0.737588,21040,0,0.1,0,0.133333,0.434755,67328,0.0230769,0.349638,12624,0,0.1,0,0,0.1,0,0.0333333,0.333628,8416,0,0.1,0,0.113208,0.044009,50496,0,0.1,0,0.0283019,0.304014,12624,0,0.1,0,0.2,0.426415,109408
121.7,0,0.1,0,0.0384615,0.73082,21040,0.0307692,0.749532,16832,0,0.1,0,0.115385,0.441057,63120,0.0333333,0.340994,16832,0,0.1,0,0,0.1,0,0.04,0.333628,8416,0,0.1,0,0.12037,0.0490524,54704,0,0.1,0,0.0462963,0.263429,21040,0,0.1,0,0.192308,0.423674,105200
121.8,0,0.1,0,0.0384615,0.73082,21040,0.0307692,0.749532,16832,0,0.1,0,0.107692,0.436188,58912,0.0307692,0.340994,16832,0,0.1,0,0,0.1,0,0.02,0.397777,4208,0,0.1,0,0.12,0.0486867,50496,0,0.1,0,0.08,0.247757,33664,0,0.1,0,0.2,0.420373,100992
121.9,0,0.1,0,0.0416667,0.738395,21040,0.0333333,0.749532,16832,0,0.1,0,0.116667,0.426389,58912,0.0384615,0.350259,21040,0,0.1,0,0,0.1,0,0.025,0.397777,4208,0,0.1,0,0.127273,0.0464905,58912,0,0.1,0,0.0727273,0.247757,33664,0,0.1,0,0.176923,0.419931,96784
122,0,0.1,0,0.0230769,0.756611,12624,0.0384615,0.776433,21040,0,0.1,0,0.107692,0.415743,58912,0.0583333,0.362589,29456,0,0.1,0,0,0.1,0,0.0333333,0.397777,4208,0,0.1,0,0.133929,0.0473105,63120,0,0.1,0,0.0803571,0.252606,37872,0,0.1,0,0.169231,0.430277,92576
122.1,0,0.1,0,0.0230769,0.756611,12624,0.0461538,0.786135,25248,0,0.1,0,0.1,0.419196,54704,0.0538462,0.362589,29456,0,0.1,0,0,0.1,0,0.0333333,0.397777,4208,0,0.1,0,0.125,0.0480179,54704,0,0.1,0,0.0865385,0.252606,37872,0,0.1,0,0.183333,0.430383,92576
122.2,0,0.1,0,0.0166667,0.793162,8416,0.05,0.786135,25248,0,0.1,0,0.116667,0.420236,58912,0.0538462,0.362589,29456,0,0.1,0,0,0.1,0,0.05,0.397777,4208,0,0.1,0,0.114035,0.0480179,54704,0,0.1,0,0.0877193,0.256799,42080,0,0.1,0,0.176923,0.437927,96784
122.3,0,0.1,0,0.0230769,0.835353,12624,0.0461538,0.786135,25248,0,0.1,0,0.130769,0.416856,71536,0.0583333,0.362589,29456,0,0.1,0,0,0.1,0,0.1,0.397777,4208,0,0.1,0,0.12069,0.0593676,58912,0,0.1,0,0.0948276,0.247155,46288,0,0.1,0,0.161538,0.443023,88368
122.4,0,0.1,0,0.0153846,0.890241,8416,0.0461538,0.786135,25248,0,0.1,0,0.138462,0.417723,75744,0.0538462,0.362589,29456,0,0.1,0,0.4,0.05766,8416,0,0.1,0,0,0.1,0,0.138889,0.0587847,63120,0,0.1,0,0.101852,0.247155,46288,0,0.1,0,0.175,0.44134,88368
122.5,0,0.1,0,0.0166667,0.890241,8416,0.0416667,0.773872,21040,0,0.1,0,0.15,0.416951,75744,0.0461538,0.369799,25248,0,0.1,0,0.4,0.0393211,16832,0,0.1,0,0,0.1,0,0.118644,0.0607721,58912,0,0.1,0,0.101695,0.251029,50496,0,0.1,0,0.161538,0.44134,88368
122.6,0,0.1,0,0.0230769,0.910195,12624,0.0384615,0.773872,21040,0,0.1,0,0.130769,0.418528,71536,0.0583333,0.387411,29456,0,0.1,0,0.4,0.0393211,16832,0,0.1,0,0,0.1,0,0.116667,0.0607721,58912,0,0.1,0,0.108333,0.253507,54704,0,0.1,0,0.169231,0.443266,92576
122.7,0,0.1,0,0.0230769,0.910195,12624,0.0384615,0.773872,21040,0,0.1,0,0.146154,0.41815,79952,0.0538462,0.387411,29456,0,0.1,0,0.25,0.0336963,21040,0,0.1,0,0,0.1,0,0.125,0.0607721,58912,0,0.1,0,0.125,0.252898,58912,0,0.1,0,0.175,0.441103,88368
122.8,0,0.1,0,0.025,0.910195,12624,0.0416667,0.773872,21040,0,0.1,0,0.158333,0.41815,79952,0.0538462,0.406727,29456,0,0.1,0,0.2,0.029594,25248,0,0.1,0,0,0.1,0,0.114754,0.0607721,58912,0,0.1,0,0.114754,0.252898,58912,0,0.1,0,0.138462,0.448141,75744
122.9,0,0.1,0,0.0230769,0.910195,12624,0.0384615,0.781581,21040,0,0.1,0,0.138462,0.420431,75744,0.0583333,0.406727,29456,0,0.1,0,0.2,0.029594,25248,0,0.1,0,0,0.1,0,0.112903,0.0545045,58912,0,0.1,0,0.129032,0.268162,67328,0,0.1,0,0.123077,0.450001,67328
123,0,0.1,0,0.0230769,0.910195,12624,0.0307692,0.865657,16832,0,0.1,0,0.153846,0.388291,84160,0.0538462,0.406727,29456,0,0.1,0,0.15,0.029594,25248,0,0.1,0,0,0.1,0,0.137931,0.0498738,67328,0,0.1,0,0.146552,0.270566,71536,0,0.1,0,0.141667,0.44328,71536
123.1,0,0.1,0,0.025,0.910195,12624,0.0333333,0.865657,16832,0,0.1,0,0.158333,0.386246,79952,0.0461538,0.404144,25248,0,0.1,0,0.14,0.0381461,29456,0,0.1,0,0,0.1,0,0.119048,0.0527339,63120,0,0.1,0,0.150794,0.275251,79952,0,0.1,0,0.115385,0.439905,63120
123.2,0,0.1,0,0.0230769,0.910195,12624,0.0230769,0.869907,12624,0,0.1,0,0.153846,0.345182,84160,0.05,0.404144,25248,0,0.1,0,0.14,0.0381461,29456,0,0.1,0,0,0.1,0,0.117188,0.0506379,63120,0,0.1,0,0.15625,0.276697,84160,0,0.1,0,0.115385,0.439905,63120
123.3,0,0.1,0,0.0307692,0.909809,16832,0.0307692,0.753167,16832,0,0.1,0,0.146154,0.339516,79952,0.0538462,0.407101,29456,0,0.1,0,0.133333,0.0547604,33664,0,0.1,0,0,0.1,0,0.125,0.0506379,63120,0,0.1,0,0.166667,0.276697,84160,0,0.1,0,0.108333,0.436906,54704
123.4,0,0.1,0,0.0333333,0.909809,16832,0.0333333,0.753167,16832,0,0.1,0,0.166667,0.329067,84160,0.0615385,0.411418,33664,0,0.1,0,0.142857,0.0990959,42080,0,0.1,0,0,0.1,0,0.107692,0.0503787,58912,0,0.1,0,0.153846,0.276697,84160,0,0.1,0,0.1,0.436906,54704
123.5,0,0.1,0,0.0307692,0.909809,16832,0.0461538,0.72339,25248,0,0.1,0,0.161538,0.31703,88368,0.0666667,0.411418,33664,0,0.1,0,0.142857,0.0990959,42080,0,0.1,0,0,0.1,0,0.107692,0.0503787,58912,0,0.1,0,0.146154,0.286538,79952,0,0.1,0,0.1,0.433038,54704
123.6,0,0.1,0,0.0307692,0.909809,16832,0.0538462,0.718529,29456,0,0.1,0,0.153846,0.309899,84160,0.0538462,0.425183,29456,0,0.1,0,0.125,0.0990959,42080,0,0.1,0,0,0.1,0,0.125,0.0432432,63120,0,0.1,0,0.15,0.301988,75744,0,0.1,0,0.108333,0.433038,54704
123.7,0,0.1,0,0.0333333,0.909809,16832,0.0583333,0.718529,29456,0,0.1,0,0.158333,0.30404,79952,0.0538462,0.425183,29456,0,0.1,0,0.111111,0.0990959,42080,0,0.1,0,0,0.1,0,0.115385,0.0432432,63120,0,0.1,0,0.115385,0.318059,63120,0,0.1,0,0.1,0.437253,54704
123.8,0,0.1,0,0.0230769,0.926162,12624,0.0692308,0.696788,37872,0,0.1,0,0.130769,0.294992,71536,0.0583333,0.440036,29456,0,0.1,0,0.133333,0.147519,50496,0,0.1,0,0,0.1,0,0.0923077,0.047529,50496,0,0.1,0,0.115385,0.318059,63120,0,0.1,0,0.107692,0.441004,58912
123.9,0,0.1,0,0.0230769,0.926162,12624,0.0615385,0.673382,33664,0,0.1,0,0.123077,0.29169,67328,0.0384615,0.458686,21040,0,0.1,0,0.13,0.173831,54704,0,0.1,0,0,0.1,0,0.108333,0.043107,54704,0,0.1,0,0.133333,0.337197,67328,0,0.1,0,0.108333,0.439168,54704
124,0,0.1,0,0.025,0.926162,12624,0.0666667,0.648697,33664,0,0.1,0,0.133333,0.29169,67328,0.0384615,0.458686,21040,0,0.1,0,0.118182,0.173831,54704,0,0.1,0,0,0.1,0,0.1,0.043107,54704,0,0.1,0,0.123077,0.337197,67328,0,0.1,0,0.1,0.442493,54704
124.1,0,0.1,0,0.0307692,0.930444,16832,0.0615385,0.648697,33664,0,0.1,0,0.115385,0.282219,63120,0.05,0.440484,25248,0,0.1,0,0.127273,0.187869,58912,0,0.1,0,0,0.1,0,0.107692,0.0492821,58912,0,0.1,0,0.123077,0.342951,67328,0,0.1,0,0.1,0.437653,54704
124.2,0,0.1,0,0.0230769,0.934014,12624,0.0615385,0.648697,33664,0,0.1,0,0.0923077,0.252503,50496,0.0538462,0.446408,29456,0,0.1,0,0.133333,0.208612,67328,0,0.1,0,0,0.1,0,0.116667,0.0425691,58912,0,0.1,0,0.133333,0.356247,67328,0,0.1,0,0.133333,0.43719,67328
124.3,0,0.1,0,0.025,0.934014,12624,0.0666667,0.648697,33664,0,0.1,0,0.0916667,0.236142,46288,0.0615385,0.446473,33664,0,0.1,0,0.12,0.241129,63120,0,0.1,0,0,0.1,0,0.107692,0.0482394,58912,0,0.1,0,0.130769,0.363115,71536,0,0.1,0,0.123077,0.440995,67328
124.4,0,0.1,0,0.0230769,0.934014,12624,0.0615385,0.648697,33664,0,0.1,0,0.0769231,0.215254,42080,0.075,0.437681,37872,0,0.1,0,0.108333,0.274998,54704,0,0.1,0,0,0.1,0,0.107692,0.0482394,58912,0,0.1,0,0.130769,0.368687,71536,0,0.1,0,0.144,0.443634,75744
124.5,0,0.1,0,0.0230769,0.905957,12624,0.0615385,0.648697,33664,0,0.1,0,0.0692308,0.198465,37872,0.0615385,0.430756,33664,0,0.1,0,0.107692,0.289174,58912,0,0.1,0,0,0.1,0,0.116667,0.0482394,58912,0,0.1,0,0.133333,0.374028,67328,0,0.1,0,0.156522,0.444517,75744
124.6,0,0.1,0,0.025,0.905957,12624,0.0666667,0.648697,33664,0,0.1,0,0.0583333,0.136617,29456,0.0615385,0.430756,33664,0,0.1,0,0.107692,0.316587,58912,0,0.1,0,0,0.1,0,0.107692,0.0482394,58912,0,0.1,0,0.115385,0.382631,63120,0,0.1,0,0.15,0.442532,75744
124.7,0,0.1,0,0.0230769,0.905957,12624,0.0615385,0.648697,33664,0,0.1,0,0.0538462,0.136617,29456,0.0583333,0.429068,29456,0,0.1,0,0.108333,0.340242,54704,0,0.1,0,0,0.1,0,0.107692,0.0482394,58912,0,0.1,0,0.115385,0.382631,63120,0,0.1,0,0.156522,0.442532,75744
124.8,0,0.1,0,0.0230769,0.905957,12624,0.0538462,0.614077,29456,0,0.1,0,0.0538462,0.136617,29456,0.0538462,0.429068,29456,0,0.1,0,0.107692,0.342319,58912,0,0.1,0,0,0.1,0,0.108333,0.0461869,54704,0,0.1,0,0.108333,0.383803,54704,0,0.1,0,0.161905,0.44118,71536
124.9,0,0.1,0,0.025,0.905957,12624,0.0583333,0.614077,29456,0,0.1,0,0.0333333,0.067708,16832,0.0538462,0.429068,29456,0,0.1,0,0.107692,0.342319,58912,0,0.1,0,0,0.1,0,0.0769231,0.08085,42080,0,0.1,0,0.0846154,0.388282,46288,0,0.1,0,0.136364,0.449926,63120
125,0,0.1,0,0.0230769,0.905957,12624,0.0538462,0.614077,29456,0,0.1,0,0.0307692,0.067708,16832,0.0833333,0.404317,42080,0,0.1,0,0.116667,0.363069,58912,0,0.1,0,0,0.1,0,0.0769231,0.08085,42080,0,0.1,0,0.0692308,0.404549,37872,0,0.1,0,0.145455,0.458988,67328
125.1,0,0.1,0,0.0307692,0.830332,16832,0.0538462,0.614077,29456,0,0.1,0,0.0153846,0.10342,8416,0.0769231,0.404317,42080,0,0.1,0,0.115385,0.371042,63120,0,0.1,0,0,0.1,0,0.0833333,0.116567,42080,0,0.1,0,0.0666667,0.417098,33664,0,0.1,0,0.16,0.458988,67328
125.2,0,0.1,0,0.025,0.804226,12624,0.05,0.649266,25248,0,0.1,0,0.0166667,0.10342,8416,0.0692308,0.402036,37872,0,0.1,0,0.123077,0.391195,67328,0,0.1,0,0,0.1,0,0.0846154,0.137555,46288,0,0.1,0,0.0615385,0.417098,33664,0,0.1,0,0.136364,0.462915,63120
125.3,0,0.1,0,0.0307692,0.757644,16832,0.0461538,0.649266,25248,0.00769231,0.228939,4208,0.00769231,0.0762966,4208,0.0666667,0.397086,33664,0,0.1,0,0.116667,0.407589,58912,0,0.1,0,0,0.1,0,0.0846154,0.137555,46288,0,0.1,0,0.0615385,0.417098,33664,0,0.1,0,0.136364,0.462915,63120
125.4,0,0.1,0,0.0307692,0.757644,16832,0.0307692,0.641981,16832,0.00769231,0.228939,4208,0,0.1,0,0.0692308,0.405935,37872,0,0.1,0,0.123077,0.411635,67328,0,0.1,0,0,0.1,0,0.1,0.159634,50496,0,0.1,0,0.0583333,0.417679,29456,0,0.1,0,0.14,0.466309,58912
125.5,0,0.1,0,0.0333333,0.757644,16832,0.025,0.626188,12624,0.00833333,0.228939,4208,0,0.1,0,0.0692308,0.405935,37872,0,0.1,0,0.130769,0.41003,71536,0,0.1,0,0,0.1,0,0.0769231,0.186269,42080,0,0.1,0,0.0461538,0.421182,25248,0,0.1,0,0.136364,0.477145,63120
125.6,0.0153846,0.451281,4208,0.0384615,0.708478,21040,0.0230769,0.626188,12624,0.00769231,0.228939,4208,0,0.1,0,0.075,0.405935,37872,0,0.1,0,0.158333,0.412557,79952,0,0.1,0,0,0.1,0,0.0769231,0.186269,42080,0,0.1,0,0.0461538,0.421182,25248,0,0.1,0,0.127273,0.478507,58912
125.7,0.0153846,0.451281,4208,0.0384615,0.708478,21040,0.00769231,0.637171,4208,0.00769231,0.228939,4208,0,0.1,0,0.0615385,0.395265,33664,0,0.1,0,0.138462,0.419978,75744,0,0.1,0,0,0.1,0,0.0833333,0.186269,42080,0,0.1,0,0.05,0.421182,25248,0,0.1,0,0.13,0.47764,54704
125.8,0.0166667,0.451281,4208,0.0416667,0.708478,21040,0.0166667,0.607108,8416,0.00833333,0.228939,4208,0,0.1,0,0.0615385,0.395265,33664,0,0.1,0,0.130769,0.415884,71536,0,0.1,0,0,0.1,0,0.0692308,0.249709,37872,0,0.1,0,0.0307692,0.402858,16832,0,0.1,0,0.118182,0.47764,54704
125.9,0.0307692,0.475562,8416,0.0384615,0.708478,21040,0.00769231,0.577045,4208,0.00769231,0.228939,4208,0,0.1,0,0.075,0.405906,37872,0,0.1,0,0.15,0.415537,75744,0,0.1,0,0,0.1,0,0.0692308,0.249709,37872,0,0.1,0,0.0307692,0.402858,16832,0,0.1,0,0.109091,0.478174,50496
126,0.0307692,0.475562,8416,0.0307692,0.649775,16832,0.00769231,0.577045,4208,0.00769231,0.228939,4208,0,0.1,0,0.0692308,0.420777,37872,0,0.1,0,0.130769,0.418194,71536,0,0.1,0,0,0.1,0,0.0666667,0.264728,33664,0,0.1,0,0.025,0.408275,12624,0,0.1,0,0.1,0.484045,42080
126.1,0.05,0.486502,12624,0.0333333,0.649775,16832,0.00833333,0.577045,4208,0.00833333,0.228939,4208,0,0.1,0,0.0615385,0.41313,33664,0,0.1,0,0.123077,0.425624,67328,0,0.1,0,0,0.1,0,0.0538462,0.356765,29456,0,0.1,0,0.0153846,0.43069,8416,0,0.1,0,0.0636364,0.504985,29456
126.2,0.0615385,0.490199,16832,0.0307692,0.649775,16832,0.00769231,0.577045,4208,0.00769231,0.228939,4208,0,0.1,0,0.0583333,0.408302,29456,0,0.1,0,0.125,0.427702,63120,0,0.1,0,0,0.1,0,0.0615385,0.391473,33664,0,0.1,0,0.00769231,0.388364,4208,0,0.1,0,0.0727273,0.609178,33664
126.3,0.0571429,0.490199,16832,0.0307692,0.649775,16832,0.00769231,0.577045,4208,0.00769231,0.228939,4208,0,0.1,0,0.0461538,0.415127,25248,0,0.1,0,0.115385,0.427702,63120,0,0.1,0,0,0.1,0,0.075,0.403587,37872,0,0.1,0,0,0.1,0,0,0.1,0,0.0571429,0.657323,25248
126.4,0.0615385,0.490199,16832,0.025,0.577723,12624,0.00833333,0.577045,4208,0.00833333,0.228939,4208,0,0.1,0,0.0538462,0.406893,29456,0,0.1,0,0.115385,0.423588,63120,0,0.1,0,0,0.1,0,0.0692308,0.403587,37872,0,0.1,0,0,0.1,0,0,0.1,0,0.0608696,0.742013,29456
126.5,0.0533333,0.490199,16832,0.0307692,0.576606,16832,0.00769231,0.577045,4208,0.00769231,0.228939,4208,0,0.1,0,0.0583333,0.406893,29456,0,0.1,0,0.125,0.422654,63120,0,0.1,0,0,0.1,0,0.0846154,0.408021,46288,0,0.1,0,0,0.1,0,0,0.1,0,0.05,0.800821,25248
126.6,0.0625,0.475241,21040,0.0307692,0.576606,16832,0.00769231,0.577045,4208,0.00769231,0.228939,4208,0,0.1,0,0.0692308,0.417745,37872,0,0.1,0,0.115385,0.422654,63120,0,0.1,0,0,0.1,0,0.1,0.407381,50496,0,0.1,0,0,0.1,0,0,0.1,0,0.0521739,0.800821,25248
126.7,0.0666667,0.475241,21040,0.0333333,0.576606,16832,0.00833333,0.577045,4208,0.00833333,0.228939,4208,0,0.1,0,0.0769231,0.417677,42080,0,0.1,0,0.107692,0.426464,58912,0,0.1,0,0,0.1,0,0.107692,0.408407,58912,0,0.1,0,0,0.1,0,0,0.1,0,0.048,0.800821,25248
126.8,0.0588235,0.475241,21040,0.0307692,0.576606,16832,0.00769231,0.577045,4208,0.0230769,0.121229,12624,0,0.1,0,0.0916667,0.424807,46288,0,0.1,0,0.133333,0.4293,67328,0,0.1,0,0,0.1,0,0.107692,0.415596,58912,0,0.1,0,0,0.1,0,0.00793651,0.558225,4208,0.0461538,0.800821,25248
126.9,0.0555556,0.475241,21040,0.0384615,0.600408,21040,0.00769231,0.577045,4208,0.0230769,0.121229,12624,0,0.1,0,0.0615385,0.454149,33664,0,0.1,0,0.130769,0.43857,71536,0,0.1,0,0,0.1,0,0.141667,0.407658,71536,0,0.1,0,0,0.1,0,0.00862069,0.558225,4208,0.05,0.836103,25248
127,0.0588235,0.475241,21040,0.0333333,0.599646,16832,0.00833333,0.577045,4208,0.0333333,0.120285,16832,0,0.1,0,0.0615385,0.454149,33664,0,0.1,0,0.123077,0.435814,67328,0,0.1,0,0,0.1,0,0.123077,0.410644,67328,0,0.1,0,0,0.1,0,0.00806452,0.558225,4208,0.0461538,0.836103,25248
127.1,0.0526316,0.475241,21040,0.0307692,0.599646,16832,0.00769231,0.577045,4208,0.0307692,0.120285,16832,0,0.1,0,0.075,0.459315,37872,0,0.1,0,0.125,0.439367,63120,0,0.1,0,0,0.1,0,0.123077,0.397439,67328,0,0.1,0,0,0.1,0,0.00819672,0.558225,4208,0.0538462,0.80892,29456
127.2,0.05,0.475241,21040,0.0230769,0.593562,12624,0.00769231,0.577045,4208,0.0230769,0.084067,12624,0,0.1,0,0.0846154,0.457375,46288,0,0.1,0,0.130769,0.469661,71536,0,0.1,0,0,0.1,0,0.15,0.359811,75744,0,0.1,0,0,0.1,0,0.00892857,0.558225,4208,0.0666667,0.79362,33664
127.3,0.0526316,0.475241,21040,0.025,0.593562,12624,0.00833333,0.577045,4208,0.025,0.084067,12624,0,0.1,0,0.0846154,0.455156,46288,0,0.1,0,0.123077,0.469272,67328,0,0.1,0,0,0.1,0,0.138462,0.339139,75744,0,0.1,0,0,0.1,0,0.0166667,0.694054,8416,0.0615385,0.79362,33664
127.4,0.047619,0.475241,21040,0.0230769,0.593562,12624,0.00769231,0.577045,4208,0.0230769,0.084067,12624,0.00847458,0.78694,4208,0.0916667,0.455156,46288,0,0.1,0,0.125,0.474934,63120,0,0.1,0,0,0.1,0,0.146154,0.324277,79952,0,0.1,0,0,0.1,0,0.0169492,0.694054,8416,0.0538462,0.817158,29456
127.5,0.0363636,0.481231,16832,0.0153846,0.634436,8416,0.00769231,0.577045,4208,0.0230769,0.084067,12624,0.00862069,0.78694,4208,0.0846154,0.455156,46288,0,0.1,0,0.115385,0.479165,63120,0,0.1,0,0,0.1,0,0.166667,0.308683,84160,0,0.1,0,0,0.1,0,0.0185185,0.694054,8416,0.0666667,0.817889,33664
127.6,0.0380952,0.481231,16832,0.0166667,0.634436,8416,0.00833333,0.577045,4208,0.025,0.084067,12624,0.00943396,0.78694,4208,0.0846154,0.455156,46288,0,0.1,0,0.115385,0.476111,63120,0,0.1,0,0,0.1,0,0.153846,0.308683,84160,0,0.1,0,0,0.1,0,0.0172414,0.694054,8416,0.0615385,0.817889,33664
127.7,0.0347826,0.481231,16832,0.0153846,0.634436,8416,0,0.1,0,0.0230769,0.084067,12624,0.00877193,0.78694,4208,0.0916667,0.455156,46288,0,0.1,0,0.125,0.476111,63120,0,0.1,0,0,0.1,0,0.146154,0.302112,79952,0,0.1,0,0,0.1,0,0.0263158,0.610905,12624,0.0692308,0.822251,37872
127.8,0.025,0.475027,12624,0.0153846,0.634436,8416,0.00769231,0.712956,4208,0.0230769,0.084067,12624,0.0178571,0.627507,8416,0.0769231,0.451568,42080,0,0.1,0,0.107692,0.48086,58912,0,0.1,0,0,0.1,0,0.158333,0.302112,79952,0,0.1,0,0,0.1,0,0.0288462,0.610905,12624,0.0833333,0.824553,42080
127.9,0.026087,0.475027,12624,0.0166667,0.634436,8416,0.00833333,0.712956,4208,0.0416667,0.179405,21040,0.0196078,0.627507,8416,0.0769231,0.445407,42080,0,0.1,0,0.123077,0.473934,67328,0,0.1,0,0,0.1,0,0.146154,0.302112,79952,0,0.1,0,0,0.1,0,0.0267857,0.610905,12624,0.0846154,0.785431,46288
128,0.016,0.458349,8416,0.0153846,0.634436,8416,0.00769231,0.712956,4208,0.0384615,0.179405,21040,0.0272727,0.587061,12624,0.0833333,0.445407,42080,0,0.1,0,0.125,0.478308,63120,0,0.1,0,0,0.1,0,0.138462,0.2911,75744,0,0.1,0,0,0.1,0,0.0272727,0.610905,12624,0.0923077,0.756913,50496
128.1,0.00769231,0.41541,4208,0.0153846,0.634436,8416,0.00769231,0.712956,4208,0.0384615,0.179405,21040,0.0277778,0.587061,12624,0.0769231,0.445407,42080,0,0.1,0,0.123077,0.476898,67328,0,0.1,0,0,0.1,0,0.141667,0.27402,71536,0,0.1,0,0.01,0.943739,4208,0.03,0.610905,12624,0.0916667,0.705704,46288
128.2,0.00833333,0.41541,4208,0.0166667,0.634436,8416,0.00833333,0.712956,4208,0.05,0.218961,25248,0.0408163,0.575921,16832,0.0769231,0.445407,42080,0,0.1,0,0.130769,0.474658,71536,0,0.1,0,0,0.1,0,0.130769,0.256218,71536,0,0.1,0,0.00925926,0.943739,4208,0.037037,0.626692,16832,0.0846154,0.705704,46288
128.3,0.00769231,0.41541,4208,0.0153846,0.634436,8416,0.00769231,0.712956,4208,0.0538462,0.240342,29456,0.0377358,0.575921,16832,0.075,0.455175,37872,0,0.1,0,0.133333,0.478589,67328,0,0.1,0,0,0.1,0,0.138462,0.256065,75744,0,0.1,0,0.00943396,0.943739,4208,0.0377358,0.626692,16832,0.0769231,0.693768,42080
128.4,0.00769231,0.41541,4208,0.00769231,0.695616,4208,0.00769231,0.712956,4208,0.0538462,0.240342,29456,0.0480769,0.552819,21040,0.0692308,0.455175,37872,0,0.1,0,0.115385,0.485097,63120,0,0.1,0,0,0.1,0,0.133333,0.234577,67328,0,0.1,0,0.0104167,0.943739,4208,0.0520833,0.641045,21040,0.0916667,0.711306,46288
128.5,0,0.1,0,0.00833333,0.695616,4208,0.00833333,0.712956,4208,0.0666667,0.260806,33664,0.0520833,0.552819,21040,0.0538462,0.455017,29456,0,0.1,0,0.115385,0.485097,63120,0,0.1,0,0,0.1,0,0.115385,0.223526,63120,0,0.1,0,0.0192308,0.957558,8416,0.0480769,0.641045,21040,0.0846154,0.711306,46288
128.6,0,0.1,0,0.00769231,0.695616,4208,0.00769231,0.712956,4208,0.0615385,0.260806,33664,0.0480769,0.552819,21040,0.05,0.461343,25248,0,0.1,0,0.125,0.485097,63120,0,0.1,0,0,0.1,0,0.1,0.194135,54704,0,0.1,0,0.0192308,0.957558,8416,0.0480769,0.641045,21040,0.0846154,0.711306,46288
128.7,0,0.1,0,0.00769231,0.695616,4208,0.00769231,0.712956,4208,0.0461538,0.325283,25248,0.0480769,0.552819,21040,0.0384615,0.454389,21040,0,0.1,0,0.1,0.490626,54704,0,0.1,0,0,0.1,0,0.1,0.174952,50496,0,0.1,0,0.03125,1.00961,12624,0.0416667,0.661751,16832,0.1,0.683792,50496
128.8,0,0.1,0,0,0.1,0,0.00833333,0.712956,4208,0.0583333,0.336299,29456,0.0520833,0.552819,21040,0.0384615,0.454389,21040,0,0.1,0,0.0846154,0.491935,46288,0,0.1,0,0,0.1,0,0.0692308,0.109732,37872,0,0.1,0,0.0288462,1.00961,12624,0.0384615,0.661751,16832,0.0923077,0.649367,50496
128.9,0,0.1,0,0,0.1,0,0.0153846,0.577987,8416,0.0538462,0.361105,29456,0.0576923,0.547244,25248,0.0416667,0.454389,21040,0,0.1,0,0.1,0.492676,50496,0,0.1,0,0,0.1,0,0.0769231,0.14045,42080,0,0.1,0,0.0288462,1.00961,12624,0.0384615,0.661751,16832,0.0923077,0.649367,50496
129,0,0.1,0,0,0.1,0,0.0153846,0.577987,8416,0.0538462,0.361105,29456,0.0576923,0.547244,25248,0.0384615,0.465056,21040,0,0.1,0,0.0923077,0.490267,50496,0,0.1,0,0,0.1,0,0.075,0.140928,37872,0,0.1,0,0.03125,1.00961,12624,0.0520833,0.546943,21040,0.0916667,0.64969,46288
129.1,0,0.1,0,0,0.1,0,0.0166667,0.577987,8416,0.0583333,0.361105,29456,0.0625,0.547244,25248,0.0230769,0.475995,12624,0,0.1,0,0.0769231,0.448947,42080,0,0.1,0,0,0.1,0,0.0615385,0.185781,33664,0,0.1,0,0.0288462,1.00961,12624,0.0480769,0.546943,21040,0.0846154,0.6295,46288
129.2,0,0.1,0,0,0.1,0,0.0153846,0.577987,8416,0.0538462,0.361105,29456,0.0865385,0.529907,37872,0.0166667,0.48784,8416,0,0.1,0,0.075,0.453939,37872,0,0.1,0,0,0.1,0,0.0615385,0.236095,33664,0,0.1,0,0.0288462,1.00961,12624,0.0384615,0.476209,16832,0.0923077,0.610291,50496
129.3,0,0.1,0,0,0.1,0,0.0153846,0.577987,8416,0.0538462,0.361105,29456,0.0865385,0.495829,37872,0.0153846,0.48784,8416,0,0.1,0,0.0769231,0.451337,42080,0,0.1,0,0,0.1,0,0.0583333,0.261713,29456,0,0.1,0,0.03125,1.00961,12624,0.0416667,0.476209,16832,0.116667,0.581273,58912
129.4,0,0.1,0,0,0.1,0,0.0166667,0.577987,8416,0.0583333,0.361105,29456,0.09375,0.495829,37872,0.0230769,0.625569,12624,0,0.1,0,0.0615385,0.447729,33664,0,0.1,0,0,0.1,0,0.0538462,0.329933,29456,0,0.1,0,0.0288462,1.00961,12624,0.0384615,0.476209,16832,0.107692,0.558043,58912
129.5,0,0.1,0,0,0.1,0,0.0153846,0.577987,8416,0.0538462,0.361105,29456,0.0865385,0.495829,37872,0.0416667,0.739746,21040,0,0.1,0,0.0583333,0.446764,29456,0,0.1,0,0,0.1,0,0.0615385,0.335736,33664,0,0.1,0,0.0288462,1.00961,12624,0.0480769,0.410188,21040,0.107692,0.558043,58912
129.6,0,0.1,0,0,0.1,0,0.0153846,0.577987,8416,0.0538462,0.361105,29456,0.0865385,0.495829,37872,0.0538462,0.776696,29456,0,0.1,0,0.0538462,0.446764,29456,0,0.1,0,0,0.1,0,0.0666667,0.335736,33664,0,0.1,0,0.03125,1.00961,12624,0.0416667,0.401583,16832,0.108333,0.535035,54704
129.7,0,0.1,0,0,0.1,0,0.00833333,0.443019,4208,0.0583333,0.361105,29456,0.0833333,0.499298,33664,0.0538462,0.776696,29456,0,0.1,0,0.0538462,0.446764,29456,0,0.1,0,0,0.1,0,0.0615385,0.335736,33664,0,0.1,0,0.0288462,1.00961,12624,0.0384615,0.401583,16832,0.1,0.506734,54704
129.8,0,0.1,0,0,0.1,0,0.00769231,0.443019,4208,0.0384615,0.376582,21040,0.0961538,0.497779,42080,0.05,0.835863,25248,0,0.1,0,0.0416667,0.455289,21040,0,0.1,0,0,0.1,0,0.0615385,0.335736,33664,0,0.1,0,0.0288462,1.00961,12624,0.0384615,0.401583,16832,0.1,0.511824,54704
129.9,0,0.1,0,0,0.1,0,0.00769231,0.443019,4208,0.0384615,0.376582,21040,0.0961538,0.496126,42080,0.0461538,0.835863,25248,0,0.1,0,0.0461538,0.45286,25248,0,0.1,0,0,0.1,0,0.0833333,0.353352,42080,0,0.1,0,0.03125,1.00961,12624,0.0416667,0.401583,16832,0.1,0.517542,50496
130,0,0.1,0,0,0.1,0,0.00833333,0.443019,4208,0.0416667,0.376582,21040,0.125,0.495857,50496,0.0461538,0.835863,25248,0,0.1,0,0.0538462,0.439621,29456,0,0.1,0,0,0.1,0,0.0692308,0.372282,37872,0,0.1,0,0.0192308,1.04254,8416,0.0384615,0.401583,16832,0.0923077,0.515206,50496
130.1,0,0.1,0,0,0.1,0,0.00769231,0.443019,4208,0.0307692,0.366543,16832,0.105769,0.491616,46288,0.05,0.835863,25248,0,0.1,0,0.05,0.439755,25248,0.0104167,0.390089,4208,0,0.1,0,0.0615385,0.394085,33664,0,0.1,0,0.0192308,1.04254,8416,0.0288462,0.310759,12624,0.107692,0.50693,58912
130.2,0,0.1,0,0,0.1,0,0.00769231,0.443019,4208,0.0230769,0.365846,12624,0.115385,0.490748,50496,0.0615385,0.851847,33664,0,0.1,0,0.0461538,0.439755,25248,0.00961538,0.390089,4208,0,0.1,0,0.0583333,0.414174,29456,0,0.1,0,0.0208333,1.04254,8416,0.03125,0.310759,12624,0.108333,0.474796,54704
130.3,0,0.1,0,0,0.1,0,0.00833333,0.443019,4208,0.025,0.365846,12624,0.114583,0.493506,46288,0.0615385,0.851847,33664,0,0.1,0,0.0461538,0.439755,25248,0.00961538,0.390089,4208,0,0.1,0,0.0538462,0.414174,29456,0,0.1,0,0.0192308,1.04254,8416,0.0288462,0.138503,12624,0.0923077,0.440472,50496
130.4,0,0.1,0,0,0.1,0,0.00769231,0.443019,4208,0.0153846,0.346743,8416,0.105769,0.493506,46288,0.0666667,0.851847,33664,0,0.1,0,0.0583333,0.445169,29456,0.0104167,0.390089,4208,0,0.1,0,0.0538462,0.414174,29456,0,0.1,0,0.00961538,1.11371,4208,0.0384615,0.16281,16832,0.0923077,0.440472,50496
130.5,0,0.1,0,0,0.1,0,0.00769231,0.443019,4208,0.0153846,0.346743,8416,0.105769,0.493506,46288,0.0692308,0.857475,37872,0,0.1,0,0.0538462,0.445169,29456,0.00961538,0.390089,4208,0,0.1,0,0.0666667,0.424073,33664,0,0.1,0,0.0104167,1.11371,4208,0.0416667,0.16281,16832,0.1,0.440472,50496
130.6,0,0.1,0,0,0.1,0,0.00833333,0.443019,4208,0.0166667,0.346743,8416,0.114583,0.493506,46288,0.0692308,0.857475,37872,0,0.1,0,0.0615385,0.442764,33664,0.00961538,0.390089,4208,0,0.1,0,0.0615385,0.424073,33664,0,0.1,0,0,0.1,0,0.0384615,0.16281,16832,0.0846154,0.445866,46288
130.7,0,0.1,0,0,0.1,0,0.00769231,0.443019,4208,0.00769231,0.291094,4208,0.115385,0.508212,50496,0.075,0.857475,37872,0,0.1,0,0.0666667,0.442764,33664,0.0104167,0.390089,4208,0,0.1,0,0.0615385,0.424073,33664,0,0.1,0,0,0.1,0,0.0384615,0.16281,16832,0.0769231,0.451101,42080
130.8,0,0.1,0,0.0153846,0.178991,8416,0,0.1,0,0,0.1,0,0.105769,0.507198,46288,0.0769231,0.84542,42080,0,0.1,0,0.0538462,0.43447,29456,0.0192308,0.53751,8416,0,0.1,0,0.0583333,0.425096,29456,0,0.1,0,0,0.1,0,0.0520833,0.141897,21040,0.0833333,0.451101,42080
130.9,0,0.1,0,0.0333333,0.200905,16832,0,0.1,0,0,0.1,0,0.125,0.507707,50496,0.0769231,0.862781,42080,0,0.1,0,0.0461538,0.431359,25248,0.0192308,0.53751,8416,0,0.1,0,0.0615385,0.430518,33664,0,0.1,0,0,0.1,0,0.0480769,0.133391,21040,0.0769231,0.451101,42080
131,0,0.1,0,0.0384615,0.203738,21040,0,0.1,0,0,0.1,0,0.125,0.507587,54704,0.0833333,0.862781,42080,0,0.1,0,0.05,0.431359,25248,0.0208333,0.53751,8416,0,0.1,0,0.0615385,0.44471,33664,0,0.1,0,0,0.1,0,0.0480769,0.133391,21040,0.0769231,0.444583,42080
131.1,0,0.1,0,0.0461538,0.193973,25248,0,0.1,0,0,0.1,0,0.0961538,0.511293,42080,0.0846154,0.851269,46288,0,0.1,0,0.0461538,0.431359,25248,0.0192308,0.53751,8416,0,0.1,0,0.0666667,0.434487,33664,0,0.1,0,0,0.1,0,0.0625,0.119372,25248,0.075,0.449649,37872
131.2,0,0.1,0,0.05,0.193973,25248,0,0.1,0,0,0.1,0,0.09375,0.514744,37872,0.0846154,0.851269,46288,0,0.1,0,0.0461538,0.427378,25248,0.0288462,0.502104,12624,0,0.1,0,0.0615385,0.434487,33664,0,0.1,0,0,0.1,0,0.0576923,0.119372,25248,0.0692308,0.463843,37872
131.3,0,0.1,0,0.0461538,0.193973,25248,0,0.1,0,0,0.1,0,0.0961538,0.527661,42080,0.0833333,0.846293,42080,0,0.1,0,0.05,0.427378,25248,0.0416667,0.583144,16832,0,0.1,0,0.0615385,0.408223,33664,0,0.1,0,0,0.1,0,0.0576923,0.119372,25248,0.0692308,0.463002,37872
131.4,0,0.1,0,0.0538462,0.189333,29456,0,0.1,0,0,0.1,0,0.0961538,0.527661,42080,0.0692308,0.82267,37872,0,0.1,0,0.0615385,0.434327,33664,0.0384615,0.583144,16832,0,0.1,0,0.0833333,0.369667,42080,0,0.1,0,0,0.1,0,0.0520833,0.114026,21040,0.0916667,0.457203,46288
131.5,0,0.1,0,0.0666667,0.186029,33664,0,0.1,0,0,0.1,0,0.104167,0.527661,42080,0.0538462,0.809412,29456,0,0.1,0,0.0692308,0.431624,37872,0.0384615,0.583144,16832,0,0.1,0,0.0769231,0.369667,42080,0,0.1,0,0.00961538,0.803631,4208,0.0480769,0.114026,21040,0.107692,0.480914,58912
131.6,0,0.1,0,0.0615385,0.186029,33664,0,0.1,0,0,0.1,0,0.0943396,0.527661,42080,0.0583333,0.809412,29456,0.0125,0.103138,4208,0.0833333,0.438541,42080,0.0416667,0.583144,16832,0,0.1,0,0.0923077,0.402658,50496,0,0.1,0,0.00961538,0.803631,4208,0.0471698,0.114026,21040,0.115385,0.479847,63120
131.7,0,0.1,0,0.0615385,0.186029,33664,0,0.1,0,0,0.1,0,0.0740741,0.536651,33664,0.0615385,0.817907,33664,0.0113636,0.103138,4208,0.0923077,0.437265,50496,0.0377358,0.583144,16832,0,0.1,0,0.116667,0.353121,58912,0,0.1,0,0.0104167,0.803631,4208,0.0612245,0.133297,25248,0.125,0.477693,63120
131.8,0,0.1,0,0.0666667,0.186029,33664,0,0.1,0,0,0.1,0,0.08,0.540075,33664,0.0692308,0.825033,37872,0.0108696,0.103138,4208,0.0923077,0.440148,50496,0.037037,0.583144,16832,0,0.1,0,0.1,0.317097,54704,0,0.1,0,0.00961538,0.803631,4208,0.0555556,0.133297,25248,0.130769,0.506663,71536
131.9,0,0.1,0,0.0692308,0.200751,37872,0,0.1,0,0,0.1,0,0.0727273,0.53627,33664,0.075,0.825033,37872,0.0113636,0.103138,4208,0.0833333,0.446584,42080,0.05,0.549146,21040,0,0.1,0,0.107692,0.298775,58912,0,0.1,0,0.00961538,0.803631,4208,0.0545455,0.133297,25248,0.130769,0.507168,71536
132,0.00819672,0.514282,4208,0.0692308,0.200751,37872,0,0.1,0,0,0.1,0,0.0714286,0.53627,33664,0.0769231,0.829645,42080,0.0208333,0.0818568,8416,0.0769231,0.446584,42080,0.0363636,0.588911,16832,0,0.1,0,0.125,0.279585,63120,0,0.1,0,0.0104167,0.803631,4208,0.0588235,0.133297,25248,0.15,0.518832,75744
132.1,0.00892857,0.514282,4208,0.075,0.200751,37872,0,0.1,0,0,0.1,0,0.0769231,0.54127,33664,0.0615385,0.812106,33664,0.02,0.0818568,8416,0.0846154,0.481843,46288,0.0357143,0.588911,16832,0,0.1,0,0.123077,0.269324,67328,0,0.1,0,0.00961538,0.803631,4208,0.0625,0.162306,29456,0.146154,0.516462,79952
132.2,0.00833333,0.514282,4208,0.0692308,0.200751,37872,0,0.1,0,0,0.1,0,0.0733945,0.54127,33664,0.0666667,0.812106,33664,0.0208333,0.0818568,8416,0.0916667,0.481843,46288,0.0480769,0.555636,21040,0,0.1,0,0.123077,0.269324,67328,0,0.1,0,0.00961538,0.803631,4208,0.0526316,0.159075,25248,0.146154,0.516462,79952
132.3,0.00847458,0.514282,4208,0.0692308,0.200751,37872,0.00847458,0.136668,4208,0,0.1,0,0.0754717,0.54127,33664,0.0769231,0.827883,42080,0.0192308,0.0818568,8416,0.0846154,0.482285,46288,0.0438596,0.555636,21040,0,0.1,0,0.141667,0.26725,71536,0,0.1,0,0.0104167,0.803631,4208,0.0566038,0.189072,25248,0.158333,0.516462,79952
132.4,0.0185185,0.508748,8416,0.0833333,0.232904,42080,0.00925926,0.136668,4208,0.00925926,0.425982,4208,0.0816327,0.54127,33664,0.0692308,0.819593,37872,0.0192308,0.0818568,8416,0.0923077,0.475517,50496,0.0431034,0.555636,21040,0,0.1,0,0.123077,0.253118,67328,0,0.1,0,0.00961538,0.803631,4208,0.0775862,0.268863,37872,0.169231,0.526871,92576
132.5,0.0172414,0.508748,8416,0.0769231,0.232904,42080,0.0172414,0.178953,8416,0.00862069,0.425982,4208,0.0776699,0.54127,33664,0.075,0.819593,37872,0.03125,0.0811192,12624,0.0916667,0.480025,46288,0.0462963,0.555636,21040,0,0.1,0,0.123077,0.253118,67328,0,0.1,0,0.00961538,0.803631,4208,0.0932203,0.287377,46288,0.176923,0.541043,96784
132.6,0.0175439,0.508748,8416,0.0846154,0.264421,46288,0.0175439,0.178953,8416,0.00877193,0.425982,4208,0.07,0.522882,29456,0.0692308,0.819593,37872,0.0384615,0.0698521,16832,0.1,0.474152,54704,0.0423729,0.555636,21040,0,0.1,0,0.133333,0.253118,67328,0,0.1,0,0.0104167,0.803631,4208,0.1,0.287377,46288,0.2,0.536238,100992
132.7,0.0192308,0.508748,8416,0.0833333,0.306085,42080,0.0192308,0.178953,8416,0.00961538,0.425982,4208,0.076087,0.522882,29456,0.0692308,0.836467,37872,0.0384615,0.0698521,16832,0.1,0.474152,54704,0.0416667,0.509842,21040,0,0.1,0,0.130769,0.255509,71536,0,0.1,0,0.00961538,0.803631,4208,0.0833333,0.310291,42080,0.2,0.534288,105200
132.8,0.0178571,0.508748,8416,0.0615385,0.326901,33664,0.0178571,0.178953,8416,0.00892857,0.425982,4208,0.0824742,0.535907,33664,0.0666667,0.850076,33664,0.0416667,0.0698521,16832,0.108333,0.474152,54704,0.0446429,0.509842,21040,0,0.1,0,0.123077,0.2422,67328,0,0.1,0,0.00961538,0.803631,4208,0.0737705,0.339747,37872,0.216,0.544408,113616
132.9,0.0181818,0.508748,8416,0.0538462,0.342878,29456,0.0181818,0.178953,8416,0.00909091,0.425982,4208,0.0744681,0.540158,29456,0.0692308,0.856565,37872,0.0480769,0.0608913,21040,0.1,0.474152,54704,0.0409836,0.509842,21040,0,0.1,0,0.133333,0.23577,67328,0,0.1,0,0.0104167,0.803631,4208,0.0789474,0.339747,37872,0.234783,0.561941,113616
133,0.02,0.508748,8416,0.05,0.375832,25248,0.03,0.241815,12624,0.01,0.425982,4208,0.0813953,0.540158,29456,0.0615385,0.871617,33664,0.0480769,0.0608913,21040,0.1,0.474152,54704,0.0403226,0.509842,21040,0,0.1,0,0.130769,0.237313,71536,0,0.1,0,0.0192308,0.848706,8416,0.0645161,0.376055,33664,0.216,0.561941,113616
133.1,0.0185185,0.508748,8416,0.0461538,0.375832,25248,0.0277778,0.241815,12624,0.00925926,0.425982,4208,0.0769231,0.540158,29456,0.075,0.869451,37872,0.0520833,0.0608913,21040,0.108333,0.475535,54704,0.0431034,0.521117,21040,0,0.1,0,0.130769,0.237313,71536,0,0.1,0,0.0192308,0.848706,8416,0.0634921,0.376055,33664,0.232,0.550738,122032
133.2,0.0188679,0.508748,8416,0.0461538,0.375832,25248,0.0377358,0.295541,16832,0.00943396,0.425982,4208,0.0909091,0.51326,33664,0.0692308,0.869451,37872,0.0576923,0.07774,25248,0.107692,0.467923,58912,0.031746,0.44483,16832,0,0.1,0,0.133333,0.234657,67328,0,0.1,0,0.0208333,0.848706,8416,0.0677966,0.376055,33664,0.252174,0.548064,122032
133.3,0.0208333,0.508748,8416,0.05,0.412278,25248,0.0416667,0.295541,16832,0.0104167,0.425982,4208,0.1,0.51326,33664,0.0769231,0.878804,42080,0.0576923,0.07774,25248,0.115385,0.459375,63120,0.0390625,0.503373,21040,0,0.1,0,0.107692,0.231111,58912,0,0.1,0,0.0192308,0.848706,8416,0.0625,0.376055,33664,0.224,0.553158,117824
133.4,0.0192308,0.508748,8416,0.0384615,0.462153,21040,0.0384615,0.295541,16832,0.00961538,0.425982,4208,0.105882,0.510749,37872,0.0833333,0.878804,42080,0.0625,0.07774,25248,0.125,0.459601,63120,0.0416667,0.503373,21040,0,0.1,0,0.115385,0.236208,63120,0,0.1,0,0.00961538,0.893781,4208,0.0615385,0.376055,33664,0.2,0.551395,105200
133.5,0.0192308,0.508748,8416,0.0384615,0.462153,21040,0.0480769,0.344465,21040,0.00961538,0.425982,4208,0.1125,0.510749,37872,0.0846154,0.871525,46288,0.0480769,0.0726603,21040,0.107692,0.456659,58912,0.0384615,0.503373,21040,0,0.1,0,0.116667,0.198096,58912,0,0.1,0,0.0104167,0.893781,4208,0.0666667,0.376055,33664,0.208696,0.553519,100992
133.6,0.0208333,0.508748,8416,0.0416667,0.462153,21040,0.0520833,0.344465,21040,0.0104167,0.425982,4208,0.128571,0.510749,37872,0.0769231,0.87094,42080,0.0576923,0.105974,25248,0.1,0.459388,54704,0.0384615,0.503373,21040,0,0.1,0,0.0923077,0.221796,50496,0,0.1,0,0.00961538,0.893781,4208,0.0538462,0.396969,29456,0.192,0.556566,100992
133.7,0.0192308,0.508748,8416,0.0461538,0.483356,25248,0.0576923,0.375015,25248,0.00961538,0.425982,4208,0.12,0.509218,37872,0.0833333,0.875159,42080,0.0625,0.105974,25248,0.1,0.458061,50496,0.0416667,0.503373,21040,0,0.1,0,0.0846154,0.239578,46288,0,0.1,0,0.00961538,0.893781,4208,0.0538462,0.396969,29456,0.176,0.54135,92576
133.8,0.0192308,0.508748,8416,0.0461538,0.574731,25248,0.0576923,0.375015,25248,0.00961538,0.425982,4208,0.128571,0.510174,37872,0.0769231,0.875159,42080,0.0576923,0.105974,25248,0.0923077,0.458061,50496,0.0384615,0.547247,21040,0,0.1,0,0.0833333,0.257477,42080,0,0.1,0,0.0104167,0.893781,4208,0.0583333,0.396969,29456,0.208696,0.545987,100992
133.9,0.0104167,0.503215,4208,0.05,0.574731,25248,0.0625,0.375015,25248,0.0104167,0.425982,4208,0.15,0.510174,37872,0.0692308,0.875605,37872,0.0480769,0.115054,21040,0.0923077,0.458061,50496,0.0538462,0.515849,29456,0,0.1,0,0.0846154,0.310398,46288,0,0.1,0,0.00961538,0.893781,4208,0.0538462,0.396969,29456,0.168,0.546288,88368
134,0.00961538,0.503215,4208,0.0461538,0.574731,25248,0.0576923,0.375015,25248,0.00961538,0.425982,4208,0.123077,0.508797,33664,0.075,0.875605,37872,0.0729167,0.189672,29456,0.0916667,0.423846,46288,0.0583333,0.515849,29456,0,0.1,0,0.0769231,0.329898,42080,0,0.1,0,0.00961538,0.893781,4208,0.0461538,0.407072,25248,0.176,0.586429,92576
134.1,0.00961538,0.503215,4208,0.0461538,0.574731,25248,0.0576923,0.375015,25248,0.00961538,0.425982,4208,0.123077,0.508797,33664,0.0692308,0.875605,37872,0.0673077,0.189672,29456,0.0846154,0.423846,46288,0.0538462,0.540303,29456,0,0.1,0,0.1,0.356716,50496,0,0.1,0,0.0104167,0.893781,4208,0.05,0.407072,25248,0.191304,0.586429,92576
134.2,0.0104167,0.503215,4208,0.0666667,0.618249,33664,0.0625,0.414845,25248,0.0104167,0.425982,4208,0.15,0.508519,37872,0.0615385,0.874594,33664,0.0673077,0.189672,29456,0.0923077,0.420416,50496,0.0538462,0.540303,29456,0,0.1,0,0.0923077,0.37439,50496,0,0.1,0,0.0192308,0.858684,8416,0.0384615,0.405344,21040,0.176,0.586429,92576
134.3,0,0.1,0,0.0538462,0.631959,29456,0.0576923,0.414845,25248,0,0.1,0,0.138462,0.508519,37872,0.0666667,0.874594,33664,0.0729167,0.189672,29456,0.0916667,0.422175,46288,0.0583333,0.540303,29456,0,0.1,0,0.0923077,0.37439,50496,0,0.1,0,0.0192308,0.858684,8416,0.0153846,0.370692,8416,0.152,0.585424,79952
134.4,0,0.1,0,0.0538462,0.631959,29456,0.0480769,0.453567,21040,0,0.1,0,0.138462,0.508519,37872,0.0615385,0.874594,33664,0.0576923,0.20801,25248,0.0923077,0.428752,50496,0.0538462,0.540303,29456,0,0.1,0,0.1,0.37439,50496,0,0.1,0,0.0208333,0.858684,8416,0,0.1,0,0.165217,0.561061,79952
134.5,0,0.1,0,0.05,0.640687,25248,0.0520833,0.453567,21040,0,0.1,0,0.15,0.508519,37872,0.0615385,0.874594,33664,0.0480769,0.242402,21040,0.0846154,0.42371,46288,0.0538462,0.540303,29456,0,0.1,0,0.1,0.379197,54704,0,0.1,0,0.0192308,0.858684,8416,0,0.1,0,0.152,0.562683,79952
134.6,0,0.1,0,0.0384615,0.666785,21040,0.0480769,0.453567,21040,0.00961538,0.813773,4208,0.138462,0.508519,37872,0.0583333,0.872565,29456,0.0520833,0.242402,21040,0.1,0.428215,50496,0.05,0.55436,25248,0,0.1,0,0.107692,0.39013,58912,0,0.1,0,0.0192308,0.858684,8416,0,0.1,0,0.138462,0.56686,75744
134.7,0,0.1,0,0.0384615,0.666785,21040,0.0576923,0.46732,25248,0.00961538,0.813773,4208,0.123077,0.509153,33664,0.0538462,0.872565,29456,0.0480769,0.242402,21040,0.0923077,0.428215,50496,0.0461538,0.55436,25248,0,0.1,0,0.116667,0.39013,58912,0,0.1,0,0.0208333,0.858684,8416,0,0.1,0,0.141667,0.573128,71536
134.8,0,0.1,0,0.0416667,0.666785,21040,0.0625,0.46732,25248,0.03125,0.569046,12624,0.133333,0.509153,33664,0.0461538,0.86658,25248,0.0480769,0.316152,21040,0.1,0.430597,54704,0.0461538,0.55436,25248,0,0.1,0,0.1,0.393514,54704,0,0.1,0,0.0192308,0.858684,8416,0,0.1,0,0.123077,0.554408,67328
134.9,0,0.1,0,0.0384615,0.666785,21040,0.0673077,0.353008,29456,0.0288462,0.569046,12624,0.138462,0.521672,37872,0.05,0.86658,25248,0.0625,0.318755,25248,0.108333,0.430597,54704,0.05,0.55436,25248,0,0.1,0,0.0846154,0.409323,46288,0,0.1,0,0.00961538,0.823588,4208,0,0.1,0,0.130769,0.574322,71536
135,0,0.1,0,0.0384615,0.666785,21040,0.08,0.310184,33664,0.0288462,0.569046,12624,0.138462,0.521672,37872,0.0461538,0.881075,25248,0.0673077,0.297637,29456,0.0923077,0.431312,50496,0.04,0.567699,21040,0,0.1,0,0.0916667,0.409323,46288,0,0.1,0,0.0104167,0.823588,4208,0,0.1,0,0.116667,0.63239,58912
135.1,0,0.1,0,0.0416667,0.666785,21040,0.0869565,0.317845,33664,0.03125,0.569046,12624,0.116667,0.532309,29456,0.0461538,0.881075,25248,0.0576923,0.320245,25248,0.107692,0.419187,58912,0.0416667,0.567699,21040,0,0.1,0,0.0846154,0.409323,46288,0,0.1,0,0.00961538,0.823588,4208,0,0.1,0,0.107692,0.668248,58912
135.2,0,0.1,0,0.0307692,0.738439,16832,0.09375,0.340792,37872,0.0384615,0.537975,16832,0.107692,0.532309,29456,0.0333333,0.890088,16832,0.0625,0.320245,25248,0.116667,0.382234,58912,0.0363636,0.525237,16832,0,0.1,0,0.0846154,0.419715,46288,0,0.1,0,0.00961538,0.823588,4208,0,0.1,0,0.1,0.684515,54704
135.3,0,0.1,0,0.0307692,0.738439,16832,0.108696,0.306863,42080,0.0384615,0.537975,16832,0.0923077,0.53925,25248,0.0307692,0.890088,16832,0.0576923,0.320245,25248,0.123077,0.338303,67328,0.0347826,0.525237,16832,0,0.1,0,0.0916667,0.423804,46288,0,0.1,0,0.0104167,0.823588,4208,0,0.1,0,0.108333,0.684515,54704
135.4,0,0.1,0,0.0333333,0.738439,16832,0.107143,0.280941,37872,0.0520833,0.487054,21040,0.1,0.53925,25248,0.0384615,0.86979,21040,0.0576923,0.320245,25248,0.130769,0.325272,71536,0.0363636,0.525237,16832,0,0.1,0,0.0846154,0.435444,46288,0,0.1,0,0.00961538,0.823588,4208,0,0.1,0,0.0923077,0.704738,50496
135.5,0,0.1,0,0.0384615,0.768448,21040,0.102273,0.280941,37872,0.0480769,0.487054,21040,0.0923077,0.53925,25248,0.0416667,0.86979,21040,0.0520833,0.329786,21040,0.158333,0.300956,79952,0.05,0.491098,21040,0,0.1,0,0.0846154,0.435444,46288,0,0.1,0,0.00961538,0.823588,4208,0,0.1,0,0.0846154,0.723241,46288
135.6,0.00961538,0.887327,4208,0.0307692,0.813217,16832,0.107143,0.235487,37872,0.0480769,0.487054,21040,0.0769231,0.54645,21040,0.0307692,0.856178,16832,0.0480769,0.329786,21040,0.161538,0.287696,88368,0.0666667,0.447553,29456,0,0.1,0,0.0916667,0.435444,46288,0,0.1,0,0.0104167,0.823588,4208,0,0.1,0,0.0916667,0.723241,46288
135.7,0.0104167,0.887327,4208,0.0333333,0.837571,16832,0.144737,0.20365,46288,0.0625,0.5159,25248,0.05,0.588354,12624,0.0307692,0.856178,16832,0.0480769,0.329786,21040,0.169231,0.284742,92576,0.06,0.416724,25248,0,0.1,0,0.0846154,0.435444,46288,0,0.1,0,0.00961538,0.823588,4208,0,0.1,0,0.0615385,0.783736,33664
135.8,0.0192308,0.896195,8416,0.0307692,0.837571,16832,0.1375,0.20365,46288,0.0576923,0.5159,25248,0.0461538,0.588354,12624,0.0333333,0.856178,16832,0.0520833,0.329786,21040,0.191667,0.283482,96784,0.0444444,0.406409,16832,0,0.1,0,0.0692308,0.437704,37872,0,0.1,0,0.00961538,0.823588,4208,0,0.1,0,0.0769231,0.798409,42080
135.9,0.0192308,0.896195,8416,0.0307692,0.837571,16832,0.144737,0.20365,46288,0.0769231,0.536374,33664,0.0461538,0.588354,12624,0.0307692,0.856178,16832,0.0288462,0.298831,12624,0.2,0.273076,109408,0.0421053,0.406409,16832,0,0.1,0,0.075,0.437704,37872,0,0.1,0,0.0104167,0.823588,4208,0,0.1,0,0.075,0.773093,37872
136,0.0208333,0.896195,8416,0.0333333,0.837571,16832,0.176471,0.191494,50496,0.0833333,0.536374,33664,0.05,0.588354,12624,0.0384615,0.824615,21040,0.0384615,0.246497,16832,0.215385,0.264774,117824,0.0555556,0.357537,21040,0,0.1,0,0.0538462,0.422531,29456,0,0.1,0,0.00961538,0.823588,4208,0,0.1,0,0.0692308,0.773093,37872
136.1,0.0192308,0.896195,8416,0.0153846,0.92634,8416,0.180556,0.155945,54704,0.0769231,0.536374,33664,0.0307692,0.629387,8416,0.0333333,0.806197,16832,0.0520833,0.207697,21040,0.225,0.243964,113616,0.0875,0.367216,29456,0,0.1,0,0.0461538,0.418593,25248,0,0.1,0,0,0.1,0,0,0.1,0,0.0846154,0.792054,46288
136.2,0.0192308,0.896195,8416,0.0153846,0.92634,8416,0.235294,0.133133,67328,0.0769231,0.536374,33664,0.0307692,0.629387,8416,0.0307692,0.806197,16832,0.0480769,0.207697,21040,0.215385,0.237942,117824,0.0823529,0.367216,29456,0,0.1,0,0.05,0.418593,25248,0,0.1,0,0.0104167,0.423254,4208,0,0.1,0,0.1,0.797787,50496
136.3,0.0208333,0.896195,8416,0.0166667,0.92634,8416,0.266667,0.133133,67328,0.0833333,0.536374,33664,0.0333333,0.629387,8416,0.0307692,0.806197,16832,0.0769231,0.150703,33664,0.223077,0.222275,122032,0.0875,0.367216,29456,0,0.1,0,0.0538462,0.425644,29456,0,0.1,0,0.00961538,0.423254,4208,0,0.1,0,0.0923077,0.846525,50496
136.4,0.0192308,0.896195,8416,0.0153846,0.92634,8416,0.296875,0.116073,79952,0.0769231,0.536374,33664,0.0307692,0.629387,8416,0.0333333,0.806197,16832,0.0833333,0.150703,33664,0.25,0.208354,126240,0.1,0.367216,29456,0,0.1,0,0.0615385,0.418585,33664,0,0.1,0,0.00961538,0.423254,4208,0,0.1,0,0.0846154,0.881977,46288
136.5,0.0192308,0.896195,8416,0.0153846,0.92634,8416,0.333333,0.111473,84160,0.0865385,0.507484,37872,0.0307692,0.629387,8416,0.0307692,0.806197,16832,0.0961538,0.130204,42080,0.230769,0.194144,126240,0.0933333,0.367216,29456,0,0.1,0,0.05,0.42044,25248,0,0.1,0,0.0104167,0.423254,4208,0,0.1,0,0.1,0.879607,50496
136.6,0.0208333,0.896195,8416,0.0166667,0.92634,8416,0.403846,0.0842399,88368,0.114583,0.497468,46288,0.0166667,0.621831,4208,0.0307692,0.806197,16832,0.0943396,0.130204,42080,0.230769,0.194144,126240,0.1,0.367216,29456,0,0.1,0,0.0461538,0.42044,25248,0,0.1,0,0.00943396,0.423254,4208,0,0.1,0,0.0846154,0.879434,46288
136.7,0.0188679,0.896195,8416,0.0153846,0.92634,8416,0.410714,0.0815114,96784,0.103774,0.5097,46288,0.0153846,0.621831,4208,0.0333333,0.806197,16832,0.112245,0.0940721,46288,0.241667,0.185005,122032,0.116667,0.367216,29456,0,0.1,0,0.0461538,0.42044,25248,0,0.1,0,0.00925926,0.423254,4208,0,0.1,0,0.1,0.853347,54704
136.8,0.0185185,0.896195,8416,0.0153846,0.92634,8416,0.403846,0.0876232,88368,0.101852,0.5097,46288,0,0.1,0,0.0307692,0.806197,16832,0.0925926,0.0703021,42080,0.230769,0.182965,126240,0.107692,0.367216,29456,0,0.1,0,0.05,0.42044,25248,0,0.1,0,0.01,0.423254,4208,0,0.1,0,0.1,0.850048,50496
136.9,0.02,0.896195,8416,0.0166667,0.92634,8416,0.458333,0.0883012,92576,0.11,0.5097,46288,0,0.1,0,0.0307692,0.717059,16832,0.0818182,0.0591217,37872,0.230769,0.182965,126240,0.107692,0.367216,29456,0,0.1,0,0.0461538,0.42044,25248,0,0.1,0,0.0181818,0.382199,8416,0,0.1,0,0.1,0.794218,54704
137,0.0181818,0.896195,8416,0.0153846,0.92634,8416,0.442308,0.064231,96784,0.118182,0.507234,54704,0,0.1,0,0.0333333,0.717059,16832,0.0882353,0.0591217,37872,0.225,0.163968,113616,0.15,0.340442,37872,0,0.1,0,0.0461538,0.42044,25248,0,0.1,0,0.0178571,0.382199,8416,0,0.1,0,0.0923077,0.78418,50496
137.1,0.0178571,0.896195,8416,0.0153846,0.92634,8416,0.423077,0.0433158,92576,0.116071,0.504691,54704,0,0.1,0,0.0307692,0.717059,16832,0.0803571,0.0591217,37872,0.184615,0.153934,100992,0.153846,0.326875,42080,0,0.1,0,0.0583333,0.39771,29456,0,0.1,0,0.0192308,0.382199,8416,0,0.1,0,0.1,0.78418,50496
137.2,0.0192308,0.896195,8416,0.0166667,0.92634,8416,0.458333,0.0466124,92576,0.134615,0.503673,58912,0,0.1,0,0.0307692,0.717059,16832,0.0789474,0.0591217,37872,0.161538,0.153307,88368,0.153846,0.326875,42080,0,0.1,0,0.0461538,0.405237,25248,0,0.1,0,0.0175439,0.382199,8416,0,0.1,0,0.0923077,0.78418,50496
137.3,0.0175439,0.896195,8416,0.0153846,0.92634,8416,0.442308,0.0468258,96784,0.122807,0.514953,58912,0,0.1,0,0.025,0.694042,12624,0.0849057,0.0591217,37872,0.183333,0.189852,92576,0.166667,0.326875,42080,0,0.1,0,0.0384615,0.387587,21040,0,0.1,0,0.0172414,0.382199,8416,0,0.1,0,0.0923077,0.78418,50496
137.4,0.0172414,0.896195,8416,0.00769231,0.964198,4208,0.442308,0.0468258,96784,0.12069,0.514953,58912,0,0.1,0,0.0230769,0.694042,12624,0.0775862,0.0591217,37872,0.146154,0.186715,79952,0.153846,0.326484,42080,0,0.1,0,0.0416667,0.387587,21040,0,0.1,0,0.0185185,0.382199,8416,0,0.1,0,0.108333,0.763912,54704
137.5,0.00925926,0.905063,4208,0.00833333,0.964198,4208,0.458333,0.0435601,92576,0.12963,0.514953,58912,0,0.1,0,0.0230769,0.694042,12624,0.0762712,0.0591217,37872,0.130769,0.189655,71536,0.123077,0.323433,33664,0,0.1,0,0.0384615,0.387587,21040,0,0.1,0,0.0169492,0.382199,8416,0,0.1,0,0.1,0.763912,54704
137.6,0.00847458,0.905063,4208,0,0.1,0,0.403846,0.0408595,88368,0.118644,0.525717,58912,0,0.1,0,0.025,0.694042,12624,0.0818182,0.0591217,37872,0.133333,0.18759,67328,0.133333,0.323433,33664,0,0.1,0,0.0384615,0.387587,21040,0,0.1,0,0.0166667,0.382199,8416,0,0.1,0,0.1,0.763912,54704
137.7,0,0.1,0,0,0.1,0,0.423077,0.0402754,92576,0.116667,0.525717,58912,0,0.1,0,0.0230769,0.694042,12624,0.075,0.0591217,37872,0.115385,0.183045,63120,0.123077,0.323433,33664,0,0.1,0,0.0416667,0.387587,21040,0,0.1,0,0.0178571,0.382199,8416,0,0.1,0,0.0916667,0.746969,46288
137.8,0,0.1,0,0,0.1,0,0.520833,0.0400998,105200,0.107143,0.513704,50496,0,0.1,0,0.0230769,0.694042,12624,0.0737705,0.0591217,37872,0.1,0.199209,54704,0.138462,0.34031,37872,0,0.1,0,0.0461538,0.418198,25248,0,0.1,0,0.0163934,0.382199,8416,0,0.1,0,0.0846154,0.709639,46288
137.9,0,0.1,0,0,0.1,0,0.461538,0.0393631,100992,0.0983607,0.513704,50496,0,0.1,0,0.0166667,0.691882,8416,0.0701754,0.0553249,33664,0.0916667,0.206913,46288,0.116667,0.329575,29456,0,0.1,0,0.0461538,0.418198,25248,0,0.1,0,0.016129,0.382199,8416,0,0.1,0,0.0923077,0.688746,50496
138,0,0.1,0,0,0.1,0,0.480769,0.0384451,105200,0.0967742,0.513704,50496,0,0.1,0,0.0153846,0.691882,8416,0.0564516,0.0557289,29456,0.0769231,0.223746,42080,0.0769231,0.30484,21040,0,0.1,0,0.05,0.418198,25248,0,0.1,0,0.0172414,0.382199,8416,0,0.1,0,0.0916667,0.632358,46288
138.1,0,0.1,0,0,0.1,0,0.458333,0.0390126,92576,0.12069,0.498198,58912,0,0.1,0,0.0153846,0.691882,8416,0.0555556,0.0557289,29456,0.1,0.544347,54704,0.0769231,0.30484,21040,0,0.1,0,0.0461538,0.418198,25248,0,0.1,0,0.00793651,0.341145,4208,0,0.1,0,0.0846154,0.600301,46288
138.2,0,0.1,0,0,0.1,0,0.461538,0.0398368,100992,0.119048,0.496193,63120,0,0.1,0,0.0166667,0.691882,8416,0.0338983,0.0557415,16832,0.1,0.568418,50496,0.1,0.336469,25248,0,0.1,0,0.0615385,0.427807,33664,0,0.1,0,0.00813008,0.341145,4208,0,0.1,0,0.0769231,0.562854,42080
138.3,0,0.1,0,0,0.1,0,0.423077,0.0406943,92576,0.125,0.493233,67328,0,0.1,0,0.0153846,0.691882,8416,0.03125,0.0557415,16832,0.0846154,0.617812,46288,0.107692,0.360014,29456,0,0.1,0,0.05,0.436069,25248,0,0.1,0,0.00869565,0.341145,4208,0,0.1,0,0.0916667,0.557079,46288
138.4,0,0.1,0,0,0.1,0,0.4375,0.0414857,88368,0.116667,0.485829,58912,0,0.1,0,0.0153846,0.691882,8416,0.0153846,0.0632749,8416,0.1,0.578838,54704,0.107692,0.360014,29456,0,0.1,0,0.0461538,0.436069,25248,0,0.1,0,0.00833333,0.341145,4208,0,0.1,0,0.0769231,0.527433,42080
138.5,0,0.1,0,0,0.1,0,0.403846,0.0417635,88368,0.107692,0.488342,58912,0,0.1,0,0.025,1.49585,12624,0.0166667,0.0632749,8416,0.108333,0.578838,54704,0.116667,0.360014,29456,0,0.1,0,0.0461538,0.436069,25248,0,0.1,0,0.00833333,0.341145,4208,0,0.1,0,0.0769231,0.527433,42080
138.6,0,0.1,0,0,0.1,0,0.403846,0.0383113,88368,0.0923077,0.484073,50496,0,0.1,0,0.025,1.49585,12624,0,0.1,0,0.107692,0.547724,58912,0.107692,0.360014,29456,0,0.1,0,0.05,0.436069,25248,0,0.1,0,0.00909091,0.341145,4208,0,0.1,0,0.0666667,0.481824,33664
138.7,0,0.1,0,0,0.1,0,0.458333,0.0403504,92576,0.108333,0.477863,54704,0,0.1,0,0.0272727,1.49585,12624,0,0.1,0,0.1,0.580333,54704,0.123077,0.369353,33664,0,0.1,0,0.0538462,0.458093,29456,0,0.1,0,0.00833333,0.341145,4208,0,0.1,0,0.0615385,0.481824,33664
138.8,0,0.1,0,0,0.1,0,0.423077,0.0355559,92576,0.1,0.477863,54704,0,0.1,0,0.04,1.4524,16832,0,0.1,0,0.108333,0.580333,54704,0.133333,0.369353,33664,0,0.1,0,0.0538462,0.458093,29456,0,0.1,0,0,0.1,0,0,0.1,0,0.0461538,0.483206,25248
138.9,0,0.1,0,0,0.1,0,0.384615,0.036477,84160,0.0846154,0.474989,46288,0,0.1,0,0.04,1.4524,16832,0,0.1,0,0.1,0.580333,54704,0.0923077,0.410228,25248,0,0.1,0,0.0583333,0.458093,29456,0,0.1,0,0,0.1,0,0,0.1,0,0.05,0.483206,25248
139,0,0.1,0,0,0.1,0,0.416667,0.036477,84160,0.0833333,0.481318,42080,0,0.1,0,0.0555556,1.32432,21040,0,0.1,0,0.1,0.580333,54704,0.0923077,0.451541,25248,0,0.1,0,0.0384615,0.508542,21040,0,0.1,0,0,0.1,0,0,0.1,0,0.0461538,0.483206,25248
139.1,0,0.1,0,0,0.1,0,0.403846,0.0327187,88368,0.0692308,0.480304,37872,0,0.1,0,0.0625,1.32432,21040,0,0.1,0,0.116667,0.55289,58912,0.116667,0.457916,29456,0,0.1,0,0.0384615,0.508542,21040,0,0.1,0,0,0.1,0,0,0.1,0,0.0461538,0.483206,25248
139.2,0,0.1,0,0,0.1,0,0.423077,0.0308438,92576,0.0615385,0.485182,33664,0,0.1,0,0.05,1.4551,16832,0,0.1,0,0.107692,0.516,58912,0.107692,0.457916,29456,0,0.1,0,0.0416667,0.508542,21040,0,0.1,0,0,0.1,0,0,0.1,0,0.05,0.483206,25248
139.3,0,0.1,0,0,0.1,0,0.458333,0.0308438,92576,0.075,0.478276,37872,0,0.1,0,0.0571429,1.4551,16832,0,0.1,0,0.115385,0.499159,63120,0.0923077,0.475795,25248,0,0.1,0,0.0384615,0.508542,21040,0,0.1,0,0,0.1,0,0,0.1,0,0.0384615,0.475707,21040
139.4,0,0.1,0,0,0.1,0,0.442308,0.0296319,96784,0.0692308,0.478276,37872,0,0.1,0,0.0666667,1.4551,16832,0,0.1,0,0.125,0.499159,63120,0.133333,0.395953,33664,0,0.1,0,0.0384615,0.508542,21040,0,0.1,0,0,0.1,0,0,0.1,0,0.0384615,0.475707,21040
139.5,0,0.1,0,0,0.1,0,0.461538,0.0292108,100992,0.0615385,0.436706,33664,0,0.1,0,0.0666667,1.4551,16832,0,0.1,0,0.115385,0.499159,63120,0.138462,0.359008,37872,0,0.1,0,0.0416667,0.508542,21040,0,0.1,0,0,0.1,0,0,0.1,0,0.0416667,0.475707,21040
139.6,0,0.1,0,0,0.1,0,0.5,0.0298607,100992,0.0666667,0.436706,33664,0,0.1,0,0.08,1.4551,16832,0,0.1,0,0.115385,0.499159,63120,0.138462,0.359008,37872,0,0.1,0,0.0384615,0.508542,21040,0,0.1,0,0,0.1,0,0,0.1,0,0.0384615,0.475707,21040
139.7,0,0.1,0,0,0.1,0,0.423077,0.0302707,92576,0.0615385,0.436706,33664,0,0.1,0,0.1,1.4551,16832,0,0.1,0,0.125,0.496161,63120,0.133333,0.344469,33664,0,0.1,0,0.0307692,0.492865,16832,0,0.1,0,0,0.1,0,0,0.1,0,0.0307692,0.478054,16832
139.8,0,0.1,0,0,0.1,0,0.442308,0.0292735,96784,0.0615385,0.436706,33664,0,0.1,0,0.1,1.4551,16832,0,0.1,0,0.123077,0.487992,67328,0.138462,0.310049,37872,0,0.1,0,0.0333333,0.492865,16832,0,0.1,0,0,0.1,0,0,0.1,0,0.025,0.484433,12624
139.9,0,0.1,0,0,0.1,0,0.4375,0.0307754,88368,0.0666667,0.436706,33664,0,0.1,0,0.133333,1.4551,16832,0,0.1,0,0.123077,0.487992,67328,0.153846,0.281571,42080,0,0.1,0,0.0307692,0.492865,16832,0,0.1,0,0,0.1,0,0,0.1,0,0.0153846,0.503778,8416
140,0,0.1,0,0,0.1,0,0.442308,0.0299029,96784,0.0461538,0.44722,25248,0,0.1,0,0.2,1.4551,16832,0,0.1,0,0.108333,0.247813,54704,0.166667,0.281571,42080,0,0.1,0,0.0307692,0.492865,16832,0,0.1,0,0,0.1,0,0,0.1,0,0.00769231,0.499328,4208
140.1,0,0.1,0,0,0.1,0,0.423077,0.026952,92576,0.0461538,0.43896,25248,0,0.1,0,0.2,1.4551,16832,0,0.1,0,0.0923077,0.266031,50496,0.138462,0.257899,37872,0,0.1,0,0.00833333,0.590237,4208,0,0.1,0,0,0.1,0,0,0.1,0,0.00833333,0.499328,4208
140.2,0,0.1,0,0,0.1,0,0.458333,0.0274781,92576,0.0416667,0.436984,21040,0,0.1,0,0.4,1.4551,16832,0,0.1,0,0.0846154,0.273937,46288,0.123077,0.227476,33664,0,0.1,0,0.00769231,0.590237,4208,0,0.1,0,0,0.1,0,0,0.1,0,0,0.1,0
140.3,0,0.1,0,0,0.1,0,0.461538,0.0268978,100992,0.0384615,0.436984,21040,0,0.1,0,0,1.4551,16832,0,0.1,0,0.0666667,0.27911,33664,0.15,0.215386,37872,0,0.1,0,0.0153846,0.367321,8416,0,0.1,0,0,0.1,0,0,0.1,0,0,0.1,0
140.4,0,0.1,0,0,0.1,0,0.423077,0.0256384,92576,0.0230769,0.414981,12624,0,0.1,0,0.6,0.905534,12624,0,0.1,0,0.0769231,0.289395,42080,0.138462,0.215386,37872,0,0.1,0,0.0333333,0.243435,16832,0,0.1,0,0,0.1,0,0,0.1,0,0,0.1,0
140.5,0,0.1,0,0,0.1,0,0.416667,0.0265409,84160,0.025,0.414981,12624,0,0.1,0,0.3,0.905534,12624,0,0.1,0,0.0846154,0.314116,46288,0.138462,0.215386,37872,0,0.1,0,0.0384615,0.204717,21040,0,0.1,0,0,0.1,0,0,0.1,0,0,0.1,0
140.6,0,0.1,0,0,0.1,0,0.384615,0.0237283,84160,0.0153846,0.420797,8416,0,0.1,0,0.3,0.905534,12624,0,0.1,0,0.0916667,0.314116,46288,0.133333,0.187968,33664,0,0.1,0,0.0307692,0.108337,16832,0,0.1,0,0,0.1,0,0,0.1,0,0,0.1,0
140.7,0,0.1,0,0,0.1,0,0.346154,0.0259493,75744,0.0230769,0.411808,12624,0,0.1,0,0.0666667,0.812029,4208,0,0.1,0,0.1,0.317921,54704,0.114286,0.187968,33664,0,0.1,0,0.0333333,0.108337,16832,0,0.1,0,0,0.1,0,0,0.1,0,0,0.1,0
140.8,0,0.1,0,0,0.1,0,0.395833,0.0293536,79952,0.025,0.411808,12624,0,0.1,0,0.05,0.812029,4208,0,0.1,0,0.107692,0.311668,58912,0.106667,0.187968,33664,0,0.1,0,0.0384615,0.0946193,21040,0,0.1,0,0,0.1,0,0,0.1,0,0,0.1,0
140.9,0,0.1,0,0,0.1,0,0.365385,0.0293536,79952,0.0230769,0.411808,12624,0.0125,0.328169,4208,0,0.1,0,0,0.1,0,0.116667,0.311668,58912,0.1,0.150156,29456,0,0.1,0,0.0384615,0.0946193,21040,0,0.1,0,0,0.1,0,0,0.1,0,0,0.1,0
141,0,0.1,0,0,0.1,0,0.326923,0.0309489,71536,0.0230769,0.411808,12624,0.0125,0.328169,4208,0,0.1,0,0,0.1,0,0.1,0.320555,54704,0.075,0.0924875,25248,0,0.1,0,0.0416667,0.0946193,21040,0,0.1,0,0,0.1,0,0,0.1,0,0,0.1,0
141.1,0,0.1,0,0,0.1,0,0.3125,0.0322092,63120,0.025,0.411808,12624,0.0266667,0.421531,8416,0,0.1,0,0,0.1,0,0.115385,0.316838,63120,0.0705882,0.0924875,25248,0,0.1,0,0.0384615,0.0946193,21040,0,0.1,0,0,0.1,0,0,0.1,0,0,0.1,0
141.2,0,0.1,0,0,0.1,0,0.288462,0.0322092,63120,0.0153846,0.406199,8416,0.025,0.421531,8416,0,0.1,0,0,0.1,0,0.133333,0.30916,67328,0.075,0.0924875,25248,0,0.1,0,0.0461538,0.0966824,25248,0,0.1,0,0,0.1,0,0,0.1,0,0,0.1,0
141.3,0,0.1,0,0,0.1,0,0.269231,0.0342977,58912,0.0153846,0.406199,8416,0.025,0.421531,8416,0,0.1,0,0,0.1,0,0.138462,0.308918,75744,0.0444444,0.0605186,16832,0,0.1,0,0.0583333,0.0973896,29456,0,0.1,0,0,0.1,0,0,0.1,0,0,0.1,0
141.4,0,0.1,0,0,0.1,0,0.25,0.0366792,50496,0.0166667,0.406199,8416,0.0266667,0.421531,8416,0,0.1,0,0,0.1,0,0.146154,0.30989,79952,0.0315789,0.0595417,12624,0,0.1,0,0.0538462,0.0973896,29456,0,0.1,0,0,0.1,0,0,0.1,0,0,0.1,0
141.5,0,0.1,0,0,0.1,0,0.211538,0.0360496,46288,0.0153846,0.406199,8416,0.025,0.421531,8416,0,0.1,0,0,0.1,0,0.166667,0.313558,84160,0.0333333,0.0595417,12624,0,0.1,0,0.0538462,0.0973896,29456,0,0.1,0,0,0.1,0,0,0.1,0,0,0.1,0
141.6,0,0.1,0,0,0.1,0,0.188679,0.0330809,42080,0.0153846,0.406199,8416,0.0375,0.489869,12624,0,0.1,0,0,0.1,0,0.153846,0.317183,84160,0.03,0.0595417,12624,0,0.1,0,0.075,0.0944126,37872,0,0.1,0,0,0.1,0,0,0.1,0,0,0.1,0
141.7,0,0.1,0,0,0.1,0,0.183673,0.0359416,37872,0.0166667,0.406199,8416,0.0666667,0.535145,21040,0,0.1,0,0,0.1,0,0.153846,0.321677,84160,0.0190476,0.0719645,8416,0,0.1,0,0.0769231,0.0961925,42080,0,0.1,0,0,0.1,0,0,0.1,0,0,0.1,0
141.8,0,0.1,0,0,0.1,0,0.148148,0.0286323,33664,0.0153846,0.406199,8416,0.075,0.529616,25248,0,0.1,0,0,0.1,0,0.175,0.326226,88368,0.01,0.118666,4208,0,0.1,0,0.0769231,0.0961925,42080,0,0.1,0,0,0.1,0,0,0.1,0,0,0.1,0
141.9,0,0.1,0,0,0.1,0,0.109091,0.0312627,25248,0.0153846,0.406199,8416,0.1125,0.515713,37872,0,0.1,0,0,0.1,0,0.161538,0.332723,88368,0.00909091,0.118666,4208,0,0.1,0,0.0833333,0.0961925,42080,0,0.1,0,0,0.1,0,0,0.1,0,0,0.1,0
142,0,0.1,0,0,0.1,0,0.0980392,0.0369189,21040,0.00833333,0.393832,4208,0.12,0.515713,37872,0,0.1,0,0,0.1,0,0.176923,0.341575,96784,0.00869565,0.118666,4208,0,0.1,0,0.0769231,0.0961925,42080,0,0.1,0,0,0.1,0,0,0.1,0,0,0.1,0
142.1,0,0.1,0,0,0.1,0,0.0714286,0.0396451,16832,0.00769231,0.393832,4208,0.125,0.512333,42080,0,0.1,0,0,0.1,0,0.2,0.347764,100992,0.00909091,0.118666,4208,0,0.1,0,0.0769231,0.0961925,42080,0,0.1,0,0,0.1,0,0,0.1,0,0,0.1,0
142.2,0,0.1,0,0,0.1,0,0.0350877,0.0587756,8416,0.00769231,0.393832,4208,0.125,0.512333,42080,0,0.1,0,0,0.1,0,0.2,0.357018,109408,0,0.1,0,0,0.1,0,0.0833333,0.100103,42080,0,0.1,0,0,0.1,0,0,0.1,0,0,0.1,0
142.3,0,0.1,0,0,0.1,0,0.0377358,0.0587756,8416,0.00833333,0.393832,4208,0.146667,0.513963,46288,0,0.1,0,0,0.1,0,0.184615,0.359225,100992,0,0.1,0,0,0.1,0,0.0692308,0.10452,37872,0,0.1,0,0,0.1,0,0,0.1,0,0,0.1,0
142.4,0,0.1,0,0,0.1,0,0.0344828,0.0587756,8416,0.00769231,0.393832,4208,0.1375,0.513963,46288,0,0.1,0,0,0.1,0,0.2,0.368137,100992,0,0.1,0,0,0.1,0,0.0615385,0.111355,33664,0,0.1,0,0,0.1,0,0,0.1,0,0,0.1,0
142.5,0,0.1,0,0,0.1,0,0.0169492,0.0906308,4208,0.00769231,0.393832,4208,0.1375,0.513963,46288,0,0.1,0,0,0.1,0,0.2,0.375183,109408,0,0.1,0,0,0.1,0,0.0666667,0.111355,33664,0,0.1,0,0,0.1,0,0,0.1,0,0,0.1,0
142.6,0,0.1,0,0,0.1,0,0.0181818,0.0906308,4208,0,0.1,0,0.157143,0.513963,46288,0,0.1,0,0,0.1,0,0.215385,0.384254,117824,0,0.1,0,0,0.1,0,0.0615385,0.111355,33664,0,0.1,0,0,0.1,0,0,0.1,0,0,0.1,0
142.7,0,0.1,0,0,0.1,0,0,0.1,0,0,0.1,0,0.15,0.524153,50496,0,0.1,0,0,0.1,0,0.225,0.389954,113616,0,0.1,0,0,0.1,0,0.0538462,0.121584,29456,0,0.1,0,0,0.1,0,0,0.1,0,0,0.1,0
142.8,0,0.1,0,0,0.1,0,0,0.1,0,0,0.1,0,0.1375,0.54197,46288,0,0.1,0,0,0.1,0,0.215385,0.391927,117824,0,0.1,0,0.0208333,0.540371,4208,0.0583333,0.121584,29456,0,0.1,0,0,0.1,0,0,0.1,0,0,0.1,0
142.9,0,0.1,0,0,0.1,0,0,0.1,0,0,0.1,0,0.146667,0.54197,46288,0,0.1,0,0,0.1,0,0.223077,0.394531,122032,0,0.1,0,0.0204082,0.540371,4208,0.0538462,0.121584,29456,0,0.1,0,0,0.1,0,0,0.1,0,0,0.1,0
143,0,0.1,0,0,0.1,0,0,0.1,0,0,0.1,0,0.117647,0.544678,42080,0,0.1,0,0,0.1,0,0.225,0.417333,113616,0,0.1,0,0.0217391,0.540371,4208,0.0538462,0.121584,29456,0,0.1,0,0,0.1,0,0,0.1,0,0,0.1,0
143.1,0,0.1,0,0,0.1,0,0,0.1,0,0,0.1,0,0.111111,0.544678,42080,0,0.1,0,0,0.1,0,0.192308,0.432425,105200,0,0.1,0,0.02,0.540371,4208,0.05,0.124015,25248,0,0.1,0,0,0.1,0,0,0.1,0,0,0.1,0
143.2,0,0.1,0,0,0.1,0,0,0.1,0,0,0.1,0,0.129412,0.545357,46288,0,0.1,0,0,0.1,0,0.176923,0.443333,96784,0,0.1,0,0.0196078,0.540371,4208,0.0384615,0.128492,21040,0,0.1,0,0,0.1,0,0,0.1,0,0,0.1,0
143.3,0,0.1,0,0,0.1,0,0,0.1,0,0,0.1,0,0.115789,0.545357,46288,0,0.1,0,0,0.1,0,0.183333,0.448603,92576,0,0.1,0,0.0208333,0.540371,4208,0.0384615,0.128492,21040,0,0.1,0,0,0.1,0,0,0.1,0,0,0.1,0
143.4,0,0.1,0,0,0.1,0,0,0.1,0,0,0.1,0,0.12,0.545499,50496,0,0.1,0,0,0.1,0,0.184615,0.45067,100992,0,0.1,0,0.0192308,0.540371,4208,0.0416667,0.128492,21040,0,0.1,0,0,0.1,0,0,0.1,0,0,0.1,0
143.5,0,0.1,0,0.0104167,0.241336,4208,0,0.1,0,0,0.1,0,0.126316,0.548003,50496,0,0.1,0,0,0.1,0,0.192308,0.451333,105200,0,0.1,0,0.0192308,0.540371,4208,0.0230769,0.158157,12624,0,0.1,0,0,0.1,0,0,0.1,0,0,0.1,0
143.6,0,0.1,0,0.00961538,0.241336,4208,0,0.1,0,0,0.1,0,0.114286,0.556559,50496,0,0.1,0,0,0.1,0,0.208333,0.452348,105200,0,0.1,0,0.0208333,0.540371,4208,0.0153846,0.18113,8416,0,0.1,0,0,0.1,0,0,0.1,0,0,0.1,0
143.7,0,0.1,0,0.00961538,0.241336,4208,0,0.1,0,0,0.1,0,0.109091,0.567197,50496,0,0.1,0,0,0.1,0,0.215385,0.456913,117824,0,0.1,0,0.0192308,0.540371,4208,0.0166667,0.18113,8416,0,0.1,0,0,0.1,0,0,0.1,0,0,0.1,0
143.8,0,0.1,0,0.0104167,0.241336,4208,0,0.1,0,0,0.1,0,0.0952381,0.6016,42080,0,0.1,0,0,0.1,0,0.215385,0.455523,117824,0,0.1,0,0.0192308,0.540371,4208,0.0153846,0.18113,8416,0,0.1,0,0,0.1,0,0,0.1,0,0,0.1,0
143.9,0,0.1,0,0.00961538,0.241336,4208,0,0.1,0,0,0.1,0,0.0956522,0.604574,46288,0,0.1,0,0,0.1,0,0.233333,0.45684,117824,0,0.1,0,0.0208333,0.540371,4208,0.0153846,0.18113,8416,0,0.1,0,0,0.1,0,0,0.1,0,0,0.1,0
144,0,0.1,0,0.0192308,0.231325,8416,0,0.1,0,0,0.1,0,0.0833333,0.616841,42080,0,0.1,0,0,0.1,0,0.238462,0.457052,130448,0,0.1,0,0.0192308,0.540371,4208,0.0166667,0.18113,8416,0,0.1,0,0,0.1,0,0,0.1,0,0,0.1,0
144.1,0.0104167,0.0753295,4208,0.0208333,0.231325,8416,0,0.1,0,0,0.1,0,0.104348,0.621842,50496,0,0.1,0,0,0.1,0,0.223077,0.456292,122032,0,0.1,0,0.0384615,0.573132,8416,0.00769231,0.17875,4208,0,0.1,0,0,0.1,0,0,0.1,0,0,0.1,0
144.2,0.00961538,0.0753295,4208,0.0192308,0.231325,8416,0,0.1,0,0,0.1,0,0.112,0.63402,58912,0,0.1,0,0,0.1,0,0.266667,0.457733,134656,0,0.1,0,0.0416667,0.573132,8416,0,0.1,0,0,0.1,0,0,0.1,0,0,0.1,0,0,0.1,0
144.3,0.00961538,0.0753295,4208,0.0192308,0.231325,8416,0,0.1,0,0,0.1,0,0.107692,0.63402,58912,0,0.1,0,0,0.1,0,0.246154,0.458446,134656,0.0142857,0.0265832,4208,0.0384615,0.573132,8416,0,0.1,0,0,0.1,0,0,0.1,0,0,0.1,0,0,0.1,0
144.4,0.0208333,0.146051,8416,0.0208333,0.231325,8416,0,0.1,0,0,0.1,0,0.116667,0.63402,58912,0,0.1,0,0,0.1,0,0.230769,0.45836,126240,0.0153846,0.0265832,4208,0.0384615,0.573132,8416,0,0.1,0,0,0.1,0,0,0.1,0,0,0.1,0,0,0.1,0
144.5,0.0288462,0.108141,12624,0.0288462,0.301003,12624,0,0.1,0,0,0.1,0,0.107692,0.63402,58912,0,0.1,0,0,0.1,0,0.216667,0.464182,109408,0.0333333,0.0757871,8416,0.0416667,0.573132,8416,0,0.1,0,0,0.1,0,0,0.1,0,0,0.1,0,0,0.1,0
144.6,0.0384615,0.142083,16832,0.0288462,0.301003,12624,0,0.1,0,0,0.1,0,0.107692,0.620791,58912,0,0.1,0,0,0.1,0,0.223077,0.462491,122032,0.0307692,0.0757871,8416,0.0384615,0.573132,8416,0,0.1,0,0,0.1,0,0,0.1,0,0,0.1,0,0.0166667,0.432996,4208
144.7,0.0625,0.117086,25248,0.03125,0.301003,12624,0,0.1,0,0,0.1,0,0.116667,0.620791,58912,0,0.1,0,0,0.1,0,0.215385,0.463109,117824,0.0307692,0.0757871,8416,0.0192308,0.605892,4208,0,0.1,0,0,0.1,0,0,0.1,0,0,0.1,0,0.0147059,0.432996,4208
144.8,0.0576923,0.117086,25248,0.0288462,0.301003,12624,0,0.1,0,0.00769231,0.670997,4208,0.115385,0.603966,63120,0,0.1,0,0,0.1,0,0.233333,0.463523,117824,0.0333333,0.0757871,8416,0.0208333,0.605892,4208,0,0.1,0,0,0.1,0,0,0.1,0,0,0.1,0,0.0138889,0.432996,4208
144.9,0.0673077,0.119743,29456,0.0384615,0.337758,16832,0,0.1,0,0.00769231,0.670997,4208,0.123077,0.595143,67328,0,0.1,0,0,0.1,0,0.230769,0.463024,126240,0.0461538,0.0538104,12624,0.0192308,0.605892,4208,0,0.1,0,0,0.1,0,0,0.1,0,0,0.1,0,0.0147059,0.432996,4208
145,0.0833333,0.117097,33664,0.0416667,0.337758,16832,0,0.1,0,0.00833333,0.670997,4208,0.133333,0.595143,67328,0,0.1,0,0,0.1,0,0.246154,0.462802,134656,0.0461538,0.0538104,12624,0.0192308,0.605892,4208,0,0.1,0,0,0.1,0,0,0.1,0,0,0.1,0,0.0131579,0.432996,4208
145.1,0.0769231,0.117097,33664,0.0480769,0.366052,21040,0,0.1,0,0.00769231,0.670997,4208,0.115385,0.59801,63120,0,0.1,0,0,0.1,0,0.283333,0.457663,143072,0.05,0.0538104,12624,0.0208333,0.605892,4208,0,0.1,0,0,0.1,0,0,0.1,0,0,0.1,0,0.0125,0.432996,4208
145.2,0.0961538,0.112145,42080,0.0480769,0.366052,21040,0,0.1,0,0.0230769,0.527192,12624,0.130769,0.581059,71536,0,0.1,0,0,0.1,0,0.276923,0.457734,151488,0.0461538,0.0538104,12624,0.0192308,0.605892,4208,0,0.1,0,0,0.1,0,0,0.1,0,0,0.1,0,0.0131579,0.432996,4208
145.3,0.125,0.139132,50496,0.0520833,0.366052,21040,0,0.1,0,0.025,0.527192,12624,0.141667,0.572959,71536,0,0.1,0,0,0.1,0,0.269231,0.457137,147280,0.0461538,0.0538104,12624,0.0192308,0.605892,4208,0,0.1,0,0,0.1,0,0,0.1,0,0,0.1,0,0.0119048,0.432996,4208
145.4,0.134615,0.143127,58912,0.0384615,0.397232,16832,0,0.1,0,0.0307692,0.555613,16832,0.130769,0.560455,71536,0,0.1,0,0,0.1,0,0.275,0.457002,138864,0.1,0.0721688,25248,0.0208333,0.605892,4208,0,0.1,0,0,0.1,0,0,0.1,0,0,0.1,0,0.0113636,0.432996,4208
145.5,0.163462,0.142154,71536,0.0384615,0.397232,16832,0,0.1,0,0.0307692,0.555613,16832,0.130769,0.53489,71536,0,0.1,0,0,0.1,0,0.246154,0.456261,134656,0.0923077,0.0721688,25248,0.0192308,0.605892,4208,0,0.1,0,0,0.1,0,0,0.1,0,0,0.1,0,0.0119048,0.432996,4208
145.6,0.1875,0.163592,75744,0.0416667,0.397232,16832,0,0.1,0,0.0333333,0.555613,16832,0.133333,0.52897,67328,0,0.1,0,0,0.1,0,0.230769,0.451345,126240,0.0923077,0.0721688,25248,0.0192308,0.605892,4208,0,0.1,0,0,0.1,0,0,0.1,0,0,0.1,0,0.0108696,0.432996,4208
145.7,0.173077,0.163592,75744,0.0480769,0.416751,21040,0,0.1,0,0.0307692,0.555613,16832,0.130769,0.542868,71536,0,0.1,0,0,0.1,0,0.241667,0.452233,122032,0.1,0.0721688,25248,0.0208333,0.605892,4208,0,0.1,0,0,0.1,0,0,0.1,0,0,0.1,0,0.0104167,0.432996,4208
145.8,0.192308,0.189869,84160,0.0576923,0.422291,25248,0,0.1,0,0.0538462,0.606353,29456,0.138462,0.52701,75744,0,0.1,0,0,0.1,0,0.215385,0.453861,117824,0.0923077,0.0721688,25248,0.0192308,0.605892,4208,0,0.1,0,0,0.1,0,0,0.1,0,0,0.1,0,0.0108696,0.432996,4208
145.9,0.208333,0.189869,84160,0.0520833,0.462487,21040,0,0.1,0,0.0583333,0.606353,29456,0.158333,0.520748,79952,0,0.1,0,0,0.1,0,0.207692,0.448233,113616,0.0923077,0.0721688,25248,0.0192308,0.605892,4208,0,0.1,0,0,0.1,0,0,0.1,0,0,0.1,0,0.01,0.432996,4208
146,0.182692,0.195897,79952,0.0673077,0.460197,29456,0,0.1,0,0.0692308,0.658045,37872,0.138462,0.529224,75744,0,0.1,0,0,0.1,0,0.25,0.4472,126240,0.1,0.0721688,25248,0,0.1,0,0,0.1,0,0,0.1,0,0,0.1,0,0,0.1,0,0.00961538,0.432996,4208
146.1,0.201923,0.198459,88368,0.0673077,0.460197,29456,0,0.1,0,0.0692308,0.658045,37872,0.115385,0.50544,63120,0,0.1,0,0,0.1,0,0.223077,0.447715,122032,0.107692,0.0718657,29456,0,0.1,0,0,0.1,0,0,0.1,0,0,0.1,0,0,0.1,0,0.0104167,0.432996,4208
146.2,0.229167,0.194149,92576,0.0833333,0.47155,33664,0,0.1,0,0.075,0.658045,37872,0.141667,0.528434,71536,0,0.1,0,0,0.1,0,0.207692,0.446017,113616,0.0857143,0.0794128,25248,0,0.1,0,0,0.1,0,0,0.1,0,0,0.1,0,0,0.1,0,0.00961538,0.432996,4208
146.3,0.211538,0.191454,92576,0.0865385,0.473591,37872,0,0.1,0,0.0692308,0.658045,37872,0.138462,0.525077,75744,0,0.1,0,0.0131579,0.55162,4208,0.225,0.446017,113616,0.0923077,0.0794128,25248,0.0208333,0.0848384,4208,0.00769231,0.115508,4208,0,0.1,0,0,0.1,0,0,0.1,0,0.00961538,0.432996,4208
146.4,0.211538,0.196797,92576,0.0769231,0.477745,33664,0,0.1,0,0.0692308,0.658045,37872,0.153846,0.538133,84160,0,0.1,0,0.0125,0.55162,4208,0.230769,0.449459,126240,0.0666667,0.0702972,21040,0.0192308,0.0848384,4208,0.00833333,0.115508,4208,0,0.1,0,0,0.1,0,0,0.1,0,0.0104167,0.432996,4208
146.5,0.21875,0.194554,88368,0.0833333,0.477745,33664,0,0.1,0,0.075,0.658045,37872,0.158333,0.542717,79952,0,0.1,0,0.0131579,0.55162,4208,0.207692,0.449639,113616,0.0625,0.0702972,21040,0.0178571,0.0848384,4208,0.00769231,0.115508,4208,0,0.1,0,0,0.1,0,0,0.1,0,0,0.1,0
146.6,0.198113,0.198527,88368,0.0754717,0.477745,33664,0,0.1,0,0.0769231,0.638407,42080,0.153846,0.540055,84160,0,0.1,0,0.0147059,0.55162,4208,0.225,0.449639,113616,0.0666667,0.0702972,21040,0.0192308,0.0848384,4208,0.00769231,0.115508,4208,0,0.1,0,0,0.1,0,0,0.1,0,0,0.1,0
146.7,0.212963,0.18796,96784,0.0833333,0.45132,37872,0,0.1,0,0.0692308,0.634786,37872,0.146154,0.549089,79952,0,0.1,0,0.0136986,0.55162,4208,0.207692,0.449619,113616,0.0705882,0.063047,25248,0.016129,0.0848384,4208,0.00833333,0.115508,4208,0,0.1,0,0,0.1,0,0,0.1,0,0,0.1,0
146.8,0.23,0.182812,96784,0.08,0.451732,33664,0,0.1,0,0.075,0.634786,37872,0.15,0.553882,75744,0,0.1,0,0.0142857,0.55162,4208,0.2,0.445423,109408,0.0777778,0.0560494,29456,0.0147059,0.0848384,4208,0.00769231,0.115508,4208,0,0.1,0,0,0.1,0,0,0.1,0,0,0.1,0
146.9,0.218182,0.184978,100992,0.0727273,0.451732,33664,0,0.1,0,0.0846154,0.650524,46288,0.146154,0.544232,79952,0,0.1,0,0.016129,0.55162,4208,0.2,0.444252,100992,0.0823529,0.0560494,29456,0.03125,0.0988426,8416,0.00769231,0.115508,4208,0,0.1,0,0,0.1,0,0,0.1,0,0,0.1,0
147,0.232143,0.177864,109408,0.0625,0.447803,29456,0,0.1,0,0.0846154,0.650524,46288,0.146154,0.544232,79952,0,0.1,0,0.0149254,0.55162,4208,0.176923,0.451915,96784,0.0842105,0.057676,33664,0.027027,0.0988426,8416,0.0166667,0.111037,8416,0,0.1,0,0.0188679,0.198056,4208,0,0.1,0,0,0.1,0
147.1,0.230769,0.184991,100992,0.0673077,0.447803,29456,0,0.1,0,0.075,0.693909,37872,0.158333,0.541159,79952,0,0.1,0,0.015625,0.55162,4208,0.161538,0.451245,88368,0.08,0.057676,33664,0.025,0.0988426,8416,0.0153846,0.111037,8416,0,0.1,0,0.0166667,0.198056,4208,0,0.1,0,0,0.1,0
147.2,0.201754,0.182152,96784,0.0614035,0.447803,29456,0,0.1,0,0.0692308,0.693909,37872,0.161538,0.523448,88368,0,0.1,0,0.0178571,0.55162,4208,0.183333,0.44979,92576,0.0842105,0.057676,33664,0.0394737,0.140676,12624,0.0153846,0.111037,8416,0,0.1,0,0.015873,0.198056,4208,0,0.1,0,0,0.1,0
147.3,0.198276,0.187093,96784,0.0603448,0.447803,29456,0,0.1,0,0.0615385,0.700538,33664,0.161538,0.547092,88368,0,0.1,0,0.0163934,0.55162,4208,0.176923,0.450413,96784,0.0666667,0.0654946,29456,0.0348837,0.140676,12624,0.0166667,0.111037,8416,0,0.1,0,0.0169492,0.198056,4208,0,0.1,0,0,0.1,0
147.4,0.194444,0.196265,88368,0.0648148,0.447803,29456,0,0.1,0,0.0666667,0.700538,33664,0.191667,0.594337,96784,0,0.1,0,0.0172414,0.55162,4208,0.192308,0.450907,105200,0.0636364,0.0654946,29456,0.0434783,0.137436,16832,0.0153846,0.111037,8416,0,0.1,0,0.0151515,0.198056,4208,0,0.1,0,0,0.1,0
147.5,0.186441,0.192572,92576,0.059322,0.447803,29456,0,0.1,0,0.0615385,0.700538,33664,0.184615,0.584209,100992,0,0.1,0,0.0185185,0.55162,4208,0.2,0.452092,100992,0.0666667,0.0654946,29456,0.0454545,0.137436,16832,0.0230769,0.0957819,12624,0,0.1,0,0.0289855,0.144105,8416,0,0.1,0,0,0.1,0
147.6,0.183333,0.192572,92576,0.05,0.439965,25248,0,0.1,0,0.0692308,0.686782,37872,0.184615,0.561511,100992,0,0.1,0,0.0169492,0.55162,4208,0.192308,0.452125,105200,0.0608696,0.0654946,29456,0.0408163,0.137436,16832,0.025,0.0957819,12624,0,0.1,0,0.0307692,0.144105,8416,0,0.1,0,0,0.1,0
147.7,0.196429,0.187918,92576,0.0446429,0.43796,21040,0,0.1,0,0.05,0.69317,25248,0.183333,0.572024,92576,0,0.1,0,0.0166667,0.55162,4208,0.207692,0.448064,113616,0.0583333,0.0654946,29456,0.0384615,0.137436,16832,0.0230769,0.0957819,12624,0,0.1,0,0.0277778,0.144105,8416,0,0.1,0,0,0.1,0
147.8,0.196721,0.197591,100992,0.0409836,0.43796,21040,0,0.1,0,0.0461538,0.69317,25248,0.176923,0.581626,96784,0,0.1,0,0.0178571,0.55162,4208,0.2,0.451516,100992,0.0608696,0.0654946,29456,0.05,0.128522,21040,0.0230769,0.0957819,12624,0,0.1,0,0.04,0.13855,12624,0,0.1,0,0,0.1,0
147.9,0.193548,0.197591,100992,0.0241935,0.426951,12624,0,0.1,0,0.0307692,0.620271,16832,0.176923,0.558853,96784,0,0.1,0,0.0163934,0.55162,4208,0.161538,0.45346,88368,0.056,0.0654946,29456,0.0454545,0.128522,21040,0.025,0.0957819,12624,0,0.1,0,0.0704225,0.115576,21040,0,0.1,0,0,0.1,0
148,0.206897,0.211645,100992,0.0258621,0.426951,12624,0,0.1,0,0.0333333,0.620271,16832,0.225,0.549596,113616,0,0.1,0,0.016129,0.55162,4208,0.146154,0.449471,79952,0.0615385,0.0624662,33664,0.0431034,0.128522,21040,0.0230769,0.0957819,12624,0,0.1,0,0.0641026,0.115576,21040,0,0.1,0,0,0.1,0
148.1,0.190476,0.221583,100992,0.015873,0.364919,8416,0,0.1,0,0.0384615,0.563752,21040,0.2,0.534809,109408,0,0.1,0,0.0172414,0.55162,4208,0.175,0.452554,88368,0.075,0.0625641,37872,0.0446429,0.128522,21040,0.0230769,0.0957819,12624,0,0.1,0,0.0617284,0.115576,21040,0,0.1,0,0,0.1,0
148.2,0.1875,0.233137,100992,0.0078125,0.239912,4208,0,0.1,0,0.0384615,0.563752,21040,0.192308,0.537481,105200,0,0.1,0,0,0.1,0,0.176923,0.453032,96784,0.0846154,0.0642722,46288,0.0409836,0.144367,21040,0.025,0.0675435,12624,0,0.1,0,0.0649351,0.115576,21040,0,0.1,0,0,0.1,0
148.3,0.191667,0.236757,96784,0.00833333,0.239912,4208,0,0.1,0,0.0416667,0.563752,21040,0.216667,0.533638,109408,0,0.1,0,0,0.1,0,0.169231,0.450788,92576,0.0846154,0.0642722,46288,0.0390625,0.144367,21040,0.0230769,0.0675435,12624,0,0.1,0,0.0595238,0.115576,21040,0,0.1,0,0,0.1,0
148.4,0.184615,0.245925,100992,0.00769231,0.239912,4208,0,0.1,0,0.0461538,0.554574,25248,0.207692,0.545076,113616,0,0.1,0,0,0.1,0,0.2,0.453366,100992,0.1,0.0631062,50496,0.05,0.140565,25248,0.0230769,0.0675435,12624,0,0.1,0,0.0574713,0.115576,21040,0,0.1,0,0,0.1,0
148.5,0.169231,0.25839,92576,0.00769231,0.239912,4208,0,0.1,0,0.0461538,0.544691,25248,0.207692,0.541735,113616,0,0.1,0,0,0.1,0,0.2,0.451639,109408,0.1,0.0606295,54704,0.0461538,0.140565,25248,0.025,0.0675435,12624,0,0.1,0,0.0595238,0.115576,21040,0,0.1,0,0,0.1,0
148.6,0.183333,0.289057,92576,0,0.1,0,0,0.1,0,0.0583333,0.538867,29456,0.233333,0.53601,117824,0,0.1,0,0,0.1,0,0.192308,0.450565,105200,0.0923077,0.063449,50496,0.0538462,0.135487,29456,0.024,0.0675435,12624,0,0.1,0,0.0549451,0.115576,21040,0,0.1,0,0,0.1,0
148.7,0.169231,0.308945,92576,0,0.1,0,0,0.1,0,0.0538462,0.538867,29456,0.232,0.531127,122032,0,0.1,0,0,0.1,0,0.191667,0.447966,96784,0.0833333,0.0737467,42080,0.0583333,0.135487,29456,0.025,0.0675435,12624,0,0.1,0,0.0549451,0.115576,21040,0,0.1,0,0,0.1,0
148.8,0.153846,0.323171,84160,0,0.1,0,0,0.1,0,0.0461538,0.463492,25248,0.25,0.541799,126240,0,0.1,0,0,0.1,0,0.176923,0.447966,96784,0.0846154,0.0744506,46288,0.0461538,0.13926,25248,0.0272727,0.0675435,12624,0,0.1,0,0.0595238,0.115576,21040,0,0.1,0,0,0.1,0
148.9,0.158333,0.349867,79952,0,0.1,0,0,0.1,0,0.05,0.463492,25248,0.281818,0.537212,130448,0.010989,0.288589,4208,0,0.1,0,0.176923,0.446374,96784,0.0769231,0.0749895,42080,0.0461538,0.13926,25248,0.0347826,0.0626464,16832,0,0.1,0,0.043956,0.0949557,16832,0,0.1,0,0,0.1,0
149,0.146154,0.349867,79952,0,0.1,0,0,0.1,0,0.0461538,0.463492,25248,0.269565,0.533886,130448,0.0119048,0.288589,4208,0,0.1,0,0.208333,0.442356,105200,0.0833333,0.0749895,42080,0.05,0.13926,25248,0.0363636,0.0626464,16832,0,0.1,0,0.043956,0.0949557,16832,0,0.1,0,0,0.1,0
149.1,0.153846,0.357969,84160,0,0.1,0,0,0.1,0,0.0538462,0.483581,29456,0.272727,0.554986,126240,0.010989,0.288589,4208,0,0.1,0,0.169231,0.444922,92576,0.0769231,0.0749895,42080,0.0384615,0.122244,21040,0.04,0.0626464,16832,0,0.1,0,0.047619,0.0949557,16832,0,0.1,0,0,0.1,0
149.2,0.158333,0.377334,79952,0,0.1,0,0,0.1,0,0.0583333,0.483581,29456,0.31,0.52235,130448,0.010989,0.288589,4208,0,0.1,0,0.161538,0.444007,88368,0.0615385,0.0601574,33664,0.0384615,0.122244,21040,0.0380952,0.0626464,16832,0,0.1,0,0.043956,0.0949557,16832,0,0.1,0,0,0.1,0
149.3,0.146154,0.390657,79952,0,0.1,0,0,0.1,0,0.0538462,0.483581,29456,0.27619,0.478086,122032,0.0238095,0.181108,8416,0,0.1,0,0.158333,0.442683,79952,0.0833333,0.0605045,42080,0.0416667,0.212303,21040,0.04,0.0626464,16832,0,0.1,0,0.043956,0.0949557,16832,0,0.1,0,0,0.1,0
149.4,0.130769,0.398789,71536,0.00769231,0.546184,4208,0,0.1,0,0.0615385,0.498313,33664,0.28,0.482616,117824,0.032967,0.1585,12624,0,0.1,0,0.138462,0.443964,75744,0.0769231,0.0605045,42080,0.0384615,0.212303,21040,0.0444444,0.0674232,16832,0,0.1,0,0.0357143,0.096556,12624,0,0.1,0,0,0.1,0
149.5,0.15,0.403401,75744,0.00833333,0.546184,4208,0,0.1,0,0.0583333,0.48711,29456,0.288889,0.485362,109408,0.032967,0.1585,12624,0,0.1,0,0.130769,0.443438,71536,0.107692,0.0573307,58912,0.0384615,0.212303,21040,0.0526316,0.0921741,21040,0,0.1,0,0.032967,0.096556,12624,0,0.1,0,0,0.1,0
149.6,0.130769,0.410812,71536,0.00769231,0.546184,4208,0,0.1,0,0.0538462,0.48711,29456,0.273684,0.485362,109408,0.0357143,0.1585,12624,0,0.1,0,0.125,0.448469,63120,0.116667,0.0573307,58912,0.05,0.293538,25248,0.0555556,0.0921741,21040,0,0.1,0,0.032967,0.096556,12624,0,0.1,0,0,0.1,0
149.7,0.115385,0.425054,63120,0.00769231,0.546184,4208,0,0.1,0,0.0538462,0.48711,29456,0.277778,0.475444,105200,0.032967,0.1585,12624,0,0.1,0,0.123077,0.448805,67328,0.115385,0.054762,63120,0.0384615,0.333673,21040,0.0625,0.0921741,21040,0,0.1,0,0.0238095,0.0811148,8416,0,0.1,0,0,0.1,0
149.8,0.125,0.425054,63120,0.0166667,0.587483,8416,0,0.1,0,0.0833333,0.571318,42080,0.325,0.474553,109408,0.032967,0.1585,12624,0,0.1,0,0.138462,0.448149,75744,0.123077,0.0616852,67328,0.0384615,0.333673,21040,0.0588235,0.0921741,21040,0,0.1,0,0,0.1,0,0,0.1,0,0,0.1,0
149.9,0.115385,0.43233,63120,0.0153846,0.587483,8416,0,0.1,0,0.0769231,0.571318,42080,0.270588,0.471011,96784,0.047619,0.143619,16832,0,0.1,0,0.158333,0.450249,79952,0.133333,0.0633411,67328,0.0416667,0.333673,21040,0.0625,0.0921741,21040,0,0.1,0,0.010989,0.316786,4208,0,0.1,0,0,0.1,0
150,0.115385,0.438839,63120,0.0153846,0.587483,8416,0,0.1,0,0.0692308,0.597278,37872,0.3,0.470127,100992,0.043956,0.143619,16832,0,0.1,0,0.138462,0.445525,75744,0.123077,0.0630308,67328,0.0384615,0.333673,21040,0.0714286,0.0921741,21040,0,0.1,0,0.0119048,0.316786,4208,0,0.1,0,0,0.1,0
150.1,0.125,0.440683,63120,0.025,0.627375,12624,0,0.1,0,0.075,0.597278,37872,0.342857,0.470127,100992,0.043956,0.143619,16832,0.0153846,0.71279,4208,0.138462,0.444241,75744,0.115385,0.0637278,63120,0.0307692,0.376075,16832,0.0533333,0.107519,16832,0,0.1,0,0.010989,0.316786,4208,0,0.1,0,0,0.1,0
150.2,0.130769,0.433966,71536,0.0230769,0.627375,12624,0.0121951,0.789851,4208,0.0692308,0.597278,37872,0.28,0.454009,88368,0.047619,0.143619,16832,0.0166667,0.71279,4208,0.133333,0.44109,67328,0.141667,0.0664168,71536,0.0333333,0.376075,16832,0.0571429,0.107519,16832,0,0.1,0,0.010989,0.316786,4208,0,0.1,0,0,0.1,0
150.3,0.130769,0.431488,71536,0.0230769,0.627375,12624,0.0117647,0.789851,4208,0.0615385,0.608352,33664,0.285714,0.434587,84160,0.043956,0.143619,16832,0.0153846,0.71279,4208,0.115385,0.436534,63120,0.123077,0.0674253,67328,0.0230769,0.460914,12624,0.0666667,0.107519,16832,0,0.1,0,0.0119048,0.316786,4208,0,0.1,0,0,0.1,0
150.4,0.15,0.429881,75744,0.025,0.627375,12624,0.0123457,0.789851,4208,0.0583333,0.637779,29456,0.333333,0.434931,84160,0.043956,0.143619,16832,0.0153846,0.71279,4208,0.107692,0.434594,58912,0.115385,0.0698597,63120,0.0307692,0.536852,16832,0.0615385,0.107519,16832,0,0.1,0,0.021978,0.413764,8416,0,0.1,0,0,0.1,0
150.5,0.130769,0.43485,71536,0.0307692,0.662859,16832,0.0113636,0.789851,4208,0.0461538,0.660088,25248,0.292308,0.437747,79952,0.047619,0.143619,16832,0.0166667,0.71279,4208,0.116667,0.434594,58912,0.133333,0.0696353,67328,0.025,0.680798,12624,0.0615385,0.107519,16832,0,0.1,0,0.021978,0.413764,8416,0,0.1,0,0,0.1,0
150.6,0.123077,0.433601,67328,0.0307692,0.662859,16832,0.032967,0.974683,12624,0.0538462,0.691674,29456,0.276923,0.440155,75744,0.043956,0.143619,16832,0.0153846,0.71279,4208,0.107692,0.441251,58912,0.123077,0.0696353,67328,0.0230769,0.680798,12624,0.0666667,0.107519,16832,0,0.1,0,0.0238095,0.413764,8416,0,0.1,0,0,0.1,0
150.7,0.15,0.431811,75744,0.0333333,0.662859,16832,0.0357143,0.974683,12624,0.05,0.731691,25248,0.266667,0.41881,67328,0.043956,0.143619,16832,0.0153846,0.71279,4208,0.107692,0.441251,58912,0.115385,0.068845,63120,0.0230769,0.680798,12624,0.0571429,0.107519,16832,0,0.1,0,0.021978,0.413764,8416,0,0.1,0,0,0.1,0
150.8,0.146154,0.437561,79952,0.0384615,0.714826,21040,0.043956,0.967551,16832,0.0461538,0.731691,25248,0.228571,0.422166,67328,0.0357143,0.0952953,12624,0.0166667,0.71279,4208,0.108333,0.440866,54704,0.133333,0.066733,67328,0.025,0.680798,12624,0.0266667,0.137778,8416,0,0.1,0,0.021978,0.413764,8416,0,0.1,0,0,0.1,0
150.9,0.146154,0.437561,79952,0.0461538,0.665575,25248,0.0659341,1.00062,25248,0.0461538,0.731691,25248,0.213333,0.432424,67328,0.032967,0.0952953,12624,0.0153846,0.71279,4208,0.0846154,0.448996,46288,0.123077,0.066733,67328,0.0230769,0.680798,12624,0.0285714,0.137778,8416,0,0.1,0,0.0238095,0.413764,8416,0,0.1,0,0,0.1,0
151,0.141667,0.441407,71536,0.05,0.665575,25248,0.0714286,1.00062,25248,0.0416667,0.757207,21040,0.214286,0.40675,63120,0.0549451,0.154925,21040,0.0153846,0.71279,4208,0.0846154,0.448996,46288,0.123077,0.066733,67328,0.0230769,0.680798,12624,0.025,0.137778,8416,0,0.1,0,0.032967,0.44793,12624,0,0.1,0,0,0.1,0
151.1,0.138462,0.457193,75744,0.0538462,0.683002,29456,0.0769231,0.991361,29456,0.0384615,0.757207,21040,0.175,0.437034,58912,0.0595238,0.154925,21040,0.0166667,0.71279,4208,0.108333,0.446441,54704,0.133333,0.066733,67328,0.025,0.680798,12624,0.0235294,0.137778,8416,0,0.1,0,0.032967,0.44793,12624,0,0.1,0,0,0.1,0
151.2,0.138462,0.466582,75744,0.0538462,0.683002,29456,0.0769231,0.991361,29456,0.0384615,0.757207,21040,0.141176,0.449316,50496,0.043956,0.175249,16832,0.0153846,0.71279,4208,0.115385,0.439762,63120,0.115385,0.0680804,63120,0.0153846,0.732191,8416,0.025,0.137778,8416,0,0.1,0,0.0357143,0.44793,12624,0,0.1,0,0,0.1,0
151.3,0.158333,0.474746,79952,0.05,0.705805,25248,0.0833333,0.991361,29456,0.0416667,0.743856,21040,0.15,0.449316,50496,0.032967,0.195905,12624,0.0153846,0.71279,4208,0.115385,0.439762,63120,0.130769,0.0694329,71536,0.0153846,0.732191,8416,0.0111111,0.191178,4208,0,0.1,0,0.032967,0.44793,12624,0,0.1,0,0,0.1,0
151.4,0.138462,0.474354,75744,0.0461538,0.705805,25248,0.0769231,0.991361,29456,0.0384615,0.743856,21040,0.144444,0.450229,54704,0.0357143,0.195905,12624,0.0166667,0.71279,4208,0.133333,0.434983,67328,0.125,0.0751245,63120,0.0166667,0.732191,8416,0,0.1,0,0,0.1,0,0.032967,0.44793,12624,0,0.1,0,0,0.1,0
151.5,0.138462,0.476084,75744,0.0461538,0.705805,25248,0.0769231,0.991361,29456,0.0384615,0.743856,21040,0.136842,0.450229,54704,0.043956,0.783396,16832,0.0153846,0.71279,4208,0.123077,0.435871,67328,0.115385,0.0751245,63120,0.00769231,0.764664,4208,0,0.1,0,0,0.1,0,0.0357143,0.44793,12624,0,0.1,0,0,0.1,0
151.6,0.158333,0.468309,79952,0.05,0.705805,25248,0.0833333,0.991361,29456,0.0416667,0.743856,21040,0.133333,0.448781,50496,0.0425532,0.783396,16832,0.0153846,0.71279,4208,0.115385,0.434673,63120,0.116279,0.084499,63120,0.00769231,0.764664,4208,0,0.1,0,0,0.1,0,0.0319149,0.44793,12624,0,0.1,0,0,0.1,0
151.7,0.146154,0.468309,79952,0.0384615,0.72121,21040,0.0744681,0.991361,29456,0.0230769,0.670972,12624,0.1,0.453135,42080,0.0574713,0.669559,21040,0.0166667,0.71279,4208,0.116667,0.432076,58912,0.12605,0.0811866,63120,0.00833333,0.764664,4208,0,0.1,0,0,0.1,0,0.0309278,0.44793,12624,0,0.1,0,0,0.1,0
151.8,0.130769,0.470931,71536,0.0384615,0.72121,21040,0.0721649,0.991361,29456,0.0307692,0.608828,16832,0.0952381,0.446053,42080,0.0412371,0.812205,16832,0.0153846,0.71279,4208,0.107692,0.431852,58912,0.101562,0.0830761,54704,0.00769231,0.764664,4208,0,0.1,0,0,0.1,0,0.0222222,0.513503,8416,0,0.1,0,0,0.1,0
151.9,0.133333,0.472878,67328,0.0416667,0.72121,21040,0.0777778,0.991361,29456,0.0333333,0.608828,16832,0.1,0.439115,42080,0.04,0.812205,16832,0.0153846,0.71279,4208,0.123077,0.420369,67328,0.0944882,0.0851339,50496,0.00769231,0.764664,4208,0,0.1,0,0,0.1,0,0.02,0.513503,8416,0,0.1,0,0,0.1,0
152,0.115385,0.473575,63120,0.0307692,0.724722,16832,0.07,0.991361,29456,0.0307692,0.608828,16832,0.0909091,0.439115,42080,0.0537634,0.753679,21040,0.0166667,0.547395,4208,0.116667,0.416637,58912,0.102564,0.0815891,50496,0.00833333,0.764664,4208,0,0.1,0,0,0.1,0,0.0194175,0.513503,8416,0,0.1,0,0,0.1,0
152.1,0.1,0.487419,54704,0.0307692,0.724722,16832,0.0582524,1.02495,25248,0.0307692,0.608828,16832,0.0869565,0.439115,42080,0.0679612,0.705844,29456,0.0153846,0.547395,4208,0.138462,0.408081,75744,0.0793651,0.0805901,42080,0.00769231,0.764664,4208,0,0.1,0,0,0.1,0,0.0208333,0.513503,8416,0,0.1,0,0,0.1,0
152.2,0.108333,0.483228,54704,0.0333333,0.724722,16832,0.0625,1.02495,25248,0.0333333,0.608828,16832,0.0909091,0.439115,42080,0.0660377,0.705844,29456,0.0153846,0.547395,4208,0.138462,0.404967,75744,0.0916667,0.0752367,46288,0.00769231,0.764664,4208,0,0.1,0,0,0.1,0,0.0188679,0.513503,8416,0,0.1,0,0,0.1,0
152.3,0.1,0.486206,54704,0.0307692,0.724722,16832,0.0566038,1.02495,25248,0.0307692,0.608828,16832,0.0833333,0.445559,42080,0.0808081,0.684905,33664,0.0166667,0.547395,4208,0.15,0.401259,75744,0.1,0.0752367,46288,0,0.1,0,0,0.1,0,0,0.1,0,0.00917431,0.516264,4208,0,0.1,0,0,0.1,0
152.4,0.0923077,0.486451,50496,0.0230769,0.70986,12624,0.0550459,1.02495,25248,0.0307692,0.608828,16832,0.088,0.446023,46288,0.0825688,0.642207,37872,0.0307692,0.570069,8416,0.153846,0.403319,84160,0.0877193,0.0761333,42080,0,0.1,0,0,0.1,0,0,0.1,0,0.00980392,0.516264,4208,0,0.1,0,0,0.1,0
152.5,0.1,0.486451,50496,0.025,0.70986,12624,0.0392157,1.00387,16832,0.025,0.518041,12624,0.0916667,0.446023,46288,0.0892857,0.607115,42080,0.0307692,0.570069,8416,0.153846,0.4035,84160,0.0925926,0.0761333,42080,0,0.1,0,0,0.1,0,0,0.1,0,0.00892857,0.516264,4208,0,0.1,0,0,0.1,0
152.6,0.0769231,0.500242,42080,0.0230769,0.70986,12624,0.0446429,0.903211,21040,0.0230769,0.518041,12624,0.0846154,0.446023,46288,0.0952381,0.607115,42080,0.05,0.561839,12624,0.166667,0.4035,84160,0.102041,0.0761333,42080,0,0.1,0,0,0.1,0,0,0.1,0,0.00869565,0.516264,4208,0.010989,0.382985,4208,0,0.1,0
152.7,0.0615385,0.51154,33664,0.0153846,0.603443,8416,0.0347826,0.892474,16832,0.0307692,0.493154,16832,0.0769231,0.445297,42080,0.0869565,0.607115,42080,0.0461538,0.561839,12624,0.161538,0.407799,88368,0.0918367,0.0806978,37872,0,0.1,0,0,0.1,0,0,0.1,0,0.00925926,0.516264,4208,0.0119048,0.382985,4208,0,0.1,0
152.8,0.0666667,0.51154,33664,0.00833333,0.787566,4208,0.0185185,0.718179,8416,0.0333333,0.493154,16832,0.0666667,0.442809,33664,0.0932203,0.614637,46288,0.0461538,0.561839,12624,0.176923,0.410455,96784,0.0978261,0.0806978,37872,0,0.1,0,0,0.1,0,0,0.1,0,0.0169492,0.292492,8416,0.021978,0.293223,8416,0,0.1,0
152.9,0.0615385,0.51154,33664,0.00769231,0.787566,4208,0.0169492,0.718179,8416,0.0307692,0.493154,16832,0.0538462,0.448735,29456,0.0900901,0.673474,42080,0.05,0.561839,12624,0.191667,0.410455,96784,0.121951,0.0760347,42080,0,0.1,0,0,0.1,0,0,0.1,0,0.0165289,0.0351154,8416,0.021978,0.293223,8416,0,0.1,0
153,0.0461538,0.484829,25248,0,0.1,0,0.0165289,0.586419,8416,0.0384615,0.503141,21040,0.0461538,0.440017,25248,0.0909091,0.641024,46288,0.0769231,0.573861,21040,0.169231,0.411476,92576,0.116279,0.0760347,42080,0,0.1,0,0,0.1,0,0,0.1,0,0.0175439,0.0351154,8416,0.0357143,0.259312,12624,0,0.1,0
153.1,0.0583333,0.42099,29456,0,0.1,0,0.0175439,0.586419,8416,0.05,0.508137,25248,0.05,0.440017,25248,0.0887097,0.641024,46288,0.0769231,0.573861,21040,0.161538,0.413904,88368,0.1125,0.0758982,37872,0,0.1,0,0,0.1,0,0,0.1,0,0.0241935,0.0447719,12624,0.032967,0.259312,12624,0,0.1,0
153.2,0.0538462,0.373414,29456,0,0.1,0,0.016129,0.586419,8416,0.0384615,0.502829,21040,0.0461538,0.440017,25248,0.102564,0.602775,50496,0.0833333,0.573861,21040,0.183333,0.411745,92576,0.1,0.0748471,29456,0,0.1,0,0,0.1,0,0,0.1,0,0.0314961,0.0626471,16832,0.032967,0.259312,12624,0,0.1,0
153.3,0.0538462,0.373414,29456,0,0.1,0,0.015748,0.586419,8416,0.0384615,0.502829,21040,0.0384615,0.435783,21040,0.102362,0.567529,54704,0.0769231,0.573861,21040,0.176923,0.414588,96784,0.0675676,0.0759674,21040,0,0.1,0,0,0.1,0,0,0.1,0,0.05,0.0732371,25248,0.0357143,0.259312,12624,0,0.1,0
153.4,0.0583333,0.352188,29456,0.00833333,0.772226,4208,0.0166667,0.586419,8416,0.0416667,0.502829,21040,0.0416667,0.435783,21040,0.107692,0.357318,58912,0.0769231,0.573861,21040,0.176923,0.411423,96784,0.0735294,0.0759674,21040,0,0.1,0,0,0.1,0,0,0.1,0,0.0615385,0.0611221,33664,0.032967,0.259312,12624,0,0.1,0
153.5,0.0538462,0.356291,29456,0.0307692,0.793491,16832,0.0153846,0.586419,8416,0.0384615,0.502829,21040,0.0384615,0.435783,21040,0.141667,0.2993,71536,0.0833333,0.573861,21040,0.225,0.408477,113616,0.0847458,0.0638524,21040,0,0.1,0,0,0.1,0,0,0.1,0,0.0615385,0.0611221,33664,0.043956,0.202327,16832,0,0.1,0
153.6,0.0538462,0.356291,29456,0.0307692,0.793491,16832,0.0153846,0.586419,8416,0.0307692,0.479274,16832,0.0384615,0.435783,21040,0.123077,0.304618,67328,0.0769231,0.573861,21040,0.2,0.408235,109408,0.0952381,0.0536253,25248,0,0.1,0,0,0.1,0,0,0.1,0,0.0666667,0.0611221,33664,0.0595238,0.180633,21040,0,0.1,0
153.7,0.0666667,0.357293,33664,0.0333333,0.793491,16832,0.0166667,0.586419,8416,0.025,0.498234,12624,0.0333333,0.442347,16832,0.123077,0.304618,67328,0.0769231,0.573861,21040,0.2,0.404392,109408,0.103448,0.0536253,25248,0,0.1,0,0,0.1,0,0,0.1,0,0.0692308,0.0565412,37872,0.0549451,0.180633,21040,0,0.1,0
153.8,0.0692308,0.36684,37872,0.0384615,0.758173,21040,0.0153846,0.586419,8416,0.0230769,0.498234,12624,0.0153846,0.46063,8416,0.141667,0.288596,71536,0.0833333,0.573861,21040,0.216667,0.404833,109408,0.122449,0.0536253,25248,0,0.1,0,0,0.1,0,0,0.1,0,0.0692308,0.0565412,37872,0.0659341,0.176678,25248,0,0.1,0
153.9,0.0692308,0.36684,37872,0.0384615,0.758173,21040,0.0153846,0.586419,8416,0.0307692,0.547878,16832,0.0153846,0.46063,8416,0.123077,0.27416,67328,0.0615385,0.580477,16832,0.207692,0.406606,113616,0.0943396,0.0545894,21040,0,0.1,0,0,0.1,0,0,0.1,0,0.075,0.0565412,37872,0.0714286,0.176678,25248,0,0.1,0
154,0.0833333,0.370011,42080,0.05,0.716792,25248,0.0166667,0.586419,8416,0.0333333,0.547878,16832,0.0166667,0.46063,8416,0.107692,0.229574,58912,0.0615385,0.580477,16832,0.192308,0.410491,105200,0.104167,0.0545894,21040,0,0.1,0,0,0.1,0,0,0.1,0,0.0692308,0.0565412,37872,0.0659341,0.176678,25248,0,0.1,0
154.1,0.0846154,0.387674,46288,0.0461538,0.716792,25248,0.0153846,0.586419,8416,0.0307692,0.547878,16832,0.0153846,0.46063,8416,0.116667,0.229574,58912,0.0666667,0.580477,16832,0.208333,0.411382,105200,0.0909091,0.0628114,16832,0,0.1,0,0,0.1,0,0,0.1,0,0.0846154,0.0506721,46288,0.0769231,0.175751,29456,0,0.1,0
154.2,0.0923077,0.387338,50496,0.0461538,0.716792,25248,0.016,0.586419,8416,0.0307692,0.547878,16832,0.00769231,0.450666,4208,0.1,0.205824,54704,0.0615385,0.580477,16832,0.184615,0.414715,100992,0.0833333,0.0628114,16832,0,0.1,0,0,0.1,0,0,0.1,0,0.0916667,0.0506721,46288,0.0833333,0.175751,29456,0,0.1,0
154.3,0.1,0.387338,50496,0.0583333,0.748543,29456,0.0173913,0.586419,8416,0.0333333,0.547878,16832,0,0.1,0,0.0923077,0.197924,50496,0.0461538,0.576388,12624,0.176923,0.413599,96784,0.0833333,0.0628114,16832,0,0.1,0,0,0.1,0,0,0.1,0,0.0923077,0.0467903,50496,0.0769231,0.175751,29456,0,0.1,0
154.4,0.1,0.395424,54704,0.0615385,0.709788,33664,0.0166667,0.586419,8416,0.0384615,0.544705,21040,0,0.1,0,0.1,0.177038,50496,0.05,0.576388,12624,0.183333,0.411543,92576,0.0909091,0.0628114,16832,0,0.1,0,0,0.1,0,0,0.1,0,0.0923077,0.0467903,50496,0.0804598,0.175751,29456,0.010989,0.0135456,4208
154.5,0.1,0.395424,54704,0.0615385,0.709788,33664,0.00869565,0.672258,4208,0.0384615,0.544705,21040,0,0.1,0,0.1,0.164148,54704,0.0307692,0.591893,8416,0.192308,0.415956,105200,0.0833333,0.0628114,16832,0,0.1,0,0,0.1,0,0,0.1,0,0.108333,0.0468759,54704,0.075,0.141212,25248,0.0119048,0.0135456,4208
154.6,0.125,0.404157,63120,0.0666667,0.709788,33664,0.00952381,0.672258,4208,0.0333333,0.576258,16832,0,0.1,0,0.1,0.164148,54704,0.0285714,0.591893,8416,0.192308,0.414567,105200,0.0961538,0.0538481,21040,0,0.1,0,0,0.1,0,0.025,0.0595834,4208,0.107692,0.0455892,58912,0.075,0.141212,25248,0.021978,0.0226221,8416
154.7,0.115385,0.404157,63120,0.0615385,0.709788,33664,0.00909091,0.672258,4208,0.0384615,0.55225,21040,0,0.1,0,0.1,0.120339,50496,0.0461538,0.40789,12624,0.2,0.415208,100992,0.125,0.0507711,25248,0,0.1,0,0,0.1,0,0.0243902,0.0595834,4208,0.107692,0.0420896,58912,0.0684932,0.128762,21040,0.032967,0.0157958,12624
154.8,0.123077,0.403004,67328,0.0615385,0.709788,33664,0.00952381,0.672258,4208,0.0384615,0.55225,21040,0,0.1,0,0.0923077,0.084279,50496,0.04,0.40789,12624,0.184615,0.415208,100992,0.0961538,0.0541119,21040,0,0.1,0,0,0.1,0,0.0263158,0.0595834,4208,0.125,0.0452389,63120,0.0757576,0.128762,21040,0.0357143,0.0157958,12624
154.9,0.141667,0.400604,71536,0.0666667,0.709788,33664,0,0.1,0,0.0333333,0.55454,16832,0,0.1,0,0.0846154,0.0631652,46288,0.025,0.0515475,8416,0.184615,0.413676,100992,0.115385,0.0492378,25248,0,0.1,0,0,0.1,0,0.0238095,0.0595834,4208,0.115385,0.0452389,63120,0.0606061,0.11308,16832,0.043956,0.0184677,16832
155,0.130769,0.408166,71536,0.0692308,0.682322,37872,0,0.1,0,0.0230769,0.561681,12624,0,0.1,0,0.0916667,0.0631652,46288,0.0266667,0.0515475,8416,0.191667,0.412871,96784,0.125,0.0492378,25248,0,0.1,0,0,0.1,0,0.0232558,0.0595834,4208,0.115385,0.047009,63120,0.0677966,0.11308,16832,0.0549451,0.0192105,21040
155.1,0.123077,0.415635,67328,0.0692308,0.682322,37872,0,0.1,0,0.0230769,0.561681,12624,0,0.1,0,0.0923077,0.0464792,50496,0.0235294,0.0515475,8416,0.169231,0.414983,92576,0.134615,0.0494116,29456,0,0.1,0,0,0.1,0,0.05,0.0474164,8416,0.125,0.0431086,63120,0.0769231,0.11308,16832,0.0595238,0.0192105,21040
155.2,0.15,0.42219,75744,0.0833333,0.668183,42080,0,0.1,0,0.025,0.561681,12624,0,0.1,0,0.0923077,0.0396593,50496,0.0222222,0.0515475,8416,0.176923,0.416215,96784,0.134615,0.0494116,29456,0,0.1,0,0,0.1,0,0.0454545,0.0474164,8416,0.1,0.035215,54704,0.0769231,0.11308,16832,0.0659341,0.0196429,25248
155.3,0.146154,0.428491,79952,0.0692308,0.656622,37872,0,0.1,0,0.0230769,0.561681,12624,0,0.1,0,0.0916667,0.0328799,46288,0.0235294,0.0515475,8416,0.183333,0.415865,92576,0.145833,0.0494116,29456,0,0.1,0,0,0.1,0,0.0444444,0.0474164,8416,0.1,0.0443616,54704,0.0888889,0.11308,16832,0.0769231,0.0179263,29456
155.4,0.146154,0.42934,79952,0.0461538,0.584643,25248,0,0.1,0,0.0230769,0.561681,12624,0,0.1,0,0.0615385,0.0345055,33664,0.0210526,0.0515475,8416,0.146154,0.42366,79952,0.115385,0.041173,25248,0,0.1,0,0,0.1,0,0.0714286,0.0621399,12624,0.125,0.0446198,63120,0.0789474,0.140317,12624,0.0833333,0.0179263,29456
155.5,0.175,0.424676,88368,0.05,0.584643,25248,0,0.1,0,0.025,0.561681,12624,0,0.1,0,0.0615385,0.0345055,33664,0.02,0.0515475,8416,0.153846,0.42352,84160,0.0769231,0.0321757,16832,0,0.1,0,0,0.1,0,0.0652174,0.0621399,12624,0.115385,0.0446198,63120,0.0526316,0.163547,8416,0.0879121,0.0178395,33664
155.6,0.161538,0.422334,88368,0.0461538,0.584643,25248,0,0.1,0,0.0230769,0.561681,12624,0,0.1,0,0.0833333,0.0502227,42080,0.0210526,0.0515475,8416,0.175,0.426143,88368,0.0833333,0.0321757,16832,0,0.1,0,0,0.1,0,0.0851064,0.0723762,16832,0.115385,0.0544149,63120,0.0645161,0.163547,8416,0.0989011,0.0192489,37872
155.7,0.161538,0.418808,88368,0.0384615,0.578192,21040,0,0.1,0,0.0307692,0.45843,16832,0,0.1,0,0.0692308,0.0522201,37872,0.0190476,0.0515475,8416,0.138462,0.434952,75744,0.0961538,0.0280175,21040,0,0.1,0,0,0.1,0,0.0909091,0.0723762,16832,0.133333,0.0566354,67328,0.0416667,0.170187,4208,0.107143,0.0192489,37872
155.8,0.191667,0.415728,96784,0.0416667,0.578192,21040,0,0.1,0,0.025,0.37897,12624,0,0.1,0,0.0692308,0.0522201,37872,0.0181818,0.0515475,8416,0.138462,0.433937,75744,0.0961538,0.0280175,21040,0,0.1,0,0,0.1,0,0.0833333,0.0723762,16832,0.130769,0.0563818,71536,0.0416667,0.170187,4208,0.10989,0.0194471,42080
155.9,0.176923,0.413153,96784,0.0307692,0.595268,16832,0,0.1,0,0.0307692,0.342796,16832,0,0.1,0,0.075,0.0522201,37872,0.0190476,0.0515475,8416,0.141667,0.435731,71536,0.104167,0.0280175,21040,0,0.1,0,0,0.1,0,0.0816327,0.0723762,16832,0.130769,0.0563818,71536,0.0588235,0.170187,4208,0.10989,0.0194471,42080
156,0.161538,0.408477,88368,0.0307692,0.595268,16832,0,0.1,0,0.0307692,0.342796,16832,0,0.1,0,0.0769231,0.0500339,42080,0.0173913,0.0515475,8416,0.130769,0.437211,71536,0.115385,0.0301966,25248,0,0.1,0,0,0.1,0,0.0869565,0.0723762,16832,0.141667,0.0648057,71536,0,0.1,0,0.119048,0.0194471,42080
156.1,0.166667,0.397155,84160,0.0333333,0.595268,16832,0,0.1,0,0.0333333,0.342796,16832,0,0.1,0,0.0769231,0.0500339,42080,0.0166667,0.0515475,8416,0.130769,0.437211,71536,0.115385,0.0301966,25248,0,0.1,0,0,0.1,0,0.08,0.0723762,16832,0.138462,0.0640344,75744,0,0.1,0,0.120879,0.0185073,46288
156.2,0.153846,0.397155,84160,0.0230769,0.480674,12624,0,0.1,0,0.0384615,0.308846,21040,0,0.1,0,0.1,0.0479657,50496,0.0173913,0.0515475,8416,0.141667,0.435516,71536,0.145833,0.0339,29456,0,0.1,0,0,0.1,0,0.0784314,0.0723762,16832,0.130769,0.0675606,71536,0,0.1,0,0.131868,0.0190785,50496
156.3,0.153846,0.38609,84160,0.0153846,0.50176,8416,0.0307692,0.0129716,8416,0.0307692,0.253055,16832,0,0.1,0,0.0846154,0.0486301,46288,0.024,0.0814766,12624,0.138462,0.435554,75744,0.153846,0.0334091,33664,0,0.1,0,0,0.1,0,0.0833333,0.0723762,16832,0.141667,0.0675606,71536,0,0.1,0,0.142857,0.0286517,50496
156.4,0.166667,0.38609,84160,0.0166667,0.50176,8416,0.0333333,0.0129716,8416,0.0333333,0.253055,16832,0,0.1,0,0.0769231,0.0525463,42080,0.0230769,0.0814766,12624,0.123077,0.434945,67328,0.157895,0.0306491,37872,0,0.1,0,0,0.1,0,0.0769231,0.0723762,16832,0.130769,0.0648623,71536,0,0.1,0,0.153846,0.0337309,58912
156.5,0.146154,0.375724,79952,0.0153846,0.50176,8416,0.0307692,0.0129716,8416,0.0307692,0.253055,16832,0,0.1,0,0.0833333,0.0525463,42080,0.025,0.0814766,12624,0.15,0.429265,75744,0.150943,0.0322308,33664,0,0.1,0,0,0.1,0,0.0576923,0.0766405,12624,0.130769,0.064706,71536,0,0.1,0,0.153846,0.0327504,58912
156.6,0.169231,0.368485,92576,0.0153846,0.50176,8416,0.0461538,0.0441168,12624,0.0230769,0.185333,12624,0,0.1,0,0.0769231,0.0525463,42080,0.0153846,0.102273,8416,0.138462,0.429202,75744,0.111111,0.0317801,29456,0,0.1,0,0,0.1,0,0.0625,0.0766405,12624,0.141667,0.0688762,71536,0,0.1,0,0.178571,0.0423203,63120
156.7,0.2,0.35334,100992,0.0166667,0.50176,8416,0.0833333,0.0500004,21040,0.025,0.185333,12624,0,0.1,0,0.0769231,0.0500549,42080,0.0153846,0.102273,8416,0.146154,0.42681,79952,0.101449,0.0317801,29456,0,0.1,0,0,0.1,0,0.0566038,0.0766405,12624,0.123077,0.0678719,67328,0,0.1,0,0.159574,0.0423203,63120
156.8,0.207692,0.325669,113616,0.016,0.50176,8416,0.107692,0.0474215,29456,0.0230769,0.185333,12624,0,0.1,0,0.1,0.0493732,50496,0.00833333,0.141335,4208,0.158333,0.425224,79952,0.107692,0.0575813,29456,0,0.1,0,0,0.1,0,0.0555556,0.0766405,12624,0.123077,0.0678719,67328,0,0.1,0,0.154639,0.0513433,63120
156.9,0.2,0.308681,109408,0.00833333,0.540923,4208,0.153846,0.0375062,42080,0.0230769,0.185333,12624,0,0.1,0,0.107692,0.0461452,58912,0.00769231,0.141335,4208,0.146154,0.425224,79952,0.0933333,0.0575813,29456,0,0.1,0,0,0.1,0,0.06,0.0766405,12624,0.133333,0.0661382,67328,0,0.1,0,0.166667,0.0653004,63120
157,0.241667,0.278775,122032,0.00909091,0.540923,4208,0.166667,0.0375062,42080,0.025,0.185333,12624,0,0.1,0,0.0923077,0.0500893,50496,0.00769231,0.141335,4208,0.146154,0.425224,79952,0.0987654,0.056887,33664,0,0.1,0,0,0.1,0,0.0363636,0.0973361,8416,0.115385,0.0666963,63120,0,0.1,0,0.17,0.0779456,71536
157.1,0.215385,0.256594,117824,0,0.1,0,0.169231,0.0365468,46288,0.0230769,0.185333,12624,0,0.1,0,0.0916667,0.048939,46288,0.0166667,0.157011,8416,0.133333,0.42472,67328,0.103896,0.056887,33664,0,0.1,0,0,0.1,0,0.0357143,0.0973361,8416,0.115385,0.0666963,63120,0,0.1,0,0.174757,0.0818272,75744
157.2,0.215385,0.230232,117824,0,0.1,0,0.184615,0.0337371,50496,0.0230769,0.185333,12624,0,0.1,0,0.0769231,0.0482113,42080,0.0153846,0.157011,8416,0.138462,0.430206,75744,0.103448,0.0513034,37872,0,0.1,0,0,0.1,0,0.0384615,0.0973361,8416,0.108333,0.0639988,54704,0,0.1,0,0.208333,0.107853,84160
157.3,0.241667,0.21349,122032,0,0.1,0,0.216667,0.0356084,54704,0.025,0.185333,12624,0,0.1,0,0.0769231,0.0482113,42080,0.0153846,0.157011,8416,0.130769,0.428062,71536,0.0967742,0.0513034,37872,0,0.1,0,0,0.1,0,0.0175439,0.103085,4208,0.1,0.0773979,54704,0,0.1,0,0.188679,0.107853,84160
157.4,0.230769,0.184331,126240,0,0.1,0,0.215385,0.0334383,58912,0.0230769,0.185333,12624,0,0.1,0,0.0833333,0.0482113,42080,0.0166667,0.157011,8416,0.133333,0.428512,67328,0.11236,0.0534341,42080,0,0.1,0,0,0.1,0,0.0172414,0.103085,4208,0.1,0.0773979,54704,0,0.1,0,0.192661,0.114435,88368
157.5,0.230769,0.173899,126240,0,0.1,0,0.215385,0.0334383,58912,0.0230769,0.185333,12624,0,0.1,0,0.0692308,0.0299943,37872,0.0230769,0.168623,12624,0.107692,0.428043,58912,0.10101,0.0534341,42080,0,0.1,0,0,0.1,0,0,0.1,0,0.108333,0.0697556,54704,0,0.1,0,0.205882,0.122598,88368
157.6,0.25,0.162477,126240,0,0.1,0,0.25,0.0330521,63120,0.0166667,0.203661,8416,0,0.1,0,0.0769231,0.0350025,42080,0.0307692,0.146461,16832,0.107692,0.428043,58912,0.0857143,0.0581062,37872,0,0.1,0,0,0.1,0,0,0.1,0,0.0923077,0.0680734,50496,0,0.1,0,0.1875,0.122598,88368
157.7,0.230769,0.138292,126240,0,0.1,0,0.261538,0.0328382,71536,0.0153846,0.203661,8416,0,0.1,0,0.0916667,0.0354744,46288,0.0333333,0.146461,16832,0.116667,0.422964,58912,0.0990099,0.056699,42080,0,0.1,0,0,0.1,0,0,0.1,0,0.0846154,0.069505,46288,0,0.1,0,0.182609,0.12909,88368
157.8,0.223077,0.131361,122032,0,0.1,0,0.261538,0.0328382,71536,0.00769231,0.173046,4208,0,0.1,0,0.0846154,0.0354744,46288,0.0384615,0.141493,21040,0.1,0.425266,54704,0.0900901,0.056699,42080,0,0.1,0,0,0.1,0,0,0.1,0,0.1,0.0678152,50496,0,0.1,0,0.212963,0.135125,96784
157.9,0.258333,0.124173,130448,0,0.1,0,0.3,0.0338377,75744,0.00833333,0.173046,4208,0,0.1,0,0.0769231,0.035986,42080,0.0384615,0.141493,21040,0.0923077,0.423589,50496,0.0854701,0.0549164,42080,0,0.1,0,0,0.1,0,0,0.1,0,0.0769231,0.0622053,42080,0,0.1,0,0.211864,0.141918,105200
158,0.238462,0.118236,130448,0,0.1,0,0.276923,0.0338377,75744,0.00769231,0.173046,4208,0,0.1,0,0.0916667,0.0412355,46288,0.0416667,0.141493,21040,0.1,0.423589,50496,0.0973451,0.0534185,46288,0,0.1,0,0,0.1,0,0,0.1,0,0.0692308,0.0634589,37872,0,0.1,0,0.214876,0.146682,109408
158.1,0.238462,0.118236,130448,0,0.1,0,0.292308,0.0330983,79952,0,0.1,0,0,0.1,0,0.0692308,0.0420379,37872,0.0461538,0.121897,25248,0.0923077,0.423727,50496,0.0813008,0.0531483,42080,0,0.1,0,0,0.1,0,0,0.1,0,0.075,0.0634589,37872,0,0.1,0,0.236842,0.147265,113616
158.2,0.258333,0.110725,130448,0.0142857,0.041364,4208,0.3,0.0352695,75744,0,0.1,0,0,0.1,0,0.0692308,0.0420379,37872,0.0384615,0.118009,21040,0.0846154,0.422593,46288,0.0697674,0.0557233,37872,0,0.1,0,0,0.1,0,0,0.1,0,0.0769231,0.0597246,42080,0,0.1,0,0.233871,0.142981,122032
158.3,0.246154,0.107943,134656,0.0125,0.041364,4208,0.292308,0.0338245,79952,0,0.1,0,0,0.1,0,0.075,0.0420379,37872,0.0416667,0.118009,21040,0.0833333,0.418441,42080,0.0666667,0.0616176,33664,0,0.1,0,0,0.1,0,0,0.1,0,0.0692308,0.0661347,37872,0,0.1,0,0.228346,0.139525,122032
158.4,0.238462,0.100496,130448,0.0125,0.041364,4208,0.323077,0.0321018,88368,0,0.1,0,0,0.1,0,0.0692308,0.0420379,37872,0.0384615,0.118009,21040,0.0538462,0.422534,29456,0.0615385,0.0616176,33664,0,0.1,0,0,0.1,0,0,0.1,0,0.075,0.0711054,37872,0,0.1,0,0.233333,0.143866,117824
158.5,0.25,0.0738719,126240,0.0142857,0.041364,4208,0.35,0.0288912,88368,0,0.1,0,0,0.1,0,0.0769231,0.0480536,42080,0.0461538,0.109645,25248,0.0538462,0.415893,29456,0.0615385,0.0616176,33664,0,0.1,0,0,0.1,0,0,0.1,0,0.0615385,0.068666,33664,0,0.1,0,0.215385,0.139684,117824
158.6,0.215385,0.0561179,117824,0.0375,0.0684079,12624,0.323077,0.0279266,88368,0,0.1,0,0,0.1,0,0.075,0.0528553,37872,0.05,0.109645,25248,0.05,0.421249,25248,0.0666667,0.0616176,33664,0,0.1,0,0,0.1,0,0,0.1,0,0.0615385,0.0884043,33664,0,0.1,0,0.215385,0.139684,117824
158.7,0.2,0.037897,109408,0.0352941,0.0684079,12624,0.292308,0.0265532,79952,0,0.1,0,0,0.1,0,0.0538462,0.0548241,29456,0.0461538,0.109645,25248,0.0461538,0.41506,25248,0.0615385,0.04478,33664,0,0.1,0,0,0.1,0,0,0.1,0,0.0666667,0.0884043,33664,0,0.1,0,0.241667,0.133208,122032
158.8,0.225,0.0381405,113616,0.0375,0.0684079,12624,0.3,0.0316621,75744,0,0.1,0,0,0.1,0,0.0384615,0.0660429,21040,0.0461538,0.109645,25248,0.0461538,0.41506,25248,0.0615385,0.04478,33664,0,0.1,0,0,0.1,0,0,0.1,0,0.0538462,0.0920481,29456,0,0.1,0,0.230769,0.125789,126240
158.9,0.2,0.0405497,109408,0.0333333,0.0684079,12624,0.323077,0.0299309,88368,0,0.1,0,0,0.1,0,0.0416667,0.0660429,21040,0.05,0.109645,25248,0.0583333,0.408464,29456,0.05,0.0426265,25248,0,0.1,0,0,0.1,0,0,0.1,0,0.0538462,0.0920481,29456,0,0.1,0,0.230769,0.117468,126240
159,0.2,0.0429794,109408,0.0315789,0.0684079,12624,0.323077,0.0295534,88368,0,0.1,0,0,0.1,0,0.0384615,0.0660429,21040,0.0384615,0.0970372,21040,0.0615385,0.394163,33664,0.0461538,0.0426265,25248,0,0.1,0,0,0.1,0,0,0.1,0,0.0583333,0.0920481,29456,0,0.1,0,0.233333,0.119801,117824
159.1,0.2,0.0399254,100992,0.0333333,0.0684079,12624,0.333333,0.0308896,84160,0,0.1,0,0,0.1,0,0.0384615,0.0660429,21040,0.0384615,0.0970372,21040,0.0538462,0.371677,29456,0.0384615,0.0498248,21040,0,0.1,0,0,0.1,0,0,0.1,0,0.0538462,0.0920481,29456,0,0.1,0,0.192308,0.106505,105200
159.2,0.169231,0.0381948,92576,0.03,0.0684079,12624,0.323077,0.0288574,88368,0,0.1,0,0,0.1,0,0.0416667,0.0660429,21040,0.0416667,0.0970372,21040,0.0583333,0.371677,29456,0.0416667,0.0498248,21040,0,0.1,0,0,0.1,0,0,0.1,0,0.0384615,0.0755106,21040,0,0.1,0,0.215385,0.0984886,117824
159.3,0.146154,0.0389916,79952,0.0380952,0.079454,16832,0.307692,0.0300389,84160,0,0.1,0,0,0.1,0,0.0384615,0.0660429,21040,0.0384615,0.0970372,21040,0.0615385,0.382623,33664,0.0307692,0.0441285,16832,0,0.1,0,0,0.1,0,0,0.1,0,0.0416667,0.0755106,21040,0,0.1,0,0.225,0.0945189,113616
159.4,0.166667,0.0407772,84160,0.04,0.079454,16832,0.333333,0.0300389,84160,0,0.1,0,0.015625,0.513708,4208,0.0307692,0.0790488,16832,0.0307692,0.0733345,16832,0.0615385,0.382623,33664,0.0307692,0.0441285,16832,0,0.1,0,0,0.1,0,0,0.1,0,0.0307692,0.0775207,16832,0,0.1,0,0.207692,0.090101,113616
159.5,0.153846,0.0410603,84160,0.0363636,0.079454,16832,0.323077,0.0303626,88368,0,0.1,0,0.0416667,0.533346,12624,0.025,0.0787064,12624,0.025,0.0711209,12624,0.0666667,0.382623,33664,0.0333333,0.0441285,16832,0,0.1,0,0,0.1,0,0,0.1,0,0.0307692,0.0775207,16832,0,0.1,0,0.215385,0.08743,117824
159.6,0.153846,0.0437173,84160,0.0347826,0.079454,16832,0.292308,0.0302709,79952,0,0.1,0,0.0394737,0.533346,12624,0.0153846,0.097963,8416,0.0230769,0.0711209,12624,0.0615385,0.391113,33664,0.0230769,0.0441601,12624,0,0.1,0,0,0.1,0,0,0.1,0,0.0333333,0.0775207,16832,0,0.1,0,0.225,0.0848327,113616
159.7,0.175,0.0436035,88368,0.0363636,0.079454,16832,0.333333,0.0319172,84160,0,0.1,0,0.0416667,0.533346,12624,0.0153846,0.097963,8416,0.0153846,0.0458719,8416,0.0615385,0.391113,33664,0.0230769,0.0441601,12624,0,0.1,0,0,0.1,0,0,0.1,0,0.0230769,0.086952,12624,0,0.1,0,0.207692,0.0709616,113616
159.8,0.146154,0.0460926,79952,0.0333333,0.079454,16832,0.307692,0.0308682,84160,0.00769231,0.596067,4208,0.075,0.529613,25248,0.0166667,0.097963,8416,0.0166667,0.0458719,8416,0.0666667,0.391113,33664,0.0166667,0.0546069,8416,0,0.1,0,0,0.1,0,0,0.1,0,0.0230769,0.086952,12624,0,0.1,0,0.192308,0.0590355,105200
159.9,0.138462,0.0483224,75744,0.032,0.079454,16832,0.307692,0.0308682,84160,0.00769231,0.596067,4208,0.0714286,0.529613,25248,0.00769231,0.102196,4208,0.0153846,0.0458719,8416,0.0615385,0.391113,33664,0.00769231,0.070775,4208,0,0.1,0,0,0.1,0,0,0.1,0,0.025,0.086952,12624,0,0.1,0,0.2,0.053875,100992
160,0.15,0.0483224,75744,0.0333333,0.079454,16832,0.35,0.0337872,88368,0.00833333,0.596067,4208,0.0875,0.530956,29456,0.00769231,0.102196,4208,0.00769231,0.0678275,4208,0.0538462,0.393244,29456,0.00769231,0.070775,4208,0,0.1,0,0,0.1,0,0,0.1,0,0.0230769,0.086952,12624,0,0.1,0,0.184615,0.0487694,100992
160.1,0.161538,0.0467088,88368,0.0230769,0.0921506,12624,0.323077,0.0334254,88368,0.00769231,0.596067,4208,0.0909091,0.531192,33664,0.00833333,0.102196,4208,0.00833333,0.0678275,4208,0.0583333,0.393244,29456,0.00833333,0.070775,4208,0,0.1,0,0,0.1,0,0,0.1,0,0.0153846,0.11737,8416,0,0.1,0,0.161538,0.0415119,88368
160.2,0.161538,0.0481796,88368,0.0230769,0.0921506,12624,0.3,0.0332255,88368,0.00769231,0.596067,4208,0.0978261,0.533914,37872,0.00769231,0.102196,4208,0.00769231,0.0678275,4208,0.0538462,0.393244,29456,0.00769231,0.070775,4208,0,0.1,0,0,0.1,0,0,0.1,0,0.0166667,0.11737,8416,0,0.1,0,0.166667,0.0466026,84160
160.3,0.216667,0.046856,109408,0.025,0.0921506,12624,0.323077,0.0355771,88368,0.00833333,0.596067,4208,0.102273,0.533914,37872,0.00769231,0.102196,4208,0.00769231,0.0678275,4208,0.0538462,0.393244,29456,0.00769231,0.070775,4208,0,0.1,0,0,0.1,0,0,0.1,0,0.00769231,0.1638,4208,0,0.1,0,0.161538,0.0454692,88368
160.4,0.192308,0.0480325,105200,0.0230769,0.0921506,12624,0.28,0.0362564,88368,0.0153846,0.552471,8416,0.09375,0.533914,37872,0,0.1,0,0,0.1,0,0.05,0.387136,25248,0.00833333,0.070775,4208,0,0.1,0,0,0.1,0,0,0.1,0,0.00769231,0.1638,4208,0.0833333,0.0298312,4208,0.153846,0.0503466,84160
160.5,0.184615,0.0452698,100992,0.00769231,0.112592,4208,0.2625,0.0330541,88368,0.0153846,0.552471,8416,0.09,0.533914,37872,0,0.1,0,0,0.1,0,0.0538462,0.398042,29456,0.00769231,0.070775,4208,0,0.1,0,0,0.1,0,0,0.1,0,0,0.1,0,0.0833333,0.0298312,4208,0.183333,0.0543659,92576
160.6,0.191667,0.0454422,96784,0.00833333,0.112592,4208,0.306667,0.0361662,96784,0.0166667,0.552471,8416,0.114583,0.544032,46288,0,0.1,0,0,0.1,0,0.0461538,0.402254,25248,0,0.1,0,0,0.1,0,0,0.1,0,0,0.1,0,0,0.1,0,0.0625,0.0298312,4208,0.153846,0.0541169,84160
160.7,0.169231,0.045108,92576,0.00769231,0.112592,4208,0.282353,0.0344474,100992,0.0153846,0.552471,8416,0.105769,0.544032,46288,0,0.1,0,0,0.1,0,0.05,0.402254,25248,0,0.1,0,0,0.1,0,0,0.1,0,0,0.1,0,0,0.1,0,0.1,0.313064,8416,0.146154,0.0508132,79952
160.8,0.153846,0.0454554,84160,0.00769231,0.112592,4208,0.244444,0.0351195,92576,0.0230769,0.42478,12624,0.105769,0.544032,46288,0,0.1,0,0,0.1,0,0.0692308,0.403898,37872,0,0.1,0,0,0.1,0,0,0.1,0,0,0.1,0,0,0.1,0,0.1,0.313064,8416,0.15,0.0507234,75744
160.9,0.175,0.0424461,88368,0.00833333,0.112592,4208,0.270588,0.0361937,96784,0.025,0.42478,12624,0.125,0.545504,50496,0,0.1,0,0,0.1,0,0.0692308,0.416657,37872,0,0.1,0,0,0.1,0,0,0.1,0,0,0.1,0,0,0.1,0,0.0833333,0.313064,8416,0.146154,0.0486596,79952
161,0.176923,0.0395577,96784,0.00769231,0.112592,4208,0.273684,0.0323829,109408,0.0230769,0.42478,12624,0.115385,0.545504,50496,0,0.1,0,0,0.1,0,0.0666667,0.41916,33664,0,0.1,0,0,0.1,0,0,0.1,0,0,0.1,0,0,0.1,0,0.0714286,0.313064,8416,0.146154,0.0486596,79952
161.1,0.176923,0.0395577,96784,0.00769231,0.112592,4208,0.24,0.0331532,100992,0.0384615,0.302051,21040,0.125,0.540948,54704,0,0.1,0,0,0.1,0,0.0615385,0.41916,33664,0,0.1,0,0,0.1,0,0,0.1,0,0,0.1,0,0,0.1,0,0.0714286,0.313064,8416,0.133333,0.0518421,67328
161.2,0.2,0.0382307,100992,0,0.1,0,0.273684,0.0340469,109408,0.0416667,0.302051,21040,0.135417,0.540948,54704,0,0.1,0,0,0.1,0,0.0538462,0.413434,29456,0,0.1,0,0,0.1,0,0,0.1,0,0,0.1,0,0,0.1,0,0.0625,0.313064,8416,0.123077,0.0489212,67328
161.3,0.176923,0.0387381,96784,0,0.1,0,0.266667,0.0329967,117824,0.0384615,0.302051,21040,0.125,0.547196,54704,0,0.1,0,0,0.1,0,0.0666667,0.422096,33664,0,0.1,0,0,0.1,0,0,0.1,0,0,0.1,0,0,0.1,0,0.0555556,0.313064,8416,0.130769,0.0452032,71536
161.4,0.169231,0.0390363,92576,0,0.1,0,0.236364,0.0330548,109408,0.0384615,0.302051,21040,0.105769,0.547929,46288,0,0.1,0,0,0.1,0,0.0692308,0.425104,37872,0,0.1,0,0,0.1,0,0,0.1,0,0,0.1,0,0,0.1,0,0.0555556,0.313064,8416,0.141667,0.0470911,71536
161.5,0.175,0.0375983,88368,0,0.1,0,0.257143,0.0335614,113616,0.0416667,0.302051,21040,0.125,0.544428,50496,0,0.1,0,0,0.1,0,0.0615385,0.42434,33664,0,0.1,0,0,0.1,0,0,0.1,0,0,0.1,0,0,0.1,0,0.05,0.313064,8416,0.138462,0.0452627,75744
161.6,0.153846,0.0374118,84160,0,0.1,0,0.234783,0.0328897,113616,0.0384615,0.302051,21040,0.113208,0.544428,50496,0,0.1,0,0,0.1,0,0.075,0.43201,37872,0,0.1,0,0,0.1,0,0,0.1,0,0,0.1,0,0,0.1,0,0.0444444,0.313064,8416,0.138462,0.046461,75744
161.7,0.161538,0.0394654,88368,0,0.1,0,0.225,0.0318401,113616,0.0307692,0.228547,16832,0.0925926,0.559,42080,0,0.1,0,0,0.1,0,0.0692308,0.43201,37872,0,0.1,0,0,0.1,0,0,0.1,0,0,0.1,0,0,0.1,0,0.0444444,0.313064,8416,0.15,0.046461,75744
161.8,0.191667,0.0383012,96784,0,0.1,0,0.243478,0.0318759,117824,0.0333333,0.228547,16832,0.11,0.555156,46288,0,0.1,0,0,0.1,0,0.0769231,0.435096,42080,0,0.1,0,0,0.1,0,0,0.1,0,0,0.1,0,0,0.1,0,0.04,0.313064,8416,0.161538,0.0400351,88368
161.9,0.184615,0.0368204,100992,0,0.1,0,0.224,0.0302499,117824,0.0384615,0.225934,21040,0.1,0.555039,46288,0,0.1,0,0,0.1,0,0.0833333,0.435096,42080,0,0.1,0,0,0.1,0,0,0.1,0,0,0.1,0,0,0.1,0,0.0363636,0.313064,8416,0.146154,0.0408145,79952
162,0.169231,0.0441836,92576,0,0.1,0,0.207692,0.0304692,113616,0.0461538,0.234797,25248,0.0892857,0.557258,42080,0,0.1,0,0,0.1,0,0.0769231,0.435096,42080,0,0.1,0,0,0.1,0,0,0.1,0,0,0.1,0,0,0.1,0,0.0392157,0.313064,8416,0.166667,0.0411987,84160
162.1,0.183333,0.0428395,92576,0,0.1,0,0.216667,0.031502,109408,0.05,0.234797,25248,0.105769,0.551398,46288,0,0.1,0,0,0.1,0,0.0769231,0.435096,42080,0,0.1,0,0,0.1,0,0,0.1,0,0,0.1,0,0,0.1,0,0.0357143,0.313064,8416,0.169231,0.040537,92576
162.2,0.146154,0.0401424,79952,0.00833333,0.0650081,4208,0.192308,0.031618,105200,0.0461538,0.234797,25248,0.105263,0.55015,50496,0,0.1,0,0,0.1,0,0.0833333,0.435096,42080,0,0.1,0,0,0.1,0,0,0.1,0,0,0.1,0,0,0.1,0,0.0350877,0.313064,8416,0.169231,0.0397874,92576
162.3,0.138462,0.0395239,75744,0.00847458,0.0650081,4208,0.192308,0.0354131,105200,0.0384615,0.179981,21040,0.112069,0.554126,54704,0,0.1,0,0,0.1,0,0.0846154,0.437611,46288,0,0.1,0,0,0.1,0,0.0104167,0.0918435,4208,0,0.1,0,0,0.1,0,0.0188679,0.596297,4208,0.191667,0.0372093,96784
162.4,0.158333,0.0394807,79952,0.00925926,0.0650081,4208,0.216667,0.039344,109408,0.0416667,0.179981,21040,0.138889,0.54754,63120,0,0.1,0,0,0.1,0,0.0923077,0.435479,50496,0,0.1,0,0,0.1,0,0.00961538,0.0918435,4208,0,0.1,0,0,0.1,0,0.0172414,0.596297,4208,0.176923,0.0341127,96784
162.5,0.153846,0.038371,84160,0.0172414,0.115247,8416,0.207692,0.0366288,113616,0.0384615,0.179981,21040,0.110169,0.541075,54704,0,0.1,0,0,0.1,0,0.1,0.435479,50496,0,0.1,0,0,0.1,0,0.0192308,0.115976,8416,0,0.1,0,0,0.1,0,0.015625,0.596297,4208,0.184615,0.0341782,100992
162.6,0.146154,0.0380622,79952,0.0263158,0.125366,12624,0.2,0.0356096,109408,0.0461538,0.180665,25248,0.108333,0.541075,54704,0.00862069,0.148278,4208,0,0.1,0,0.107692,0.440569,58912,0,0.1,0,0,0.1,0,0.0208333,0.115976,8416,0,0.1,0,0,0.1,0,0,0.1,0,0.2,0.0349334,100992
162.7,0.175,0.0376927,88368,0.0288462,0.125366,12624,0.208333,0.0368531,105200,0.0416667,0.182919,21040,0.125,0.543256,58912,0.0263158,0.151076,12624,0,0.1,0,0.0769231,0.457753,42080,0,0.1,0,0,0.1,0,0.0192308,0.115976,8416,0,0.1,0,0,0.1,0,0.0142857,0.211432,4208,0.176923,0.0345597,96784
162.8,0.161538,0.0354921,88368,0.0357143,0.132555,16832,0.192308,0.0344642,105200,0.0384615,0.182919,21040,0.106557,0.541838,54704,0.0384615,0.132193,16832,0,0.1,0,0.075,0.463181,37872,0,0.1,0,0,0.1,0,0.0192308,0.115976,8416,0,0.1,0,0,0.1,0,0.0131579,0.211432,4208,0.184615,0.0336996,100992
162.9,0.153846,0.0391269,84160,0.0363636,0.132555,16832,0.176923,0.0372372,96784,0.0384615,0.182919,21040,0.104839,0.541838,54704,0.0357143,0.132193,16832,0,0.1,0,0.0769231,0.466457,42080,0,0.1,0,0,0.1,0,0.0208333,0.115976,8416,0,0.1,0,0,0.1,0,0.0138889,0.211432,4208,0.2,0.0336996,100992
163,0.183333,0.0435924,92576,0.04,0.132555,16832,0.2,0.0391005,100992,0.025,0.226226,12624,0.112069,0.556482,54704,0.0454545,0.119761,21040,0,0.1,0,0.0769231,0.466457,42080,0,0.1,0,0,0.1,0,0.0192308,0.115976,8416,0,0.1,0,0,0.1,0,0.0243902,0.266649,8416,0.192308,0.0342446,105200
163.1,0.176923,0.0477953,96784,0.0462963,0.132783,21040,0.184615,0.0391689,100992,0.0230769,0.226226,12624,0.103175,0.556482,54704,0.06,0.128517,25248,0,0.1,0,0.0916667,0.46128,46288,0,0.1,0,0,0.1,0,0.0192308,0.115976,8416,0,0.1,0,0.00925926,0.111767,4208,0.0227273,0.266649,8416,0.207692,0.0358137,113616
163.2,0.176923,0.0497469,96784,0.0471698,0.132783,21040,0.184615,0.037746,100992,0.0230769,0.226226,12624,0.109375,0.565585,58912,0.0555556,0.128517,25248,0,0.1,0,0.0769231,0.459136,42080,0,0.1,0,0,0.1,0,0.0208333,0.115976,8416,0,0.1,0,0.0102041,0.111767,4208,0.0238095,0.266649,8416,0.208333,0.0359439,105200
163.3,0.216667,0.0493806,109408,0.0729167,0.118004,29456,0.208333,0.0383206,105200,0.025,0.226226,12624,0.141667,0.58915,71536,0.0566038,0.128517,25248,0,0.1,0,0.0692308,0.460243,37872,0,0.1,0,0,0.1,0,0.0192308,0.115976,8416,0,0.1,0,0.0188679,0.0829342,8416,0.0212766,0.266649,8416,0.2,0.0354053,109408
163.4,0.207692,0.051916,113616,0.0673077,0.118004,29456,0.2,0.0367126,109408,0.0230769,0.226226,12624,0.130769,0.596766,71536,0.0625,0.128517,25248,0,0.1,0,0.075,0.460243,37872,0,0.1,0,0,0.1,0,0.0288462,0.108448,12624,0,0.1,0,0.0192308,0.0829342,8416,0.02,0.266649,8416,0.207692,0.0364874,113616
163.5,0.215385,0.0703947,117824,0.0673077,0.118004,29456,0.2,0.0355076,109408,0.0230769,0.226226,12624,0.138462,0.5992,75744,0.0576923,0.128517,25248,0,0.1,0,0.0615385,0.456102,33664,0,0.1,0,0,0.1,0,0.0416667,0.125763,16832,0,0.1,0,0.03125,0.0775012,12624,0.0210526,0.266649,8416,0.208333,0.0376444,105200
163.6,0.233333,0.0712613,117824,0.0833333,0.129264,33664,0.208333,0.0368675,105200,0.025,0.226226,12624,0.141667,0.597123,71536,0.0769231,0.143289,33664,0,0.1,0,0.0692308,0.450897,37872,0,0.1,0,0,0.1,0,0.0384615,0.125763,16832,0,0.1,0,0.0288462,0.0775012,12624,0.0190476,0.266649,8416,0.207692,0.0391767,113616
163.7,0.223077,0.082751,122032,0.0865385,0.128073,37872,0.2,0.0349421,109408,0.0307692,0.330703,16832,0.123077,0.602149,67328,0.0833333,0.143289,33664,0,0.1,0,0.075,0.442826,37872,0,0.1,0,0,0.1,0,0.0384615,0.125763,16832,0,0.1,0,0.0288462,0.0775012,12624,0.0181818,0.266649,8416,0.192308,0.0395519,105200
163.8,0.215385,0.0856077,117824,0.0865385,0.128073,37872,0.192308,0.0342198,105200,0.0230769,0.369111,12624,0.115385,0.606443,63120,0.0865385,0.156686,37872,0,0.1,0,0.0692308,0.442826,37872,0,0.1,0,0,0.1,0,0.0416667,0.125763,16832,0,0.1,0,0.03125,0.0775012,12624,0.0190476,0.266649,8416,0.208333,0.0395519,105200
163.9,0.225,0.0860707,113616,0.09375,0.128073,37872,0.233333,0.0345559,117824,0.0166667,0.41411,8416,0.125,0.606443,63120,0.0865385,0.156686,37872,0,0.1,0,0.0692308,0.442826,37872,0,0.1,0,0,0.1,0,0.0384615,0.125763,16832,0,0.1,0,0.0288462,0.0775012,12624,0.0173913,0.266649,8416,0.2,0.0407198,109408
164,0.215385,0.108659,117824,0.0865385,0.128073,37872,0.223077,0.0354155,122032,0.0153846,0.41411,8416,0.107692,0.621101,58912,0.09375,0.156686,37872,0,0.1,0,0.075,0.442826,37872,0,0.1,0,0,0.1,0,0.0384615,0.125763,16832,0,0.1,0,0.0288462,0.0775012,12624,0.0166667,0.266649,8416,0.184615,0.0381194,100992
164.1,0.223077,0.145427,122032,0.0769231,0.135957,33664,0.215385,0.0348142,117824,0.0153846,0.41411,8416,0.1,0.627616,54704,0.0865385,0.156686,37872,0,0.1,0,0.0769231,0.447011,42080,0,0.1,0,0,0.1,0,0.0416667,0.125763,16832,0,0.1,0,0.03125,0.0775012,12624,0.0173913,0.266649,8416,0.2,0.0405719,100992
164.2,0.25,0.147435,126240,0.09375,0.13152,37872,0.233333,0.0313311,117824,0.0166667,0.41411,8416,0.108333,0.632079,54704,0.0961538,0.176866,42080,0,0.1,0,0.0692308,0.445261,37872,0,0.1,0,0,0.1,0,0.0288462,0.137069,12624,0,0.1,0,0.0288462,0.0775012,12624,0.016,0.266649,8416,0.169231,0.0399914,92576
164.3,0.223077,0.151184,122032,0.0865385,0.13152,37872,0.192308,0.0283803,105200,0.0153846,0.41411,8416,0.0846154,0.655232,46288,0.104167,0.176866,42080,0,0.1,0,0.0583333,0.447406,29456,0,0.1,0,0,0.1,0,0.0384615,0.136234,16832,0,0.1,0,0.0288462,0.0775012,12624,0.016,0.266649,8416,0.169231,0.0442049,92576
164.4,0.223077,0.179985,122032,0.0769231,0.127274,33664,0.169231,0.0275359,92576,0.0153846,0.41411,8416,0.0923077,0.649655,50496,0.0961538,0.176866,42080,0,0.1,0,0.0615385,0.451245,33664,0,0.1,0,0,0.1,0,0.03125,0.134943,12624,0,0.1,0,0.0416667,0.0866969,16832,0.0173913,0.266649,8416,0.183333,0.0453986,92576
164.5,0.241667,0.179985,122032,0.0729167,0.124655,29456,0.175,0.0291094,88368,0.00833333,0.644135,4208,0.1,0.649655,50496,0.105769,0.204941,46288,0,0.1,0,0.0461538,0.444624,25248,0,0.1,0,0,0.1,0,0.0384615,0.107322,16832,0,0.1,0,0.04,0.0866969,16832,0.0173913,0.266649,8416,0.161538,0.0454935,88368
164.6,0.215385,0.193421,117824,0.0673077,0.124655,29456,0.176923,0.030838,96784,0.00769231,0.644135,4208,0.0923077,0.655205,50496,0.09375,0.2166,37872,0,0.1,0,0.05,0.444624,25248,0,0.1,0,0,0.1,0,0.0384615,0.107322,16832,0,0.1,0,0.0434783,0.0866969,16832,0.00909091,0.321867,4208,0.169231,0.051627,92576
164.7,0.215385,0.209778,117824,0.0673077,0.114154,29456,0.161538,0.032864,88368,0.00769231,0.644135,4208,0.0923077,0.655205,50496,0.0769231,0.234232,33664,0,0.1,0,0.0461538,0.444624,25248,0,0.1,0,0,0.1,0,0.0416667,0.107322,16832,0,0.1,0,0.047619,0.0866969,16832,0.01,0.321867,4208,0.166667,0.0555184,84160
164.8,0.233333,0.219719,117824,0.0729167,0.114154,29456,0.183333,0.0353371,92576,0.00833333,0.644135,4208,0.108333,0.661219,54704,0.0769231,0.234232,33664,0,0.1,0,0.0461538,0.427538,25248,0,0.1,0,0,0.1,0,0.0576923,0.137928,25248,0,0.1,0,0.047619,0.0866969,16832,0.00952381,0.321867,4208,0.161538,0.0619122,88368
164.9,0.207692,0.23191,113616,0.0673077,0.114154,29456,0.176923,0.0347642,96784,0.0153846,0.548502,8416,0.1,0.659934,50496,0.0833333,0.245513,33664,0,0.1,0,0.0583333,0.418785,29456,0,0.1,0,0,0.1,0,0.0576923,0.137928,25248,0,0.1,0,0.0526316,0.0866969,16832,0,0.1,0,0.153846,0.0626415,84160
165,0.207692,0.240947,113616,0.0576923,0.110897,25248,0.161538,0.0337331,88368,0.0153846,0.548502,8416,0.109091,0.659934,50496,0.0673077,0.255973,29456,0,0.1,0,0.0538462,0.428236,29456,0,0.1,0,0,0.1,0,0.0625,0.137928,25248,0,0.1,0,0.0441176,0.0783403,12624,0,0.1,0,0.15,0.0657028,75744
165.1,0.241667,0.254013,122032,0.0625,0.110897,25248,0.175,0.0382983,88368,0.0166667,0.548502,8416,0.11,0.666692,46288,0.0673077,0.255973,29456,0,0.1,0,0.0692308,0.435598,37872,0,0.1,0,0,0.1,0,0.0576923,0.137928,25248,0,0.1,0,0.0441176,0.0783403,12624,0,0.1,0,0.146154,0.0631211,79952
165.2,0.2,0.277949,109408,0.0384615,0.125817,16832,0.192308,0.0359786,105200,0.0153846,0.548502,8416,0.1,0.682405,42080,0.0833333,0.26587,33664,0,0.1,0,0.0833333,0.434537,42080,0,0.1,0,0,0.1,0,0.0576923,0.137928,25248,0,0.1,0,0.0333333,0.0904596,8416,0,0.1,0,0.130769,0.0664678,71536
165.3,0.184615,0.295153,100992,0.0384615,0.125817,16832,0.176923,0.037227,96784,0.0153846,0.548502,8416,0.111111,0.697733,42080,0.0769231,0.26587,33664,0,0.1,0,0.0769231,0.434537,42080,0,0.1,0,0,0.1,0,0.0520833,0.146835,21040,0,0.1,0,0.0384615,0.0904596,8416,0,0.1,0,0.133333,0.0723351,67328
165.4,0.208333,0.277746,105200,0.0416667,0.125817,16832,0.183333,0.038295,92576,0.0166667,0.548502,8416,0.1125,0.704084,37872,0.0865385,0.267106,37872,0,0.1,0,0.0923077,0.438763,50496,0,0.1,0,0,0.1,0,0.0384615,0.139117,16832,0,0.1,0,0.0192308,0.114284,4208,0,0.1,0,0.138462,0.0670571,75744
165.5,0.207692,0.270551,113616,0.0288462,0.0983963,12624,0.184615,0.0357674,100992,0.0153846,0.548502,8416,0.125,0.711039,42080,0.0833333,0.284574,33664,0,0.1,0,0.108333,0.442252,54704,0,0.1,0,0,0.1,0,0.0384615,0.139117,16832,0,0.1,0,0.0227273,0.114284,4208,0,0.1,0,0.123077,0.0681479,67328
165.6,0.2,0.271615,109408,0.0192308,0.0883185,8416,0.184615,0.0367679,100992,0.00769231,0.452868,4208,0.142857,0.711039,42080,0.0769231,0.284574,33664,0,0.1,0,0.123077,0.442758,67328,0,0.1,0,0,0.1,0,0.0416667,0.139117,16832,0,0.1,0,0.0277778,0.114284,4208,0,0.1,0,0.125,0.0755658,63120
165.7,0.225,0.265197,113616,0.0208333,0.0883185,8416,0.191667,0.0377827,96784,0.00833333,0.452868,4208,0.166667,0.711039,42080,0.0673077,0.287533,29456,0,0.1,0,0.130769,0.449294,71536,0,0.1,0,0,0.1,0,0.0384615,0.139117,16832,0,0.1,0,0.0277778,0.114284,4208,0,0.1,0,0.123077,0.0734021,67328
165.8,0.2,0.269066,109408,0.0192308,0.0883185,8416,0.161538,0.0364818,88368,0.00769231,0.452868,4208,0.166667,0.711039,42080,0.0729167,0.287533,29456,0,0.1,0,0.166667,0.445673,84160,0,0.1,0,0,0.1,0,0.0384615,0.139117,16832,0,0.1,0,0.0357143,0.114284,4208,0,0.1,0,0.107692,0.0754299,58912
165.9,0.192308,0.254484,105200,0.0288462,0.146517,12624,0.153846,0.0353315,84160,0.00769231,0.452868,4208,0.18,0.718125,37872,0.0673077,0.287533,29456,0,0.1,0,0.153846,0.445673,84160,0,0.1,0,0,0.1,0,0.0416667,0.139117,16832,0,0.1,0,0.05,0.114284,4208,0,0.1,0,0.108333,0.0802732,54704
166,0.2,0.221646,100992,0.03125,0.146517,12624,0.175,0.0354099,88368,0.00833333,0.452868,4208,0.225,0.718125,37872,0.0673077,0.287533,29456,0,0.1,0,0.153846,0.441177,84160,0,0.1,0,0,0.1,0,0.0384615,0.139117,16832,0,0.1,0,0.05,0.114284,4208,0,0.1,0,0.1,0.088123,54704
166.1,0.192308,0.210653,105200,0.0192308,0.171764,8416,0.161538,0.0357965,88368,0.00769231,0.452868,4208,0.2,0.725409,33664,0.0729167,0.293773,29456,0,0.1,0,0.166667,0.441177,84160,0,0.1,0,0,0.1,0,0.0384615,0.139117,16832,0,0.1,0,0.0833333,0.114284,4208,0,0.1,0,0.1,0.088123,54704
166.2,0.207692,0.200516,113616,0.0192308,0.171764,8416,0.192308,0.0410757,105200,0.0153846,0.312537,8416,0.266667,0.725409,33664,0.0673077,0.293773,29456,0,0.1,0,0.169231,0.445522,92576,0.0178571,0.0333283,4208,0,0.1,0,0.03125,0.140912,12624,0,0.1,0,0.25,0.114284,4208,0,0.1,0,0.1,0.0842617,50496
166.3,0.208333,0.180544,105200,0.0208333,0.171764,8416,0.208333,0.0410757,105200,0.0166667,0.312537,8416,0.35,0.744995,29456,0.0673077,0.293773,29456,0,0.1,0,0.169231,0.444037,92576,0.0166667,0.0333283,4208,0,0.1,0,0.0288462,0.140912,12624,0,0.1,0,0,0.1,0,0,0.1,0,0.107692,0.0890364,58912
166.4,0.2,0.174844,109408,0.0192308,0.171764,8416,0.207692,0.0421089,113616,0.0153846,0.312537,8416,0.35,0.744995,29456,0.0520833,0.28449,21040,0,0.1,0,0.2,0.442995,100992,0.0535714,0.0566706,12624,0,0.1,0,0.0192308,0.199139,8416,0,0.1,0,0,0.1,0,0,0.1,0,0.128,0.0806078,67328
166.5,0.207692,0.165268,113616,0.0192308,0.171764,8416,0.192308,0.0415585,105200,0.0153846,0.312537,8416,0.6,0.762794,25248,0.0480769,0.28449,21040,0,0.1,0,0.184615,0.442995,100992,0.046875,0.0566706,12624,0,0.1,0,0.0208333,0.199139,8416,0,0.1,0,0,0.1,0,0,0.1,0,0.130435,0.073953,63120
166.6,0.225,0.155395,113616,0.0208333,0.331257,8416,0.225,0.0411514,113616,0.0166667,0.312537,8416,0,0.762794,25248,0.0660377,0.364297,29456,0,0.1,0,0.2,0.44187,109408,0.0428571,0.0566706,12624,0,0.1,0,0.0188679,0.199139,8416,0,0.1,0,0,0.1,0,0,0.1,0,0.125,0.073953,63120
166.7,0.215385,0.144238,117824,0.0283019,0.364681,12624,0.209302,0.0404381,113616,0.0153846,0.312537,8416,0,0.768674,21040,0.0714286,0.364297,29456,0,0.1,0,0.225,0.447762,113616,0.0606061,0.0904962,16832,0,0.1,0,0,0.1,0,0,0.1,0,0,0.1,0,0,0.1,0,0.130435,0.0733051,63120
166.8,0.215385,0.138896,117824,0.0462963,0.382826,21040,0.21875,0.037474,117824,0.00769231,0.172206,4208,0,0.768674,21040,0.0555556,0.398299,25248,0,0.1,0,0.224,0.448139,117824,0.0657895,0.107811,21040,0,0.1,0,0.01,0.0622354,4208,0,0.1,0,0,0.1,0,0,0.1,0,0.142857,0.0733051,63120
166.9,0.225,0.133134,113616,0.06,0.383982,25248,0.245763,0.0369404,122032,0.00833333,0.172206,4208,0,0.768674,21040,0.0545455,0.398299,25248,0,0.1,0,0.225,0.447119,113616,0.0609756,0.107811,21040,0,0.1,0,0.00909091,0.0622354,4208,0,0.1,0,0,0.1,0,0,0.1,0,0.127273,0.0748572,58912
167,0.2,0.107374,109408,0.0545455,0.383982,25248,0.220472,0.036838,117824,0.00769231,0.172206,4208,0,0.787525,16832,0.0686275,0.412888,29456,0,0.1,0,0.254545,0.436282,117824,0.0641026,0.107811,21040,0,0.1,0,0.0178571,0.105124,8416,0,0.1,0,0,0.1,0,0,0.1,0,0.12381,0.0793347,54704
167.1,0.207692,0.106299,113616,0.0535714,0.383982,25248,0.18254,0.0384413,96784,0.00769231,0.172206,4208,0,0.78115,8416,0.0535714,0.425844,25248,0,0.1,0,0.26087,0.423323,126240,0.0681818,0.123343,25248,0,0.1,0,0.0192308,0.105124,8416,0,0.1,0,0,0.1,0,0,0.1,0,0.147368,0.0909065,58912
167.2,0.241667,0.103255,122032,0.0576923,0.383982,25248,0.215517,0.0378618,105200,0.00833333,0.172206,4208,0,0.773637,4208,0.0614035,0.441381,29456,0,0.1,0,0.281818,0.417583,130448,0.0638298,0.123343,25248,0,0.1,0,0.0175439,0.105124,8416,0,0.1,0,0,0.1,0,0,0.1,0,0.13,0.0897294,54704
167.3,0.215385,0.0932723,117824,0.0614035,0.392097,29456,0.224,0.0359847,117824,0.00769231,0.172206,4208,0,0.773637,4208,0.0566038,0.468778,25248,0,0.1,0,0.35,0.382354,147280,0.0666667,0.123343,25248,0,0.1,0,0.0344828,0.122645,16832,0,0.1,0,0,0.1,0,0,0.1,0,0.126316,0.116177,50496
167.4,0.192308,0.0858242,105200,0.0603448,0.392097,29456,0.217742,0.0372174,113616,0.00769231,0.172206,4208,0,0.1,0,0.0431034,0.512964,21040,0,0.1,0,0.314286,0.378455,138864,0.07,0.129894,29456,0,0.1,0,0.037037,0.122645,16832,0,0.1,0,0,0.1,0,0,0.1,0,0.152941,0.124238,54704
167.5,0.2,0.0833415,100992,0.0648148,0.392097,29456,0.22807,0.0380462,109408,0.00833333,0.172206,4208,0,0.1,0,0.0423729,0.512964,21040,0,0.1,0,0.31,0.347978,130448,0.0660377,0.129894,29456,0,0.1,0,0.059322,0.110715,29456,0,0.1,0,0,0.1,0,0,0.1,0,0.155556,0.117846,58912
167.6,0.176923,0.0826897,96784,0.0677966,0.396583,33664,0.227642,0.0372772,117824,0.00769231,0.172206,4208,0,0.1,0,0.0545455,0.538215,25248,0,0.1,0,0.333333,0.341115,126240,0.0686275,0.129894,29456,0,0.1,0,0.0666667,0.105162,33664,0,0.1,0,0,0.1,0,0,0.1,0,0.152941,0.123761,54704
167.7,0.184615,0.0842674,100992,0.0666667,0.396583,33664,0.237705,0.0365617,122032,0.0153846,0.240021,8416,0,0.1,0,0.05,0.538215,25248,0,0.1,0,0.315789,0.299513,126240,0.0625,0.129894,29456,0,0.1,0,0.0892857,0.0895101,42080,0,0.1,0,0,0.1,0,0,0.1,0,0.186667,0.121277,58912
167.8,0.191667,0.0832381,96784,0.0714286,0.409031,33664,0.267857,0.0372271,126240,0.025,0.244689,12624,0,0.1,0,0.057377,0.547343,29456,0,0.1,0,0.333333,0.299513,126240,0.0677966,0.131128,33664,0,0.1,0,0.0819672,0.0895101,42080,0,0.1,0,0,0.1,0,0,0.1,0,0.175,0.121277,58912
167.9,0.176923,0.0874298,96784,0.0737705,0.403558,37872,0.256198,0.0373735,130448,0.0230769,0.244689,12624,0,0.1,0,0.0614035,0.547343,29456,0,0.1,0,0.4,0.275763,134656,0.0789474,0.128342,37872,0,0.1,0,0.0806452,0.0895101,42080,0,0.1,0,0,0.1,0,0,0.1,0,0.186667,0.119642,58912
168,0.161538,0.0884965,88368,0.0806452,0.405164,42080,0.25,0.0366619,126240,0.0307692,0.243488,16832,0,0.1,0,0.0564516,0.578913,29456,0,0.1,0,0.4,0.261874,143072,0.0725806,0.128342,37872,0,0.1,0,0.0862069,0.0895101,42080,0,0.1,0,0,0.1,0,0,0.1,0,0.215385,0.119642,58912
168.1,0.175,0.0943646,88368,0.0862069,0.405164,42080,0.245455,0.0315627,113616,0.025,0.267248,12624,0,0.1,0,0.0555556,0.578913,29456,0,0.1,0,0.4,0.24768,134656,0.0714286,0.152364,37872,0,0.1,0,0.0952381,0.0771034,50496,0,0.1,0,0,0.1,0,0,0.1,0,0.185714,0.122989,54704
168.2,0.169231,0.097323,92576,0.0793651,0.405164,42080,0.226891,0.0315627,113616,0.0230769,0.267248,12624,0,0.1,0,0.059322,0.578913,29456,0,0.1,0,0.471429,0.231002,138864,0.0762712,0.152364,37872,0,0.1,0,0.09375,0.0771034,50496,0,0.1,0,0,0.1,0,0,0.1,0,0.184615,0.118578,50496
168.3,0.184615,0.100234,100992,0.078125,0.405164,42080,0.211864,0.0318054,105200,0.0230769,0.267248,12624,0,0.1,0,0.0546875,0.578913,29456,0,0.1,0,0.44,0.206465,138864,0.0546875,0.17637,29456,0,0.1,0,0.125,0.069397,63120,0,0.1,0,0,0.1,0,0,0.1,0,0.166667,0.137972,42080
168.4,0.2,0.0985531,100992,0.0833333,0.405164,42080,0.240741,0.0335508,109408,0.025,0.267248,12624,0,0.1,0,0.0538462,0.578913,29456,0,0.1,0,0.471429,0.206465,138864,0.0615385,0.185534,33664,0,0.1,0,0.115385,0.069397,63120,0,0.1,0,0,0.1,0,0,0.1,0,0.142857,0.137972,42080
168.5,0.184615,0.0910514,100992,0.0769231,0.408345,42080,0.213675,0.0320845,105200,0.0230769,0.267248,12624,0,0.1,0,0.0416667,0.584953,21040,0,0.1,0,0.533333,0.188836,134656,0.075,0.19091,37872,0,0.1,0,0.123077,0.0694491,67328,0,0.1,0,0,0.1,0,0,0.1,0,0.146667,0.136352,46288
168.6,0.169231,0.091283,92576,0.0769231,0.40825,42080,0.222222,0.0335809,109408,0.024,0.267248,12624,0,0.1,0,0.0384615,0.584953,21040,0,0.1,0,0.5,0.168279,126240,0.0692308,0.192451,37872,0,0.1,0,0.141667,0.0675809,71536,0,0.1,0,0,0.1,0,0,0.1,0,0.142857,0.13198,42080
168.7,0.191667,0.0855779,96784,0.075,0.407038,37872,0.212963,0.0352844,96784,0.026087,0.267248,12624,0,0.1,0,0.0384615,0.584953,21040,0,0.1,0,0.509091,0.15085,117824,0.0615385,0.194374,33664,0,0.1,0,0.138462,0.0609692,75744,0,0.1,0,0,0.1,0,0,0.1,0,0.125,0.13198,42080
168.8,0.176923,0.0828593,96784,0.0692308,0.402435,37872,0.205128,0.0363673,100992,0.025,0.267248,12624,0,0.1,0,0.0416667,0.584953,21040,0,0.1,0,0.56,0.15085,117824,0.0666667,0.194374,33664,0,0.1,0,0.138462,0.0609692,75744,0,0.1,0,0,0.1,0,0,0.1,0,0.117647,0.13198,42080
168.9,0.169231,0.0831376,92576,0.0692308,0.402435,37872,0.205128,0.0348968,100992,0.026087,0.267248,12624,0,0.1,0,0.0538462,0.434035,29456,0,0.1,0,0.5,0.126295,105200,0.0769231,0.198701,42080,0,0.1,0,0.158333,0.0563276,79952,0,0.1,0,0,0.1,0,0,0.1,0,0.125,0.13198,42080
169,0.191667,0.0780757,96784,0.0833333,0.39537,42080,0.231481,0.0346039,105200,0.0285714,0.267248,12624,0,0.1,0,0.0538462,0.434035,29456,0,0.1,0,0.488889,0.102209,92576,0.0692308,0.198445,37872,0,0.1,0,0.153846,0.0560256,84160,0,0.1,0,0,0.1,0,0,0.1,0,0.1,0.119829,37872
169.1,0.161538,0.0795917,88368,0.0846154,0.392214,46288,0.213675,0.053468,105200,0.0272727,0.267248,12624,0,0.1,0,0.05,0.417275,25248,0,0.1,0,0.525,0.0953915,88368,0.0916667,0.20582,46288,0,0.1,0,0.161538,0.057089,88368,0,0.1,0,0,0.1,0,0,0.1,0,0.0947368,0.119829,37872
169.2,0.176923,0.0825387,96784,0.0923077,0.398072,50496,0.196581,0.0562915,96784,0.0285714,0.267248,12624,0,0.1,0,0.0461538,0.417275,25248,0,0.1,0,0.375,0.0430739,63120,0.0923077,0.205311,50496,0,0.1,0,0.175,0.0465792,88368,0,0.1,0,0,0.1,0,0,0.1,0,0.0888889,0.100143,33664
169.3,0.208333,0.0776231,105200,0.116667,0.397992,58912,0.240741,0.0927948,109408,0.0315789,0.267248,12624,0,0.1,0,0.0538462,0.368845,29456,0,0.1,0,0.428571,0.0430739,63120,0.0923077,0.202629,50496,0,0.1,0,0.169231,0.0461213,92576,0,0.1,0,0,0.1,0,0,0.1,0,0.07,0.0828827,29456
169.4,0.2,0.0729574,109408,0.107692,0.397992,58912,0.25641,0.0863773,126240,0.03,0.267248,12624,0,0.1,0,0.0666667,0.328664,33664,0,0.1,0,0.433333,0.0479024,54704,0.116667,0.208444,58912,0,0.1,0,0.146154,0.038434,79952,0,0.1,0,0,0.1,0,0,0.1,0,0.047619,0.0949715,21040
169.5,0.207692,0.0725283,113616,0.107692,0.399643,58912,0.247863,0.0877911,122032,0.0315789,0.267248,12624,0.0571429,0.0320998,8416,0.0692308,0.235254,37872,0,0.1,0,0.433333,0.0479024,54704,0.107692,0.208444,58912,0,0.1,0,0.166667,0.0381825,84160,0,0.1,0,0,0.1,0,0,0.1,0,0.05,0.0949715,21040
169.6,0.216667,0.0706812,109408,0.116667,0.399643,58912,0.259259,0.0925872,117824,0.0235294,0.246955,8416,0.0571429,0.0320998,8416,0.0692308,0.235254,37872,0,0.1,0,0.4,0.059532,42080,0.107692,0.208444,58912,0,0.1,0,0.138462,0.0394359,75744,0,0.1,0,0,0.1,0,0,0.1,0,0.0363636,0.0964699,16832
169.7,0.2,0.0706812,109408,0.107692,0.409484,58912,0.247863,0.0899477,122032,0.0111111,0.239885,4208,0.05,0.0320998,8416,0.0666667,0.189397,33664,0,0.1,0,0.5,0.059532,42080,0.108333,0.213727,54704,0,0.1,0,0.146154,0.0378268,79952,0,0.1,0,0,0.1,0,0,0.1,0,0.0347826,0.0964699,16832
169.8,0.192308,0.0656475,105200,0.1,0.413308,54704,0.230769,0.0936941,113616,0.0117647,0.239885,4208,0.0444444,0.0320998,8416,0.0692308,0.183234,37872,0,0.1,0,0.35,0.051651,29456,0.0923077,0.2227,50496,0,0.1,0,0.158333,0.0378268,79952,0,0.1,0,0,0.1,0,0,0.1,0,0.0272727,0.0805148,12624
169.9,0.233333,0.0630925,117824,0.108333,0.420062,54704,0.268519,0.0925287,122032,0,0.1,0,0.0444444,0.0320998,8416,0.0615385,0.128242,33664,0,0.1,0,0.333333,0.05645,21040,0.1,0.228315,54704,0,0.1,0,0.146154,0.0378268,79952,0,0.1,0,0,0.1,0,0,0.1,0,0.025,0.0805148,12624
170,0.215385,0.057606,117824,0.107692,0.420193,58912,0.247863,0.096536,122032,0,0.1,0,0.04,0.0320998,8416,0.0666667,0.128242,33664,0,0.1,0,0.5,0.05645,21040,0.108333,0.236772,54704,0,0.1,0,0.146154,0.0434995,79952,0,0.1,0,0,0.1,0,0,0.1,0,0.024,0.0805148,12624
170.1,0.215385,0.054036,117824,0.107692,0.420193,58912,0.247863,0.096536,122032,0,0.1,0,0.0363636,0.0320998,8416,0.0615385,0.128242,33664,0,0.1,0,0.3,0.0464984,12624,0.1,0.236772,54704,0,0.1,0,0.175,0.0439211,88368,0,0.1,0,0,0.1,0,0,0.1,0,0.00833333,0.120149,4208
170.2,0.216667,0.0529996,109408,0.116667,0.420193,58912,0.268519,0.0961405,122032,0,0.1,0,0.0363636,0.0320998,8416,0.0615385,0.128242,33664,0,0.1,0,0.2,0.0861529,4208,0.107692,0.242433,58912,0,0.1,0,0.138462,0.0448128,75744,0,0.1,0,0,0.1,0,0,0.1,0,0.00769231,0.120149,4208
170.3,0.2,0.0578127,109408,0.107692,0.420193,58912,0.25641,0.0930101,126240,0,0.1,0,0.05,0.0532968,12624,0.0666667,0.128242,33664,0,0.1,0,0,0.0861529,4208,0.108333,0.241875,54704,0,0.1,0,0.146154,0.0499413,79952,0,0.1,0,0,0.1,0,0,0.1,0,0.00769231,0.120149,4208
170.4,0.192308,0.0613963,105200,0.1,0.41933,54704,0.25641,0.110629,126240,0,0.1,0,0.0461538,0.0532968,12624,0.0615385,0.128242,33664,0,0.1,0,0,0.1,0,0.0923077,0.242538,50496,0,0.1,0,0.15,0.0488141,75744,0,0.1,0,0,0.1,0,0,0.1,0,0,0.1,0
170.5,0.233333,0.0700434,117824,0.1,0.418393,50496,0.259259,0.128174,117824,0.0153846,0.118726,4208,0.05,0.0532968,12624,0.0615385,0.128242,33664,0,0.1,0,0.1,0.0163294,4208,0.0923077,0.24065,50496,0,0.1,0,0.138462,0.0555021,75744,0,0.1,0,0,0.1,0,0,0.1,0,0,0.1,0
170.6,0.215385,0.0728921,117824,0.0846154,0.41998,46288,0.25641,0.120882,126240,0.0133333,0.118726,4208,0.0461538,0.0532968,12624,0.075,0.125105,37872,0,0.1,0,0.2,0.0228763,8416,0.108333,0.242141,54704,0,0.1,0,0.130769,0.062396,71536,0,0.1,0,0,0.1,0,0,0.1,0,0,0.1,0
170.7,0.230769,0.0753627,126240,0.0769231,0.427145,42080,0.239316,0.126543,117824,0.0125,0.118726,4208,0.0461538,0.0532968,12624,0.0692308,0.125105,37872,0,0.1,0,0.2,0.0260736,12624,0.1,0.242141,54704,0,0.1,0,0.15,0.0636194,75744,0,0.1,0,0,0.1,0,0,0.1,0,0,0.1,0
170.8,0.258333,0.0752301,130448,0.1,0.387603,50496,0.277778,0.121263,126240,0.0133333,0.118726,4208,0.0666667,0.0645362,16832,0.0461538,0.0853406,25248,0,0.1,0,0.15,0.0260736,12624,0.0846154,0.246893,46288,0,0.1,0,0.136,0.0628827,71536,0,0.1,0,0,0.1,0,0,0.1,0,0,0.1,0
170.9,0.246154,0.0720708,134656,0.0923077,0.374132,50496,0.247863,0.124494,122032,0.0117647,0.118726,4208,0.0769231,0.0559876,21040,0.05,0.0853406,25248,0,0.1,0,0.15,0.0260736,12624,0.0916667,0.246893,46288,0,0.1,0,0.133333,0.0636699,67328,0,0.1,0,0,0.1,0,0,0.1,0,0,0.1,0
171,0.246154,0.0720708,134656,0.0846154,0.375357,46288,0.25641,0.104209,126240,0.0111111,0.118726,4208,0.107692,0.0412705,29456,0.0461538,0.0853406,25248,0,0.1,0,0.16,0.0366372,16832,0.0692308,0.248644,37872,0,0.1,0,0.145455,0.0611283,67328,0.0104167,0.0358695,4208,0,0.1,0,0,0.1,0,0,0.1,0
171.1,0.266667,0.0672247,134656,0.075,0.358403,37872,0.268519,0.107146,122032,0.0235294,0.191054,8416,0.116667,0.0412705,29456,0.0461538,0.0853406,25248,0,0.1,0,0.133333,0.0366372,16832,0.0615385,0.25476,33664,0,0.1,0,0.121739,0.0656017,58912,0.00961538,0.0358695,4208,0,0.1,0,0,0.1,0,0,0.1,0
171.2,0.246154,0.0677869,134656,0.0538462,0.34723,29456,0.247863,0.0730688,122032,0.0421053,0.171383,16832,0.107692,0.0412705,29456,0.0416667,0.0867559,21040,0,0.1,0,0.133333,0.0366372,16832,0.0583333,0.271581,29456,0,0.1,0,0.118182,0.06784,54704,0.00961538,0.0358695,4208,0,0.1,0,0,0.1,0,0,0.1,0
171.3,0.238462,0.0694468,130448,0.0538462,0.34723,29456,0.205128,0.0796813,100992,0.06,0.182485,25248,0.123077,0.040669,33664,0.0307692,0.0965947,16832,0,0.1,0,0.114286,0.0366372,16832,0.0384615,0.28288,21040,0,0.1,0,0.13,0.06784,54704,0.0104167,0.0358695,4208,0,0.1,0,0,0.1,0,0,0.1,0
171.4,0.275,0.066941,138864,0.05,0.329917,25248,0.212963,0.0827465,96784,0.0631579,0.182485,25248,0.1,0.0435254,25248,0.0153846,0.116969,8416,0,0.1,0,0.1,0.0366372,16832,0.0384615,0.28288,21040,0,0.1,0,0.104762,0.0711112,46288,0.00961538,0.0358695,4208,0,0.1,0,0,0.1,0,0,0.1,0
171.5,0.253846,0.066941,138864,0.0461538,0.329917,25248,0.205128,0.077662,100992,0.0571429,0.182485,25248,0.153846,0.041534,42080,0.025,0.0880676,12624,0,0.1,0,0.1,0.0366372,16832,0.0416667,0.28288,21040,0,0.1,0,0.11,0.0711112,46288,0.00961538,0.0358695,4208,0,0.1,0,0,0.1,0,0,0.1,0
171.6,0.271318,0.0648348,147280,0.0384615,0.295848,21040,0.186441,0.0814237,92576,0.0545455,0.182485,25248,0.153846,0.041534,42080,0.0230769,0.0880676,12624,0,0.1,0,0.0888889,0.0366372,16832,0.0384615,0.28288,21040,0,0.1,0,0.122222,0.0766551,46288,0.0104167,0.0358695,4208,0,0.1,0,0,0.1,0,0,0.1,0
171.7,0.294118,0.0652578,147280,0.0416667,0.295848,21040,0.211009,0.0807563,96784,0.0666667,0.169935,29456,0.2,0.0496931,50496,0.0153846,0.0651375,8416,0,0.1,0,0.08,0.0366372,16832,0.0461538,0.250725,25248,0,0.1,0,0.115789,0.0766551,46288,0.00943396,0.0358695,4208,0,0.1,0,0,0.1,0,0,0.1,0
171.8,0.257812,0.0659948,138864,0.0307692,0.242954,16832,0.201681,0.074419,100992,0.0695652,0.171939,33664,0.184615,0.0496931,50496,0.0166667,0.0651375,8416,0,0.1,0,0.08,0.0366372,16832,0.0583333,0.195674,29456,0,0.1,0,0.122222,0.0766551,46288,0.00925926,0.0358695,4208,0,0.1,0,0,0.1,0,0,0.1,0
171.9,0.251969,0.0644545,134656,0.0230769,0.183307,12624,0.2,0.0686754,100992,0.0833333,0.180399,42080,0.184615,0.0496931,50496,0.0153846,0.0651375,8416,0,0.1,0,0.109091,0.055561,25248,0.0461538,0.168375,25248,0,0.1,0,0.1125,0.0783649,37872,0.01,0.0358695,4208,0,0.1,0,0,0.1,0,0,0.1,0
172,0.282051,0.0650747,138864,0.025,0.183307,12624,0.234234,0.0661682,109408,0.0869565,0.180399,42080,0.2,0.0496931,50496,0.0153846,0.0651375,8416,0,0.1,0,0.1,0.055561,25248,0.0538462,0.168186,29456,0,0.1,0,0.0941176,0.0771101,33664,0.00909091,0.0358695,4208,0,0.1,0,0,0.1,0,0,0.1,0
172.1,0.269841,0.0607079,143072,0.0230769,0.183307,12624,0.22314,0.064622,113616,0.08,0.180399,42080,0.215385,0.0485019,58912,0.0166667,0.0651375,8416,0,0.1,0,0.116667,0.0543526,29456,0.0583333,0.152671,29456,0,0.1,0,0.1,0.0771101,33664,0.00892857,0.0358695,4208,0,0.1,0,0,0.1,0,0,0.1,0
172.2,0.256,0.0561994,134656,0.0230769,0.183307,12624,0.204918,0.0666153,105200,0.0846154,0.185446,46288,0.230769,0.0410868,63120,0.0307692,0.0766387,16832,0,0.1,0,0.107692,0.0543526,29456,0.0538462,0.152671,29456,0,0.1,0,0.1,0.0678036,29456,0.00961538,0.0358695,4208,0,0.1,0,0,0.1,0,0,0.1,0
172.3,0.304348,0.0514104,147280,0.025,0.183307,12624,0.212389,0.0472869,100992,0.0916667,0.185446,46288,0.25,0.0410868,63120,0.032,0.0766387,16832,0,0.1,0,0.133333,0.0586925,33664,0.0538462,0.152671,29456,0.00961538,0.298425,4208,0.106667,0.0598911,33664,0.00877193,0.0358695,4208,0,0.1,0,0,0.1,0,0,0.1,0
172.4,0.266129,0.0420416,138864,0.0230769,0.183307,12624,0.186992,0.031372,96784,0.0923077,0.226046,50496,0.246154,0.0396306,67328,0.0347826,0.0766387,16832,0,0.1,0,0.127273,0.0647443,29456,0.05,0.147585,25248,0.0104167,0.298425,4208,0.0945946,0.045865,29456,0.00862069,0.0358695,4208,0,0.1,0,0,0.1,0,0,0.1,0
172.5,0.252033,0.0390709,130448,0.0230769,0.183307,12624,0.177419,0.0362577,92576,0.0923077,0.226046,50496,0.246154,0.0396306,67328,0.032,0.0641339,16832,0,0.1,0,0.109091,0.0706312,25248,0.0384615,0.125096,21040,0.00961538,0.298425,4208,0.125,0.0409562,33664,0.00925926,0.0358695,4208,0.0208333,0.0805054,4208,0,0.1,0,0,0.1,0
172.6,0.265487,0.0348415,126240,0.025,0.183307,12624,0.191304,0.0362577,92576,0.1,0.226046,50496,0.266667,0.0396306,67328,0.032,0.0641339,16832,0,0.1,0,0.1,0.0782638,21040,0.0384615,0.125096,21040,0.00961538,0.298425,4208,0.0945946,0.0347476,29456,0.00847458,0.0358695,4208,0.0192308,0.0805054,4208,0.0416667,0.076843,4208,0,0.1,0
172.7,0.237705,0.0324279,122032,0.00769231,0.170132,4208,0.152,0.0356666,79952,0.1,0.225443,54704,0.261538,0.0348395,71536,0.0347826,0.0641339,16832,0,0.1,0,0.111111,0.0782638,21040,0.0416667,0.125096,21040,0.0104167,0.298425,4208,0.0886076,0.0367934,29456,0.00833333,0.0358695,4208,0.0192308,0.0805054,4208,0.03125,0.076843,4208,0,0.1,0
172.8,0.214876,0.0354317,109408,0,0.1,0,0.150794,0.0356666,79952,0.107692,0.221848,58912,0.292308,0.0329621,79952,0.032,0.0641339,16832,0,0.1,0,0.111111,0.0782638,21040,0.0384615,0.125096,21040,0.00961538,0.298425,4208,0.0945946,0.0367934,29456,0.00892857,0.0358695,4208,0.0208333,0.0805054,4208,0.03125,0.076843,4208,0.0166667,0.0747805,4208
172.9,0.234234,0.0354317,109408,0,0.1,0,0.153846,0.0445341,75744,0.116667,0.221848,58912,0.283333,0.0363133,71536,0.0434783,0.0695671,21040,0,0.1,0,0.1,0.0807478,16832,0.0416667,0.125096,21040,0.0104167,0.298425,4208,0.0810811,0.0366438,25248,0,0.1,0,0.0208333,0.0805054,4208,0.03125,0.076843,4208,0.0166667,0.0747805,4208
173,0.207207,0.034904,96784,0.00833333,0.194239,4208,0.153846,0.0445341,75744,0.108333,0.218654,54704,0.283333,0.0363133,71536,0.047619,0.0695671,21040,0,0.1,0,0.114286,0.0807478,16832,0.0545455,0.168668,25248,0.0113636,0.298425,4208,0.101449,0.0613811,29456,0,0.1,0,0.0227273,0.0805054,4208,0.03125,0.076843,4208,0.0181818,0.0747805,4208
173.1,0.207921,0.0353626,88368,0.00909091,0.194239,4208,0.12963,0.0470482,58912,0.1,0.230825,46288,0.309091,0.0363133,71536,0.047619,0.0695671,21040,0,0.1,0,0.114286,0.0807478,16832,0.0545455,0.168668,25248,0.0113636,0.298425,4208,0.109375,0.0613811,29456,0,0.1,0,0.025,0.0805054,4208,0.03125,0.076843,4208,0.02,0.0747805,4208
173.2,0.21978,0.0367155,84160,0.01,0.194239,4208,0.141414,0.0470482,58912,0.09,0.236633,37872,0.32,0.0363042,67328,0.0526316,0.0695671,21040,0,0.1,0,0.133333,0.0807478,16832,0.06,0.168668,25248,0.0125,0.298425,4208,0.109375,0.0613811,29456,0,0.1,0,0.025,0.0805054,4208,0.03125,0.076843,4208,0.02,0.0747805,4208
