time,uav0_channel,uav0_power,uav0_rate,uav1_channel,uav1_power,uav1_rate,uav2_channel,uav2_power,uav2_rate,uav3_channel,uav3_power,uav3_rate,uav4_channel,uav4_power,uav4_rate,uav5_channel,uav5_power,uav5_rate,uav6_channel,uav6_power,uav6_rate,uav7_channel,uav7_power,uav7_rate,uav8_channel,uav8_power,uav8_rate,uav9_channel,uav9_power,uav9_rate,uav10_channel,uav10_power,uav10_rate,uav11_channel,uav11_power,uav11_rate,uav12_channel,uav12_power,uav12_rate,uav13_channel,uav13_power,uav13_rate,uav14_channel,uav14_power,uav14_rate
0.1,2,23,6,0,23,6,1,23,6,1,23,6,0,23,6,2,23,6,2,23,6,0,23,6,1,23,6,1,23,6,0,23,6,2,23,6,2,23,6,0,23,6,1,23,6
0.2,2,23,6,0,23,6,1,23,6,1,23,6,0,23,6,2,23,6,2,23,6,0,23,6,1,23,6,1,23,6,0,23,6,2,23,6,2,23,6,0,23,6,1,23,6
0.3,2,23,6,0,23,6,1,23,6,1,23,6,0,23,6,2,23,6,2,23,6,0,23,6,1,23,6,1,23,6,0,23,6,2,23,6,2,23,6,0,23,6,1,23,6
0.4,2,23,6,0,23,6,1,23,6,1,23,6,0,23,6,2,23,6,2,23,6,0,23,6,1,23,6,1,23,6,0,23,6,2,23,6,2,23,6,0,23,6,1,23,6
0.5,2,23,6,0,23,6,1,23,6,1,23,6,0,23,6,2,23,6,2,23,6,0,23,6,1,23,6,1,23,6,0,23,6,2,23,6,2,23,6,0,23,6,1,23,6
0.6,2,23,6,0,23,6,1,23,6,1,23,6,0,23,6,2,23,6,2,23,6,0,23,6,1,23,6,1,23,6,0,23,6,2,23,6,2,23,6,0,23,6,1,23,6
0.7,2,23,6,0,23,6,1,23,6,1,23,6,0,23,6,2,23,6,2,23,6,0,23,6,1,23,6,1,23,6,0,23,6,2,23,6,2,23,6,0,23,6,1,23,6
0.8,2,23,6,0,23,6,1,23,6,1,23,6,0,23,6,2,23,6,2,23,6,0,23,6,1,23,6,1,23,6,0,23,6,2,23,6,2,23,6,0,23,6,1,23,6
0.9,2,23,6,0,23,6,1,23,6,1,23,6,0,23,6,2,23,6,2,23,6,0,23,6,1,23,6,1,23,6,0,23,6,2,23,6,2,23,6,0,23,6,1,23,6
1,2,23,6,0,23,6,1,23,6,1,23,6,0,23,6,2,23,6,2,23,6,0,23,6,1,23,6,1,23,6,0,23,6,2,23,6,2,23,6,0,23,6,1,23,6
1.1,2,23,6,0,23,6,1,23,6,1,23,6,0,23,6,2,23,6,2,23,6,0,23,6,1,23,6,1,23,6,0,23,6,2,23,6,2,23,6,0,23,6,1,23,6
1.2,2,23,6,0,23,6,1,23,6,1,23,6,0,23,6,2,23,6,2,23,6,0,23,6,1,23,6,1,23,6,0,23,6,2,23,6,2,23,6,0,23,6,1,23,6
1.3,2,23,6,0,23,6,1,23,6,1,23,6,0,23,6,2,23,6,2,23,6,0,23,6,1,23,6,1,23,6,0,23,6,2,23,6,2,23,6,0,23,6,1,23,6
1.4,2,23,6,0,23,6,1,23,6,1,23,6,0,23,6,2,23,6,2,23,6,0,23,6,1,23,6,1,23,6,0,23,6,2,23,6,2,23,6,0,23,6,1,23,6
1.5,2,23,6,0,23,6,1,23,6,1,23,6,0,23,6,2,23,6,2,23,6,0,23,6,1,23,6,1,23,6,0,23,6,2,23,6,2,23,6,0,23,6,1,23,6
1.6,2,23,6,0,23,6,1,23,6,1,23,6,0,23,6,2,23,6,2,23,6,0,23,6,1,23,6,1,23,6,0,23,6,2,23,6,2,23,6,0,23,6,1,23,6
1.7,2,23,6,0,23,6,1,23,6,1,23,6,0,23,6,2,23,6,2,23,6,0,23,6,1,23,6,1,23,6,0,23,6,2,23,6,2,23,6,0,23,6,1,23,6
1.8,2,23,6,0,23,6,1,23,6,1,23,6,0,23,6,2,23,6,2,23,6,0,23,6,1,23,6,1,23,6,0,23,6,2,23,6,2,23,6,0,23,6,1,23,6
1.9,2,23,6,0,23,6,1,23,6,1,23,6,0,23,6,2,23,6,2,23,6,0,23,6,1,23,6,1,23,6,0,23,6,2,23,6,2,23,6,0,23,6,1,23,6
2,2,23,6,0,23,6,1,23,6,1,23,6,0,23,6,2,23,6,2,23,6,0,23,6,1,23,6,1,23,6,0,23,6,2,23,6,2,23,6,0,23,6,1,23,6
2.1,2,23,6,0,23,6,1,23,6,1,23,6,0,23,6,2,23,6,2,23,6,0,23,6,1,23,6,1,23,6,0,23,6,2,23,6,2,23,6,0,23,6,1,23,6
2.2,2,23,6,0,23,6,1,23,6,1,23,6,0,23,6,2,23,6,2,23,6,0,23,6,1,23,6,1,23,6,0,23,6,2,23,6,2,23,6,0,23,6,1,23,6
2.3,2,23,6,0,23,6,1,23,6,1,23,6,0,23,6,2,23,6,2,23,6,0,23,6,1,23,6,1,23,6,0,23,6,2,23,6,2,23,6,0,23,6,1,23,6
2.4,2,23,6,0,23,6,1,23,6,1,23,6,0,23,6,2,23,6,2,23,6,0,23,6,1,23,6,1,23,6,0,23,6,2,23,6,2,23,6,0,23,6,1,23,6
2.5,2,23,6,0,23,6,1,23,6,1,23,6,0,23,6,2,23,6,2,23,6,0,23,6,1,23,6,1,23,6,0,23,6,2,23,6,2,23,6,0,23,6,1,23,6
2.6,2,23,6,0,23,6,1,23,6,1,23,6,0,23,6,2,23,6,2,23,6,0,23,6,1,23,6,1,23,6,0,23,6,2,23,6,2,23,6,0,23,6,1,23,6
2.7,2,23,6,0,23,6,1,23,6,1,23,6,0,23,6,2,23,6,2,23,6,0,23,6,1,23,6,1,23,6,0,23,6,2,23,6,2,23,6,0,23,6,1,23,6
2.8,2,23,6,0,23,6,1,23,6,1,23,6,0,23,6,2,23,6,2,23,6,0,23,6,1,23,6,1,23,6,0,23,6,2,23,6,2,23,6,0,23,6,1,23,6
2.9,2,23,6,0,23,6,1,23,6,1,23,6,0,23,6,2,23,6,2,23,6,0,23,6,1,23,6,1,23,6,0,23,6,2,23,6,2,23,6,0,23,6,1,23,6
3,2,23,6,0,23,6,1,23,6,1,23,6,0,23,6,2,23,6,2,23,6,0,23,6,1,23,6,1,23,6,0,23,6,2,23,6,2,23,6,0,23,6,1,23,6
3.1,2,23,6,0,23,6,1,23,6,1,23,6,0,23,6,2,23,6,2,23,6,0,23,6,1,23,6,1,23,6,0,23,6,2,23,6,2,23,6,0,23,6,1,23,6
3.2,2,23,6,0,23,6,1,23,6,1,23,6,0,23,6,2,23,6,2,23,6,0,23,6,1,23,6,1,23,6,0,23,6,2,23,6,2,23,6,0,23,6,1,23,6
3.3,2,23,6,0,23,6,1,23,6,1,23,6,0,23,6,2,23,6,2,23,6,0,23,6,1,23,6,1,23,6,0,23,6,2,23,6,2,23,6,0,23,6,1,23,6
3.4,2,23,6,0,23,6,1,23,6,1,23,6,0,23,6,2,23,6,2,23,6,0,23,6,1,23,6,1,23,6,0,23,6,2,23,6,2,23,6,0,23,6,1,23,6
3.5,2,23,6,0,23,6,1,23,6,1,23,6,0,23,6,2,23,6,2,23,6,0,23,6,1,23,6,1,23,6,0,23,6,2,23,6,2,23,6,0,23,6,1,23,6
3.6,2,23,6,0,23,6,1,23,6,1,23,6,0,23,6,2,23,6,2,23,6,0,23,6,1,23,6,1,23,6,0,23,6,2,23,6,2,23,6,0,23,6,1,23,6
3.7,2,23,6,0,23,6,1,23,6,1,23,6,0,23,6,2,23,6,2,23,6,0,23,6,1,23,6,1,23,6,0,23,6,2,23,6,2,23,6,0,23,6,1,23,6
3.8,2,23,6,0,23,6,1,23,6,1,23,6,0,23,6,2,23,6,2,23,6,0,23,6,1,23,6,1,23,6,0,23,6,2,23,6,2,23,6,0,23,6,1,23,6
3.9,2,23,6,0,23,6,1,23,6,1,23,6,0,23,6,2,23,6,2,23,6,0,23,6,1,23,6,1,23,6,0,23,6,2,23,6,2,23,6,0,23,6,1,23,6
4,2,23,6,0,23,6,1,23,6,1,23,6,0,23,6,2,23,6,2,23,6,0,23,6,1,23,6,1,23,6,0,23,6,2,23,6,2,23,6,0,23,6,1,23,6
4.1,2,23,6,0,23,6,1,23,6,1,23,6,0,23,6,2,23,6,2,23,6,0,23,6,1,23,6,1,23,6,0,23,6,2,23,6,2,23,6,0,23,6,1,23,6
4.2,2,23,6,0,23,6,1,23,6,1,23,6,0,23,6,2,23,6,2,23,6,0,23,6,1,23,6,1,23,6,0,23,6,2,23,6,2,23,6,0,23,6,1,23,6
4.3,2,23,6,0,23,6,1,23,6,1,23,6,0,23,6,2,23,6,2,23,6,0,23,6,1,23,6,1,23,6,0,23,6,2,23,6,2,23,6,0,23,6,1,23,6
4.4,2,23,6,0,23,6,1,23,6,1,23,6,0,23,6,2,23,6,2,23,6,0,23,6,1,23,6,1,23,6,0,23,6,2,23,6,2,23,6,0,23,6,1,23,6
4.5,2,23,6,0,23,6,1,23,6,1,23,6,0,23,6,2,23,6,2,23,6,0,23,6,1,23,6,1,23,6,0,23,6,2,23,6,2,23,6,0,23,6,1,23,6
4.6,2,23,6,0,23,6,1,23,6,1,23,6,0,23,6,2,23,6,2,23,6,0,23,6,1,23,6,1,23,6,0,23,6,2,23,6,2,23,6,0,23,6,1,23,6
4.7,2,23,6,0,23,6,1,23,6,1,23,6,0,23,6,2,23,6,2,23,6,0,23,6,1,23,6,1,23,6,0,23,6,2,23,6,2,23,6,0,23,6,1,23,6
4.8,2,23,6,0,23,6,1,23,6,1,23,6,0,23,6,2,23,6,2,23,6,0,23,6,1,23,6,1,23,6,0,23,6,2,23,6,2,23,6,0,23,6,1,23,6
4.9,2,23,6,0,23,6,1,23,6,1,23,6,0,23,6,2,23,6,2,23,6,0,23,6,1,23,6,1,23,6,0,23,6,2,23,6,2,23,6,0,23,6,1,23,6
5,2,23,6,0,23,6,1,23,6,1,23,6,0,23,6,2,23,6,2,23,6,0,23,6,1,23,6,1,23,6,0,23,6,2,23,6,2,23,6,0,23,6,1,23,6
5.1,2,23,6,0,23,6,1,23,6,1,23,6,0,23,6,2,23,6,2,23,6,0,23,6,1,23,6,1,23,6,0,23,6,2,23,6,2,23,6,0,23,6,1,23,6
5.2,2,23,6,0,23,6,1,23,6,1,23,6,0,23,6,2,23,6,2,23,6,0,23,6,1,23,6,1,23,6,0,23,6,2,23,6,2,23,6,0,23,6,1,23,6
5.3,2,23,6,0,23,6,1,23,6,1,23,6,0,23,6,2,23,6,2,23,6,0,23,6,1,23,6,1,23,6,0,23,6,2,23,6,2,23,6,0,23,6,1,23,6
5.4,2,23,6,0,23,6,1,23,6,1,23,6,0,23,6,2,23,6,2,23,6,0,23,6,1,23,6,1,23,6,0,23,6,2,23,6,2,23,6,0,23,6,1,23,6
5.5,2,23,6,0,23,6,1,23,6,1,23,6,0,23,6,2,23,6,2,23,6,0,23,6,1,23,6,1,23,6,0,23,6,2,23,6,2,23,6,0,23,6,1,23,6
5.6,2,23,6,0,23,6,1,23,6,1,23,6,0,23,6,2,23,6,2,23,6,0,23,6,1,23,6,1,23,6,0,23,6,2,23,6,2,23,6,0,23,6,1,23,6
5.7,2,23,6,0,23,6,1,23,6,1,23,6,0,23,6,2,23,6,2,23,6,0,23,6,1,23,6,1,23,6,0,23,6,2,23,6,2,23,6,0,23,6,1,23,6
5.8,2,23,6,0,23,6,1,23,6,1,23,6,0,23,6,2,23,6,2,23,6,0,23,6,1,23,6,1,23,6,0,23,6,2,23,6,2,23,6,0,23,6,1,23,6
5.9,2,23,6,0,23,6,1,23,6,1,23,6,0,23,6,2,23,6,2,23,6,0,23,6,1,23,6,1,23,6,0,23,6,2,23,6,2,23,6,0,23,6,1,23,6
6,2,23,6,0,23,6,1,23,6,1,23,6,0,23,6,2,23,6,2,23,6,0,23,6,1,23,6,1,23,6,0,23,6,2,23,6,2,23,6,0,23,6,1,23,6
6.1,2,23,6,0,23,6,1,23,6,1,23,6,0,23,6,2,23,6,2,23,6,0,23,6,1,23,6,1,23,6,0,23,6,2,23,6,2,23,6,0,23,6,1,23,6
6.2,2,23,6,0,23,6,1,23,6,1,23,6,0,23,6,2,23,6,2,23,6,0,23,6,1,23,6,1,23,6,0,23,6,2,23,6,2,23,6,0,23,6,1,23,6
6.3,2,23,6,0,23,6,1,23,6,1,23,6,0,23,6,2,23,6,2,23,6,0,23,6,1,23,6,1,23,6,0,23,6,2,23,6,2,23,6,0,23,6,1,23,6
6.4,2,23,6,0,23,6,1,23,6,1,23,6,0,23,6,2,23,6,2,23,6,0,23,6,1,23,6,1,23,6,0,23,6,2,23,6,2,23,6,0,23,6,1,23,6
6.5,2,23,6,0,23,6,1,23,6,1,23,6,0,23,6,2,23,6,2,23,6,0,23,6,1,23,6,1,23,6,0,23,6,2,23,6,2,23,6,0,23,6,1,23,6
6.6,2,23,6,0,23,6,1,23,6,1,23,6,0,23,6,2,23,6,2,23,6,0,23,6,1,23,6,1,23,6,0,23,6,2,23,6,2,23,6,0,23,6,1,23,6
6.7,2,23,6,0,23,6,1,23,6,1,23,6,0,23,6,2,23,6,2,23,6,0,23,6,1,23,6,1,23,6,0,23,6,2,23,6,2,23,6,0,23,6,1,23,6
6.8,2,23,6,0,23,6,1,23,6,1,23,6,0,23,6,2,23,6,2,23,6,0,23,6,1,23,6,1,23,6,0,23,6,2,23,6,2,23,6,0,23,6,1,23,6
6.9,2,23,6,0,23,6,1,23,6,1,23,6,0,23,6,2,23,6,2,23,6,0,23,6,1,23,6,1,23,6,0,23,6,2,23,6,2,23,6,0,23,6,1,23,6
7,2,23,6,0,23,6,1,23,6,1,23,6,0,23,6,2,23,6,2,23,6,0,23,6,1,23,6,1,23,6,0,23,6,2,23,6,2,23,6,0,23,6,1,23,6
7.1,2,23,6,0,23,6,1,23,6,1,23,6,0,23,6,2,23,6,2,23,6,0,23,6,1,23,6,1,23,6,0,23,6,2,23,6,2,23,6,0,23,6,1,23,6
7.2,2,23,6,0,23,6,1,23,6,1,23,6,0,23,6,2,23,6,2,23,6,0,23,6,1,23,6,1,23,6,0,23,6,2,23,6,2,23,6,0,23,6,1,23,6
7.3,2,23,6,0,23,6,1,23,6,1,23,6,0,23,6,2,23,6,2,23,6,0,23,6,1,23,6,1,23,6,0,23,6,2,23,6,2,23,6,0,23,6,1,23,6
7.4,2,23,6,0,23,6,1,23,6,1,23,6,0,23,6,2,23,6,2,23,6,0,23,6,1,23,6,1,23,6,0,23,6,2,23,6,2,23,6,0,23,6,1,23,6
7.5,2,23,6,0,23,6,1,23,6,1,23,6,0,23,6,2,23,6,2,23,6,0,23,6,1,23,6,1,23,6,0,23,6,2,23,6,2,23,6,0,23,6,1,23,6
7.6,2,23,6,0,23,6,1,23,6,1,23,6,0,23,6,2,23,6,2,23,6,0,23,6,1,23,6,1,23,6,0,23,6,2,23,6,2,23,6,0,23,6,1,23,6
7.7,2,23,6,0,23,6,1,23,6,1,23,6,0,23,6,2,23,6,2,23,6,0,23,6,1,23,6,1,23,6,0,23,6,2,23,6,2,23,6,0,23,6,1,23,6
7.8,2,23,6,0,23,6,1,23,6,1,23,6,0,23,6,2,23,6,2,23,6,0,23,6,1,23,6,1,23,6,0,23,6,2,23,6,2,23,6,0,23,6,1,23,6
7.9,2,23,6,0,23,6,1,23,6,1,23,6,0,23,6,2,23,6,2,23,6,0,23,6,1,23,6,1,23,6,0,23,6,2,23,6,2,23,6,0,23,6,1,23,6
8,2,23,6,0,23,6,1,23,6,1,23,6,0,23,6,2,23,6,2,23,6,0,23,6,1,23,6,1,23,6,0,23,6,2,23,6,2,23,6,0,23,6,1,23,6
8.1,2,23,6,0,23,6,1,23,6,1,23,6,0,23,6,2,23,6,2,23,6,0,23,6,1,23,6,1,23,6,0,23,6,2,23,6,2,23,6,0,23,6,1,23,6
8.2,2,23,6,0,23,6,1,23,6,1,23,6,0,23,6,2,23,6,2,23,6,0,23,6,1,23,6,1,23,6,0,23,6,2,23,6,2,23,6,0,23,6,1,23,6
8.3,2,23,6,0,23,6,1,23,6,1,23,6,0,23,6,2,23,6,2,23,6,0,23,6,1,23,6,1,23,6,0,23,6,2,23,6,2,23,6,0,23,6,1,23,6
8.4,2,23,6,0,23,6,1,23,6,1,23,6,0,23,6,2,23,6,2,23,6,0,23,6,1,23,6,1,23,6,0,23,6,2,23,6,2,23,6,0,23,6,1,23,6
8.5,2,23,6,0,23,6,1,23,6,1,23,6,0,23,6,2,23,6,2,23,6,0,23,6,1,23,6,1,23,6,0,23,6,2,23,6,2,23,6,0,23,6,1,23,6
8.6,1,23,6,0,23,6,2,23,6,1,23,6,0,23,6,0,23,6,1,23,6,2,23,6,2,23,6,1,23,6,0,23,6,0,23,6,1,23,6,2,23,6,2,23,6
8.7,1,23,6,0,23,6,2,23,6,1,23,6,0,23,6,0,23,6,1,23,6,2,23,6,2,23,6,1,23,6,0,23,6,0,23,6,1,23,6,2,23,6,2,23,6
8.8,1,23,6,0,23,6,2,23,6,1,23,6,0,23,6,0,23,6,1,23,6,2,23,6,2,23,6,1,23,6,0,23,6,0,23,6,1,23,6,2,23,6,2,23,6
8.9,1,23,6,0,23,6,2,23,6,1,23,6,0,23,6,0,23,6,1,23,6,2,23,6,2,23,6,1,23,6,0,23,6,0,23,6,1,23,6,2,23,6,2,23,6
9,1,23,6,0,23,6,2,23,6,1,23,6,0,23,6,0,23,6,1,23,6,2,23,6,2,23,6,1,23,6,0,23,6,0,23,6,1,23,6,2,23,6,2,23,6
9.1,1,23,6,0,23,6,2,23,6,1,23,6,0,23,6,0,23,6,1,23,6,2,23,6,2,23,6,1,23,6,0,23,6,0,23,6,1,23,6,2,23,6,2,23,6
9.2,1,23,6,0,23,6,2,23,6,1,23,6,0,23,6,0,23,6,1,23,6,2,23,6,2,23,6,1,23,6,0,23,6,0,23,6,1,23,6,2,23,6,2,23,6
9.3,1,23,6,0,23,6,2,23,6,1,23,6,0,23,6,0,23,6,1,23,6,2,23,6,2,23,6,1,23,6,0,23,6,0,23,6,1,23,6,2,23,6,2,23,6
9.4,1,23,6,0,23,6,2,23,6,1,23,6,0,23,6,0,23,6,1,23,6,2,23,6,2,23,6,1,23,6,0,23,6,0,23,6,1,23,6,2,23,6,2,23,6
9.5,1,23,6,0,23,6,2,23,6,1,23,6,0,23,6,0,23,6,1,23,6,2,23,6,2,23,6,1,23,6,0,23,6,0,23,6,1,23,6,2,23,6,2,23,6
9.6,1,23,6,0,23,6,2,23,6,2,23,6,1,23,6,1,23,6,0,23,6,0,23,6,2,23,6,2,23,6,1,23,6,1,23,6,0,23,6,0,23,6,2,23,6
9.7,1,23,6,0,23,6,2,23,6,2,23,6,1,23,6,1,23,6,0,23,6,0,23,6,2,23,6,2,23,6,1,23,6,1,23,6,0,23,6,0,23,6,2,23,6
9.8,1,23,6,0,23,6,2,23,6,2,23,6,1,23,6,1,23,6,0,23,6,0,23,6,2,23,6,2,23,6,1,23,6,1,23,6,0,23,6,0,23,6,2,23,6
9.9,1,23,6,0,23,6,2,23,6,2,23,6,1,23,6,1,23,6,0,23,6,0,23,6,2,23,6,2,23,6,1,23,6,1,23,6,0,23,6,0,23,6,2,23,6
10,1,23,6,0,23,6,2,23,6,2,23,6,1,23,6,1,23,6,0,23,6,0,23,6,2,23,6,2,23,6,1,23,6,1,23,6,0,23,6,0,23,6,2,23,6
10.1,1,23,6,0,23,6,2,23,6,2,23,6,1,23,6,1,23,6,0,23,6,0,23,6,2,23,6,2,23,6,1,23,6,1,23,6,0,23,6,0,23,6,2,23,6
10.2,1,23,6,0,23,6,2,23,6,2,23,6,1,23,6,1,23,6,0,23,6,0,23,6,2,23,6,2,23,6,1,23,6,1,23,6,0,23,6,0,23,6,2,23,6
10.3,1,23,6,0,23,6,2,23,6,2,23,6,1,23,6,1,23,6,0,23,6,0,23,6,2,23,6,2,23,6,1,23,6,1,23,6,0,23,6,0,23,6,2,23,6
10.4,1,23,6,0,23,6,2,23,6,2,23,6,1,23,6,1,23,6,0,23,6,0,23,6,2,23,6,2,23,6,1,23,6,1,23,6,0,23,6,0,23,6,2,23,6
10.5,1,23,6,0,23,6,2,23,6,2,23,6,1,23,6,1,23,6,0,23,6,0,23,6,2,23,6,2,23,6,1,23,6,1,23,6,0,23,6,0,23,6,2,23,6
10.6,1,23,6,0,23,6,2,23,6,2,23,6,1,23,6,1,23,6,0,23,6,0,23,6,2,23,6,2,23,6,1,23,6,1,23,6,0,23,6,0,23,6,2,23,6
10.7,1,23,6,0,23,6,2,23,6,2,23,6,1,23,6,1,23,6,0,23,6,0,23,6,2,23,6,2,23,6,1,23,6,1,23,6,0,23,6,0,23,6,2,23,6
10.8,1,23,6,0,23,6,2,23,6,2,23,6,1,23,6,1,23,6,0,23,6,0,23,6,2,23,6,2,23,6,1,23,6,1,23,6,0,23,6,0,23,6,2,23,6
10.9,1,23,6,0,23,6,2,23,6,2,23,6,1,23,6,1,23,6,0,23,6,0,23,6,2,23,6,2,23,6,1,23,6,1,23,6,0,23,6,0,23,6,2,23,6
11,1,23,6,0,23,6,2,23,6,2,23,6,1,23,6,1,23,6,0,23,6,0,23,6,2,23,6,2,23,6,1,23,6,1,23,6,0,23,6,0,23,6,2,23,6
11.1,1,23,6,0,23,6,2,23,6,2,23,6,1,23,6,1,23,6,0,23,6,0,23,6,2,23,6,2,23,6,1,23,6,1,23,6,0,23,6,0,23,6,2,23,6
11.2,1,23,6,0,23,6,2,23,6,2,23,6,1,23,6,1,23,6,0,23,6,0,23,6,2,23,6,2,23,6,1,23,6,1,23,6,0,23,6,0,23,6,2,23,6
11.3,1,23,6,0,23,6,2,23,6,2,23,6,1,23,6,1,23,6,0,23,6,0,23,6,2,23,6,2,23,6,1,23,6,1,23,6,0,23,6,0,23,6,2,23,6
11.4,1,23,6,0,23,6,2,23,6,2,23,6,1,23,6,1,23,6,0,23,6,0,23,6,2,23,6,2,23,6,1,23,6,1,23,6,0,23,6,0,23,6,2,23,6
11.5,1,23,6,0,23,6,2,23,6,2,23,6,1,23,6,1,23,6,0,23,6,0,23,6,2,23,6,2,23,6,1,23,6,1,23,6,0,23,6,0,23,6,2,23,6
11.6,1,23,6,0,23,6,2,23,6,2,23,6,1,23,6,1,23,6,0,23,6,0,23,6,2,23,6,2,23,6,1,23,6,1,23,6,0,23,6,0,23,6,2,23,6
11.7,1,23,6,0,23,6,2,23,6,2,23,6,1,23,6,1,23,6,0,23,6,0,23,6,2,23,6,2,23,6,1,23,6,1,23,6,0,23,6,0,23,6,2,23,6
11.8,1,23,6,0,23,6,2,23,6,2,23,6,1,23,6,1,23,6,0,23,6,0,23,6,2,23,6,2,23,6,1,23,6,1,23,6,0,23,6,0,23,6,2,23,6
11.9,1,23,6,0,23,6,2,23,6,2,23,6,1,23,6,1,23,6,0,23,6,0,23,6,2,23,6,2,23,6,1,23,6,1,23,6,0,23,6,0,23,6,2,23,6
12,1,23,6,0,23,6,2,23,6,2,23,6,1,23,6,1,23,6,0,23,6,0,23,6,2,23,6,2,23,6,1,23,6,1,23,6,0,23,6,0,23,6,2,23,6
12.1,2,23,6,1,23,6,0,23,6,0,23,6,2,23,6,2,23,6,1,23,6,1,23,6,0,23,6,0,23,6,2,23,6,2,23,6,1,23,6,1,23,6,0,23,6
12.2,2,23,6,1,23,6,0,23,6,0,23,6,2,23,6,2,23,6,1,23,6,1,23,6,0,23,6,0,23,6,2,23,6,2,23,6,1,23,6,1,23,6,0,23,6
12.3,2,23,6,1,23,6,0,23,6,0,23,6,2,23,6,2,23,6,1,23,6,1,23,6,0,23,6,0,23,6,2,23,6,2,23,6,1,23,6,1,23,6,0,23,6
12.4,2,23,6,1,23,6,0,23,6,0,23,6,2,23,6,2,23,6,1,23,6,1,23,6,0,23,6,0,23,6,2,23,6,2,23,6,1,23,6,1,23,6,0,23,6
12.5,2,23,6,1,23,6,0,23,6,0,23,6,2,23,6,2,23,6,1,23,6,1,23,6,0,23,6,0,23,6,2,23,6,2,23,6,1,23,6,1,23,6,0,23,6
12.6,1,23,6,2,23,6,0,23,6,1,23,6,2,23,6,0,23,6,1,23,6,2,23,6,0,23,6,1,23,6,1,23,6,0,23,6,2,23,6,2,23,6,0,23,6
12.7,1,23,6,2,23,6,0,23,6,1,23,6,2,23,6,0,23,6,1,23,6,2,23,6,0,23,6,1,23,6,1,23,6,0,23,6,2,23,6,2,23,6,0,23,6
12.8,1,23,6,2,23,6,0,23,6,1,23,6,2,23,6,0,23,6,1,23,6,2,23,6,0,23,6,1,23,6,1,23,6,0,23,6,2,23,6,2,23,6,0,23,6
12.9,1,23,6,2,23,6,0,23,6,1,23,6,2,23,6,0,23,6,1,23,6,2,23,6,0,23,6,1,23,6,1,23,6,0,23,6,2,23,6,2,23,6,0,23,6
13,1,23,6,2,23,6,0,23,6,1,23,6,2,23,6,0,23,6,1,23,6,2,23,6,0,23,6,1,23,6,1,23,6,0,23,6,2,23,6,2,23,6,0,23,6
13.1,1,23,6,0,23,6,2,23,6,1,23,6,1,23,6,2,23,6,0,23,6,0,23,6,2,23,6,1,23,6,0,23,6,2,23,6,1,23,6,0,23,6,2,23,6
13.2,1,23,6,0,23,6,2,23,6,1,23,6,1,23,6,2,23,6,0,23,6,0,23,6,2,23,6,1,23,6,0,23,6,2,23,6,1,23,6,0,23,6,2,23,6
13.3,1,23,6,0,23,6,2,23,6,1,23,6,1,23,6,2,23,6,0,23,6,0,23,6,2,23,6,1,23,6,0,23,6,2,23,6,1,23,6,0,23,6,2,23,6
13.4,1,23,6,0,23,6,2,23,6,1,23,6,1,23,6,2,23,6,0,23,6,0,23,6,2,23,6,1,23,6,0,23,6,2,23,6,1,23,6,0,23,6,2,23,6
13.5,1,23,6,0,23,6,2,23,6,1,23,6,1,23,6,2,23,6,0,23,6,0,23,6,2,23,6,1,23,6,0,23,6,2,23,6,1,23,6,0,23,6,2,23,6
13.6,1,23,6,2,23,6,0,23,6,1,23,6,2,23,6,2,23,6,1,23,6,0,23,6,0,23,6,1,23,6,1,23,6,2,23,6,2,23,6,0,23,6,0,23,6
13.7,1,23,6,2,23,6,0,23,6,1,23,6,2,23,6,2,23,6,1,23,6,0,23,6,0,23,6,1,23,6,1,23,6,2,23,6,2,23,6,0,23,6,0,23,6
13.8,1,23,6,2,23,6,0,23,6,1,23,6,2,23,6,2,23,6,1,23,6,0,23,6,0,23,6,1,23,6,1,23,6,2,23,6,2,23,6,0,23,6,0,23,6
13.9,1,23,6,2,23,6,0,23,6,1,23,6,2,23,6,2,23,6,1,23,6,0,23,6,0,23,6,1,23,6,1,23,6,2,23,6,2,23,6,0,23,6,0,23,6
14,1,23,6,2,23,6,0,23,6,1,23,6,2,23,6,2,23,6,1,23,6,0,23,6,0,23,6,1,23,6,1,23,6,2,23,6,2,23,6,0,23,6,0,23,6
14.1,1,23,6,2,23,6,0,23,6,1,23,6,2,23,6,2,23,6,1,23,6,0,23,6,0,23,6,1,23,6,2,23,6,2,23,6,1,23,6,0,23,6,0,23,6
14.2,1,23,6,2,23,6,0,23,6,1,23,6,2,23,6,2,23,6,1,23,6,0,23,6,0,23,6,1,23,6,2,23,6,2,23,6,1,23,6,0,23,6,0,23,6
14.3,1,23,6,2,23,6,0,23,6,1,23,6,2,23,6,2,23,6,1,23,6,0,23,6,0,23,6,1,23,6,2,23,6,2,23,6,1,23,6,0,23,6,0,23,6
14.4,1,23,6,2,23,6,0,23,6,1,23,6,2,23,6,2,23,6,1,23,6,0,23,6,0,23,6,1,23,6,2,23,6,2,23,6,1,23,6,0,23,6,0,23,6
14.5,1,23,6,2,23,6,0,23,6,1,23,6,2,23,6,2,23,6,1,23,6,0,23,6,0,23,6,1,23,6,2,23,6,2,23,6,1,23,6,0,23,6,0,23,6
14.6,1,23,6,2,23,6,0,23,6,0,23,6,2,23,6,1,23,6,1,23,6,2,23,6,0,23,6,0,23,6,2,23,6,1,23,6,1,23,6,2,23,6,0,23,6
14.7,1,23,6,2,23,6,0,23,6,0,23,6,2,23,6,1,23,6,1,23,6,2,23,6,0,23,6,0,23,6,2,23,6,1,23,6,1,23,6,2,23,6,0,23,6
14.8,1,23,6,2,23,6,0,23,6,0,23,6,2,23,6,1,23,6,1,23,6,2,23,6,0,23,6,0,23,6,2,23,6,1,23,6,1,23,6,2,23,6,0,23,6
14.9,1,23,6,2,23,6,0,23,6,0,23,6,2,23,6,1,23,6,1,23,6,2,23,6,0,23,6,0,23,6,2,23,6,1,23,6,1,23,6,2,23,6,0,23,6
15,1,23,6,2,23,6,0,23,6,0,23,6,2,23,6,1,23,6,1,23,6,2,23,6,0,23,6,0,23,6,2,23,6,1,23,6,1,23,6,2,23,6,0,23,6
15.1,1,23,6,0,23,6,2,23,6,1,23,6,0,23,6,2,23,6,1,23,6,1,23,6,0,23,6,0,23,6,2,23,6,1,23,6,0,23,6,0,23,6,1,23,6
15.2,1,23,6,0,23,6,2,23,6,1,23,6,0,23,6,2,23,6,1,23,6,1,23,6,0,23,6,0,23,6,2,23,6,1,23,6,0,23,6,0,23,6,1,23,6
15.3,1,23,6,0,23,6,2,23,6,1,23,6,0,23,6,2,23,6,1,23,6,1,23,6,0,23,6,0,23,6,2,23,6,1,23,6,0,23,6,0,23,6,1,23,6
15.4,1,23,6,0,23,6,2,23,6,1,23,6,0,23,6,2,23,6,1,23,6,1,23,6,0,23,6,0,23,6,2,23,6,1,23,6,0,23,6,0,23,6,1,23,6
15.5,1,23,6,0,23,6,2,23,6,1,23,6,0,23,6,2,23,6,1,23,6,1,23,6,0,23,6,0,23,6,2,23,6,1,23,6,0,23,6,0,23,6,1,23,6
15.6,1,23,6,2,23,6,0,23,6,0,23,6,2,23,6,1,23,6,1,23,6,2,23,6,0,23,6,0,23,6,2,23,6,1,23,6,0,23,6,0,23,6,1,23,6
15.7,1,23,6,2,23,6,0,23,6,0,23,6,2,23,6,1,23,6,1,23,6,2,23,6,0,23,6,0,23,6,2,23,6,1,23,6,0,23,6,0,23,6,1,23,6
15.8,1,23,6,2,23,6,0,23,6,0,23,6,2,23,6,1,23,6,1,23,6,2,23,6,0,23,6,0,23,6,2,23,6,1,23,6,0,23,6,0,23,6,1,23,6
15.9,1,23,6,2,23,6,0,23,6,0,23,6,2,23,6,1,23,6,1,23,6,2,23,6,0,23,6,0,23,6,2,23,6,1,23,6,0,23,6,0,23,6,1,23,6
16,1,23,6,2,23,6,0,23,6,0,23,6,2,23,6,1,23,6,1,23,6,2,23,6,0,23,6,0,23,6,2,23,6,1,23,6,0,23,6,0,23,6,1,23,6
16.1,1,23,6,2,23,6,0,23,6,1,23,6,2,23,6,2,23,6,1,23,6,0,23,6,0,23,6,1,23,6,2,23,6,2,23,6,0,23,6,0,23,6,1,23,6
16.2,1,23,6,2,23,6,0,23,6,1,23,6,2,23,6,2,23,6,1,23,6,0,23,6,0,23,6,1,23,6,2,23,6,2,23,6,0,23,6,0,23,6,1,23,6
16.3,1,23,6,2,23,6,0,23,6,1,23,6,2,23,6,2,23,6,1,23,6,0,23,6,0,23,6,1,23,6,2,23,6,2,23,6,0,23,6,0,23,6,1,23,6
16.4,1,23,6,2,23,6,0,23,6,1,23,6,2,23,6,2,23,6,1,23,6,0,23,6,0,23,6,1,23,6,2,23,6,2,23,6,0,23,6,0,23,6,1,23,6
16.5,1,23,6,2,23,6,0,23,6,1,23,6,2,23,6,2,23,6,1,23,6,0,23,6,0,23,6,1,23,6,2,23,6,2,23,6,0,23,6,0,23,6,1,23,6
16.6,1,23,6,2,23,6,0,23,6,0,23,6,2,23,6,1,23,6,1,23,6,2,23,6,0,23,6,0,23,6,2,23,6,1,23,6,1,23,6,2,23,6,0,23,6
16.7,1,23,6,2,23,6,0,23,6,0,23,6,2,23,6,1,23,6,1,23,6,2,23,6,0,23,6,0,23,6,2,23,6,1,23,6,1,23,6,2,23,6,0,23,6
16.8,1,23,6,2,23,6,0,23,6,0,23,6,2,23,6,1,23,6,1,23,6,2,23,6,0,23,6,0,23,6,2,23,6,1,23,6,1,23,6,2,23,6,0,23,6
16.9,1,23,6,2,23,6,0,23,6,0,23,6,2,23,6,1,23,6,1,23,6,2,23,6,0,23,6,0,23,6,2,23,6,1,23,6,1,23,6,2,23,6,0,23,6
17,1,23,6,2,23,6,0,23,6,0,23,6,2,23,6,1,23,6,1,23,6,2,23,6,0,23,6,0,23,6,2,23,6,1,23,6,1,23,6,2,23,6,0,23,6
17.1,0,23,6,2,23,6,1,23,6,0,23,6,2,23,6,1,23,12,1,23,6,2,23,6,0,23,6,0,23,6,2,23,6,1,23,6,0,23,6,2,23,6,1,23,6
17.2,0,23,6,2,23,6,1,23,6,0,23,6,2,23,6,1,23,12,1,23,6,2,23,6,0,23,6,0,23,6,2,23,6,1,23,6,0,23,6,2,23,6,1,23,6
17.3,0,23,6,2,23,6,1,23,6,0,23,6,2,23,6,1,23,12,1,23,6,2,23,6,0,23,6,0,23,6,2,23,6,1,23,6,0,23,6,2,23,6,1,23,6
17.4,0,23,6,2,23,6,1,23,6,0,23,6,2,23,6,1,23,12,1,23,6,2,23,6,0,23,6,0,23,6,2,23,6,1,23,6,0,23,6,2,23,6,1,23,6
17.5,0,23,6,2,23,6,1,23,6,0,23,6,2,23,6,1,23,12,1,23,6,2,23,6,0,23,6,0,23,6,2,23,6,1,23,6,0,23,6,2,23,6,1,23,6
17.6,0,23,6,1,23,6,2,23,6,0,23,6,1,23,6,2,23,12,2,23,6,1,23,6,0,23,6,0,23,6,2,23,6,2,23,6,0,23,6,1,23,6,1,23,6
17.7,0,23,6,1,23,6,2,23,6,0,23,6,1,23,6,2,23,12,2,23,6,1,23,6,0,23,6,0,23,6,2,23,6,2,23,6,0,23,6,1,23,6,1,23,6
17.8,0,23,6,1,23,6,2,23,6,0,23,6,1,23,6,2,23,12,2,23,6,1,23,6,0,23,6,0,23,6,2,23,6,2,23,6,0,23,6,1,23,6,1,23,6
17.9,0,23,6,1,23,6,2,23,6,0,23,6,1,23,6,2,23,12,2,23,6,1,23,6,0,23,6,0,23,6,2,23,6,2,23,6,0,23,6,1,23,6,1,23,6
18,0,23,6,1,23,6,2,23,6,0,23,6,1,23,6,2,23,12,2,23,6,1,23,6,0,23,6,0,23,6,2,23,6,2,23,6,0,23,6,1,23,6,1,23,6
18.1,0,23,6,2,23,6,1,23,6,0,23,6,2,23,6,2,23,12,1,23,6,1,23,6,0,23,6,0,23,6,2,23,6,2,23,6,0,23,6,1,23,6,1,23,6
18.2,0,23,6,2,23,6,1,23,6,0,23,6,2,23,6,2,23,12,1,23,6,1,23,6,0,23,6,0,23,6,2,23,6,2,23,6,0,23,6,1,23,6,1,23,6
18.3,0,23,6,2,23,6,1,23,6,0,23,6,2,23,6,2,23,12,1,23,6,1,23,6,0,23,6,0,23,6,2,23,6,2,23,6,0,23,6,1,23,6,1,23,6
18.4,0,23,6,2,23,6,1,23,6,0,23,6,2,23,6,2,23,12,1,23,6,1,23,6,0,23,6,0,23,6,2,23,6,2,23,6,0,23,6,1,23,6,1,23,6
18.5,0,23,6,2,23,6,1,23,6,0,23,6,2,23,6,2,23,12,1,23,6,1,23,6,0,23,6,0,23,6,2,23,6,2,23,6,0,23,6,1,23,6,1,23,6
18.6,2,23,6,0,23,6,1,23,6,2,23,6,0,23,6,1,23,12,1,23,6,0,23,6,2,23,6,2,23,6,2,23,6,1,23,6,1,23,6,0,23,6,0,23,6
18.7,2,23,6,0,23,6,1,23,6,2,23,6,0,23,6,1,23,12,1,23,6,0,23,6,2,23,6,2,23,6,2,23,6,1,23,6,1,23,6,0,23,6,0,23,6
18.8,2,23,6,0,23,6,1,23,6,2,23,6,0,23,6,1,23,12,1,23,6,0,23,6,2,23,6,2,23,6,2,23,6,1,23,6,1,23,6,0,23,6,0,23,6
18.9,2,23,6,0,23,6,1,23,6,2,23,6,0,23,6,1,23,12,1,23,6,0,23,6,2,23,6,2,23,6,2,23,6,1,23,6,1,23,6,0,23,6,0,23,6
19,2,23,6,0,23,6,1,23,6,2,23,6,0,23,6,1,23,12,1,23,6,0,23,6,2,23,6,2,23,6,2,23,6,1,23,6,1,23,6,0,23,6,0,23,6
19.1,1,23,6,2,23,6,0,23,6,1,23,6,1,23,6,0,23,6,0,23,6,2,23,6,2,23,6,1,23,6,2,23,6,0,23,6,0,23,6,2,23,6,1,23,6
19.2,1,23,6,2,23,6,0,23,6,1,23,6,1,23,6,0,23,6,0,23,6,2,23,6,2,23,6,1,23,6,2,23,6,0,23,6,0,23,6,2,23,6,1,23,6
19.3,1,23,6,2,23,6,0,23,6,1,23,6,1,23,6,0,23,6,0,23,6,2,23,6,2,23,6,1,23,6,2,23,6,0,23,6,0,23,6,2,23,6,1,23,6
19.4,1,23,6,2,23,6,0,23,6,1,23,6,1,23,6,0,23,6,0,23,6,2,23,6,2,23,6,1,23,6,2,23,6,0,23,6,0,23,6,2,23,6,1,23,6
19.5,1,23,6,2,23,6,0,23,6,1,23,6,1,23,6,0,23,6,0,23,6,2,23,6,2,23,6,1,23,6,2,23,6,0,23,6,0,23,6,2,23,6,1,23,6
19.6,1,23,6,2,23,6,0,23,6,1,23,6,1,23,6,0,23,6,0,23,6,2,23,6,2,23,6,1,23,6,2,23,6,0,23,6,0,23,6,2,23,6,1,23,6
19.7,1,23,6,2,23,6,0,23,6,1,23,6,1,23,6,0,23,6,0,23,6,2,23,6,2,23,6,1,23,6,2,23,6,0,23,6,0,23,6,2,23,6,1,23,6
19.8,1,23,6,2,23,6,0,23,6,1,23,6,1,23,6,0,23,6,0,23,6,2,23,6,2,23,6,1,23,6,2,23,6,0,23,6,0,23,6,2,23,6,1,23,6
19.9,1,23,6,2,23,6,0,23,6,1,23,6,1,23,6,0,23,6,0,23,6,2,23,6,2,23,6,1,23,6,2,23,6,0,23,6,0,23,6,2,23,6,1,23,6
20,1,23,6,2,23,6,0,23,6,1,23,6,1,23,6,0,23,6,0,23,6,2,23,6,2,23,6,1,23,6,2,23,6,0,23,6,0,23,6,2,23,6,1,23,6
20.1,1,23,6,0,23,6,2,23,6,1,23,6,1,23,6,0,23,6,0,23,6,2,23,6,2,23,6,1,23,6,2,23,6,0,23,6,0,23,18,2,23,6,1,23,6
20.2,1,23,6,0,23,6,2,23,6,1,23,6,1,23,6,0,23,6,0,23,6,2,23,6,2,23,6,1,23,6,2,23,6,0,23,6,0,23,18,2,23,6,1,23,6
20.3,1,23,6,0,23,6,2,23,6,1,23,6,1,23,6,0,23,6,0,23,6,2,23,6,2,23,6,1,23,6,2,23,6,0,23,6,0,23,18,2,23,6,1,23,6
20.4,1,23,6,0,23,6,2,23,6,1,23,6,1,23,6,0,23,6,0,23,6,2,23,6,2,23,6,1,23,6,2,23,6,0,23,6,0,23,18,2,23,6,1,23,6
20.5,1,23,6,0,23,6,2,23,6,1,23,6,1,23,6,0,23,6,0,23,6,2,23,6,2,23,6,1,23,6,2,23,6,0,23,6,0,23,18,2,23,6,1,23,6
20.6,0,23,6,2,23,6,1,23,6,0,23,6,0,23,6,2,23,6,2,23,6,1,23,6,1,23,6,0,23,6,1,23,6,2,23,6,2,23,18,1,23,6,0,23,6
20.7,0,23,6,2,23,6,1,23,6,0,23,6,0,23,6,2,23,6,2,23,6,1,23,6,1,23,6,0,23,6,1,23,6,2,23,6,2,23,18,1,23,6,0,23,6
20.8,0,23,6,2,23,6,1,23,6,0,23,6,0,23,6,2,23,6,2,23,6,1,23,6,1,23,6,0,23,6,1,23,6,2,23,6,2,23,18,1,23,6,0,23,6
20.9,0,23,6,2,23,6,1,23,6,0,23,6,0,23,6,2,23,6,2,23,6,1,23,6,1,23,6,0,23,6,1,23,6,2,23,6,2,23,18,1,23,6,0,23,6
21,0,23,6,2,23,6,1,23,6,0,23,6,0,23,6,2,23,6,2,23,6,1,23,6,1,23,6,0,23,6,1,23,6,2,23,6,2,23,18,1,23,6,0,23,6
21.1,0,23,6,2,23,6,1,23,6,0,23,6,0,23,6,2,23,6,2,23,6,1,23,6,1,23,6,0,23,6,1,23,6,2,23,6,2,23,12,1,23,6,0,23,6
21.2,0,23,6,2,23,6,1,23,6,0,23,6,0,23,6,2,23,6,2,23,6,1,23,6,1,23,6,0,23,6,1,23,6,2,23,6,2,23,12,1,23,6,0,23,6
21.3,0,23,6,2,23,6,1,23,6,0,23,6,0,23,6,2,23,6,2,23,6,1,23,6,1,23,6,0,23,6,1,23,6,2,23,6,2,23,12,1,23,6,0,23,6
21.4,0,23,6,2,23,6,1,23,6,0,23,6,0,23,6,2,23,6,2,23,6,1,23,6,1,23,6,0,23,6,1,23,6,2,23,6,2,23,12,1,23,6,0,23,6
21.5,0,23,6,2,23,6,1,23,6,0,23,6,0,23,6,2,23,6,2,23,6,1,23,6,1,23,6,0,23,6,1,23,6,2,23,6,2,23,12,1,23,6,0,23,6
21.6,1,23,6,0,23,6,2,23,6,1,23,6,0,23,6,0,23,6,1,23,6,2,23,6,2,23,6,1,23,6,2,23,6,0,23,6,1,23,9,2,23,6,0,23,6
21.7,1,23,6,0,23,6,2,23,6,1,23,6,0,23,6,0,23,6,1,23,6,2,23,6,2,23,6,1,23,6,2,23,6,0,23,6,1,23,9,2,23,6,0,23,6
21.8,1,23,6,0,23,6,2,23,6,1,23,6,0,23,6,0,23,6,1,23,6,2,23,6,2,23,6,1,23,6,2,23,6,0,23,6,1,23,9,2,23,6,0,23,6
21.9,1,23,6,0,23,6,2,23,6,1,23,6,0,23,6,0,23,6,1,23,6,2,23,6,2,23,6,1,23,6,2,23,6,0,23,6,1,23,9,2,23,6,0,23,6
22,1,23,6,0,23,6,2,23,6,1,23,6,0,23,6,0,23,6,1,23,6,2,23,6,2,23,6,1,23,6,2,23,6,0,23,6,1,23,9,2,23,6,0,23,6
22.1,1,23,6,0,23,6,2,23,6,1,23,6,0,23,6,0,23,6,1,23,6,2,23,6,2,23,6,1,23,6,2,23,6,0,23,6,1,23,6,2,23,6,0,23,6
22.2,1,23,6,0,23,6,2,23,6,1,23,6,0,23,6,0,23,6,1,23,6,2,23,6,2,23,6,1,23,6,2,23,6,0,23,6,1,23,6,2,23,6,0,23,6
22.3,1,23,6,0,23,6,2,23,6,1,23,6,0,23,6,0,23,6,1,23,6,2,23,6,2,23,6,1,23,6,2,23,6,0,23,6,1,23,6,2,23,6,0,23,6
22.4,1,23,6,0,23,6,2,23,6,1,23,6,0,23,6,0,23,6,1,23,6,2,23,6,2,23,6,1,23,6,2,23,6,0,23,6,1,23,6,2,23,6,0,23,6
22.5,1,23,6,0,23,6,2,23,6,1,23,6,0,23,6,0,23,6,1,23,6,2,23,6,2,23,6,1,23,6,2,23,6,0,23,6,1,23,6,2,23,6,0,23,6
22.6,1,23,6,0,23,6,2,23,6,1,23,6,0,23,6,0,23,6,1,23,6,2,23,6,2,23,6,1,23,6,2,23,6,0,23,6,1,23,6,2,23,6,0,23,6
22.7,1,23,6,0,23,6,2,23,6,1,23,6,0,23,6,0,23,6,1,23,6,2,23,6,2,23,6,1,23,6,2,23,6,0,23,6,1,23,6,2,23,6,0,23,6
22.8,1,23,6,0,23,6,2,23,6,1,23,6,0,23,6,0,23,6,1,23,6,2,23,6,2,23,6,1,23,6,2,23,6,0,23,6,1,23,6,2,23,6,0,23,6
22.9,1,23,6,0,23,6,2,23,6,1,23,6,0,23,6,0,23,6,1,23,6,2,23,6,2,23,6,1,23,6,2,23,6,0,23,6,1,23,6,2,23,6,0,23,6
23,1,23,6,0,23,6,2,23,6,1,23,6,0,23,6,0,23,6,1,23,6,2,23,6,2,23,6,1,23,6,2,23,6,0,23,6,1,23,6,2,23,6,0,23,6
23.1,0,23,6,1,23,6,2,23,6,0,23,6,2,23,6,1,23,6,0,23,6,2,23,6,1,23,6,0,23,6,1,23,6,1,23,6,0,23,6,2,23,6,2,23,6
23.2,0,23,6,1,23,6,2,23,6,0,23,6,2,23,6,1,23,6,0,23,6,2,23,6,1,23,6,0,23,6,1,23,6,1,23,6,0,23,6,2,23,6,2,23,6
23.3,0,23,6,1,23,6,2,23,6,0,23,6,2,23,6,1,23,6,0,23,6,2,23,6,1,23,6,0,23,6,1,23,6,1,23,6,0,23,6,2,23,6,2,23,6
23.4,0,23,6,1,23,6,2,23,6,0,23,6,2,23,6,1,23,6,0,23,6,2,23,6,1,23,6,0,23,6,1,23,6,1,23,6,0,23,6,2,23,6,2,23,6
23.5,0,23,6,1,23,6,2,23,6,0,23,6,2,23,6,1,23,6,0,23,6,2,23,6,1,23,6,0,23,6,1,23,6,1,23,6,0,23,6,2,23,6,2,23,6
23.6,0,23,6,1,23,6,2,23,6,0,23,6,2,23,6,1,23,6,0,23,6,2,23,6,1,23,6,0,23,6,1,23,6,1,23,6,0,23,6,2,23,6,2,23,6
23.7,0,23,6,1,23,6,2,23,6,0,23,6,2,23,6,1,23,6,0,23,6,2,23,6,1,23,6,0,23,6,1,23,6,1,23,6,0,23,6,2,23,6,2,23,6
23.8,0,23,6,1,23,6,2,23,6,0,23,6,2,23,6,1,23,6,0,23,6,2,23,6,1,23,6,0,23,6,1,23,6,1,23,6,0,23,6,2,23,6,2,23,6
23.9,0,23,6,1,23,6,2,23,6,0,23,6,2,23,6,1,23,6,0,23,6,2,23,6,1,23,6,0,23,6,1,23,6,1,23,6,0,23,6,2,23,6,2,23,6
24,0,23,6,1,23,6,2,23,6,0,23,6,2,23,6,1,23,6,0,23,6,2,23,6,1,23,6,0,23,6,1,23,6,1,23,6,0,23,6,2,23,6,2,23,6
24.1,2,23,6,1,23,6,0,23,6,2,23,6,2,23,6,1,23,6,1,23,6,0,23,6,0,23,6,2,23,6,0,23,6,1,23,6,1,23,6,0,23,6,2,23,6
24.2,2,23,6,1,23,6,0,23,6,2,23,6,2,23,6,1,23,6,1,23,6,0,23,6,0,23,6,2,23,6,0,23,6,1,23,6,1,23,6,0,23,6,2,23,6
24.3,2,23,6,1,23,6,0,23,6,2,23,6,2,23,6,1,23,6,1,23,6,0,23,6,0,23,6,2,23,6,0,23,6,1,23,6,1,23,6,0,23,6,2,23,6
24.4,2,23,6,1,23,6,0,23,6,2,23,6,2,23,6,1,23,6,1,23,6,0,23,6,0,23,6,2,23,6,0,23,6,1,23,6,1,23,6,0,23,6,2,23,6
24.5,2,23,6,1,23,6,0,23,6,2,23,6,2,23,6,1,23,6,1,23,6,0,23,6,0,23,6,2,23,6,0,23,6,1,23,6,1,23,6,0,23,6,2,23,6
24.6,2,23,6,1,23,6,0,23,6,2,23,6,2,23,6,1,23,6,1,23,6,0,23,6,0,23,6,2,23,6,0,23,6,1,23,6,1,23,6,0,23,6,2,23,6
24.7,2,23,6,1,23,6,0,23,6,2,23,6,2,23,6,1,23,6,1,23,6,0,23,6,0,23,6,2,23,6,0,23,6,1,23,6,1,23,6,0,23,6,2,23,6
24.8,2,23,6,1,23,6,0,23,6,2,23,6,2,23,6,1,23,6,1,23,6,0,23,6,0,23,6,2,23,6,0,23,6,1,23,6,1,23,6,0,23,6,2,23,6
24.9,2,23,6,1,23,6,0,23,6,2,23,6,2,23,6,1,23,6,1,23,6,0,23,6,0,23,6,2,23,6,0,23,6,1,23,6,1,23,6,0,23,6,2,23,6
25,2,23,6,1,23,6,0,23,6,2,23,6,2,23,6,1,23,6,1,23,6,0,23,6,0,23,6,2,23,6,0,23,6,1,23,6,1,23,6,0,23,6,2,23,6
25.1,2,23,6,1,23,6,0,23,6,2,23,6,2,23,6,1,23,6,1,23,6,0,23,6,0,23,6,2,23,6,0,23,6,1,23,6,1,23,6,0,23,6,2,23,6
25.2,2,23,6,1,23,6,0,23,6,2,23,6,2,23,6,1,23,6,1,23,6,0,23,6,0,23,6,2,23,6,0,23,6,1,23,6,1,23,6,0,23,6,2,23,6
25.3,2,23,6,1,23,6,0,23,6,2,23,6,2,23,6,1,23,6,1,23,6,0,23,6,0,23,6,2,23,6,0,23,6,1,23,6,1,23,6,0,23,6,2,23,6
25.4,2,23,6,1,23,6,0,23,6,2,23,6,2,23,6,1,23,6,1,23,6,0,23,6,0,23,6,2,23,6,0,23,6,1,23,6,1,23,6,0,23,6,2,23,6
25.5,2,23,6,1,23,6,0,23,6,2,23,6,2,23,6,1,23,6,1,23,6,0,23,6,0,23,6,2,23,6,0,23,6,1,23,6,1,23,6,0,23,6,2,23,6
25.6,2,23,6,1,23,6,0,23,6,2,23,6,2,23,6,1,23,6,1,23,6,0,23,6,0,23,6,2,23,6,0,23,6,1,23,6,2,23,6,0,23,6,1,23,6
25.7,2,23,6,1,23,6,0,23,6,2,23,6,2,23,6,1,23,6,1,23,6,0,23,6,0,23,6,2,23,6,0,23,6,1,23,6,2,23,6,0,23,6,1,23,6
25.8,2,23,6,1,23,6,0,23,6,2,23,6,2,23,6,1,23,6,1,23,6,0,23,6,0,23,6,2,23,6,0,23,6,1,23,6,2,23,6,0,23,6,1,23,6
25.9,2,23,6,1,23,6,0,23,6,2,23,6,2,23,6,1,23,6,1,23,6,0,23,6,0,23,6,2,23,6,0,23,6,1,23,6,2,23,6,0,23,6,1,23,6
26,2,23,6,1,23,6,0,23,6,2,23,6,2,23,6,1,23,6,1,23,6,0,23,6,0,23,6,2,23,6,0,23,6,1,23,6,2,23,6,0,23,6,1,23,6
26.1,2,23,6,1,23,6,0,23,6,2,23,6,2,23,6,1,23,6,1,23,6,0,23,6,0,23,6,2,23,6,0,23,6,1,23,6,2,23,6,0,23,6,1,23,6
26.2,2,23,6,1,23,6,0,23,6,2,23,6,2,23,6,1,23,6,1,23,6,0,23,6,0,23,6,2,23,6,0,23,6,1,23,6,2,23,6,0,23,6,1,23,6
26.3,2,23,6,1,23,6,0,23,6,2,23,6,2,23,6,1,23,6,1,23,6,0,23,6,0,23,6,2,23,6,0,23,6,1,23,6,2,23,6,0,23,6,1,23,6
26.4,2,23,6,1,23,6,0,23,6,2,23,6,2,23,6,1,23,6,1,23,6,0,23,6,0,23,6,2,23,6,0,23,6,1,23,6,2,23,6,0,23,6,1,23,6
26.5,2,23,6,1,23,6,0,23,6,2,23,6,2,23,6,1,23,6,1,23,6,0,23,6,0,23,6,2,23,6,0,23,6,1,23,6,2,23,6,0,23,6,1,23,6
26.6,0,23,6,1,23,18,2,23,6,0,23,18,2,23,6,1,23,6,1,23,6,2,23,18,0,23,6,0,23,9,2,23,6,1,23,6,2,23,6,0,23,6,1,23,6
26.7,0,23,6,1,23,18,2,23,6,0,23,18,2,23,6,1,23,6,1,23,6,2,23,18,0,23,6,0,23,9,2,23,6,1,23,6,2,23,6,0,23,6,1,23,6
26.8,0,23,6,1,23,18,2,23,6,0,23,18,2,23,6,1,23,6,1,23,6,2,23,18,0,23,6,0,23,9,2,23,6,1,23,6,2,23,6,0,23,6,1,23,6
26.9,0,23,6,1,23,18,2,23,6,0,23,18,2,23,6,1,23,6,1,23,6,2,23,18,0,23,6,0,23,9,2,23,6,1,23,6,2,23,6,0,23,6,1,23,6
27,0,23,6,1,23,18,2,23,6,0,23,18,2,23,6,1,23,6,1,23,6,2,23,18,0,23,6,0,23,9,2,23,6,1,23,6,2,23,6,0,23,6,1,23,6
27.1,0,23,6,1,23,18,2,23,6,0,23,6,2,23,6,1,23,6,1,23,6,2,23,24,0,23,6,0,23,18,2,23,6,1,23,6,2,23,6,0,23,6,1,23,6
27.2,0,23,6,1,23,18,2,23,6,0,23,6,2,23,6,1,23,6,1,23,6,2,23,24,0,23,6,0,23,18,2,23,6,1,23,6,2,23,6,0,23,6,1,23,6
27.3,0,23,6,1,23,18,2,23,6,0,23,6,2,23,6,1,23,6,1,23,6,2,23,24,0,23,6,0,23,18,2,23,6,1,23,6,2,23,6,0,23,6,1,23,6
27.4,0,23,6,1,23,18,2,23,6,0,23,6,2,23,6,1,23,6,1,23,6,2,23,24,0,23,6,0,23,18,2,23,6,1,23,6,2,23,6,0,23,6,1,23,6
27.5,0,23,6,1,23,18,2,23,6,0,23,6,2,23,6,1,23,6,1,23,6,2,23,24,0,23,6,0,23,18,2,23,6,1,23,6,2,23,6,0,23,6,1,23,6
27.6,0,23,6,1,23,18,2,23,6,0,23,6,2,23,6,1,23,6,1,23,6,2,23,24,0,23,6,0,23,24,2,23,6,1,23,9,2,23,6,0,23,6,1,23,6
27.7,0,23,6,1,23,18,2,23,6,0,23,6,2,23,6,1,23,6,1,23,6,2,23,24,0,23,6,0,23,24,2,23,6,1,23,9,2,23,6,0,23,6,1,23,6
27.8,0,23,6,1,23,18,2,23,6,0,23,6,2,23,6,1,23,6,1,23,6,2,23,24,0,23,6,0,23,24,2,23,6,1,23,9,2,23,6,0,23,6,1,23,6
27.9,0,23,6,1,23,18,2,23,6,0,23,6,2,23,6,1,23,6,1,23,6,2,23,24,0,23,6,0,23,24,2,23,6,1,23,9,2,23,6,0,23,6,1,23,6
28,0,23,6,1,23,18,2,23,6,0,23,6,2,23,6,1,23,6,1,23,6,2,23,24,0,23,6,0,23,24,2,23,6,1,23,9,2,23,6,0,23,6,1,23,6
28.1,1,23,6,2,23,18,0,23,6,1,23,6,2,23,6,2,23,6,1,23,6,0,23,24,0,23,6,1,23,24,0,23,6,2,23,18,2,23,6,1,23,6,0,23,6
28.2,1,23,6,2,23,18,0,23,6,1,23,6,2,23,6,2,23,6,1,23,6,0,23,24,0,23,6,1,23,24,0,23,6,2,23,18,2,23,6,1,23,6,0,23,6
28.3,1,23,6,2,23,18,0,23,6,1,23,6,2,23,6,2,23,6,1,23,6,0,23,24,0,23,6,1,23,24,0,23,6,2,23,18,2,23,6,1,23,6,0,23,6
28.4,1,23,6,2,23,18,0,23,6,1,23,6,2,23,6,2,23,6,1,23,6,0,23,24,0,23,6,1,23,24,0,23,6,2,23,18,2,23,6,1,23,6,0,23,6
28.5,1,23,6,2,23,18,0,23,6,1,23,6,2,23,6,2,23,6,1,23,6,0,23,24,0,23,6,1,23,24,0,23,6,2,23,18,2,23,6,1,23,6,0,23,6
28.6,1,23,18,2,23,18,0,23,6,1,23,6,2,23,6,0,23,6,1,23,6,2,23,24,0,23,6,1,23,24,0,23,6,2,23,24,1,23,6,2,23,6,0,23,6
28.7,1,23,18,2,23,18,0,23,6,1,23,6,2,23,6,0,23,6,1,23,6,2,23,24,0,23,6,1,23,24,0,23,6,2,23,24,1,23,6,2,23,6,0,23,6
28.8,1,23,18,2,23,18,0,23,6,1,23,6,2,23,6,0,23,6,1,23,6,2,23,24,0,23,6,1,23,24,0,23,6,2,23,24,1,23,6,2,23,6,0,23,6
28.9,1,23,18,2,23,18,0,23,6,1,23,6,2,23,6,0,23,6,1,23,6,2,23,24,0,23,6,1,23,24,0,23,6,2,23,24,1,23,6,2,23,6,0,23,6
29,1,23,18,2,23,18,0,23,6,1,23,6,2,23,6,0,23,6,1,23,6,2,23,24,0,23,6,1,23,24,0,23,6,2,23,24,1,23,6,2,23,6,0,23,6
29.1,1,23,6,2,23,6,0,23,6,1,23,6,2,23,6,0,23,6,1,23,6,2,23,6,0,23,6,1,23,6,2,23,6,0,23,36,2,23,6,0,23,6,1,23,6
29.2,1,23,6,2,23,6,0,23,6,1,23,6,2,23,6,0,23,6,1,23,6,2,23,6,0,23,6,1,23,6,2,23,6,0,23,36,2,23,6,0,23,6,1,23,6
29.3,1,23,6,2,23,6,0,23,6,1,23,6,2,23,6,0,23,6,1,23,6,2,23,6,0,23,6,1,23,6,2,23,6,0,23,36,2,23,6,0,23,6,1,23,6
29.4,1,23,6,2,23,6,0,23,6,1,23,6,2,23,6,0,23,6,1,23,6,2,23,6,0,23,6,1,23,6,2,23,6,0,23,36,2,23,6,0,23,6,1,23,6
29.5,1,23,6,2,23,6,0,23,6,1,23,6,2,23,6,0,23,6,1,23,6,2,23,6,0,23,6,1,23,6,2,23,6,0,23,36,2,23,6,0,23,6,1,23,6
29.6,2,23,6,1,23,6,0,23,6,2,23,6,1,23,6,0,23,6,2,23,6,1,23,6,1,23,6,1,23,6,0,23,6,2,23,6,0,23,6,1,23,6,2,23,6
29.7,2,23,6,1,23,6,0,23,6,2,23,6,1,23,6,0,23,6,2,23,6,1,23,6,1,23,6,1,23,6,0,23,6,2,23,6,0,23,6,1,23,6,2,23,6
29.8,2,23,6,1,23,6,0,23,6,2,23,6,1,23,6,0,23,6,2,23,6,1,23,6,1,23,6,1,23,6,0,23,6,2,23,6,0,23,6,1,23,6,2,23,6
29.9,2,23,6,1,23,6,0,23,6,2,23,6,1,23,6,0,23,6,2,23,6,1,23,6,1,23,6,1,23,6,0,23,6,2,23,6,0,23,6,1,23,6,2,23,6
30,2,23,6,1,23,6,0,23,6,2,23,6,1,23,6,0,23,6,2,23,6,1,23,6,1,23,6,1,23,6,0,23,6,2,23,6,0,23,6,1,23,6,2,23,6
30.1,1,23,6,2,23,6,0,23,6,1,23,6,1,23,6,2,23,6,2,23,6,0,23,6,2,23,6,1,23,6,0,23,6,0,23,6,0,23,6,2,23,6,1,23,6
30.2,1,23,6,2,23,6,0,23,6,1,23,6,1,23,6,2,23,6,2,23,6,0,23,6,2,23,6,1,23,6,0,23,6,0,23,6,0,23,6,2,23,6,1,23,6
30.3,1,23,6,2,23,6,0,23,6,1,23,6,1,23,6,2,23,6,2,23,6,0,23,6,2,23,6,1,23,6,0,23,6,0,23,6,0,23,6,2,23,6,1,23,6
30.4,1,23,6,2,23,6,0,23,6,1,23,6,1,23,6,2,23,6,2,23,6,0,23,6,2,23,6,1,23,6,0,23,6,0,23,6,0,23,6,2,23,6,1,23,6
30.5,1,23,6,2,23,6,0,23,6,1,23,6,1,23,6,2,23,6,2,23,6,0,23,6,2,23,6,1,23,6,0,23,6,0,23,6,0,23,6,2,23,6,1,23,6
30.6,1,23,6,2,23,6,0,23,6,1,23,6,1,23,6,2,23,6,2,23,6,0,23,6,2,23,6,1,23,6,0,23,6,0,23,6,0,23,6,2,23,6,1,23,6
30.7,1,23,6,2,23,6,0,23,6,1,23,6,1,23,6,2,23,6,2,23,6,0,23,6,2,23,6,1,23,6,0,23,6,0,23,6,0,23,6,2,23,6,1,23,6
30.8,1,23,6,2,23,6,0,23,6,1,23,6,1,23,6,2,23,6,2,23,6,0,23,6,2,23,6,1,23,6,0,23,6,0,23,6,0,23,6,2,23,6,1,23,6
30.9,1,23,6,2,23,6,0,23,6,1,23,6,1,23,6,2,23,6,2,23,6,0,23,6,2,23,6,1,23,6,0,23,6,0,23,6,0,23,6,2,23,6,1,23,6
31,1,23,6,2,23,6,0,23,6,1,23,6,1,23,6,2,23,6,2,23,6,0,23,6,2,23,6,1,23,6,0,23,6,0,23,6,0,23,6,2,23,6,1,23,6
31.1,0,23,6,2,23,6,1,23,6,1,23,6,2,23,6,0,23,6,0,23,6,1,23,6,1,23,6,2,23,6,2,23,6,0,23,6,2,23,6,1,23,6,0,23,6
31.2,0,23,6,2,23,6,1,23,6,1,23,6,2,23,6,0,23,6,0,23,6,1,23,6,1,23,6,2,23,6,2,23,6,0,23,6,2,23,6,1,23,6,0,23,6
31.3,0,23,6,2,23,6,1,23,6,1,23,6,2,23,6,0,23,6,0,23,6,1,23,6,1,23,6,2,23,6,2,23,6,0,23,6,2,23,6,1,23,6,0,23,6
31.4,0,23,6,2,23,6,1,23,6,1,23,6,2,23,6,0,23,6,0,23,6,1,23,6,1,23,6,2,23,6,2,23,6,0,23,6,2,23,6,1,23,6,0,23,6
31.5,0,23,6,2,23,6,1,23,6,1,23,6,2,23,6,0,23,6,0,23,6,1,23,6,1,23,6,2,23,6,2,23,6,0,23,6,2,23,6,1,23,6,0,23,6
31.6,0,23,6,2,23,6,1,23,6,1,23,6,2,23,6,0,23,6,0,23,6,1,23,6,1,23,6,2,23,6,2,23,6,0,23,6,2,23,6,1,23,6,0,23,6
31.7,0,23,6,2,23,6,1,23,6,1,23,6,2,23,6,0,23,6,0,23,6,1,23,6,1,23,6,2,23,6,2,23,6,0,23,6,2,23,6,1,23,6,0,23,6
31.8,0,23,6,2,23,6,1,23,6,1,23,6,2,23,6,0,23,6,0,23,6,1,23,6,1,23,6,2,23,6,2,23,6,0,23,6,2,23,6,1,23,6,0,23,6
31.9,0,23,6,2,23,6,1,23,6,1,23,6,2,23,6,0,23,6,0,23,6,1,23,6,1,23,6,2,23,6,2,23,6,0,23,6,2,23,6,1,23,6,0,23,6
32,0,23,6,2,23,6,1,23,6,1,23,6,2,23,6,0,23,6,0,23,6,1,23,6,1,23,6,2,23,6,2,23,6,0,23,6,2,23,6,1,23,6,0,23,6
32.1,0,23,6,2,23,6,1,23,6,1,23,6,2,23,6,0,23,6,0,23,6,1,23,6,1,23,6,2,23,6,2,23,6,0,23,6,2,23,6,1,23,6,0,23,6
32.2,0,23,6,2,23,6,1,23,6,1,23,6,2,23,6,0,23,6,0,23,6,1,23,6,1,23,6,2,23,6,2,23,6,0,23,6,2,23,6,1,23,6,0,23,6
32.3,0,23,6,2,23,6,1,23,6,1,23,6,2,23,6,0,23,6,0,23,6,1,23,6,1,23,6,2,23,6,2,23,6,0,23,6,2,23,6,1,23,6,0,23,6
32.4,0,23,6,2,23,6,1,23,6,1,23,6,2,23,6,0,23,6,0,23,6,1,23,6,1,23,6,2,23,6,2,23,6,0,23,6,2,23,6,1,23,6,0,23,6
32.5,0,23,6,2,23,6,1,23,6,1,23,6,2,23,6,0,23,6,0,23,6,1,23,6,1,23,6,2,23,6,2,23,6,0,23,6,2,23,6,1,23,6,0,23,6
32.6,1,23,6,2,23,6,0,23,6,1,23,6,1,23,6,2,23,6,2,23,6,0,23,6,0,23,6,1,23,6,0,23,6,2,23,6,1,23,6,0,23,6,2,23,6
32.7,1,23,6,2,23,6,0,23,6,1,23,6,1,23,6,2,23,6,2,23,6,0,23,6,0,23,6,1,23,6,0,23,6,2,23,6,1,23,6,0,23,6,2,23,6
32.8,1,23,6,2,23,6,0,23,6,1,23,6,1,23,6,2,23,6,2,23,6,0,23,6,0,23,6,1,23,6,0,23,6,2,23,6,1,23,6,0,23,6,2,23,6
32.9,1,23,6,2,23,6,0,23,6,1,23,6,1,23,6,2,23,6,2,23,6,0,23,6,0,23,6,1,23,6,0,23,6,2,23,6,1,23,6,0,23,6,2,23,6
33,1,23,6,2,23,6,0,23,6,1,23,6,1,23,6,2,23,6,2,23,6,0,23,6,0,23,6,1,23,6,0,23,6,2,23,6,1,23,6,0,23,6,2,23,6
33.1,2,23,6,0,23,6,1,23,6,1,23,6,0,23,6,2,23,6,2,23,6,0,23,6,1,23,6,1,23,6,1,23,6,2,23,6,0,23,6,0,23,6,2,23,6
33.2,2,23,6,0,23,6,1,23,6,1,23,6,0,23,6,2,23,6,2,23,6,0,23,6,1,23,6,1,23,6,1,23,6,2,23,6,0,23,6,0,23,6,2,23,6
33.3,2,23,6,0,23,6,1,23,6,1,23,6,0,23,6,2,23,6,2,23,6,0,23,6,1,23,6,1,23,6,1,23,6,2,23,6,0,23,6,0,23,6,2,23,6
33.4,2,23,6,0,23,6,1,23,6,1,23,6,0,23,6,2,23,6,2,23,6,0,23,6,1,23,6,1,23,6,1,23,6,2,23,6,0,23,6,0,23,6,2,23,6
33.5,2,23,6,0,23,6,1,23,6,1,23,6,0,23,6,2,23,6,2,23,6,0,23,6,1,23,6,1,23,6,1,23,6,2,23,6,0,23,6,0,23,6,2,23,6
33.6,1,23,12,2,23,12,0,23,6,0,23,6,2,23,6,1,23,6,1,23,6,2,23,6,0,23,6,0,23,6,0,23,6,1,23,6,2,23,6,2,23,6,1,23,6
33.7,1,23,12,2,23,12,0,23,6,0,23,6,2,23,6,1,23,6,1,23,6,2,23,6,0,23,6,0,23,6,0,23,6,1,23,6,2,23,6,2,23,6,1,23,6
33.8,1,23,12,2,23,12,0,23,6,0,23,6,2,23,6,1,23,6,1,23,6,2,23,6,0,23,6,0,23,6,0,23,6,1,23,6,2,23,6,2,23,6,1,23,6
33.9,1,23,12,2,23,12,0,23,6,0,23,6,2,23,6,1,23,6,1,23,6,2,23,6,0,23,6,0,23,6,0,23,6,1,23,6,2,23,6,2,23,6,1,23,6
34,1,23,12,2,23,12,0,23,6,0,23,6,2,23,6,1,23,6,1,23,6,2,23,6,0,23,6,0,23,6,0,23,6,1,23,6,2,23,6,2,23,6,1,23,6
34.1,2,23,12,1,23,12,0,23,6,2,23,18,2,23,6,1,23,6,1,23,6,0,23,18,0,23,6,2,23,6,0,23,6,1,23,6,2,23,6,0,23,6,1,23,6
34.2,2,23,12,1,23,12,0,23,6,2,23,18,2,23,6,1,23,6,1,23,6,0,23,18,0,23,6,2,23,6,0,23,6,1,23,6,2,23,6,0,23,6,1,23,6
34.3,2,23,12,1,23,12,0,23,6,2,23,18,2,23,6,1,23,6,1,23,6,0,23,18,0,23,6,2,23,6,0,23,6,1,23,6,2,23,6,0,23,6,1,23,6
34.4,2,23,12,1,23,12,0,23,6,2,23,18,2,23,6,1,23,6,1,23,6,0,23,18,0,23,6,2,23,6,0,23,6,1,23,6,2,23,6,0,23,6,1,23,6
34.5,2,23,12,1,23,12,0,23,6,2,23,18,2,23,6,1,23,6,1,23,6,0,23,18,0,23,6,2,23,6,0,23,6,1,23,6,2,23,6,0,23,6,1,23,6
34.6,2,23,12,1,23,48,0,23,6,2,23,18,2,23,6,1,23,6,1,23,6,0,22.6643,12,0,23,6,2,23,6,1,23,6,1,23,6,0,23,6,0,23,6,2,23,6
34.7,2,23,12,1,23,48,0,23,6,2,23,18,2,23,6,1,23,6,1,23,6,0,22.6643,12,0,23,6,2,23,6,1,23,6,1,23,6,0,23,6,0,23,6,2,23,6
34.8,2,23,12,1,23,48,0,23,6,2,23,18,2,23,6,1,23,6,1,23,6,0,22.6643,12,0,23,6,2,23,6,1,23,6,1,23,6,0,23,6,0,23,6,2,23,6
34.9,2,23,12,1,23,48,0,23,6,2,23,18,2,23,6,1,23,6,1,23,6,0,22.6643,12,0,23,6,2,23,6,1,23,6,1,23,6,0,23,6,0,23,6,2,23,6
35,2,23,12,1,23,48,0,23,6,2,23,18,2,23,6,1,23,6,1,23,6,0,22.6643,12,0,23,6,2,23,6,1,23,6,1,23,6,0,23,6,0,23,6,2,23,6
35.1,2,23,12,0,23,36,1,23,6,2,22.9549,12,2,23,6,0,23,6,1,23,6,1,23,6,0,23,6,2,23,6,1,23,6,1,23,6,2,23,6,0,23,6,0,23,6
35.2,2,23,12,0,23,36,1,23,6,2,22.9549,12,2,23,6,0,23,6,1,23,6,1,23,6,0,23,6,2,23,6,1,23,6,1,23,6,2,23,6,0,23,6,0,23,6
35.3,2,23,12,0,23,36,1,23,6,2,22.9549,12,2,23,6,0,23,6,1,23,6,1,23,6,0,23,6,2,23,6,1,23,6,1,23,6,2,23,6,0,23,6,0,23,6
35.4,2,23,12,0,23,36,1,23,6,2,22.9549,12,2,23,6,0,23,6,1,23,6,1,23,6,0,23,6,2,23,6,1,23,6,1,23,6,2,23,6,0,23,6,0,23,6
35.5,2,23,12,0,23,36,1,23,6,2,22.9549,12,2,23,6,0,23,6,1,23,6,1,23,6,0,23,6,2,23,6,1,23,6,1,23,6,2,23,6,0,23,6,0,23,6
35.6,2,23,12,0,23,6,1,23,6,2,23,6,2,23,6,1,23,6,1,23,6,0,23,6,0,23,6,2,23,6,1,23,6,1,23,6,2,23,6,0,23,6,0,23,6
35.7,2,23,12,0,23,6,1,23,6,2,23,6,2,23,6,1,23,6,1,23,6,0,23,6,0,23,6,2,23,6,1,23,6,1,23,6,2,23,6,0,23,6,0,23,6
35.8,2,23,12,0,23,6,1,23,6,2,23,6,2,23,6,1,23,6,1,23,6,0,23,6,0,23,6,2,23,6,1,23,6,1,23,6,2,23,6,0,23,6,0,23,6
35.9,2,23,12,0,23,6,1,23,6,2,23,6,2,23,6,1,23,6,1,23,6,0,23,6,0,23,6,2,23,6,1,23,6,1,23,6,2,23,6,0,23,6,0,23,6
36,2,23,12,0,23,6,1,23,6,2,23,6,2,23,6,1,23,6,1,23,6,0,23,6,0,23,6,2,23,6,1,23,6,1,23,6,2,23,6,0,23,6,0,23,6
36.1,1,23,6,0,23,6,2,23,6,1,23,6,1,23,6,2,23,6,2,23,6,0,23,6,0,23,6,1,23,6,2,23,6,2,23,6,1,23,6,0,23,6,0,23,6
36.2,1,23,6,0,23,6,2,23,6,1,23,6,1,23,6,2,23,6,2,23,6,0,23,6,0,23,6,1,23,6,2,23,6,2,23,6,1,23,6,0,23,6,0,23,6
36.3,1,23,6,0,23,6,2,23,6,1,23,6,1,23,6,2,23,6,2,23,6,0,23,6,0,23,6,1,23,6,2,23,6,2,23,6,1,23,6,0,23,6,0,23,6
36.4,1,23,6,0,23,6,2,23,6,1,23,6,1,23,6,2,23,6,2,23,6,0,23,6,0,23,6,1,23,6,2,23,6,2,23,6,1,23,6,0,23,6,0,23,6
36.5,1,23,6,0,23,6,2,23,6,1,23,6,1,23,6,2,23,6,2,23,6,0,23,6,0,23,6,1,23,6,2,23,6,2,23,6,1,23,6,0,23,6,0,23,6
36.6,2,23,6,1,23,6,0,23,6,2,23,6,2,23,6,0,23,6,0,23,6,1,23,6,1,23,6,2,23,6,1,23,6,0,23,6,2,23,6,1,23,6,0,23,6
36.7,2,23,6,1,23,6,0,23,6,2,23,6,2,23,6,0,23,6,0,23,6,1,23,6,1,23,6,2,23,6,1,23,6,0,23,6,2,23,6,1,23,6,0,23,6
36.8,2,23,6,1,23,6,0,23,6,2,23,6,2,23,6,0,23,6,0,23,6,1,23,6,1,23,6,2,23,6,1,23,6,0,23,6,2,23,6,1,23,6,0,23,6
36.9,2,23,6,1,23,6,0,23,6,2,23,6,2,23,6,0,23,6,0,23,6,1,23,6,1,23,6,2,23,6,1,23,6,0,23,6,2,23,6,1,23,6,0,23,6
37,2,23,6,1,23,6,0,23,6,2,23,6,2,23,6,0,23,6,0,23,6,1,23,6,1,23,6,2,23,6,1,23,6,0,23,6,2,23,6,1,23,6,0,23,6
37.1,2,23,6,1,23,6,0,23,6,2,23,6,2,23,6,0,23,6,0,23,6,1,23,6,1,23,6,2,23,6,1,23,6,0,23,6,2,23,6,1,23,6,0,23,6
37.2,2,23,6,1,23,6,0,23,6,2,23,6,2,23,6,0,23,6,0,23,6,1,23,6,1,23,6,2,23,6,1,23,6,0,23,6,2,23,6,1,23,6,0,23,6
37.3,2,23,6,1,23,6,0,23,6,2,23,6,2,23,6,0,23,6,0,23,6,1,23,6,1,23,6,2,23,6,1,23,6,0,23,6,2,23,6,1,23,6,0,23,6
37.4,2,23,6,1,23,6,0,23,6,2,23,6,2,23,6,0,23,6,0,23,6,1,23,6,1,23,6,2,23,6,1,23,6,0,23,6,2,23,6,1,23,6,0,23,6
37.5,2,23,6,1,23,6,0,23,6,2,23,6,2,23,6,0,23,6,0,23,6,1,23,6,1,23,6,2,23,6,1,23,6,0,23,6,2,23,6,1,23,6,0,23,6
37.6,2,23,6,0,23,6,1,23,6,2,23,6,2,23,6,0,23,6,0,23,6,1,23,6,1,23,6,2,23,6,1,23,6,0,23,6,2,23,6,1,23,6,0,23,6
37.7,2,23,6,0,23,6,1,23,6,2,23,6,2,23,6,0,23,6,0,23,6,1,23,6,1,23,6,2,23,6,1,23,6,0,23,6,2,23,6,1,23,6,0,23,6
37.8,2,23,6,0,23,6,1,23,6,2,23,6,2,23,6,0,23,6,0,23,6,1,23,6,1,23,6,2,23,6,1,23,6,0,23,6,2,23,6,1,23,6,0,23,6
37.9,2,23,6,0,23,6,1,23,6,2,23,6,2,23,6,0,23,6,0,23,6,1,23,6,1,23,6,2,23,6,1,23,6,0,23,6,2,23,6,1,23,6,0,23,6
38,2,23,6,0,23,6,1,23,6,2,23,6,2,23,6,0,23,6,0,23,6,1,23,6,1,23,6,2,23,6,1,23,6,0,23,6,2,23,6,1,23,6,0,23,6
38.1,2,23,6,0,23,6,1,23,6,2,23,6,2,23,6,0,23,6,0,23,6,1,23,6,1,23,6,2,23,6,1,23,6,0,23,6,2,23,6,1,23,6,0,23,6
38.2,2,23,6,0,23,6,1,23,6,2,23,6,2,23,6,0,23,6,0,23,6,1,23,6,1,23,6,2,23,6,1,23,6,0,23,6,2,23,6,1,23,6,0,23,6
38.3,2,23,6,0,23,6,1,23,6,2,23,6,2,23,6,0,23,6,0,23,6,1,23,6,1,23,6,2,23,6,1,23,6,0,23,6,2,23,6,1,23,6,0,23,6
38.4,2,23,6,0,23,6,1,23,6,2,23,6,2,23,6,0,23,6,0,23,6,1,23,6,1,23,6,2,23,6,1,23,6,0,23,6,2,23,6,1,23,6,0,23,6
38.5,2,23,6,0,23,6,1,23,6,2,23,6,2,23,6,0,23,6,0,23,6,1,23,6,1,23,6,2,23,6,1,23,6,0,23,6,2,23,6,1,23,6,0,23,6
38.6,2,23,6,0,23,6,1,23,6,2,23,6,2,23,6,0,23,6,0,23,6,1,23,6,1,23,6,2,23,6,1,23,6,0,23,6,2,23,6,1,23,6,0,23,6
38.7,2,23,6,0,23,6,1,23,6,2,23,6,2,23,6,0,23,6,0,23,6,1,23,6,1,23,6,2,23,6,1,23,6,0,23,6,2,23,6,1,23,6,0,23,6
38.8,2,23,6,0,23,6,1,23,6,2,23,6,2,23,6,0,23,6,0,23,6,1,23,6,1,23,6,2,23,6,1,23,6,0,23,6,2,23,6,1,23,6,0,23,6
38.9,2,23,6,0,23,6,1,23,6,2,23,6,2,23,6,0,23,6,0,23,6,1,23,6,1,23,6,2,23,6,1,23,6,0,23,6,2,23,6,1,23,6,0,23,6
39,2,23,6,0,23,6,1,23,6,2,23,6,2,23,6,0,23,6,0,23,6,1,23,6,1,23,6,2,23,6,1,23,6,0,23,6,2,23,6,1,23,6,0,23,6
39.1,2,23,6,0,23,6,1,23,6,2,23,6,2,23,6,0,23,6,0,23,6,1,23,6,1,23,6,2,23,6,1,23,6,0,23,6,2,23,6,1,23,6,0,23,6
39.2,2,23,6,0,23,6,1,23,6,2,23,6,2,23,6,0,23,6,0,23,6,1,23,6,1,23,6,2,23,6,1,23,6,0,23,6,2,23,6,1,23,6,0,23,6
39.3,2,23,6,0,23,6,1,23,6,2,23,6,2,23,6,0,23,6,0,23,6,1,23,6,1,23,6,2,23,6,1,23,6,0,23,6,2,23,6,1,23,6,0,23,6
39.4,2,23,6,0,23,6,1,23,6,2,23,6,2,23,6,0,23,6,0,23,6,1,23,6,1,23,6,2,23,6,1,23,6,0,23,6,2,23,6,1,23,6,0,23,6
39.5,2,23,6,0,23,6,1,23,6,2,23,6,2,23,6,0,23,6,0,23,6,1,23,6,1,23,6,2,23,6,1,23,6,0,23,6,2,23,6,1,23,6,0,23,6
39.6,2,23,6,0,23,6,1,23,6,2,23,6,2,23,6,0,23,6,0,23,6,1,23,6,1,23,6,2,23,6,1,23,6,0,23,6,2,23,6,1,23,6,0,23,6
39.7,2,23,6,0,23,6,1,23,6,2,23,6,2,23,6,0,23,6,0,23,6,1,23,6,1,23,6,2,23,6,1,23,6,0,23,6,2,23,6,1,23,6,0,23,6
39.8,2,23,6,0,23,6,1,23,6,2,23,6,2,23,6,0,23,6,0,23,6,1,23,6,1,23,6,2,23,6,1,23,6,0,23,6,2,23,6,1,23,6,0,23,6
39.9,2,23,6,0,23,6,1,23,6,2,23,6,2,23,6,0,23,6,0,23,6,1,23,6,1,23,6,2,23,6,1,23,6,0,23,6,2,23,6,1,23,6,0,23,6
40,2,23,6,0,23,6,1,23,6,2,23,6,2,23,6,0,23,6,0,23,6,1,23,6,1,23,6,2,23,6,1,23,6,0,23,6,2,23,6,1,23,6,0,23,6
40.1,2,23,6,0,23,6,1,23,6,2,23,6,2,23,6,0,23,6,0,23,6,1,23,6,1,23,6,2,23,6,1,23,6,0,23,6,2,23,6,1,23,6,0,23,6
40.2,2,23,6,0,23,6,1,23,6,2,23,6,2,23,6,0,23,6,0,23,6,1,23,6,1,23,6,2,23,6,1,23,6,0,23,6,2,23,6,1,23,6,0,23,6
40.3,2,23,6,0,23,6,1,23,6,2,23,6,2,23,6,0,23,6,0,23,6,1,23,6,1,23,6,2,23,6,1,23,6,0,23,6,2,23,6,1,23,6,0,23,6
40.4,2,23,6,0,23,6,1,23,6,2,23,6,2,23,6,0,23,6,0,23,6,1,23,6,1,23,6,2,23,6,1,23,6,0,23,6,2,23,6,1,23,6,0,23,6
40.5,2,23,6,0,23,6,1,23,6,2,23,6,2,23,6,0,23,6,0,23,6,1,23,6,1,23,6,2,23,6,1,23,6,0,23,6,2,23,6,1,23,6,0,23,6
40.6,2,23,6,0,23,6,1,23,6,2,23,6,2,23,6,0,23,6,0,23,6,1,23,6,1,23,6,2,23,6,1,23,6,0,23,6,2,23,6,1,23,6,0,23,6
40.7,2,23,6,0,23,6,1,23,6,2,23,6,2,23,6,0,23,6,0,23,6,1,23,6,1,23,6,2,23,6,1,23,6,0,23,6,2,23,6,1,23,6,0,23,6
40.8,2,23,6,0,23,6,1,23,6,2,23,6,2,23,6,0,23,6,0,23,6,1,23,6,1,23,6,2,23,6,1,23,6,0,23,6,2,23,6,1,23,6,0,23,6
40.9,2,23,6,0,23,6,1,23,6,2,23,6,2,23,6,0,23,6,0,23,6,1,23,6,1,23,6,2,23,6,1,23,6,0,23,6,2,23,6,1,23,6,0,23,6
41,2,23,6,0,23,6,1,23,6,2,23,6,2,23,6,0,23,6,0,23,6,1,23,6,1,23,6,2,23,6,1,23,6,0,23,6,2,23,6,1,23,6,0,23,6
41.1,2,23,6,0,23,6,1,23,6,2,23,6,2,23,6,0,23,6,0,23,6,1,23,6,1,23,6,2,23,6,1,23,6,0,23,18,2,23,6,1,23,6,0,23,6
41.2,2,23,6,0,23,6,1,23,6,2,23,6,2,23,6,0,23,6,0,23,6,1,23,6,1,23,6,2,23,6,1,23,6,0,23,18,2,23,6,1,23,6,0,23,6
41.3,2,23,6,0,23,6,1,23,6,2,23,6,2,23,6,0,23,6,0,23,6,1,23,6,1,23,6,2,23,6,1,23,6,0,23,18,2,23,6,1,23,6,0,23,6
41.4,2,23,6,0,23,6,1,23,6,2,23,6,2,23,6,0,23,6,0,23,6,1,23,6,1,23,6,2,23,6,1,23,6,0,23,18,2,23,6,1,23,6,0,23,6
41.5,2,23,6,0,23,6,1,23,6,2,23,6,2,23,6,0,23,6,0,23,6,1,23,6,1,23,6,2,23,6,1,23,6,0,23,18,2,23,6,1,23,6,0,23,6
41.6,2,23,6,0,23,6,1,23,6,2,23,6,2,23,6,0,23,6,0,23,6,1,23,6,1,23,6,2,23,24,1,23,6,0,23,24,2,23,6,1,23,6,0,23,6
41.7,2,23,6,0,23,6,1,23,6,2,23,6,2,23,6,0,23,6,0,23,6,1,23,6,1,23,6,2,23,24,1,23,6,0,23,24,2,23,6,1,23,6,0,23,6
41.8,2,23,6,0,23,6,1,23,6,2,23,6,2,23,6,0,23,6,0,23,6,1,23,6,1,23,6,2,23,24,1,23,6,0,23,24,2,23,6,1,23,6,0,23,6
41.9,2,23,6,0,23,6,1,23,6,2,23,6,2,23,6,0,23,6,0,23,6,1,23,6,1,23,6,2,23,24,1,23,6,0,23,24,2,23,6,1,23,6,0,23,6
42,2,23,6,0,23,6,1,23,6,2,23,6,2,23,6,0,23,6,0,23,6,1,23,6,1,23,6,2,23,24,1,23,6,0,23,24,2,23,6,1,23,6,0,23,6
42.1,2,23,6,0,23,6,1,23,6,2,23,6,2,23,6,0,23,6,0,23,6,1,23,6,1,23,6,2,23,18,1,23,6,0,23,24,2,23,6,1,23,6,0,23,6
42.2,2,23,6,0,23,6,1,23,6,2,23,6,2,23,6,0,23,6,0,23,6,1,23,6,1,23,6,2,23,18,1,23,6,0,23,24,2,23,6,1,23,6,0,23,6
42.3,2,23,6,0,23,6,1,23,6,2,23,6,2,23,6,0,23,6,0,23,6,1,23,6,1,23,6,2,23,18,1,23,6,0,23,24,2,23,6,1,23,6,0,23,6
42.4,2,23,6,0,23,6,1,23,6,2,23,6,2,23,6,0,23,6,0,23,6,1,23,6,1,23,6,2,23,18,1,23,6,0,23,24,2,23,6,1,23,6,0,23,6
42.5,2,23,6,0,23,6,1,23,6,2,23,6,2,23,6,0,23,6,0,23,6,1,23,6,1,23,6,2,23,18,1,23,6,0,23,24,2,23,6,1,23,6,0,23,6
42.6,2,23,6,0,23,6,1,23,6,2,23,6,2,23,6,0,23,6,0,23,6,1,23,6,1,23,6,2,23,18,1,23,6,0,23,18,2,23,6,1,23,6,0,23,6
42.7,2,23,6,0,23,6,1,23,6,2,23,6,2,23,6,0,23,6,0,23,6,1,23,6,1,23,6,2,23,18,1,23,6,0,23,18,2,23,6,1,23,6,0,23,6
42.8,2,23,6,0,23,6,1,23,6,2,23,6,2,23,6,0,23,6,0,23,6,1,23,6,1,23,6,2,23,18,1,23,6,0,23,18,2,23,6,1,23,6,0,23,6
42.9,2,23,6,0,23,6,1,23,6,2,23,6,2,23,6,0,23,6,0,23,6,1,23,6,1,23,6,2,23,18,1,23,6,0,23,18,2,23,6,1,23,6,0,23,6
43,2,23,6,0,23,6,1,23,6,2,23,6,2,23,6,0,23,6,0,23,6,1,23,6,1,23,6,2,23,18,1,23,6,0,23,18,2,23,6,1,23,6,0,23,6
43.1,2,23,6,0,23,6,1,23,6,2,23,6,2,23,6,0,23,6,0,23,6,1,23,6,1,23,6,2,23,18,1,23,6,0,23,6,2,23,6,1,23,6,0,23,6
43.2,2,23,6,0,23,6,1,23,6,2,23,6,2,23,6,0,23,6,0,23,6,1,23,6,1,23,6,2,23,18,1,23,6,0,23,6,2,23,6,1,23,6,0,23,6
43.3,2,23,6,0,23,6,1,23,6,2,23,6,2,23,6,0,23,6,0,23,6,1,23,6,1,23,6,2,23,18,1,23,6,0,23,6,2,23,6,1,23,6,0,23,6
43.4,2,23,6,0,23,6,1,23,6,2,23,6,2,23,6,0,23,6,0,23,6,1,23,6,1,23,6,2,23,18,1,23,6,0,23,6,2,23,6,1,23,6,0,23,6
43.5,2,23,6,0,23,6,1,23,6,2,23,6,2,23,6,0,23,6,0,23,6,1,23,6,1,23,6,2,23,18,1,23,6,0,23,6,2,23,6,1,23,6,0,23,6
43.6,2,23,6,0,23,6,1,23,6,2,23,6,2,23,6,0,23,6,0,23,6,1,23,6,1,23,6,2,23,6,1,23,6,0,23,6,2,23,6,1,23,6,0,23,6
43.7,2,23,6,0,23,6,1,23,6,2,23,6,2,23,6,0,23,6,0,23,6,1,23,6,1,23,6,2,23,6,1,23,6,0,23,6,2,23,6,1,23,6,0,23,6
43.8,2,23,6,0,23,6,1,23,6,2,23,6,2,23,6,0,23,6,0,23,6,1,23,6,1,23,6,2,23,6,1,23,6,0,23,6,2,23,6,1,23,6,0,23,6
43.9,2,23,6,0,23,6,1,23,6,2,23,6,2,23,6,0,23,6,0,23,6,1,23,6,1,23,6,2,23,6,1,23,6,0,23,6,2,23,6,1,23,6,0,23,6
44,2,23,6,0,23,6,1,23,6,2,23,6,2,23,6,0,23,6,0,23,6,1,23,6,1,23,6,2,23,6,1,23,6,0,23,6,2,23,6,1,23,6,0,23,6
44.1,2,23,6,0,23,6,1,23,6,2,23,6,2,23,6,0,23,6,0,23,6,1,23,6,1,23,6,2,23,6,1,23,6,0,23,6,2,23,6,1,23,6,0,23,6
44.2,2,23,6,0,23,6,1,23,6,2,23,6,2,23,6,0,23,6,0,23,6,1,23,6,1,23,6,2,23,6,1,23,6,0,23,6,2,23,6,1,23,6,0,23,6
44.3,2,23,6,0,23,6,1,23,6,2,23,6,2,23,6,0,23,6,0,23,6,1,23,6,1,23,6,2,23,6,1,23,6,0,23,6,2,23,6,1,23,6,0,23,6
44.4,2,23,6,0,23,6,1,23,6,2,23,6,2,23,6,0,23,6,0,23,6,1,23,6,1,23,6,2,23,6,1,23,6,0,23,6,2,23,6,1,23,6,0,23,6
44.5,2,23,6,0,23,6,1,23,6,2,23,6,2,23,6,0,23,6,0,23,6,1,23,6,1,23,6,2,23,6,1,23,6,0,23,6,2,23,6,1,23,6,0,23,6
44.6,2,23,6,0,23,6,1,23,6,2,23,6,2,23,6,0,23,6,0,23,6,1,23,6,1,23,6,2,23,6,1,23,6,0,23,6,2,23,6,1,23,6,0,23,6
44.7,2,23,6,0,23,6,1,23,6,2,23,6,2,23,6,0,23,6,0,23,6,1,23,6,1,23,6,2,23,6,1,23,6,0,23,6,2,23,6,1,23,6,0,23,6
44.8,2,23,6,0,23,6,1,23,6,2,23,6,2,23,6,0,23,6,0,23,6,1,23,6,1,23,6,2,23,6,1,23,6,0,23,6,2,23,6,1,23,6,0,23,6
44.9,2,23,6,0,23,6,1,23,6,2,23,6,2,23,6,0,23,6,0,23,6,1,23,6,1,23,6,2,23,6,1,23,6,0,23,6,2,23,6,1,23,6,0,23,6
45,2,23,6,0,23,6,1,23,6,2,23,6,2,23,6,0,23,6,0,23,6,1,23,6,1,23,6,2,23,6,1,23,6,0,23,6,2,23,6,1,23,6,0,23,6
45.1,2,23,6,0,23,6,1,23,6,2,23,6,2,23,6,0,23,6,0,23,6,1,23,6,1,23,6,2,23,6,1,23,6,0,23,6,2,23,6,1,23,6,0,23,6
45.2,2,23,6,0,23,6,1,23,6,2,23,6,2,23,6,0,23,6,0,23,6,1,23,6,1,23,6,2,23,6,1,23,6,0,23,6,2,23,6,1,23,6,0,23,6
45.3,2,23,6,0,23,6,1,23,6,2,23,6,2,23,6,0,23,6,0,23,6,1,23,6,1,23,6,2,23,6,1,23,6,0,23,6,2,23,6,1,23,6,0,23,6
45.4,2,23,6,0,23,6,1,23,6,2,23,6,2,23,6,0,23,6,0,23,6,1,23,6,1,23,6,2,23,6,1,23,6,0,23,6,2,23,6,1,23,6,0,23,6
45.5,2,23,6,0,23,6,1,23,6,2,23,6,2,23,6,0,23,6,0,23,6,1,23,6,1,23,6,2,23,6,1,23,6,0,23,6,2,23,6,1,23,6,0,23,6
45.6,2,23,6,0,23,6,1,23,6,2,23,6,2,23,6,0,23,6,0,23,6,1,23,6,1,23,6,2,23,6,1,23,6,0,23,6,2,23,6,1,23,6,0,23,6
45.7,2,23,6,0,23,6,1,23,6,2,23,6,2,23,6,0,23,6,0,23,6,1,23,6,1,23,6,2,23,6,1,23,6,0,23,6,2,23,6,1,23,6,0,23,6
45.8,2,23,6,0,23,6,1,23,6,2,23,6,2,23,6,0,23,6,0,23,6,1,23,6,1,23,6,2,23,6,1,23,6,0,23,6,2,23,6,1,23,6,0,23,6
45.9,2,23,6,0,23,6,1,23,6,2,23,6,2,23,6,0,23,6,0,23,6,1,23,6,1,23,6,2,23,6,1,23,6,0,23,6,2,23,6,1,23,6,0,23,6
46,2,23,6,0,23,6,1,23,6,2,23,6,2,23,6,0,23,6,0,23,6,1,23,6,1,23,6,2,23,6,1,23,6,0,23,6,2,23,6,1,23,6,0,23,6
46.1,2,23,6,0,23,6,1,23,6,2,23,6,2,23,6,0,23,6,0,23,6,1,23,6,1,23,6,2,23,6,1,23,6,0,23,6,2,23,6,1,23,6,0,23,6
46.2,2,23,6,0,23,6,1,23,6,2,23,6,2,23,6,0,23,6,0,23,6,1,23,6,1,23,6,2,23,6,1,23,6,0,23,6,2,23,6,1,23,6,0,23,6
46.3,2,23,6,0,23,6,1,23,6,2,23,6,2,23,6,0,23,6,0,23,6,1,23,6,1,23,6,2,23,6,1,23,6,0,23,6,2,23,6,1,23,6,0,23,6
46.4,2,23,6,0,23,6,1,23,6,2,23,6,2,23,6,0,23,6,0,23,6,1,23,6,1,23,6,2,23,6,1,23,6,0,23,6,2,23,6,1,23,6,0,23,6
46.5,2,23,6,0,23,6,1,23,6,2,23,6,2,23,6,0,23,6,0,23,6,1,23,6,1,23,6,2,23,6,1,23,6,0,23,6,2,23,6,1,23,6,0,23,6
46.6,2,23,6,0,23,6,1,23,6,2,23,6,2,23,6,0,23,6,0,23,6,1,23,6,1,23,6,2,23,6,1,23,6,0,23,6,2,23,6,1,23,6,0,23,6
46.7,2,23,6,0,23,6,1,23,6,2,23,6,2,23,6,0,23,6,0,23,6,1,23,6,1,23,6,2,23,6,1,23,6,0,23,6,2,23,6,1,23,6,0,23,6
46.8,2,23,6,0,23,6,1,23,6,2,23,6,2,23,6,0,23,6,0,23,6,1,23,6,1,23,6,2,23,6,1,23,6,0,23,6,2,23,6,1,23,6,0,23,6
46.9,2,23,6,0,23,6,1,23,6,2,23,6,2,23,6,0,23,6,0,23,6,1,23,6,1,23,6,2,23,6,1,23,6,0,23,6,2,23,6,1,23,6,0,23,6
47,2,23,6,0,23,6,1,23,6,2,23,6,2,23,6,0,23,6,0,23,6,1,23,6,1,23,6,2,23,6,1,23,6,0,23,6,2,23,6,1,23,6,0,23,6
47.1,1,23,6,0,23,6,2,23,6,1,23,6,1,23,6,0,23,6,0,23,6,2,23,6,2,23,6,1,23,6,2,23,6,0,23,6,0,23,6,2,23,6,1,23,6
47.2,1,23,6,0,23,6,2,23,6,1,23,6,1,23,6,0,23,6,0,23,6,2,23,6,2,23,6,1,23,6,2,23,6,0,23,6,0,23,6,2,23,6,1,23,6
47.3,1,23,6,0,23,6,2,23,6,1,23,6,1,23,6,0,23,6,0,23,6,2,23,6,2,23,6,1,23,6,2,23,6,0,23,6,0,23,6,2,23,6,1,23,6
47.4,1,23,6,0,23,6,2,23,6,1,23,6,1,23,6,0,23,6,0,23,6,2,23,6,2,23,6,1,23,6,2,23,6,0,23,6,0,23,6,2,23,6,1,23,6
47.5,1,23,6,0,23,6,2,23,6,1,23,6,1,23,6,0,23,6,0,23,6,2,23,6,2,23,6,1,23,6,2,23,6,0,23,6,0,23,6,2,23,6,1,23,6
47.6,0,23,6,2,23,6,1,23,6,0,23,6,2,23,6,1,23,6,0,23,6,2,23,6,1,23,6,0,23,6,1,23,6,1,23,6,2,23,6,2,23,6,0,23,6
47.7,0,23,6,2,23,6,1,23,6,0,23,6,2,23,6,1,23,6,0,23,6,2,23,6,1,23,6,0,23,6,1,23,6,1,23,6,2,23,6,2,23,6,0,23,6
47.8,0,23,6,2,23,6,1,23,6,0,23,6,2,23,6,1,23,6,0,23,6,2,23,6,1,23,6,0,23,6,1,23,6,1,23,6,2,23,6,2,23,6,0,23,6
47.9,0,23,6,2,23,6,1,23,6,0,23,6,2,23,6,1,23,6,0,23,6,2,23,6,1,23,6,0,23,6,1,23,6,1,23,6,2,23,6,2,23,6,0,23,6
48,0,23,6,2,23,6,1,23,6,0,23,6,2,23,6,1,23,6,0,23,6,2,23,6,1,23,6,0,23,6,1,23,6,1,23,6,2,23,6,2,23,6,0,23,6
48.1,2,23,6,1,23,6,0,23,6,2,23,6,1,23,6,0,23,6,2,23,6,1,23,6,0,23,6,2,23,6,0,23,6,1,23,6,1,23,6,0,23,6,2,23,6
48.2,2,23,6,1,23,6,0,23,6,2,23,6,1,23,6,0,23,6,2,23,6,1,23,6,0,23,6,2,23,6,0,23,6,1,23,6,1,23,6,0,23,6,2,23,6
48.3,2,23,6,1,23,6,0,23,6,2,23,6,1,23,6,0,23,6,2,23,6,1,23,6,0,23,6,2,23,6,0,23,6,1,23,6,1,23,6,0,23,6,2,23,6
48.4,2,23,6,1,23,6,0,23,6,2,23,6,1,23,6,0,23,6,2,23,6,1,23,6,0,23,6,2,23,6,0,23,6,1,23,6,1,23,6,0,23,6,2,23,6
48.5,2,23,6,1,23,6,0,23,6,2,23,6,1,23,6,0,23,6,2,23,6,1,23,6,0,23,6,2,23,6,0,23,6,1,23,6,1,23,6,0,23,6,2,23,6
48.6,0,23,6,2,23,6,1,23,6,0,23,6,2,23,6,1,23,6,0,23,6,2,23,6,1,23,6,1,23,6,1,23,6,0,23,6,2,23,6,2,23,6,0,23,6
48.7,0,23,6,2,23,6,1,23,6,0,23,6,2,23,6,1,23,6,0,23,6,2,23,6,1,23,6,1,23,6,1,23,6,0,23,6,2,23,6,2,23,6,0,23,6
48.8,0,23,6,2,23,6,1,23,6,0,23,6,2,23,6,1,23,6,0,23,6,2,23,6,1,23,6,1,23,6,1,23,6,0,23,6,2,23,6,2,23,6,0,23,6
48.9,0,23,6,2,23,6,1,23,6,0,23,6,2,23,6,1,23,6,0,23,6,2,23,6,1,23,6,1,23,6,1,23,6,0,23,6,2,23,6,2,23,6,0,23,6
49,0,23,6,2,23,6,1,23,6,0,23,6,2,23,6,1,23,6,0,23,6,2,23,6,1,23,6,1,23,6,1,23,6,0,23,6,2,23,6,2,23,6,0,23,6
49.1,1,23,6,0,23,6,2,23,6,2,23,6,1,23,6,0,23,6,0,23,6,1,23,6,2,23,6,0,23,6,2,23,6,2,23,6,1,23,6,1,23,6,0,23,6
49.2,1,23,6,0,23,6,2,23,6,2,23,6,1,23,6,0,23,6,0,23,6,1,23,6,2,23,6,0,23,6,2,23,6,2,23,6,1,23,6,1,23,6,0,23,6
49.3,1,23,6,0,23,6,2,23,6,2,23,6,1,23,6,0,23,6,0,23,6,1,23,6,2,23,6,0,23,6,2,23,6,2,23,6,1,23,6,1,23,6,0,23,6
49.4,1,23,6,0,23,6,2,23,6,2,23,6,1,23,6,0,23,6,0,23,6,1,23,6,2,23,6,0,23,6,2,23,6,2,23,6,1,23,6,1,23,6,0,23,6
49.5,1,23,6,0,23,6,2,23,6,2,23,6,1,23,6,0,23,6,0,23,6,1,23,6,2,23,6,0,23,6,2,23,6,2,23,6,1,23,6,1,23,6,0,23,6
49.6,0,23,6,2,23,6,1,23,6,1,23,6,0,23,6,0,23,6,1,23,6,1,23,6,2,23,6,0,23,6,2,23,6,2,23,6,0,23,6,1,23,6,1,23,6
49.7,0,23,6,2,23,6,1,23,6,1,23,6,0,23,6,0,23,6,1,23,6,1,23,6,2,23,6,0,23,6,2,23,6,2,23,6,0,23,6,1,23,6,1,23,6
49.8,0,23,6,2,23,6,1,23,6,1,23,6,0,23,6,0,23,6,1,23,6,1,23,6,2,23,6,0,23,6,2,23,6,2,23,6,0,23,6,1,23,6,1,23,6
49.9,0,23,6,2,23,6,1,23,6,1,23,6,0,23,6,0,23,6,1,23,6,1,23,6,2,23,6,0,23,6,2,23,6,2,23,6,0,23,6,1,23,6,1,23,6
50,0,23,6,2,23,6,1,23,6,1,23,6,0,23,6,0,23,6,1,23,6,1,23,6,2,23,6,0,23,6,2,23,6,2,23,6,0,23,6,1,23,6,1,23,6
50.1,0,23,6,2,23,6,1,23,6,0,23,6,0,23,6,1,23,6,1,23,6,2,23,6,2,23,6,0,23,6,2,23,6,2,23,6,0,23,6,1,23,6,1,23,6
50.2,0,23,6,2,23,6,1,23,6,0,23,6,0,23,6,1,23,6,1,23,6,2,23,6,2,23,6,0,23,6,2,23,6,2,23,6,0,23,6,1,23,6,1,23,6
50.3,0,23,6,2,23,6,1,23,6,0,23,6,0,23,6,1,23,6,1,23,6,2,23,6,2,23,6,0,23,6,2,23,6,2,23,6,0,23,6,1,23,6,1,23,6
50.4,0,23,6,2,23,6,1,23,6,0,23,6,0,23,6,1,23,6,1,23,6,2,23,6,2,23,6,0,23,6,2,23,6,2,23,6,0,23,6,1,23,6,1,23,6
50.5,0,23,6,2,23,6,1,23,6,0,23,6,0,23,6,1,23,6,1,23,6,2,23,6,2,23,6,0,23,6,2,23,6,2,23,6,0,23,6,1,23,6,1,23,6
50.6,2,23,6,1,23,6,0,23,6,2,23,6,1,23,6,1,23,6,2,23,6,0,23,6,1,23,6,2,23,6,0,23,6,0,23,6,0,23,6,1,23,6,2,23,6
50.7,2,23,6,1,23,6,0,23,6,2,23,6,1,23,6,1,23,6,2,23,6,0,23,6,1,23,6,2,23,6,0,23,6,0,23,6,0,23,6,1,23,6,2,23,6
50.8,2,23,6,1,23,6,0,23,6,2,23,6,1,23,6,1,23,6,2,23,6,0,23,6,1,23,6,2,23,6,0,23,6,0,23,6,0,23,6,1,23,6,2,23,6
50.9,2,23,6,1,23,6,0,23,6,2,23,6,1,23,6,1,23,6,2,23,6,0,23,6,1,23,6,2,23,6,0,23,6,0,23,6,0,23,6,1,23,6,2,23,6
51,2,23,6,1,23,6,0,23,6,2,23,6,1,23,6,1,23,6,2,23,6,0,23,6,1,23,6,2,23,6,0,23,6,0,23,6,0,23,6,1,23,6,2,23,6
51.1,1,23,6,2,23,6,0,23,6,1,23,6,2,23,6,2,23,6,1,23,6,1,23,6,0,23,6,0,23,6,0,23,6,2,23,6,2,23,6,1,23,6,1,23,6
51.2,1,23,6,2,23,6,0,23,6,1,23,6,2,23,6,2,23,6,1,23,6,1,23,6,0,23,6,0,23,6,0,23,6,2,23,6,2,23,6,1,23,6,1,23,6
51.3,1,23,6,2,23,6,0,23,6,1,23,6,2,23,6,2,23,6,1,23,6,1,23,6,0,23,6,0,23,6,0,23,6,2,23,6,2,23,6,1,23,6,1,23,6
51.4,1,23,6,2,23,6,0,23,6,1,23,6,2,23,6,2,23,6,1,23,6,1,23,6,0,23,6,0,23,6,0,23,6,2,23,6,2,23,6,1,23,6,1,23,6
51.5,1,23,6,2,23,6,0,23,6,1,23,6,2,23,6,2,23,6,1,23,6,1,23,6,0,23,6,0,23,6,0,23,6,2,23,6,2,23,6,1,23,6,1,23,6
51.6,0,23,6,2,23,6,1,23,6,0,23,6,2,23,6,1,23,6,0,23,6,0,23,6,1,23,6,2,23,6,1,23,6,1,23,6,2,23,6,0,23,6,0,23,6
51.7,0,23,6,2,23,6,1,23,6,0,23,6,2,23,6,1,23,6,0,23,6,0,23,6,1,23,6,2,23,6,1,23,6,1,23,6,2,23,6,0,23,6,0,23,6
51.8,0,23,6,2,23,6,1,23,6,0,23,6,2,23,6,1,23,6,0,23,6,0,23,6,1,23,6,2,23,6,1,23,6,1,23,6,2,23,6,0,23,6,0,23,6
51.9,0,23,6,2,23,6,1,23,6,0,23,6,2,23,6,1,23,6,0,23,6,0,23,6,1,23,6,2,23,6,1,23,6,1,23,6,2,23,6,0,23,6,0,23,6
52,0,23,6,2,23,6,1,23,6,0,23,6,2,23,6,1,23,6,0,23,6,0,23,6,1,23,6,2,23,6,1,23,6,1,23,6,2,23,6,0,23,6,0,23,6
52.1,0,23,6,2,23,6,1,23,6,0,23,6,2,23,6,1,23,6,0,23,6,0,23,6,1,23,6,2,23,6,1,23,6,1,23,6,2,23,6,0,23,6,0,23,6
52.2,0,23,6,2,23,6,1,23,6,0,23,6,2,23,6,1,23,6,0,23,6,0,23,6,1,23,6,2,23,6,1,23,6,1,23,6,2,23,6,0,23,6,0,23,6
52.3,0,23,6,2,23,6,1,23,6,0,23,6,2,23,6,1,23,6,0,23,6,0,23,6,1,23,6,2,23,6,1,23,6,1,23,6,2,23,6,0,23,6,0,23,6
52.4,0,23,6,2,23,6,1,23,6,0,23,6,2,23,6,1,23,6,0,23,6,0,23,6,1,23,6,2,23,6,1,23,6,1,23,6,2,23,6,0,23,6,0,23,6
52.5,0,23,6,2,23,6,1,23,6,0,23,6,2,23,6,1,23,6,0,23,6,0,23,6,1,23,6,2,23,6,1,23,6,1,23,6,2,23,6,0,23,6,0,23,6
52.6,0,23,6,2,23,6,1,23,6,0,23,6,2,23,6,1,23,6,0,23,6,0,23,6,1,23,6,2,23,6,1,23,6,1,23,6,2,23,6,0,23,6,0,23,6
52.7,0,23,6,2,23,6,1,23,6,0,23,6,2,23,6,1,23,6,0,23,6,0,23,6,1,23,6,2,23,6,1,23,6,1,23,6,2,23,6,0,23,6,0,23,6
52.8,0,23,6,2,23,6,1,23,6,0,23,6,2,23,6,1,23,6,0,23,6,0,23,6,1,23,6,2,23,6,1,23,6,1,23,6,2,23,6,0,23,6,0,23,6
52.9,0,23,6,2,23,6,1,23,6,0,23,6,2,23,6,1,23,6,0,23,6,0,23,6,1,23,6,2,23,6,1,23,6,1,23,6,2,23,6,0,23,6,0,23,6
53,0,23,6,2,23,6,1,23,6,0,23,6,2,23,6,1,23,6,0,23,6,0,23,6,1,23,6,2,23,6,1,23,6,1,23,6,2,23,6,0,23,6,0,23,6
53.1,0,23,6,2,23,6,1,23,6,0,23,6,2,23,6,1,23,6,0,23,6,0,23,6,1,23,6,2,23,6,1,23,6,1,23,6,2,23,6,0,23,6,0,23,6
53.2,0,23,6,2,23,6,1,23,6,0,23,6,2,23,6,1,23,6,0,23,6,0,23,6,1,23,6,2,23,6,1,23,6,1,23,6,2,23,6,0,23,6,0,23,6
53.3,0,23,6,2,23,6,1,23,6,0,23,6,2,23,6,1,23,6,0,23,6,0,23,6,1,23,6,2,23,6,1,23,6,1,23,6,2,23,6,0,23,6,0,23,6
53.4,0,23,6,2,23,6,1,23,6,0,23,6,2,23,6,1,23,6,0,23,6,0,23,6,1,23,6,2,23,6,1,23,6,1,23,6,2,23,6,0,23,6,0,23,6
53.5,0,23,6,2,23,6,1,23,6,0,23,6,2,23,6,1,23,6,0,23,6,0,23,6,1,23,6,2,23,6,1,23,6,1,23,6,2,23,6,0,23,6,0,23,6
53.6,0,23,6,2,23,6,1,23,6,0,23,6,2,23,6,1,23,6,0,23,6,0,23,6,1,23,6,2,23,6,1,23,6,1,23,6,2,23,6,0,23,6,0,23,6
53.7,0,23,6,2,23,6,1,23,6,0,23,6,2,23,6,1,23,6,0,23,6,0,23,6,1,23,6,2,23,6,1,23,6,1,23,6,2,23,6,0,23,6,0,23,6
53.8,0,23,6,2,23,6,1,23,6,0,23,6,2,23,6,1,23,6,0,23,6,0,23,6,1,23,6,2,23,6,1,23,6,1,23,6,2,23,6,0,23,6,0,23,6
53.9,0,23,6,2,23,6,1,23,6,0,23,6,2,23,6,1,23,6,0,23,6,0,23,6,1,23,6,2,23,6,1,23,6,1,23,6,2,23,6,0,23,6,0,23,6
54,0,23,6,2,23,6,1,23,6,0,23,6,2,23,6,1,23,6,0,23,6,0,23,6,1,23,6,2,23,6,1,23,6,1,23,6,2,23,6,0,23,6,0,23,6
54.1,0,23,6,2,23,6,1,23,6,0,23,6,2,23,6,1,23,6,0,23,6,0,23,6,1,23,6,2,23,6,1,23,6,1,23,6,2,23,6,0,23,6,0,23,6
54.2,0,23,6,2,23,6,1,23,6,0,23,6,2,23,6,1,23,6,0,23,6,0,23,6,1,23,6,2,23,6,1,23,6,1,23,6,2,23,6,0,23,6,0,23,6
54.3,0,23,6,2,23,6,1,23,6,0,23,6,2,23,6,1,23,6,0,23,6,0,23,6,1,23,6,2,23,6,1,23,6,1,23,6,2,23,6,0,23,6,0,23,6
54.4,0,23,6,2,23,6,1,23,6,0,23,6,2,23,6,1,23,6,0,23,6,0,23,6,1,23,6,2,23,6,1,23,6,1,23,6,2,23,6,0,23,6,0,23,6
54.5,0,23,6,2,23,6,1,23,6,0,23,6,2,23,6,1,23,6,0,23,6,0,23,6,1,23,6,2,23,6,1,23,6,1,23,6,2,23,6,0,23,6,0,23,6
54.6,1,23,6,0,23,6,2,23,6,1,23,6,0,23,6,2,23,6,2,23,6,0,23,6,1,23,6,2,23,6,1,23,6,1,23,6,0,23,6,0,23,6,2,23,6
54.7,1,23,6,0,23,6,2,23,6,1,23,6,0,23,6,2,23,6,2,23,6,0,23,6,1,23,6,2,23,6,1,23,6,1,23,6,0,23,6,0,23,6,2,23,6
54.8,1,23,6,0,23,6,2,23,6,1,23,6,0,23,6,2,23,6,2,23,6,0,23,6,1,23,6,2,23,6,1,23,6,1,23,6,0,23,6,0,23,6,2,23,6
54.9,1,23,6,0,23,6,2,23,6,1,23,6,0,23,6,2,23,6,2,23,6,0,23,6,1,23,6,2,23,6,1,23,6,1,23,6,0,23,6,0,23,6,2,23,6
55,1,23,6,0,23,6,2,23,6,1,23,6,0,23,6,2,23,6,2,23,6,0,23,6,1,23,6,2,23,6,1,23,6,1,23,6,0,23,6,0,23,6,2,23,6
55.1,1,23,6,0,23,6,2,23,6,1,23,6,0,23,6,2,23,6,2,23,6,0,23,6,1,23,6,2,23,6,1,23,6,1,23,6,0,23,6,0,23,6,2,23,6
55.2,1,23,6,0,23,6,2,23,6,1,23,6,0,23,6,2,23,6,2,23,6,0,23,6,1,23,6,2,23,6,1,23,6,1,23,6,0,23,6,0,23,6,2,23,6
55.3,1,23,6,0,23,6,2,23,6,1,23,6,0,23,6,2,23,6,2,23,6,0,23,6,1,23,6,2,23,6,1,23,6,1,23,6,0,23,6,0,23,6,2,23,6
55.4,1,23,6,0,23,6,2,23,6,1,23,6,0,23,6,2,23,6,2,23,6,0,23,6,1,23,6,2,23,6,1,23,6,1,23,6,0,23,6,0,23,6,2,23,6
55.5,1,23,6,0,23,6,2,23,6,1,23,6,0,23,6,2,23,6,2,23,6,0,23,6,1,23,6,2,23,6,1,23,6,1,23,6,0,23,6,0,23,6,2,23,6
55.6,1,23,6,0,23,6,2,23,6,1,23,6,0,23,6,2,23,6,2,23,6,0,23,6,1,23,6,2,23,6,1,23,6,1,23,6,0,23,6,0,23,6,2,23,6
55.7,1,23,6,0,23,6,2,23,6,1,23,6,0,23,6,2,23,6,2,23,6,0,23,6,1,23,6,2,23,6,1,23,6,1,23,6,0,23,6,0,23,6,2,23,6
55.8,1,23,6,0,23,6,2,23,6,1,23,6,0,23,6,2,23,6,2,23,6,0,23,6,1,23,6,2,23,6,1,23,6,1,23,6,0,23,6,0,23,6,2,23,6
55.9,1,23,6,0,23,6,2,23,6,1,23,6,0,23,6,2,23,6,2,23,6,0,23,6,1,23,6,2,23,6,1,23,6,1,23,6,0,23,6,0,23,6,2,23,6
56,1,23,6,0,23,6,2,23,6,1,23,6,0,23,6,2,23,6,2,23,6,0,23,6,1,23,6,2,23,6,1,23,6,1,23,6,0,23,6,0,23,6,2,23,6
56.1,1,23,6,0,23,6,2,23,6,1,23,6,0,23,6,2,23,6,2,23,6,0,23,6,1,23,6,2,23,6,1,23,6,1,23,6,0,23,6,0,23,6,2,23,6
56.2,1,23,6,0,23,6,2,23,6,1,23,6,0,23,6,2,23,6,2,23,6,0,23,6,1,23,6,2,23,6,1,23,6,1,23,6,0,23,6,0,23,6,2,23,6
56.3,1,23,6,0,23,6,2,23,6,1,23,6,0,23,6,2,23,6,2,23,6,0,23,6,1,23,6,2,23,6,1,23,6,1,23,6,0,23,6,0,23,6,2,23,6
56.4,1,23,6,0,23,6,2,23,6,1,23,6,0,23,6,2,23,6,2,23,6,0,23,6,1,23,6,2,23,6,1,23,6,1,23,6,0,23,6,0,23,6,2,23,6
56.5,1,23,6,0,23,6,2,23,6,1,23,6,0,23,6,2,23,6,2,23,6,0,23,6,1,23,6,2,23,6,1,23,6,1,23,6,0,23,6,0,23,6,2,23,6
56.6,1,23,6,0,23,6,2,23,6,1,23,6,0,23,6,2,23,6,2,23,6,0,23,6,1,23,6,2,23,6,1,23,6,1,23,6,0,23,6,0,23,6,2,23,6
56.7,1,23,6,0,23,6,2,23,6,1,23,6,0,23,6,2,23,6,2,23,6,0,23,6,1,23,6,2,23,6,1,23,6,1,23,6,0,23,6,0,23,6,2,23,6
56.8,1,23,6,0,23,6,2,23,6,1,23,6,0,23,6,2,23,6,2,23,6,0,23,6,1,23,6,2,23,6,1,23,6,1,23,6,0,23,6,0,23,6,2,23,6
56.9,1,23,6,0,23,6,2,23,6,1,23,6,0,23,6,2,23,6,2,23,6,0,23,6,1,23,6,2,23,6,1,23,6,1,23,6,0,23,6,0,23,6,2,23,6
57,1,23,6,0,23,6,2,23,6,1,23,6,0,23,6,2,23,6,2,23,6,0,23,6,1,23,6,2,23,6,1,23,6,1,23,6,0,23,6,0,23,6,2,23,6
57.1,1,23,6,0,23,6,2,23,6,1,23,6,0,23,6,2,23,6,2,23,6,0,23,6,1,23,6,2,23,6,1,23,6,1,23,6,0,23,6,0,23,6,2,23,6
57.2,1,23,6,0,23,6,2,23,6,1,23,6,0,23,6,2,23,6,2,23,6,0,23,6,1,23,6,2,23,6,1,23,6,1,23,6,0,23,6,0,23,6,2,23,6
57.3,1,23,6,0,23,6,2,23,6,1,23,6,0,23,6,2,23,6,2,23,6,0,23,6,1,23,6,2,23,6,1,23,6,1,23,6,0,23,6,0,23,6,2,23,6
57.4,1,23,6,0,23,6,2,23,6,1,23,6,0,23,6,2,23,6,2,23,6,0,23,6,1,23,6,2,23,6,1,23,6,1,23,6,0,23,6,0,23,6,2,23,6
57.5,1,23,6,0,23,6,2,23,6,1,23,6,0,23,6,2,23,6,2,23,6,0,23,6,1,23,6,2,23,6,1,23,6,1,23,6,0,23,6,0,23,6,2,23,6
57.6,1,23,6,0,23,6,2,23,6,1,23,6,0,23,6,2,23,6,2,23,6,0,23,6,1,23,6,2,23,6,1,23,6,1,23,6,0,23,6,0,23,6,2,23,6
57.7,1,23,6,0,23,6,2,23,6,1,23,6,0,23,6,2,23,6,2,23,6,0,23,6,1,23,6,2,23,6,1,23,6,1,23,6,0,23,6,0,23,6,2,23,6
57.8,1,23,6,0,23,6,2,23,6,1,23,6,0,23,6,2,23,6,2,23,6,0,23,6,1,23,6,2,23,6,1,23,6,1,23,6,0,23,6,0,23,6,2,23,6
57.9,1,23,6,0,23,6,2,23,6,1,23,6,0,23,6,2,23,6,2,23,6,0,23,6,1,23,6,2,23,6,1,23,6,1,23,6,0,23,6,0,23,6,2,23,6
58,1,23,6,0,23,6,2,23,6,1,23,6,0,23,6,2,23,6,2,23,6,0,23,6,1,23,6,2,23,6,1,23,6,1,23,6,0,23,6,0,23,6,2,23,6
58.1,1,23,6,0,23,6,2,23,6,1,23,6,0,23,6,2,23,6,2,23,6,0,23,6,1,23,6,2,23,6,1,23,6,1,23,6,0,23,6,0,23,6,2,23,6
58.2,1,23,6,0,23,6,2,23,6,1,23,6,0,23,6,2,23,6,2,23,6,0,23,6,1,23,6,2,23,6,1,23,6,1,23,6,0,23,6,0,23,6,2,23,6
58.3,1,23,6,0,23,6,2,23,6,1,23,6,0,23,6,2,23,6,2,23,6,0,23,6,1,23,6,2,23,6,1,23,6,1,23,6,0,23,6,0,23,6,2,23,6
58.4,1,23,6,0,23,6,2,23,6,1,23,6,0,23,6,2,23,6,2,23,6,0,23,6,1,23,6,2,23,6,1,23,6,1,23,6,0,23,6,0,23,6,2,23,6
58.5,1,23,6,0,23,6,2,23,6,1,23,6,0,23,6,2,23,6,2,23,6,0,23,6,1,23,6,2,23,6,1,23,6,1,23,6,0,23,6,0,23,6,2,23,6
58.6,1,23,6,0,23,6,2,23,6,1,23,6,0,23,6,2,23,6,2,23,6,0,23,6,1,23,6,2,23,6,1,23,6,1,23,6,0,23,6,0,23,6,2,23,6
58.7,1,23,6,0,23,6,2,23,6,1,23,6,0,23,6,2,23,6,2,23,6,0,23,6,1,23,6,2,23,6,1,23,6,1,23,6,0,23,6,0,23,6,2,23,6
58.8,1,23,6,0,23,6,2,23,6,1,23,6,0,23,6,2,23,6,2,23,6,0,23,6,1,23,6,2,23,6,1,23,6,1,23,6,0,23,6,0,23,6,2,23,6
58.9,1,23,6,0,23,6,2,23,6,1,23,6,0,23,6,2,23,6,2,23,6,0,23,6,1,23,6,2,23,6,1,23,6,1,23,6,0,23,6,0,23,6,2,23,6
59,1,23,6,0,23,6,2,23,6,1,23,6,0,23,6,2,23,6,2,23,6,0,23,6,1,23,6,2,23,6,1,23,6,1,23,6,0,23,6,0,23,6,2,23,6
59.1,1,23,6,0,23,6,2,23,6,1,23,6,0,23,6,2,23,6,2,23,6,0,23,6,1,23,6,2,23,6,1,23,6,1,23,6,0,23,6,0,23,6,2,23,6
59.2,1,23,6,0,23,6,2,23,6,1,23,6,0,23,6,2,23,6,2,23,6,0,23,6,1,23,6,2,23,6,1,23,6,1,23,6,0,23,6,0,23,6,2,23,6
59.3,1,23,6,0,23,6,2,23,6,1,23,6,0,23,6,2,23,6,2,23,6,0,23,6,1,23,6,2,23,6,1,23,6,1,23,6,0,23,6,0,23,6,2,23,6
59.4,1,23,6,0,23,6,2,23,6,1,23,6,0,23,6,2,23,6,2,23,6,0,23,6,1,23,6,2,23,6,1,23,6,1,23,6,0,23,6,0,23,6,2,23,6
59.5,1,23,6,0,23,6,2,23,6,1,23,6,0,23,6,2,23,6,2,23,6,0,23,6,1,23,6,2,23,6,1,23,6,1,23,6,0,23,6,0,23,6,2,23,6
59.6,1,23,6,0,23,6,2,23,6,1,23,6,0,23,6,2,23,6,2,23,6,0,23,6,1,23,6,2,23,6,1,23,6,1,23,6,0,23,6,0,23,6,2,23,6
59.7,1,23,6,0,23,6,2,23,6,1,23,6,0,23,6,2,23,6,2,23,6,0,23,6,1,23,6,2,23,6,1,23,6,1,23,6,0,23,6,0,23,6,2,23,6
59.8,1,23,6,0,23,6,2,23,6,1,23,6,0,23,6,2,23,6,2,23,6,0,23,6,1,23,6,2,23,6,1,23,6,1,23,6,0,23,6,0,23,6,2,23,6
59.9,1,23,6,0,23,6,2,23,6,1,23,6,0,23,6,2,23,6,2,23,6,0,23,6,1,23,6,2,23,6,1,23,6,1,23,6,0,23,6,0,23,6,2,23,6
60,1,23,6,0,23,6,2,23,6,1,23,6,0,23,6,2,23,6,2,23,6,0,23,6,1,23,6,2,23,6,1,23,6,1,23,6,0,23,6,0,23,6,2,23,6
60.1,1,23,6,0,23,6,2,23,6,1,23,6,0,23,6,2,23,6,2,23,6,0,23,6,1,23,6,2,23,6,1,23,6,1,23,6,0,23,6,0,23,6,2,23,6
60.2,1,23,6,0,23,6,2,23,6,1,23,6,0,23,6,2,23,6,2,23,6,0,23,6,1,23,6,2,23,6,1,23,6,1,23,6,0,23,6,0,23,6,2,23,6
60.3,1,23,6,0,23,6,2,23,6,1,23,6,0,23,6,2,23,6,2,23,6,0,23,6,1,23,6,2,23,6,1,23,6,1,23,6,0,23,6,0,23,6,2,23,6
60.4,1,23,6,0,23,6,2,23,6,1,23,6,0,23,6,2,23,6,2,23,6,0,23,6,1,23,6,2,23,6,1,23,6,1,23,6,0,23,6,0,23,6,2,23,6
60.5,1,23,6,0,23,6,2,23,6,1,23,6,0,23,6,2,23,6,2,23,6,0,23,6,1,23,6,2,23,6,1,23,6,1,23,6,0,23,6,0,23,6,2,23,6
60.6,2,23,6,1,23,6,0,23,6,2,23,6,1,23,6,0,23,6,2,23,6,1,23,6,0,23,6,0,23,6,0,23,6,2,23,6,1,23,6,1,23,6,2,23,6
60.7,2,23,6,1,23,6,0,23,6,2,23,6,1,23,6,0,23,6,2,23,6,1,23,6,0,23,6,0,23,6,0,23,6,2,23,6,1,23,6,1,23,6,2,23,6
60.8,2,23,6,1,23,6,0,23,6,2,23,6,1,23,6,0,23,6,2,23,6,1,23,6,0,23,6,0,23,6,0,23,6,2,23,6,1,23,6,1,23,6,2,23,6
60.9,2,23,6,1,23,6,0,23,6,2,23,6,1,23,6,0,23,6,2,23,6,1,23,6,0,23,6,0,23,6,0,23,6,2,23,6,1,23,6,1,23,6,2,23,6
61,2,23,6,1,23,6,0,23,6,2,23,6,1,23,6,0,23,6,2,23,6,1,23,6,0,23,6,0,23,6,0,23,6,2,23,6,1,23,6,1,23,6,2,23,6
61.1,2,23,6,1,23,6,0,23,6,2,23,6,1,23,6,0,23,6,2,23,6,1,23,6,0,23,6,0,23,6,0,23,6,2,23,6,1,23,6,1,23,6,2,23,6
61.2,2,23,6,1,23,6,0,23,6,2,23,6,1,23,6,0,23,6,2,23,6,1,23,6,0,23,6,0,23,6,0,23,6,2,23,6,1,23,6,1,23,6,2,23,6
61.3,2,23,6,1,23,6,0,23,6,2,23,6,1,23,6,0,23,6,2,23,6,1,23,6,0,23,6,0,23,6,0,23,6,2,23,6,1,23,6,1,23,6,2,23,6
61.4,2,23,6,1,23,6,0,23,6,2,23,6,1,23,6,0,23,6,2,23,6,1,23,6,0,23,6,0,23,6,0,23,6,2,23,6,1,23,6,1,23,6,2,23,6
61.5,2,23,6,1,23,6,0,23,6,2,23,6,1,23,6,0,23,6,2,23,6,1,23,6,0,23,6,0,23,6,0,23,6,2,23,6,1,23,6,1,23,6,2,23,6
61.6,2,23,6,1,23,6,0,23,6,2,23,6,1,23,6,0,23,6,2,23,6,1,23,6,0,23,6,0,23,6,0,23,6,2,23,6,1,23,6,1,23,6,2,23,6
61.7,2,23,6,1,23,6,0,23,6,2,23,6,1,23,6,0,23,6,2,23,6,1,23,6,0,23,6,0,23,6,0,23,6,2,23,6,1,23,6,1,23,6,2,23,6
61.8,2,23,6,1,23,6,0,23,6,2,23,6,1,23,6,0,23,6,2,23,6,1,23,6,0,23,6,0,23,6,0,23,6,2,23,6,1,23,6,1,23,6,2,23,6
61.9,2,23,6,1,23,6,0,23,6,2,23,6,1,23,6,0,23,6,2,23,6,1,23,6,0,23,6,0,23,6,0,23,6,2,23,6,1,23,6,1,23,6,2,23,6
62,2,23,6,1,23,6,0,23,6,2,23,6,1,23,6,0,23,6,2,23,6,1,23,6,0,23,6,0,23,6,0,23,6,2,23,6,1,23,6,1,23,6,2,23,6
62.1,1,23,6,0,23,6,2,23,6,1,23,6,0,23,6,0,23,6,2,23,6,2,23,6,1,23,6,1,23,6,1,23,6,0,23,6,0,23,6,2,23,6,2,23,6
62.2,1,23,6,0,23,6,2,23,6,1,23,6,0,23,6,0,23,6,2,23,6,2,23,6,1,23,6,1,23,6,1,23,6,0,23,6,0,23,6,2,23,6,2,23,6
62.3,1,23,6,0,23,6,2,23,6,1,23,6,0,23,6,0,23,6,2,23,6,2,23,6,1,23,6,1,23,6,1,23,6,0,23,6,0,23,6,2,23,6,2,23,6
62.4,1,23,6,0,23,6,2,23,6,1,23,6,0,23,6,0,23,6,2,23,6,2,23,6,1,23,6,1,23,6,1,23,6,0,23,6,0,23,6,2,23,6,2,23,6
62.5,1,23,6,0,23,6,2,23,6,1,23,6,0,23,6,0,23,6,2,23,6,2,23,6,1,23,6,1,23,6,1,23,6,0,23,6,0,23,6,2,23,6,2,23,6
62.6,1,23,6,0,23,6,2,23,6,1,23,6,0,23,6,0,23,6,2,23,6,2,23,6,1,23,6,1,23,6,1,23,6,0,23,6,0,23,6,2,23,6,2,23,6
62.7,1,23,6,0,23,6,2,23,6,1,23,6,0,23,6,0,23,6,2,23,6,2,23,6,1,23,6,1,23,6,1,23,6,0,23,6,0,23,6,2,23,6,2,23,6
62.8,1,23,6,0,23,6,2,23,6,1,23,6,0,23,6,0,23,6,2,23,6,2,23,6,1,23,6,1,23,6,1,23,6,0,23,6,0,23,6,2,23,6,2,23,6
62.9,1,23,6,0,23,6,2,23,6,1,23,6,0,23,6,0,23,6,2,23,6,2,23,6,1,23,6,1,23,6,1,23,6,0,23,6,0,23,6,2,23,6,2,23,6
63,1,23,6,0,23,6,2,23,6,1,23,6,0,23,6,0,23,6,2,23,6,2,23,6,1,23,6,1,23,6,1,23,6,0,23,6,0,23,6,2,23,6,2,23,6
63.1,1,23,6,0,23,6,2,23,6,2,23,6,1,23,6,0,23,6,0,23,6,1,23,6,2,23,6,2,23,6,2,23,6,0,23,6,1,23,6,1,23,6,0,23,6
63.2,1,23,6,0,23,6,2,23,6,2,23,6,1,23,6,0,23,6,0,23,6,1,23,6,2,23,6,2,23,6,2,23,6,0,23,6,1,23,6,1,23,6,0,23,6
63.3,1,23,6,0,23,6,2,23,6,2,23,6,1,23,6,0,23,6,0,23,6,1,23,6,2,23,6,2,23,6,2,23,6,0,23,6,1,23,6,1,23,6,0,23,6
63.4,1,23,6,0,23,6,2,23,6,2,23,6,1,23,6,0,23,6,0,23,6,1,23,6,2,23,6,2,23,6,2,23,6,0,23,6,1,23,6,1,23,6,0,23,6
63.5,1,23,6,0,23,6,2,23,6,2,23,6,1,23,6,0,23,6,0,23,6,1,23,6,2,23,6,2,23,6,2,23,6,0,23,6,1,23,6,1,23,6,0,23,6
63.6,1,23,6,0,23,6,2,23,6,2,23,6,1,23,6,0,23,6,0,23,6,1,23,6,2,23,6,2,23,6,2,23,6,0,23,6,1,23,6,1,23,6,0,23,6
63.7,1,23,6,0,23,6,2,23,6,2,23,6,1,23,6,0,23,6,0,23,6,1,23,6,2,23,6,2,23,6,2,23,6,0,23,6,1,23,6,1,23,6,0,23,6
63.8,1,23,6,0,23,6,2,23,6,2,23,6,1,23,6,0,23,6,0,23,6,1,23,6,2,23,6,2,23,6,2,23,6,0,23,6,1,23,6,1,23,6,0,23,6
63.9,1,23,6,0,23,6,2,23,6,2,23,6,1,23,6,0,23,6,0,23,6,1,23,6,2,23,6,2,23,6,2,23,6,0,23,6,1,23,6,1,23,6,0,23,6
64,1,23,6,0,23,6,2,23,6,2,23,6,1,23,6,0,23,6,0,23,6,1,23,6,2,23,6,2,23,6,2,23,6,0,23,6,1,23,6,1,23,6,0,23,6
64.1,1,23,6,0,23,6,2,23,6,2,23,6,1,23,6,0,23,6,0,23,6,1,23,6,2,23,6,2,23,6,2,23,6,0,23,6,1,23,6,1,23,6,0,23,6
64.2,1,23,6,0,23,6,2,23,6,2,23,6,1,23,6,0,23,6,0,23,6,1,23,6,2,23,6,2,23,6,2,23,6,0,23,6,1,23,6,1,23,6,0,23,6
64.3,1,23,6,0,23,6,2,23,6,2,23,6,1,23,6,0,23,6,0,23,6,1,23,6,2,23,6,2,23,6,2,23,6,0,23,6,1,23,6,1,23,6,0,23,6
64.4,1,23,6,0,23,6,2,23,6,2,23,6,1,23,6,0,23,6,0,23,6,1,23,6,2,23,6,2,23,6,2,23,6,0,23,6,1,23,6,1,23,6,0,23,6
64.5,1,23,6,0,23,6,2,23,6,2,23,6,1,23,6,0,23,6,0,23,6,1,23,6,2,23,6,2,23,6,2,23,6,0,23,6,1,23,6,1,23,6,0,23,6
64.6,1,23,6,0,23,6,2,23,6,2,23,6,1,23,6,0,23,6,0,23,6,1,23,6,2,23,6,2,23,6,2,23,6,0,23,6,1,23,6,1,23,6,0,23,6
64.7,1,23,6,0,23,6,2,23,6,2,23,6,1,23,6,0,23,6,0,23,6,1,23,6,2,23,6,2,23,6,2,23,6,0,23,6,1,23,6,1,23,6,0,23,6
64.8,1,23,6,0,23,6,2,23,6,2,23,6,1,23,6,0,23,6,0,23,6,1,23,6,2,23,6,2,23,6,2,23,6,0,23,6,1,23,6,1,23,6,0,23,6
64.9,1,23,6,0,23,6,2,23,6,2,23,6,1,23,6,0,23,6,0,23,6,1,23,6,2,23,6,2,23,6,2,23,6,0,23,6,1,23,6,1,23,6,0,23,6
65,1,23,6,0,23,6,2,23,6,2,23,6,1,23,6,0,23,6,0,23,6,1,23,6,2,23,6,2,23,6,2,23,6,0,23,6,1,23,6,1,23,6,0,23,6
65.1,1,23,6,0,23,6,2,23,6,2,23,6,1,23,6,0,23,6,0,23,6,1,23,6,2,23,6,2,23,6,2,23,6,0,23,6,1,23,6,1,23,6,0,23,6
65.2,1,23,6,0,23,6,2,23,6,2,23,6,1,23,6,0,23,6,0,23,6,1,23,6,2,23,6,2,23,6,2,23,6,0,23,6,1,23,6,1,23,6,0,23,6
65.3,1,23,6,0,23,6,2,23,6,2,23,6,1,23,6,0,23,6,0,23,6,1,23,6,2,23,6,2,23,6,2,23,6,0,23,6,1,23,6,1,23,6,0,23,6
65.4,1,23,6,0,23,6,2,23,6,2,23,6,1,23,6,0,23,6,0,23,6,1,23,6,2,23,6,2,23,6,2,23,6,0,23,6,1,23,6,1,23,6,0,23,6
65.5,1,23,6,0,23,6,2,23,6,2,23,6,1,23,6,0,23,6,0,23,6,1,23,6,2,23,6,2,23,6,2,23,6,0,23,6,1,23,6,1,23,6,0,23,6
65.6,0,23,6,1,23,6,2,23,6,2,23,6,0,23,6,1,23,6,1,23,6,0,23,6,2,23,6,2,23,6,2,23,6,1,23,6,0,23,6,0,23,6,1,23,6
65.7,0,23,6,1,23,6,2,23,6,2,23,6,0,23,6,1,23,6,1,23,6,0,23,6,2,23,6,2,23,6,2,23,6,1,23,6,0,23,6,0,23,6,1,23,6
65.8,0,23,6,1,23,6,2,23,6,2,23,6,0,23,6,1,23,6,1,23,6,0,23,6,2,23,6,2,23,6,2,23,6,1,23,6,0,23,6,0,23,6,1,23,6
65.9,0,23,6,1,23,6,2,23,6,2,23,6,0,23,6,1,23,6,1,23,6,0,23,6,2,23,6,2,23,6,2,23,6,1,23,6,0,23,6,0,23,6,1,23,6
66,0,23,6,1,23,6,2,23,6,2,23,6,0,23,6,1,23,6,1,23,6,0,23,6,2,23,6,2,23,6,2,23,6,1,23,6,0,23,6,0,23,6,1,23,6
66.1,0,23,6,1,23,6,2,23,6,2,23,6,0,23,6,1,23,6,1,23,6,0,23,6,2,23,6,2,23,6,2,23,6,1,23,6,0,23,6,0,23,6,1,23,6
66.2,0,23,6,1,23,6,2,23,6,2,23,6,0,23,6,1,23,6,1,23,6,0,23,6,2,23,6,2,23,6,2,23,6,1,23,6,0,23,6,0,23,6,1,23,6
66.3,0,23,6,1,23,6,2,23,6,2,23,6,0,23,6,1,23,6,1,23,6,0,23,6,2,23,6,2,23,6,2,23,6,1,23,6,0,23,6,0,23,6,1,23,6
66.4,0,23,6,1,23,6,2,23,6,2,23,6,0,23,6,1,23,6,1,23,6,0,23,6,2,23,6,2,23,6,2,23,6,1,23,6,0,23,6,0,23,6,1,23,6
66.5,0,23,6,1,23,6,2,23,6,2,23,6,0,23,6,1,23,6,1,23,6,0,23,6,2,23,6,2,23,6,2,23,6,1,23,6,0,23,6,0,23,6,1,23,6
66.6,0,23,6,1,23,6,2,23,6,2,23,6,0,23,6,1,23,6,1,23,6,0,23,6,2,23,6,2,23,6,2,23,6,1,23,6,0,23,6,0,23,6,1,23,6
66.7,0,23,6,1,23,6,2,23,6,2,23,6,0,23,6,1,23,6,1,23,6,0,23,6,2,23,6,2,23,6,2,23,6,1,23,6,0,23,6,0,23,6,1,23,6
66.8,0,23,6,1,23,6,2,23,6,2,23,6,0,23,6,1,23,6,1,23,6,0,23,6,2,23,6,2,23,6,2,23,6,1,23,6,0,23,6,0,23,6,1,23,6
66.9,0,23,6,1,23,6,2,23,6,2,23,6,0,23,6,1,23,6,1,23,6,0,23,6,2,23,6,2,23,6,2,23,6,1,23,6,0,23,6,0,23,6,1,23,6
67,0,23,6,1,23,6,2,23,6,2,23,6,0,23,6,1,23,6,1,23,6,0,23,6,2,23,6,2,23,6,2,23,6,1,23,6,0,23,6,0,23,6,1,23,6
67.1,0,23,6,1,23,6,2,23,6,2,23,6,0,23,6,1,23,6,1,23,6,0,23,6,2,23,6,2,23,6,2,23,6,1,23,6,0,23,6,0,23,6,1,23,6
67.2,0,23,6,1,23,6,2,23,6,2,23,6,0,23,6,1,23,6,1,23,6,0,23,6,2,23,6,2,23,6,2,23,6,1,23,6,0,23,6,0,23,6,1,23,6
67.3,0,23,6,1,23,6,2,23,6,2,23,6,0,23,6,1,23,6,1,23,6,0,23,6,2,23,6,2,23,6,2,23,6,1,23,6,0,23,6,0,23,6,1,23,6
67.4,0,23,6,1,23,6,2,23,6,2,23,6,0,23,6,1,23,6,1,23,6,0,23,6,2,23,6,2,23,6,2,23,6,1,23,6,0,23,6,0,23,6,1,23,6
67.5,0,23,6,1,23,6,2,23,6,2,23,6,0,23,6,1,23,6,1,23,6,0,23,6,2,23,6,2,23,6,2,23,6,1,23,6,0,23,6,0,23,6,1,23,6
67.6,0,23,6,1,23,6,2,23,6,2,23,6,0,23,6,1,23,6,1,23,6,0,23,6,2,23,6,2,23,6,2,23,6,1,23,6,0,23,6,0,23,6,1,23,6
67.7,0,23,6,1,23,6,2,23,6,2,23,6,0,23,6,1,23,6,1,23,6,0,23,6,2,23,6,2,23,6,2,23,6,1,23,6,0,23,6,0,23,6,1,23,6
67.8,0,23,6,1,23,6,2,23,6,2,23,6,0,23,6,1,23,6,1,23,6,0,23,6,2,23,6,2,23,6,2,23,6,1,23,6,0,23,6,0,23,6,1,23,6
67.9,0,23,6,1,23,6,2,23,6,2,23,6,0,23,6,1,23,6,1,23,6,0,23,6,2,23,6,2,23,6,2,23,6,1,23,6,0,23,6,0,23,6,1,23,6
68,0,23,6,1,23,6,2,23,6,2,23,6,0,23,6,1,23,6,1,23,6,0,23,6,2,23,6,2,23,6,2,23,6,1,23,6,0,23,6,0,23,6,1,23,6
68.1,2,23,6,0,23,6,1,23,6,2,23,6,0,23,6,0,23,6,2,23,6,1,23,6,1,23,6,2,23,6,1,23,6,0,23,6,0,23,6,1,23,6,2,23,6
68.2,2,23,6,0,23,6,1,23,6,2,23,6,0,23,6,0,23,6,2,23,6,1,23,6,1,23,6,2,23,6,1,23,6,0,23,6,0,23,6,1,23,6,2,23,6
68.3,2,23,6,0,23,6,1,23,6,2,23,6,0,23,6,0,23,6,2,23,6,1,23,6,1,23,6,2,23,6,1,23,6,0,23,6,0,23,6,1,23,6,2,23,6
68.4,2,23,6,0,23,6,1,23,6,2,23,6,0,23,6,0,23,6,2,23,6,1,23,6,1,23,6,2,23,6,1,23,6,0,23,6,0,23,6,1,23,6,2,23,6
68.5,2,23,6,0,23,6,1,23,6,2,23,6,0,23,6,0,23,6,2,23,6,1,23,6,1,23,6,2,23,6,1,23,6,0,23,6,0,23,6,1,23,6,2,23,6
68.6,2,23,6,0,23,6,1,23,6,2,23,6,0,23,6,0,23,6,2,23,6,1,23,6,1,23,6,2,23,6,1,23,6,0,23,6,0,23,6,1,23,6,2,23,6
68.7,2,23,6,0,23,6,1,23,6,2,23,6,0,23,6,0,23,6,2,23,6,1,23,6,1,23,6,2,23,6,1,23,6,0,23,6,0,23,6,1,23,6,2,23,6
68.8,2,23,6,0,23,6,1,23,6,2,23,6,0,23,6,0,23,6,2,23,6,1,23,6,1,23,6,2,23,6,1,23,6,0,23,6,0,23,6,1,23,6,2,23,6
68.9,2,23,6,0,23,6,1,23,6,2,23,6,0,23,6,0,23,6,2,23,6,1,23,6,1,23,6,2,23,6,1,23,6,0,23,6,0,23,6,1,23,6,2,23,6
69,2,23,6,0,23,6,1,23,6,2,23,6,0,23,6,0,23,6,2,23,6,1,23,6,1,23,6,2,23,6,1,23,6,0,23,6,0,23,6,1,23,6,2,23,6
69.1,2,23,6,0,23,6,1,23,6,2,23,6,0,23,6,0,23,6,2,23,6,1,23,6,1,23,6,2,23,6,1,23,6,0,23,6,0,23,6,1,23,6,2,23,6
69.2,2,23,6,0,23,6,1,23,6,2,23,6,0,23,6,0,23,6,2,23,6,1,23,6,1,23,6,2,23,6,1,23,6,0,23,6,0,23,6,1,23,6,2,23,6
69.3,2,23,6,0,23,6,1,23,6,2,23,6,0,23,6,0,23,6,2,23,6,1,23,6,1,23,6,2,23,6,1,23,6,0,23,6,0,23,6,1,23,6,2,23,6
69.4,2,23,6,0,23,6,1,23,6,2,23,6,0,23,6,0,23,6,2,23,6,1,23,6,1,23,6,2,23,6,1,23,6,0,23,6,0,23,6,1,23,6,2,23,6
69.5,2,23,6,0,23,6,1,23,6,2,23,6,0,23,6,0,23,6,2,23,6,1,23,6,1,23,6,2,23,6,1,23,6,0,23,6,0,23,6,1,23,6,2,23,6
69.6,2,23,6,0,23,6,1,23,6,2,23,6,0,23,6,0,23,6,2,23,6,1,23,6,1,23,6,2,23,6,1,23,6,0,23,6,0,23,6,1,23,6,2,23,6
69.7,2,23,6,0,23,6,1,23,6,2,23,6,0,23,6,0,23,6,2,23,6,1,23,6,1,23,6,2,23,6,1,23,6,0,23,6,0,23,6,1,23,6,2,23,6
69.8,2,23,6,0,23,6,1,23,6,2,23,6,0,23,6,0,23,6,2,23,6,1,23,6,1,23,6,2,23,6,1,23,6,0,23,6,0,23,6,1,23,6,2,23,6
69.9,2,23,6,0,23,6,1,23,6,2,23,6,0,23,6,0,23,6,2,23,6,1,23,6,1,23,6,2,23,6,1,23,6,0,23,6,0,23,6,1,23,6,2,23,6
70,2,23,6,0,23,6,1,23,6,2,23,6,0,23,6,0,23,6,2,23,6,1,23,6,1,23,6,2,23,6,1,23,6,0,23,6,0,23,6,1,23,6,2,23,6
70.1,2,23,6,0,23,6,1,23,6,2,23,6,0,23,6,0,23,6,2,23,6,1,23,6,1,23,6,2,23,6,1,23,6,0,23,6,0,23,6,1,23,6,2,23,6
70.2,2,23,6,0,23,6,1,23,6,2,23,6,0,23,6,0,23,6,2,23,6,1,23,6,1,23,6,2,23,6,1,23,6,0,23,6,0,23,6,1,23,6,2,23,6
70.3,2,23,6,0,23,6,1,23,6,2,23,6,0,23,6,0,23,6,2,23,6,1,23,6,1,23,6,2,23,6,1,23,6,0,23,6,0,23,6,1,23,6,2,23,6
70.4,2,23,6,0,23,6,1,23,6,2,23,6,0,23,6,0,23,6,2,23,6,1,23,6,1,23,6,2,23,6,1,23,6,0,23,6,0,23,6,1,23,6,2,23,6
70.5,2,23,6,0,23,6,1,23,6,2,23,6,0,23,6,0,23,6,2,23,6,1,23,6,1,23,6,2,23,6,1,23,6,0,23,6,0,23,6,1,23,6,2,23,6
70.6,0,23,6,2,23,6,1,23,6,0,23,6,0,23,6,2,23,6,2,23,6,1,23,6,1,23,6,0,23,6,2,23,6,2,23,6,0,23,6,1,23,6,1,23,6
70.7,0,23,6,2,23,6,1,23,6,0,23,6,0,23,6,2,23,6,2,23,6,1,23,6,1,23,6,0,23,6,2,23,6,2,23,6,0,23,6,1,23,6,1,23,6
70.8,0,23,6,2,23,6,1,23,6,0,23,6,0,23,6,2,23,6,2,23,6,1,23,6,1,23,6,0,23,6,2,23,6,2,23,6,0,23,6,1,23,6,1,23,6
70.9,0,23,6,2,23,6,1,23,6,0,23,6,0,23,6,2,23,6,2,23,6,1,23,6,1,23,6,0,23,6,2,23,6,2,23,6,0,23,6,1,23,6,1,23,6
71,0,23,6,2,23,6,1,23,6,0,23,6,0,23,6,2,23,6,2,23,6,1,23,6,1,23,6,0,23,6,2,23,6,2,23,6,0,23,6,1,23,6,1,23,6
71.1,1,23,6,0,23,6,2,23,6,1,23,6,0,23,6,0,23,6,1,23,6,2,23,6,2,23,6,1,23,6,1,23,6,0,23,6,0,23,6,2,23,6,2,23,6
71.2,1,23,6,0,23,6,2,23,6,1,23,6,0,23,6,0,23,6,1,23,6,2,23,6,2,23,6,1,23,6,1,23,6,0,23,6,0,23,6,2,23,6,2,23,6
71.3,1,23,6,0,23,6,2,23,6,1,23,6,0,23,6,0,23,6,1,23,6,2,23,6,2,23,6,1,23,6,1,23,6,0,23,6,0,23,6,2,23,6,2,23,6
71.4,1,23,6,0,23,6,2,23,6,1,23,6,0,23,6,0,23,6,1,23,6,2,23,6,2,23,6,1,23,6,1,23,6,0,23,6,0,23,6,2,23,6,2,23,6
71.5,1,23,6,0,23,6,2,23,6,1,23,6,0,23,6,0,23,6,1,23,6,2,23,6,2,23,6,1,23,6,1,23,6,0,23,6,0,23,6,2,23,6,2,23,6
71.6,1,23,6,0,23,6,2,23,6,1,23,6,0,23,6,0,23,6,1,23,6,2,23,6,2,23,6,1,23,6,1,23,6,0,23,6,0,23,6,2,23,6,2,23,6
71.7,1,23,6,0,23,6,2,23,6,1,23,6,0,23,6,0,23,6,1,23,6,2,23,6,2,23,6,1,23,6,1,23,6,0,23,6,0,23,6,2,23,6,2,23,6
71.8,1,23,6,0,23,6,2,23,6,1,23,6,0,23,6,0,23,6,1,23,6,2,23,6,2,23,6,1,23,6,1,23,6,0,23,6,0,23,6,2,23,6,2,23,6
71.9,1,23,6,0,23,6,2,23,6,1,23,6,0,23,6,0,23,6,1,23,6,2,23,6,2,23,6,1,23,6,1,23,6,0,23,6,0,23,6,2,23,6,2,23,6
72,1,23,6,0,23,6,2,23,6,1,23,6,0,23,6,0,23,6,1,23,6,2,23,6,2,23,6,1,23,6,1,23,6,0,23,6,0,23,6,2,23,6,2,23,6
72.1,1,23,6,0,23,6,2,23,6,1,23,6,0,23,6,2,23,6,1,23,6,0,23,6,2,23,6,1,23,6,0,23,6,2,23,6,1,23,6,0,23,6,2,23,6
72.2,1,23,6,0,23,6,2,23,6,1,23,6,0,23,6,2,23,6,1,23,6,0,23,6,2,23,6,1,23,6,0,23,6,2,23,6,1,23,6,0,23,6,2,23,6
72.3,1,23,6,0,23,6,2,23,6,1,23,6,0,23,6,2,23,6,1,23,6,0,23,6,2,23,6,1,23,6,0,23,6,2,23,6,1,23,6,0,23,6,2,23,6
72.4,1,23,6,0,23,6,2,23,6,1,23,6,0,23,6,2,23,6,1,23,6,0,23,6,2,23,6,1,23,6,0,23,6,2,23,6,1,23,6,0,23,6,2,23,6
72.5,1,23,6,0,23,6,2,23,6,1,23,6,0,23,6,2,23,6,1,23,6,0,23,6,2,23,6,1,23,6,0,23,6,2,23,6,1,23,6,0,23,6,2,23,6
72.6,1,23,6,0,23,6,2,23,6,1,23,6,0,23,6,2,23,6,1,23,6,0,23,6,2,23,6,1,23,6,0,23,6,2,23,6,1,23,6,0,23,6,2,23,6
72.7,1,23,6,0,23,6,2,23,6,1,23,6,0,23,6,2,23,6,1,23,6,0,23,6,2,23,6,1,23,6,0,23,6,2,23,6,1,23,6,0,23,6,2,23,6
72.8,1,23,6,0,23,6,2,23,6,1,23,6,0,23,6,2,23,6,1,23,6,0,23,6,2,23,6,1,23,6,0,23,6,2,23,6,1,23,6,0,23,6,2,23,6
72.9,1,23,6,0,23,6,2,23,6,1,23,6,0,23,6,2,23,6,1,23,6,0,23,6,2,23,6,1,23,6,0,23,6,2,23,6,1,23,6,0,23,6,2,23,6
73,1,23,6,0,23,6,2,23,6,1,23,6,0,23,6,2,23,6,1,23,6,0,23,6,2,23,6,1,23,6,0,23,6,2,23,6,1,23,6,0,23,6,2,23,6
73.1,1,23,6,0,23,6,2,23,6,1,23,6,0,23,6,2,23,6,1,23,6,0,23,6,2,23,6,1,23,6,0,23,6,2,23,6,1,23,6,0,23,6,2,23,6
73.2,1,23,6,0,23,6,2,23,6,1,23,6,0,23,6,2,23,6,1,23,6,0,23,6,2,23,6,1,23,6,0,23,6,2,23,6,1,23,6,0,23,6,2,23,6
73.3,1,23,6,0,23,6,2,23,6,1,23,6,0,23,6,2,23,6,1,23,6,0,23,6,2,23,6,1,23,6,0,23,6,2,23,6,1,23,6,0,23,6,2,23,6
73.4,1,23,6,0,23,6,2,23,6,1,23,6,0,23,6,2,23,6,1,23,6,0,23,6,2,23,6,1,23,6,0,23,6,2,23,6,1,23,6,0,23,6,2,23,6
73.5,1,23,6,0,23,6,2,23,6,1,23,6,0,23,6,2,23,6,1,23,6,0,23,6,2,23,6,1,23,6,0,23,6,2,23,6,1,23,6,0,23,6,2,23,6
73.6,1,23,6,0,23,6,2,23,6,1,23,6,0,23,6,2,23,6,1,23,6,0,23,6,2,23,6,1,23,6,0,23,6,2,23,6,1,23,6,0,23,6,2,23,6
73.7,1,23,6,0,23,6,2,23,6,1,23,6,0,23,6,2,23,6,1,23,6,0,23,6,2,23,6,1,23,6,0,23,6,2,23,6,1,23,6,0,23,6,2,23,6
73.8,1,23,6,0,23,6,2,23,6,1,23,6,0,23,6,2,23,6,1,23,6,0,23,6,2,23,6,1,23,6,0,23,6,2,23,6,1,23,6,0,23,6,2,23,6
73.9,1,23,6,0,23,6,2,23,6,1,23,6,0,23,6,2,23,6,1,23,6,0,23,6,2,23,6,1,23,6,0,23,6,2,23,6,1,23,6,0,23,6,2,23,6
74,1,23,6,0,23,6,2,23,6,1,23,6,0,23,6,2,23,6,1,23,6,0,23,6,2,23,6,1,23,6,0,23,6,2,23,6,1,23,6,0,23,6,2,23,6
74.1,1,23,6,0,23,6,2,23,6,1,23,6,0,23,6,2,23,6,1,23,6,0,23,6,2,23,6,1,23,6,0,23,6,2,23,6,1,23,6,0,23,6,2,23,6
74.2,1,23,6,0,23,6,2,23,6,1,23,6,0,23,6,2,23,6,1,23,6,0,23,6,2,23,6,1,23,6,0,23,6,2,23,6,1,23,6,0,23,6,2,23,6
74.3,1,23,6,0,23,6,2,23,6,1,23,6,0,23,6,2,23,6,1,23,6,0,23,6,2,23,6,1,23,6,0,23,6,2,23,6,1,23,6,0,23,6,2,23,6
74.4,1,23,6,0,23,6,2,23,6,1,23,6,0,23,6,2,23,6,1,23,6,0,23,6,2,23,6,1,23,6,0,23,6,2,23,6,1,23,6,0,23,6,2,23,6
74.5,1,23,6,0,23,6,2,23,6,1,23,6,0,23,6,2,23,6,1,23,6,0,23,6,2,23,6,1,23,6,0,23,6,2,23,6,1,23,6,0,23,6,2,23,6
74.6,1,23,6,0,23,6,2,23,6,1,23,6,0,23,6,2,23,6,1,23,6,0,23,6,2,23,6,1,23,6,0,23,6,2,23,6,1,23,6,0,23,6,2,23,6
74.7,1,23,6,0,23,6,2,23,6,1,23,6,0,23,6,2,23,6,1,23,6,0,23,6,2,23,6,1,23,6,0,23,6,2,23,6,1,23,6,0,23,6,2,23,6
74.8,1,23,6,0,23,6,2,23,6,1,23,6,0,23,6,2,23,6,1,23,6,0,23,6,2,23,6,1,23,6,0,23,6,2,23,6,1,23,6,0,23,6,2,23,6
74.9,1,23,6,0,23,6,2,23,6,1,23,6,0,23,6,2,23,6,1,23,6,0,23,6,2,23,6,1,23,6,0,23,6,2,23,6,1,23,6,0,23,6,2,23,6
75,1,23,6,0,23,6,2,23,6,1,23,6,0,23,6,2,23,6,1,23,6,0,23,6,2,23,6,1,23,6,0,23,6,2,23,6,1,23,6,0,23,6,2,23,6
75.1,1,23,6,0,23,6,2,23,6,1,23,6,0,23,6,0,23,6,1,23,6,2,23,6,0,23,6,1,23,6,2,23,6,0,23,6,1,23,6,2,23,6,0,23,6
75.2,1,23,6,0,23,6,2,23,6,1,23,6,0,23,6,0,23,6,1,23,6,2,23,6,0,23,6,1,23,6,2,23,6,0,23,6,1,23,6,2,23,6,0,23,6
75.3,1,23,6,0,23,6,2,23,6,1,23,6,0,23,6,0,23,6,1,23,6,2,23,6,0,23,6,1,23,6,2,23,6,0,23,6,1,23,6,2,23,6,0,23,6
75.4,1,23,6,0,23,6,2,23,6,1,23,6,0,23,6,0,23,6,1,23,6,2,23,6,0,23,6,1,23,6,2,23,6,0,23,6,1,23,6,2,23,6,0,23,6
75.5,1,23,6,0,23,6,2,23,6,1,23,6,0,23,6,0,23,6,1,23,6,2,23,6,0,23,6,1,23,6,2,23,6,0,23,6,1,23,6,2,23,6,0,23,6
75.6,1,23,6,0,23,6,2,23,6,1,23,6,0,23,6,0,23,6,1,23,6,2,23,6,0,23,6,1,23,6,2,23,6,0,23,6,1,23,6,2,23,6,0,23,6
75.7,1,23,6,0,23,6,2,23,6,1,23,6,0,23,6,0,23,6,1,23,6,2,23,6,0,23,6,1,23,6,2,23,6,0,23,6,1,23,6,2,23,6,0,23,6
75.8,1,23,6,0,23,6,2,23,6,1,23,6,0,23,6,0,23,6,1,23,6,2,23,6,0,23,6,1,23,6,2,23,6,0,23,6,1,23,6,2,23,6,0,23,6
75.9,1,23,6,0,23,6,2,23,6,1,23,6,0,23,6,0,23,6,1,23,6,2,23,6,0,23,6,1,23,6,2,23,6,0,23,6,1,23,6,2,23,6,0,23,6
76,1,23,6,0,23,6,2,23,6,1,23,6,0,23,6,0,23,6,1,23,6,2,23,6,0,23,6,1,23,6,2,23,6,0,23,6,1,23,6,2,23,6,0,23,6
76.1,1,23,6,0,23,6,2,23,6,1,23,6,0,23,6,0,23,6,1,23,6,2,23,6,0,23,6,1,23,6,2,23,6,0,23,6,1,23,6,2,23,6,0,23,6
76.2,1,23,6,0,23,6,2,23,6,1,23,6,0,23,6,0,23,6,1,23,6,2,23,6,0,23,6,1,23,6,2,23,6,0,23,6,1,23,6,2,23,6,0,23,6
76.3,1,23,6,0,23,6,2,23,6,1,23,6,0,23,6,0,23,6,1,23,6,2,23,6,0,23,6,1,23,6,2,23,6,0,23,6,1,23,6,2,23,6,0,23,6
76.4,1,23,6,0,23,6,2,23,6,1,23,6,0,23,6,0,23,6,1,23,6,2,23,6,0,23,6,1,23,6,2,23,6,0,23,6,1,23,6,2,23,6,0,23,6
76.5,1,23,6,0,23,6,2,23,6,1,23,6,0,23,6,0,23,6,1,23,6,2,23,6,0,23,6,1,23,6,2,23,6,0,23,6,1,23,6,2,23,6,0,23,6
76.6,1,23,6,0,23,6,2,23,6,1,23,6,0,23,6,0,23,6,1,23,6,2,23,6,0,23,6,1,23,6,2,23,6,0,23,6,1,23,6,2,23,6,0,23,6
76.7,1,23,6,0,23,6,2,23,6,1,23,6,0,23,6,0,23,6,1,23,6,2,23,6,0,23,6,1,23,6,2,23,6,0,23,6,1,23,6,2,23,6,0,23,6
76.8,1,23,6,0,23,6,2,23,6,1,23,6,0,23,6,0,23,6,1,23,6,2,23,6,0,23,6,1,23,6,2,23,6,0,23,6,1,23,6,2,23,6,0,23,6
76.9,1,23,6,0,23,6,2,23,6,1,23,6,0,23,6,0,23,6,1,23,6,2,23,6,0,23,6,1,23,6,2,23,6,0,23,6,1,23,6,2,23,6,0,23,6
77,1,23,6,0,23,6,2,23,6,1,23,6,0,23,6,0,23,6,1,23,6,2,23,6,0,23,6,1,23,6,2,23,6,0,23,6,1,23,6,2,23,6,0,23,6
77.1,1,23,6,0,23,6,2,23,6,1,23,6,0,23,6,0,23,6,2,23,6,2,23,6,1,23,6,1,23,6,0,23,6,0,23,6,2,23,6,2,23,6,1,23,6
77.2,1,23,6,0,23,6,2,23,6,1,23,6,0,23,6,0,23,6,2,23,6,2,23,6,1,23,6,1,23,6,0,23,6,0,23,6,2,23,6,2,23,6,1,23,6
77.3,1,23,6,0,23,6,2,23,6,1,23,6,0,23,6,0,23,6,2,23,6,2,23,6,1,23,6,1,23,6,0,23,6,0,23,6,2,23,6,2,23,6,1,23,6
77.4,1,23,6,0,23,6,2,23,6,1,23,6,0,23,6,0,23,6,2,23,6,2,23,6,1,23,6,1,23,6,0,23,6,0,23,6,2,23,6,2,23,6,1,23,6
77.5,1,23,6,0,23,6,2,23,6,1,23,6,0,23,6,0,23,6,2,23,6,2,23,6,1,23,6,1,23,6,0,23,6,0,23,6,2,23,6,2,23,6,1,23,6
77.6,1,23,6,0,23,6,2,23,6,1,23,6,0,23,6,0,23,6,2,23,6,2,23,6,1,23,6,1,23,6,0,23,6,0,23,6,2,23,6,2,23,6,1,23,6
77.7,1,23,6,0,23,6,2,23,6,1,23,6,0,23,6,0,23,6,2,23,6,2,23,6,1,23,6,1,23,6,0,23,6,0,23,6,2,23,6,2,23,6,1,23,6
77.8,1,23,6,0,23,6,2,23,6,1,23,6,0,23,6,0,23,6,2,23,6,2,23,6,1,23,6,1,23,6,0,23,6,0,23,6,2,23,6,2,23,6,1,23,6
77.9,1,23,6,0,23,6,2,23,6,1,23,6,0,23,6,0,23,6,2,23,6,2,23,6,1,23,6,1,23,6,0,23,6,0,23,6,2,23,6,2,23,6,1,23,6
78,1,23,6,0,23,6,2,23,6,1,23,6,0,23,6,0,23,6,2,23,6,2,23,6,1,23,6,1,23,6,0,23,6,0,23,6,2,23,6,2,23,6,1,23,6
78.1,1,23,6,0,23,6,2,23,6,1,23,6,0,23,6,0,23,6,2,23,6,2,23,6,1,23,6,1,23,6,0,23,6,0,23,6,2,23,6,2,23,6,1,23,6
78.2,1,23,6,0,23,6,2,23,6,1,23,6,0,23,6,0,23,6,2,23,6,2,23,6,1,23,6,1,23,6,0,23,6,0,23,6,2,23,6,2,23,6,1,23,6
78.3,1,23,6,0,23,6,2,23,6,1,23,6,0,23,6,0,23,6,2,23,6,2,23,6,1,23,6,1,23,6,0,23,6,0,23,6,2,23,6,2,23,6,1,23,6
78.4,1,23,6,0,23,6,2,23,6,1,23,6,0,23,6,0,23,6,2,23,6,2,23,6,1,23,6,1,23,6,0,23,6,0,23,6,2,23,6,2,23,6,1,23,6
78.5,1,23,6,0,23,6,2,23,6,1,23,6,0,23,6,0,23,6,2,23,6,2,23,6,1,23,6,1,23,6,0,23,6,0,23,6,2,23,6,2,23,6,1,23,6
78.6,1,23,6,0,23,6,2,23,6,1,23,6,0,23,6,0,23,6,2,23,6,2,23,6,1,23,6,1,23,6,0,23,6,0,23,6,2,23,6,2,23,6,1,23,6
78.7,1,23,6,0,23,6,2,23,6,1,23,6,0,23,6,0,23,6,2,23,6,2,23,6,1,23,6,1,23,6,0,23,6,0,23,6,2,23,6,2,23,6,1,23,6
78.8,1,23,6,0,23,6,2,23,6,1,23,6,0,23,6,0,23,6,2,23,6,2,23,6,1,23,6,1,23,6,0,23,6,0,23,6,2,23,6,2,23,6,1,23,6
78.9,1,23,6,0,23,6,2,23,6,1,23,6,0,23,6,0,23,6,2,23,6,2,23,6,1,23,6,1,23,6,0,23,6,0,23,6,2,23,6,2,23,6,1,23,6
79,1,23,6,0,23,6,2,23,6,1,23,6,0,23,6,0,23,6,2,23,6,2,23,6,1,23,6,1,23,6,0,23,6,0,23,6,2,23,6,2,23,6,1,23,6
79.1,1,23,6,0,23,6,2,23,6,1,23,6,0,23,6,0,23,6,2,23,6,2,23,6,1,23,6,1,23,6,0,23,6,0,23,6,2,23,6,2,23,6,1,23,6
79.2,1,23,6,0,23,6,2,23,6,1,23,6,0,23,6,0,23,6,2,23,6,2,23,6,1,23,6,1,23,6,0,23,6,0,23,6,2,23,6,2,23,6,1,23,6
79.3,1,23,6,0,23,6,2,23,6,1,23,6,0,23,6,0,23,6,2,23,6,2,23,6,1,23,6,1,23,6,0,23,6,0,23,6,2,23,6,2,23,6,1,23,6
79.4,1,23,6,0,23,6,2,23,6,1,23,6,0,23,6,0,23,6,2,23,6,2,23,6,1,23,6,1,23,6,0,23,6,0,23,6,2,23,6,2,23,6,1,23,6
79.5,1,23,6,0,23,6,2,23,6,1,23,6,0,23,6,0,23,6,2,23,6,2,23,6,1,23,6,1,23,6,0,23,6,0,23,6,2,23,6,2,23,6,1,23,6
79.6,1,23,6,0,23,6,2,23,6,1,23,6,0,23,6,0,23,6,2,23,6,2,23,6,1,23,6,1,23,6,0,23,6,0,23,6,2,23,6,2,23,6,1,23,6
79.7,1,23,6,0,23,6,2,23,6,1,23,6,0,23,6,0,23,6,2,23,6,2,23,6,1,23,6,1,23,6,0,23,6,0,23,6,2,23,6,2,23,6,1,23,6
79.8,1,23,6,0,23,6,2,23,6,1,23,6,0,23,6,0,23,6,2,23,6,2,23,6,1,23,6,1,23,6,0,23,6,0,23,6,2,23,6,2,23,6,1,23,6
79.9,1,23,6,0,23,6,2,23,6,1,23,6,0,23,6,0,23,6,2,23,6,2,23,6,1,23,6,1,23,6,0,23,6,0,23,6,2,23,6,2,23,6,1,23,6
80,1,23,6,0,23,6,2,23,6,1,23,6,0,23,6,0,23,6,2,23,6,2,23,6,1,23,6,1,23,6,0,23,6,0,23,6,2,23,6,2,23,6,1,23,6
80.1,1,23,6,0,23,6,2,23,6,1,23,6,0,23,6,2,23,6,2,23,6,0,23,6,1,23,6,0,23,6,0,23,6,1,23,6,2,23,6,2,23,6,1,23,6
80.2,1,23,6,0,23,6,2,23,6,1,23,6,0,23,6,2,23,6,2,23,6,0,23,6,1,23,6,0,23,6,0,23,6,1,23,6,2,23,6,2,23,6,1,23,6
80.3,1,23,6,0,23,6,2,23,6,1,23,6,0,23,6,2,23,6,2,23,6,0,23,6,1,23,6,0,23,6,0,23,6,1,23,6,2,23,6,2,23,6,1,23,6
80.4,1,23,6,0,23,6,2,23,6,1,23,6,0,23,6,2,23,6,2,23,6,0,23,6,1,23,6,0,23,6,0,23,6,1,23,6,2,23,6,2,23,6,1,23,6
80.5,1,23,6,0,23,6,2,23,6,1,23,6,0,23,6,2,23,6,2,23,6,0,23,6,1,23,6,0,23,6,0,23,6,1,23,6,2,23,6,2,23,6,1,23,6
80.6,1,23,6,0,23,6,2,23,6,1,23,6,0,23,6,2,23,6,2,23,6,0,23,6,1,23,6,0,23,6,0,23,6,1,23,6,2,23,6,2,23,6,1,23,6
80.7,1,23,6,0,23,6,2,23,6,1,23,6,0,23,6,2,23,6,2,23,6,0,23,6,1,23,6,0,23,6,0,23,6,1,23,6,2,23,6,2,23,6,1,23,6
80.8,1,23,6,0,23,6,2,23,6,1,23,6,0,23,6,2,23,6,2,23,6,0,23,6,1,23,6,0,23,6,0,23,6,1,23,6,2,23,6,2,23,6,1,23,6
80.9,1,23,6,0,23,6,2,23,6,1,23,6,0,23,6,2,23,6,2,23,6,0,23,6,1,23,6,0,23,6,0,23,6,1,23,6,2,23,6,2,23,6,1,23,6
81,1,23,6,0,23,6,2,23,6,1,23,6,0,23,6,2,23,6,2,23,6,0,23,6,1,23,6,0,23,6,0,23,6,1,23,6,2,23,6,2,23,6,1,23,6
81.1,1,23,6,0,23,6,2,23,6,1,23,6,0,23,6,2,23,6,2,23,6,0,23,6,1,23,6,0,23,6,0,23,6,1,23,6,2,23,6,2,23,6,1,23,6
81.2,1,23,6,0,23,6,2,23,6,1,23,6,0,23,6,2,23,6,2,23,6,0,23,6,1,23,6,0,23,6,0,23,6,1,23,6,2,23,6,2,23,6,1,23,6
81.3,1,23,6,0,23,6,2,23,6,1,23,6,0,23,6,2,23,6,2,23,6,0,23,6,1,23,6,0,23,6,0,23,6,1,23,6,2,23,6,2,23,6,1,23,6
81.4,1,23,6,0,23,6,2,23,6,1,23,6,0,23,6,2,23,6,2,23,6,0,23,6,1,23,6,0,23,6,0,23,6,1,23,6,2,23,6,2,23,6,1,23,6
81.5,1,23,6,0,23,6,2,23,6,1,23,6,0,23,6,2,23,6,2,23,6,0,23,6,1,23,6,0,23,6,0,23,6,1,23,6,2,23,6,2,23,6,1,23,6
81.6,1,23,6,0,23,6,2,23,6,1,23,6,0,23,6,2,23,6,2,23,6,0,23,6,1,23,6,0,23,6,0,23,6,1,23,6,2,23,6,2,23,6,1,23,6
81.7,1,23,6,0,23,6,2,23,6,1,23,6,0,23,6,2,23,6,2,23,6,0,23,6,1,23,6,0,23,6,0,23,6,1,23,6,2,23,6,2,23,6,1,23,6
81.8,1,23,6,0,23,6,2,23,6,1,23,6,0,23,6,2,23,6,2,23,6,0,23,6,1,23,6,0,23,6,0,23,6,1,23,6,2,23,6,2,23,6,1,23,6
81.9,1,23,6,0,23,6,2,23,6,1,23,6,0,23,6,2,23,6,2,23,6,0,23,6,1,23,6,0,23,6,0,23,6,1,23,6,2,23,6,2,23,6,1,23,6
82,1,23,6,0,23,6,2,23,6,1,23,6,0,23,6,2,23,6,2,23,6,0,23,6,1,23,6,0,23,6,0,23,6,1,23,6,2,23,6,2,23,6,1,23,6
82.1,1,23,6,0,23,6,2,23,6,1,23,6,0,23,6,2,23,6,2,23,6,0,23,6,1,23,6,0,23,6,0,23,6,1,23,6,2,23,6,2,23,6,1,23,6
82.2,1,23,6,0,23,6,2,23,6,1,23,6,0,23,6,2,23,6,2,23,6,0,23,6,1,23,6,0,23,6,0,23,6,1,23,6,2,23,6,2,23,6,1,23,6
82.3,1,23,6,0,23,6,2,23,6,1,23,6,0,23,6,2,23,6,2,23,6,0,23,6,1,23,6,0,23,6,0,23,6,1,23,6,2,23,6,2,23,6,1,23,6
82.4,1,23,6,0,23,6,2,23,6,1,23,6,0,23,6,2,23,6,2,23,6,0,23,6,1,23,6,0,23,6,0,23,6,1,23,6,2,23,6,2,23,6,1,23,6
82.5,1,23,6,0,23,6,2,23,6,1,23,6,0,23,6,2,23,6,2,23,6,0,23,6,1,23,6,0,23,6,0,23,6,1,23,6,2,23,6,2,23,6,1,23,6
82.6,1,23,6,0,23,6,2,23,6,1,23,6,0,23,6,2,23,6,2,23,6,0,23,6,1,23,6,0,23,6,0,23,6,1,23,6,2,23,6,2,23,6,1,23,6
82.7,1,23,6,0,23,6,2,23,6,1,23,6,0,23,6,2,23,6,2,23,6,0,23,6,1,23,6,0,23,6,0,23,6,1,23,6,2,23,6,2,23,6,1,23,6
82.8,1,23,6,0,23,6,2,23,6,1,23,6,0,23,6,2,23,6,2,23,6,0,23,6,1,23,6,0,23,6,0,23,6,1,23,6,2,23,6,2,23,6,1,23,6
82.9,1,23,6,0,23,6,2,23,6,1,23,6,0,23,6,2,23,6,2,23,6,0,23,6,1,23,6,0,23,6,0,23,6,1,23,6,2,23,6,2,23,6,1,23,6
83,1,23,6,0,23,6,2,23,6,1,23,6,0,23,6,2,23,6,2,23,6,0,23,6,1,23,6,0,23,6,0,23,6,1,23,6,2,23,6,2,23,6,1,23,6
83.1,1,23,6,0,23,6,2,23,6,1,23,6,0,23,6,2,23,6,2,23,6,0,23,6,1,23,6,0,23,6,0,23,6,1,23,6,2,23,6,2,23,6,1,23,6
83.2,1,23,6,0,23,6,2,23,6,1,23,6,0,23,6,2,23,6,2,23,6,0,23,6,1,23,6,0,23,6,0,23,6,1,23,6,2,23,6,2,23,6,1,23,6
83.3,1,23,6,0,23,6,2,23,6,1,23,6,0,23,6,2,23,6,2,23,6,0,23,6,1,23,6,0,23,6,0,23,6,1,23,6,2,23,6,2,23,6,1,23,6
83.4,1,23,6,0,23,6,2,23,6,1,23,6,0,23,6,2,23,6,2,23,6,0,23,6,1,23,6,0,23,6,0,23,6,1,23,6,2,23,6,2,23,6,1,23,6
83.5,1,23,6,0,23,6,2,23,6,1,23,6,0,23,6,2,23,6,2,23,6,0,23,6,1,23,6,0,23,6,0,23,6,1,23,6,2,23,6,2,23,6,1,23,6
83.6,1,23,6,0,23,6,2,23,6,1,23,6,0,23,6,2,23,6,2,23,6,0,23,6,1,23,6,0,23,6,0,23,6,1,23,6,2,23,6,2,23,6,1,23,6
83.7,1,23,6,0,23,6,2,23,6,1,23,6,0,23,6,2,23,6,2,23,6,0,23,6,1,23,6,0,23,6,0,23,6,1,23,6,2,23,6,2,23,6,1,23,6
83.8,1,23,6,0,23,6,2,23,6,1,23,6,0,23,6,2,23,6,2,23,6,0,23,6,1,23,6,0,23,6,0,23,6,1,23,6,2,23,6,2,23,6,1,23,6
83.9,1,23,6,0,23,6,2,23,6,1,23,6,0,23,6,2,23,6,2,23,6,0,23,6,1,23,6,0,23,6,0,23,6,1,23,6,2,23,6,2,23,6,1,23,6
84,1,23,6,0,23,6,2,23,6,1,23,6,0,23,6,2,23,6,2,23,6,0,23,6,1,23,6,0,23,6,0,23,6,1,23,6,2,23,6,2,23,6,1,23,6
84.1,1,23,6,0,23,6,2,23,6,1,23,6,0,23,6,2,23,6,2,23,6,0,23,6,1,23,6,0,23,6,0,23,6,1,23,6,2,23,6,2,23,6,1,23,6
84.2,1,23,6,0,23,6,2,23,6,1,23,6,0,23,6,2,23,6,2,23,6,0,23,6,1,23,6,0,23,6,0,23,6,1,23,6,2,23,6,2,23,6,1,23,6
84.3,1,23,6,0,23,6,2,23,6,1,23,6,0,23,6,2,23,6,2,23,6,0,23,6,1,23,6,0,23,6,0,23,6,1,23,6,2,23,6,2,23,6,1,23,6
84.4,1,23,6,0,23,6,2,23,6,1,23,6,0,23,6,2,23,6,2,23,6,0,23,6,1,23,6,0,23,6,0,23,6,1,23,6,2,23,6,2,23,6,1,23,6
84.5,1,23,6,0,23,6,2,23,6,1,23,6,0,23,6,2,23,6,2,23,6,0,23,6,1,23,6,0,23,6,0,23,6,1,23,6,2,23,6,2,23,6,1,23,6
84.6,1,23,6,0,23,6,2,23,6,1,23,6,0,23,6,2,23,6,2,23,6,0,23,6,1,23,6,0,23,6,0,23,6,1,23,6,2,23,6,2,23,6,1,23,6
84.7,1,23,6,0,23,6,2,23,6,1,23,6,0,23,6,2,23,6,2,23,6,0,23,6,1,23,6,0,23,6,0,23,6,1,23,6,2,23,6,2,23,6,1,23,6
84.8,1,23,6,0,23,6,2,23,6,1,23,6,0,23,6,2,23,6,2,23,6,0,23,6,1,23,6,0,23,6,0,23,6,1,23,6,2,23,6,2,23,6,1,23,6
84.9,1,23,6,0,23,6,2,23,6,1,23,6,0,23,6,2,23,6,2,23,6,0,23,6,1,23,6,0,23,6,0,23,6,1,23,6,2,23,6,2,23,6,1,23,6
85,1,23,6,0,23,6,2,23,6,1,23,6,0,23,6,2,23,6,2,23,6,0,23,6,1,23,6,0,23,6,0,23,6,1,23,6,2,23,6,2,23,6,1,23,6
85.1,1,23,6,0,23,6,2,23,6,1,23,6,0,23,6,2,23,6,2,23,6,0,23,6,1,23,6,0,23,6,0,23,6,1,23,6,2,23,6,2,23,6,1,23,6
85.2,1,23,6,0,23,6,2,23,6,1,23,6,0,23,6,2,23,6,2,23,6,0,23,6,1,23,6,0,23,6,0,23,6,1,23,6,2,23,6,2,23,6,1,23,6
85.3,1,23,6,0,23,6,2,23,6,1,23,6,0,23,6,2,23,6,2,23,6,0,23,6,1,23,6,0,23,6,0,23,6,1,23,6,2,23,6,2,23,6,1,23,6
85.4,1,23,6,0,23,6,2,23,6,1,23,6,0,23,6,2,23,6,2,23,6,0,23,6,1,23,6,0,23,6,0,23,6,1,23,6,2,23,6,2,23,6,1,23,6
85.5,1,23,6,0,23,6,2,23,6,1,23,6,0,23,6,2,23,6,2,23,6,0,23,6,1,23,6,0,23,6,0,23,6,1,23,6,2,23,6,2,23,6,1,23,6
85.6,1,23,6,0,23,6,2,23,6,1,23,6,0,23,6,2,23,6,2,23,6,0,23,6,1,23,6,0,23,6,0,23,6,1,23,6,2,23,6,2,23,6,1,23,6
85.7,1,23,6,0,23,6,2,23,6,1,23,6,0,23,6,2,23,6,2,23,6,0,23,6,1,23,6,0,23,6,0,23,6,1,23,6,2,23,6,2,23,6,1,23,6
85.8,1,23,6,0,23,6,2,23,6,1,23,6,0,23,6,2,23,6,2,23,6,0,23,6,1,23,6,0,23,6,0,23,6,1,23,6,2,23,6,2,23,6,1,23,6
85.9,1,23,6,0,23,6,2,23,6,1,23,6,0,23,6,2,23,6,2,23,6,0,23,6,1,23,6,0,23,6,0,23,6,1,23,6,2,23,6,2,23,6,1,23,6
86,1,23,6,0,23,6,2,23,6,1,23,6,0,23,6,2,23,6,2,23,6,0,23,6,1,23,6,0,23,6,0,23,6,1,23,6,2,23,6,2,23,6,1,23,6
86.1,1,23,6,0,23,6,2,23,6,1,23,6,0,23,6,2,23,6,2,23,6,0,23,6,1,23,6,0,23,6,0,23,6,1,23,6,2,23,6,2,23,6,1,23,6
86.2,1,23,6,0,23,6,2,23,6,1,23,6,0,23,6,2,23,6,2,23,6,0,23,6,1,23,6,0,23,6,0,23,6,1,23,6,2,23,6,2,23,6,1,23,6
86.3,1,23,6,0,23,6,2,23,6,1,23,6,0,23,6,2,23,6,2,23,6,0,23,6,1,23,6,0,23,6,0,23,6,1,23,6,2,23,6,2,23,6,1,23,6
86.4,1,23,6,0,23,6,2,23,6,1,23,6,0,23,6,2,23,6,2,23,6,0,23,6,1,23,6,0,23,6,0,23,6,1,23,6,2,23,6,2,23,6,1,23,6
86.5,1,23,6,0,23,6,2,23,6,1,23,6,0,23,6,2,23,6,2,23,6,0,23,6,1,23,6,0,23,6,0,23,6,1,23,6,2,23,6,2,23,6,1,23,6
86.6,1,23,6,0,23,6,2,23,6,1,23,6,0,23,6,2,23,6,2,23,6,0,23,6,1,23,6,0,23,6,0,23,6,1,23,6,2,23,6,2,23,6,1,23,6
86.7,1,23,6,0,23,6,2,23,6,1,23,6,0,23,6,2,23,6,2,23,6,0,23,6,1,23,6,0,23,6,0,23,6,1,23,6,2,23,6,2,23,6,1,23,6
86.8,1,23,6,0,23,6,2,23,6,1,23,6,0,23,6,2,23,6,2,23,6,0,23,6,1,23,6,0,23,6,0,23,6,1,23,6,2,23,6,2,23,6,1,23,6
86.9,1,23,6,0,23,6,2,23,6,1,23,6,0,23,6,2,23,6,2,23,6,0,23,6,1,23,6,0,23,6,0,23,6,1,23,6,2,23,6,2,23,6,1,23,6
87,1,23,6,0,23,6,2,23,6,1,23,6,0,23,6,2,23,6,2,23,6,0,23,6,1,23,6,0,23,6,0,23,6,1,23,6,2,23,6,2,23,6,1,23,6
87.1,1,23,6,0,23,6,2,23,6,1,23,6,0,23,6,2,23,6,2,23,6,0,23,6,1,23,6,0,23,6,0,23,6,1,23,6,2,23,6,2,23,6,1,23,6
87.2,1,23,6,0,23,6,2,23,6,1,23,6,0,23,6,2,23,6,2,23,6,0,23,6,1,23,6,0,23,6,0,23,6,1,23,6,2,23,6,2,23,6,1,23,6
87.3,1,23,6,0,23,6,2,23,6,1,23,6,0,23,6,2,23,6,2,23,6,0,23,6,1,23,6,0,23,6,0,23,6,1,23,6,2,23,6,2,23,6,1,23,6
87.4,1,23,6,0,23,6,2,23,6,1,23,6,0,23,6,2,23,6,2,23,6,0,23,6,1,23,6,0,23,6,0,23,6,1,23,6,2,23,6,2,23,6,1,23,6
87.5,1,23,6,0,23,6,2,23,6,1,23,6,0,23,6,2,23,6,2,23,6,0,23,6,1,23,6,0,23,6,0,23,6,1,23,6,2,23,6,2,23,6,1,23,6
87.6,1,23,6,0,23,6,2,23,6,1,23,6,0,23,6,2,23,6,2,23,6,0,23,6,1,23,6,0,23,6,0,23,6,1,23,6,2,23,6,2,23,6,1,23,6
87.7,1,23,6,0,23,6,2,23,6,1,23,6,0,23,6,2,23,6,2,23,6,0,23,6,1,23,6,0,23,6,0,23,6,1,23,6,2,23,6,2,23,6,1,23,6
87.8,1,23,6,0,23,6,2,23,6,1,23,6,0,23,6,2,23,6,2,23,6,0,23,6,1,23,6,0,23,6,0,23,6,1,23,6,2,23,6,2,23,6,1,23,6
87.9,1,23,6,0,23,6,2,23,6,1,23,6,0,23,6,2,23,6,2,23,6,0,23,6,1,23,6,0,23,6,0,23,6,1,23,6,2,23,6,2,23,6,1,23,6
88,1,23,6,0,23,6,2,23,6,1,23,6,0,23,6,2,23,6,2,23,6,0,23,6,1,23,6,0,23,6,0,23,6,1,23,6,2,23,6,2,23,6,1,23,6
88.1,1,23,6,0,23,6,2,23,6,1,23,6,0,23,6,2,23,6,2,23,6,0,23,6,1,23,6,0,23,6,0,23,6,1,23,6,2,23,6,2,23,6,1,23,6
88.2,1,23,6,0,23,6,2,23,6,1,23,6,0,23,6,2,23,6,2,23,6,0,23,6,1,23,6,0,23,6,0,23,6,1,23,6,2,23,6,2,23,6,1,23,6
88.3,1,23,6,0,23,6,2,23,6,1,23,6,0,23,6,2,23,6,2,23,6,0,23,6,1,23,6,0,23,6,0,23,6,1,23,6,2,23,6,2,23,6,1,23,6
88.4,1,23,6,0,23,6,2,23,6,1,23,6,0,23,6,2,23,6,2,23,6,0,23,6,1,23,6,0,23,6,0,23,6,1,23,6,2,23,6,2,23,6,1,23,6
88.5,1,23,6,0,23,6,2,23,6,1,23,6,0,23,6,2,23,6,2,23,6,0,23,6,1,23,6,0,23,6,0,23,6,1,23,6,2,23,6,2,23,6,1,23,6
88.6,1,23,6,0,23,6,2,23,6,1,23,6,0,23,6,2,23,6,2,23,6,0,23,6,1,23,6,0,23,6,0,23,6,1,23,6,2,23,6,2,23,6,1,23,6
88.7,1,23,6,0,23,6,2,23,6,1,23,6,0,23,6,2,23,6,2,23,6,0,23,6,1,23,6,0,23,6,0,23,6,1,23,6,2,23,6,2,23,6,1,23,6
88.8,1,23,6,0,23,6,2,23,6,1,23,6,0,23,6,2,23,6,2,23,6,0,23,6,1,23,6,0,23,6,0,23,6,1,23,6,2,23,6,2,23,6,1,23,6
88.9,1,23,6,0,23,6,2,23,6,1,23,6,0,23,6,2,23,6,2,23,6,0,23,6,1,23,6,0,23,6,0,23,6,1,23,6,2,23,6,2,23,6,1,23,6
89,1,23,6,0,23,6,2,23,6,1,23,6,0,23,6,2,23,6,2,23,6,0,23,6,1,23,6,0,23,6,0,23,6,1,23,6,2,23,6,2,23,6,1,23,6
89.1,1,23,6,0,23,6,2,23,6,1,23,6,0,23,6,2,23,6,2,23,6,0,23,6,1,23,6,0,23,6,0,23,6,1,23,6,2,23,6,2,23,6,1,23,6
89.2,1,23,6,0,23,6,2,23,6,1,23,6,0,23,6,2,23,6,2,23,6,0,23,6,1,23,6,0,23,6,0,23,6,1,23,6,2,23,6,2,23,6,1,23,6
89.3,1,23,6,0,23,6,2,23,6,1,23,6,0,23,6,2,23,6,2,23,6,0,23,6,1,23,6,0,23,6,0,23,6,1,23,6,2,23,6,2,23,6,1,23,6
89.4,1,23,6,0,23,6,2,23,6,1,23,6,0,23,6,2,23,6,2,23,6,0,23,6,1,23,6,0,23,6,0,23,6,1,23,6,2,23,6,2,23,6,1,23,6
89.5,1,23,6,0,23,6,2,23,6,1,23,6,0,23,6,2,23,6,2,23,6,0,23,6,1,23,6,0,23,6,0,23,6,1,23,6,2,23,6,2,23,6,1,23,6
89.6,1,23,6,0,23,6,2,23,6,1,23,6,0,23,6,2,23,6,2,23,6,0,23,6,1,23,6,0,23,6,0,23,6,1,23,6,2,23,6,2,23,6,1,23,6
89.7,1,23,6,0,23,6,2,23,6,1,23,6,0,23,6,2,23,6,2,23,6,0,23,6,1,23,6,0,23,6,0,23,6,1,23,6,2,23,6,2,23,6,1,23,6
89.8,1,23,6,0,23,6,2,23,6,1,23,6,0,23,6,2,23,6,2,23,6,0,23,6,1,23,6,0,23,6,0,23,6,1,23,6,2,23,6,2,23,6,1,23,6
89.9,1,23,6,0,23,6,2,23,6,1,23,6,0,23,6,2,23,6,2,23,6,0,23,6,1,23,6,0,23,6,0,23,6,1,23,6,2,23,6,2,23,6,1,23,6
90,1,23,6,0,23,6,2,23,6,1,23,6,0,23,6,2,23,6,2,23,6,0,23,6,1,23,6,0,23,6,0,23,6,1,23,6,2,23,6,2,23,6,1,23,6
90.1,1,23,6,0,23,6,2,23,6,1,23,6,0,23,6,2,23,6,1,23,6,2,23,6,0,23,6,0,23,6,2,23,6,1,23,6,1,23,6,2,23,6,0,23,6
90.2,1,23,6,0,23,6,2,23,6,1,23,6,0,23,6,2,23,6,1,23,6,2,23,6,0,23,6,0,23,6,2,23,6,1,23,6,1,23,6,2,23,6,0,23,6
90.3,1,23,6,0,23,6,2,23,6,1,23,6,0,23,6,2,23,6,1,23,6,2,23,6,0,23,6,0,23,6,2,23,6,1,23,6,1,23,6,2,23,6,0,23,6
90.4,1,23,6,0,23,6,2,23,6,1,23,6,0,23,6,2,23,6,1,23,6,2,23,6,0,23,6,0,23,6,2,23,6,1,23,6,1,23,6,2,23,6,0,23,6
90.5,1,23,6,0,23,6,2,23,6,1,23,6,0,23,6,2,23,6,1,23,6,2,23,6,0,23,6,0,23,6,2,23,6,1,23,6,1,23,6,2,23,6,0,23,6
90.6,1,23,6,0,23,6,2,23,6,2,23,6,1,23,6,1,23,6,0,23,6,0,23,6,1,23,6,2,23,6,2,23,6,0,23,6,0,23,6,1,23,6,1,23,6
90.7,1,23,6,0,23,6,2,23,6,2,23,6,1,23,6,1,23,6,0,23,6,0,23,6,1,23,6,2,23,6,2,23,6,0,23,6,0,23,6,1,23,6,1,23,6
90.8,1,23,6,0,23,6,2,23,6,2,23,6,1,23,6,1,23,6,0,23,6,0,23,6,1,23,6,2,23,6,2,23,6,0,23,6,0,23,6,1,23,6,1,23,6
90.9,1,23,6,0,23,6,2,23,6,2,23,6,1,23,6,1,23,6,0,23,6,0,23,6,1,23,6,2,23,6,2,23,6,0,23,6,0,23,6,1,23,6,1,23,6
91,1,23,6,0,23,6,2,23,6,2,23,6,1,23,6,1,23,6,0,23,6,0,23,6,1,23,6,2,23,6,2,23,6,0,23,6,0,23,6,1,23,6,1,23,6
91.1,2,23,6,1,23,6,0,23,6,2,23,6,1,23,6,0,23,6,0,23,6,2,23,6,1,23,6,2,23,6,2,23,6,1,23,6,0,23,6,0,23,6,1,23,6
91.2,2,23,6,1,23,6,0,23,6,2,23,6,1,23,6,0,23,6,0,23,6,2,23,6,1,23,6,2,23,6,2,23,6,1,23,6,0,23,6,0,23,6,1,23,6
91.3,2,23,6,1,23,6,0,23,6,2,23,6,1,23,6,0,23,6,0,23,6,2,23,6,1,23,6,2,23,6,2,23,6,1,23,6,0,23,6,0,23,6,1,23,6
91.4,2,23,6,1,23,6,0,23,6,2,23,6,1,23,6,0,23,6,0,23,6,2,23,6,1,23,6,2,23,6,2,23,6,1,23,6,0,23,6,0,23,6,1,23,6
91.5,2,23,6,1,23,6,0,23,6,2,23,6,1,23,6,0,23,6,0,23,6,2,23,6,1,23,6,2,23,6,2,23,6,1,23,6,0,23,6,0,23,6,1,23,6
91.6,2,23,6,1,23,6,0,23,6,2,23,6,1,23,6,0,23,6,0,23,6,2,23,6,1,23,6,2,23,6,2,23,6,1,23,6,0,23,6,0,23,6,1,23,6
91.7,2,23,6,1,23,6,0,23,6,2,23,6,1,23,6,0,23,6,0,23,6,2,23,6,1,23,6,2,23,6,2,23,6,1,23,6,0,23,6,0,23,6,1,23,6
91.8,2,23,6,1,23,6,0,23,6,2,23,6,1,23,6,0,23,6,0,23,6,2,23,6,1,23,6,2,23,6,2,23,6,1,23,6,0,23,6,0,23,6,1,23,6
91.9,2,23,6,1,23,6,0,23,6,2,23,6,1,23,6,0,23,6,0,23,6,2,23,6,1,23,6,2,23,6,2,23,6,1,23,6,0,23,6,0,23,6,1,23,6
92,2,23,6,1,23,6,0,23,6,2,23,6,1,23,6,0,23,6,0,23,6,2,23,6,1,23,6,2,23,6,2,23,6,1,23,6,0,23,6,0,23,6,1,23,6
92.1,2,23,6,1,23,6,0,23,6,2,23,6,1,23,6,0,23,6,0,23,6,2,23,6,1,23,6,2,23,6,2,23,6,1,23,6,0,23,6,0,23,6,1,23,6
92.2,2,23,6,1,23,6,0,23,6,2,23,6,1,23,6,0,23,6,0,23,6,2,23,6,1,23,6,2,23,6,2,23,6,1,23,6,0,23,6,0,23,6,1,23,6
92.3,2,23,6,1,23,6,0,23,6,2,23,6,1,23,6,0,23,6,0,23,6,2,23,6,1,23,6,2,23,6,2,23,6,1,23,6,0,23,6,0,23,6,1,23,6
92.4,2,23,6,1,23,6,0,23,6,2,23,6,1,23,6,0,23,6,0,23,6,2,23,6,1,23,6,2,23,6,2,23,6,1,23,6,0,23,6,0,23,6,1,23,6
92.5,2,23,6,1,23,6,0,23,6,2,23,6,1,23,6,0,23,6,0,23,6,2,23,6,1,23,6,2,23,6,2,23,6,1,23,6,0,23,6,0,23,6,1,23,6
92.6,2,23,6,1,23,6,0,23,6,2,23,6,1,23,6,0,23,6,0,23,6,2,23,6,1,23,6,2,23,6,2,23,6,1,23,6,0,23,6,0,23,6,1,23,6
92.7,2,23,6,1,23,6,0,23,6,2,23,6,1,23,6,0,23,6,0,23,6,2,23,6,1,23,6,2,23,6,2,23,6,1,23,6,0,23,6,0,23,6,1,23,6
92.8,2,23,6,1,23,6,0,23,6,2,23,6,1,23,6,0,23,6,0,23,6,2,23,6,1,23,6,2,23,6,2,23,6,1,23,6,0,23,6,0,23,6,1,23,6
92.9,2,23,6,1,23,6,0,23,6,2,23,6,1,23,6,0,23,6,0,23,6,2,23,6,1,23,6,2,23,6,2,23,6,1,23,6,0,23,6,0,23,6,1,23,6
93,2,23,6,1,23,6,0,23,6,2,23,6,1,23,6,0,23,6,0,23,6,2,23,6,1,23,6,2,23,6,2,23,6,1,23,6,0,23,6,0,23,6,1,23,6
93.1,2,23,6,1,23,6,0,23,6,2,23,6,1,23,6,0,23,6,0,23,6,2,23,6,1,23,6,2,23,6,2,23,6,1,23,6,0,23,6,0,23,6,1,23,6
93.2,2,23,6,1,23,6,0,23,6,2,23,6,1,23,6,0,23,6,0,23,6,2,23,6,1,23,6,2,23,6,2,23,6,1,23,6,0,23,6,0,23,6,1,23,6
93.3,2,23,6,1,23,6,0,23,6,2,23,6,1,23,6,0,23,6,0,23,6,2,23,6,1,23,6,2,23,6,2,23,6,1,23,6,0,23,6,0,23,6,1,23,6
93.4,2,23,6,1,23,6,0,23,6,2,23,6,1,23,6,0,23,6,0,23,6,2,23,6,1,23,6,2,23,6,2,23,6,1,23,6,0,23,6,0,23,6,1,23,6
93.5,2,23,6,1,23,6,0,23,6,2,23,6,1,23,6,0,23,6,0,23,6,2,23,6,1,23,6,2,23,6,2,23,6,1,23,6,0,23,6,0,23,6,1,23,6
93.6,2,23,6,0,23,6,1,23,6,2,23,6,0,23,6,1,23,6,1,23,6,2,23,6,0,23,6,2,23,6,2,23,6,0,23,6,1,23,6,1,23,6,0,23,6
93.7,2,23,6,0,23,6,1,23,6,2,23,6,0,23,6,1,23,6,1,23,6,2,23,6,0,23,6,2,23,6,2,23,6,0,23,6,1,23,6,1,23,6,0,23,6
93.8,2,23,6,0,23,6,1,23,6,2,23,6,0,23,6,1,23,6,1,23,6,2,23,6,0,23,6,2,23,6,2,23,6,0,23,6,1,23,6,1,23,6,0,23,6
93.9,2,23,6,0,23,6,1,23,6,2,23,6,0,23,6,1,23,6,1,23,6,2,23,6,0,23,6,2,23,6,2,23,6,0,23,6,1,23,6,1,23,6,0,23,6
94,2,23,6,0,23,6,1,23,6,2,23,6,0,23,6,1,23,6,1,23,6,2,23,6,0,23,6,2,23,6,2,23,6,0,23,6,1,23,6,1,23,6,0,23,6
94.1,2,23,6,0,23,6,1,23,6,2,23,6,0,23,6,1,23,6,2,23,6,1,23,6,0,23,6,2,23,6,1,23,6,0,23,6,2,23,6,1,23,6,0,23,6
94.2,2,23,6,0,23,6,1,23,6,2,23,6,0,23,6,1,23,6,2,23,6,1,23,6,0,23,6,2,23,6,1,23,6,0,23,6,2,23,6,1,23,6,0,23,6
94.3,2,23,6,0,23,6,1,23,6,2,23,6,0,23,6,1,23,6,2,23,6,1,23,6,0,23,6,2,23,6,1,23,6,0,23,6,2,23,6,1,23,6,0,23,6
94.4,2,23,6,0,23,6,1,23,6,2,23,6,0,23,6,1,23,6,2,23,6,1,23,6,0,23,6,2,23,6,1,23,6,0,23,6,2,23,6,1,23,6,0,23,6
94.5,2,23,6,0,23,6,1,23,6,2,23,6,0,23,6,1,23,6,2,23,6,1,23,6,0,23,6,2,23,6,1,23,6,0,23,6,2,23,6,1,23,6,0,23,6
94.6,0,23,6,1,23,6,2,23,6,0,23,6,1,23,6,2,23,6,0,23,6,2,23,6,1,23,6,0,23,6,2,23,6,1,23,6,0,23,6,2,23,6,1,23,6
94.7,0,23,6,1,23,6,2,23,6,0,23,6,1,23,6,2,23,6,0,23,6,2,23,6,1,23,6,0,23,6,2,23,6,1,23,6,0,23,6,2,23,6,1,23,6
94.8,0,23,6,1,23,6,2,23,6,0,23,6,1,23,6,2,23,6,0,23,6,2,23,6,1,23,6,0,23,6,2,23,6,1,23,6,0,23,6,2,23,6,1,23,6
94.9,0,23,6,1,23,6,2,23,6,0,23,6,1,23,6,2,23,6,0,23,6,2,23,6,1,23,6,0,23,6,2,23,6,1,23,6,0,23,6,2,23,6,1,23,6
95,0,23,6,1,23,6,2,23,6,0,23,6,1,23,6,2,23,6,0,23,6,2,23,6,1,23,6,0,23,6,2,23,6,1,23,6,0,23,6,2,23,6,1,23,6
95.1,0,23,6,1,23,6,2,23,6,0,23,6,1,23,6,2,23,6,0,23,6,2,23,6,1,23,6,2,23,6,2,23,6,0,23,6,0,23,6,1,23,6,1,23,6
95.2,0,23,6,1,23,6,2,23,6,0,23,6,1,23,6,2,23,6,0,23,6,2,23,6,1,23,6,2,23,6,2,23,6,0,23,6,0,23,6,1,23,6,1,23,6
95.3,0,23,6,1,23,6,2,23,6,0,23,6,1,23,6,2,23,6,0,23,6,2,23,6,1,23,6,2,23,6,2,23,6,0,23,6,0,23,6,1,23,6,1,23,6
95.4,0,23,6,1,23,6,2,23,6,0,23,6,1,23,6,2,23,6,0,23,6,2,23,6,1,23,6,2,23,6,2,23,6,0,23,6,0,23,6,1,23,6,1,23,6
95.5,0,23,6,1,23,6,2,23,6,0,23,6,1,23,6,2,23,6,0,23,6,2,23,6,1,23,6,2,23,6,2,23,6,0,23,6,0,23,6,1,23,6,1,23,6
95.6,1,23,6,0,23,6,2,23,6,1,23,6,1,23,6,0,23,6,0,23,6,2,23,6,0,23,6,0,23,6,1,23,6,1,23,6,2,23,6,2,23,6,0,23,6
95.7,1,23,6,0,23,6,2,23,6,1,23,6,1,23,6,0,23,6,0,23,6,2,23,6,0,23,6,0,23,6,1,23,6,1,23,6,2,23,6,2,23,6,0,23,6
95.8,1,23,6,0,23,6,2,23,6,1,23,6,1,23,6,0,23,6,0,23,6,2,23,6,0,23,6,0,23,6,1,23,6,1,23,6,2,23,6,2,23,6,0,23,6
95.9,1,23,6,0,23,6,2,23,6,1,23,6,1,23,6,0,23,6,0,23,6,2,23,6,0,23,6,0,23,6,1,23,6,1,23,6,2,23,6,2,23,6,0,23,6
96,1,23,6,0,23,6,2,23,6,1,23,6,1,23,6,0,23,6,0,23,6,2,23,6,0,23,6,0,23,6,1,23,6,1,23,6,2,23,6,2,23,6,0,23,6
96.1,1,23,6,0,23,6,2,23,6,1,23,6,1,23,6,0,23,6,0,23,6,2,23,6,2,23,6,2,23,6,0,23,6,0,23,6,1,23,6,1,23,6,2,23,6
96.2,1,23,6,0,23,6,2,23,6,1,23,6,1,23,6,0,23,6,0,23,6,2,23,6,2,23,6,2,23,6,0,23,6,0,23,6,1,23,6,1,23,6,2,23,6
96.3,1,23,6,0,23,6,2,23,6,1,23,6,1,23,6,0,23,6,0,23,6,2,23,6,2,23,6,2,23,6,0,23,6,0,23,6,1,23,6,1,23,6,2,23,6
96.4,1,23,6,0,23,6,2,23,6,1,23,6,1,23,6,0,23,6,0,23,6,2,23,6,2,23,6,2,23,6,0,23,6,0,23,6,1,23,6,1,23,6,2,23,6
96.5,1,23,6,0,23,6,2,23,6,1,23,6,1,23,6,0,23,6,0,23,6,2,23,6,2,23,6,2,23,6,0,23,6,0,23,6,1,23,6,1,23,6,2,23,6
96.6,0,23,6,1,23,6,2,23,6,0,23,6,1,23,6,1,23,6,0,23,6,2,23,6,2,23,6,2,23,6,0,23,6,1,23,6,1,23,6,0,23,6,2,23,6
96.7,0,23,6,1,23,6,2,23,6,0,23,6,1,23,6,1,23,6,0,23,6,2,23,6,2,23,6,2,23,6,0,23,6,1,23,6,1,23,6,0,23,6,2,23,6
96.8,0,23,6,1,23,6,2,23,6,0,23,6,1,23,6,1,23,6,0,23,6,2,23,6,2,23,6,2,23,6,0,23,6,1,23,6,1,23,6,0,23,6,2,23,6
96.9,0,23,6,1,23,6,2,23,6,0,23,6,1,23,6,1,23,6,0,23,6,2,23,6,2,23,6,2,23,6,0,23,6,1,23,6,1,23,6,0,23,6,2,23,6
97,0,23,6,1,23,6,2,23,6,0,23,6,1,23,6,1,23,6,0,23,6,2,23,6,2,23,6,2,23,6,0,23,6,1,23,6,1,23,6,0,23,6,2,23,6
97.1,2,23,6,1,23,6,0,23,6,2,23,6,1,23,6,0,23,6,0,23,6,1,23,6,2,23,6,2,23,6,0,23,6,0,23,6,1,23,6,1,23,6,2,23,6
97.2,2,23,6,1,23,6,0,23,6,2,23,6,1,23,6,0,23,6,0,23,6,1,23,6,2,23,6,2,23,6,0,23,6,0,23,6,1,23,6,1,23,6,2,23,6
97.3,2,23,6,1,23,6,0,23,6,2,23,6,1,23,6,0,23,6,0,23,6,1,23,6,2,23,6,2,23,6,0,23,6,0,23,6,1,23,6,1,23,6,2,23,6
97.4,2,23,6,1,23,6,0,23,6,2,23,6,1,23,6,0,23,6,0,23,6,1,23,6,2,23,6,2,23,6,0,23,6,0,23,6,1,23,6,1,23,6,2,23,6
97.5,2,23,6,1,23,6,0,23,6,2,23,6,1,23,6,0,23,6,0,23,6,1,23,6,2,23,6,2,23,6,0,23,6,0,23,6,1,23,6,1,23,6,2,23,6
97.6,0,23,6,1,23,6,2,23,6,0,23,6,2,23,6,1,23,6,0,23,6,1,23,6,2,23,6,2,23,6,1,23,6,0,23,6,2,23,6,1,23,6,0,23,6
97.7,0,23,6,1,23,6,2,23,6,0,23,6,2,23,6,1,23,6,0,23,6,1,23,6,2,23,6,2,23,6,1,23,6,0,23,6,2,23,6,1,23,6,0,23,6
97.8,0,23,6,1,23,6,2,23,6,0,23,6,2,23,6,1,23,6,0,23,6,1,23,6,2,23,6,2,23,6,1,23,6,0,23,6,2,23,6,1,23,6,0,23,6
97.9,0,23,6,1,23,6,2,23,6,0,23,6,2,23,6,1,23,6,0,23,6,1,23,6,2,23,6,2,23,6,1,23,6,0,23,6,2,23,6,1,23,6,0,23,6
98,0,23,6,1,23,6,2,23,6,0,23,6,2,23,6,1,23,6,0,23,6,1,23,6,2,23,6,2,23,6,1,23,6,0,23,6,2,23,6,1,23,6,0,23,6
98.1,0,23,6,2,23,6,1,23,6,0,23,6,2,23,6,1,23,6,0,23,6,2,23,6,1,23,6,2,23,6,2,23,6,1,23,6,1,23,6,0,23,6,0,23,6
98.2,0,23,6,2,23,6,1,23,6,0,23,6,2,23,6,1,23,6,0,23,6,2,23,6,1,23,6,2,23,6,2,23,6,1,23,6,1,23,6,0,23,6,0,23,6
98.3,0,23,6,2,23,6,1,23,6,0,23,6,2,23,6,1,23,6,0,23,6,2,23,6,1,23,6,2,23,6,2,23,6,1,23,6,1,23,6,0,23,6,0,23,6
98.4,0,23,6,2,23,6,1,23,6,0,23,6,2,23,6,1,23,6,0,23,6,2,23,6,1,23,6,2,23,6,2,23,6,1,23,6,1,23,6,0,23,6,0,23,6
98.5,0,23,6,2,23,6,1,23,6,0,23,6,2,23,6,1,23,6,0,23,6,2,23,6,1,23,6,2,23,6,2,23,6,1,23,6,1,23,6,0,23,6,0,23,6
98.6,0,23,6,2,23,6,1,23,6,0,23,6,2,23,6,1,23,6,0,23,6,2,23,6,1,23,6,2,23,6,2,23,6,1,23,6,1,23,6,0,23,6,0,23,6
98.7,0,23,6,2,23,6,1,23,6,0,23,6,2,23,6,1,23,6,0,23,6,2,23,6,1,23,6,2,23,6,2,23,6,1,23,6,1,23,6,0,23,6,0,23,6
98.8,0,23,6,2,23,6,1,23,6,0,23,6,2,23,6,1,23,6,0,23,6,2,23,6,1,23,6,2,23,6,2,23,6,1,23,6,1,23,6,0,23,6,0,23,6
98.9,0,23,6,2,23,6,1,23,6,0,23,6,2,23,6,1,23,6,0,23,6,2,23,6,1,23,6,2,23,6,2,23,6,1,23,6,1,23,6,0,23,6,0,23,6
99,0,23,6,2,23,6,1,23,6,0,23,6,2,23,6,1,23,6,0,23,6,2,23,6,1,23,6,2,23,6,2,23,6,1,23,6,1,23,6,0,23,6,0,23,6
99.1,0,23,6,1,23,6,1,23,6,0,23,6,2,23,6,1,23,6,0,23,6,2,23,6,1,23,6,2,23,6,2,23,6,1,23,6,0,23,6,0,23,6,1,23,6
99.2,0,23,6,1,23,6,1,23,6,0,23,6,2,23,6,1,23,6,0,23,6,2,23,6,1,23,6,2,23,6,2,23,6,1,23,6,0,23,6,0,23,6,1,23,6
99.3,0,23,6,1,23,6,1,23,6,0,23,6,2,23,6,1,23,6,0,23,6,2,23,6,1,23,6,2,23,6,2,23,6,1,23,6,0,23,6,0,23,6,1,23,6
99.4,0,23,6,1,23,6,1,23,6,0,23,6,2,23,6,1,23,6,0,23,6,2,23,6,1,23,6,2,23,6,2,23,6,1,23,6,0,23,6,0,23,6,1,23,6
99.5,0,23,6,1,23,6,1,23,6,0,23,6,2,23,6,1,23,6,0,23,6,2,23,6,1,23,6,2,23,6,2,23,6,1,23,6,0,23,6,0,23,6,1,23,6
99.6,2,23,6,1,23,6,2,23,6,0,23,6,0,23,6,2,23,6,1,23,6,1,23,6,0,23,6,0,23,6,1,23,6,1,23,6,2,23,6,2,23,6,0,23,6
99.7,2,23,6,1,23,6,2,23,6,0,23,6,0,23,6,2,23,6,1,23,6,1,23,6,0,23,6,0,23,6,1,23,6,1,23,6,2,23,6,2,23,6,0,23,6
99.8,2,23,6,1,23,6,2,23,6,0,23,6,0,23,6,2,23,6,1,23,6,1,23,6,0,23,6,0,23,6,1,23,6,1,23,6,2,23,6,2,23,6,0,23,6
99.9,2,23,6,1,23,6,2,23,6,0,23,6,0,23,6,2,23,6,1,23,6,1,23,6,0,23,6,0,23,6,1,23,6,1,23,6,2,23,6,2,23,6,0,23,6
100,2,23,6,1,23,6,2,23,6,0,23,6,0,23,6,2,23,6,1,23,6,1,23,6,0,23,6,0,23,6,1,23,6,1,23,6,2,23,6,2,23,6,0,23,6
100.1,2,23,6,1,23,6,2,23,6,0,23,6,0,23,6,2,23,6,1,23,6,1,23,6,0,23,6,1,23,6,1,23,6,0,23,6,2,23,6,2,23,6,0,23,6
100.2,2,23,6,1,23,6,2,23,6,0,23,6,0,23,6,2,23,6,1,23,6,1,23,6,0,23,6,1,23,6,1,23,6,0,23,6,2,23,6,2,23,6,0,23,6
100.3,2,23,6,1,23,6,2,23,6,0,23,6,0,23,6,2,23,6,1,23,6,1,23,6,0,23,6,1,23,6,1,23,6,0,23,6,2,23,6,2,23,6,0,23,6
100.4,2,23,6,1,23,6,2,23,6,0,23,6,0,23,6,2,23,6,1,23,6,1,23,6,0,23,6,1,23,6,1,23,6,0,23,6,2,23,6,2,23,6,0,23,6
100.5,2,23,6,1,23,6,2,23,6,0,23,6,0,23,6,2,23,6,1,23,6,1,23,6,0,23,6,1,23,6,1,23,6,0,23,6,2,23,6,2,23,6,0,23,6
100.6,1,23,6,2,23,6,2,23,6,0,23,6,0,23,6,2,23,6,1,23,6,1,23,6,0,23,6,1,23,6,1,23,6,0,23,6,2,23,6,2,23,6,0,23,6
100.7,1,23,6,2,23,6,2,23,6,0,23,6,0,23,6,2,23,6,1,23,6,1,23,6,0,23,6,1,23,6,1,23,6,0,23,6,2,23,6,2,23,6,0,23,6
100.8,1,23,6,2,23,6,2,23,6,0,23,6,0,23,6,2,23,6,1,23,6,1,23,6,0,23,6,1,23,6,1,23,6,0,23,6,2,23,6,2,23,6,0,23,6
100.9,1,23,6,2,23,6,2,23,6,0,23,6,0,23,6,2,23,6,1,23,6,1,23,6,0,23,6,1,23,6,1,23,6,0,23,6,2,23,6,2,23,6,0,23,6
101,1,23,6,2,23,6,2,23,6,0,23,6,0,23,6,2,23,6,1,23,6,1,23,6,0,23,6,1,23,6,1,23,6,0,23,6,2,23,6,2,23,6,0,23,6
101.1,2,23,6,1,23,6,2,23,6,0,23,6,0,23,6,2,23,6,1,23,6,1,23,6,0,23,6,1,23,6,1,23,6,0,23,6,2,23,6,2,23,6,0,23,6
101.2,2,23,6,1,23,6,2,23,6,0,23,6,0,23,6,2,23,6,1,23,6,1,23,6,0,23,6,1,23,6,1,23,6,0,23,6,2,23,6,2,23,6,0,23,6
101.3,2,23,6,1,23,6,2,23,6,0,23,6,0,23,6,2,23,6,1,23,6,1,23,6,0,23,6,1,23,6,1,23,6,0,23,6,2,23,6,2,23,6,0,23,6
101.4,2,23,6,1,23,6,2,23,6,0,23,6,0,23,6,2,23,6,1,23,6,1,23,6,0,23,6,1,23,6,1,23,6,0,23,6,2,23,6,2,23,6,0,23,6
101.5,2,23,6,1,23,6,2,23,6,0,23,6,0,23,6,2,23,6,1,23,6,1,23,6,0,23,6,1,23,6,1,23,6,0,23,6,2,23,6,2,23,6,0,23,6
101.6,2,23,6,1,23,6,0,23,6,0,23,6,2,23,6,2,23,6,1,23,6,1,23,6,0,23,6,1,23,6,2,23,6,2,23,6,1,23,6,0,23,6,0,23,6
101.7,2,23,6,1,23,6,0,23,6,0,23,6,2,23,6,2,23,6,1,23,6,1,23,6,0,23,6,1,23,6,2,23,6,2,23,6,1,23,6,0,23,6,0,23,6
101.8,2,23,6,1,23,6,0,23,6,0,23,6,2,23,6,2,23,6,1,23,6,1,23,6,0,23,6,1,23,6,2,23,6,2,23,6,1,23,6,0,23,6,0,23,6
101.9,2,23,6,1,23,6,0,23,6,0,23,6,2,23,6,2,23,6,1,23,6,1,23,6,0,23,6,1,23,6,2,23,6,2,23,6,1,23,6,0,23,6,0,23,6
102,2,23,6,1,23,6,0,23,6,0,23,6,2,23,6,2,23,6,1,23,6,1,23,6,0,23,6,1,23,6,2,23,6,2,23,6,1,23,6,0,23,6,0,23,6
102.1,1,23,6,0,23,6,2,23,6,2,23,6,1,23,6,1,23,6,0,23,6,2,23,6,0,23,6,0,23,6,2,23,6,2,23,6,1,23,6,1,23,6,0,23,6
102.2,1,23,6,0,23,6,2,23,6,2,23,6,1,23,6,1,23,6,0,23,6,2,23,6,0,23,6,0,23,6,2,23,6,2,23,6,1,23,6,1,23,6,0,23,6
102.3,1,23,6,0,23,6,2,23,6,2,23,6,1,23,6,1,23,6,0,23,6,2,23,6,0,23,6,0,23,6,2,23,6,2,23,6,1,23,6,1,23,6,0,23,6
102.4,1,23,6,0,23,6,2,23,6,2,23,6,1,23,6,1,23,6,0,23,6,2,23,6,0,23,6,0,23,6,2,23,6,2,23,6,1,23,6,1,23,6,0,23,6
102.5,1,23,6,0,23,6,2,23,6,2,23,6,1,23,6,1,23,6,0,23,6,2,23,6,0,23,6,0,23,6,2,23,6,2,23,6,1,23,6,1,23,6,0,23,6
102.6,2,23,6,1,23,6,0,23,6,0,23,6,2,23,6,2,23,6,1,23,6,0,23,6,2,23,6,1,23,6,1,23,6,0,23,6,0,23,6,1,23,6,1,23,6
102.7,2,23,6,1,23,6,0,23,6,0,23,6,2,23,6,2,23,6,1,23,6,0,23,6,2,23,6,1,23,6,1,23,6,0,23,6,0,23,6,1,23,6,1,23,6
102.8,2,23,6,1,23,6,0,23,6,0,23,6,2,23,6,2,23,6,1,23,6,0,23,6,2,23,6,1,23,6,1,23,6,0,23,6,0,23,6,1,23,6,1,23,6
102.9,2,23,6,1,23,6,0,23,6,0,23,6,2,23,6,2,23,6,1,23,6,0,23,6,2,23,6,1,23,6,1,23,6,0,23,6,0,23,6,1,23,6,1,23,6
103,2,23,6,1,23,6,0,23,6,0,23,6,2,23,6,2,23,6,1,23,6,0,23,6,2,23,6,1,23,6,1,23,6,0,23,6,0,23,6,1,23,6,1,23,6
103.1,2,23,6,1,23,6,0,23,6,2,23,6,2,23,6,1,23,6,1,23,6,0,23,6,1,23,6,2,23,6,0,23,6,0,23,6,0,23,6,1,23,6,2,23,6
103.2,2,23,6,1,23,6,0,23,6,2,23,6,2,23,6,1,23,6,1,23,6,0,23,6,1,23,6,2,23,6,0,23,6,0,23,6,0,23,6,1,23,6,2,23,6
103.3,2,23,6,1,23,6,0,23,6,2,23,6,2,23,6,1,23,6,1,23,6,0,23,6,1,23,6,2,23,6,0,23,6,0,23,6,0,23,6,1,23,6,2,23,6
103.4,2,23,6,1,23,6,0,23,6,2,23,6,2,23,6,1,23,6,1,23,6,0,23,6,1,23,6,2,23,6,0,23,6,0,23,6,0,23,6,1,23,6,2,23,6
103.5,2,23,6,1,23,6,0,23,6,2,23,6,2,23,6,1,23,6,1,23,6,0,23,6,1,23,6,2,23,6,0,23,6,0,23,6,0,23,6,1,23,6,2,23,6
103.6,0,23,6,1,23,6,2,23,6,0,23,6,1,23,6,2,23,6,0,23,6,2,23,6,1,23,6,1,23,6,0,23,6,0,23,6,2,23,6,2,23,6,1,23,6
103.7,0,23,6,1,23,6,2,23,6,0,23,6,1,23,6,2,23,6,0,23,6,2,23,6,1,23,6,1,23,6,0,23,6,0,23,6,2,23,6,2,23,6,1,23,6
103.8,0,23,6,1,23,6,2,23,6,0,23,6,1,23,6,2,23,6,0,23,6,2,23,6,1,23,6,1,23,6,0,23,6,0,23,6,2,23,6,2,23,6,1,23,6
103.9,0,23,6,1,23,6,2,23,6,0,23,6,1,23,6,2,23,6,0,23,6,2,23,6,1,23,6,1,23,6,0,23,6,0,23,6,2,23,6,2,23,6,1,23,6
104,0,23,6,1,23,6,2,23,6,0,23,6,1,23,6,2,23,6,0,23,6,2,23,6,1,23,6,1,23,6,0,23,6,0,23,6,2,23,6,2,23,6,1,23,6
104.1,0,23,6,1,23,36,2,23,6,0,23,6,1,23,6,2,23,6,0,23,6,2,23,6,1,23,6,1,23,36,0,23,6,0,23,36,2,23,6,1,23,6,1,23,6
104.2,0,23,6,1,23,36,2,23,6,0,23,6,1,23,6,2,23,6,0,23,6,2,23,6,1,23,6,1,23,36,0,23,6,0,23,36,2,23,6,1,23,6,1,23,6
104.3,0,23,6,1,23,36,2,23,6,0,23,6,1,23,6,2,23,6,0,23,6,2,23,6,1,23,6,1,23,36,0,23,6,0,23,36,2,23,6,1,23,6,1,23,6
104.4,0,23,6,1,23,36,2,23,6,0,23,6,1,23,6,2,23,6,0,23,6,2,23,6,1,23,6,1,23,36,0,23,6,0,23,36,2,23,6,1,23,6,1,23,6
104.5,0,23,6,1,23,36,2,23,6,0,23,6,1,23,6,2,23,6,0,23,6,2,23,6,1,23,6,1,23,36,0,23,6,0,23,36,2,23,6,1,23,6,1,23,6
104.6,1,23,6,0,23,36,2,23,6,1,23,36,1,23,6,0,23,18,0,23,6,2,23,6,1,23,6,2,23,36,0,23,6,1,23,24,2,23,6,0,23,6,1,23,6
104.7,1,23,6,0,23,36,2,23,6,1,23,36,1,23,6,0,23,18,0,23,6,2,23,6,1,23,6,2,23,36,0,23,6,1,23,24,2,23,6,0,23,6,1,23,6
104.8,1,23,6,0,23,36,2,23,6,1,23,36,1,23,6,0,23,18,0,23,6,2,23,6,1,23,6,2,23,36,0,23,6,1,23,24,2,23,6,0,23,6,1,23,6
104.9,1,23,6,0,23,36,2,23,6,1,23,36,1,23,6,0,23,18,0,23,6,2,23,6,1,23,6,2,23,36,0,23,6,1,23,24,2,23,6,0,23,6,1,23,6
105,1,23,6,0,23,36,2,23,6,1,23,36,1,23,6,0,23,18,0,23,6,2,23,6,1,23,6,2,23,36,0,23,6,1,23,24,2,23,6,0,23,6,1,23,6
105.1,0,23,6,1,23,36,2,23,6,0,23,36,1,23,6,2,23,18,0,23,6,1,23,6,2,23,6,1,23,24,0,23,6,0,23,24,1,23,6,2,23,6,2,23,6
105.2,0,23,6,1,23,36,2,23,6,0,23,36,1,23,6,2,23,18,0,23,6,1,23,6,2,23,6,1,23,24,0,23,6,0,23,24,1,23,6,2,23,6,2,23,6
105.3,0,23,6,1,23,36,2,23,6,0,23,36,1,23,6,2,23,18,0,23,6,1,23,6,2,23,6,1,23,24,0,23,6,0,23,24,1,23,6,2,23,6,2,23,6
105.4,0,23,6,1,23,36,2,23,6,0,23,36,1,23,6,2,23,18,0,23,6,1,23,6,2,23,6,1,23,24,0,23,6,0,23,24,1,23,6,2,23,6,2,23,6
105.5,0,23,6,1,23,36,2,23,6,0,23,36,1,23,6,2,23,18,0,23,6,1,23,6,2,23,6,1,23,24,0,23,6,0,23,24,1,23,6,2,23,6,2,23,6
105.6,0,23,6,1,23,24,2,23,6,0,23,36,1,23,6,2,23,18,0,23,6,2,23,6,1,23,6,1,23,24,0,23,6,0,23,24,2,23,6,2,23,6,1,23,6
105.7,0,23,6,1,23,24,2,23,6,0,23,36,1,23,6,2,23,18,0,23,6,2,23,6,1,23,6,1,23,24,0,23,6,0,23,24,2,23,6,2,23,6,1,23,6
105.8,0,23,6,1,23,24,2,23,6,0,23,36,1,23,6,2,23,18,0,23,6,2,23,6,1,23,6,1,23,24,0,23,6,0,23,24,2,23,6,2,23,6,1,23,6
105.9,0,23,6,1,23,24,2,23,6,0,23,36,1,23,6,2,23,18,0,23,6,2,23,6,1,23,6,1,23,24,0,23,6,0,23,24,2,23,6,2,23,6,1,23,6
106,0,23,6,1,23,24,2,23,6,0,23,36,1,23,6,2,23,18,0,23,6,2,23,6,1,23,6,1,23,24,0,23,6,0,23,24,2,23,6,2,23,6,1,23,6
106.1,0,23,6,2,23,24,1,23,6,0,23,36,2,23,6,1,23,12,0,23,6,2,23,6,1,23,6,0,23,24,0,23,6,2,23,24,2,23,6,1,23,6,1,23,6
106.2,0,23,6,2,23,24,1,23,6,0,23,36,2,23,6,1,23,12,0,23,6,2,23,6,1,23,6,0,23,24,0,23,6,2,23,24,2,23,6,1,23,6,1,23,6
106.3,0,23,6,2,23,24,1,23,6,0,23,36,2,23,6,1,23,12,0,23,6,2,23,6,1,23,6,0,23,24,0,23,6,2,23,24,2,23,6,1,23,6,1,23,6
106.4,0,23,6,2,23,24,1,23,6,0,23,36,2,23,6,1,23,12,0,23,6,2,23,6,1,23,6,0,23,24,0,23,6,2,23,24,2,23,6,1,23,6,1,23,6
106.5,0,23,6,2,23,24,1,23,6,0,23,36,2,23,6,1,23,12,0,23,6,2,23,6,1,23,6,0,23,24,0,23,6,2,23,24,2,23,6,1,23,6,1,23,6
106.6,0,23,6,2,23,24,1,23,24,0,23,36,2,23,6,1,23,12,0,23,6,2,23,6,1,23,6,0,23,24,0,23,6,2,23,24,2,23,6,1,23,6,1,23,6
106.7,0,23,6,2,23,24,1,23,24,0,23,36,2,23,6,1,23,12,0,23,6,2,23,6,1,23,6,0,23,24,0,23,6,2,23,24,2,23,6,1,23,6,1,23,6
106.8,0,23,6,2,23,24,1,23,24,0,23,36,2,23,6,1,23,12,0,23,6,2,23,6,1,23,6,0,23,24,0,23,6,2,23,24,2,23,6,1,23,6,1,23,6
106.9,0,23,6,2,23,24,1,23,24,0,23,36,2,23,6,1,23,12,0,23,6,2,23,6,1,23,6,0,23,24,0,23,6,2,23,24,2,23,6,1,23,6,1,23,6
107,0,23,6,2,23,24,1,23,24,0,23,36,2,23,6,1,23,12,0,23,6,2,23,6,1,23,6,0,23,24,0,23,6,2,23,24,2,23,6,1,23,6,1,23,6
107.1,0,23,6,2,23,24,1,23,24,0,23,36,2,23,6,1,23,12,0,23,6,2,23,6,1,23,54,0,23,24,0,22,24,2,23,24,2,23,6,1,23,6,1,23,6
107.2,0,23,6,2,23,24,1,23,24,0,23,36,2,23,6,1,23,12,0,23,6,2,23,6,1,23,54,0,23,24,0,22,24,2,23,24,2,23,6,1,23,6,1,23,6
107.3,0,23,6,2,23,24,1,23,24,0,23,36,2,23,6,1,23,12,0,23,6,2,23,6,1,23,54,0,23,24,0,22,24,2,23,24,2,23,6,1,23,6,1,23,6
107.4,0,23,6,2,23,24,1,23,24,0,23,36,2,23,6,1,23,12,0,23,6,2,23,6,1,23,54,0,23,24,0,22,24,2,23,24,2,23,6,1,23,6,1,23,6
107.5,0,23,6,2,23,24,1,23,24,0,23,36,2,23,6,1,23,12,0,23,6,2,23,6,1,23,54,0,23,24,0,22,24,2,23,24,2,23,6,1,23,6,1,23,6
107.6,0,23,9,1,23,24,2,23,24,2,23,36,1,23,6,0,23,12,0,23,6,2,23,6,1,23,54,2,23,24,0,21.0839,24,1,23,24,2,22,24,0,23,6,1,22.1109,18
107.7,0,23,9,1,23,24,2,23,24,2,23,36,1,23,6,0,23,12,0,23,6,2,23,6,1,23,54,2,23,24,0,21.0839,24,1,23,24,2,22,24,0,23,6,1,22.1109,18
107.8,0,23,9,1,23,24,2,23,24,2,23,36,1,23,6,0,23,12,0,23,6,2,23,6,1,23,54,2,23,24,0,21.0839,24,1,23,24,2,22,24,0,23,6,1,22.1109,18
107.9,0,23,9,1,23,24,2,23,24,2,23,36,1,23,6,0,23,12,0,23,6,2,23,6,1,23,54,2,23,24,0,21.0839,24,1,23,24,2,22,24,0,23,6,1,22.1109,18
108,0,23,9,1,23,24,2,23,24,2,23,36,1,23,6,0,23,12,0,23,6,2,23,6,1,23,54,2,23,24,0,21.0839,24,1,23,24,2,22,24,0,23,6,1,22.1109,18
108.1,0,23,6,1,23,24,2,23,24,2,23,36,1,23,6,0,23,12,0,23,6,2,23,6,1,23,54,2,23,24,0,20.8627,24,1,23,24,2,21,18,0,23,6,1,21.5184,18
108.2,0,23,6,1,23,24,2,23,24,2,23,36,1,23,6,0,23,12,0,23,6,2,23,6,1,23,54,2,23,24,0,20.8627,24,1,23,24,2,21,18,0,23,6,1,21.5184,18
108.3,0,23,6,1,23,24,2,23,24,2,23,36,1,23,6,0,23,12,0,23,6,2,23,6,1,23,54,2,23,24,0,20.8627,24,1,23,24,2,21,18,0,23,6,1,21.5184,18
108.4,0,23,6,1,23,24,2,23,24,2,23,36,1,23,6,0,23,12,0,23,6,2,23,6,1,23,54,2,23,24,0,20.8627,24,1,23,24,2,21,18,0,23,6,1,21.5184,18
108.5,0,23,6,1,23,24,2,23,24,2,23,36,1,23,6,0,23,12,0,23,6,2,23,6,1,23,54,2,23,24,0,20.8627,24,1,23,24,2,21,18,0,23,6,1,21.5184,18
108.6,0,23,6,1,23,24,2,23,6,2,23,36,1,23,6,0,23,12,0,23,6,2,23,6,1,23,48,2,23,24,0,21.2461,24,1,23,24,2,20,18,0,23,6,1,20.5184,12
108.7,0,23,6,1,23,24,2,23,6,2,23,36,1,23,6,0,23,12,0,23,6,2,23,6,1,23,48,2,23,24,0,21.2461,24,1,23,24,2,20,18,0,23,6,1,20.5184,12
108.8,0,23,6,1,23,24,2,23,6,2,23,36,1,23,6,0,23,12,0,23,6,2,23,6,1,23,48,2,23,24,0,21.2461,24,1,23,24,2,20,18,0,23,6,1,20.5184,12
108.9,0,23,6,1,23,24,2,23,6,2,23,36,1,23,6,0,23,12,0,23,6,2,23,6,1,23,48,2,23,24,0,21.2461,24,1,23,24,2,20,18,0,23,6,1,20.5184,12
109,0,23,6,1,23,24,2,23,6,2,23,36,1,23,6,0,23,12,0,23,6,2,23,6,1,23,48,2,23,24,0,21.2461,24,1,23,24,2,20,18,0,23,6,1,20.5184,12
109.1,0,23,6,1,23,24,2,23,6,2,23,6,1,23,6,0,23,12,0,23,6,2,23,6,1,23,48,2,23,24,0,21.6801,24,1,23,24,2,22.6972,48,0,23,6,1,19.5184,12
109.2,0,23,6,1,23,24,2,23,6,2,23,6,1,23,6,0,23,12,0,23,6,2,23,6,1,23,48,2,23,24,0,21.6801,24,1,23,24,2,22.6972,48,0,23,6,1,19.5184,12
109.3,0,23,6,1,23,24,2,23,6,2,23,6,1,23,6,0,23,12,0,23,6,2,23,6,1,23,48,2,23,24,0,21.6801,24,1,23,24,2,22.6972,48,0,23,6,1,19.5184,12
109.4,0,23,6,1,23,24,2,23,6,2,23,6,1,23,6,0,23,12,0,23,6,2,23,6,1,23,48,2,23,24,0,21.6801,24,1,23,24,2,22.6972,48,0,23,6,1,19.5184,12
109.5,0,23,6,1,23,24,2,23,6,2,23,6,1,23,6,0,23,12,0,23,6,2,23,6,1,23,48,2,23,24,0,21.6801,24,1,23,24,2,22.6972,48,0,23,6,1,19.5184,12
109.6,0,23,6,1,23,24,2,23,6,2,23,6,1,23,6,0,23,12,0,23,6,2,23,6,1,23,54,2,23,24,0,21.6528,24,1,23,24,2,23,54,0,23,6,1,18.6974,12
109.7,0,23,6,1,23,24,2,23,6,2,23,6,1,23,6,0,23,12,0,23,6,2,23,6,1,23,54,2,23,24,0,21.6528,24,1,23,24,2,23,54,0,23,6,1,18.6974,12
109.8,0,23,6,1,23,24,2,23,6,2,23,6,1,23,6,0,23,12,0,23,6,2,23,6,1,23,54,2,23,24,0,21.6528,24,1,23,24,2,23,54,0,23,6,1,18.6974,12
109.9,0,23,6,1,23,24,2,23,6,2,23,6,1,23,6,0,23,12,0,23,6,2,23,6,1,23,54,2,23,24,0,21.6528,24,1,23,24,2,23,54,0,23,6,1,18.6974,12
110,0,23,6,1,23,24,2,23,6,2,23,6,1,23,6,0,23,12,0,23,6,2,23,6,1,23,54,2,23,24,0,21.6528,24,1,23,24,2,23,54,0,23,6,1,18.6974,12
110.1,0,23,6,1,23,24,2,23,6,2,23,6,1,23,6,0,23,9,0,23,6,2,23,6,1,23,54,2,23,24,0,21.351,24,1,23,24,2,23,54,0,23,6,1,18.0411,12
110.2,0,23,6,1,23,24,2,23,6,2,23,6,1,23,6,0,23,9,0,23,6,2,23,6,1,23,54,2,23,24,0,21.351,24,1,23,24,2,23,54,0,23,6,1,18.0411,12
110.3,0,23,6,1,23,24,2,23,6,2,23,6,1,23,6,0,23,9,0,23,6,2,23,6,1,23,54,2,23,24,0,21.351,24,1,23,24,2,23,54,0,23,6,1,18.0411,12
110.4,0,23,6,1,23,24,2,23,6,2,23,6,1,23,6,0,23,9,0,23,6,2,23,6,1,23,54,2,23,24,0,21.351,24,1,23,24,2,23,54,0,23,6,1,18.0411,12
110.5,0,23,6,1,23,24,2,23,6,2,23,6,1,23,6,0,23,9,0,23,6,2,23,6,1,23,54,2,23,24,0,21.351,24,1,23,24,2,23,54,0,23,6,1,18.0411,12
110.6,0,23,6,1,23,24,2,23,6,2,23,6,1,23,6,0,23,36,0,23,18,2,23,6,1,23,54,2,23,24,0,20.7446,24,1,23,18,2,23,54,0,23,18,1,17.288,9
110.7,0,23,6,1,23,24,2,23,6,2,23,6,1,23,6,0,23,36,0,23,18,2,23,6,1,23,54,2,23,24,0,20.7446,24,1,23,18,2,23,54,0,23,18,1,17.288,9
110.8,0,23,6,1,23,24,2,23,6,2,23,6,1,23,6,0,23,36,0,23,18,2,23,6,1,23,54,2,23,24,0,20.7446,24,1,23,18,2,23,54,0,23,18,1,17.288,9
110.9,0,23,6,1,23,24,2,23,6,2,23,6,1,23,6,0,23,36,0,23,18,2,23,6,1,23,54,2,23,24,0,20.7446,24,1,23,18,2,23,54,0,23,18,1,17.288,9
111,0,23,6,1,23,24,2,23,6,2,23,6,1,23,6,0,23,36,0,23,18,2,23,6,1,23,54,2,23,24,0,20.7446,24,1,23,18,2,23,54,0,23,18,1,17.288,9
111.1,0,23,6,1,23,6,2,23,6,2,23,6,1,23,6,0,23,6,0,23,18,2,23,6,1,23,54,2,23,24,0,20.3364,24,1,23,18,2,23,54,0,23,18,1,16.288,6
111.2,0,23,6,1,23,6,2,23,6,2,23,6,1,23,6,0,23,6,0,23,18,2,23,6,1,23,54,2,23,24,0,20.3364,24,1,23,18,2,23,54,0,23,18,1,16.288,6
111.3,0,23,6,1,23,6,2,23,6,2,23,6,1,23,6,0,23,6,0,23,18,2,23,6,1,23,54,2,23,24,0,20.3364,24,1,23,18,2,23,54,0,23,18,1,16.288,6
111.4,0,23,6,1,23,6,2,23,6,2,23,6,1,23,6,0,23,6,0,23,18,2,23,6,1,23,54,2,23,24,0,20.3364,24,1,23,18,2,23,54,0,23,18,1,16.288,6
111.5,0,23,6,1,23,6,2,23,6,2,23,6,1,23,6,0,23,6,0,23,18,2,23,6,1,23,54,2,23,24,0,20.3364,24,1,23,18,2,23,54,0,23,18,1,16.288,6
111.6,0,23,6,1,23,6,2,23,6,2,23,24,1,23,6,0,23,6,0,23,18,2,23,6,1,23,54,2,23,24,0,20.404,24,1,23,18,2,23,54,0,23,18,1,16.3743,6
111.7,0,23,6,1,23,6,2,23,6,2,23,24,1,23,6,0,23,6,0,23,18,2,23,6,1,23,54,2,23,24,0,20.404,24,1,23,18,2,23,54,0,23,18,1,16.3743,6
111.8,0,23,6,1,23,6,2,23,6,2,23,24,1,23,6,0,23,6,0,23,18,2,23,6,1,23,54,2,23,24,0,20.404,24,1,23,18,2,23,54,0,23,18,1,16.3743,6
111.9,0,23,6,1,23,6,2,23,6,2,23,24,1,23,6,0,23,6,0,23,18,2,23,6,1,23,54,2,23,24,0,20.404,24,1,23,18,2,23,54,0,23,18,1,16.3743,6
112,0,23,6,1,23,6,2,23,6,2,23,24,1,23,6,0,23,6,0,23,18,2,23,6,1,23,54,2,23,24,0,20.404,24,1,23,18,2,23,54,0,23,18,1,16.3743,6
112.1,0,23,6,1,23,6,2,23,6,2,23,24,1,23,6,0,23,6,0,23,12,2,23,6,1,23,48,2,23,18,0,19.9961,18,1,23,18,2,23,54,0,23,12,1,17.3865,6
112.2,0,23,6,1,23,6,2,23,6,2,23,24,1,23,6,0,23,6,0,23,12,2,23,6,1,23,48,2,23,18,0,19.9961,18,1,23,18,2,23,54,0,23,12,1,17.3865,6
112.3,0,23,6,1,23,6,2,23,6,2,23,24,1,23,6,0,23,6,0,23,12,2,23,6,1,23,48,2,23,18,0,19.9961,18,1,23,18,2,23,54,0,23,12,1,17.3865,6
112.4,0,23,6,1,23,6,2,23,6,2,23,24,1,23,6,0,23,6,0,23,12,2,23,6,1,23,48,2,23,18,0,19.9961,18,1,23,18,2,23,54,0,23,12,1,17.3865,6
112.5,0,23,6,1,23,6,2,23,6,2,23,24,1,23,6,0,23,6,0,23,12,2,23,6,1,23,48,2,23,18,0,19.9961,18,1,23,18,2,23,54,0,23,12,1,17.3865,6
112.6,0,23,12,1,23,6,2,23,6,2,23,24,1,23,6,0,23,6,0,23,12,2,23,6,1,23,36,2,23,18,0,21.2326,18,1,23,18,2,23,54,0,23,12,1,19.0172,6
112.7,0,23,12,1,23,6,2,23,6,2,23,24,1,23,6,0,23,6,0,23,12,2,23,6,1,23,36,2,23,18,0,21.2326,18,1,23,18,2,23,54,0,23,12,1,19.0172,6
112.8,0,23,12,1,23,6,2,23,6,2,23,24,1,23,6,0,23,6,0,23,12,2,23,6,1,23,36,2,23,18,0,21.2326,18,1,23,18,2,23,54,0,23,12,1,19.0172,6
112.9,0,23,12,1,23,6,2,23,6,2,23,24,1,23,6,0,23,6,0,23,12,2,23,6,1,23,36,2,23,18,0,21.2326,18,1,23,18,2,23,54,0,23,12,1,19.0172,6
113,0,23,12,1,23,6,2,23,6,2,23,24,1,23,6,0,23,6,0,23,12,2,23,6,1,23,36,2,23,18,0,21.2326,18,1,23,18,2,23,54,0,23,12,1,19.0172,6
113.1,0,23,12,1,23,6,2,23,6,2,23,18,1,23,6,0,23,6,0,23,12,2,23,6,1,23,36,2,23,18,0,22.4664,12,1,23,18,2,23,48,0,23,6,1,21.0172,6
113.2,0,23,12,1,23,6,2,23,6,2,23,18,1,23,6,0,23,6,0,23,12,2,23,6,1,23,36,2,23,18,0,22.4664,12,1,23,18,2,23,48,0,23,6,1,21.0172,6
113.3,0,23,12,1,23,6,2,23,6,2,23,18,1,23,6,0,23,6,0,23,12,2,23,6,1,23,36,2,23,18,0,22.4664,12,1,23,18,2,23,48,0,23,6,1,21.0172,6
113.4,0,23,12,1,23,6,2,23,6,2,23,18,1,23,6,0,23,6,0,23,12,2,23,6,1,23,36,2,23,18,0,22.4664,12,1,23,18,2,23,48,0,23,6,1,21.0172,6
113.5,0,23,12,1,23,6,2,23,6,2,23,18,1,23,6,0,23,6,0,23,12,2,23,6,1,23,36,2,23,18,0,22.4664,12,1,23,18,2,23,48,0,23,6,1,21.0172,6
113.6,0,23,9,1,23,6,2,23,6,2,23,18,1,23,6,0,23,6,0,23,6,2,23,6,1,23,24,2,23,18,0,23,9,1,23,12,2,22,9,0,23,6,1,23,6
113.7,0,23,9,1,23,6,2,23,6,2,23,18,1,23,6,0,23,6,0,23,6,2,23,6,1,23,24,2,23,18,0,23,9,1,23,12,2,22,9,0,23,6,1,23,6
113.8,0,23,9,1,23,6,2,23,6,2,23,18,1,23,6,0,23,6,0,23,6,2,23,6,1,23,24,2,23,18,0,23,9,1,23,12,2,22,9,0,23,6,1,23,6
113.9,0,23,9,1,23,6,2,23,6,2,23,18,1,23,6,0,23,6,0,23,6,2,23,6,1,23,24,2,23,18,0,23,9,1,23,12,2,22,9,0,23,6,1,23,6
114,0,23,9,1,23,6,2,23,6,2,23,18,1,23,6,0,23,6,0,23,6,2,23,6,1,23,24,2,23,18,0,23,9,1,23,12,2,22,9,0,23,6,1,23,6
114.1,0,23,6,2,23,6,1,23,6,0,23,18,2,23,6,1,23,6,0,23,6,2,23,6,1,23,24,0,23,12,0,23,6,2,23,9,2,21.2536,6,1,23,6,1,23,6
114.2,0,23,6,2,23,6,1,23,6,0,23,18,2,23,6,1,23,6,0,23,6,2,23,6,1,23,24,0,23,12,0,23,6,2,23,9,2,21.2536,6,1,23,6,1,23,6
114.3,0,23,6,2,23,6,1,23,6,0,23,18,2,23,6,1,23,6,0,23,6,2,23,6,1,23,24,0,23,12,0,23,6,2,23,9,2,21.2536,6,1,23,6,1,23,6
114.4,0,23,6,2,23,6,1,23,6,0,23,18,2,23,6,1,23,6,0,23,6,2,23,6,1,23,24,0,23,12,0,23,6,2,23,9,2,21.2536,6,1,23,6,1,23,6
114.5,0,23,6,2,23,6,1,23,6,0,23,18,2,23,6,1,23,6,0,23,6,2,23,6,1,23,24,0,23,12,0,23,6,2,23,9,2,21.2536,6,1,23,6,1,23,6
114.6,0,23,6,2,23,6,1,23,6,0,23,12,2,23,6,1,23,6,0,23,6,2,23,6,1,23,6,0,23,9,0,23,24,2,23,6,2,22.2695,6,1,23,6,1,23,6
114.7,0,23,6,2,23,6,1,23,6,0,23,12,2,23,6,1,23,6,0,23,6,2,23,6,1,23,6,0,23,9,0,23,24,2,23,6,2,22.2695,6,1,23,6,1,23,6
114.8,0,23,6,2,23,6,1,23,6,0,23,12,2,23,6,1,23,6,0,23,6,2,23,6,1,23,6,0,23,9,0,23,24,2,23,6,2,22.2695,6,1,23,6,1,23,6
114.9,0,23,6,2,23,6,1,23,6,0,23,12,2,23,6,1,23,6,0,23,6,2,23,6,1,23,6,0,23,9,0,23,24,2,23,6,2,22.2695,6,1,23,6,1,23,6
115,0,23,6,2,23,6,1,23,6,0,23,12,2,23,6,1,23,6,0,23,6,2,23,6,1,23,6,0,23,9,0,23,24,2,23,6,2,22.2695,6,1,23,6,1,23,6
115.1,0,23,6,1,23,6,2,23,6,0,23,9,1,23,6,2,23,6,0,23,6,1,23,6,2,23,6,1,23,6,0,23,18,0,23,6,1,23,24,2,23,6,2,23,6
115.2,0,23,6,1,23,6,2,23,6,0,23,9,1,23,6,2,23,6,0,23,6,1,23,6,2,23,6,1,23,6,0,23,18,0,23,6,1,23,24,2,23,6,2,23,6
115.3,0,23,6,1,23,6,2,23,6,0,23,9,1,23,6,2,23,6,0,23,6,1,23,6,2,23,6,1,23,6,0,23,18,0,23,6,1,23,24,2,23,6,2,23,6
115.4,0,23,6,1,23,6,2,23,6,0,23,9,1,23,6,2,23,6,0,23,6,1,23,6,2,23,6,1,23,6,0,23,18,0,23,6,1,23,24,2,23,6,2,23,6
115.5,0,23,6,1,23,6,2,23,6,0,23,9,1,23,6,2,23,6,0,23,6,1,23,6,2,23,6,1,23,6,0,23,18,0,23,6,1,23,24,2,23,6,2,23,6
115.6,1,23,6,0,23,6,2,23,6,1,23,6,1,23,6,0,23,6,0,23,6,2,23,6,2,23,6,2,23,6,0,23,18,1,23,6,1,23,6,0,23,6,2,23,6
115.7,1,23,6,0,23,6,2,23,6,1,23,6,1,23,6,0,23,6,0,23,6,2,23,6,2,23,6,2,23,6,0,23,18,1,23,6,1,23,6,0,23,6,2,23,6
115.8,1,23,6,0,23,6,2,23,6,1,23,6,1,23,6,0,23,6,0,23,6,2,23,6,2,23,6,2,23,6,0,23,18,1,23,6,1,23,6,0,23,6,2,23,6
115.9,1,23,6,0,23,6,2,23,6,1,23,6,1,23,6,0,23,6,0,23,6,2,23,6,2,23,6,2,23,6,0,23,18,1,23,6,1,23,6,0,23,6,2,23,6
116,1,23,6,0,23,6,2,23,6,1,23,6,1,23,6,0,23,6,0,23,6,2,23,6,2,23,6,2,23,6,0,23,18,1,23,6,1,23,6,0,23,6,2,23,6
116.1,1,23,6,0,23,6,2,23,6,1,23,6,1,23,6,0,23,6,0,23,6,2,23,6,2,23,6,2,23,6,0,23,6,1,23,6,1,23,6,0,23,6,2,23,6
116.2,1,23,6,0,23,6,2,23,6,1,23,6,1,23,6,0,23,6,0,23,6,2,23,6,2,23,6,2,23,6,0,23,6,1,23,6,1,23,6,0,23,6,2,23,6
116.3,1,23,6,0,23,6,2,23,6,1,23,6,1,23,6,0,23,6,0,23,6,2,23,6,2,23,6,2,23,6,0,23,6,1,23,6,1,23,6,0,23,6,2,23,6
116.4,1,23,6,0,23,6,2,23,6,1,23,6,1,23,6,0,23,6,0,23,6,2,23,6,2,23,6,2,23,6,0,23,6,1,23,6,1,23,6,0,23,6,2,23,6
116.5,1,23,6,0,23,6,2,23,6,1,23,6,1,23,6,0,23,6,0,23,6,2,23,6,2,23,6,2,23,6,0,23,6,1,23,6,1,23,6,0,23,6,2,23,6
116.6,1,23,6,0,23,6,2,23,6,1,23,6,1,23,6,2,23,6,0,23,6,0,23,6,2,23,6,0,23,6,1,23,6,1,23,6,0,23,6,2,23,6,2,23,6
116.7,1,23,6,0,23,6,2,23,6,1,23,6,1,23,6,2,23,6,0,23,6,0,23,6,2,23,6,0,23,6,1,23,6,1,23,6,0,23,6,2,23,6,2,23,6
116.8,1,23,6,0,23,6,2,23,6,1,23,6,1,23,6,2,23,6,0,23,6,0,23,6,2,23,6,0,23,6,1,23,6,1,23,6,0,23,6,2,23,6,2,23,6
116.9,1,23,6,0,23,6,2,23,6,1,23,6,1,23,6,2,23,6,0,23,6,0,23,6,2,23,6,0,23,6,1,23,6,1,23,6,0,23,6,2,23,6,2,23,6
117,1,23,6,0,23,6,2,23,6,1,23,6,1,23,6,2,23,6,0,23,6,0,23,6,2,23,6,0,23,6,1,23,6,1,23,6,0,23,6,2,23,6,2,23,6
117.1,1,23,6,0,23,6,2,23,6,2,23,6,1,23,6,1,23,6,0,23,6,0,23,6,2,23,6,2,23,6,1,23,6,0,23,6,0,23,6,1,23,6,2,23,6
117.2,1,23,6,0,23,6,2,23,6,2,23,6,1,23,6,1,23,6,0,23,6,0,23,6,2,23,6,2,23,6,1,23,6,0,23,6,0,23,6,1,23,6,2,23,6
117.3,1,23,6,0,23,6,2,23,6,2,23,6,1,23,6,1,23,6,0,23,6,0,23,6,2,23,6,2,23,6,1,23,6,0,23,6,0,23,6,1,23,6,2,23,6
117.4,1,23,6,0,23,6,2,23,6,2,23,6,1,23,6,1,23,6,0,23,6,0,23,6,2,23,6,2,23,6,1,23,6,0,23,6,0,23,6,1,23,6,2,23,6
117.5,1,23,6,0,23,6,2,23,6,2,23,6,1,23,6,1,23,6,0,23,6,0,23,6,2,23,6,2,23,6,1,23,6,0,23,6,0,23,6,1,23,6,2,23,6
117.6,1,23,6,0,23,6,2,23,6,1,23,6,1,23,6,0,23,6,0,23,6,0,23,6,2,23,6,2,23,6,1,23,6,1,23,6,0,23,6,2,23,6,2,23,6
117.7,1,23,6,0,23,6,2,23,6,1,23,6,1,23,6,0,23,6,0,23,6,0,23,6,2,23,6,2,23,6,1,23,6,1,23,6,0,23,6,2,23,6,2,23,6
117.8,1,23,6,0,23,6,2,23,6,1,23,6,1,23,6,0,23,6,0,23,6,0,23,6,2,23,6,2,23,6,1,23,6,1,23,6,0,23,6,2,23,6,2,23,6
117.9,1,23,6,0,23,6,2,23,6,1,23,6,1,23,6,0,23,6,0,23,6,0,23,6,2,23,6,2,23,6,1,23,6,1,23,6,0,23,6,2,23,6,2,23,6
118,1,23,6,0,23,6,2,23,6,1,23,6,1,23,6,0,23,6,0,23,6,0,23,6,2,23,6,2,23,6,1,23,6,1,23,6,0,23,6,2,23,6,2,23,6
118.1,1,23,6,0,23,6,2,23,6,1,23,6,1,23,6,0,23,6,0,23,6,0,23,6,2,23,6,2,23,6,0,23,6,1,23,6,1,23,6,2,23,6,2,23,6
118.2,1,23,6,0,23,6,2,23,6,1,23,6,1,23,6,0,23,6,0,23,6,0,23,6,2,23,6,2,23,6,0,23,6,1,23,6,1,23,6,2,23,6,2,23,6
118.3,1,23,6,0,23,6,2,23,6,1,23,6,1,23,6,0,23,6,0,23,6,0,23,6,2,23,6,2,23,6,0,23,6,1,23,6,1,23,6,2,23,6,2,23,6
118.4,1,23,6,0,23,6,2,23,6,1,23,6,1,23,6,0,23,6,0,23,6,0,23,6,2,23,6,2,23,6,0,23,6,1,23,6,1,23,6,2,23,6,2,23,6
118.5,1,23,6,0,23,6,2,23,6,1,23,6,1,23,6,0,23,6,0,23,6,0,23,6,2,23,6,2,23,6,0,23,6,1,23,6,1,23,6,2,23,6,2,23,6
118.6,1,23,6,0,23,6,2,23,6,1,23,6,1,23,6,0,23,6,0,23,6,0,23,6,2,23,6,2,23,6,0,23,6,1,23,6,1,23,6,2,23,6,2,23,6
118.7,1,23,6,0,23,6,2,23,6,1,23,6,1,23,6,0,23,6,0,23,6,0,23,6,2,23,6,2,23,6,0,23,6,1,23,6,1,23,6,2,23,6,2,23,6
118.8,1,23,6,0,23,6,2,23,6,1,23,6,1,23,6,0,23,6,0,23,6,0,23,6,2,23,6,2,23,6,0,23,6,1,23,6,1,23,6,2,23,6,2,23,6
118.9,1,23,6,0,23,6,2,23,6,1,23,6,1,23,6,0,23,6,0,23,6,0,23,6,2,23,6,2,23,6,0,23,6,1,23,6,1,23,6,2,23,6,2,23,6
119,1,23,6,0,23,6,2,23,6,1,23,6,1,23,6,0,23,6,0,23,6,0,23,6,2,23,6,2,23,6,0,23,6,1,23,6,1,23,6,2,23,6,2,23,6
119.1,1,23,6,0,23,6,2,23,6,1,23,6,1,23,6,2,23,6,0,23,6,0,23,6,2,23,6,2,23,6,0,23,6,1,23,6,1,23,6,0,23,6,2,23,6
119.2,1,23,6,0,23,6,2,23,6,1,23,6,1,23,6,2,23,6,0,23,6,0,23,6,2,23,6,2,23,6,0,23,6,1,23,6,1,23,6,0,23,6,2,23,6
119.3,1,23,6,0,23,6,2,23,6,1,23,6,1,23,6,2,23,6,0,23,6,0,23,6,2,23,6,2,23,6,0,23,6,1,23,6,1,23,6,0,23,6,2,23,6
119.4,1,23,6,0,23,6,2,23,6,1,23,6,1,23,6,2,23,6,0,23,6,0,23,6,2,23,6,2,23,6,0,23,6,1,23,6,1,23,6,0,23,6,2,23,6
119.5,1,23,6,0,23,6,2,23,6,1,23,6,1,23,6,2,23,6,0,23,6,0,23,6,2,23,6,2,23,6,0,23,6,1,23,6,1,23,6,0,23,6,2,23,6
119.6,1,23,6,0,23,6,2,23,6,1,23,6,0,23,6,2,23,6,1,23,6,0,23,6,2,23,6,1,23,6,1,23,6,0,23,6,0,23,6,2,23,6,2,23,6
119.7,1,23,6,0,23,6,2,23,6,1,23,6,0,23,6,2,23,6,1,23,6,0,23,6,2,23,6,1,23,6,1,23,6,0,23,6,0,23,6,2,23,6,2,23,6
119.8,1,23,6,0,23,6,2,23,6,1,23,6,0,23,6,2,23,6,1,23,6,0,23,6,2,23,6,1,23,6,1,23,6,0,23,6,0,23,6,2,23,6,2,23,6
119.9,1,23,6,0,23,6,2,23,6,1,23,6,0,23,6,2,23,6,1,23,6,0,23,6,2,23,6,1,23,6,1,23,6,0,23,6,0,23,6,2,23,6,2,23,6
120,1,23,6,0,23,6,2,23,6,1,23,6,0,23,6,2,23,6,1,23,6,0,23,6,2,23,6,1,23,6,1,23,6,0,23,6,0,23,6,2,23,6,2,23,6
120.1,0,23,6,1,23,6,2,23,6,0,23,6,0,23,6,1,23,6,1,23,6,2,23,6,2,23,6,0,23,6,1,23,6,2,23,6,0,23,6,1,23,6,2,23,6
120.2,0,23,6,1,23,6,2,23,6,0,23,6,0,23,6,1,23,6,1,23,6,2,23,6,2,23,6,0,23,6,1,23,6,2,23,6,0,23,6,1,23,6,2,23,6
120.3,0,23,6,1,23,6,2,23,6,0,23,6,0,23,6,1,23,6,1,23,6,2,23,6,2,23,6,0,23,6,1,23,6,2,23,6,0,23,6,1,23,6,2,23,6
120.4,0,23,6,1,23,6,2,23,6,0,23,6,0,23,6,1,23,6,1,23,6,2,23,6,2,23,6,0,23,6,1,23,6,2,23,6,0,23,6,1,23,6,2,23,6
120.5,0,23,6,1,23,6,2,23,6,0,23,6,0,23,6,1,23,6,1,23,6,2,23,6,2,23,6,0,23,6,1,23,6,2,23,6,0,23,6,1,23,6,2,23,6
120.6,1,23,6,0,23,6,2,23,6,1,23,6,0,23,6,2,23,6,1,23,6,0,23,6,2,23,6,1,23,6,1,23,6,0,23,6,2,23,6,2,23,6,0,23,6
120.7,1,23,6,0,23,6,2,23,6,1,23,6,0,23,6,2,23,6,1,23,6,0,23,6,2,23,6,1,23,6,1,23,6,0,23,6,2,23,6,2,23,6,0,23,6
120.8,1,23,6,0,23,6,2,23,6,1,23,6,0,23,6,2,23,6,1,23,6,0,23,6,2,23,6,1,23,6,1,23,6,0,23,6,2,23,6,2,23,6,0,23,6
120.9,1,23,6,0,23,6,2,23,6,1,23,6,0,23,6,2,23,6,1,23,6,0,23,6,2,23,6,1,23,6,1,23,6,0,23,6,2,23,6,2,23,6,0,23,6
121,1,23,6,0,23,6,2,23,6,1,23,6,0,23,6,2,23,6,1,23,6,0,23,6,2,23,6,1,23,6,1,23,6,0,23,6,2,23,6,2,23,6,0,23,6
121.1,2,23,6,1,23,6,0,23,6,2,23,6,2,23,6,0,23,6,1,23,6,1,23,6,0,23,6,2,23,6,1,23,6,1,23,6,0,23,6,0,23,6,2,23,6
121.2,2,23,6,1,23,6,0,23,6,2,23,6,2,23,6,0,23,6,1,23,6,1,23,6,0,23,6,2,23,6,1,23,6,1,23,6,0,23,6,0,23,6,2,23,6
121.3,2,23,6,1,23,6,0,23,6,2,23,6,2,23,6,0,23,6,1,23,6,1,23,6,0,23,6,2,23,6,1,23,6,1,23,6,0,23,6,0,23,6,2,23,6
121.4,2,23,6,1,23,6,0,23,6,2,23,6,2,23,6,0,23,6,1,23,6,1,23,6,0,23,6,2,23,6,1,23,6,1,23,6,0,23,6,0,23,6,2,23,6
121.5,2,23,6,1,23,6,0,23,6,2,23,6,2,23,6,0,23,6,1,23,6,1,23,6,0,23,6,2,23,6,1,23,6,1,23,6,0,23,6,0,23,6,2,23,6
121.6,1,23,6,2,23,6,0,23,6,1,23,6,2,23,6,2,23,6,1,23,6,0,23,6,0,23,6,2,23,6,2,23,6,1,23,6,0,23,6,0,23,6,1,23,6
121.7,1,23,6,2,23,6,0,23,6,1,23,6,2,23,6,2,23,6,1,23,6,0,23,6,0,23,6,2,23,6,2,23,6,1,23,6,0,23,6,0,23,6,1,23,6
121.8,1,23,6,2,23,6,0,23,6,1,23,6,2,23,6,2,23,6,1,23,6,0,23,6,0,23,6,2,23,6,2,23,6,1,23,6,0,23,6,0,23,6,1,23,6
121.9,1,23,6,2,23,6,0,23,6,1,23,6,2,23,6,2,23,6,1,23,6,0,23,6,0,23,6,2,23,6,2,23,6,1,23,6,0,23,6,0,23,6,1,23,6
122,1,23,6,2,23,6,0,23,6,1,23,6,2,23,6,2,23,6,1,23,6,0,23,6,0,23,6,2,23,6,2,23,6,1,23,6,0,23,6,0,23,6,1,23,6
122.1,1,23,6,0,23,6,2,23,6,1,23,6,1,23,6,0,23,6,0,23,6,2,23,6,2,23,6,0,23,6,1,23,6,1,23,6,2,23,6,2,23,6,0,23,6
122.2,1,23,6,0,23,6,2,23,6,1,23,6,1,23,6,0,23,6,0,23,6,2,23,6,2,23,6,0,23,6,1,23,6,1,23,6,2,23,6,2,23,6,0,23,6
122.3,1,23,6,0,23,6,2,23,6,1,23,6,1,23,6,0,23,6,0,23,6,2,23,6,2,23,6,0,23,6,1,23,6,1,23,6,2,23,6,2,23,6,0,23,6
122.4,1,23,6,0,23,6,2,23,6,1,23,6,1,23,6,0,23,6,0,23,6,2,23,6,2,23,6,0,23,6,1,23,6,1,23,6,2,23,6,2,23,6,0,23,6
122.5,1,23,6,0,23,6,2,23,6,1,23,6,1,23,6,0,23,6,0,23,6,2,23,6,2,23,6,0,23,6,1,23,6,1,23,6,2,23,6,2,23,6,0,23,6
122.6,1,23,6,0,23,6,2,23,6,1,23,6,1,23,6,0,23,6,0,23,6,2,23,6,2,23,6,0,23,6,1,23,6,1,23,6,2,23,6,2,23,6,0,23,6
122.7,1,23,6,0,23,6,2,23,6,1,23,6,1,23,6,0,23,6,0,23,6,2,23,6,2,23,6,0,23,6,1,23,6,1,23,6,2,23,6,2,23,6,0,23,6
122.8,1,23,6,0,23,6,2,23,6,1,23,6,1,23,6,0,23,6,0,23,6,2,23,6,2,23,6,0,23,6,1,23,6,1,23,6,2,23,6,2,23,6,0,23,6
122.9,1,23,6,0,23,6,2,23,6,1,23,6,1,23,6,0,23,6,0,23,6,2,23,6,2,23,6,0,23,6,1,23,6,1,23,6,2,23,6,2,23,6,0,23,6
123,1,23,6,0,23,6,2,23,6,1,23,6,1,23,6,0,23,6,0,23,6,2,23,6,2,23,6,0,23,6,1,23,6,1,23,6,2,23,6,2,23,6,0,23,6
123.1,1,23,6,0,23,6,2,23,6,2,23,6,1,23,6,1,23,6,0,23,6,0,23,6,0,23,6,1,23,6,2,23,6,2,23,6,1,23,6,0,23,6,1,23,6
123.2,1,23,6,0,23,6,2,23,6,2,23,6,1,23,6,1,23,6,0,23,6,0,23,6,0,23,6,1,23,6,2,23,6,2,23,6,1,23,6,0,23,6,1,23,6
123.3,1,23,6,0,23,6,2,23,6,2,23,6,1,23,6,1,23,6,0,23,6,0,23,6,0,23,6,1,23,6,2,23,6,2,23,6,1,23,6,0,23,6,1,23,6
123.4,1,23,6,0,23,6,2,23,6,2,23,6,1,23,6,1,23,6,0,23,6,0,23,6,0,23,6,1,23,6,2,23,6,2,23,6,1,23,6,0,23,6,1,23,6
123.5,1,23,6,0,23,6,2,23,6,2,23,6,1,23,6,1,23,6,0,23,6,0,23,6,0,23,6,1,23,6,2,23,6,2,23,6,1,23,6,0,23,6,1,23,6
123.6,0,23,6,2,23,6,1,23,6,0,23,6,2,23,6,1,23,6,0,23,6,2,23,6,0,23,6,1,23,6,1,23,6,0,23,6,2,23,6,2,23,6,1,23,6
123.7,0,23,6,2,23,6,1,23,6,0,23,6,2,23,6,1,23,6,0,23,6,2,23,6,0,23,6,1,23,6,1,23,6,0,23,6,2,23,6,2,23,6,1,23,6
123.8,0,23,6,2,23,6,1,23,6,0,23,6,2,23,6,1,23,6,0,23,6,2,23,6,0,23,6,1,23,6,1,23,6,0,23,6,2,23,6,2,23,6,1,23,6
123.9,0,23,6,2,23,6,1,23,6,0,23,6,2,23,6,1,23,6,0,23,6,2,23,6,0,23,6,1,23,6,1,23,6,0,23,6,2,23,6,2,23,6,1,23,6
124,0,23,6,2,23,6,1,23,6,0,23,6,2,23,6,1,23,6,0,23,6,2,23,6,0,23,6,1,23,6,1,23,6,0,23,6,2,23,6,2,23,6,1,23,6
124.1,0,23,6,2,23,6,1,23,6,0,23,6,2,23,6,1,23,6,0,23,6,2,23,6,0,23,6,1,23,6,1,23,6,0,23,6,2,23,6,2,23,6,1,23,6
124.2,0,23,6,2,23,6,1,23,6,0,23,6,2,23,6,1,23,6,0,23,6,2,23,6,0,23,6,1,23,6,1,23,6,0,23,6,2,23,6,2,23,6,1,23,6
124.3,0,23,6,2,23,6,1,23,6,0,23,6,2,23,6,1,23,6,0,23,6,2,23,6,0,23,6,1,23,6,1,23,6,0,23,6,2,23,6,2,23,6,1,23,6
124.4,0,23,6,2,23,6,1,23,6,0,23,6,2,23,6,1,23,6,0,23,6,2,23,6,0,23,6,1,23,6,1,23,6,0,23,6,2,23,6,2,23,6,1,23,6
124.5,0,23,6,2,23,6,1,23,6,0,23,6,2,23,6,1,23,6,0,23,6,2,23,6,0,23,6,1,23,6,1,23,6,0,23,6,2,23,6,2,23,6,1,23,6
124.6,0,23,6,2,23,6,1,23,6,0,23,6,2,23,6,1,23,6,0,23,6,2,23,6,0,23,6,1,23,6,1,23,6,0,23,6,2,23,6,2,23,6,1,23,6
124.7,0,23,6,2,23,6,1,23,6,0,23,6,2,23,6,1,23,6,0,23,6,2,23,6,0,23,6,1,23,6,1,23,6,0,23,6,2,23,6,2,23,6,1,23,6
124.8,0,23,6,2,23,6,1,23,6,0,23,6,2,23,6,1,23,6,0,23,6,2,23,6,0,23,6,1,23,6,1,23,6,0,23,6,2,23,6,2,23,6,1,23,6
124.9,0,23,6,2,23,6,1,23,6,0,23,6,2,23,6,1,23,6,0,23,6,2,23,6,0,23,6,1,23,6,1,23,6,0,23,6,2,23,6,2,23,6,1,23,6
125,0,23,6,2,23,6,1,23,6,0,23,6,2,23,6,1,23,6,0,23,6,2,23,6,0,23,6,1,23,6,1,23,6,0,23,6,2,23,6,2,23,6,1,23,6
125.1,1,23,6,0,23,6,2,23,6,2,23,6,1,23,6,0,23,6,0,23,6,1,23,6,1,23,6,0,23,6,2,23,6,2,23,6,0,23,6,1,23,6,2,23,6
125.2,1,23,6,0,23,6,2,23,6,2,23,6,1,23,6,0,23,6,0,23,6,1,23,6,1,23,6,0,23,6,2,23,6,2,23,6,0,23,6,1,23,6,2,23,6
125.3,1,23,6,0,23,6,2,23,6,2,23,6,1,23,6,0,23,6,0,23,6,1,23,6,1,23,6,0,23,6,2,23,6,2,23,6,0,23,6,1,23,6,2,23,6
125.4,1,23,6,0,23,6,2,23,6,2,23,6,1,23,6,0,23,6,0,23,6,1,23,6,1,23,6,0,23,6,2,23,6,2,23,6,0,23,6,1,23,6,2,23,6
125.5,1,23,6,0,23,6,2,23,6,2,23,6,1,23,6,0,23,6,0,23,6,1,23,6,1,23,6,0,23,6,2,23,6,2,23,6,0,23,6,1,23,6,2,23,6
125.6,1,23,6,0,23,6,2,23,6,2,23,6,1,23,6,0,23,6,0,23,6,1,23,6,1,23,6,0,23,6,2,23,6,2,23,6,0,23,6,1,23,6,2,23,6
125.7,1,23,6,0,23,6,2,23,6,2,23,6,1,23,6,0,23,6,0,23,6,1,23,6,1,23,6,0,23,6,2,23,6,2,23,6,0,23,6,1,23,6,2,23,6
125.8,1,23,6,0,23,6,2,23,6,2,23,6,1,23,6,0,23,6,0,23,6,1,23,6,1,23,6,0,23,6,2,23,6,2,23,6,0,23,6,1,23,6,2,23,6
125.9,1,23,6,0,23,6,2,23,6,2,23,6,1,23,6,0,23,6,0,23,6,1,23,6,1,23,6,0,23,6,2,23,6,2,23,6,0,23,6,1,23,6,2,23,6
126,1,23,6,0,23,6,2,23,6,2,23,6,1,23,6,0,23,6,0,23,6,1,23,6,1,23,6,0,23,6,2,23,6,2,23,6,0,23,6,1,23,6,2,23,6
126.1,1,23,6,0,23,6,2,23,6,1,23,6,0,23,6,0,23,6,1,23,6,2,23,6,0,23,6,1,23,6,2,23,6,0,23,6,1,23,6,2,23,6,2,23,6
126.2,1,23,6,0,23,6,2,23,6,1,23,6,0,23,6,0,23,6,1,23,6,2,23,6,0,23,6,1,23,6,2,23,6,0,23,6,1,23,6,2,23,6,2,23,6
126.3,1,23,6,0,23,6,2,23,6,1,23,6,0,23,6,0,23,6,1,23,6,2,23,6,0,23,6,1,23,6,2,23,6,0,23,6,1,23,6,2,23,6,2,23,6
126.4,1,23,6,0,23,6,2,23,6,1,23,6,0,23,6,0,23,6,1,23,6,2,23,6,0,23,6,1,23,6,2,23,6,0,23,6,1,23,6,2,23,6,2,23,6
126.5,1,23,6,0,23,6,2,23,6,1,23,6,0,23,6,0,23,6,1,23,6,2,23,6,0,23,6,1,23,6,2,23,6,0,23,6,1,23,6,2,23,6,2,23,6
126.6,1,23,6,0,23,6,2,23,6,1,23,6,0,23,6,0,23,6,1,23,6,2,23,6,0,23,6,1,23,6,2,23,6,0,23,6,1,23,6,2,23,6,2,23,6
126.7,1,23,6,0,23,6,2,23,6,1,23,6,0,23,6,0,23,6,1,23,6,2,23,6,0,23,6,1,23,6,2,23,6,0,23,6,1,23,6,2,23,6,2,23,6
126.8,1,23,6,0,23,6,2,23,6,1,23,6,0,23,6,0,23,6,1,23,6,2,23,6,0,23,6,1,23,6,2,23,6,0,23,6,1,23,6,2,23,6,2,23,6
126.9,1,23,6,0,23,6,2,23,6,1,23,6,0,23,6,0,23,6,1,23,6,2,23,6,0,23,6,1,23,6,2,23,6,0,23,6,1,23,6,2,23,6,2,23,6
127,1,23,6,0,23,6,2,23,6,1,23,6,0,23,6,0,23,6,1,23,6,2,23,6,0,23,6,1,23,6,2,23,6,0,23,6,1,23,6,2,23,6,2,23,6
127.1,1,23,6,0,23,6,2,23,6,1,23,6,0,23,6,0,23,6,2,23,6,2,23,6,1,23,6,1,23,6,0,23,6,0,23,6,2,23,6,2,23,6,1,23,6
127.2,1,23,6,0,23,6,2,23,6,1,23,6,0,23,6,0,23,6,2,23,6,2,23,6,1,23,6,1,23,6,0,23,6,0,23,6,2,23,6,2,23,6,1,23,6
127.3,1,23,6,0,23,6,2,23,6,1,23,6,0,23,6,0,23,6,2,23,6,2,23,6,1,23,6,1,23,6,0,23,6,0,23,6,2,23,6,2,23,6,1,23,6
127.4,1,23,6,0,23,6,2,23,6,1,23,6,0,23,6,0,23,6,2,23,6,2,23,6,1,23,6,1,23,6,0,23,6,0,23,6,2,23,6,2,23,6,1,23,6
127.5,1,23,6,0,23,6,2,23,6,1,23,6,0,23,6,0,23,6,2,23,6,2,23,6,1,23,6,1,23,6,0,23,6,0,23,6,2,23,6,2,23,6,1,23,6
127.6,1,23,6,0,23,6,2,23,6,1,23,6,0,23,6,0,23,6,2,23,6,2,23,6,1,23,6,1,23,6,0,23,6,0,23,6,2,23,6,2,23,6,1,23,6
127.7,1,23,6,0,23,6,2,23,6,1,23,6,0,23,6,0,23,6,2,23,6,2,23,6,1,23,6,1,23,6,0,23,6,0,23,6,2,23,6,2,23,6,1,23,6
127.8,1,23,6,0,23,6,2,23,6,1,23,6,0,23,6,0,23,6,2,23,6,2,23,6,1,23,6,1,23,6,0,23,6,0,23,6,2,23,6,2,23,6,1,23,6
127.9,1,23,6,0,23,6,2,23,6,1,23,6,0,23,6,0,23,6,2,23,6,2,23,6,1,23,6,1,23,6,0,23,6,0,23,6,2,23,6,2,23,6,1,23,6
128,1,23,6,0,23,6,2,23,6,1,23,6,0,23,6,0,23,6,2,23,6,2,23,6,1,23,6,1,23,6,0,23,6,0,23,6,2,23,6,2,23,6,1,23,6
128.1,1,23,6,0,23,6,2,23,6,1,23,6,0,23,6,0,23,6,2,23,6,2,23,6,1,23,6,1,23,6,0,23,6,0,23,6,2,23,6,2,23,6,1,23,6
128.2,1,23,6,0,23,6,2,23,6,1,23,6,0,23,6,0,23,6,2,23,6,2,23,6,1,23,6,1,23,6,0,23,6,0,23,6,2,23,6,2,23,6,1,23,6
128.3,1,23,6,0,23,6,2,23,6,1,23,6,0,23,6,0,23,6,2,23,6,2,23,6,1,23,6,1,23,6,0,23,6,0,23,6,2,23,6,2,23,6,1,23,6
128.4,1,23,6,0,23,6,2,23,6,1,23,6,0,23,6,0,23,6,2,23,6,2,23,6,1,23,6,1,23,6,0,23,6,0,23,6,2,23,6,2,23,6,1,23,6
128.5,1,23,6,0,23,6,2,23,6,1,23,6,0,23,6,0,23,6,2,23,6,2,23,6,1,23,6,1,23,6,0,23,6,0,23,6,2,23,6,2,23,6,1,23,6
128.6,1,23,6,0,23,6,2,23,6,1,23,6,0,23,6,0,23,6,2,23,6,2,23,6,1,23,6,1,23,6,0,23,6,0,23,6,2,23,6,2,23,6,1,23,6
128.7,1,23,6,0,23,6,2,23,6,1,23,6,0,23,6,0,23,6,2,23,6,2,23,6,1,23,6,1,23,6,0,23,6,0,23,6,2,23,6,2,23,6,1,23,6
128.8,1,23,6,0,23,6,2,23,6,1,23,6,0,23,6,0,23,6,2,23,6,2,23,6,1,23,6,1,23,6,0,23,6,0,23,6,2,23,6,2,23,6,1,23,6
128.9,1,23,6,0,23,6,2,23,6,1,23,6,0,23,6,0,23,6,2,23,6,2,23,6,1,23,6,1,23,6,0,23,6,0,23,6,2,23,6,2,23,6,1,23,6
129,1,23,6,0,23,6,2,23,6,1,23,6,0,23,6,0,23,6,2,23,6,2,23,6,1,23,6,1,23,6,0,23,6,0,23,6,2,23,6,2,23,6,1,23,6
129.1,1,23,6,0,23,6,2,23,6,1,23,6,0,23,6,0,23,6,2,23,6,2,23,6,1,23,6,1,23,6,0,23,6,0,23,6,2,23,6,2,23,6,1,23,6
129.2,1,23,6,0,23,6,2,23,6,1,23,6,0,23,6,0,23,6,2,23,6,2,23,6,1,23,6,1,23,6,0,23,6,0,23,6,2,23,6,2,23,6,1,23,6
129.3,1,23,6,0,23,6,2,23,6,1,23,6,0,23,6,0,23,6,2,23,6,2,23,6,1,23,6,1,23,6,0,23,6,0,23,6,2,23,6,2,23,6,1,23,6
129.4,1,23,6,0,23,6,2,23,6,1,23,6,0,23,6,0,23,6,2,23,6,2,23,6,1,23,6,1,23,6,0,23,6,0,23,6,2,23,6,2,23,6,1,23,6
129.5,1,23,6,0,23,6,2,23,6,1,23,6,0,23,6,0,23,6,2,23,6,2,23,6,1,23,6,1,23,6,0,23,6,0,23,6,2,23,6,2,23,6,1,23,6
129.6,1,23,6,0,23,6,2,23,6,1,23,6,0,23,6,0,23,6,2,23,6,2,23,6,1,23,6,1,23,6,0,23,6,0,23,6,2,23,6,2,23,6,1,23,6
129.7,1,23,6,0,23,6,2,23,6,1,23,6,0,23,6,0,23,6,2,23,6,2,23,6,1,23,6,1,23,6,0,23,6,0,23,6,2,23,6,2,23,6,1,23,6
129.8,1,23,6,0,23,6,2,23,6,1,23,6,0,23,6,0,23,6,2,23,6,2,23,6,1,23,6,1,23,6,0,23,6,0,23,6,2,23,6,2,23,6,1,23,6
129.9,1,23,6,0,23,6,2,23,6,1,23,6,0,23,6,0,23,6,2,23,6,2,23,6,1,23,6,1,23,6,0,23,6,0,23,6,2,23,6,2,23,6,1,23,6
130,1,23,6,0,23,6,2,23,6,1,23,6,0,23,6,0,23,6,2,23,6,2,23,6,1,23,6,1,23,6,0,23,6,0,23,6,2,23,6,2,23,6,1,23,6
130.1,1,23,6,0,23,6,2,23,6,1,23,6,0,23,6,0,23,6,2,23,6,2,23,6,1,23,6,1,23,6,0,23,6,0,23,6,2,23,6,2,23,6,1,23,6
130.2,1,23,6,0,23,6,2,23,6,1,23,6,0,23,6,0,23,6,2,23,6,2,23,6,1,23,6,1,23,6,0,23,6,0,23,6,2,23,6,2,23,6,1,23,6
130.3,1,23,6,0,23,6,2,23,6,1,23,6,0,23,6,0,23,6,2,23,6,2,23,6,1,23,6,1,23,6,0,23,6,0,23,6,2,23,6,2,23,6,1,23,6
130.4,1,23,6,0,23,6,2,23,6,1,23,6,0,23,6,0,23,6,2,23,6,2,23,6,1,23,6,1,23,6,0,23,6,0,23,6,2,23,6,2,23,6,1,23,6
130.5,1,23,6,0,23,6,2,23,6,1,23,6,0,23,6,0,23,6,2,23,6,2,23,6,1,23,6,1,23,6,0,23,6,0,23,6,2,23,6,2,23,6,1,23,6
130.6,1,23,6,0,23,6,2,23,6,1,23,6,0,23,6,0,23,6,2,23,6,2,23,6,1,23,6,1,23,6,0,23,6,0,23,6,2,23,6,2,23,6,1,23,6
130.7,1,23,6,0,23,6,2,23,6,1,23,6,0,23,6,0,23,6,2,23,6,2,23,6,1,23,6,1,23,6,0,23,6,0,23,6,2,23,6,2,23,6,1,23,6
130.8,1,23,6,0,23,6,2,23,6,1,23,6,0,23,6,0,23,6,2,23,6,2,23,6,1,23,6,1,23,6,0,23,6,0,23,6,2,23,6,2,23,6,1,23,6
130.9,1,23,6,0,23,6,2,23,6,1,23,6,0,23,6,0,23,6,2,23,6,2,23,6,1,23,6,1,23,6,0,23,6,0,23,6,2,23,6,2,23,6,1,23,6
131,1,23,6,0,23,6,2,23,6,1,23,6,0,23,6,0,23,6,2,23,6,2,23,6,1,23,6,1,23,6,0,23,6,0,23,6,2,23,6,2,23,6,1,23,6
131.1,1,23,6,0,23,6,2,23,6,1,23,6,0,23,6,0,23,6,2,23,6,2,23,6,1,23,6,1,23,6,0,23,6,0,23,6,2,23,6,2,23,6,1,23,6
131.2,1,23,6,0,23,6,2,23,6,1,23,6,0,23,6,0,23,6,2,23,6,2,23,6,1,23,6,1,23,6,0,23,6,0,23,6,2,23,6,2,23,6,1,23,6
131.3,1,23,6,0,23,6,2,23,6,1,23,6,0,23,6,0,23,6,2,23,6,2,23,6,1,23,6,1,23,6,0,23,6,0,23,6,2,23,6,2,23,6,1,23,6
131.4,1,23,6,0,23,6,2,23,6,1,23,6,0,23,6,0,23,6,2,23,6,2,23,6,1,23,6,1,23,6,0,23,6,0,23,6,2,23,6,2,23,6,1,23,6
131.5,1,23,6,0,23,6,2,23,6,1,23,6,0,23,6,0,23,6,2,23,6,2,23,6,1,23,6,1,23,6,0,23,6,0,23,6,2,23,6,2,23,6,1,23,6
131.6,1,23,6,0,23,6,2,23,6,1,23,6,0,23,6,0,23,6,2,23,6,2,23,6,1,23,6,1,23,6,0,23,6,0,23,6,2,23,6,2,23,6,1,23,6
131.7,1,23,6,0,23,6,2,23,6,1,23,6,0,23,6,0,23,6,2,23,6,2,23,6,1,23,6,1,23,6,0,23,6,0,23,6,2,23,6,2,23,6,1,23,6
131.8,1,23,6,0,23,6,2,23,6,1,23,6,0,23,6,0,23,6,2,23,6,2,23,6,1,23,6,1,23,6,0,23,6,0,23,6,2,23,6,2,23,6,1,23,6
131.9,1,23,6,0,23,6,2,23,6,1,23,6,0,23,6,0,23,6,2,23,6,2,23,6,1,23,6,1,23,6,0,23,6,0,23,6,2,23,6,2,23,6,1,23,6
132,1,23,6,0,23,6,2,23,6,1,23,6,0,23,6,0,23,6,2,23,6,2,23,6,1,23,6,1,23,6,0,23,6,0,23,6,2,23,6,2,23,6,1,23,6
132.1,1,23,6,0,23,6,2,23,6,1,23,6,0,23,6,0,23,6,2,23,6,2,23,6,1,23,6,1,23,6,0,23,6,0,23,6,2,23,6,2,23,6,1,23,6
132.2,1,23,6,0,23,6,2,23,6,1,23,6,0,23,6,0,23,6,2,23,6,2,23,6,1,23,6,1,23,6,0,23,6,0,23,6,2,23,6,2,23,6,1,23,6
132.3,1,23,6,0,23,6,2,23,6,1,23,6,0,23,6,0,23,6,2,23,6,2,23,6,1,23,6,1,23,6,0,23,6,0,23,6,2,23,6,2,23,6,1,23,6
132.4,1,23,6,0,23,6,2,23,6,1,23,6,0,23,6,0,23,6,2,23,6,2,23,6,1,23,6,1,23,6,0,23,6,0,23,6,2,23,6,2,23,6,1,23,6
132.5,1,23,6,0,23,6,2,23,6,1,23,6,0,23,6,0,23,6,2,23,6,2,23,6,1,23,6,1,23,6,0,23,6,0,23,6,2,23,6,2,23,6,1,23,6
132.6,1,23,6,0,23,6,2,23,6,1,23,6,0,23,6,0,23,6,2,23,6,2,23,6,1,23,6,1,23,6,0,23,6,0,23,6,2,23,6,2,23,6,1,23,6
132.7,1,23,6,0,23,6,2,23,6,1,23,6,0,23,6,0,23,6,2,23,6,2,23,6,1,23,6,1,23,6,0,23,6,0,23,6,2,23,6,2,23,6,1,23,6
132.8,1,23,6,0,23,6,2,23,6,1,23,6,0,23,6,0,23,6,2,23,6,2,23,6,1,23,6,1,23,6,0,23,6,0,23,6,2,23,6,2,23,6,1,23,6
132.9,1,23,6,0,23,6,2,23,6,1,23,6,0,23,6,0,23,6,2,23,6,2,23,6,1,23,6,1,23,6,0,23,6,0,23,6,2,23,6,2,23,6,1,23,6
133,1,23,6,0,23,6,2,23,6,1,23,6,0,23,6,0,23,6,2,23,6,2,23,6,1,23,6,1,23,6,0,23,6,0,23,6,2,23,6,2,23,6,1,23,6
133.1,1,23,6,0,23,6,2,23,6,1,23,6,0,23,6,0,23,6,2,23,6,2,23,6,1,23,6,1,23,6,0,23,6,0,23,6,2,23,6,2,23,6,1,23,6
133.2,1,23,6,0,23,6,2,23,6,1,23,6,0,23,6,0,23,6,2,23,6,2,23,6,1,23,6,1,23,6,0,23,6,0,23,6,2,23,6,2,23,6,1,23,6
133.3,1,23,6,0,23,6,2,23,6,1,23,6,0,23,6,0,23,6,2,23,6,2,23,6,1,23,6,1,23,6,0,23,6,0,23,6,2,23,6,2,23,6,1,23,6
133.4,1,23,6,0,23,6,2,23,6,1,23,6,0,23,6,0,23,6,2,23,6,2,23,6,1,23,6,1,23,6,0,23,6,0,23,6,2,23,6,2,23,6,1,23,6
133.5,1,23,6,0,23,6,2,23,6,1,23,6,0,23,6,0,23,6,2,23,6,2,23,6,1,23,6,1,23,6,0,23,6,0,23,6,2,23,6,2,23,6,1,23,6
133.6,1,23,6,0,23,6,2,23,6,1,23,6,0,23,6,0,23,6,2,23,6,2,23,6,1,23,6,1,23,6,0,23,6,0,23,6,2,23,6,2,23,6,1,23,6
133.7,1,23,6,0,23,6,2,23,6,1,23,6,0,23,6,0,23,6,2,23,6,2,23,6,1,23,6,1,23,6,0,23,6,0,23,6,2,23,6,2,23,6,1,23,6
133.8,1,23,6,0,23,6,2,23,6,1,23,6,0,23,6,0,23,6,2,23,6,2,23,6,1,23,6,1,23,6,0,23,6,0,23,6,2,23,6,2,23,6,1,23,6
133.9,1,23,6,0,23,6,2,23,6,1,23,6,0,23,6,0,23,6,2,23,6,2,23,6,1,23,6,1,23,6,0,23,6,0,23,6,2,23,6,2,23,6,1,23,6
134,1,23,6,0,23,6,2,23,6,1,23,6,0,23,6,0,23,6,2,23,6,2,23,6,1,23,6,1,23,6,0,23,6,0,23,6,2,23,6,2,23,6,1,23,6
134.1,1,23,6,0,23,6,2,23,6,1,23,6,0,23,6,0,23,6,2,23,6,2,23,6,1,23,6,1,23,6,0,23,6,0,23,6,2,23,6,2,23,6,1,23,6
134.2,1,23,6,0,23,6,2,23,6,1,23,6,0,23,6,0,23,6,2,23,6,2,23,6,1,23,6,1,23,6,0,23,6,0,23,6,2,23,6,2,23,6,1,23,6
134.3,1,23,6,0,23,6,2,23,6,1,23,6,0,23,6,0,23,6,2,23,6,2,23,6,1,23,6,1,23,6,0,23,6,0,23,6,2,23,6,2,23,6,1,23,6
134.4,1,23,6,0,23,6,2,23,6,1,23,6,0,23,6,0,23,6,2,23,6,2,23,6,1,23,6,1,23,6,0,23,6,0,23,6,2,23,6,2,23,6,1,23,6
134.5,1,23,6,0,23,6,2,23,6,1,23,6,0,23,6,0,23,6,2,23,6,2,23,6,1,23,6,1,23,6,0,23,6,0,23,6,2,23,6,2,23,6,1,23,6
134.6,1,23,6,0,23,6,2,23,6,1,23,6,0,23,6,0,23,6,2,23,6,2,23,6,1,23,6,1,23,6,0,23,6,0,23,6,2,23,6,2,23,6,1,23,6
134.7,1,23,6,0,23,6,2,23,6,1,23,6,0,23,6,0,23,6,2,23,6,2,23,6,1,23,6,1,23,6,0,23,6,0,23,6,2,23,6,2,23,6,1,23,6
134.8,1,23,6,0,23,6,2,23,6,1,23,6,0,23,6,0,23,6,2,23,6,2,23,6,1,23,6,1,23,6,0,23,6,0,23,6,2,23,6,2,23,6,1,23,6
134.9,1,23,6,0,23,6,2,23,6,1,23,6,0,23,6,0,23,6,2,23,6,2,23,6,1,23,6,1,23,6,0,23,6,0,23,6,2,23,6,2,23,6,1,23,6
135,1,23,6,0,23,6,2,23,6,1,23,6,0,23,6,0,23,6,2,23,6,2,23,6,1,23,6,1,23,6,0,23,6,0,23,6,2,23,6,2,23,6,1,23,6
135.1,1,23,6,0,23,6,2,23,6,1,23,6,0,23,6,0,23,6,2,23,6,2,23,6,1,23,6,1,23,6,0,23,6,0,23,6,2,23,6,2,23,6,1,23,6
135.2,1,23,6,0,23,6,2,23,6,1,23,6,0,23,6,0,23,6,2,23,6,2,23,6,1,23,6,1,23,6,0,23,6,0,23,6,2,23,6,2,23,6,1,23,6
135.3,1,23,6,0,23,6,2,23,6,1,23,6,0,23,6,0,23,6,2,23,6,2,23,6,1,23,6,1,23,6,0,23,6,0,23,6,2,23,6,2,23,6,1,23,6
135.4,1,23,6,0,23,6,2,23,6,1,23,6,0,23,6,0,23,6,2,23,6,2,23,6,1,23,6,1,23,6,0,23,6,0,23,6,2,23,6,2,23,6,1,23,6
135.5,1,23,6,0,23,6,2,23,6,1,23,6,0,23,6,0,23,6,2,23,6,2,23,6,1,23,6,1,23,6,0,23,6,0,23,6,2,23,6,2,23,6,1,23,6
135.6,1,23,6,0,23,6,2,23,6,1,23,6,0,23,6,0,23,6,2,23,6,2,23,6,1,23,6,1,23,6,0,23,6,0,23,6,2,23,6,2,23,6,1,23,6
135.7,1,23,6,0,23,6,2,23,6,1,23,6,0,23,6,0,23,6,2,23,6,2,23,6,1,23,6,1,23,6,0,23,6,0,23,6,2,23,6,2,23,6,1,23,6
135.8,1,23,6,0,23,6,2,23,6,1,23,6,0,23,6,0,23,6,2,23,6,2,23,6,1,23,6,1,23,6,0,23,6,0,23,6,2,23,6,2,23,6,1,23,6
135.9,1,23,6,0,23,6,2,23,6,1,23,6,0,23,6,0,23,6,2,23,6,2,23,6,1,23,6,1,23,6,0,23,6,0,23,6,2,23,6,2,23,6,1,23,6
136,1,23,6,0,23,6,2,23,6,1,23,6,0,23,6,0,23,6,2,23,6,2,23,6,1,23,6,1,23,6,0,23,6,0,23,6,2,23,6,2,23,6,1,23,6
136.1,1,23,6,0,23,6,2,23,6,1,23,6,0,23,6,0,23,6,2,23,6,2,23,6,1,23,6,1,23,6,0,23,6,0,23,6,2,23,6,2,23,6,1,23,6
136.2,1,23,6,0,23,6,2,23,6,1,23,6,0,23,6,0,23,6,2,23,6,2,23,6,1,23,6,1,23,6,0,23,6,0,23,6,2,23,6,2,23,6,1,23,6
136.3,1,23,6,0,23,6,2,23,6,1,23,6,0,23,6,0,23,6,2,23,6,2,23,6,1,23,6,1,23,6,0,23,6,0,23,6,2,23,6,2,23,6,1,23,6
136.4,1,23,6,0,23,6,2,23,6,1,23,6,0,23,6,0,23,6,2,23,6,2,23,6,1,23,6,1,23,6,0,23,6,0,23,6,2,23,6,2,23,6,1,23,6
136.5,1,23,6,0,23,6,2,23,6,1,23,6,0,23,6,0,23,6,2,23,6,2,23,6,1,23,6,1,23,6,0,23,6,0,23,6,2,23,6,2,23,6,1,23,6
136.6,1,23,6,0,23,6,2,23,6,1,23,6,0,23,6,0,23,6,2,23,6,2,23,6,1,23,6,1,23,6,0,23,6,0,23,6,2,23,6,2,23,6,1,23,6
136.7,1,23,6,0,23,6,2,23,6,1,23,6,0,23,6,0,23,6,2,23,6,2,23,6,1,23,6,1,23,6,0,23,6,0,23,6,2,23,6,2,23,6,1,23,6
136.8,1,23,6,0,23,6,2,23,6,1,23,6,0,23,6,0,23,6,2,23,6,2,23,6,1,23,6,1,23,6,0,23,6,0,23,6,2,23,6,2,23,6,1,23,6
136.9,1,23,6,0,23,6,2,23,6,1,23,6,0,23,6,0,23,6,2,23,6,2,23,6,1,23,6,1,23,6,0,23,6,0,23,6,2,23,6,2,23,6,1,23,6
137,1,23,6,0,23,6,2,23,6,1,23,6,0,23,6,0,23,6,2,23,6,2,23,6,1,23,6,1,23,6,0,23,6,0,23,6,2,23,6,2,23,6,1,23,6
137.1,1,23,6,0,23,6,2,23,6,1,23,6,0,23,6,0,23,6,2,23,6,2,23,6,1,23,6,1,23,6,0,23,6,0,23,6,2,23,6,2,23,6,1,23,6
137.2,1,23,6,0,23,6,2,23,6,1,23,6,0,23,6,0,23,6,2,23,6,2,23,6,1,23,6,1,23,6,0,23,6,0,23,6,2,23,6,2,23,6,1,23,6
137.3,1,23,6,0,23,6,2,23,6,1,23,6,0,23,6,0,23,6,2,23,6,2,23,6,1,23,6,1,23,6,0,23,6,0,23,6,2,23,6,2,23,6,1,23,6
137.4,1,23,6,0,23,6,2,23,6,1,23,6,0,23,6,0,23,6,2,23,6,2,23,6,1,23,6,1,23,6,0,23,6,0,23,6,2,23,6,2,23,6,1,23,6
137.5,1,23,6,0,23,6,2,23,6,1,23,6,0,23,6,0,23,6,2,23,6,2,23,6,1,23,6,1,23,6,0,23,6,0,23,6,2,23,6,2,23,6,1,23,6
137.6,1,23,6,0,23,6,2,23,6,1,23,6,0,23,6,0,23,6,2,23,6,2,23,6,1,23,6,1,23,6,0,23,6,0,23,6,2,23,6,2,23,6,1,23,6
137.7,1,23,6,0,23,6,2,23,6,1,23,6,0,23,6,0,23,6,2,23,6,2,23,6,1,23,6,1,23,6,0,23,6,0,23,6,2,23,6,2,23,6,1,23,6
137.8,1,23,6,0,23,6,2,23,6,1,23,6,0,23,6,0,23,6,2,23,6,2,23,6,1,23,6,1,23,6,0,23,6,0,23,6,2,23,6,2,23,6,1,23,6
137.9,1,23,6,0,23,6,2,23,6,1,23,6,0,23,6,0,23,6,2,23,6,2,23,6,1,23,6,1,23,6,0,23,6,0,23,6,2,23,6,2,23,6,1,23,6
138,1,23,6,0,23,6,2,23,6,1,23,6,0,23,6,0,23,6,2,23,6,2,23,6,1,23,6,1,23,6,0,23,6,0,23,6,2,23,6,2,23,6,1,23,6
138.1,1,23,6,0,23,6,2,23,6,1,23,6,0,23,6,0,23,6,2,23,6,2,23,6,1,23,6,1,23,6,0,23,6,0,23,6,2,23,6,2,23,6,1,23,6
138.2,1,23,6,0,23,6,2,23,6,1,23,6,0,23,6,0,23,6,2,23,6,2,23,6,1,23,6,1,23,6,0,23,6,0,23,6,2,23,6,2,23,6,1,23,6
138.3,1,23,6,0,23,6,2,23,6,1,23,6,0,23,6,0,23,6,2,23,6,2,23,6,1,23,6,1,23,6,0,23,6,0,23,6,2,23,6,2,23,6,1,23,6
138.4,1,23,6,0,23,6,2,23,6,1,23,6,0,23,6,0,23,6,2,23,6,2,23,6,1,23,6,1,23,6,0,23,6,0,23,6,2,23,6,2,23,6,1,23,6
138.5,1,23,6,0,23,6,2,23,6,1,23,6,0,23,6,0,23,6,2,23,6,2,23,6,1,23,6,1,23,6,0,23,6,0,23,6,2,23,6,2,23,6,1,23,6
138.6,1,23,6,0,23,6,2,23,6,1,23,6,0,23,6,0,23,6,2,23,6,2,23,6,1,23,6,1,23,6,0,23,6,0,23,6,2,23,6,2,23,6,1,23,6
138.7,1,23,6,0,23,6,2,23,6,1,23,6,0,23,6,0,23,6,2,23,6,2,23,6,1,23,6,1,23,6,0,23,6,0,23,6,2,23,6,2,23,6,1,23,6
138.8,1,23,6,0,23,6,2,23,6,1,23,6,0,23,6,0,23,6,2,23,6,2,23,6,1,23,6,1,23,6,0,23,6,0,23,6,2,23,6,2,23,6,1,23,6
138.9,1,23,6,0,23,6,2,23,6,1,23,6,0,23,6,0,23,6,2,23,6,2,23,6,1,23,6,1,23,6,0,23,6,0,23,6,2,23,6,2,23,6,1,23,6
139,1,23,6,0,23,6,2,23,6,1,23,6,0,23,6,0,23,6,2,23,6,2,23,6,1,23,6,1,23,6,0,23,6,0,23,6,2,23,6,2,23,6,1,23,6
139.1,1,23,6,0,23,6,2,23,6,1,23,6,0,23,6,0,23,6,2,23,6,2,23,6,1,23,6,1,23,6,0,23,6,0,23,6,2,23,6,2,23,6,1,23,6
139.2,1,23,6,0,23,6,2,23,6,1,23,6,0,23,6,0,23,6,2,23,6,2,23,6,1,23,6,1,23,6,0,23,6,0,23,6,2,23,6,2,23,6,1,23,6
139.3,1,23,6,0,23,6,2,23,6,1,23,6,0,23,6,0,23,6,2,23,6,2,23,6,1,23,6,1,23,6,0,23,6,0,23,6,2,23,6,2,23,6,1,23,6
139.4,1,23,6,0,23,6,2,23,6,1,23,6,0,23,6,0,23,6,2,23,6,2,23,6,1,23,6,1,23,6,0,23,6,0,23,6,2,23,6,2,23,6,1,23,6
139.5,1,23,6,0,23,6,2,23,6,1,23,6,0,23,6,0,23,6,2,23,6,2,23,6,1,23,6,1,23,6,0,23,6,0,23,6,2,23,6,2,23,6,1,23,6
139.6,1,23,6,0,23,6,2,23,6,1,23,6,0,23,6,0,23,6,2,23,6,2,23,6,1,23,6,1,23,6,0,23,6,0,23,6,2,23,6,2,23,6,1,23,6
139.7,1,23,6,0,23,6,2,23,6,1,23,6,0,23,6,0,23,6,2,23,6,2,23,6,1,23,6,1,23,6,0,23,6,0,23,6,2,23,6,2,23,6,1,23,6
139.8,1,23,6,0,23,6,2,23,6,1,23,6,0,23,6,0,23,6,2,23,6,2,23,6,1,23,6,1,23,6,0,23,6,0,23,6,2,23,6,2,23,6,1,23,6
139.9,1,23,6,0,23,6,2,23,6,1,23,6,0,23,6,0,23,6,2,23,6,2,23,6,1,23,6,1,23,6,0,23,6,0,23,6,2,23,6,2,23,6,1,23,6
140,1,23,6,0,23,6,2,23,6,1,23,6,0,23,6,0,23,6,2,23,6,2,23,6,1,23,6,1,23,6,0,23,6,0,23,6,2,23,6,2,23,6,1,23,6
140.1,1,23,6,0,23,6,2,23,6,1,23,6,0,23,6,0,23,6,2,23,6,2,23,6,1,23,6,1,23,6,0,23,6,0,23,6,2,23,6,2,23,6,1,23,6
140.2,1,23,6,0,23,6,2,23,6,1,23,6,0,23,6,0,23,6,2,23,6,2,23,6,1,23,6,1,23,6,0,23,6,0,23,6,2,23,6,2,23,6,1,23,6
140.3,1,23,6,0,23,6,2,23,6,1,23,6,0,23,6,0,23,6,2,23,6,2,23,6,1,23,6,1,23,6,0,23,6,0,23,6,2,23,6,2,23,6,1,23,6
140.4,1,23,6,0,23,6,2,23,6,1,23,6,0,23,6,0,23,6,2,23,6,2,23,6,1,23,6,1,23,6,0,23,6,0,23,6,2,23,6,2,23,6,1,23,6
140.5,1,23,6,0,23,6,2,23,6,1,23,6,0,23,6,0,23,6,2,23,6,2,23,6,1,23,6,1,23,6,0,23,6,0,23,6,2,23,6,2,23,6,1,23,6
140.6,1,23,6,0,23,6,2,23,6,1,23,6,0,23,6,0,23,6,2,23,6,2,23,6,1,23,6,1,23,6,0,23,6,0,23,6,2,23,6,2,23,6,1,23,6
140.7,1,23,6,0,23,6,2,23,6,1,23,6,0,23,6,0,23,6,2,23,6,2,23,6,1,23,6,1,23,6,0,23,6,0,23,6,2,23,6,2,23,6,1,23,6
140.8,1,23,6,0,23,6,2,23,6,1,23,6,0,23,6,0,23,6,2,23,6,2,23,6,1,23,6,1,23,6,0,23,6,0,23,6,2,23,6,2,23,6,1,23,6
140.9,1,23,6,0,23,6,2,23,6,1,23,6,0,23,6,0,23,6,2,23,6,2,23,6,1,23,6,1,23,6,0,23,6,0,23,6,2,23,6,2,23,6,1,23,6
141,1,23,6,0,23,6,2,23,6,1,23,6,0,23,6,0,23,6,2,23,6,2,23,6,1,23,6,1,23,6,0,23,6,0,23,6,2,23,6,2,23,6,1,23,6
141.1,1,23,6,0,23,6,2,23,6,1,23,6,0,23,6,0,23,6,2,23,6,2,23,6,1,23,6,1,23,6,0,23,6,0,23,6,2,23,6,2,23,6,1,23,6
141.2,1,23,6,0,23,6,2,23,6,1,23,6,0,23,6,0,23,6,2,23,6,2,23,6,1,23,6,1,23,6,0,23,6,0,23,6,2,23,6,2,23,6,1,23,6
141.3,1,23,6,0,23,6,2,23,6,1,23,6,0,23,6,0,23,6,2,23,6,2,23,6,1,23,6,1,23,6,0,23,6,0,23,6,2,23,6,2,23,6,1,23,6
141.4,1,23,6,0,23,6,2,23,6,1,23,6,0,23,6,0,23,6,2,23,6,2,23,6,1,23,6,1,23,6,0,23,6,0,23,6,2,23,6,2,23,6,1,23,6
141.5,1,23,6,0,23,6,2,23,6,1,23,6,0,23,6,0,23,6,2,23,6,2,23,6,1,23,6,1,23,6,0,23,6,0,23,6,2,23,6,2,23,6,1,23,6
141.6,1,23,6,0,23,6,2,23,6,1,23,6,0,23,6,0,23,6,1,23,6,2,23,6,0,23,6,1,23,6,2,23,6,0,23,6,1,23,6,2,23,6,0,23,6
141.7,1,23,6,0,23,6,2,23,6,1,23,6,0,23,6,0,23,6,1,23,6,2,23,6,0,23,6,1,23,6,2,23,6,0,23,6,1,23,6,2,23,6,0,23,6
141.8,1,23,6,0,23,6,2,23,6,1,23,6,0,23,6,0,23,6,1,23,6,2,23,6,0,23,6,1,23,6,2,23,6,0,23,6,1,23,6,2,23,6,0,23,6
141.9,1,23,6,0,23,6,2,23,6,1,23,6,0,23,6,0,23,6,1,23,6,2,23,6,0,23,6,1,23,6,2,23,6,0,23,6,1,23,6,2,23,6,0,23,6
142,1,23,6,0,23,6,2,23,6,1,23,6,0,23,6,0,23,6,1,23,6,2,23,6,0,23,6,1,23,6,2,23,6,0,23,6,1,23,6,2,23,6,0,23,6
142.1,1,23,6,0,23,6,2,23,6,1,23,6,0,23,6,0,23,6,1,23,6,2,23,6,0,23,6,1,23,6,2,23,6,0,23,6,1,23,6,2,23,6,0,23,6
142.2,1,23,6,0,23,6,2,23,6,1,23,6,0,23,6,0,23,6,1,23,6,2,23,6,0,23,6,1,23,6,2,23,6,0,23,6,1,23,6,2,23,6,0,23,6
142.3,1,23,6,0,23,6,2,23,6,1,23,6,0,23,6,0,23,6,1,23,6,2,23,6,0,23,6,1,23,6,2,23,6,0,23,6,1,23,6,2,23,6,0,23,6
142.4,1,23,6,0,23,6,2,23,6,1,23,6,0,23,6,0,23,6,1,23,6,2,23,6,0,23,6,1,23,6,2,23,6,0,23,6,1,23,6,2,23,6,0,23,6
142.5,1,23,6,0,23,6,2,23,6,1,23,6,0,23,6,0,23,6,1,23,6,2,23,6,0,23,6,1,23,6,2,23,6,0,23,6,1,23,6,2,23,6,0,23,6
142.6,1,23,6,0,23,6,2,23,6,1,23,6,0,23,6,0,23,6,1,23,6,2,23,6,0,23,6,1,23,6,2,23,6,0,23,6,1,23,6,2,23,6,0,23,6
142.7,1,23,6,0,23,6,2,23,6,1,23,6,0,23,6,0,23,6,1,23,6,2,23,6,0,23,6,1,23,6,2,23,6,0,23,6,1,23,6,2,23,6,0,23,6
142.8,1,23,6,0,23,6,2,23,6,1,23,6,0,23,6,0,23,6,1,23,6,2,23,6,0,23,6,1,23,6,2,23,6,0,23,6,1,23,6,2,23,6,0,23,6
142.9,1,23,6,0,23,6,2,23,6,1,23,6,0,23,6,0,23,6,1,23,6,2,23,6,0,23,6,1,23,6,2,23,6,0,23,6,1,23,6,2,23,6,0,23,6
143,1,23,6,0,23,6,2,23,6,1,23,6,0,23,6,0,23,6,1,23,6,2,23,6,0,23,6,1,23,6,2,23,6,0,23,6,1,23,6,2,23,6,0,23,6
143.1,1,23,6,0,23,6,2,23,6,1,23,6,0,23,6,0,23,6,1,23,6,2,23,6,0,23,6,1,23,6,2,23,6,0,23,6,1,23,6,2,23,6,0,23,6
143.2,1,23,6,0,23,6,2,23,6,1,23,6,0,23,6,0,23,6,1,23,6,2,23,6,0,23,6,1,23,6,2,23,6,0,23,6,1,23,6,2,23,6,0,23,6
143.3,1,23,6,0,23,6,2,23,6,1,23,6,0,23,6,0,23,6,1,23,6,2,23,6,0,23,6,1,23,6,2,23,6,0,23,6,1,23,6,2,23,6,0,23,6
143.4,1,23,6,0,23,6,2,23,6,1,23,6,0,23,6,0,23,6,1,23,6,2,23,6,0,23,6,1,23,6,2,23,6,0,23,6,1,23,6,2,23,6,0,23,6
143.5,1,23,6,0,23,6,2,23,6,1,23,6,0,23,6,0,23,6,1,23,6,2,23,6,0,23,6,1,23,6,2,23,6,0,23,6,1,23,6,2,23,6,0,23,6
143.6,1,23,6,0,23,6,2,23,6,1,23,6,0,23,6,0,23,6,1,23,6,2,23,6,0,23,6,1,23,6,2,23,6,0,23,6,1,23,6,2,23,6,0,23,6
143.7,1,23,6,0,23,6,2,23,6,1,23,6,0,23,6,0,23,6,1,23,6,2,23,6,0,23,6,1,23,6,2,23,6,0,23,6,1,23,6,2,23,6,0,23,6
143.8,1,23,6,0,23,6,2,23,6,1,23,6,0,23,6,0,23,6,1,23,6,2,23,6,0,23,6,1,23,6,2,23,6,0,23,6,1,23,6,2,23,6,0,23,6
143.9,1,23,6,0,23,6,2,23,6,1,23,6,0,23,6,0,23,6,1,23,6,2,23,6,0,23,6,1,23,6,2,23,6,0,23,6,1,23,6,2,23,6,0,23,6
144,1,23,6,0,23,6,2,23,6,1,23,6,0,23,6,0,23,6,1,23,6,2,23,6,0,23,6,1,23,6,2,23,6,0,23,6,1,23,6,2,23,6,0,23,6
144.1,1,23,6,0,23,6,2,23,6,1,23,6,0,23,6,2,23,6,1,23,6,0,23,6,2,23,6,1,23,6,0,23,6,2,23,6,1,23,6,0,23,6,2,23,6
144.2,1,23,6,0,23,6,2,23,6,1,23,6,0,23,6,2,23,6,1,23,6,0,23,6,2,23,6,1,23,6,0,23,6,2,23,6,1,23,6,0,23,6,2,23,6
144.3,1,23,6,0,23,6,2,23,6,1,23,6,0,23,6,2,23,6,1,23,6,0,23,6,2,23,6,1,23,6,0,23,6,2,23,6,1,23,6,0,23,6,2,23,6
144.4,1,23,6,0,23,6,2,23,6,1,23,6,0,23,6,2,23,6,1,23,6,0,23,6,2,23,6,1,23,6,0,23,6,2,23,6,1,23,6,0,23,6,2,23,6
144.5,1,23,6,0,23,6,2,23,6,1,23,6,0,23,6,2,23,6,1,23,6,0,23,6,2,23,6,1,23,6,0,23,6,2,23,6,1,23,6,0,23,6,2,23,6
144.6,1,23,6,0,23,6,2,23,6,1,23,6,0,23,6,0,23,6,1,23,6,2,23,6,0,23,6,1,23,6,2,23,6,0,23,6,1,23,6,2,23,6,0,23,6
144.7,1,23,6,0,23,6,2,23,6,1,23,6,0,23,6,0,23,6,1,23,6,2,23,6,0,23,6,1,23,6,2,23,6,0,23,6,1,23,6,2,23,6,0,23,6
144.8,1,23,6,0,23,6,2,23,6,1,23,6,0,23,6,0,23,6,1,23,6,2,23,6,0,23,6,1,23,6,2,23,6,0,23,6,1,23,6,2,23,6,0,23,6
144.9,1,23,6,0,23,6,2,23,6,1,23,6,0,23,6,0,23,6,1,23,6,2,23,6,0,23,6,1,23,6,2,23,6,0,23,6,1,23,6,2,23,6,0,23,6
145,1,23,6,0,23,6,2,23,6,1,23,6,0,23,6,0,23,6,1,23,6,2,23,6,0,23,6,1,23,6,2,23,6,0,23,6,1,23,6,2,23,6,0,23,6
145.1,1,23,6,0,23,6,2,23,6,1,23,6,0,23,6,0,23,6,1,23,6,2,23,6,0,23,6,1,23,6,2,23,6,0,23,6,1,23,6,2,23,6,0,23,6
145.2,1,23,6,0,23,6,2,23,6,1,23,6,0,23,6,0,23,6,1,23,6,2,23,6,0,23,6,1,23,6,2,23,6,0,23,6,1,23,6,2,23,6,0,23,6
145.3,1,23,6,0,23,6,2,23,6,1,23,6,0,23,6,0,23,6,1,23,6,2,23,6,0,23,6,1,23,6,2,23,6,0,23,6,1,23,6,2,23,6,0,23,6
145.4,1,23,6,0,23,6,2,23,6,1,23,6,0,23,6,0,23,6,1,23,6,2,23,6,0,23,6,1,23,6,2,23,6,0,23,6,1,23,6,2,23,6,0,23,6
145.5,1,23,6,0,23,6,2,23,6,1,23,6,0,23,6,0,23,6,1,23,6,2,23,6,0,23,6,1,23,6,2,23,6,0,23,6,1,23,6,2,23,6,0,23,6
145.6,1,23,6,0,23,6,2,23,6,1,23,6,0,23,6,0,23,6,1,23,6,2,23,6,0,23,6,1,23,6,2,23,6,0,23,6,1,23,6,2,23,6,0,23,6
145.7,1,23,6,0,23,6,2,23,6,1,23,6,0,23,6,0,23,6,1,23,6,2,23,6,0,23,6,1,23,6,2,23,6,0,23,6,1,23,6,2,23,6,0,23,6
145.8,1,23,6,0,23,6,2,23,6,1,23,6,0,23,6,0,23,6,1,23,6,2,23,6,0,23,6,1,23,6,2,23,6,0,23,6,1,23,6,2,23,6,0,23,6
145.9,1,23,6,0,23,6,2,23,6,1,23,6,0,23,6,0,23,6,1,23,6,2,23,6,0,23,6,1,23,6,2,23,6,0,23,6,1,23,6,2,23,6,0,23,6
146,1,23,6,0,23,6,2,23,6,1,23,6,0,23,6,0,23,6,1,23,6,2,23,6,0,23,6,1,23,6,2,23,6,0,23,6,1,23,6,2,23,6,0,23,6
146.1,1,23,6,0,23,6,2,23,6,1,23,6,0,23,6,0,23,6,1,23,6,2,23,6,0,23,6,1,23,6,2,23,6,0,23,6,1,23,6,2,23,6,0,23,6
146.2,1,23,6,0,23,6,2,23,6,1,23,6,0,23,6,0,23,6,1,23,6,2,23,6,0,23,6,1,23,6,2,23,6,0,23,6,1,23,6,2,23,6,0,23,6
146.3,1,23,6,0,23,6,2,23,6,1,23,6,0,23,6,0,23,6,1,23,6,2,23,6,0,23,6,1,23,6,2,23,6,0,23,6,1,23,6,2,23,6,0,23,6
146.4,1,23,6,0,23,6,2,23,6,1,23,6,0,23,6,0,23,6,1,23,6,2,23,6,0,23,6,1,23,6,2,23,6,0,23,6,1,23,6,2,23,6,0,23,6
146.5,1,23,6,0,23,6,2,23,6,1,23,6,0,23,6,0,23,6,1,23,6,2,23,6,0,23,6,1,23,6,2,23,6,0,23,6,1,23,6,2,23,6,0,23,6
146.6,1,23,6,0,23,6,2,23,6,1,23,6,0,23,6,0,23,6,1,23,6,2,23,6,0,23,6,1,23,6,2,23,6,0,23,6,1,23,6,2,23,6,0,23,6
146.7,1,23,6,0,23,6,2,23,6,1,23,6,0,23,6,0,23,6,1,23,6,2,23,6,0,23,6,1,23,6,2,23,6,0,23,6,1,23,6,2,23,6,0,23,6
146.8,1,23,6,0,23,6,2,23,6,1,23,6,0,23,6,0,23,6,1,23,6,2,23,6,0,23,6,1,23,6,2,23,6,0,23,6,1,23,6,2,23,6,0,23,6
146.9,1,23,6,0,23,6,2,23,6,1,23,6,0,23,6,0,23,6,1,23,6,2,23,6,0,23,6,1,23,6,2,23,6,0,23,6,1,23,6,2,23,6,0,23,6
147,1,23,6,0,23,6,2,23,6,1,23,6,0,23,6,0,23,6,1,23,6,2,23,6,0,23,6,1,23,6,2,23,6,0,23,6,1,23,6,2,23,6,0,23,6
147.1,1,23,6,0,23,6,2,23,6,1,23,6,0,23,6,2,23,6,1,23,6,0,23,6,2,23,6,1,23,6,0,23,6,2,23,6,1,23,6,0,23,6,2,23,6
147.2,1,23,6,0,23,6,2,23,6,1,23,6,0,23,6,2,23,6,1,23,6,0,23,6,2,23,6,1,23,6,0,23,6,2,23,6,1,23,6,0,23,6,2,23,6
147.3,1,23,6,0,23,6,2,23,6,1,23,6,0,23,6,2,23,6,1,23,6,0,23,6,2,23,6,1,23,6,0,23,6,2,23,6,1,23,6,0,23,6,2,23,6
147.4,1,23,6,0,23,6,2,23,6,1,23,6,0,23,6,2,23,6,1,23,6,0,23,6,2,23,6,1,23,6,0,23,6,2,23,6,1,23,6,0,23,6,2,23,6
147.5,1,23,6,0,23,6,2,23,6,1,23,6,0,23,6,2,23,6,1,23,6,0,23,6,2,23,6,1,23,6,0,23,6,2,23,6,1,23,6,0,23,6,2,23,6
147.6,1,23,6,0,23,6,2,23,6,1,23,6,0,23,6,2,23,6,1,23,6,0,23,6,2,23,6,1,23,6,0,23,6,2,23,6,1,23,6,0,23,6,2,23,6
147.7,1,23,6,0,23,6,2,23,6,1,23,6,0,23,6,2,23,6,1,23,6,0,23,6,2,23,6,1,23,6,0,23,6,2,23,6,1,23,6,0,23,6,2,23,6
147.8,1,23,6,0,23,6,2,23,6,1,23,6,0,23,6,2,23,6,1,23,6,0,23,6,2,23,6,1,23,6,0,23,6,2,23,6,1,23,6,0,23,6,2,23,6
147.9,1,23,6,0,23,6,2,23,6,1,23,6,0,23,6,2,23,6,1,23,6,0,23,6,2,23,6,1,23,6,0,23,6,2,23,6,1,23,6,0,23,6,2,23,6
148,1,23,6,0,23,6,2,23,6,1,23,6,0,23,6,2,23,6,1,23,6,0,23,6,2,23,6,1,23,6,0,23,6,2,23,6,1,23,6,0,23,6,2,23,6
148.1,1,23,6,0,23,6,2,23,6,1,23,6,0,23,6,0,23,6,1,23,6,2,23,6,0,23,6,1,23,6,2,23,6,0,23,6,1,23,6,2,23,6,0,23,6
148.2,1,23,6,0,23,6,2,23,6,1,23,6,0,23,6,0,23,6,1,23,6,2,23,6,0,23,6,1,23,6,2,23,6,0,23,6,1,23,6,2,23,6,0,23,6
148.3,1,23,6,0,23,6,2,23,6,1,23,6,0,23,6,0,23,6,1,23,6,2,23,6,0,23,6,1,23,6,2,23,6,0,23,6,1,23,6,2,23,6,0,23,6
148.4,1,23,6,0,23,6,2,23,6,1,23,6,0,23,6,0,23,6,1,23,6,2,23,6,0,23,6,1,23,6,2,23,6,0,23,6,1,23,6,2,23,6,0,23,6
148.5,1,23,6,0,23,6,2,23,6,1,23,6,0,23,6,0,23,6,1,23,6,2,23,6,0,23,6,1,23,6,2,23,6,0,23,6,1,23,6,2,23,6,0,23,6
148.6,1,23,6,0,23,6,2,23,6,1,23,6,0,23,6,0,23,6,1,23,6,2,23,6,0,23,6,1,23,6,2,23,6,0,23,6,1,23,6,2,23,6,0,23,6
148.7,1,23,6,0,23,6,2,23,6,1,23,6,0,23,6,0,23,6,1,23,6,2,23,6,0,23,6,1,23,6,2,23,6,0,23,6,1,23,6,2,23,6,0,23,6
148.8,1,23,6,0,23,6,2,23,6,1,23,6,0,23,6,0,23,6,1,23,6,2,23,6,0,23,6,1,23,6,2,23,6,0,23,6,1,23,6,2,23,6,0,23,6
148.9,1,23,6,0,23,6,2,23,6,1,23,6,0,23,6,0,23,6,1,23,6,2,23,6,0,23,6,1,23,6,2,23,6,0,23,6,1,23,6,2,23,6,0,23,6
149,1,23,6,0,23,6,2,23,6,1,23,6,0,23,6,0,23,6,1,23,6,2,23,6,0,23,6,1,23,6,2,23,6,0,23,6,1,23,6,2,23,6,0,23,6
149.1,1,23,6,0,23,6,2,23,6,1,23,6,0,23,6,0,23,6,1,23,6,2,23,6,0,23,6,1,23,6,2,23,6,0,23,6,1,23,6,2,23,6,0,23,6
149.2,1,23,6,0,23,6,2,23,6,1,23,6,0,23,6,0,23,6,1,23,6,2,23,6,0,23,6,1,23,6,2,23,6,0,23,6,1,23,6,2,23,6,0,23,6
149.3,1,23,6,0,23,6,2,23,6,1,23,6,0,23,6,0,23,6,1,23,6,2,23,6,0,23,6,1,23,6,2,23,6,0,23,6,1,23,6,2,23,6,0,23,6
149.4,1,23,6,0,23,6,2,23,6,1,23,6,0,23,6,0,23,6,1,23,6,2,23,6,0,23,6,1,23,6,2,23,6,0,23,6,1,23,6,2,23,6,0,23,6
149.5,1,23,6,0,23,6,2,23,6,1,23,6,0,23,6,0,23,6,1,23,6,2,23,6,0,23,6,1,23,6,2,23,6,0,23,6,1,23,6,2,23,6,0,23,6
149.6,1,23,6,0,23,6,2,23,6,1,23,6,0,23,6,2,23,6,1,23,6,0,23,6,2,23,6,1,23,6,0,23,6,2,23,6,1,23,6,0,23,6,2,23,6
149.7,1,23,6,0,23,6,2,23,6,1,23,6,0,23,6,2,23,6,1,23,6,0,23,6,2,23,6,1,23,6,0,23,6,2,23,6,1,23,6,0,23,6,2,23,6
149.8,1,23,6,0,23,6,2,23,6,1,23,6,0,23,6,2,23,6,1,23,6,0,23,6,2,23,6,1,23,6,0,23,6,2,23,6,1,23,6,0,23,6,2,23,6
149.9,1,23,6,0,23,6,2,23,6,1,23,6,0,23,6,2,23,6,1,23,6,0,23,6,2,23,6,1,23,6,0,23,6,2,23,6,1,23,6,0,23,6,2,23,6
150,1,23,6,0,23,6,2,23,6,1,23,6,0,23,6,2,23,6,1,23,6,0,23,6,2,23,6,1,23,6,0,23,6,2,23,6,1,23,6,0,23,6,2,23,6
150.1,0,23,6,2,23,6,1,23,6,1,23,6,0,23,6,0,23,6,2,23,6,2,23,6,1,23,6,1,23,6,0,23,6,0,23,6,2,23,6,2,23,6,1,23,6
150.2,0,23,6,2,23,6,1,23,6,1,23,6,0,23,6,0,23,6,2,23,6,2,23,6,1,23,6,1,23,6,0,23,6,0,23,6,2,23,6,2,23,6,1,23,6
150.3,0,23,6,2,23,6,1,23,6,1,23,6,0,23,6,0,23,6,2,23,6,2,23,6,1,23,6,1,23,6,0,23,6,0,23,6,2,23,6,2,23,6,1,23,6
150.4,0,23,6,2,23,6,1,23,6,1,23,6,0,23,6,0,23,6,2,23,6,2,23,6,1,23,6,1,23,6,0,23,6,0,23,6,2,23,6,2,23,6,1,23,6
150.5,0,23,6,2,23,6,1,23,6,1,23,6,0,23,6,0,23,6,2,23,6,2,23,6,1,23,6,1,23,6,0,23,6,0,23,6,2,23,6,2,23,6,1,23,6
150.6,2,23,6,1,23,6,0,23,6,0,23,6,1,23,6,2,23,6,2,23,6,1,23,6,0,23,6,0,23,6,1,23,6,2,23,6,2,23,6,1,23,6,0,23,6
150.7,2,23,6,1,23,6,0,23,6,0,23,6,1,23,6,2,23,6,2,23,6,1,23,6,0,23,6,0,23,6,1,23,6,2,23,6,2,23,6,1,23,6,0,23,6
150.8,2,23,6,1,23,6,0,23,6,0,23,6,1,23,6,2,23,6,2,23,6,1,23,6,0,23,6,0,23,6,1,23,6,2,23,6,2,23,6,1,23,6,0,23,6
150.9,2,23,6,1,23,6,0,23,6,0,23,6,1,23,6,2,23,6,2,23,6,1,23,6,0,23,6,0,23,6,1,23,6,2,23,6,2,23,6,1,23,6,0,23,6
151,2,23,6,1,23,6,0,23,6,0,23,6,1,23,6,2,23,6,2,23,6,1,23,6,0,23,6,0,23,6,1,23,6,2,23,6,2,23,6,1,23,6,0,23,6
151.1,2,23,6,1,23,6,0,23,6,0,23,6,1,23,6,2,23,6,2,23,6,1,23,6,0,23,6,0,23,6,1,23,6,2,23,6,2,23,6,1,23,6,0,23,6
151.2,2,23,6,1,23,6,0,23,6,0,23,6,1,23,6,2,23,6,2,23,6,1,23,6,0,23,6,0,23,6,1,23,6,2,23,6,2,23,6,1,23,6,0,23,6
151.3,2,23,6,1,23,6,0,23,6,0,23,6,1,23,6,2,23,6,2,23,6,1,23,6,0,23,6,0,23,6,1,23,6,2,23,6,2,23,6,1,23,6,0,23,6
151.4,2,23,6,1,23,6,0,23,6,0,23,6,1,23,6,2,23,6,2,23,6,1,23,6,0,23,6,0,23,6,1,23,6,2,23,6,2,23,6,1,23,6,0,23,6
151.5,2,23,6,1,23,6,0,23,6,0,23,6,1,23,6,2,23,6,2,23,6,1,23,6,0,23,6,0,23,6,1,23,6,2,23,6,2,23,6,1,23,6,0,23,6
151.6,2,23,6,1,23,6,0,23,6,0,23,6,1,23,6,2,23,6,2,23,6,1,23,6,0,23,6,0,23,6,1,23,6,2,23,6,2,23,6,1,23,6,0,23,6
151.7,2,23,6,1,23,6,0,23,6,0,23,6,1,23,6,2,23,6,2,23,6,1,23,6,0,23,6,0,23,6,1,23,6,2,23,6,2,23,6,1,23,6,0,23,6
151.8,2,23,6,1,23,6,0,23,6,0,23,6,1,23,6,2,23,6,2,23,6,1,23,6,0,23,6,0,23,6,1,23,6,2,23,6,2,23,6,1,23,6,0,23,6
151.9,2,23,6,1,23,6,0,23,6,0,23,6,1,23,6,2,23,6,2,23,6,1,23,6,0,23,6,0,23,6,1,23,6,2,23,6,2,23,6,1,23,6,0,23,6
152,2,23,6,1,23,6,0,23,6,0,23,6,1,23,6,2,23,6,2,23,6,1,23,6,0,23,6,0,23,6,1,23,6,2,23,6,2,23,6,1,23,6,0,23,6
152.1,1,23,6,2,23,6,0,23,6,1,23,6,2,23,6,2,23,6,1,23,6,0,23,6,0,23,6,1,23,6,2,23,6,2,23,6,1,23,6,0,23,6,0,23,6
152.2,1,23,6,2,23,6,0,23,6,1,23,6,2,23,6,2,23,6,1,23,6,0,23,6,0,23,6,1,23,6,2,23,6,2,23,6,1,23,6,0,23,6,0,23,6
152.3,1,23,6,2,23,6,0,23,6,1,23,6,2,23,6,2,23,6,1,23,6,0,23,6,0,23,6,1,23,6,2,23,6,2,23,6,1,23,6,0,23,6,0,23,6
152.4,1,23,6,2,23,6,0,23,6,1,23,6,2,23,6,2,23,6,1,23,6,0,23,6,0,23,6,1,23,6,2,23,6,2,23,6,1,23,6,0,23,6,0,23,6
152.5,1,23,6,2,23,6,0,23,6,1,23,6,2,23,6,2,23,6,1,23,6,0,23,6,0,23,6,1,23,6,2,23,6,2,23,6,1,23,6,0,23,6,0,23,6
152.6,1,23,6,2,23,6,0,23,6,1,23,6,2,23,6,2,23,6,1,23,6,0,23,6,0,23,6,1,23,6,2,23,6,2,23,6,1,23,6,0,23,6,0,23,6
152.7,1,23,6,2,23,6,0,23,6,1,23,6,2,23,6,2,23,6,1,23,6,0,23,6,0,23,6,1,23,6,2,23,6,2,23,6,1,23,6,0,23,6,0,23,6
152.8,1,23,6,2,23,6,0,23,6,1,23,6,2,23,6,2,23,6,1,23,6,0,23,6,0,23,6,1,23,6,2,23,6,2,23,6,1,23,6,0,23,6,0,23,6
152.9,1,23,6,2,23,6,0,23,6,1,23,6,2,23,6,2,23,6,1,23,6,0,23,6,0,23,6,1,23,6,2,23,6,2,23,6,1,23,6,0,23,6,0,23,6
153,1,23,6,2,23,6,0,23,6,1,23,6,2,23,6,2,23,6,1,23,6,0,23,6,0,23,6,1,23,6,2,23,6,2,23,6,1,23,6,0,23,6,0,23,6
153.1,0,23,6,2,23,6,1,23,6,0,23,6,2,23,6,1,23,6,0,23,6,2,23,6,1,23,6,0,23,6,2,23,6,1,23,6,0,23,6,2,23,6,1,23,6
153.2,0,23,6,2,23,6,1,23,6,0,23,6,2,23,6,1,23,6,0,23,6,2,23,6,1,23,6,0,23,6,2,23,6,1,23,6,0,23,6,2,23,6,1,23,6
153.3,0,23,6,2,23,6,1,23,6,0,23,6,2,23,6,1,23,6,0,23,6,2,23,6,1,23,6,0,23,6,2,23,6,1,23,6,0,23,6,2,23,6,1,23,6
153.4,0,23,6,2,23,6,1,23,6,0,23,6,2,23,6,1,23,6,0,23,6,2,23,6,1,23,6,0,23,6,2,23,6,1,23,6,0,23,6,2,23,6,1,23,6
153.5,0,23,6,2,23,6,1,23,6,0,23,6,2,23,6,1,23,6,0,23,6,2,23,6,1,23,6,0,23,6,2,23,6,1,23,6,0,23,6,2,23,6,1,23,6
153.6,0,23,6,2,23,6,1,23,6,0,23,6,2,23,6,1,23,6,0,23,6,2,23,6,1,23,6,0,23,6,2,23,6,1,23,6,0,23,6,2,23,6,1,23,6
153.7,0,23,6,2,23,6,1,23,6,0,23,6,2,23,6,1,23,6,0,23,6,2,23,6,1,23,6,0,23,6,2,23,6,1,23,6,0,23,6,2,23,6,1,23,6
153.8,0,23,6,2,23,6,1,23,6,0,23,6,2,23,6,1,23,6,0,23,6,2,23,6,1,23,6,0,23,6,2,23,6,1,23,6,0,23,6,2,23,6,1,23,6
153.9,0,23,6,2,23,6,1,23,6,0,23,6,2,23,6,1,23,6,0,23,6,2,23,6,1,23,6,0,23,6,2,23,6,1,23,6,0,23,6,2,23,6,1,23,6
154,0,23,6,2,23,6,1,23,6,0,23,6,2,23,6,1,23,6,0,23,6,2,23,6,1,23,6,0,23,6,2,23,6,1,23,6,0,23,6,2,23,6,1,23,6
154.1,0,23,6,2,23,6,1,23,6,0,23,6,2,23,6,1,23,6,0,23,6,2,23,6,1,23,6,0,23,6,2,23,6,1,23,6,0,23,6,2,23,6,1,23,6
154.2,0,23,6,2,23,6,1,23,6,0,23,6,2,23,6,1,23,6,0,23,6,2,23,6,1,23,6,0,23,6,2,23,6,1,23,6,0,23,6,2,23,6,1,23,6
154.3,0,23,6,2,23,6,1,23,6,0,23,6,2,23,6,1,23,6,0,23,6,2,23,6,1,23,6,0,23,6,2,23,6,1,23,6,0,23,6,2,23,6,1,23,6
154.4,0,23,6,2,23,6,1,23,6,0,23,6,2,23,6,1,23,6,0,23,6,2,23,6,1,23,6,0,23,6,2,23,6,1,23,6,0,23,6,2,23,6,1,23,6
154.5,0,23,6,2,23,6,1,23,6,0,23,6,2,23,6,1,23,6,0,23,6,2,23,6,1,23,6,0,23,6,2,23,6,1,23,6,0,23,6,2,23,6,1,23,6
154.6,0,23,6,2,23,6,1,23,6,0,23,6,2,23,6,1,23,6,0,23,6,2,23,6,1,23,6,0,23,6,2,23,6,1,23,6,0,23,6,2,23,6,1,23,6
154.7,0,23,6,2,23,6,1,23,6,0,23,6,2,23,6,1,23,6,0,23,6,2,23,6,1,23,6,0,23,6,2,23,6,1,23,6,0,23,6,2,23,6,1,23,6
154.8,0,23,6,2,23,6,1,23,6,0,23,6,2,23,6,1,23,6,0,23,6,2,23,6,1,23,6,0,23,6,2,23,6,1,23,6,0,23,6,2,23,6,1,23,6
154.9,0,23,6,2,23,6,1,23,6,0,23,6,2,23,6,1,23,6,0,23,6,2,23,6,1,23,6,0,23,6,2,23,6,1,23,6,0,23,6,2,23,6,1,23,6
155,0,23,6,2,23,6,1,23,6,0,23,6,2,23,6,1,23,6,0,23,6,2,23,6,1,23,6,0,23,6,2,23,6,1,23,6,0,23,6,2,23,6,1,23,6
155.1,0,23,6,2,23,6,1,23,6,0,23,6,2,23,6,1,23,6,0,23,6,2,23,6,1,23,6,0,23,6,2,23,6,1,23,6,0,23,6,2,23,6,1,23,6
155.2,0,23,6,2,23,6,1,23,6,0,23,6,2,23,6,1,23,6,0,23,6,2,23,6,1,23,6,0,23,6,2,23,6,1,23,6,0,23,6,2,23,6,1,23,6
155.3,0,23,6,2,23,6,1,23,6,0,23,6,2,23,6,1,23,6,0,23,6,2,23,6,1,23,6,0,23,6,2,23,6,1,23,6,0,23,6,2,23,6,1,23,6
155.4,0,23,6,2,23,6,1,23,6,0,23,6,2,23,6,1,23,6,0,23,6,2,23,6,1,23,6,0,23,6,2,23,6,1,23,6,0,23,6,2,23,6,1,23,6
155.5,0,23,6,2,23,6,1,23,6,0,23,6,2,23,6,1,23,6,0,23,6,2,23,6,1,23,6,0,23,6,2,23,6,1,23,6,0,23,6,2,23,6,1,23,6
155.6,0,23,6,2,23,6,1,23,6,0,23,6,2,23,6,1,23,6,0,23,6,2,23,6,1,23,6,0,23,6,2,23,6,1,23,6,0,23,6,2,23,6,1,23,6
155.7,0,23,6,2,23,6,1,23,6,0,23,6,2,23,6,1,23,6,0,23,6,2,23,6,1,23,6,0,23,6,2,23,6,1,23,6,0,23,6,2,23,6,1,23,6
155.8,0,23,6,2,23,6,1,23,6,0,23,6,2,23,6,1,23,6,0,23,6,2,23,6,1,23,6,0,23,6,2,23,6,1,23,6,0,23,6,2,23,6,1,23,6
155.9,0,23,6,2,23,6,1,23,6,0,23,6,2,23,6,1,23,6,0,23,6,2,23,6,1,23,6,0,23,6,2,23,6,1,23,6,0,23,6,2,23,6,1,23,6
156,0,23,6,2,23,6,1,23,6,0,23,6,2,23,6,1,23,6,0,23,6,2,23,6,1,23,6,0,23,6,2,23,6,1,23,6,0,23,6,2,23,6,1,23,6
156.1,0,23,6,2,23,6,1,23,6,0,23,6,2,23,6,1,23,6,0,23,6,2,23,6,1,23,6,0,23,6,2,23,6,1,23,6,0,23,6,2,23,6,1,23,6
156.2,0,23,6,2,23,6,1,23,6,0,23,6,2,23,6,1,23,6,0,23,6,2,23,6,1,23,6,0,23,6,2,23,6,1,23,6,0,23,6,2,23,6,1,23,6
156.3,0,23,6,2,23,6,1,23,6,0,23,6,2,23,6,1,23,6,0,23,6,2,23,6,1,23,6,0,23,6,2,23,6,1,23,6,0,23,6,2,23,6,1,23,6
156.4,0,23,6,2,23,6,1,23,6,0,23,6,2,23,6,1,23,6,0,23,6,2,23,6,1,23,6,0,23,6,2,23,6,1,23,6,0,23,6,2,23,6,1,23,6
156.5,0,23,6,2,23,6,1,23,6,0,23,6,2,23,6,1,23,6,0,23,6,2,23,6,1,23,6,0,23,6,2,23,6,1,23,6,0,23,6,2,23,6,1,23,6
156.6,0,23,6,2,23,6,1,23,6,0,23,6,2,23,6,1,23,6,0,23,6,2,23,6,1,23,6,0,23,6,2,23,6,2,23,6,0,23,6,1,23,6,1,23,6
156.7,0,23,6,2,23,6,1,23,6,0,23,6,2,23,6,1,23,6,0,23,6,2,23,6,1,23,6,0,23,6,2,23,6,2,23,6,0,23,6,1,23,6,1,23,6
156.8,0,23,6,2,23,6,1,23,6,0,23,6,2,23,6,1,23,6,0,23,6,2,23,6,1,23,6,0,23,6,2,23,6,2,23,6,0,23,6,1,23,6,1,23,6
156.9,0,23,6,2,23,6,1,23,6,0,23,6,2,23,6,1,23,6,0,23,6,2,23,6,1,23,6,0,23,6,2,23,6,2,23,6,0,23,6,1,23,6,1,23,6
157,0,23,6,2,23,6,1,23,6,0,23,6,2,23,6,1,23,6,0,23,6,2,23,6,1,23,6,0,23,6,2,23,6,2,23,6,0,23,6,1,23,6,1,23,6
157.1,0,23,6,2,23,6,1,23,6,0,23,6,2,23,6,1,23,6,0,23,6,2,23,6,1,23,6,0,23,6,2,23,6,2,23,6,0,23,6,1,23,6,1,23,6
157.2,0,23,6,2,23,6,1,23,6,0,23,6,2,23,6,1,23,6,0,23,6,2,23,6,1,23,6,0,23,6,2,23,6,2,23,6,0,23,6,1,23,6,1,23,6
157.3,0,23,6,2,23,6,1,23,6,0,23,6,2,23,6,1,23,6,0,23,6,2,23,6,1,23,6,0,23,6,2,23,6,2,23,6,0,23,6,1,23,6,1,23,6
157.4,0,23,6,2,23,6,1,23,6,0,23,6,2,23,6,1,23,6,0,23,6,2,23,6,1,23,6,0,23,6,2,23,6,2,23,6,0,23,6,1,23,6,1,23,6
157.5,0,23,6,2,23,6,1,23,6,0,23,6,2,23,6,1,23,6,0,23,6,2,23,6,1,23,6,0,23,6,2,23,6,2,23,6,0,23,6,1,23,6,1,23,6
157.6,0,23,6,2,23,6,1,23,6,0,23,6,2,23,6,1,23,6,0,23,6,2,23,6,1,23,6,0,23,6,2,23,6,2,23,6,0,23,6,1,23,6,1,23,6
157.7,0,23,6,2,23,6,1,23,6,0,23,6,2,23,6,1,23,6,0,23,6,2,23,6,1,23,6,0,23,6,2,23,6,2,23,6,0,23,6,1,23,6,1,23,6
157.8,0,23,6,2,23,6,1,23,6,0,23,6,2,23,6,1,23,6,0,23,6,2,23,6,1,23,6,0,23,6,2,23,6,2,23,6,0,23,6,1,23,6,1,23,6
157.9,0,23,6,2,23,6,1,23,6,0,23,6,2,23,6,1,23,6,0,23,6,2,23,6,1,23,6,0,23,6,2,23,6,2,23,6,0,23,6,1,23,6,1,23,6
158,0,23,6,2,23,6,1,23,6,0,23,6,2,23,6,1,23,6,0,23,6,2,23,6,1,23,6,0,23,6,2,23,6,2,23,6,0,23,6,1,23,6,1,23,6
158.1,0,23,6,2,23,6,1,23,6,0,23,6,2,23,6,1,23,6,0,23,6,2,23,6,1,23,6,0,23,6,2,23,6,1,23,6,0,23,6,2,23,6,1,23,6
158.2,0,23,6,2,23,6,1,23,6,0,23,6,2,23,6,1,23,6,0,23,6,2,23,6,1,23,6,0,23,6,2,23,6,1,23,6,0,23,6,2,23,6,1,23,6
158.3,0,23,6,2,23,6,1,23,6,0,23,6,2,23,6,1,23,6,0,23,6,2,23,6,1,23,6,0,23,6,2,23,6,1,23,6,0,23,6,2,23,6,1,23,6
158.4,0,23,6,2,23,6,1,23,6,0,23,6,2,23,6,1,23,6,0,23,6,2,23,6,1,23,6,0,23,6,2,23,6,1,23,6,0,23,6,2,23,6,1,23,6
158.5,0,23,6,2,23,6,1,23,6,0,23,6,2,23,6,1,23,6,0,23,6,2,23,6,1,23,6,0,23,6,2,23,6,1,23,6,0,23,6,2,23,6,1,23,6
158.6,0,23,6,2,23,6,1,23,6,0,23,6,2,23,6,1,23,6,0,23,6,2,23,6,1,23,6,0,23,6,2,23,6,1,23,6,0,23,6,2,23,6,1,23,6
158.7,0,23,6,2,23,6,1,23,6,0,23,6,2,23,6,1,23,6,0,23,6,2,23,6,1,23,6,0,23,6,2,23,6,1,23,6,0,23,6,2,23,6,1,23,6
158.8,0,23,6,2,23,6,1,23,6,0,23,6,2,23,6,1,23,6,0,23,6,2,23,6,1,23,6,0,23,6,2,23,6,1,23,6,0,23,6,2,23,6,1,23,6
158.9,0,23,6,2,23,6,1,23,6,0,23,6,2,23,6,1,23,6,0,23,6,2,23,6,1,23,6,0,23,6,2,23,6,1,23,6,0,23,6,2,23,6,1,23,6
159,0,23,6,2,23,6,1,23,6,0,23,6,2,23,6,1,23,6,0,23,6,2,23,6,1,23,6,0,23,6,2,23,6,1,23,6,0,23,6,2,23,6,1,23,6
159.1,1,23,6,0,23,6,2,23,6,1,23,6,0,23,6,0,23,6,1,23,6,2,23,6,2,23,6,1,23,6,0,23,6,0,23,6,1,23,6,2,23,6,2,23,6
159.2,1,23,6,0,23,6,2,23,6,1,23,6,0,23,6,0,23,6,1,23,6,2,23,6,2,23,6,1,23,6,0,23,6,0,23,6,1,23,6,2,23,6,2,23,6
159.3,1,23,6,0,23,6,2,23,6,1,23,6,0,23,6,0,23,6,1,23,6,2,23,6,2,23,6,1,23,6,0,23,6,0,23,6,1,23,6,2,23,6,2,23,6
159.4,1,23,6,0,23,6,2,23,6,1,23,6,0,23,6,0,23,6,1,23,6,2,23,6,2,23,6,1,23,6,0,23,6,0,23,6,1,23,6,2,23,6,2,23,6
159.5,1,23,6,0,23,6,2,23,6,1,23,6,0,23,6,0,23,6,1,23,6,2,23,6,2,23,6,1,23,6,0,23,6,0,23,6,1,23,6,2,23,6,2,23,6
159.6,1,23,6,0,23,6,2,23,6,1,23,6,0,23,6,0,23,6,1,23,6,2,23,6,2,23,6,1,23,6,0,23,6,0,23,6,1,23,6,2,23,6,2,23,6
159.7,1,23,6,0,23,6,2,23,6,1,23,6,0,23,6,0,23,6,1,23,6,2,23,6,2,23,6,1,23,6,0,23,6,0,23,6,1,23,6,2,23,6,2,23,6
159.8,1,23,6,0,23,6,2,23,6,1,23,6,0,23,6,0,23,6,1,23,6,2,23,6,2,23,6,1,23,6,0,23,6,0,23,6,1,23,6,2,23,6,2,23,6
159.9,1,23,6,0,23,6,2,23,6,1,23,6,0,23,6,0,23,6,1,23,6,2,23,6,2,23,6,1,23,6,0,23,6,0,23,6,1,23,6,2,23,6,2,23,6
160,1,23,6,0,23,6,2,23,6,1,23,6,0,23,6,0,23,6,1,23,6,2,23,6,2,23,6,1,23,6,0,23,6,0,23,6,1,23,6,2,23,6,2,23,6
160.1,1,23,6,0,23,6,2,23,6,1,23,6,0,23,6,0,23,6,1,23,6,2,23,6,2,23,6,1,23,6,0,23,6,0,23,6,1,23,6,2,23,6,2,23,6
160.2,1,23,6,0,23,6,2,23,6,1,23,6,0,23,6,0,23,6,1,23,6,2,23,6,2,23,6,1,23,6,0,23,6,0,23,6,1,23,6,2,23,6,2,23,6
160.3,1,23,6,0,23,6,2,23,6,1,23,6,0,23,6,0,23,6,1,23,6,2,23,6,2,23,6,1,23,6,0,23,6,0,23,6,1,23,6,2,23,6,2,23,6
160.4,1,23,6,0,23,6,2,23,6,1,23,6,0,23,6,0,23,6,1,23,6,2,23,6,2,23,6,1,23,6,0,23,6,0,23,6,1,23,6,2,23,6,2,23,6
160.5,1,23,6,0,23,6,2,23,6,1,23,6,0,23,6,0,23,6,1,23,6,2,23,6,2,23,6,1,23,6,0,23,6,0,23,6,1,23,6,2,23,6,2,23,6
160.6,1,23,6,0,23,6,2,23,6,1,23,6,0,23,6,0,23,6,1,23,6,2,23,6,2,23,6,1,23,6,0,23,6,0,23,6,1,23,6,2,23,6,2,23,6
160.7,1,23,6,0,23,6,2,23,6,1,23,6,0,23,6,0,23,6,1,23,6,2,23,6,2,23,6,1,23,6,0,23,6,0,23,6,1,23,6,2,23,6,2,23,6
160.8,1,23,6,0,23,6,2,23,6,1,23,6,0,23,6,0,23,6,1,23,6,2,23,6,2,23,6,1,23,6,0,23,6,0,23,6,1,23,6,2,23,6,2,23,6
160.9,1,23,6,0,23,6,2,23,6,1,23,6,0,23,6,0,23,6,1,23,6,2,23,6,2,23,6,1,23,6,0,23,6,0,23,6,1,23,6,2,23,6,2,23,6
161,1,23,6,0,23,6,2,23,6,1,23,6,0,23,6,0,23,6,1,23,6,2,23,6,2,23,6,1,23,6,0,23,6,0,23,6,1,23,6,2,23,6,2,23,6
161.1,0,23,6,2,23,6,1,23,6,1,23,6,0,23,6,2,23,6,2,23,6,0,23,6,1,23,6,1,23,6,0,23,6,0,23,6,2,23,6,2,23,6,1,23,6
161.2,0,23,6,2,23,6,1,23,6,1,23,6,0,23,6,2,23,6,2,23,6,0,23,6,1,23,6,1,23,6,0,23,6,0,23,6,2,23,6,2,23,6,1,23,6
161.3,0,23,6,2,23,6,1,23,6,1,23,6,0,23,6,2,23,6,2,23,6,0,23,6,1,23,6,1,23,6,0,23,6,0,23,6,2,23,6,2,23,6,1,23,6
161.4,0,23,6,2,23,6,1,23,6,1,23,6,0,23,6,2,23,6,2,23,6,0,23,6,1,23,6,1,23,6,0,23,6,0,23,6,2,23,6,2,23,6,1,23,6
161.5,0,23,6,2,23,6,1,23,6,1,23,6,0,23,6,2,23,6,2,23,6,0,23,6,1,23,6,1,23,6,0,23,6,0,23,6,2,23,6,2,23,6,1,23,6
161.6,0,23,6,2,23,6,1,23,6,1,23,6,0,23,6,2,23,6,2,23,6,0,23,6,1,23,6,1,23,6,0,23,6,0,23,6,2,23,6,2,23,6,1,23,6
161.7,0,23,6,2,23,6,1,23,6,1,23,6,0,23,6,2,23,6,2,23,6,0,23,6,1,23,6,1,23,6,0,23,6,0,23,6,2,23,6,2,23,6,1,23,6
161.8,0,23,6,2,23,6,1,23,6,1,23,6,0,23,6,2,23,6,2,23,6,0,23,6,1,23,6,1,23,6,0,23,6,0,23,6,2,23,6,2,23,6,1,23,6
161.9,0,23,6,2,23,6,1,23,6,1,23,6,0,23,6,2,23,6,2,23,6,0,23,6,1,23,6,1,23,6,0,23,6,0,23,6,2,23,6,2,23,6,1,23,6
162,0,23,6,2,23,6,1,23,6,1,23,6,0,23,6,2,23,6,2,23,6,0,23,6,1,23,6,1,23,6,0,23,6,0,23,6,2,23,6,2,23,6,1,23,6
162.1,1,23,6,0,23,6,2,23,6,1,23,6,0,23,6,0,23,6,1,23,6,2,23,6,2,23,6,1,23,6,0,23,6,0,23,6,1,23,6,2,23,6,2,23,6
162.2,1,23,6,0,23,6,2,23,6,1,23,6,0,23,6,0,23,6,1,23,6,2,23,6,2,23,6,1,23,6,0,23,6,0,23,6,1,23,6,2,23,6,2,23,6
162.3,1,23,6,0,23,6,2,23,6,1,23,6,0,23,6,0,23,6,1,23,6,2,23,6,2,23,6,1,23,6,0,23,6,0,23,6,1,23,6,2,23,6,2,23,6
162.4,1,23,6,0,23,6,2,23,6,1,23,6,0,23,6,0,23,6,1,23,6,2,23,6,2,23,6,1,23,6,0,23,6,0,23,6,1,23,6,2,23,6,2,23,6
162.5,1,23,6,0,23,6,2,23,6,1,23,6,0,23,6,0,23,6,1,23,6,2,23,6,2,23,6,1,23,6,0,23,6,0,23,6,1,23,6,2,23,6,2,23,6
162.6,1,23,6,0,23,6,2,23,6,1,23,6,0,23,6,0,23,6,1,23,6,2,23,6,2,23,6,1,23,6,0,23,6,0,23,6,1,23,6,2,23,6,2,23,6
162.7,1,23,6,0,23,6,2,23,6,1,23,6,0,23,6,0,23,6,1,23,6,2,23,6,2,23,6,1,23,6,0,23,6,0,23,6,1,23,6,2,23,6,2,23,6
162.8,1,23,6,0,23,6,2,23,6,1,23,6,0,23,6,0,23,6,1,23,6,2,23,6,2,23,6,1,23,6,0,23,6,0,23,6,1,23,6,2,23,6,2,23,6
162.9,1,23,6,0,23,6,2,23,6,1,23,6,0,23,6,0,23,6,1,23,6,2,23,6,2,23,6,1,23,6,0,23,6,0,23,6,1,23,6,2,23,6,2,23,6
163,1,23,6,0,23,6,2,23,6,1,23,6,0,23,6,0,23,6,1,23,6,2,23,6,2,23,6,1,23,6,0,23,6,0,23,6,1,23,6,2,23,6,2,23,6
163.1,1,23,6,0,23,6,2,23,6,1,23,6,0,23,6,0,23,6,1,23,6,2,23,6,2,23,6,1,23,6,0,23,6,0,23,6,1,23,6,2,23,6,2,23,6
163.2,1,23,6,0,23,6,2,23,6,1,23,6,0,23,6,0,23,6,1,23,6,2,23,6,2,23,6,1,23,6,0,23,6,0,23,6,1,23,6,2,23,6,2,23,6
163.3,1,23,6,0,23,6,2,23,6,1,23,6,0,23,6,0,23,6,1,23,6,2,23,6,2,23,6,1,23,6,0,23,6,0,23,6,1,23,6,2,23,6,2,23,6
163.4,1,23,6,0,23,6,2,23,6,1,23,6,0,23,6,0,23,6,1,23,6,2,23,6,2,23,6,1,23,6,0,23,6,0,23,6,1,23,6,2,23,6,2,23,6
163.5,1,23,6,0,23,6,2,23,6,1,23,6,0,23,6,0,23,6,1,23,6,2,23,6,2,23,6,1,23,6,0,23,6,0,23,6,1,23,6,2,23,6,2,23,6
163.6,1,23,6,0,23,6,2,23,6,1,23,6,0,23,6,0,23,6,1,23,6,2,23,6,2,23,6,1,23,6,0,23,6,0,23,6,1,23,6,2,23,6,2,23,6
163.7,1,23,6,0,23,6,2,23,6,1,23,6,0,23,6,0,23,6,1,23,6,2,23,6,2,23,6,1,23,6,0,23,6,0,23,6,1,23,6,2,23,6,2,23,6
163.8,1,23,6,0,23,6,2,23,6,1,23,6,0,23,6,0,23,6,1,23,6,2,23,6,2,23,6,1,23,6,0,23,6,0,23,6,1,23,6,2,23,6,2,23,6
163.9,1,23,6,0,23,6,2,23,6,1,23,6,0,23,6,0,23,6,1,23,6,2,23,6,2,23,6,1,23,6,0,23,6,0,23,6,1,23,6,2,23,6,2,23,6
164,1,23,6,0,23,6,2,23,6,1,23,6,0,23,6,0,23,6,1,23,6,2,23,6,2,23,6,1,23,6,0,23,6,0,23,6,1,23,6,2,23,6,2,23,6
164.1,1,23,6,0,23,6,2,23,6,1,23,6,0,23,6,0,23,6,1,23,6,2,23,6,2,23,6,1,23,6,0,23,6,0,23,6,1,23,6,2,23,6,2,23,6
164.2,1,23,6,0,23,6,2,23,6,1,23,6,0,23,6,0,23,6,1,23,6,2,23,6,2,23,6,1,23,6,0,23,6,0,23,6,1,23,6,2,23,6,2,23,6
164.3,1,23,6,0,23,6,2,23,6,1,23,6,0,23,6,0,23,6,1,23,6,2,23,6,2,23,6,1,23,6,0,23,6,0,23,6,1,23,6,2,23,6,2,23,6
164.4,1,23,6,0,23,6,2,23,6,1,23,6,0,23,6,0,23,6,1,23,6,2,23,6,2,23,6,1,23,6,0,23,6,0,23,6,1,23,6,2,23,6,2,23,6
164.5,1,23,6,0,23,6,2,23,6,1,23,6,0,23,6,0,23,6,1,23,6,2,23,6,2,23,6,1,23,6,0,23,6,0,23,6,1,23,6,2,23,6,2,23,6
164.6,1,23,6,0,23,6,2,23,6,1,23,6,0,23,6,0,23,6,1,23,6,2,23,6,2,23,6,1,23,6,0,23,6,0,23,6,1,23,6,2,23,6,2,23,6
164.7,1,23,6,0,23,6,2,23,6,1,23,6,0,23,6,0,23,6,1,23,6,2,23,6,2,23,6,1,23,6,0,23,6,0,23,6,1,23,6,2,23,6,2,23,6
164.8,1,23,6,0,23,6,2,23,6,1,23,6,0,23,6,0,23,6,1,23,6,2,23,6,2,23,6,1,23,6,0,23,6,0,23,6,1,23,6,2,23,6,2,23,6
164.9,1,23,6,0,23,6,2,23,6,1,23,6,0,23,6,0,23,6,1,23,6,2,23,6,2,23,6,1,23,6,0,23,6,0,23,6,1,23,6,2,23,6,2,23,6
165,1,23,6,0,23,6,2,23,6,1,23,6,0,23,6,0,23,6,1,23,6,2,23,6,2,23,6,1,23,6,0,23,6,0,23,6,1,23,6,2,23,6,2,23,6
165.1,1,23,6,0,23,6,2,23,6,1,23,6,0,23,6,0,23,6,1,23,6,2,23,6,2,23,6,1,23,6,0,23,6,0,23,6,1,23,6,2,23,6,2,23,6
165.2,1,23,6,0,23,6,2,23,6,1,23,6,0,23,6,0,23,6,1,23,6,2,23,6,2,23,6,1,23,6,0,23,6,0,23,6,1,23,6,2,23,6,2,23,6
165.3,1,23,6,0,23,6,2,23,6,1,23,6,0,23,6,0,23,6,1,23,6,2,23,6,2,23,6,1,23,6,0,23,6,0,23,6,1,23,6,2,23,6,2,23,6
165.4,1,23,6,0,23,6,2,23,6,1,23,6,0,23,6,0,23,6,1,23,6,2,23,6,2,23,6,1,23,6,0,23,6,0,23,6,1,23,6,2,23,6,2,23,6
165.5,1,23,6,0,23,6,2,23,6,1,23,6,0,23,6,0,23,6,1,23,6,2,23,6,2,23,6,1,23,6,0,23,6,0,23,6,1,23,6,2,23,6,2,23,6
165.6,1,23,6,0,23,6,2,23,6,1,23,6,0,23,6,0,23,6,1,23,6,2,23,6,2,23,6,1,23,6,0,23,6,0,23,6,1,23,6,2,23,6,2,23,6
165.7,1,23,6,0,23,6,2,23,6,1,23,6,0,23,6,0,23,6,1,23,6,2,23,6,2,23,6,1,23,6,0,23,6,0,23,6,1,23,6,2,23,6,2,23,6
165.8,1,23,6,0,23,6,2,23,6,1,23,6,0,23,6,0,23,6,1,23,6,2,23,6,2,23,6,1,23,6,0,23,6,0,23,6,1,23,6,2,23,6,2,23,6
165.9,1,23,6,0,23,6,2,23,6,1,23,6,0,23,6,0,23,6,1,23,6,2,23,6,2,23,6,1,23,6,0,23,6,0,23,6,1,23,6,2,23,6,2,23,6
166,1,23,6,0,23,6,2,23,6,1,23,6,0,23,6,0,23,6,1,23,6,2,23,6,2,23,6,1,23,6,0,23,6,0,23,6,1,23,6,2,23,6,2,23,6
166.1,1,23,6,0,23,6,2,23,6,1,23,6,0,23,6,0,23,6,1,23,6,2,23,6,2,23,6,1,23,6,0,23,6,0,23,6,1,23,6,2,23,6,2,23,6
166.2,1,23,6,0,23,6,2,23,6,1,23,6,0,23,6,0,23,6,1,23,6,2,23,6,2,23,6,1,23,6,0,23,6,0,23,6,1,23,6,2,23,6,2,23,6
166.3,1,23,6,0,23,6,2,23,6,1,23,6,0,23,6,0,23,6,1,23,6,2,23,6,2,23,6,1,23,6,0,23,6,0,23,6,1,23,6,2,23,6,2,23,6
166.4,1,23,6,0,23,6,2,23,6,1,23,6,0,23,6,0,23,6,1,23,6,2,23,6,2,23,6,1,23,6,0,23,6,0,23,6,1,23,6,2,23,6,2,23,6
166.5,1,23,6,0,23,6,2,23,6,1,23,6,0,23,6,0,23,6,1,23,6,2,23,6,2,23,6,1,23,6,0,23,6,0,23,6,1,23,6,2,23,6,2,23,6
166.6,1,23,6,0,23,6,2,23,6,1,23,6,0,23,6,0,23,6,1,23,6,2,23,6,2,23,6,1,23,6,0,23,6,0,23,6,1,23,6,2,23,6,2,23,6
166.7,1,23,6,0,23,6,2,23,6,1,23,6,0,23,6,0,23,6,1,23,6,2,23,6,2,23,6,1,23,6,0,23,6,0,23,6,1,23,6,2,23,6,2,23,6
166.8,1,23,6,0,23,6,2,23,6,1,23,6,0,23,6,0,23,6,1,23,6,2,23,6,2,23,6,1,23,6,0,23,6,0,23,6,1,23,6,2,23,6,2,23,6
166.9,1,23,6,0,23,6,2,23,6,1,23,6,0,23,6,0,23,6,1,23,6,2,23,6,2,23,6,1,23,6,0,23,6,0,23,6,1,23,6,2,23,6,2,23,6
167,1,23,6,0,23,6,2,23,6,1,23,6,0,23,6,0,23,6,1,23,6,2,23,6,2,23,6,1,23,6,0,23,6,0,23,6,1,23,6,2,23,6,2,23,6
167.1,1,23,6,0,23,6,2,23,6,1,23,6,0,23,6,0,23,6,1,23,6,2,23,6,2,23,6,1,23,6,0,23,6,0,23,6,1,23,6,2,23,6,2,23,6
167.2,1,23,6,0,23,6,2,23,6,1,23,6,0,23,6,0,23,6,1,23,6,2,23,6,2,23,6,1,23,6,0,23,6,0,23,6,1,23,6,2,23,6,2,23,6
167.3,1,23,6,0,23,6,2,23,6,1,23,6,0,23,6,0,23,6,1,23,6,2,23,6,2,23,6,1,23,6,0,23,6,0,23,6,1,23,6,2,23,6,2,23,6
167.4,1,23,6,0,23,6,2,23,6,1,23,6,0,23,6,0,23,6,1,23,6,2,23,6,2,23,6,1,23,6,0,23,6,0,23,6,1,23,6,2,23,6,2,23,6
167.5,1,23,6,0,23,6,2,23,6,1,23,6,0,23,6,0,23,6,1,23,6,2,23,6,2,23,6,1,23,6,0,23,6,0,23,6,1,23,6,2,23,6,2,23,6
167.6,1,23,6,0,23,6,2,23,6,1,23,6,0,23,6,0,23,6,1,23,6,2,23,6,2,23,6,1,23,6,0,23,6,0,23,6,1,23,6,2,23,6,2,23,6
167.7,1,23,6,0,23,6,2,23,6,1,23,6,0,23,6,0,23,6,1,23,6,2,23,6,2,23,6,1,23,6,0,23,6,0,23,6,1,23,6,2,23,6,2,23,6
167.8,1,23,6,0,23,6,2,23,6,1,23,6,0,23,6,0,23,6,1,23,6,2,23,6,2,23,6,1,23,6,0,23,6,0,23,6,1,23,6,2,23,6,2,23,6
167.9,1,23,6,0,23,6,2,23,6,1,23,6,0,23,6,0,23,6,1,23,6,2,23,6,2,23,6,1,23,6,0,23,6,0,23,6,1,23,6,2,23,6,2,23,6
168,1,23,6,0,23,6,2,23,6,1,23,6,0,23,6,0,23,6,1,23,6,2,23,6,2,23,6,1,23,6,0,23,6,0,23,6,1,23,6,2,23,6,2,23,6
168.1,1,23,6,0,23,6,2,23,6,1,23,6,0,23,6,0,23,6,1,23,6,2,23,6,2,23,6,1,23,6,0,23,6,0,23,6,1,23,6,2,23,6,2,23,6
168.2,1,23,6,0,23,6,2,23,6,1,23,6,0,23,6,0,23,6,1,23,6,2,23,6,2,23,6,1,23,6,0,23,6,0,23,6,1,23,6,2,23,6,2,23,6
168.3,1,23,6,0,23,6,2,23,6,1,23,6,0,23,6,0,23,6,1,23,6,2,23,6,2,23,6,1,23,6,0,23,6,0,23,6,1,23,6,2,23,6,2,23,6
168.4,1,23,6,0,23,6,2,23,6,1,23,6,0,23,6,0,23,6,1,23,6,2,23,6,2,23,6,1,23,6,0,23,6,0,23,6,1,23,6,2,23,6,2,23,6
168.5,1,23,6,0,23,6,2,23,6,1,23,6,0,23,6,0,23,6,1,23,6,2,23,6,2,23,6,1,23,6,0,23,6,0,23,6,1,23,6,2,23,6,2,23,6
168.6,1,23,6,0,23,6,2,23,6,1,23,6,0,23,6,0,23,6,1,23,6,2,23,6,2,23,6,1,23,6,0,23,6,0,23,6,1,23,6,2,23,6,2,23,6
168.7,1,23,6,0,23,6,2,23,6,1,23,6,0,23,6,0,23,6,1,23,6,2,23,6,2,23,6,1,23,6,0,23,6,0,23,6,1,23,6,2,23,6,2,23,6
168.8,1,23,6,0,23,6,2,23,6,1,23,6,0,23,6,0,23,6,1,23,6,2,23,6,2,23,6,1,23,6,0,23,6,0,23,6,1,23,6,2,23,6,2,23,6
168.9,1,23,6,0,23,6,2,23,6,1,23,6,0,23,6,0,23,6,1,23,6,2,23,6,2,23,6,1,23,6,0,23,6,0,23,6,1,23,6,2,23,6,2,23,6
169,1,23,6,0,23,6,2,23,6,1,23,6,0,23,6,0,23,6,1,23,6,2,23,6,2,23,6,1,23,6,0,23,6,0,23,6,1,23,6,2,23,6,2,23,6
169.1,1,23,6,0,23,6,2,23,6,1,23,6,0,23,6,0,23,6,1,23,6,2,23,6,2,23,6,1,23,6,0,23,6,0,23,6,1,23,6,2,23,6,2,23,6
169.2,1,23,6,0,23,6,2,23,6,1,23,6,0,23,6,0,23,6,1,23,6,2,23,6,2,23,6,1,23,6,0,23,6,0,23,6,1,23,6,2,23,6,2,23,6
169.3,1,23,6,0,23,6,2,23,6,1,23,6,0,23,6,0,23,6,1,23,6,2,23,6,2,23,6,1,23,6,0,23,6,0,23,6,1,23,6,2,23,6,2,23,6
169.4,1,23,6,0,23,6,2,23,6,1,23,6,0,23,6,0,23,6,1,23,6,2,23,6,2,23,6,1,23,6,0,23,6,0,23,6,1,23,6,2,23,6,2,23,6
169.5,1,23,6,0,23,6,2,23,6,1,23,6,0,23,6,0,23,6,1,23,6,2,23,6,2,23,6,1,23,6,0,23,6,0,23,6,1,23,6,2,23,6,2,23,6
169.6,2,23,6,0,23,6,1,23,6,1,23,6,0,23,6,2,23,6,2,23,6,0,23,6,1,23,6,1,23,6,0,23,6,2,23,6,2,23,6,0,23,6,1,23,6
169.7,2,23,6,0,23,6,1,23,6,1,23,6,0,23,6,2,23,6,2,23,6,0,23,6,1,23,6,1,23,6,0,23,6,2,23,6,2,23,6,0,23,6,1,23,6
169.8,2,23,6,0,23,6,1,23,6,1,23,6,0,23,6,2,23,6,2,23,6,0,23,6,1,23,6,1,23,6,0,23,6,2,23,6,2,23,6,0,23,6,1,23,6
169.9,2,23,6,0,23,6,1,23,6,1,23,6,0,23,6,2,23,6,2,23,6,0,23,6,1,23,6,1,23,6,0,23,6,2,23,6,2,23,6,0,23,6,1,23,6
170,2,23,6,0,23,6,1,23,6,1,23,6,0,23,6,2,23,6,2,23,6,0,23,6,1,23,6,1,23,6,0,23,6,2,23,6,2,23,6,0,23,6,1,23,6
170.1,2,23,6,0,23,6,1,23,6,1,23,6,0,23,6,2,23,6,2,23,6,0,23,6,1,23,6,1,23,6,0,23,6,2,23,6,2,23,6,0,23,6,1,23,6
170.2,2,23,6,0,23,6,1,23,6,1,23,6,0,23,6,2,23,6,2,23,6,0,23,6,1,23,6,1,23,6,0,23,6,2,23,6,2,23,6,0,23,6,1,23,6
170.3,2,23,6,0,23,6,1,23,6,1,23,6,0,23,6,2,23,6,2,23,6,0,23,6,1,23,6,1,23,6,0,23,6,2,23,6,2,23,6,0,23,6,1,23,6
170.4,2,23,6,0,23,6,1,23,6,1,23,6,0,23,6,2,23,6,2,23,6,0,23,6,1,23,6,1,23,6,0,23,6,2,23,6,2,23,6,0,23,6,1,23,6
170.5,2,23,6,0,23,6,1,23,6,1,23,6,0,23,6,2,23,6,2,23,6,0,23,6,1,23,6,1,23,6,0,23,6,2,23,6,2,23,6,0,23,6,1,23,6
170.6,2,23,6,0,23,6,1,23,6,1,23,6,0,23,6,2,23,6,2,23,6,0,23,6,1,23,6,1,23,6,0,23,6,2,23,6,2,23,6,0,23,6,1,23,6
170.7,2,23,6,0,23,6,1,23,6,1,23,6,0,23,6,2,23,6,2,23,6,0,23,6,1,23,6,1,23,6,0,23,6,2,23,6,2,23,6,0,23,6,1,23,6
170.8,2,23,6,0,23,6,1,23,6,1,23,6,0,23,6,2,23,6,2,23,6,0,23,6,1,23,6,1,23,6,0,23,6,2,23,6,2,23,6,0,23,6,1,23,6
170.9,2,23,6,0,23,6,1,23,6,1,23,6,0,23,6,2,23,6,2,23,6,0,23,6,1,23,6,1,23,6,0,23,6,2,23,6,2,23,6,0,23,6,1,23,6
171,2,23,6,0,23,6,1,23,6,1,23,6,0,23,6,2,23,6,2,23,6,0,23,6,1,23,6,1,23,6,0,23,6,2,23,6,2,23,6,0,23,6,1,23,6
171.1,2,23,6,0,23,6,1,23,6,1,23,6,0,23,6,2,23,6,2,23,6,0,23,6,1,23,6,1,23,6,0,23,6,2,23,6,2,23,6,0,23,6,1,23,6
171.2,2,23,6,0,23,6,1,23,6,1,23,6,0,23,6,2,23,6,2,23,6,0,23,6,1,23,6,1,23,6,0,23,6,2,23,6,2,23,6,0,23,6,1,23,6
171.3,2,23,6,0,23,6,1,23,6,1,23,6,0,23,6,2,23,6,2,23,6,0,23,6,1,23,6,1,23,6,0,23,6,2,23,6,2,23,6,0,23,6,1,23,6
171.4,2,23,6,0,23,6,1,23,6,1,23,6,0,23,6,2,23,6,2,23,6,0,23,6,1,23,6,1,23,6,0,23,6,2,23,6,2,23,6,0,23,6,1,23,6
171.5,2,23,6,0,23,6,1,23,6,1,23,6,0,23,6,2,23,6,2,23,6,0,23,6,1,23,6,1,23,6,0,23,6,2,23,6,2,23,6,0,23,6,1,23,6
171.6,2,23,6,0,23,6,1,23,6,1,23,6,0,23,6,2,23,6,2,23,6,0,23,6,1,23,6,1,23,6,0,23,6,2,23,6,2,23,6,0,23,6,1,23,6
171.7,2,23,6,0,23,6,1,23,6,1,23,6,0,23,6,2,23,6,2,23,6,0,23,6,1,23,6,1,23,6,0,23,6,2,23,6,2,23,6,0,23,6,1,23,6
171.8,2,23,6,0,23,6,1,23,6,1,23,6,0,23,6,2,23,6,2,23,6,0,23,6,1,23,6,1,23,6,0,23,6,2,23,6,2,23,6,0,23,6,1,23,6
171.9,2,23,6,0,23,6,1,23,6,1,23,6,0,23,6,2,23,6,2,23,6,0,23,6,1,23,6,1,23,6,0,23,6,2,23,6,2,23,6,0,23,6,1,23,6
172,2,23,6,0,23,6,1,23,6,1,23,6,0,23,6,2,23,6,2,23,6,0,23,6,1,23,6,1,23,6,0,23,6,2,23,6,2,23,6,0,23,6,1,23,6
172.1,2,23,6,0,23,6,1,23,6,1,23,6,0,23,6,2,23,6,2,23,6,0,23,6,1,23,6,1,23,6,0,23,6,2,23,6,2,23,6,0,23,6,1,23,6
172.2,2,23,6,0,23,6,1,23,6,1,23,6,0,23,6,2,23,6,2,23,6,0,23,6,1,23,6,1,23,6,0,23,6,2,23,6,2,23,6,0,23,6,1,23,6
172.3,2,23,6,0,23,6,1,23,6,1,23,6,0,23,6,2,23,6,2,23,6,0,23,6,1,23,6,1,23,6,0,23,6,2,23,6,2,23,6,0,23,6,1,23,6
172.4,2,23,6,0,23,6,1,23,6,1,23,6,0,23,6,2,23,6,2,23,6,0,23,6,1,23,6,1,23,6,0,23,6,2,23,6,2,23,6,0,23,6,1,23,6
172.5,2,23,6,0,23,6,1,23,6,1,23,6,0,23,6,2,23,6,2,23,6,0,23,6,1,23,6,1,23,6,0,23,6,2,23,6,2,23,6,0,23,6,1,23,6
172.6,2,23,6,0,23,6,1,23,6,1,23,6,0,23,6,2,23,6,2,23,6,0,23,6,1,23,6,1,23,6,0,23,6,2,23,6,2,23,6,0,23,6,1,23,6
172.7,2,23,6,0,23,6,1,23,6,1,23,6,0,23,6,2,23,6,2,23,6,0,23,6,1,23,6,1,23,6,0,23,6,2,23,6,2,23,6,0,23,6,1,23,6
172.8,2,23,6,0,23,6,1,23,6,1,23,6,0,23,6,2,23,6,2,23,6,0,23,6,1,23,6,1,23,6,0,23,6,2,23,6,2,23,6,0,23,6,1,23,6
172.9,2,23,6,0,23,6,1,23,6,1,23,6,0,23,6,2,23,6,2,23,6,0,23,6,1,23,6,1,23,6,0,23,6,2,23,6,2,23,6,0,23,6,1,23,6
173,2,23,6,0,23,6,1,23,6,1,23,6,0,23,6,2,23,6,2,23,6,0,23,6,1,23,6,1,23,6,0,23,6,2,23,6,2,23,6,0,23,6,1,23,6
173.1,2,23,6,0,23,6,1,23,6,1,23,6,0,23,6,2,23,6,2,23,6,0,23,6,1,23,6,1,23,6,0,23,6,2,23,6,2,23,6,0,23,6,1,23,6
173.2,2,23,6,0,23,6,1,23,6,1,23,6,0,23,6,2,23,6,2,23,6,0,23,6,1,23,6,1,23,6,0,23,6,2,23,6,2,23,6,0,23,6,1,23,6
