{
  "simulation_info": {
    "data_directory": "output/run_4a5e36da",
    "analysis_date": "2026-03-11 17:57:35"
  },
  "qos_performance": {
    "avg_pdr": 0.5835097860696518,
    "min_pdr": 0.0,
    "max_pdr": 0.9850097014925373,
    "std_pdr": 0.365238724596435,
    "avg_delay_ms": 1.3911891890547265,
    "min_delay_ms": 0.0,
    "max_delay_ms": 3.7559350746268665,
    "std_delay_ms": 1.1727522972223852,
    "avg_throughput_mbps": 0.10926274309452737,
    "total_throughput_mbps": 1.6389411464179104,
    "std_throughput_mbps": 0.06891038737105841
  },
  "resource_allocation": {
    "channel_distribution": {
      "0": 154,
      "1": 28,
      "2": 28
    },
    "avg_power": 19.69671095238095,
    "min_power": 18.0963,
    "max_power": 22.6605,
    "std_power": 1.541278873922577,
    "avg_rate": 6.151644238095239,
    "min_rate": 4.66975,
    "max_rate": 6.95183,
    "std_rate": 0.7706404266331857,
    "avg_interference": 0.07800000000000001,
    "max_interference": 0.08
  },
  "topology_evolution": {
    "avg_links": 102.0,
    "min_links": 102,
    "max_links": 102,
    "avg_connectivity": 0.971429
  }
}