{
  "simulation_info": {
    "data_directory": "output/run_873276de",
    "analysis_date": "2026-03-10 11:09:42"
  },
  "qos_performance": {
    "avg_pdr": 0.040566415089999995,
    "min_pdr": 0.0,
    "max_pdr": 0.47894994999999996,
    "std_pdr": 0.11853877109594485,
    "avg_delay_ms": 2.7149857933333337,
    "min_delay_ms": 0.0,
    "max_delay_ms": 36.10160700000001,
    "std_delay_ms": 8.96149769184394,
    "avg_throughput_mbps": 0.008131605700333333,
    "total_throughput_mbps": 0.121974085505,
    "std_throughput_mbps": 0.023655308540095694
  },
  "resource_allocation": {
    "channel_distribution": {
      "0": 494,
      "1": 53,
      "2": 53
    },
    "avg_power": 16.8383335,
    "min_power": 11.8992,
    "max_power": 28.6708,
    "std_power": 3.4128743125137366,
    "avg_rate": 7.580834016666666,
    "min_rate": 1.66458,
    "max_rate": 10.0504,
    "std_rate": 1.7064368187383743,
    "avg_interference": 0.07824999999999999,
    "max_interference": 0.08
  },
  "topology_evolution": {
    "avg_links": 102.316,
    "min_links": 93,
    "max_links": 105,
    "avg_connectivity": 0.974438181
  }
}