time,node_id,channel,tx_power,data_rate,neighbors,interference_dBm,worst_sinr_dB
0.1,0,2,23,6,10,-78.2358,-26.306
0.1,1,0,23,6,11,-78.5906,-26.5814
0.1,2,1,23,6,11,-78.5994,-26.5826
0.1,3,1,23,6,12,-77.7043,-27.5653
0.1,4,0,23,6,12,-77.7166,-27.5665
0.1,5,2,23,6,11,-77.7223,-26.5528
0.1,6,2,23,6,11,-77.7623,-26.5532
0.1,7,0,23,6,10,-78.2023,-26.6218
0.1,8,1,23,6,10,-78.2458,-26.6231
0.1,9,1,23,6,9,-79.0691,-27.778
0.1,10,0,23,6,9,-79.1519,-27.7788
0.1,11,2,23,6,6,-79.6185,-26.9241
0.1,12,2,23,6,6,-79.6656,-26.9238
0.1,13,0,23,6,5,-79.9279,-26.5581
0.1,14,1,23,6,5,-79.9744,-26.5584
0.2,0,2,23,6,10,-78.235,-26.308
0.2,1,0,23,6,11,-78.5899,-26.5845
0.2,2,1,23,6,11,-78.599,-26.5803
0.2,3,1,23,6,12,-77.7037,-27.5681
0.2,4,0,23,6,12,-77.716,-27.5647
0.2,5,2,23,6,11,-77.7214,-26.5523
0.2,6,2,23,6,11,-77.7621,-26.5552
0.2,7,0,23,6,10,-78.2019,-26.6229
0.2,8,1,23,6,10,-78.2459,-26.6248
0.2,9,1,23,6,9,-79.0684,-27.7781
0.2,10,0,23,6,9,-79.1521,-27.7792
0.2,11,2,23,6,6,-79.6181,-26.9248
0.2,12,2,23,6,6,-79.6637,-26.9227
0.2,13,0,23,6,5,-79.9272,-26.5579
0.2,14,1,23,6,5,-79.9738,-26.558
0.3,0,2,23,6,10,-78.2337,-26.3053
0.3,1,0,23,6,11,-78.5882,-26.5806
0.3,2,1,23,6,11,-78.5983,-26.5756
0.3,3,1,23,6,12,-77.7052,-27.5665
0.3,4,0,23,6,12,-77.7158,-27.5602
0.3,5,2,23,6,11,-77.7211,-26.549
0.3,6,2,23,6,11,-77.7635,-26.5534
0.3,7,0,23,6,10,-78.2007,-26.628
0.3,8,1,23,6,10,-78.2424,-26.6181
0.3,9,1,23,6,9,-79.0671,-27.7779
0.3,10,0,23,6,9,-79.1509,-27.7824
0.3,11,2,23,6,6,-79.6185,-26.9302
0.3,12,2,23,6,6,-79.662,-26.922
0.3,13,0,23,6,5,-79.9276,-26.5633
0.3,14,1,23,6,5,-79.9739,-26.5584
0.4,0,2,23,6,10,-78.2315,-26.2952
0.4,1,0,23,6,11,-78.5855,-26.5681
0.4,2,1,23,6,11,-78.5973,-26.5679
0.4,3,1,23,6,12,-77.7082,-27.5585
0.4,4,0,23,6,12,-77.7156,-27.5524
0.4,5,2,23,6,11,-77.7205,-26.5416
0.4,6,2,23,6,11,-77.7659,-26.5489
0.4,7,0,23,6,10,-78.1978,-26.6363
0.4,8,1,23,6,10,-78.2351,-26.6041
0.4,9,1,23,6,9,-79.0645,-27.7765
0.4,10,0,23,6,9,-79.1487,-27.7878
0.4,11,2,23,6,6,-79.6189,-26.9409
0.4,12,2,23,6,6,-79.661,-26.9219
0.4,13,0,23,6,5,-79.9283,-26.5727
0.4,14,1,23,6,5,-79.9755,-26.56
0.5,0,2,23,6,10,-78.2291,-26.2933
0.5,1,0,23,6,11,-78.5827,-26.5642
0.5,2,1,23,6,11,-78.596,-26.5578
0.5,3,1,23,6,12,-77.7107,-27.5577
0.5,4,0,23,6,12,-77.7149,-27.5424
0.5,5,2,23,6,11,-77.7214,-26.5364
0.5,6,2,23,6,11,-77.7682,-26.5427
0.5,7,0,23,6,10,-78.1942,-26.642
0.5,8,1,23,6,10,-78.23,-26.5976
0.5,9,1,23,6,9,-79.0611,-27.7734
0.5,10,0,23,6,9,-79.1481,-27.7991
0.5,11,2,23,6,6,-79.5785,-26.9508
0.5,12,2,23,6,6,-79.6583,-26.9201
0.5,13,0,23,6,5,-79.9292,-26.5865
0.5,14,1,23,6,5,-79.9758,-26.5597
0.6,0,2,23,6,10,-78.2266,-26.2914
0.6,1,0,23,6,11,-78.5792,-26.5603
0.6,2,1,23,6,11,-78.5948,-26.5513
0.6,3,1,23,6,12,-77.7124,-27.5565
0.6,4,0,23,6,12,-77.7145,-27.5375
0.6,5,2,23,6,11,-77.7215,-26.5302
0.6,6,2,23,6,11,-77.7708,-26.5434
0.6,7,0,23,6,10,-78.1903,-26.6441
0.6,8,1,23,6,10,-78.2266,-26.5938
0.6,9,1,23,6,9,-79.0559,-27.7687
0.6,10,0,23,6,9,-79.1487,-27.8115
0.6,11,2,23,6,6,-79.5757,-26.958
0.6,12,2,23,6,6,-79.6575,-26.9196
0.6,13,0,23,6,5,-79.9281,-26.5976
0.6,14,1,23,6,5,-79.9779,-26.5605
0.7,0,2,23,6,10,-78.2246,-26.2894
0.7,1,0,23,6,11,-78.576,-26.5563
0.7,2,1,23,6,11,-78.5939,-26.545
0.7,3,1,23,6,12,-77.7144,-27.5549
0.7,4,0,23,6,12,-77.7142,-27.5331
0.7,5,2,23,6,11,-77.7215,-26.5238
0.7,6,2,23,6,11,-77.7735,-26.5451
0.7,7,0,23,6,10,-78.1864,-26.6446
0.7,8,1,23,6,10,-78.2246,-26.5915
0.7,9,1,23,6,9,-79.0503,-27.7621
0.7,10,0,23,6,9,-79.1505,-27.8254
0.7,11,2,23,6,6,-79.5726,-26.9644
0.7,12,2,23,6,6,-79.6584,-26.9197
0.7,13,0,23,6,5,-79.9264,-26.6084
0.7,14,1,23,6,5,-79.981,-26.5611
0.8,0,2,23,6,10,-78.2225,-26.2842
0.8,1,0,23,6,11,-78.5732,-26.5496
0.8,2,1,23,6,11,-78.5931,-26.5392
0.8,3,1,23,6,12,-77.7162,-27.5499
0.8,4,0,23,6,12,-77.7143,-27.5289
0.8,5,2,23,6,11,-77.7217,-26.514
0.8,6,2,23,6,11,-77.7777,-26.5479
0.8,7,0,23,6,10,-78.1824,-26.6459
0.8,8,1,23,6,10,-78.2235,-26.592
0.8,9,1,23,6,9,-79.0451,-27.7596
0.8,10,0,23,6,9,-79.1527,-27.8394
0.8,11,2,23,6,6,-79.5693,-26.9703
0.8,12,2,23,6,6,-79.6605,-26.9205
0.8,13,0,23,6,5,-79.9246,-26.6185
0.8,14,1,23,6,5,-79.9862,-26.5672
0.9,0,2,23,6,10,-78.2205,-26.284
0.9,1,0,23,6,11,-78.5706,-26.5481
0.9,2,1,23,6,11,-78.5922,-26.534
0.9,3,1,23,6,12,-77.7177,-27.5497
0.9,4,0,23,6,12,-77.7137,-27.5256
0.9,5,2,23,6,11,-77.7216,-26.5043
0.9,6,2,23,6,11,-77.781,-26.5513
0.9,7,0,23,6,10,-78.1786,-26.6459
0.9,8,1,23,6,10,-78.2232,-26.5931
0.9,9,1,23,6,9,-79.0397,-27.7562
0.9,10,0,23,6,9,-79.1554,-27.8538
0.9,11,2,23,6,6,-79.5658,-26.9752
0.9,12,2,23,6,6,-79.6619,-26.9202
0.9,13,0,23,6,5,-79.9225,-26.6279
0.9,14,1,23,6,5,-79.9905,-26.5716
1,0,2,23,6,10,-78.2182,-26.2842
1,1,0,23,6,11,-78.5668,-26.5471
1,2,1,23,6,11,-78.5911,-26.5333
1,3,1,23,6,12,-77.7181,-27.5495
1,4,0,23,6,12,-77.713,-27.5277
1,5,2,23,6,11,-77.7209,-26.4953
1,6,2,23,6,11,-77.7843,-26.5625
1,7,0,23,6,10,-78.1747,-26.6442
1,8,1,23,6,10,-78.2237,-26.5963
1,9,1,23,6,9,-79.0326,-27.7515
1,10,0,23,6,9,-79.1586,-27.8673
1,11,2,23,6,6,-79.5603,-26.9769
1,12,2,23,6,6,-79.6641,-26.9202
1,13,0,23,6,5,-79.9183,-26.6337
1,14,1,23,6,5,-79.9953,-26.576
1.1,0,2,23,6,10,-78.2143,-26.2843
1.1,1,0,23,6,11,-78.5616,-26.5463
1.1,2,1,23,6,11,-78.589,-26.5286
1.1,3,1,23,6,12,-77.7173,-27.5492
1.1,4,0,23,6,12,-77.7123,-27.5276
1.1,5,2,23,6,11,-77.7193,-26.4868
1.1,6,2,23,6,11,-77.7872,-26.5818
1.1,7,0,23,6,10,-78.1694,-26.6419
1.1,8,1,23,6,10,-78.2251,-26.6088
1.1,9,1,23,6,9,-79.0234,-27.7448
1.1,10,0,23,6,9,-79.1623,-27.8814
1.1,11,2,23,6,6,-79.5527,-26.975
1.1,12,2,23,6,6,-79.6671,-26.9208
1.1,13,0,23,6,5,-79.9119,-26.6365
1.1,14,1,23,6,5,-80.0003,-26.5796
1.2,0,2,23,6,10,-78.2088,-26.2851
1.2,1,0,23,6,11,-78.5549,-26.5462
1.2,2,1,23,6,11,-78.5859,-26.5206
1.2,3,1,23,6,12,-77.7152,-27.5493
1.2,4,0,23,6,12,-77.7112,-27.5258
1.2,5,2,23,6,11,-77.7167,-26.4781
1.2,6,2,23,6,11,-77.7901,-26.6095
1.2,7,0,23,6,10,-78.1624,-26.6387
1.2,8,1,23,6,10,-78.2272,-26.6309
1.2,9,1,23,6,9,-79.0122,-27.7374
1.2,10,0,23,6,9,-79.1666,-27.8957
1.2,11,2,23,6,6,-79.5426,-26.9694
1.2,12,2,23,6,6,-79.6708,-26.9212
1.2,13,0,23,6,5,-79.9032,-26.6355
1.2,14,1,23,6,5,-80.0059,-26.5841
1.3,0,2,23,6,10,-78.2029,-26.2848
1.3,1,0,23,6,11,-78.5465,-26.5451
1.3,2,1,23,6,11,-78.5824,-26.5191
1.3,3,1,23,6,12,-77.7114,-27.5482
1.3,4,0,23,6,12,-77.71,-27.5314
1.3,5,2,23,6,11,-77.7132,-26.4703
1.3,6,2,23,6,11,-77.7926,-26.6451
1.3,7,0,23,6,10,-78.1555,-26.6348
1.3,8,1,23,6,10,-78.2296,-26.6532
1.3,9,1,23,6,9,-78.9988,-27.7276
1.3,10,0,23,6,9,-79.1709,-27.9092
1.3,11,2,23,6,6,-79.5302,-26.96
1.3,12,2,23,6,6,-79.6751,-26.9226
1.3,13,0,23,6,5,-79.8496,-26.6308
1.3,14,1,23,6,5,-80.0116,-26.5875
1.4,0,2,23,6,10,-78.1972,-26.2857
1.4,1,0,23,6,11,-78.5383,-26.5453
1.4,2,1,23,6,11,-78.579,-26.5283
1.4,3,1,23,6,12,-77.7064,-27.5479
1.4,4,0,23,6,12,-77.7087,-27.5467
1.4,5,2,23,6,11,-77.7086,-26.4629
1.4,6,2,23,6,11,-77.7947,-26.6782
1.4,7,0,23,6,10,-78.1489,-26.6297
1.4,8,1,23,6,10,-78.2327,-26.6751
1.4,9,1,23,6,9,-78.9863,-27.7183
1.4,10,0,23,6,9,-79.1756,-27.9223
1.4,11,2,23,6,6,-79.5152,-26.9471
1.4,12,2,23,6,6,-79.6796,-26.9234
1.4,13,0,23,6,5,-79.8353,-26.6223
1.4,14,1,23,6,5,-80.0173,-26.591
1.5,0,2,23,6,10,-78.1916,-26.2866
1.5,1,0,23,6,11,-78.5301,-26.5459
1.5,2,1,23,6,11,-78.5757,-26.5474
1.5,3,1,23,6,12,-77.6997,-27.5477
1.5,4,0,23,6,12,-77.7075,-27.5711
1.5,5,2,23,6,11,-77.703,-26.4563
1.5,6,2,23,6,11,-77.7965,-26.7099
1.5,7,0,23,6,10,-78.1427,-26.6239
1.5,8,1,23,6,10,-78.236,-26.6961
1.5,9,1,23,6,9,-78.9745,-27.7089
1.5,10,0,23,6,9,-79.1801,-27.9341
1.5,11,2,23,6,6,-79.4979,-26.9306
1.5,12,2,23,6,6,-79.6843,-26.9246
1.5,13,0,23,6,5,-79.8182,-26.6093
1.5,14,1,23,6,5,-80.023,-26.5942
1.6,0,2,23,6,10,-78.1865,-26.2867
1.6,1,0,23,6,11,-78.5221,-26.5457
1.6,2,1,23,6,11,-78.5724,-26.5662
1.6,3,1,23,6,12,-77.6929,-27.5468
1.6,4,0,23,6,12,-77.7062,-27.5946
1.6,5,2,23,6,11,-77.6965,-26.4506
1.6,6,2,23,6,11,-77.7981,-26.7396
1.6,7,0,23,6,10,-78.1368,-26.6177
1.6,8,1,23,6,10,-78.2394,-26.7168
1.6,9,1,23,6,9,-78.9633,-27.6992
1.6,10,0,23,6,9,-79.1846,-27.9452
1.6,11,2,23,6,6,-79.4813,-26.914
1.6,12,2,23,6,6,-79.6893,-26.9265
1.6,13,0,23,6,5,-79.7986,-26.5927
1.6,14,1,23,6,5,-80.0287,-26.5971
1.7,0,2,23,6,10,-78.1819,-26.2878
1.7,1,0,23,6,11,-78.5151,-26.5466
1.7,2,1,23,6,11,-78.5695,-26.5843
1.7,3,1,23,6,12,-77.6865,-27.5464
1.7,4,0,23,6,12,-77.7051,-27.617
1.7,5,2,23,6,11,-77.6903,-26.4456
1.7,6,2,23,6,11,-77.7732,-26.7664
1.7,7,0,23,6,10,-78.1315,-26.6123
1.7,8,1,23,6,10,-78.243,-26.7355
1.7,9,1,23,6,9,-78.9531,-27.6898
1.7,10,0,23,6,9,-79.1891,-27.9553
1.7,11,2,23,6,6,-79.466,-26.8988
1.7,12,2,23,6,6,-79.694,-26.9271
1.7,13,0,23,6,5,-79.7802,-26.5769
1.7,14,1,23,6,5,-80.034,-26.5991
1.8,0,2,23,6,10,-78.1779,-26.2888
1.8,1,0,23,6,11,-78.5088,-26.5474
1.8,2,1,23,6,11,-78.567,-26.6022
1.8,3,1,23,6,12,-77.6803,-27.546
1.8,4,0,23,6,12,-77.704,-27.6384
1.8,5,2,23,6,11,-77.6845,-26.4412
1.8,6,2,23,6,11,-77.7741,-26.7898
1.8,7,0,23,6,10,-78.1265,-26.6056
1.8,8,1,23,6,10,-78.2467,-26.7537
1.8,9,1,23,6,9,-78.944,-27.6809
1.8,10,0,23,6,9,-79.1934,-27.9643
1.8,11,2,23,6,6,-79.4514,-26.884
1.8,12,2,23,6,6,-79.6988,-26.9285
1.8,13,0,23,6,5,-79.7629,-26.5612
1.8,14,1,23,6,5,-80.039,-26.601
1.9,0,2,23,6,10,-78.1745,-26.2979
1.9,1,0,23,6,11,-78.5034,-26.5484
1.9,2,1,23,6,11,-78.5646,-26.6182
1.9,3,1,23,6,12,-77.6746,-27.5457
1.9,4,0,23,6,12,-77.703,-27.6576
1.9,5,2,23,6,11,-77.6789,-26.4382
1.9,6,2,23,6,11,-77.7747,-26.8111
1.9,7,0,23,6,10,-78.122,-26.5991
1.9,8,1,23,6,10,-78.2503,-26.7703
1.9,9,1,23,6,9,-78.9357,-27.672
1.9,10,0,23,6,9,-79.1973,-27.9719
1.9,11,2,23,6,6,-79.4382,-26.8701
1.9,12,2,23,6,6,-79.7033,-26.9295
1.9,13,0,23,6,5,-79.7466,-26.546
1.9,14,1,23,6,5,-80.0437,-26.6022
2,0,2,23,6,10,-78.1714,-26.3115
2,1,0,23,6,11,-78.4987,-26.5496
2,2,1,23,6,11,-78.5627,-26.6343
2,3,1,23,6,12,-77.6691,-27.5453
2,4,0,23,6,12,-77.7021,-27.6762
2,5,2,23,6,11,-77.6737,-26.4354
2,6,2,23,6,11,-77.775,-26.8294
2,7,0,23,6,10,-78.1181,-26.5929
2,8,1,23,6,10,-78.2538,-26.785
2,9,1,23,6,9,-78.9286,-27.6638
2,10,0,23,6,9,-79.2011,-27.9781
2,11,2,23,6,6,-79.4261,-26.8577
2,12,2,23,6,6,-79.7076,-26.9307
2,13,0,23,6,5,-79.7318,-26.5315
2,14,1,23,6,5,-80.0479,-26.6031
2.1,0,2,23,6,10,-78.1692,-26.3244
2.1,1,0,23,6,11,-78.4949,-26.5511
2.1,2,1,23,6,11,-78.561,-26.6488
2.1,3,1,23,6,12,-77.6642,-27.5452
2.1,4,0,23,6,12,-77.7012,-27.6926
2.1,5,2,23,6,11,-77.6689,-26.4338
2.1,6,2,23,6,11,-77.7751,-26.8448
2.1,7,0,23,6,10,-78.1148,-26.5866
2.1,8,1,23,6,10,-78.2574,-26.7982
2.1,9,1,23,6,9,-78.9224,-27.656
2.1,10,0,23,6,9,-79.2045,-27.9833
2.1,11,2,23,6,6,-79.4154,-26.8457
2.1,12,2,23,6,6,-79.7116,-26.9316
2.1,13,0,23,6,5,-79.7184,-26.518
2.1,14,1,23,6,5,-80.0516,-26.6035
2.2,0,2,23,6,10,-78.1672,-26.3365
2.2,1,0,23,6,11,-78.4917,-26.5527
2.2,2,1,23,6,11,-78.5595,-26.6622
2.2,3,1,23,6,12,-77.6597,-27.5452
2.2,4,0,23,6,12,-77.7004,-27.7076
2.2,5,2,23,6,11,-77.6647,-26.4331
2.2,6,2,23,6,11,-77.7749,-26.8578
2.2,7,0,23,6,10,-78.1118,-26.5809
2.2,8,1,23,6,10,-78.2607,-26.8097
2.2,9,1,23,6,9,-78.917,-27.6489
2.2,10,0,23,6,9,-79.2076,-27.9875
2.2,11,2,23,6,6,-79.4058,-26.835
2.2,12,2,23,6,6,-79.7152,-26.9321
2.2,13,0,23,6,5,-79.7065,-26.5058
2.2,14,1,23,6,5,-80.0548,-26.6033
2.3,0,2,23,6,10,-78.1659,-26.3476
2.3,1,0,23,6,11,-78.4894,-26.5545
2.3,2,1,23,6,11,-78.5584,-26.674
2.3,3,1,23,6,12,-77.6557,-27.5453
2.3,4,0,23,6,12,-77.6997,-27.7204
2.3,5,2,23,6,11,-77.6609,-26.4331
2.3,6,2,23,6,11,-77.7746,-26.8676
2.3,7,0,23,6,10,-78.1095,-26.5757
2.3,8,1,23,6,10,-78.2638,-26.8195
2.3,9,1,23,6,9,-78.913,-27.6424
2.3,10,0,23,6,9,-79.2104,-27.9898
2.3,11,2,23,6,6,-79.3979,-26.8256
2.3,12,2,23,6,6,-79.7184,-26.9327
2.3,13,0,23,6,5,-79.696,-26.4939
2.3,14,1,23,6,5,-80.0574,-26.6025
2.4,0,2,23,6,10,-78.1649,-26.3582
2.4,1,0,23,6,11,-78.4878,-26.5557
2.4,2,1,23,6,11,-78.5574,-26.6851
2.4,3,1,23,6,12,-77.652,-27.5449
2.4,4,0,23,6,12,-77.699,-27.732
2.4,5,2,23,6,11,-77.6575,-26.4338
2.4,6,2,23,6,11,-77.7739,-26.8741
2.4,7,0,23,6,10,-78.1076,-26.571
2.4,8,1,23,6,10,-78.2665,-26.8276
2.4,9,1,23,6,9,-78.9102,-27.6371
2.4,10,0,23,6,9,-79.2125,-27.991
2.4,11,2,23,6,6,-79.3911,-26.8173
2.4,12,2,23,6,6,-79.7213,-26.933
2.4,13,0,23,6,5,-79.6872,-26.4834
2.4,14,1,23,6,5,-80.0594,-26.6014
2.5,0,2,23,6,10,-78.1646,-26.3676
2.5,1,0,23,6,11,-78.4869,-26.5578
2.5,2,1,23,6,11,-78.5568,-26.6944
2.5,3,1,23,6,12,-77.649,-27.5452
2.5,4,0,23,6,12,-77.6985,-27.7413
2.5,5,2,23,6,11,-77.6547,-26.4353
2.5,6,2,23,6,11,-77.7731,-26.8783
2.5,7,0,23,6,10,-78.1064,-26.5667
2.5,8,1,23,6,10,-78.2691,-26.8336
2.5,9,1,23,6,9,-78.9082,-27.6324
2.5,10,0,23,6,9,-79.2145,-27.9908
2.5,11,2,23,6,6,-79.386,-26.8103
2.5,12,2,23,6,6,-79.7236,-26.9329
2.5,13,0,23,6,5,-79.68,-26.4738
2.5,14,1,23,6,5,-80.061,-26.6001
2.6,0,2,23,6,10,-78.1645,-26.3762
2.6,1,0,23,6,11,-78.4866,-26.5602
2.6,2,1,23,6,11,-78.5565,-26.7027
2.6,3,1,23,6,12,-77.6465,-27.546
2.6,4,0,23,6,12,-77.6979,-27.7492
2.6,5,2,23,6,11,-77.6523,-26.4376
2.6,6,2,23,6,11,-77.772,-26.88
2.6,7,0,23,6,10,-78.1057,-26.563
2.6,8,1,23,6,10,-78.2714,-26.8376
2.6,9,1,23,6,9,-78.9072,-27.6282
2.6,10,0,23,6,9,-79.2159,-27.99
2.6,11,2,23,6,6,-79.3821,-26.8048
2.6,12,2,23,6,6,-79.7253,-26.9328
2.6,13,0,23,6,5,-79.6744,-26.4661
2.6,14,1,23,6,5,-80.0618,-26.5977
2.7,0,2,23,6,10,-78.1649,-26.3843
2.7,1,0,23,6,11,-78.4872,-26.5623
2.7,2,1,23,6,11,-78.5563,-26.7101
2.7,3,1,23,6,12,-77.6443,-27.5464
2.7,4,0,23,6,12,-77.6975,-27.7556
2.7,5,2,23,6,11,-77.6504,-26.4408
2.7,6,2,23,6,11,-77.7708,-26.8791
2.7,7,0,23,6,10,-78.1055,-26.56
2.7,8,1,23,6,10,-78.2733,-26.8404
2.7,9,1,23,6,9,-78.9074,-27.6253
2.7,10,0,23,6,9,-79.2169,-27.9868
2.7,11,2,23,6,6,-79.3795,-26.8001
2.7,12,2,23,6,6,-79.7266,-26.9324
2.7,13,0,23,6,5,-79.6703,-26.4582
2.7,14,1,23,6,5,-80.062,-26.5954
2.8,0,2,23,6,10,-78.1657,-26.3908
2.8,1,0,23,6,11,-78.4882,-26.5646
2.8,2,1,23,6,11,-78.5563,-26.7155
2.8,3,1,23,6,12,-77.6426,-27.5471
2.8,4,0,23,6,12,-77.697,-27.7597
2.8,5,2,23,6,11,-77.649,-26.4442
2.8,6,2,23,6,11,-77.7693,-26.8757
2.8,7,0,23,6,10,-78.1058,-26.5574
2.8,8,1,23,6,10,-78.2749,-26.8411
2.8,9,1,23,6,9,-78.9083,-27.6234
2.8,10,0,23,6,9,-79.2174,-27.9834
2.8,11,2,23,6,6,-79.3783,-26.7966
2.8,12,2,23,6,6,-79.7274,-26.9321
2.8,13,0,23,6,5,-79.6677,-26.4526
2.8,14,1,23,6,5,-80.0618,-26.5931
2.9,0,2,23,6,10,-78.1669,-26.397
2.9,1,0,23,6,11,-78.4897,-26.5663
2.9,2,1,23,6,11,-78.5566,-26.7201
2.9,3,1,23,6,12,-77.6414,-27.5474
2.9,4,0,23,6,12,-77.6967,-27.7625
2.9,5,2,23,6,11,-77.6481,-26.4484
2.9,6,2,23,6,11,-77.7677,-26.8704
2.9,7,0,23,6,10,-78.1067,-26.5557
2.9,8,1,23,6,10,-78.2761,-26.84
2.9,9,1,23,6,9,-78.9103,-27.6224
2.9,10,0,23,6,9,-79.2174,-27.9782
2.9,11,2,23,6,6,-79.3784,-26.7942
2.9,12,2,23,6,6,-79.7279,-26.9316
2.9,13,0,23,6,5,-79.6666,-26.4474
2.9,14,1,23,6,5,-80.061,-26.5904
3,0,2,23,6,10,-78.1682,-26.4016
3,1,0,23,6,11,-78.4918,-26.5682
3,2,1,23,6,11,-78.557,-26.7231
3,3,1,23,6,12,-77.6405,-27.548
3,4,0,23,6,12,-77.6964,-27.7634
3,5,2,23,6,11,-77.6475,-26.453
3,6,2,23,6,11,-77.7658,-26.8622
3,7,0,23,6,10,-78.1078,-26.5545
3,8,1,23,6,10,-78.2769,-26.8376
3,9,1,23,6,9,-78.9131,-27.6224
3,10,0,23,6,9,-79.217,-27.972
3,11,2,23,6,6,-79.3797,-26.7934
3,12,2,23,6,6,-79.7277,-26.9311
3,13,0,23,6,5,-79.667,-26.4434
3,14,1,23,6,5,-80.0594,-26.5872
3.1,0,2,23,6,10,-78.17,-26.405
3.1,1,0,23,6,11,-78.4944,-26.5709
3.1,2,1,23,6,11,-78.5575,-26.7244
3.1,3,1,23,6,12,-77.6403,-27.5494
3.1,4,0,23,6,12,-77.6962,-27.7626
3.1,5,2,23,6,11,-77.6476,-26.4587
3.1,6,2,23,6,11,-77.764,-26.853
3.1,7,0,23,6,10,-78.1095,-26.5542
3.1,8,1,23,6,10,-78.2776,-26.8337
3.1,9,1,23,6,9,-78.9167,-27.6232
3.1,10,0,23,6,9,-79.2161,-27.9649
3.1,11,2,23,6,6,-79.3823,-26.7933
3.1,12,2,23,6,6,-79.7269,-26.9297
3.1,13,0,23,6,5,-79.6688,-26.4406
3.1,14,1,23,6,5,-80.0574,-26.5837
3.2,0,2,23,6,10,-78.172,-26.408
3.2,1,0,23,6,11,-78.4973,-26.5726
3.2,2,1,23,6,11,-78.5583,-26.7253
3.2,3,1,23,6,12,-77.6403,-27.55
3.2,4,0,23,6,12,-77.6961,-27.7608
3.2,5,2,23,6,11,-77.6479,-26.464
3.2,6,2,23,6,11,-77.762,-26.8416
3.2,7,0,23,6,10,-78.1116,-26.5546
3.2,8,1,23,6,10,-78.2776,-26.828
3.2,9,1,23,6,9,-78.921,-27.6249
3.2,10,0,23,6,9,-79.215,-27.9569
3.2,11,2,23,6,6,-79.3859,-26.7945
3.2,12,2,23,6,6,-79.7258,-26.9288
3.2,13,0,23,6,5,-79.6719,-26.4389
3.2,14,1,23,6,5,-80.0549,-26.5804
3.3,0,2,23,6,10,-78.1742,-26.41
3.3,1,0,23,6,11,-78.5008,-26.5749
3.3,2,1,23,6,11,-78.5592,-26.7249
3.3,3,1,23,6,12,-77.6407,-27.5512
3.3,4,0,23,6,12,-77.6959,-27.7573
3.3,5,2,23,6,11,-77.6487,-26.4703
3.3,6,2,23,6,11,-77.7598,-26.8281
3.3,7,0,23,6,10,-78.1142,-26.5556
3.3,8,1,23,6,10,-78.2775,-26.8209
3.3,9,1,23,6,9,-78.9261,-27.6277
3.3,10,0,23,6,9,-79.2132,-27.9478
3.3,11,2,23,6,6,-79.3907,-26.7968
3.3,12,2,23,6,6,-79.7241,-26.9277
3.3,13,0,23,6,5,-79.6765,-26.4384
3.3,14,1,23,6,5,-80.0519,-26.5767
3.4,0,2,23,6,10,-78.1766,-26.4108
3.4,1,0,23,6,11,-78.5045,-26.5773
3.4,2,1,23,6,11,-78.5602,-26.7231
3.4,3,1,23,6,12,-77.6414,-27.5526
3.4,4,0,23,6,12,-77.6959,-27.7526
3.4,5,2,23,6,11,-77.6498,-26.4763
3.4,6,2,23,6,11,-77.7575,-26.8137
3.4,7,0,23,6,10,-78.117,-26.5569
3.4,8,1,23,6,10,-78.2772,-26.813
3.4,9,1,23,6,9,-78.9317,-27.6312
3.4,10,0,23,6,9,-79.2114,-27.9385
3.4,11,2,23,6,6,-79.3963,-26.7997
3.4,12,2,23,6,6,-79.7222,-26.9264
3.4,13,0,23,6,5,-79.6818,-26.4388
3.4,14,1,23,6,5,-80.0484,-26.5728
3.5,0,2,23,6,10,-78.1791,-26.4118
3.5,1,0,23,6,11,-78.5084,-26.579
3.5,2,1,23,6,11,-78.5613,-26.7214
3.5,3,1,23,6,12,-77.6424,-27.5535
3.5,4,0,23,6,12,-77.6959,-27.7477
3.5,5,2,23,6,11,-77.6513,-26.4827
3.5,6,2,23,6,11,-77.7552,-26.7976
3.5,7,0,23,6,10,-78.1201,-26.5591
3.5,8,1,23,6,10,-78.2763,-26.8034
3.5,9,1,23,6,9,-78.9379,-27.636
3.5,10,0,23,6,9,-79.209,-27.9282
3.5,11,2,23,6,6,-79.4028,-26.8037
3.5,12,2,23,6,6,-79.7197,-26.9251
3.5,13,0,23,6,5,-79.6885,-26.4405
3.5,14,1,23,6,5,-80.0447,-26.5695
3.6,0,2,23,6,10,-78.1817,-26.4158
3.6,1,0,23,6,11,-78.5125,-26.5812
3.6,2,1,23,6,11,-78.5625,-26.7228
3.6,3,1,23,6,12,-77.6435,-27.5551
3.6,4,0,23,6,12,-77.6959,-27.7453
3.6,5,2,23,6,11,-77.6527,-26.4896
3.6,6,2,23,6,11,-77.7528,-26.7819
3.6,7,0,23,6,10,-78.1236,-26.5616
3.6,8,1,23,6,10,-78.2751,-26.7933
3.6,9,1,23,6,9,-78.9446,-27.6411
3.6,10,0,23,6,9,-79.2063,-27.9172
3.6,11,2,23,6,6,-79.4096,-26.8083
3.6,12,2,23,6,6,-79.7168,-26.924
3.6,13,0,23,6,5,-79.6944,-26.4407
3.6,14,1,23,6,5,-80.0405,-26.5657
3.7,0,2,23,6,10,-78.1827,-26.4167
3.7,1,0,23,6,11,-78.5136,-26.5825
3.7,2,1,23,6,11,-78.5619,-26.7207
3.7,3,1,23,6,12,-77.6423,-27.5558
3.7,4,0,23,6,12,-77.6947,-27.7395
3.7,5,2,23,6,11,-77.6529,-26.4972
3.7,6,2,23,6,11,-77.7492,-26.7666
3.7,7,0,23,6,10,-78.1259,-26.563
3.7,8,1,23,6,10,-78.2435,-26.7829
3.7,9,1,23,6,9,-78.9464,-27.6418
3.7,10,0,23,6,9,-79.2024,-27.906
3.7,11,2,23,6,6,-79.4098,-26.8057
3.7,12,2,23,6,6,-79.713,-26.9227
3.7,13,0,23,6,5,-79.6949,-26.4358
3.7,14,1,23,6,5,-80.0352,-26.5618
3.8,0,2,23,6,10,-78.1785,-26.4138
3.8,1,0,23,6,11,-78.5111,-26.5867
3.8,2,1,23,6,11,-78.5561,-26.7148
3.8,3,1,23,6,12,-77.6372,-27.5593
3.8,4,0,23,6,12,-77.6881,-27.7301
3.8,5,2,23,6,11,-77.6488,-26.5046
3.8,6,2,23,6,11,-77.7398,-26.7481
3.8,7,0,23,6,10,-78.1218,-26.565
3.8,8,1,23,6,10,-78.2353,-26.7719
3.8,9,1,23,6,9,-78.946,-27.6466
3.8,10,0,23,6,9,-79.157,-27.8939
3.8,11,2,23,6,6,-79.4108,-26.8091
3.8,12,2,23,6,6,-79.7025,-26.9195
3.8,13,0,23,6,5,-79.6965,-26.4374
3.8,14,1,23,6,5,-80.0233,-26.5575
3.9,0,2,23,6,10,-78.1737,-26.4099
3.9,1,0,23,6,11,-78.5082,-26.5877
3.9,2,1,23,6,11,-78.5498,-26.708
3.9,3,1,23,6,12,-77.6317,-27.5601
3.9,4,0,23,6,12,-77.6805,-27.7197
3.9,5,2,23,6,11,-77.6436,-26.5115
3.9,6,2,23,6,11,-77.7296,-26.7283
3.9,7,0,23,6,10,-78.1181,-26.5693
3.9,8,1,23,6,10,-78.2257,-26.7594
3.9,9,1,23,6,9,-78.9465,-27.6548
3.9,10,0,23,6,9,-79.1455,-27.882
3.9,11,2,23,6,6,-79.413,-26.8169
3.9,12,2,23,6,6,-79.6911,-26.9186
3.9,13,0,23,6,5,-79.6994,-26.4432
3.9,14,1,23,6,5,-80.0106,-26.5543
4,0,2,23,6,10,-78.1689,-26.4055
4,1,0,23,6,11,-78.5055,-26.5945
4,2,1,23,6,11,-78.5433,-26.7007
4,3,1,23,6,12,-77.6268,-27.567
4,4,0,23,6,12,-77.6723,-27.7087
4,5,2,23,6,11,-77.6391,-26.5185
4,6,2,23,6,11,-77.7191,-26.7081
4,7,0,23,6,10,-78.115,-26.5741
4,8,1,23,6,10,-78.2163,-26.7463
4,9,1,23,6,9,-78.9476,-27.6638
4,10,0,23,6,9,-79.1342,-27.8699
4,11,2,23,6,6,-79.4159,-26.8252
4,12,2,23,6,6,-79.6784,-26.9153
4,13,0,23,6,5,-79.7033,-26.4493
4,14,1,23,6,5,-79.9958,-26.5488
4.1,0,2,23,6,10,-78.1635,-26.4008
4.1,1,0,23,6,11,-78.5027,-26.5982
4.1,2,1,23,6,11,-78.536,-26.6916
4.1,3,1,23,6,12,-77.6221,-27.5715
4.1,4,0,23,6,12,-77.6637,-27.6951
4.1,5,2,23,6,11,-77.6352,-26.5322
4.1,6,2,23,6,11,-77.7082,-26.6888
4.1,7,0,23,6,10,-78.1127,-26.5846
4.1,8,1,23,6,10,-78.2065,-26.7348
4.1,9,1,23,6,9,-78.9481,-27.6712
4.1,10,0,23,6,9,-79.1218,-27.857
4.1,11,2,23,6,6,-79.4193,-26.8335
4.1,12,2,23,6,6,-79.6646,-26.9108
4.1,13,0,23,6,5,-79.7078,-26.4556
4.1,14,1,23,6,5,-79.9805,-26.5428
4.2,0,2,23,6,10,-78.1571,-26.3946
4.2,1,0,23,6,11,-78.4995,-26.5991
4.2,2,1,23,6,11,-78.5277,-26.6805
4.2,3,1,23,6,12,-77.6182,-27.574
4.2,4,0,23,6,12,-77.6541,-27.6786
4.2,5,2,23,6,11,-77.6319,-26.5435
4.2,6,2,23,6,11,-77.6995,-26.6691
4.2,7,0,23,6,10,-78.1087,-26.5982
4.2,8,1,23,6,10,-78.1961,-26.7252
4.2,9,1,23,6,9,-78.9487,-27.6833
4.2,10,0,23,6,9,-79.1084,-27.8437
4.2,11,2,23,6,6,-79.4232,-26.8421
4.2,12,2,23,6,6,-79.6497,-26.9067
4.2,13,0,23,6,5,-79.7131,-26.4622
4.2,14,1,23,6,5,-79.9653,-26.5421
4.3,0,2,23,6,10,-78.1498,-26.3876
4.3,1,0,23,6,11,-78.4954,-26.5962
4.3,2,1,23,6,11,-78.5186,-26.6687
4.3,3,1,23,6,12,-77.6141,-27.5726
4.3,4,0,23,6,12,-77.6468,-27.6665
4.3,5,2,23,6,11,-77.6267,-26.5465
4.3,6,2,23,6,11,-77.6911,-26.6474
4.3,7,0,23,6,10,-78.1045,-26.6093
4.3,8,1,23,6,10,-78.1835,-26.7094
4.3,9,1,23,6,9,-78.9501,-27.7052
4.3,10,0,23,6,9,-79.0929,-27.8302
4.3,11,2,23,6,6,-79.428,-26.8514
4.3,12,2,23,6,6,-79.6342,-26.9082
4.3,13,0,23,6,5,-79.7195,-26.4706
4.3,14,1,23,6,5,-79.9502,-26.5483
4.4,0,2,23,6,10,-78.1419,-26.3802
4.4,1,0,23,6,11,-78.4904,-26.5898
4.4,2,1,23,6,11,-78.5093,-26.6572
4.4,3,1,23,6,12,-77.609,-27.5673
4.4,4,0,23,6,12,-77.6426,-27.6593
4.4,5,2,23,6,11,-77.6208,-26.5435
4.4,6,2,23,6,11,-77.6825,-26.6254
4.4,7,0,23,6,10,-78.1013,-26.6204
4.4,8,1,23,6,10,-78.1684,-26.6873
4.4,9,1,23,6,9,-78.9531,-27.7371
4.4,10,0,23,6,9,-79.0749,-27.812
4.4,11,2,23,6,6,-79.4345,-26.8614
4.4,12,2,23,6,6,-79.6175,-26.914
4.4,13,0,23,6,5,-79.7274,-26.4787
4.4,14,1,23,6,5,-79.9343,-26.5592
4.5,0,2,23,6,10,-78.1337,-26.3736
4.5,1,0,23,6,11,-78.4853,-26.5807
4.5,2,1,23,6,11,-78.4996,-26.646
4.5,3,1,23,6,12,-77.6043,-27.5593
4.5,4,0,23,6,12,-77.636,-27.6511
4.5,5,2,23,6,11,-77.6118,-26.5343
4.5,6,2,23,6,11,-77.6745,-26.6028
4.5,7,0,23,6,10,-78.0982,-26.6355
4.5,8,1,23,6,10,-78.1516,-26.658
4.5,9,1,23,6,9,-78.9571,-27.7739
4.5,10,0,23,6,9,-79.0549,-27.791
4.5,11,2,23,6,6,-79.4424,-26.8716
4.5,12,2,23,6,6,-79.5991,-26.9196
4.5,13,0,23,6,5,-79.7369,-26.4872
4.5,14,1,23,6,5,-79.9177,-26.5745
4.6,0,2,23,6,10,-78.126,-26.3676
4.6,1,0,23,6,11,-78.481,-26.5701
4.6,2,1,23,6,11,-78.4896,-26.6341
4.6,3,1,23,6,12,-77.6002,-27.5516
4.6,4,0,23,6,12,-77.629,-27.6401
4.6,5,2,23,6,11,-77.6045,-26.533
4.6,6,2,23,6,11,-77.665,-26.5742
4.6,7,0,23,6,10,-78.0947,-26.6502
4.6,8,1,23,6,10,-78.1354,-26.6304
4.6,9,1,23,6,9,-78.9621,-27.8098
4.6,10,0,23,6,9,-79.0343,-27.7676
4.6,11,2,23,6,6,-79.4518,-26.882
4.6,12,2,23,6,6,-79.5796,-26.9236
4.6,13,0,23,6,5,-79.7476,-26.4945
4.6,14,1,23,6,5,-79.9002,-26.5882
4.7,0,2,23,6,10,-78.1192,-26.3627
4.7,1,0,23,6,11,-78.4777,-26.5622
4.7,2,1,23,6,11,-78.4808,-26.6237
4.7,3,1,23,6,12,-77.5968,-27.5467
4.7,4,0,23,6,12,-77.6229,-27.63
4.7,5,2,23,6,11,-77.5991,-26.5336
4.7,6,2,23,6,11,-77.6552,-26.5459
4.7,7,0,23,6,10,-78.0937,-26.6665
4.7,8,1,23,6,10,-78.1195,-26.6009
4.7,9,1,23,6,9,-78.9692,-27.8471
4.7,10,0,23,6,9,-79.0142,-27.7408
4.7,11,2,23,6,6,-79.4627,-26.8938
4.7,12,2,23,6,6,-79.5602,-26.9265
4.7,13,0,23,6,5,-79.7596,-26.5005
4.7,14,1,23,6,5,-79.8821,-26.6
4.8,0,2,23,6,10,-78.1139,-26.3593
4.8,1,0,23,6,11,-78.4758,-26.5546
4.8,2,1,23,6,11,-78.4735,-26.6154
4.8,3,1,23,6,12,-77.5941,-27.5423
4.8,4,0,23,6,12,-77.6181,-27.6208
4.8,5,2,23,6,11,-77.5953,-26.5353
4.8,6,2,23,6,11,-77.6459,-26.5182
4.8,7,0,23,6,10,-78.0953,-26.6835
4.8,8,1,23,6,10,-78.1045,-26.5704
4.8,9,1,23,6,9,-78.9783,-27.8858
4.8,10,0,23,6,9,-78.9949,-27.7114
4.8,11,2,23,6,6,-79.4753,-26.9052
4.8,12,2,23,6,6,-79.5416,-26.9288
4.8,13,0,23,6,5,-79.773,-26.505
4.8,14,1,23,6,5,-79.8648,-26.6119
4.9,0,2,23,6,10,-78.1099,-26.3573
4.9,1,0,23,6,11,-78.4748,-26.548
4.9,2,1,23,6,11,-78.4679,-26.6089
4.9,3,1,23,6,12,-77.592,-27.5388
4.9,4,0,23,6,12,-77.6149,-27.6128
4.9,5,2,23,6,11,-77.5933,-26.5389
4.9,6,2,23,6,11,-77.6371,-26.4909
4.9,7,0,23,6,10,-78.0992,-26.7017
4.9,8,1,23,6,10,-78.0903,-26.5387
4.9,9,1,23,6,9,-78.9889,-27.9247
4.9,10,0,23,6,9,-78.9769,-27.6809
4.9,11,2,23,6,6,-79.4894,-26.9167
4.9,12,2,23,6,6,-79.5239,-26.9304
4.9,13,0,23,6,5,-79.7876,-26.5092
4.9,14,1,23,6,5,-79.8482,-26.6228
5,0,2,23,6,10,-78.1068,-26.3547
5,1,0,23,6,11,-78.4745,-26.5416
5,2,1,23,6,11,-78.4635,-26.6023
5,3,1,23,6,12,-77.5907,-27.5361
5,4,0,23,6,12,-77.6125,-27.6043
5,5,2,23,6,11,-77.5925,-26.5433
5,6,2,23,6,11,-77.629,-26.4647
5,7,0,23,6,10,-78.1043,-26.7197
5,8,1,23,6,10,-78.0774,-26.5079
5,9,1,23,6,9,-79.0003,-27.9624
5,10,0,23,6,9,-78.9603,-27.6507
5,11,2,23,6,6,-79.5045,-26.9284
5,12,2,23,6,6,-79.5074,-26.9318
5,13,0,23,6,5,-79.8026,-26.5131
5,14,1,23,6,5,-79.8325,-26.6322
5.1,0,2,23,6,10,-78.1047,-26.3527
5.1,1,0,23,6,11,-78.475,-26.5376
5.1,2,1,23,6,11,-78.4601,-26.597
5.1,3,1,23,6,12,-77.5898,-27.5354
5.1,4,0,23,6,12,-77.6111,-27.5967
5.1,5,2,23,6,11,-77.5927,-26.5486
5.1,6,2,23,6,11,-77.6215,-26.4397
5.1,7,0,23,6,10,-78.1104,-26.7359
5.1,8,1,23,6,10,-78.0658,-26.4778
5.1,9,1,23,6,9,-79.0124,-27.999
5.1,10,0,23,6,9,-78.945,-27.6208
5.1,11,2,23,6,6,-79.5197,-26.9401
5.1,12,2,23,6,6,-79.492,-26.9324
5.1,13,0,23,6,5,-79.818,-26.5169
5.1,14,1,23,6,5,-79.818,-26.6412
5.2,0,2,23,6,10,-78.1036,-26.3512
5.2,1,0,23,6,11,-78.476,-26.5352
5.2,2,1,23,6,11,-78.4578,-26.5924
5.2,3,1,23,6,12,-77.5892,-27.5363
5.2,4,0,23,6,12,-77.6105,-27.5894
5.2,5,2,23,6,11,-77.5939,-26.5541
5.2,6,2,23,6,11,-77.6146,-26.4164
5.2,7,0,23,6,10,-78.1175,-26.7504
5.2,8,1,23,6,10,-78.0554,-26.4493
5.2,9,1,23,6,9,-79.0243,-28.0334
5.2,10,0,23,6,9,-78.9313,-27.5921
5.2,11,2,23,6,6,-79.5348,-26.9506
5.2,12,2,23,6,6,-79.4782,-26.9336
5.2,13,0,23,6,5,-79.8334,-26.5204
5.2,14,1,23,6,5,-79.8047,-26.6494
5.3,0,2,23,6,10,-78.103,-26.3488
5.3,1,0,23,6,11,-78.4773,-26.535
5.3,2,1,23,6,11,-78.456,-26.5876
5.3,3,1,23,6,12,-77.5891,-27.5393
5.3,4,0,23,6,12,-77.61,-27.5816
5.3,5,2,23,6,11,-77.5955,-26.5602
5.3,6,2,23,6,11,-77.6082,-26.3948
5.3,7,0,23,6,10,-78.1244,-26.7628
5.3,8,1,23,6,10,-78.0464,-26.4227
5.3,9,1,23,6,9,-79.0358,-28.0652
5.3,10,0,23,6,9,-78.9189,-27.5654
5.3,11,2,23,6,6,-79.5495,-26.9613
5.3,12,2,23,6,6,-79.4655,-26.934
5.3,13,0,23,6,5,-79.8483,-26.5244
5.3,14,1,23,6,5,-79.7926,-26.6564
5.4,0,2,23,6,10,-78.1031,-26.3469
5.4,1,0,23,6,11,-78.4789,-26.5354
5.4,2,1,23,6,11,-78.455,-26.5836
5.4,3,1,23,6,12,-77.589,-27.5426
5.4,4,0,23,6,12,-77.61,-27.5745
5.4,5,2,23,6,11,-77.5976,-26.5664
5.4,6,2,23,6,11,-77.6023,-26.3747
5.4,7,0,23,6,10,-78.1315,-26.7731
5.4,8,1,23,6,10,-78.0386,-26.3981
5.4,9,1,23,6,9,-79.0467,-28.0936
5.4,10,0,23,6,9,-78.908,-27.5409
5.4,11,2,23,6,6,-79.5634,-26.9709
5.4,12,2,23,6,6,-79.4546,-26.9344
5.4,13,0,23,6,5,-79.8625,-26.5285
5.4,14,1,23,6,5,-79.7819,-26.6622
5.5,0,2,23,6,10,-78.1036,-26.3439
5.5,1,0,23,6,11,-78.4806,-26.5377
5.5,2,1,23,6,11,-78.4544,-26.5789
5.5,3,1,23,6,12,-77.5891,-27.5474
5.5,4,0,23,6,12,-77.6101,-27.5667
5.5,5,2,23,6,11,-77.5999,-26.5726
5.5,6,2,23,6,11,-77.5971,-26.3569
5.5,7,0,23,6,10,-78.138,-26.7812
5.5,8,1,23,6,10,-78.0321,-26.3764
5.5,9,1,23,6,9,-79.0567,-28.1186
5.5,10,0,23,6,9,-78.8987,-27.5188
5.5,11,2,23,6,6,-79.5763,-26.98
5.5,12,2,23,6,6,-79.4449,-26.9343
5.5,13,0,23,6,5,-79.8757,-26.5325
5.5,14,1,23,6,5,-79.7725,-26.667
5.6,0,2,23,6,10,-78.1045,-26.3411
5.6,1,0,23,6,11,-78.4824,-26.541
5.6,2,1,23,6,11,-78.4544,-26.5749
5.6,3,1,23,6,12,-77.5893,-27.5529
5.6,4,0,23,6,12,-77.6102,-27.5593
5.6,5,2,23,6,11,-77.6021,-26.5782
5.6,6,2,23,6,11,-77.5922,-26.3412
5.6,7,0,23,6,10,-78.1441,-26.7869
5.6,8,1,23,6,10,-78.0268,-26.3576
5.6,9,1,23,6,9,-79.0653,-28.1393
5.6,10,0,23,6,9,-78.8912,-27.5
5.6,11,2,23,6,6,-79.5879,-26.9879
5.6,12,2,23,6,6,-79.437,-26.9341
5.6,13,0,23,6,5,-79.8878,-26.5367
5.6,14,1,23,6,5,-79.7644,-26.6703
5.7,0,2,23,6,10,-78.1056,-26.3374
5.7,1,0,23,6,11,-78.4841,-26.5444
5.7,2,1,23,6,11,-78.4547,-26.5702
5.7,3,1,23,6,12,-77.5895,-27.5583
5.7,4,0,23,6,12,-77.6104,-27.5515
5.7,5,2,23,6,11,-77.6043,-26.5841
5.7,6,2,23,6,11,-77.5878,-26.3273
5.7,7,0,23,6,10,-78.1494,-26.7906
5.7,8,1,23,6,10,-78.0226,-26.3415
5.7,9,1,23,6,9,-79.0728,-28.1557
5.7,10,0,23,6,9,-78.885,-27.4843
5.7,11,2,23,6,6,-79.5979,-26.9958
5.7,12,2,23,6,6,-79.4307,-26.9343
5.7,13,0,23,6,5,-79.8986,-26.5416
5.7,14,1,23,6,5,-79.7578,-26.6721
5.8,0,2,23,6,10,-78.1069,-26.3334
5.8,1,0,23,6,11,-78.4858,-26.5492
5.8,2,1,23,6,11,-78.4554,-26.5659
5.8,3,1,23,6,12,-77.5898,-27.5647
5.8,4,0,23,6,12,-77.6105,-27.5439
5.8,5,2,23,6,11,-77.6064,-26.5892
5.8,6,2,23,6,11,-77.584,-26.3161
5.8,7,0,23,6,10,-78.1537,-26.7917
5.8,8,1,23,6,10,-78.0195,-26.3287
5.8,9,1,23,6,9,-79.0788,-28.1676
5.8,10,0,23,6,9,-78.8806,-27.4715
5.8,11,2,23,6,6,-79.6064,-27.0024
5.8,12,2,23,6,6,-79.426,-26.9343
5.8,13,0,23,6,5,-79.9078,-26.5459
5.8,14,1,23,6,5,-79.7524,-26.6726
5.9,0,2,23,6,10,-78.1084,-26.3288
5.9,1,0,23,6,11,-78.4873,-26.5547
5.9,2,1,23,6,11,-78.4561,-26.5612
5.9,3,1,23,6,12,-77.5901,-27.5715
5.9,4,0,23,6,12,-77.6102,-27.536
5.9,5,2,23,6,11,-77.6081,-26.594
5.9,6,2,23,6,11,-77.5805,-26.3068
5.9,7,0,23,6,10,-78.157,-26.7905
5.9,8,1,23,6,10,-78.0178,-26.3192
5.9,9,1,23,6,9,-79.083,-28.1754
5.9,10,0,23,6,9,-78.8775,-27.4628
5.9,11,2,23,6,6,-79.6131,-27.008
5.9,12,2,23,6,6,-79.4227,-26.9334
5.9,13,0,23,6,5,-79.9155,-26.5509
5.9,14,1,23,6,5,-79.7485,-26.6721
6,0,2,23,6,10,-78.1098,-26.3305
6,1,0,23,6,11,-78.4882,-26.5608
6,2,1,23,6,11,-78.4569,-26.563
6,3,1,23,6,12,-77.5894,-27.5783
6,4,0,23,6,12,-77.6098,-27.5345
6,5,2,23,6,11,-77.6089,-26.5984
6,6,2,23,6,11,-77.5774,-26.2995
6,7,0,23,6,10,-78.1592,-26.7864
6,8,1,23,6,10,-78.0173,-26.3128
6,9,1,23,6,9,-79.0857,-28.1783
6,10,0,23,6,9,-78.8761,-27.4573
6,11,2,23,6,6,-79.6161,-27.0102
6,12,2,23,6,6,-79.4211,-26.933
6,13,0,23,6,5,-79.9197,-26.5537
6,14,1,23,6,5,-79.7461,-26.6703
6.1,0,2,23,6,10,-78.1109,-26.3375
6.1,1,0,23,6,11,-78.4884,-26.5669
6.1,2,1,23,6,11,-78.4578,-26.5705
6.1,3,1,23,6,12,-77.5876,-27.5846
6.1,4,0,23,6,12,-77.609,-27.5385
6.1,5,2,23,6,11,-77.6087,-26.6021
6.1,6,2,23,6,11,-77.5748,-26.2953
6.1,7,0,23,6,10,-78.1602,-26.781
6.1,8,1,23,6,10,-78.0176,-26.3095
6.1,9,1,23,6,9,-79.0867,-28.1765
6.1,10,0,23,6,9,-78.8763,-27.4552
6.1,11,2,23,6,6,-79.6157,-27.0094
6.1,12,2,23,6,6,-79.4211,-26.9323
6.1,13,0,23,6,5,-79.9202,-26.5542
6.1,14,1,23,6,5,-79.745,-26.667
6.2,0,2,23,6,10,-78.1119,-26.3505
6.2,1,0,23,6,11,-78.4879,-26.5735
6.2,2,1,23,6,11,-78.4586,-26.5844
6.2,3,1,23,6,12,-77.5848,-27.5914
6.2,4,0,23,6,12,-77.6078,-27.5486
6.2,5,2,23,6,11,-77.6071,-26.6048
6.2,6,2,23,6,11,-77.5726,-26.2931
6.2,7,0,23,6,10,-78.1598,-26.7721
6.2,8,1,23,6,10,-78.0192,-26.3104
6.2,9,1,23,6,9,-79.086,-28.1704
6.2,10,0,23,6,9,-78.8777,-27.4571
6.2,11,2,23,6,6,-79.6112,-27.0046
6.2,12,2,23,6,6,-79.4226,-26.932
6.2,13,0,23,6,5,-79.9169,-26.5523
6.2,14,1,23,6,5,-79.7454,-26.6629
6.3,0,2,23,6,10,-78.1128,-26.3632
6.3,1,0,23,6,11,-78.487,-26.5805
6.3,2,1,23,6,11,-78.4593,-26.5978
6.3,3,1,23,6,12,-77.5816,-27.5979
6.3,4,0,23,6,12,-77.6062,-27.5585
6.3,5,2,23,6,11,-77.6043,-26.6072
6.3,6,2,23,6,11,-77.5705,-26.2928
6.3,7,0,23,6,10,-78.1584,-26.7617
6.3,8,1,23,6,10,-78.0217,-26.3137
6.3,9,1,23,6,9,-79.0837,-28.1601
6.3,10,0,23,6,9,-78.847,-27.4618
6.3,11,2,23,6,6,-79.6053,-26.9992
6.3,12,2,23,6,6,-79.4255,-26.9315
6.3,13,0,23,6,5,-79.9094,-26.5472
6.3,14,1,23,6,5,-79.747,-26.6577
6.4,0,2,23,6,10,-78.1138,-26.3752
6.4,1,0,23,6,11,-78.4861,-26.5879
6.4,2,1,23,6,11,-78.4601,-26.6109
6.4,3,1,23,6,12,-77.5784,-27.6045
6.4,4,0,23,6,12,-77.6044,-27.5685
6.4,5,2,23,6,11,-77.6012,-26.6086
6.4,6,2,23,6,11,-77.5688,-26.2943
6.4,7,0,23,6,10,-78.1559,-26.749
6.4,8,1,23,6,10,-78.0252,-26.32
6.4,9,1,23,6,9,-79.0798,-28.146
6.4,10,0,23,6,9,-78.8512,-27.4701
6.4,11,2,23,6,6,-79.5976,-26.9933
6.4,12,2,23,6,6,-79.4297,-26.9309
6.4,13,0,23,6,5,-79.9006,-26.5427
6.4,14,1,23,6,5,-79.7498,-26.6516
6.5,0,2,23,6,10,-78.1147,-26.3846
6.5,1,0,23,6,11,-78.485,-26.5949
6.5,2,1,23,6,11,-78.4609,-26.6216
6.5,3,1,23,6,12,-77.5755,-27.6103
6.5,4,0,23,6,12,-77.6023,-27.5762
6.5,5,2,23,6,11,-77.5979,-26.6102
6.5,6,2,23,6,11,-77.5675,-26.2975
6.5,7,0,23,6,10,-78.152,-26.7347
6.5,8,1,23,6,10,-78.0297,-26.3294
6.5,9,1,23,6,9,-79.0744,-28.1274
6.5,10,0,23,6,9,-78.8562,-27.4812
6.5,11,2,23,6,6,-79.5887,-26.9876
6.5,12,2,23,6,6,-79.4351,-26.9299
6.5,13,0,23,6,5,-79.8908,-26.5392
6.5,14,1,23,6,5,-79.7536,-26.6439
6.6,0,2,23,6,10,-78.1155,-26.3933
6.6,1,0,23,6,11,-78.4838,-26.6024
6.6,2,1,23,6,11,-78.4616,-26.6318
6.6,3,1,23,6,12,-77.5725,-27.6164
6.6,4,0,23,6,12,-77.5998,-27.5837
6.6,5,2,23,6,11,-77.5941,-26.6105
6.6,6,2,23,6,11,-77.5662,-26.3021
6.6,7,0,23,6,10,-78.147,-26.7178
6.6,8,1,23,6,10,-78.035,-26.3413
6.6,9,1,23,6,9,-79.0676,-28.1055
6.6,10,0,23,6,9,-78.8624,-27.4947
6.6,11,2,23,6,6,-79.5784,-26.9819
6.6,12,2,23,6,6,-79.4417,-26.9291
6.6,13,0,23,6,5,-79.8799,-26.5356
6.6,14,1,23,6,5,-79.7584,-26.6358
6.7,0,2,23,6,10,-78.1165,-26.4006
6.7,1,0,23,6,11,-78.4827,-26.6105
6.7,2,1,23,6,11,-78.4625,-26.6405
6.7,3,1,23,6,12,-77.5697,-27.6226
6.7,4,0,23,6,12,-77.5969,-27.5899
6.7,5,2,23,6,11,-77.5899,-26.6101
6.7,6,2,23,6,11,-77.5653,-26.308
6.7,7,0,23,6,10,-78.1412,-26.6993
6.7,8,1,23,6,10,-78.0412,-26.3556
6.7,9,1,23,6,9,-79.0595,-28.0802
6.7,10,0,23,6,9,-78.8698,-27.5116
6.7,11,2,23,6,6,-79.5671,-26.9757
6.7,12,2,23,6,6,-79.4494,-26.9284
6.7,13,0,23,6,5,-79.8681,-26.5333
6.7,14,1,23,6,5,-79.7644,-26.6271
6.8,0,2,23,6,10,-78.1173,-26.4059
6.8,1,0,23,6,11,-78.4814,-26.6184
6.8,2,1,23,6,11,-78.4633,-26.6476
6.8,3,1,23,6,12,-77.567,-27.6284
6.8,4,0,23,6,12,-77.5936,-27.5944
6.8,5,2,23,6,11,-77.5856,-26.6092
6.8,6,2,23,6,11,-77.5645,-26.3147
6.8,7,0,23,6,10,-78.1342,-26.6793
6.8,8,1,23,6,10,-78.0481,-26.3721
6.8,9,1,23,6,9,-79.0503,-28.0521
6.8,10,0,23,6,9,-78.8779,-27.5306
6.8,11,2,23,6,6,-79.5549,-26.9701
6.8,12,2,23,6,6,-79.458,-26.9274
6.8,13,0,23,6,5,-79.8557,-26.5318
6.8,14,1,23,6,5,-79.771,-26.6172
6.9,0,2,23,6,10,-78.118,-26.41
6.9,1,0,23,6,11,-78.4799,-26.6262
6.9,2,1,23,6,11,-78.4639,-26.6534
6.9,3,1,23,6,12,-77.5644,-27.6341
6.9,4,0,23,6,12,-77.59,-27.5978
6.9,5,2,23,6,11,-77.581,-26.6085
6.9,6,2,23,6,11,-77.5639,-26.3231
6.9,7,0,23,6,10,-78.1264,-26.6577
6.9,8,1,23,6,10,-78.0556,-26.3909
6.9,9,1,23,6,9,-79.0398,-28.0211
6.9,10,0,23,6,9,-78.8868,-27.5514
6.9,11,2,23,6,6,-79.5416,-26.9636
6.9,12,2,23,6,6,-79.4674,-26.9267
6.9,13,0,23,6,5,-79.8426,-26.5305
6.9,14,1,23,6,5,-79.7783,-26.6074
7,0,2,23,6,10,-78.1186,-26.4117
7,1,0,23,6,11,-78.4784,-26.6344
7,2,1,23,6,11,-78.4644,-26.6569
7,3,1,23,6,12,-77.562,-27.6396
7,4,0,23,6,12,-77.586,-27.5991
7,5,2,23,6,11,-77.5761,-26.607
7,6,2,23,6,11,-77.5634,-26.3321
7,7,0,23,6,10,-78.1178,-26.635
7,8,1,23,6,10,-78.0635,-26.4111
7,9,1,23,6,9,-79.0283,-27.9873
7,10,0,23,6,9,-78.8964,-27.5743
7,11,2,23,6,6,-79.528,-26.9583
7,12,2,23,6,6,-79.4774,-26.926
7,13,0,23,6,5,-79.8292,-26.5302
7,14,1,23,6,5,-79.7864,-26.5964
7.1,0,2,23,6,10,-78.1192,-26.4129
7.1,1,0,23,6,11,-78.4767,-26.6426
7.1,2,1,23,6,11,-78.4647,-26.6596
7.1,3,1,23,6,12,-77.5595,-27.6452
7.1,4,0,23,6,12,-77.5815,-27.5999
7.1,5,2,23,6,11,-77.571,-26.6051
7.1,6,2,23,6,11,-77.5628,-26.3418
7.1,7,0,23,6,10,-78.1084,-26.6113
7.1,8,1,23,6,10,-78.072,-26.4326
7.1,9,1,23,6,9,-79.0159,-27.9516
7.1,10,0,23,6,9,-78.9064,-27.5988
7.1,11,2,23,6,6,-79.5135,-26.9527
7.1,12,2,23,6,6,-79.488,-26.9249
7.1,13,0,23,6,5,-79.8154,-26.5308
7.1,14,1,23,6,5,-79.7949,-26.5852
7.2,0,2,23,6,10,-78.1196,-26.4122
7.2,1,0,23,6,11,-78.4752,-26.6514
7.2,2,1,23,6,11,-78.4649,-26.6606
7.2,3,1,23,6,12,-77.5572,-27.6512
7.2,4,0,23,6,12,-77.5768,-27.5989
7.2,5,2,23,6,11,-77.5655,-26.603
7.2,6,2,23,6,11,-77.5622,-26.352
7.2,7,0,23,6,10,-78.0983,-26.5861
7.2,8,1,23,6,10,-78.0809,-26.4558
7.2,9,1,23,6,9,-79.003,-27.9145
7.2,10,0,23,6,9,-78.9169,-27.6242
7.2,11,2,23,6,6,-79.4987,-26.9473
7.2,12,2,23,6,6,-79.4991,-26.9241
7.2,13,0,23,6,5,-79.8011,-26.531
7.2,14,1,23,6,5,-79.8037,-26.5737
7.3,0,2,23,6,10,-78.1198,-26.4104
7.3,1,0,23,6,11,-78.4734,-26.66
7.3,2,1,23,6,11,-78.465,-26.6605
7.3,3,1,23,6,12,-77.5548,-27.6571
7.3,4,0,23,6,12,-77.5714,-27.5965
7.3,5,2,23,6,11,-77.5599,-26.6005
7.3,6,2,23,6,11,-77.5615,-26.3621
7.3,7,0,23,6,10,-78.0876,-26.5606
7.3,8,1,23,6,10,-78.0898,-26.4793
7.3,9,1,23,6,9,-78.9893,-27.8754
7.3,10,0,23,6,9,-78.9278,-27.6507
7.3,11,2,23,6,6,-79.4835,-26.9427
7.3,12,2,23,6,6,-79.5103,-26.923
7.3,13,0,23,6,5,-79.787,-26.5322
7.3,14,1,23,6,5,-79.8128,-26.5616
7.4,0,2,23,6,10,-78.1201,-26.4073
7.4,1,0,23,6,11,-78.4717,-26.6693
7.4,2,1,23,6,11,-78.4647,-26.6589
7.4,3,1,23,6,12,-77.5526,-27.6635
7.4,4,0,23,6,12,-77.5657,-27.5929
7.4,5,2,23,6,11,-77.5538,-26.5983
7.4,6,2,23,6,11,-77.5606,-26.3729
7.4,7,0,23,6,10,-78.0765,-26.5336
7.4,8,1,23,6,10,-78.0991,-26.5029
7.4,9,1,23,6,9,-78.975,-27.8352
7.4,10,0,23,6,9,-78.9386,-27.6776
7.4,11,2,23,6,6,-79.4683,-26.9388
7.4,12,2,23,6,6,-79.5217,-26.9218
7.4,13,0,23,6,5,-79.7728,-26.5341
7.4,14,1,23,6,5,-79.8221,-26.5496
7.5,0,2,23,6,10,-78.1204,-26.4027
7.5,1,0,23,6,11,-78.4701,-26.6791
7.5,2,1,23,6,11,-78.4645,-26.6557
7.5,3,1,23,6,12,-77.5503,-27.6701
7.5,4,0,23,6,12,-77.5596,-27.5873
7.5,5,2,23,6,11,-77.5476,-26.595
7.5,6,2,23,6,11,-77.5593,-26.3829
7.5,7,0,23,6,10,-78.065,-26.5059
7.5,8,1,23,6,10,-78.1087,-26.5276
7.5,9,1,23,6,9,-78.9605,-27.7943
7.5,10,0,23,6,9,-78.9499,-27.7052
7.5,11,2,23,6,6,-79.4531,-26.9347
7.5,12,2,23,6,6,-79.5334,-26.9202
7.5,13,0,23,6,5,-79.7587,-26.5362
7.5,14,1,23,6,5,-79.8316,-26.5376
7.6,0,2,23,6,10,-78.1205,-26.4111
7.6,1,0,23,6,11,-78.4684,-26.6894
7.6,2,1,23,6,11,-78.464,-26.6515
7.6,3,1,23,6,12,-77.548,-27.6773
7.6,4,0,23,6,12,-77.5527,-27.5802
7.6,5,2,23,6,11,-77.541,-26.5923
7.6,6,2,23,6,11,-77.5574,-26.3925
7.6,7,0,23,6,10,-78.0529,-26.4773
7.6,8,1,23,6,10,-78.1181,-26.5516
7.6,9,1,23,6,9,-78.9457,-27.7524
7.6,10,0,23,6,9,-78.9609,-27.7327
7.6,11,2,23,6,6,-79.4381,-26.9317
7.6,12,2,23,6,6,-79.5447,-26.9186
7.6,13,0,23,6,5,-79.7451,-26.5391
7.6,14,1,23,6,5,-79.8408,-26.5251
7.7,0,2,23,6,10,-78.1198,-26.421
7.7,1,0,23,6,11,-78.4663,-26.6984
7.7,2,1,23,6,11,-78.4625,-26.6468
7.7,3,1,23,6,12,-77.5451,-27.6844
7.7,4,0,23,6,12,-77.5447,-27.5718
7.7,5,2,23,6,11,-77.5336,-26.5924
7.7,6,2,23,6,11,-77.5544,-26.4002
7.7,7,0,23,6,10,-78.0407,-26.449
7.7,8,1,23,6,10,-78.1269,-26.576
7.7,9,1,23,6,9,-78.931,-27.7102
7.7,10,0,23,6,9,-78.9712,-27.7601
7.7,11,2,23,6,6,-79.4233,-26.9291
7.7,12,2,23,6,6,-79.5555,-26.9169
7.7,13,0,23,6,5,-79.7306,-26.5409
7.7,14,1,23,6,5,-79.8499,-26.5132
7.8,0,2,23,6,10,-78.1188,-26.4309
7.8,1,0,23,6,11,-78.4635,-26.7075
7.8,2,1,23,6,11,-78.4607,-26.6399
7.8,3,1,23,6,12,-77.5414,-27.6916
7.8,4,0,23,6,12,-77.5352,-27.5591
7.8,5,2,23,6,11,-77.5249,-26.5875
7.8,6,2,23,6,11,-77.5506,-26.4099
7.8,7,0,23,6,10,-78.0282,-26.4201
7.8,8,1,23,6,10,-78.1342,-26.598
7.8,9,1,23,6,9,-78.9142,-27.6679
7.8,10,0,23,6,9,-78.981,-27.7868
7.8,11,2,23,6,6,-79.408,-26.9265
7.8,12,2,23,6,6,-79.5658,-26.9161
7.8,13,0,23,6,5,-79.7161,-26.5426
7.8,14,1,23,6,5,-79.8592,-26.5057
7.9,0,2,23,6,10,-78.1168,-26.4421
7.9,1,0,23,6,11,-78.4592,-26.717
7.9,2,1,23,6,11,-78.4573,-26.6294
7.9,3,1,23,6,12,-77.5345,-27.698
7.9,4,0,23,6,12,-77.5228,-27.5432
7.9,5,2,23,6,11,-77.5093,-26.5686
7.9,6,2,23,6,11,-77.5415,-26.4098
7.9,7,0,23,6,10,-78.0116,-26.3779
7.9,8,1,23,6,10,-78.137,-26.6106
7.9,9,1,23,6,9,-78.8958,-27.6278
7.9,10,0,23,6,9,-78.9883,-27.8146
7.9,11,2,23,6,6,-79.3925,-26.9253
7.9,12,2,23,6,6,-79.5746,-26.9212
7.9,13,0,23,6,5,-79.7027,-26.5488
7.9,14,1,23,6,5,-79.8675,-26.5031
8,0,2,23,6,10,-78.1137,-26.4553
8,1,0,23,6,11,-78.4531,-26.7284
8,2,1,23,6,11,-78.453,-26.6173
8,3,1,23,6,12,-77.525,-27.706
8,4,0,23,6,12,-77.5099,-27.525
8,5,2,23,6,11,-77.4921,-26.5402
8,6,2,23,6,11,-77.5287,-26.4086
8,7,0,23,6,10,-77.9941,-26.3268
8,8,1,23,6,10,-78.1362,-26.619
8,9,1,23,6,9,-78.8747,-27.5905
8,10,0,23,6,9,-78.9949,-27.8414
8,11,2,23,6,6,-79.3759,-26.9239
8,12,2,23,6,6,-79.5819,-26.9326
8,13,0,23,6,5,-79.6889,-26.555
8,14,1,23,6,5,-79.8746,-26.5077
8.1,0,2,23,6,10,-78.1093,-26.47
8.1,1,0,23,6,11,-78.4457,-26.7414
8.1,2,1,23,6,11,-78.4473,-26.605
8.1,3,1,23,6,12,-77.513,-27.7158
8.1,4,0,23,6,12,-77.4935,-27.5041
8.1,5,2,23,6,11,-77.4721,-26.5003
8.1,6,2,23,6,11,-77.5125,-26.4033
8.1,7,0,23,6,10,-77.9753,-26.2757
8.1,8,1,23,6,10,-78.1312,-26.6223
8.1,9,1,23,6,9,-78.8536,-27.5588
8.1,10,0,23,6,9,-79.0009,-27.8664
8.1,11,2,23,6,6,-79.3593,-26.9244
8.1,12,2,23,6,6,-79.5863,-26.9439
8.1,13,0,23,6,5,-79.674,-26.5597
8.1,14,1,23,6,5,-79.8798,-26.5175
8.2,0,2,23,6,10,-78.104,-26.4872
8.2,1,0,23,6,11,-78.4375,-26.7569
8.2,2,1,23,6,11,-78.4414,-26.5929
8.2,3,1,23,6,12,-77.4989,-27.7273
8.2,4,0,23,6,12,-77.4749,-27.4815
8.2,5,2,23,6,11,-77.45,-26.4516
8.2,6,2,23,6,11,-77.4928,-26.394
8.2,7,0,23,6,10,-77.9552,-26.221
8.2,8,1,23,6,10,-78.1229,-26.621
8.2,9,1,23,6,9,-78.8322,-27.5275
8.2,10,0,23,6,9,-79.007,-27.89
8.2,11,2,23,6,6,-79.3427,-26.9258
8.2,12,2,23,6,6,-79.5882,-26.9563
8.2,13,0,23,6,5,-79.6592,-26.5644
8.2,14,1,23,6,5,-79.8821,-26.5273
8.3,0,2,23,6,10,-78.0982,-26.5078
8.3,1,0,23,6,11,-78.4285,-26.7751
8.3,2,1,23,6,11,-78.4354,-26.5805
8.3,3,1,23,6,12,-77.4831,-27.7408
8.3,4,0,23,6,12,-77.4545,-27.4574
8.3,5,2,23,6,11,-77.4264,-26.3949
8.3,6,2,23,6,11,-77.47,-26.3808
8.3,7,0,23,6,11,-77.9341,-28.2125
8.3,8,1,23,6,11,-78.1117,-28.3302
8.3,9,1,23,6,9,-78.8108,-27.497
8.3,10,0,23,6,9,-79.0134,-27.9127
8.3,11,2,23,6,6,-79.326,-26.9278
8.3,12,2,23,6,6,-79.5877,-26.9693
8.3,13,0,23,6,5,-79.6446,-26.5694
8.3,14,1,23,6,5,-79.8817,-26.5362
8.4,0,2,23,6,10,-78.091,-26.5313
8.4,1,0,23,6,11,-78.4183,-26.7962
8.4,2,1,23,6,11,-78.4287,-26.5679
8.4,3,1,23,6,12,-77.4655,-27.7565
8.4,4,0,23,6,12,-77.4322,-27.4321
8.4,5,2,23,6,11,-77.4011,-26.3315
8.4,6,2,23,6,11,-77.4445,-26.3651
8.4,7,0,23,6,11,-77.9118,-28.1476
8.4,8,1,23,6,11,-78.0976,-28.3199
8.4,9,1,23,6,9,-78.7887,-27.4673
8.4,10,0,23,6,9,-79.0195,-27.9345
8.4,11,2,23,6,6,-79.3089,-26.9305
8.4,12,2,23,6,6,-79.5847,-26.9828
8.4,13,0,23,6,5,-79.6298,-26.5747
8.4,14,1,23,6,5,-79.8786,-26.5448
8.5,0,2,23,6,10,-78.0833,-26.5595
8.5,1,0,23,6,11,-78.4073,-26.8213
8.5,2,1,23,6,11,-78.4214,-26.5558
8.5,3,1,23,6,12,-77.4464,-27.7756
8.5,4,0,23,6,12,-77.4084,-27.4069
8.5,5,2,23,6,11,-77.3746,-26.2618
8.5,6,2,23,6,11,-77.4164,-26.3469
8.5,7,0,23,6,11,-77.8886,-28.0764
8.5,8,1,23,6,11,-78.0815,-28.3074
8.5,9,1,23,6,9,-78.7665,-27.4389
8.5,10,0,23,6,9,-79.0259,-27.9555
8.5,11,2,23,6,6,-79.2913,-26.9342
8.5,12,2,23,6,6,-79.5796,-26.9968
8.5,13,0,23,6,5,-79.6147,-26.5797
8.5,14,1,23,6,5,-79.8728,-26.5528
8.6,0,1,23,6,10,-78.0742,-26.5929
8.6,1,0,23,6,11,-78.3951,-26.8512
8.6,2,2,23,6,11,-78.4132,-26.5426
8.6,3,1,23,6,12,-77.4257,-27.799
8.6,4,0,23,6,12,-77.383,-27.3804
8.6,5,0,23,6,11,-77.3465,-26.1871
8.6,6,1,23,6,11,-77.3859,-26.3271
8.6,7,2,23,6,11,-77.8639,-28.0002
8.6,8,2,23,6,11,-78.063,-28.2933
8.6,9,1,23,6,9,-78.7432,-27.411
8.6,10,0,23,6,9,-79.0319,-27.9758
8.6,11,0,23,6,6,-79.2732,-26.9388
8.6,12,1,23,6,6,-79.572,-27.0112
8.6,13,2,23,6,5,-79.5992,-26.5846
8.6,14,2,23,6,5,-79.8646,-26.5605
8.7,0,1,23,6,10,-78.0645,-26.6323
8.7,1,0,23,6,11,-78.3819,-26.8868
8.7,2,2,23,6,11,-78.4046,-26.5305
8.7,3,1,23,6,12,-77.4035,-27.8273
8.7,4,0,23,6,12,-77.3563,-27.355
8.7,5,0,23,6,11,-77.3172,-26.1074
8.7,6,1,23,6,11,-77.3532,-26.305
8.7,7,2,23,6,11,-77.8386,-27.9193
8.7,8,2,23,6,11,-78.0425,-28.2769
8.7,9,1,23,6,9,-78.7196,-27.3844
8.7,10,0,23,6,9,-79.0379,-27.996
8.7,11,0,23,6,6,-79.2542,-26.9432
8.7,12,1,23,6,6,-79.5625,-27.0262
8.7,13,2,23,6,5,-79.5829,-26.5897
8.7,14,2,23,6,5,-79.8541,-26.5674
8.8,0,1,23,6,10,-78.0258,-26.679
8.8,1,0,23,6,11,-78.3677,-26.9292
8.8,2,2,23,6,11,-78.395,-26.5182
8.8,3,1,23,6,12,-77.3797,-27.8616
8.8,4,0,23,6,12,-77.3284,-27.3294
8.8,5,0,23,6,11,-77.2866,-26.0246
8.8,6,1,23,6,11,-77.3183,-26.2818
8.8,7,2,23,6,11,-77.8117,-27.8349
8.8,8,2,23,6,11,-78.0202,-28.2597
8.8,9,1,23,6,9,-78.6951,-27.3582
8.8,10,0,23,6,9,-79.0436,-28.0154
8.8,11,0,23,6,6,-79.2345,-26.9485
8.8,12,1,23,6,6,-79.5511,-27.0421
8.8,13,2,23,6,5,-79.5658,-26.5943
8.8,14,2,23,6,5,-79.8412,-26.5738
8.9,0,1,23,6,10,-78.0137,-26.733
8.9,1,0,23,6,11,-78.3227,-26.9787
8.9,2,2,23,6,11,-78.3849,-26.5074
8.9,3,1,23,6,12,-77.3546,-27.9023
8.9,4,0,23,6,12,-77.2995,-27.3048
8.9,5,0,23,6,11,-77.2548,-25.9387
8.9,6,1,23,6,11,-77.2815,-26.2574
8.9,7,2,23,6,11,-77.7841,-27.7476
8.9,8,2,23,6,11,-77.9961,-28.2415
8.9,9,1,23,6,9,-78.6699,-27.3326
8.9,10,0,23,6,9,-79.0492,-28.0349
8.9,11,0,23,6,6,-79.2139,-26.9548
8.9,12,1,23,6,6,-79.5381,-27.0588
8.9,13,2,23,6,5,-79.5479,-26.599
8.9,14,2,23,6,5,-79.8261,-26.5791
9,0,1,23,6,10,-78.0005,-26.7957
9,1,0,23,6,11,-78.306,-27.0365
9,2,2,23,6,11,-78.3738,-26.5908
9,3,1,23,6,12,-77.328,-27.9507
9,4,0,23,6,12,-77.2697,-27.2801
9,5,0,23,6,11,-77.2219,-25.85
9,6,1,23,6,11,-77.2427,-26.2314
9,7,2,23,6,11,-77.7551,-27.6573
9,8,2,23,6,11,-77.9703,-28.2217
9,9,1,23,6,9,-78.6438,-27.3083
9,10,0,23,6,9,-79.0545,-28.0546
9,11,0,23,6,6,-79.1924,-26.9609
9,12,1,23,6,6,-79.5234,-27.0761
9,13,2,23,6,5,-79.5289,-26.6036
9,14,2,23,6,5,-79.8089,-26.584
9.1,0,1,23,6,10,-77.9864,-26.8665
9.1,1,0,23,6,11,-78.2884,-27.1021
9.1,2,2,23,6,11,-78.3621,-26.6815
9.1,3,1,23,6,12,-77.2767,-28.0063
9.1,4,0,23,6,12,-77.2392,-27.2572
9.1,5,0,23,6,11,-77.1881,-25.7598
9.1,6,1,23,6,11,-77.2024,-26.2051
9.1,7,2,23,6,11,-77.7252,-27.5654
9.1,8,2,23,6,11,-77.9431,-28.2018
9.1,9,1,23,6,9,-78.6169,-27.2843
9.1,10,0,23,6,9,-79.0596,-28.0747
9.1,11,0,23,6,6,-79.1697,-26.9666
9.1,12,1,23,6,6,-79.5074,-27.0947
9.1,13,2,23,6,5,-79.5089,-26.6081
9.1,14,2,23,6,5,-79.79,-26.5879
9.2,0,1,23,6,10,-77.9714,-26.9462
9.2,1,0,23,6,11,-78.2698,-27.1763
9.2,2,2,23,6,11,-78.3494,-26.7803
9.2,3,1,23,6,12,-77.2474,-28.0698
9.2,4,0,23,6,12,-77.2081,-27.2354
9.2,5,0,23,6,11,-77.1533,-25.6685
9.2,6,1,23,6,11,-77.1602,-26.1773
9.2,7,2,23,6,11,-77.6941,-27.4721
9.2,8,2,23,6,11,-77.9146,-28.181
9.2,9,1,23,6,9,-78.589,-27.2613
9.2,10,0,23,6,9,-79.0645,-28.0945
9.2,11,0,23,6,6,-79.146,-26.9728
9.2,12,1,23,6,6,-79.4903,-27.114
9.2,13,2,23,6,5,-79.4877,-26.6119
9.2,14,2,23,6,5,-79.7691,-26.5909
9.3,0,1,23,6,10,-77.9554,-27.0345
9.3,1,0,23,6,11,-78.2501,-27.2586
9.3,2,2,23,6,11,-78.3362,-26.8859
9.3,3,1,23,6,12,-77.2167,-28.1408
9.3,4,0,23,6,12,-77.1763,-27.2144
9.3,5,0,23,6,11,-77.095,-25.5761
9.3,6,1,23,6,12,-77.1163,-28.3098
9.3,7,2,23,6,11,-77.6621,-27.3779
9.3,8,2,23,6,11,-77.8847,-28.1599
9.3,9,1,23,6,10,-78.5601,-27.7638
9.3,10,0,23,6,9,-79.0691,-28.1146
9.3,11,0,23,6,6,-79.1212,-26.9794
9.3,12,1,23,6,6,-79.4723,-27.1341
9.3,13,2,23,6,5,-79.4652,-26.6156
9.3,14,2,23,6,5,-79.7468,-26.5935
9.4,0,1,23,6,10,-77.9386,-27.1316
9.4,1,0,23,6,11,-78.2296,-27.3498
9.4,2,2,23,6,11,-78.3223,-26.9996
9.4,3,1,23,6,12,-77.1849,-28.22
9.4,4,0,23,6,12,-77.1442,-27.1944
9.4,5,0,23,6,11,-77.0582,-25.4824
9.4,6,1,23,6,12,-77.0711,-28.2758
9.4,7,2,23,6,11,-77.6291,-27.2822
9.4,8,2,23,6,11,-77.8534,-28.1377
9.4,9,1,23,6,10,-78.5305,-27.6947
9.4,10,0,23,6,9,-79.0736,-28.1352
9.4,11,0,23,6,6,-79.0956,-26.986
9.4,12,1,23,6,6,-79.4536,-27.1557
9.4,13,2,23,6,5,-79.4416,-26.6189
9.4,14,2,23,6,5,-79.7227,-26.5944
9.5,0,1,23,6,10,-77.9203,-27.2342
9.5,1,0,23,6,11,-78.2076,-27.4459
9.5,2,2,23,6,11,-78.3078,-27.1194
9.5,3,1,23,6,12,-77.1516,-28.3041
9.5,4,0,23,6,12,-77.1119,-27.1768
9.5,5,0,23,6,11,-77.0205,-25.3899
9.5,6,1,23,6,12,-77.0244,-28.2427
9.5,7,2,23,6,11,-77.5953,-27.188
9.5,8,2,23,6,11,-77.8194,-28.115
9.5,9,1,23,6,10,-78.5,-27.6294
9.5,10,0,23,6,9,-79.078,-28.1562
9.5,11,0,23,6,6,-79.0685,-26.9919
9.5,12,1,23,6,6,-79.4345,-27.1779
9.5,13,2,23,6,5,-79.4165,-26.6218
9.5,14,2,23,6,5,-79.6974,-26.5944
9.6,0,1,23,6,10,-77.9005,-27.3434
9.6,1,0,23,6,11,-78.1842,-27.5485
9.6,2,2,23,6,11,-78.2928,-27.2458
9.6,3,2,23,6,12,-77.117,-28.394
9.6,4,1,23,6,12,-77.0793,-27.1596
9.6,5,1,23,6,11,-76.9819,-25.2974
9.6,6,0,23,6,12,-76.9764,-28.209
9.6,7,0,23,6,11,-77.5353,-27.0941
9.6,8,2,23,6,11,-77.7825,-28.0913
9.6,9,2,23,6,10,-78.4684,-27.5665
9.6,10,1,23,6,9,-79.0823,-28.1777
9.6,11,1,23,6,6,-79.0406,-26.9985
9.6,12,0,23,6,6,-79.4151,-27.2016
9.6,13,0,23,6,5,-79.3904,-26.6243
9.6,14,2,23,6,5,-79.6708,-26.593
9.7,0,1,23,6,10,-77.8796,-27.4586
9.7,1,0,23,6,11,-78.1595,-27.6568
9.7,2,2,23,6,11,-78.2775,-27.3786
9.7,3,2,23,6,12,-77.0806,-28.4891
9.7,4,1,23,6,12,-77.0467,-27.1447
9.7,5,1,23,6,11,-76.9425,-25.2024
9.7,6,0,23,6,12,-76.927,-28.1762
9.7,7,0,23,6,11,-77.4995,-26.9977
9.7,8,2,23,6,11,-77.7429,-28.0658
9.7,9,2,23,6,10,-78.4361,-27.5084
9.7,10,1,23,6,9,-79.0868,-28.2001
9.7,11,1,23,6,6,-79.0114,-27.0044
9.7,12,0,23,6,6,-79.3576,-27.2255
9.7,13,0,23,6,5,-79.363,-26.6266
9.7,14,2,23,6,5,-79.6437,-26.593
9.8,0,1,23,6,10,-77.8576,-27.5786
9.8,1,0,23,6,11,-78.1337,-27.7697
9.8,2,2,23,6,11,-78.2617,-27.5155
9.8,3,2,23,6,12,-77.0428,-28.5887
9.8,4,1,23,6,12,-77.0141,-27.1305
9.8,5,1,23,6,11,-76.9024,-25.1054
9.8,6,0,23,6,12,-76.8761,-28.1428
9.8,7,0,23,6,11,-77.4628,-26.8996
9.8,8,2,23,6,11,-77.7013,-28.0397
9.8,9,2,23,6,10,-78.4028,-27.4524
9.8,10,1,23,6,9,-79.091,-28.2228
9.8,11,1,23,6,6,-78.9816,-27.0107
9.8,12,0,23,6,6,-79.3382,-27.2507
9.8,13,0,23,6,5,-79.3346,-26.6286
9.8,14,2,23,6,5,-79.6158,-26.5944
9.9,0,1,23,6,10,-77.835,-27.7043
9.9,1,0,23,6,11,-78.1068,-27.8881
9.9,2,2,23,6,11,-78.2457,-27.6571
9.9,3,2,23,6,12,-77.0035,-28.6935
9.9,4,1,23,6,12,-76.9812,-27.1186
9.9,5,1,23,6,11,-76.861,-25.0056
9.9,6,0,23,6,12,-76.8238,-28.1105
9.9,7,0,23,6,11,-77.4253,-26.7989
9.9,8,2,23,6,11,-77.6578,-28.0119
9.9,9,2,23,6,10,-78.3387,-27.3984
9.9,10,1,23,6,9,-79.0954,-28.2468
9.9,11,1,23,6,6,-78.9504,-27.0161
9.9,12,0,23,6,6,-79.3189,-27.2761
9.9,13,0,23,6,5,-79.3049,-26.6305
9.9,14,2,23,6,5,-79.5878,-26.5964
10,0,1,23,6,10,-77.8113,-27.8244
10,1,0,23,6,11,-78.0791,-28.001
10,2,2,23,6,11,-78.2287,-27.7944
10,3,2,23,6,12,-76.9621,-28.7927
10,4,1,23,6,12,-76.9486,-27.1073
10,5,1,23,6,11,-76.8189,-24.9061
10,6,0,23,6,12,-76.7696,-28.0767
10,7,0,23,6,11,-77.3868,-26.6982
10,8,2,23,6,11,-77.6126,-27.983
10,9,2,23,6,10,-78.3037,-27.3454
10,10,1,23,6,9,-79.0977,-28.2688
10,11,1,23,6,6,-78.9184,-27.0214
10,12,0,23,6,6,-79.3,-27.3021
10,13,0,23,6,5,-79.2741,-26.6316
10,14,2,23,6,5,-79.5596,-26.5984
10.1,0,1,23,6,10,-77.7606,-27.9399
10.1,1,0,23,6,11,-78.0504,-28.1089
10.1,2,2,23,6,11,-78.2111,-27.9285
10.1,3,2,23,6,12,-76.9191,-28.8877
10.1,4,1,23,6,12,-76.9157,-27.0972
10.1,5,1,23,6,11,-76.7756,-24.8047
10.1,6,0,23,6,12,-76.7138,-28.0427
10.1,7,0,23,6,11,-77.3475,-26.5956
10.1,8,2,23,6,11,-77.5663,-27.9532
10.1,9,2,23,6,10,-78.2678,-27.343
10.1,10,1,23,6,9,-79.098,-28.2895
10.1,11,1,23,6,6,-78.8853,-27.0268
10.1,12,0,23,6,6,-79.2817,-27.3284
10.1,13,0,23,6,5,-79.2421,-26.632
10.1,14,2,23,6,5,-79.5315,-26.6015
10.2,0,1,23,6,10,-77.7354,-28.0547
10.2,1,0,23,6,11,-78.0211,-28.2164
10.2,2,2,23,6,11,-78.1641,-28.0624
10.2,3,2,23,6,12,-78.7318,-28.8685
10.2,4,1,23,6,12,-78.7406,-26.8795
10.2,5,1,23,6,11,-78.5104,-24.472
10.2,6,0,23,6,12,-78.4017,-27.9548
10.2,7,0,23,6,11,-77.3074,-26.4882
10.2,8,2,23,6,11,-77.519,-27.9226
10.2,9,2,23,6,10,-78.2311,-27.3529
10.2,10,1,23,6,9,-79.0978,-28.3106
10.2,11,1,23,6,6,-78.8179,-27.0315
10.2,12,0,23,6,6,-79.2637,-27.3554
10.2,13,0,23,6,5,-79.2092,-26.6327
10.2,14,2,23,6,5,-79.5039,-26.6061
10.3,0,1,23,6,10,-77.7102,-28.1683
10.3,1,0,23,6,11,-77.9913,-28.3221
10.3,2,2,23,6,11,-78.1461,-28.1966
10.3,3,2,23,6,12,-78.6988,-28.9655
10.3,4,1,23,6,12,-78.7126,-26.8714
10.3,5,1,23,6,11,-78.4638,-24.3562
10.3,6,0,23,6,12,-78.3483,-27.9196
10.3,7,0,23,6,11,-77.2666,-26.3746
10.3,8,2,23,6,11,-77.4709,-27.8908
10.3,9,2,23,6,10,-78.1938,-27.3613
10.3,10,1,23,6,9,-79.0975,-28.3321
10.3,11,1,23,6,6,-78.7829,-27.0358
10.3,12,0,23,6,6,-79.2467,-27.3825
10.3,13,0,23,6,5,-79.1754,-26.6331
10.3,14,2,23,6,5,-79.477,-26.6111
10.4,0,1,23,6,10,-77.6848,-28.2819
10.4,1,0,23,6,11,-77.9614,-28.4279
10.4,2,2,23,6,11,-78.1282,-28.3312
10.4,3,2,23,6,12,-78.6651,-29.0619
10.4,4,1,23,6,12,-78.6847,-26.8635
10.4,5,1,23,6,11,-78.4158,-24.2326
10.4,6,0,23,6,12,-78.2945,-27.8837
10.4,7,0,23,6,11,-77.2251,-26.2535
10.4,8,2,23,6,11,-77.4224,-27.8583
10.4,9,2,23,6,10,-78.156,-27.3687
10.4,10,1,23,6,9,-79.0973,-28.3538
10.4,11,1,23,6,6,-78.7473,-27.0399
10.4,12,0,23,6,6,-79.2304,-27.4098
10.4,13,0,23,6,5,-79.1407,-26.6331
10.4,14,2,23,6,5,-79.451,-26.6189
10.5,0,1,23,6,10,-77.6595,-28.3965
10.5,1,0,23,6,11,-77.9312,-28.5343
10.5,2,2,23,6,11,-78.1106,-28.4674
10.5,3,2,23,6,12,-78.6312,-29.159
10.5,4,1,23,6,12,-78.6567,-26.8563
10.5,5,1,23,6,11,-78.367,-24.1001
10.5,6,0,23,6,12,-78.2405,-27.8482
10.5,7,0,23,6,11,-77.1834,-26.1239
10.5,8,2,23,6,11,-77.3733,-27.8255
10.5,9,2,23,6,10,-78.1175,-27.3753
10.5,10,1,23,6,9,-79.098,-28.3768
10.5,11,1,23,6,6,-78.7111,-27.0438
10.5,12,0,23,6,6,-79.215,-27.4379
10.5,13,0,23,6,5,-79.0702,-26.6326
10.5,14,2,23,6,5,-79.4259,-26.6292
10.6,0,1,23,6,10,-77.6342,-28.5111
10.6,1,0,23,6,11,-77.9011,-28.6406
10.6,2,2,23,6,11,-78.0653,-28.6048
10.6,3,2,23,6,12,-78.5967,-29.2553
10.6,4,1,23,6,12,-78.6287,-26.8501
10.6,5,1,23,6,11,-78.317,-23.9579
10.6,6,0,23,6,12,-78.1864,-27.8132
10.6,7,0,23,6,11,-77.141,-25.9853
10.6,8,2,23,6,11,-77.3241,-27.7915
10.6,9,2,23,6,10,-78.0788,-27.3815
10.6,10,1,23,6,9,-79.0995,-28.4008
10.6,11,1,23,6,6,-78.6742,-27.0473
10.6,12,0,23,6,6,-79.2006,-27.4671
10.6,13,0,23,6,5,-79.034,-26.632
10.6,14,2,23,6,5,-79.4018,-26.6419
10.7,0,1,23,6,10,-77.6094,-28.627
10.7,1,0,23,6,11,-77.871,-28.7478
10.7,2,2,23,6,11,-78.0485,-28.7434
10.7,3,2,23,6,12,-78.5622,-29.3523
10.7,4,1,23,6,12,-78.6008,-26.8441
10.7,5,1,23,6,11,-78.2663,-23.8048
10.7,6,0,23,6,12,-78.1325,-27.7788
10.7,7,0,23,6,11,-77.0985,-25.8363
10.7,8,2,23,6,11,-77.2749,-27.757
10.7,9,2,23,6,10,-78.0396,-27.387
10.7,10,1,23,6,9,-79.1021,-28.4264
10.7,11,1,23,6,6,-78.6369,-27.0501
10.7,12,0,23,6,6,-79.1875,-27.4968
10.7,13,0,23,6,5,-78.9973,-26.6313
10.7,14,2,23,6,5,-79.3792,-26.6592
10.8,0,1,23,6,10,-77.5849,-28.7432
10.8,1,0,23,6,11,-77.8414,-28.8553
10.8,2,2,23,6,11,-78.0323,-28.8835
10.8,3,2,23,6,12,-78.5276,-29.4492
10.8,4,1,23,6,12,-78.5731,-26.8381
10.8,5,1,23,6,11,-78.2152,-23.6416
10.8,6,0,23,6,12,-78.0793,-27.7452
10.8,7,0,23,6,11,-77.0558,-25.6775
10.8,8,2,23,6,11,-77.2258,-27.7217
10.8,9,2,23,6,10,-78.0006,-27.3924
10.8,10,1,23,6,9,-79.106,-28.453
10.8,11,1,23,6,6,-78.5993,-27.053
10.8,12,0,23,6,6,-79.1754,-27.5271
10.8,13,0,23,6,5,-78.9603,-26.6301
10.8,14,2,23,6,5,-79.3574,-26.6806
10.9,0,1,23,6,10,-77.5611,-28.861
10.9,1,0,23,6,11,-77.7857,-28.9641
10.9,2,2,23,6,11,-78.017,-29.0251
10.9,3,2,23,6,12,-78.4931,-29.5468
10.9,4,1,23,6,12,-78.5457,-26.8325
10.9,5,1,23,6,11,-78.1639,-23.467
10.9,6,0,23,6,12,-78.027,-27.7132
10.9,7,0,23,6,11,-77.0132,-25.508
10.9,8,2,23,6,11,-77.1768,-27.6858
10.9,9,2,23,6,10,-77.9614,-27.3977
10.9,10,1,23,6,9,-79.1117,-28.4818
10.9,11,1,23,6,6,-78.5617,-27.0556
10.9,12,0,23,6,6,-79.1647,-27.5587
10.9,13,0,23,6,5,-78.9229,-26.6289
10.9,14,2,23,6,5,-79.337,-26.7079
11,0,1,23,6,10,-77.5375,-28.9778
11,1,0,23,6,11,-77.7564,-29.0717
11,2,2,23,6,11,-78.0024,-29.167
11,3,2,23,6,12,-78.4587,-29.6431
11,4,1,23,6,12,-78.5183,-26.8267
11,5,1,23,6,11,-78.1125,-23.2824
11,6,0,23,6,12,-77.9758,-27.683
11,7,0,23,6,11,-76.9705,-25.3291
11,8,2,23,6,11,-77.128,-27.6493
11,9,2,23,6,10,-77.9221,-27.4037
11,10,1,23,6,9,-79.1188,-28.5124
11,11,1,23,6,6,-78.5238,-27.0577
11,12,0,23,6,6,-79.1553,-27.5918
11,13,0,23,6,5,-78.8854,-26.628
11,14,2,23,6,5,-79.3178,-26.7413
11.1,0,1,23,6,10,-77.5151,-29.0967
11.1,1,0,23,6,11,-77.728,-29.1813
11.1,2,2,23,6,11,-77.9891,-29.3116
11.1,3,2,23,6,12,-78.4249,-29.7412
11.1,4,1,23,6,12,-76.6311,-26.8244
11.1,5,1,23,6,11,-78.0624,-23.0893
11.1,6,0,23,6,12,-77.9272,-27.6563
11.1,7,0,23,6,11,-76.9288,-25.1421
11.1,8,2,23,6,11,-77.0803,-27.6126
11.1,9,2,23,6,10,-77.8837,-27.4104
11.1,10,1,23,6,9,-77.0349,-28.6172
11.1,11,1,23,6,6,-78.4864,-27.0587
11.1,12,0,23,6,6,-79.1478,-27.6268
11.1,13,0,23,6,5,-78.8481,-26.6263
11.1,14,2,23,6,5,-79.2995,-26.7803
11.2,0,1,23,6,10,-77.4938,-29.2204
11.2,1,0,23,6,11,-77.7006,-29.2952
11.2,2,2,23,6,11,-77.9773,-29.456
11.2,3,2,23,6,12,-78.3917,-29.8427
11.2,4,1,23,6,12,-76.6158,-26.8194
11.2,5,1,23,6,11,-78.0127,-22.8831
11.2,6,0,23,6,12,-77.8802,-27.6317
11.2,7,0,23,6,11,-76.8879,-24.9427
11.2,8,2,23,6,11,-77.033,-27.5753
11.2,9,2,23,6,10,-77.8456,-27.4184
11.2,10,1,23,6,9,-77.0668,-28.6521
11.2,11,1,23,6,6,-78.4494,-27.0602
11.2,12,0,23,6,6,-79.1408,-27.6618
11.2,13,0,23,6,5,-78.8114,-26.6245
11.2,14,2,23,6,5,-79.2826,-26.8265
11.3,0,1,23,6,10,-77.4739,-29.3384
11.3,1,0,23,6,11,-77.6737,-29.4023
11.3,2,2,23,6,11,-77.9671,-29.6008
11.3,3,2,23,6,12,-78.3582,-29.9366
11.3,4,1,23,6,12,-76.625,-26.8191
11.3,5,1,23,6,11,-77.9624,-22.6619
11.3,6,0,23,6,12,-77.8331,-27.6097
11.3,7,0,23,6,11,-76.8476,-24.7284
11.3,8,2,23,6,11,-76.9849,-27.5337
11.3,9,2,23,6,10,-77.8083,-27.4324
11.3,10,1,23,6,9,-77.1042,-28.6898
11.3,11,1,23,6,6,-78.4109,-27.0594
11.3,12,0,23,6,6,-79.1013,-27.7047
11.3,13,0,23,6,5,-78.7735,-26.6214
11.3,14,2,23,6,5,-79.266,-26.8782
11.4,0,1,23,6,10,-77.4515,-29.4494
11.4,1,0,23,6,11,-77.6443,-29.5008
11.4,2,2,23,6,11,-77.9548,-29.7485
11.4,3,2,23,6,12,-78.3214,-30.0197
11.4,4,1,23,6,12,-76.6168,-26.8193
11.4,5,1,23,6,11,-77.9086,-22.4219
11.4,6,0,23,6,12,-77.7811,-27.5787
11.4,7,0,23,6,11,-76.7989,-24.4884
11.4,8,2,23,6,11,-76.9316,-27.4851
11.4,9,2,23,6,10,-77.7656,-27.4518
11.4,10,1,23,6,9,-77.1467,-28.7315
11.4,11,1,23,6,6,-78.3684,-27.0579
11.4,12,0,23,6,6,-79.0993,-27.7605
11.4,13,0,23,6,5,-78.733,-26.6182
11.4,14,2,23,6,5,-79.2482,-26.9386
11.5,0,1,23,6,10,-77.4244,-29.5283
11.5,1,0,23,6,11,-77.6099,-29.5648
11.5,2,2,23,6,11,-77.9389,-29.8875
11.5,3,2,23,6,12,-78.2793,-30.0656
11.5,4,1,23,6,12,-76.6295,-26.976
11.5,5,1,23,6,11,-77.8445,-22.1559
11.5,6,0,23,6,12,-77.7193,-27.5393
11.5,7,0,23,6,11,-76.7408,-24.3871
11.5,8,2,23,6,11,-76.8691,-27.4208
11.5,9,2,23,6,10,-77.7157,-27.4798
11.5,10,1,23,6,9,-77.1907,-28.7838
11.5,11,1,23,6,6,-78.3209,-27.0592
11.5,12,0,23,6,6,-79.0983,-27.8339
11.5,13,0,23,6,5,-78.6904,-26.6269
11.5,14,2,23,6,5,-79.1904,-27.0063
11.6,0,1,23,6,10,-77.3903,-29.6047
11.6,1,0,23,6,11,-77.569,-29.6252
11.6,2,2,23,6,11,-77.9173,-30.0427
11.6,3,2,23,6,12,-78.2307,-30.1062
11.6,4,1,23,6,12,-76.6433,-27.1551
11.6,5,1,23,6,11,-77.771,-21.8634
11.6,6,0,23,6,12,-77.6467,-27.4898
11.6,7,0,23,6,11,-76.6706,-24.4168
11.6,8,2,23,6,11,-76.7978,-27.3424
11.6,9,2,23,6,10,-77.6562,-27.5168
11.6,10,1,23,6,9,-77.2393,-28.8571
11.6,11,1,23,6,6,-78.2657,-27.0614
11.6,12,0,23,6,6,-79.0981,-27.9278
11.6,13,0,23,6,5,-78.6438,-26.6503
11.6,14,2,23,6,5,-79.1638,-27.0828
11.7,0,1,23,6,10,-77.3487,-29.6781
11.7,1,0,23,6,11,-77.5215,-29.682
11.7,2,2,23,6,11,-77.8897,-30.2148
11.7,3,2,23,6,11,-78.1759,-23.054
11.7,4,1,23,6,12,-76.6582,-27.3573
11.7,5,1,23,6,11,-77.6888,-21.5483
11.7,6,0,23,6,12,-77.5641,-27.4309
11.7,7,0,23,6,11,-76.5886,-24.4425
11.7,8,2,23,6,11,-76.718,-27.2518
11.7,9,2,23,6,10,-77.5869,-27.5647
11.7,10,1,23,6,8,-77.2926,-28.854
11.7,11,1,23,6,6,-78.203,-27.0675
11.7,12,0,23,6,6,-79.0989,-28.0459
11.7,13,0,23,6,5,-78.593,-26.689
11.7,14,2,23,6,5,-79.1334,-27.1691
11.8,0,1,23,6,10,-77.299,-29.7475
11.8,1,0,23,6,11,-77.4674,-29.7345
11.8,2,2,23,6,11,-77.8557,-30.4042
11.8,3,2,23,6,11,-78.0884,-23.0372
11.8,4,1,23,6,12,-76.6743,-27.5844
11.8,5,1,23,6,11,-77.5982,-21.2119
11.8,6,0,23,6,12,-77.4722,-27.3623
11.8,7,0,23,6,11,-76.4946,-24.4671
11.8,8,2,23,6,11,-76.6285,-27.1491
11.8,9,2,23,6,10,-77.5079,-27.6264
11.8,10,1,23,6,8,-77.3499,-28.9739
11.8,11,1,23,6,6,-78.1354,-27.0932
11.8,12,0,23,6,6,-79.1014,-28.1916
11.8,13,0,23,6,5,-78.5395,-26.752
11.8,14,2,23,6,5,-79.101,-27.2704
11.9,0,1,23,6,10,-77.2413,-29.8113
11.9,1,0,23,6,11,-77.4064,-29.781
11.9,2,2,23,6,11,-77.816,-30.6108
11.9,3,2,23,6,11,-78.0251,-23.0196
11.9,4,1,23,6,12,-76.6911,-27.836
11.9,5,1,23,6,11,-77.4996,-20.8569
11.9,6,0,23,6,12,-77.3473,-27.2847
11.9,7,0,23,6,11,-76.3898,-24.4925
11.9,8,2,23,6,11,-76.5298,-27.0355
11.9,9,2,23,6,10,-77.4195,-27.704
11.9,10,1,23,6,8,-77.411,-29.1221
11.9,11,1,23,6,6,-78.0629,-27.1385
11.9,12,0,23,6,6,-79.1059,-28.367
11.9,13,0,23,6,5,-78.4831,-26.8371
11.9,14,2,23,6,5,-79.0686,-27.3895
12,0,1,23,6,10,-77.1751,-29.8675
12,1,0,23,6,11,-77.3393,-29.8209
12,2,2,23,6,11,-77.7699,-30.8342
12,3,2,23,6,11,-77.9585,-23.004
12,4,1,23,6,12,-76.7084,-28.112
12,5,1,23,6,11,-77.3929,-20.4853
12,6,0,23,6,12,-77.2378,-27.1967
12,7,0,23,6,11,-76.2737,-24.5213
12,8,2,23,6,12,-76.4218,-28.5748
12,9,2,23,6,11,-77.3223,-27.8
12,10,1,23,6,8,-77.4755,-29.2996
12,11,1,23,6,6,-77.986,-27.2046
12,12,0,23,6,6,-79.113,-28.5754
12,13,0,23,6,5,-78.4237,-26.9437
12,14,2,23,6,5,-79.0378,-27.5313
12.1,0,2,23,6,10,-77.1002,-29.9192
12.1,1,1,23,6,11,-77.2657,-29.8565
12.1,2,0,23,6,11,-77.7173,-31.0752
12.1,3,0,23,6,11,-77.8885,-22.9879
12.1,4,2,23,6,12,-76.7256,-28.4139
12.1,5,2,23,6,11,-77.2782,-20.099
12.1,6,1,23,6,12,-77.1195,-27.0986
12.1,7,1,23,6,11,-76.1465,-24.5599
12.1,8,0,23,6,12,-76.3045,-28.4467
12.1,9,0,23,6,11,-77.2162,-27.9175
12.1,10,2,23,6,8,-77.5429,-29.5065
12.1,11,2,23,6,6,-77.9047,-27.2928
12.1,12,1,23,6,6,-79.1226,-28.8192
12.1,13,1,23,6,5,-78.3618,-27.0726
12.1,14,0,23,6,5,-79.0097,-27.7027
12.2,0,2,23,6,10,-77.0209,-29.9662
12.2,1,1,23,6,11,-77.1908,-29.8883
12.2,2,0,23,6,11,-77.6584,-31.3337
12.2,3,0,23,6,11,-77.8204,-22.9721
12.2,4,2,23,6,12,-76.7422,-28.7417
12.2,5,2,23,6,11,-77.1577,-19.6956
12.2,6,1,23,6,12,-75.5109,-26.9922
12.2,7,1,23,6,11,-76.0098,-24.6126
12.2,8,0,23,6,12,-76.1937,-28.3181
12.2,9,0,23,6,11,-77.1024,-28.0603
12.2,10,2,23,6,8,-77.6131,-29.7434
12.2,11,2,23,6,6,-77.8194,-27.4035
12.2,12,1,23,6,6,-76.9194,-29.2592
12.2,13,1,23,6,5,-78.2973,-27.2249
12.2,14,0,23,6,5,-78.9854,-27.9095
12.3,0,2,23,6,10,-76.9365,-30.0121
12.3,1,1,23,6,11,-77.1146,-29.92
12.3,2,0,23,6,11,-77.592,-31.6287
12.3,3,0,23,6,11,-77.7545,-22.9556
12.3,4,2,23,6,12,-76.7568,-29.1149
12.3,5,2,23,6,11,-77.0317,-19.277
12.3,6,1,23,6,12,-75.4477,-26.8731
12.3,7,1,23,6,11,-75.8635,-24.6915
12.3,8,0,23,6,12,-76.0902,-28.19
12.3,9,0,23,6,11,-76.9805,-28.232
12.3,10,2,23,6,8,-77.685,-30.0113
12.3,11,2,23,6,6,-77.7301,-27.5384
12.3,12,1,23,6,6,-76.9791,-29.5799
12.3,13,1,23,6,5,-78.2305,-27.4017
12.3,14,0,23,6,5,-78.9613,-28.1588
12.4,0,2,23,6,9,-76.8464,-25.6685
12.4,1,1,23,6,11,-77.0363,-29.9538
12.4,2,0,23,6,11,-77.5178,-31.9542
12.4,3,0,23,6,11,-77.6893,-22.9865
12.4,4,2,23,6,12,-76.7651,-29.6082
12.4,5,2,23,6,11,-76.8954,-18.8462
12.4,6,1,23,6,12,-75.3602,-26.7447
12.4,7,1,23,6,11,-75.7074,-24.7939
12.4,8,0,23,6,12,-75.9934,-28.0637
12.4,9,0,23,6,11,-76.851,-28.4232
12.4,10,2,23,6,7,-77.7562,-30.3108
12.4,11,2,23,6,6,-77.6366,-27.6983
12.4,12,1,23,6,6,-77.042,-29.9319
12.4,13,1,23,6,5,-78.1501,-27.5935
12.4,14,0,23,6,5,-78.9392,-28.4465
12.5,0,2,23,6,10,-76.7499,-28.3803
12.5,1,1,23,6,11,-76.9563,-29.9896
12.5,2,0,23,6,11,-77.4352,-32.2906
12.5,3,0,23,6,11,-77.6273,-23.062
12.5,4,2,23,6,12,-76.7654,-30.1304
12.5,5,2,23,6,11,-76.7298,-18.4076
12.5,6,1,23,6,12,-75.2796,-26.8455
12.5,7,1,23,6,11,-75.5402,-24.9132
12.5,8,0,23,6,12,-75.9061,-27.9394
12.5,9,0,23,6,11,-76.7127,-28.6232
12.5,10,2,23,6,7,-77.8269,-30.6493
12.5,11,2,23,6,7,-77.5389,-29.8966
12.5,12,1,23,6,6,-77.1093,-30.3089
12.5,13,1,23,6,5,-78.0571,-27.81
12.5,14,0,23,6,5,-78.9252,-28.7737
12.6,0,1,23,6,10,-76.6403,-28.3576
12.6,1,2,23,6,11,-76.8664,-25.8824
12.6,2,0,23,6,12,-77.344,-32.6397
12.6,3,1,23,6,11,-77.5593,-23.1813
12.6,4,2,23,6,12,-76.7577,-30.651
12.6,5,0,23,6,11,-76.5719,-17.965
12.6,6,1,23,6,12,-75.1896,-27.404
12.6,7,2,23,6,11,-75.3609,-25.052
12.6,8,0,23,6,12,-75.8031,-27.8047
12.6,9,1,23,6,11,-76.565,-28.8339
12.6,10,1,23,6,6,-77.8973,-29.3804
12.6,11,0,23,6,8,-77.4362,-31.6407
12.6,12,2,23,6,6,-77.1809,-30.7118
12.6,13,2,23,6,6,-77.9516,-30.9331
12.6,14,0,23,6,5,-78.9183,-29.1402
12.7,0,1,23,6,10,-76.5177,-28.3536
12.7,1,2,23,6,11,-76.7665,-25.9717
12.7,2,0,23,6,12,-77.2444,-33.0001
12.7,3,1,23,6,11,-77.4847,-23.34
12.7,4,2,23,6,12,-76.7414,-31.1681
12.7,5,0,23,6,11,-78.6538,-16.3371
12.7,6,1,23,6,12,-76.6338,-27.9627
12.7,7,2,23,6,11,-75.1697,-25.2491
12.7,8,0,23,6,12,-75.6838,-27.6596
12.7,9,1,23,6,11,-76.4085,-29.0542
12.7,10,1,23,6,6,-77.9667,-29.8729
12.7,11,0,23,6,8,-77.3282,-31.8838
12.7,12,2,23,6,6,-77.2564,-31.1384
12.7,13,2,23,6,6,-77.8342,-31.155
12.7,14,0,23,6,5,-78.9184,-29.5436
12.8,0,1,23,6,10,-76.3822,-28.339
12.8,1,2,23,6,11,-76.6571,-26.0493
12.8,2,0,23,6,12,-77.1369,-33.3727
12.8,3,1,23,6,11,-77.4036,-23.4905
12.8,4,2,23,6,12,-76.7169,-31.685
12.8,5,0,23,6,11,-78.5487,-16.5491
12.8,6,1,23,6,13,-76.6018,-28.6911
12.8,7,2,23,6,11,-74.9673,-25.4592
12.8,8,0,23,6,12,-75.5468,-27.503
12.8,9,1,23,6,11,-76.2439,-29.2861
12.8,10,1,23,6,6,-78.0355,-30.388
12.8,11,0,23,6,9,-77.215,-32.1403
12.8,12,2,23,6,6,-77.3357,-31.5895
12.8,13,2,23,6,6,-77.7164,-31.4053
12.8,14,0,23,6,5,-78.9245,-29.9835
12.9,0,1,23,6,10,-76.2327,-28.2973
12.9,1,2,23,6,11,-76.5358,-26.0624
12.9,2,0,23,6,12,-77.0207,-33.7568
12.9,3,1,23,6,11,-77.3098,-23.5743
12.9,4,2,23,6,13,-76.6834,-32.2012
12.9,5,0,23,6,11,-78.438,-16.6761
12.9,6,1,23,6,13,-76.5632,-29.0977
12.9,7,2,23,6,11,-74.7542,-25.6779
12.9,8,0,23,6,12,-75.3896,-27.3587
12.9,9,1,23,6,11,-76.0713,-29.5293
12.9,10,1,23,6,6,-78.1033,-30.9249
12.9,11,0,23,6,10,-77.0859,-32.4002
12.9,12,2,23,6,6,-77.4181,-32.0643
12.9,13,2,23,6,6,-77.5975,-31.6821
12.9,14,0,23,6,5,-78.9363,-30.4579
13,0,1,23,6,10,-76.0695,-28.231
13,1,2,23,6,11,-76.4026,-26.0193
13,2,0,23,6,12,-76.8955,-34.1526
13,3,1,23,6,11,-77.2021,-23.599
13,4,2,23,6,13,-76.6409,-32.7195
13,5,0,23,6,11,-78.3203,-16.7281
13,6,1,23,6,13,-75.0886,-29.9662
13,7,2,23,6,11,-74.5318,-25.906
13,8,0,23,6,12,-75.1967,-27.2257
13,9,1,23,6,11,-75.8923,-29.785
13,10,1,23,6,6,-76.2129,-31.6
13,11,0,23,6,10,-76.9419,-32.6646
13,12,2,23,6,6,-77.5006,-32.5624
13,13,2,23,6,6,-77.4767,-31.9815
13,14,0,23,6,5,-78.9508,-30.9613
13.1,0,1,23,6,10,-75.8918,-28.1438
13.1,1,0,23,6,11,-76.2563,-25.9258
13.1,2,2,23,6,12,-76.761,-34.5411
13.1,3,1,23,6,11,-77.0778,-23.5694
13.1,4,1,23,6,13,-76.5879,-33.2279
13.1,5,2,23,6,11,-78.1929,-16.7124
13.1,6,0,23,6,13,-75.1234,-30.5068
13.1,7,0,23,6,11,-74.2889,-26.1453
13.1,8,2,23,6,12,-74.9957,-27.1052
13.1,9,1,23,6,11,-75.707,-30.0542
13.1,10,0,23,6,6,-76.3496,-32.1637
13.1,11,2,23,6,10,-76.7836,-32.935
13.1,12,1,23,6,6,-77.5818,-33.0833
13.1,13,0,23,6,6,-77.3528,-32.298
13.1,14,2,23,6,5,-78.968,-31.4926
13.2,0,1,23,6,10,-77.6087,-27.8544
13.2,1,0,23,6,11,-76.0972,-25.7997
13.2,2,2,23,6,12,-76.6177,-34.9274
13.2,3,1,23,6,11,-76.9367,-23.504
13.2,4,1,23,6,13,-76.5257,-33.7303
13.2,5,2,23,6,11,-78.0542,-16.6523
13.2,6,0,23,6,13,-75.142,-31.0399
13.2,7,0,23,6,11,-75.2601,-26.0431
13.2,8,2,23,6,13,-74.7707,-29.0818
13.2,9,1,23,6,11,-75.5159,-30.339
13.2,10,0,23,6,6,-76.4734,-32.7421
13.2,11,2,23,6,11,-76.6137,-33.2157
13.2,12,1,23,6,6,-77.6617,-33.628
13.2,13,0,23,6,6,-77.225,-32.6254
13.2,14,2,23,6,5,-78.987,-32.0551
13.3,0,1,23,6,10,-77.4499,-27.7503
13.3,1,0,23,6,11,-75.9263,-25.6646
13.3,2,2,23,6,12,-76.4671,-35.3132
13.3,3,1,23,6,11,-76.7791,-23.4266
13.3,4,1,23,6,13,-76.4558,-34.2264
13.3,5,2,23,6,11,-77.903,-16.5801
13.3,6,0,23,6,13,-75.1457,-31.565
13.3,7,0,23,6,11,-75.0271,-26.3205
13.3,8,2,23,6,13,-74.5212,-28.947
13.3,9,1,23,6,11,-75.32,-30.6382
13.3,10,0,23,6,6,-76.5877,-33.3362
13.3,11,2,23,6,11,-76.4369,-33.5095
13.3,12,1,23,6,6,-77.7398,-34.1942
13.3,13,0,23,6,6,-77.0932,-32.9545
13.3,14,2,23,6,5,-79.0075,-32.6454
13.4,0,1,23,6,10,-77.2776,-27.6453
13.4,1,0,23,6,11,-75.7435,-25.5232
13.4,2,2,23,6,12,-78.6248,-35.6993
13.4,3,1,23,6,11,-76.603,-23.3394
13.4,4,1,23,6,13,-76.3793,-34.7195
13.4,5,2,23,6,11,-77.737,-16.4979
13.4,6,0,23,6,13,-75.1357,-32.0847
13.4,7,0,23,6,11,-76.2823,-25.3399
13.4,8,2,23,6,13,-74.2459,-28.806
13.4,9,1,23,6,11,-75.1196,-30.9545
13.4,10,0,23,6,6,-76.6945,-33.9496
13.4,11,2,23,6,11,-76.2529,-33.8188
13.4,12,1,23,6,6,-77.8164,-34.784
13.4,13,0,23,6,6,-76.9563,-33.2751
13.4,14,2,23,6,5,-79.0294,-33.2681
13.5,0,1,23,6,10,-77.0992,-27.5402
13.5,1,0,23,6,11,-77.3593,-24.9591
13.5,2,2,23,6,12,-78.5321,-36.0844
13.5,3,1,23,6,11,-76.4137,-23.24
13.5,4,1,23,6,13,-76.2942,-35.2018
13.5,5,2,23,6,11,-77.5614,-16.403
13.5,6,0,23,6,13,-75.1124,-32.596
13.5,7,0,23,6,11,-76.0477,-25.6641
13.5,8,2,23,6,13,-73.961,-28.6645
13.5,9,1,23,6,11,-76.4252,-30.9613
13.5,10,0,23,6,6,-76.794,-34.5614
13.5,11,2,23,6,11,-76.062,-34.1222
13.5,12,1,23,6,6,-77.8903,-35.3753
13.5,13,0,23,6,6,-76.8148,-33.5767
13.5,14,2,23,6,5,-79.0516,-33.893
13.6,0,1,23,6,10,-76.9123,-27.4134
13.6,1,2,23,6,11,-77.1758,-24.7926
13.6,2,0,23,6,12,-78.4298,-36.4008
13.6,3,1,23,6,11,-76.2099,-23.1291
13.6,4,2,23,6,13,-76.1984,-35.6032
13.6,5,2,23,6,11,-77.3746,-16.2958
13.6,6,1,23,6,13,-75.0731,-33.0282
13.6,7,0,23,6,11,-75.8091,-25.9661
13.6,8,0,23,6,13,-73.6648,-28.5004
13.6,9,1,23,6,11,-76.2132,-31.2679
13.6,10,1,23,6,6,-76.8862,-35.1663
13.6,11,2,23,6,11,-75.8638,-34.4139
13.6,12,2,23,6,6,-77.954,-35.9552
13.6,13,0,23,6,6,-76.6681,-33.8449
13.6,14,0,23,6,5,-79.0735,-34.5112
13.7,0,1,23,6,10,-76.7172,-27.267
13.7,1,2,23,6,11,-76.9846,-24.6204
13.7,2,0,23,6,12,-78.3186,-36.6655
13.7,3,1,23,6,11,-78.0344,-22.9984
13.7,4,2,23,6,13,-76.093,-35.9419
13.7,5,2,23,6,11,-77.1756,-16.1769
13.7,6,1,23,6,13,-75.0193,-33.4028
13.7,7,0,23,6,11,-75.5677,-26.2177
13.7,8,0,23,6,13,-73.3958,-28.2948
13.7,9,1,23,6,11,-75.9887,-31.5308
13.7,10,1,23,6,6,-76.9714,-35.744
13.7,11,2,23,6,11,-75.659,-34.674
13.7,12,2,23,6,6,-78.0096,-36.5055
13.7,13,0,23,6,6,-76.5165,-34.0659
13.7,14,0,23,6,5,-76.7264,-35.1085
13.8,0,1,23,6,11,-76.5146,-27.103
13.8,1,2,23,6,11,-76.7855,-24.4424
13.8,2,0,23,6,12,-78.1989,-36.8933
13.8,3,1,23,6,11,-77.8964,-22.8652
13.8,4,2,23,6,13,-78.1101,-36.2336
13.8,5,2,23,6,11,-76.9624,-16.0457
13.8,6,1,23,6,13,-76.5403,-33.7355
13.8,7,0,23,6,11,-80.0996,-10.8503
13.8,8,0,23,6,13,-73.1887,-28.0857
13.8,9,1,23,6,11,-75.7526,-31.7431
13.8,10,1,23,6,6,-77.0494,-36.2862
13.8,11,2,23,6,11,-75.4476,-34.8946
13.8,12,2,23,6,6,-78.0314,-37.0199
13.8,13,0,23,6,7,-76.3601,-34.305
13.8,14,0,23,6,5,-76.8267,-35.6418
13.9,0,1,23,6,11,-76.3046,-26.9233
13.9,1,2,23,6,11,-79.0238,-24.2509
13.9,2,0,23,6,11,-78.0711,-28.4506
13.9,3,1,23,6,11,-77.7498,-22.722
13.9,4,2,23,6,13,-78.056,-36.4849
13.9,5,2,23,6,11,-79.3487,-15.8888
13.9,6,1,23,6,13,-76.5524,-34.0331
13.9,7,0,23,6,11,-79.8653,-10.5574
13.9,8,0,23,6,14,-75.0176,-27.7899
13.9,9,1,23,6,11,-75.4897,-31.8988
13.9,10,1,23,6,6,-77.1204,-36.7863
13.9,11,2,23,6,11,-75.2304,-35.0699
13.9,12,2,23,6,5,-78.0751,-35.0986
13.9,13,0,23,6,8,-76.1993,-34.4928
13.9,14,0,23,6,5,-76.9047,-36.1176
14,0,1,23,6,11,-76.0879,-26.7294
14,1,2,23,6,11,-78.8761,-24.0657
14,2,0,23,6,12,-77.9354,-28.4697
14,3,1,23,6,11,-77.5947,-22.5692
14,4,2,23,6,13,-77.9911,-36.7626
14,5,2,23,6,11,-79.2483,-15.7362
14,6,1,23,6,14,-76.5509,-34.3611
14,7,0,23,6,11,-79.6171,-10.2639
14,8,0,23,6,14,-74.8381,-28.1117
14,9,1,23,6,11,-75.2329,-31.9972
14,10,1,23,6,6,-77.1841,-37.2406
14,11,2,23,6,11,-75.0078,-35.198
14,12,2,23,6,5,-78.1137,-35.5428
14,13,0,23,6,10,-76.0351,-37.7264
14,14,0,23,6,5,-76.9941,-36.5256
14.1,0,1,23,6,11,-75.8648,-26.5238
14.1,1,2,23,6,11,-78.7256,-23.8796
14.1,2,0,23,6,12,-77.7924,-28.4889
14.1,3,1,23,6,11,-77.4316,-22.4084
14.1,4,2,23,6,12,-77.9163,-36.4752
14.1,5,2,23,6,11,-79.1439,-15.5767
14.1,6,1,23,6,14,-76.537,-34.6959
14.1,7,0,23,6,11,-79.3533,-9.97212
14.1,8,0,23,6,14,-74.6366,-28.6038
14.1,9,1,23,6,11,-74.9664,-32.0389
14.1,10,2,23,6,6,-77.2406,-37.6478
14.1,11,2,23,6,11,-74.781,-35.2793
14.1,12,1,23,6,5,-78.1475,-35.9221
14.1,13,0,23,6,10,-75.8676,-37.8458
14.1,14,0,23,6,4,-77.0771,-25.9506
14.2,0,1,23,6,11,-77.5291,-26.317
14.2,1,2,23,6,11,-78.5733,-23.6931
14.2,2,0,23,6,12,-77.6464,-28.5058
14.2,3,1,23,6,12,-77.2605,-28.8228
14.2,4,2,23,6,12,-77.8358,-36.7564
14.2,5,2,23,6,11,-79.036,-15.4101
14.2,6,1,23,6,14,-76.515,-35.0239
14.2,7,0,23,6,11,-79.0727,-9.68166
14.2,8,0,23,6,14,-75.7599,-29.0885
14.2,9,1,23,6,11,-74.7012,-32.0348
14.2,10,2,23,6,7,-77.2905,-38.0072
14.2,11,2,23,6,11,-74.5503,-35.3144
14.2,12,1,23,6,5,-78.1771,-36.2355
14.2,13,0,23,6,10,-75.6975,-37.9196
14.2,14,0,23,6,4,-77.1557,-26.4063
14.3,0,1,23,6,11,-77.3302,-26.1285
14.3,1,2,23,6,11,-78.42,-23.5081
14.3,2,0,23,6,12,-77.4987,-28.523
14.3,3,1,23,6,12,-80.2036,-28.6822
14.3,4,2,23,6,13,-77.7508,-37.0213
14.3,5,2,23,6,11,-78.9245,-15.2381
14.3,6,1,23,6,14,-76.4866,-35.338
14.3,7,0,23,6,11,-78.7747,-9.39645
14.3,8,0,23,6,14,-75.5341,-29.5587
14.3,9,1,23,6,11,-74.4385,-31.9913
14.3,10,2,23,6,7,-77.3109,-38.3226
14.3,11,2,23,6,11,-75.6907,-35.2164
14.3,12,1,23,6,5,-78.2029,-36.4892
14.3,13,0,23,6,11,-75.5252,-37.9525
14.3,14,0,23,6,4,-77.2306,-26.8909
14.4,0,1,23,6,11,-77.1327,-25.9479
14.4,1,2,23,6,11,-78.2666,-23.3256
14.4,2,0,23,6,12,-77.3499,-28.5385
14.4,3,1,23,6,12,-80.0846,-28.5492
14.4,4,2,23,6,13,-77.6615,-37.2641
14.4,5,2,23,6,11,-78.8096,-15.0606
14.4,6,1,23,6,14,-76.4532,-35.6331
14.4,7,0,23,6,11,-83.8467,-4.75566
14.4,8,0,23,6,14,-75.4431,-31.5732
14.4,9,1,23,6,11,-74.1784,-31.912
14.4,10,2,23,6,7,-77.3481,-38.5964
14.4,11,2,23,6,11,-75.4595,-35.1746
14.4,12,1,23,6,5,-76.1758,-36.6997
14.4,13,0,23,6,11,-75.3514,-37.9486
14.4,14,0,23,6,4,-77.3018,-27.4062
14.5,0,1,23,6,11,-76.9375,-25.7749
14.5,1,2,23,6,11,-78.114,-23.1475
14.5,2,0,23,6,12,-77.2008,-28.5532
14.5,3,1,23,6,12,-79.9643,-28.4226
14.5,4,2,23,6,13,-77.569,-37.4792
14.5,5,2,23,6,11,-78.6909,-14.8802
14.5,6,1,23,6,14,-76.417,-35.9031
14.5,7,0,23,6,11,-83.7779,-4.02229
14.5,8,0,23,6,14,-75.4003,-31.9285
14.5,9,1,23,6,11,-73.9213,-31.8011
14.5,10,2,23,6,7,-77.3794,-38.8322
14.5,11,2,23,6,11,-75.2307,-35.1022
14.5,12,1,23,6,5,-76.2899,-36.8531
14.5,13,0,23,6,11,-75.1765,-37.912
14.5,14,0,23,6,4,-77.3692,-27.9526
14.6,0,1,23,6,11,-76.7459,-25.6101
14.6,1,2,23,6,11,-77.9623,-22.9726
14.6,2,0,23,6,11,-77.0524,-26.171
14.6,3,0,23,6,12,-79.8431,-28.3059
14.6,4,2,23,6,13,-77.4741,-37.6679
14.6,5,1,23,6,11,-78.5681,-14.693
14.6,6,1,23,6,14,-76.3799,-36.1492
14.6,7,2,23,6,11,-83.7071,-3.28073
14.6,8,0,23,6,14,-75.3317,-32.2577
14.6,9,0,23,6,11,-73.6686,-31.6666
14.6,10,2,23,6,6,-77.4051,-36.4904
14.6,11,1,23,6,11,-75.0053,-35.0057
14.6,12,1,23,6,5,-76.3965,-36.9732
14.6,13,2,23,6,11,-75.0011,-37.8493
14.6,14,0,23,6,4,-77.4323,-28.5306
14.7,0,1,23,6,11,-79.2847,-24.5999
14.7,1,2,23,6,11,-77.8136,-22.812
14.7,2,0,23,6,11,-76.9061,-26.0353
14.7,3,0,23,6,12,-79.7215,-28.1968
14.7,4,2,23,6,13,-77.3775,-37.8289
14.7,5,1,23,6,12,-78.4409,-28.3249
14.7,6,1,23,6,14,-76.3446,-36.371
14.7,7,2,23,6,11,-83.6342,-2.53306
14.7,8,0,23,6,14,-75.2386,-32.5594
14.7,9,0,23,6,11,-74.5346,-30.7294
14.7,10,2,23,6,7,-77.4255,-36.6111
14.7,11,1,23,6,11,-74.7863,-34.8897
14.7,12,1,23,6,5,-76.4956,-37.0707
14.7,13,2,23,6,11,-74.8257,-37.7635
14.7,14,0,23,6,4,-77.4914,-29.1421
14.8,0,1,23,6,11,-79.1625,-24.4426
14.8,1,2,23,6,11,-77.668,-22.6625
14.8,2,0,23,6,11,-76.7628,-25.9089
14.8,3,0,23,6,12,-79.6,-28.1011
14.8,4,2,23,6,13,-77.2802,-37.9614
14.8,5,1,23,6,12,-78.3093,-28.1671
14.8,6,1,23,6,14,-76.3131,-36.566
14.8,7,2,23,6,11,-83.559,-1.78186
14.8,8,0,23,6,14,-75.1226,-32.8303
14.8,9,0,23,6,11,-74.2938,-30.5389
14.8,10,2,23,6,7,-77.4412,-36.7215
14.8,11,1,23,6,11,-74.5618,-34.7593
14.8,12,1,23,6,5,-76.5875,-37.1598
14.8,13,2,23,6,11,-74.6506,-37.6597
14.8,14,0,23,6,4,-77.5462,-29.7894
14.9,0,1,23,6,11,-79.0448,-24.2962
14.9,1,2,23,6,11,-77.526,-22.5211
14.9,2,0,23,6,11,-76.6234,-25.7909
14.9,3,0,23,6,12,-79.4788,-28.017
14.9,4,2,23,6,13,-77.1826,-38.07
14.9,5,1,23,6,12,-82.832,-28.0168
14.9,6,1,23,6,14,-76.2875,-36.7389
14.9,7,2,23,6,11,-83.4816,-1.02969
14.9,8,0,23,6,14,-75.0965,-33.1854
14.9,9,0,23,6,11,-75.3543,-30.3484
14.9,10,2,23,6,7,-75.6365,-36.8472
14.9,11,1,23,6,11,-74.358,-34.6151
14.9,12,1,23,6,5,-76.6928,-37.2506
14.9,13,2,23,6,11,-75.9074,-37.5143
14.9,14,0,23,6,4,-77.597,-30.4737
15,0,1,23,6,11,-78.9328,-24.1643
15,1,2,23,6,11,-77.3896,-22.3917
15,2,0,23,6,11,-79.0581,-24.7163
15,3,0,23,6,12,-79.3588,-27.9477
15,4,2,23,6,13,-77.0856,-38.1504
15,5,1,23,6,12,-82.7656,-27.8839
15,6,1,23,6,14,-76.2703,-36.8833
15,7,2,23,6,11,-83.4015,-0.278226
15,8,0,23,6,14,-75.1745,-33.3969
15,9,0,23,6,11,-76.9415,-28.2797
15,10,2,23,6,7,-75.7501,-36.9733
15,11,1,23,6,11,-74.1634,-34.4614
15,12,1,23,6,5,-76.7715,-37.3578
15,13,2,23,6,11,-75.7355,-37.3808
15,14,0,23,6,4,-77.6442,-31.1908
15.1,0,1,23,6,11,-78.8275,-24.0424
15.1,1,0,23,6,11,-80.4302,-18.8964
15.1,2,2,23,6,11,-78.9814,-24.6069
15.1,3,1,23,6,12,-79.2409,-27.8929
15.1,4,0,23,6,12,-76.9904,-27.9111
15.1,5,2,23,6,12,-82.7055,-27.7653
15.1,6,1,23,6,14,-76.2624,-37.001
15.1,7,1,23,6,11,-83.3187,0.46794
15.1,8,0,23,6,14,-75.2351,-33.5804
15.1,9,0,23,6,11,-76.8146,-27.9572
15.1,10,2,23,6,7,-75.8532,-37.1204
15.1,11,1,23,6,11,-75.1909,-33.9407
15.1,12,0,23,6,4,-76.8438,-31.2062
15.1,13,0,23,6,11,-75.57,-37.234
15.1,14,1,23,6,4,-77.6878,-31.9349
15.2,0,1,23,6,11,-78.73,-23.9309
15.2,1,0,23,6,11,-80.3585,-18.7616
15.2,2,2,23,6,11,-78.9085,-24.5058
15.2,3,1,23,6,12,-79.1256,-27.8543
15.2,4,0,23,6,12,-76.8978,-27.9531
15.2,5,2,23,6,12,-82.6524,-27.6632
15.2,6,1,23,6,14,-76.2645,-37.0923
15.2,7,1,23,6,11,-83.2334,1.20544
15.2,8,0,23,6,14,-75.2806,-33.7371
15.2,9,0,23,6,11,-76.7011,-27.6412
15.2,10,2,23,6,7,-75.9465,-37.3
15.2,11,1,23,6,11,-75.0169,-33.7543
15.2,12,0,23,6,4,-76.91,-31.9995
15.2,13,0,23,6,11,-75.4117,-37.074
15.2,14,1,23,6,4,-77.7277,-32.6929
15.3,0,1,23,6,11,-78.6414,-23.8305
15.3,1,0,23,6,11,-80.2911,-18.6396
15.3,2,2,23,6,11,-78.8401,-24.4132
15.3,3,1,23,6,12,-79.0132,-27.8316
15.3,4,0,23,6,12,-76.8089,-27.9981
15.3,5,2,23,6,12,-82.6066,-27.5779
15.3,6,1,23,6,14,-76.2768,-37.1568
15.3,7,1,23,6,11,-83.1453,1.9278
15.3,8,0,23,6,14,-75.3136,-33.8675
15.3,9,0,23,6,11,-76.6012,-27.33
15.3,10,2,23,6,7,-76.0301,-37.5112
15.3,11,1,23,6,11,-74.855,-33.5584
15.3,12,0,23,6,4,-76.9482,-32.7879
15.3,13,0,23,6,11,-75.2611,-36.9015
15.3,14,1,23,6,4,-77.7639,-33.4476
15.4,0,1,23,6,11,-78.5617,-23.7408
15.4,1,0,23,6,11,-80.2264,-18.5301
15.4,2,2,23,6,11,-78.7758,-24.3285
15.4,3,1,23,6,12,-78.903,-27.7215
15.4,4,0,23,6,12,-76.7242,-27.9469
15.4,5,2,23,6,12,-82.5629,-27.4044
15.4,6,1,23,6,14,-76.2983,-37.1926
15.4,7,1,23,6,12,-83.0499,-27.8868
15.4,8,0,23,6,14,-75.3337,-33.971
15.4,9,0,23,6,11,-76.5139,-27.0279
15.4,10,2,23,6,8,-76.0896,-37.7357
15.4,11,1,23,6,11,-74.7055,-33.36
15.4,12,0,23,6,4,-77.002,-33.5394
15.4,13,0,23,6,11,-75.1187,-36.7171
15.4,14,1,23,6,4,-77.7968,-34.1673
15.5,0,1,23,6,11,-78.4937,-23.6649
15.5,1,0,23,6,11,-80.1679,-18.4382
15.5,2,2,23,6,11,-78.7187,-24.2549
15.5,3,1,23,6,12,-78.7988,-27.5505
15.5,4,0,23,6,12,-76.6466,-27.8227
15.5,5,2,23,6,12,-82.5303,-27.1716
15.5,6,1,23,6,14,-76.3304,-37.2124
15.5,7,1,23,6,12,-82.9583,-27.573
15.5,8,0,23,6,14,-75.3432,-34.0744
15.5,9,0,23,6,11,-76.4415,-26.9148
15.5,10,2,23,6,8,-76.1446,-37.9647
15.5,11,1,23,6,11,-74.5645,-33.424
15.5,12,0,23,6,4,-77.0562,-34.2144
15.5,13,0,23,6,11,-74.9832,-36.5216
15.5,14,1,23,6,4,-77.8325,-34.8131
15.6,0,1,23,6,11,-78.4384,-23.6023
15.6,1,2,23,6,11,-80.1162,-18.3636
15.6,2,0,23,6,11,-78.6687,-24.1907
15.6,3,0,23,6,12,-78.7008,-27.4106
15.6,4,2,23,6,11,-76.577,-26.2746
15.6,5,1,23,6,12,-82.5056,-26.9713
15.6,6,1,23,6,14,-76.3722,-37.1854
15.6,7,2,23,6,12,-82.8688,-27.2844
15.6,8,0,23,6,14,-77.1195,-34.1332
15.6,9,0,23,6,11,-76.3837,-27.4857
15.6,10,2,23,6,7,-76.1934,-36.3089
15.6,11,1,23,6,11,-75.8146,-33.4461
15.6,12,0,23,6,4,-77.1033,-34.7612
15.6,13,0,23,6,11,-74.8587,-36.4029
15.6,14,1,23,6,4,-77.8633,-35.3317
15.7,0,1,23,6,11,-78.4,-23.4901
15.7,1,2,23,6,11,-80.08,-18.2314
15.7,2,0,23,6,11,-78.6299,-24.072
15.7,3,0,23,6,12,-78.6216,-27.3013
15.7,4,2,23,6,11,-76.5188,-26.2524
15.7,5,1,23,6,12,-82.4889,-26.804
15.7,6,1,23,6,14,-76.4241,-37.1063
15.7,7,2,23,6,12,-82.7862,-27.0278
15.7,8,0,23,6,14,-77.2414,-34.1441
15.7,9,0,23,6,12,-76.3413,-27.8945
15.7,10,2,23,6,8,-76.2366,-36.2147
15.7,11,1,23,6,11,-75.7447,-33.4344
15.7,12,0,23,6,4,-77.1448,-35.147
15.7,13,0,23,6,11,-74.7579,-36.4022
15.7,14,1,23,6,4,-77.8904,-35.6899
15.8,0,1,23,6,11,-78.3768,-23.3938
15.8,1,2,23,6,11,-80.0522,-18.1215
15.8,2,0,23,6,11,-78.6006,-23.9652
15.8,3,0,23,6,12,-78.5524,-27.2181
15.8,4,2,23,6,11,-76.473,-26.26
15.8,5,1,23,6,12,-82.4805,-26.6649
15.8,6,1,23,6,14,-76.4853,-36.9682
15.8,7,2,23,6,12,-82.7113,-26.7996
15.8,8,0,23,6,14,-77.3602,-34.0998
15.8,9,0,23,6,12,-76.3159,-28.1194
15.8,10,2,23,6,8,-76.2745,-36.1051
15.8,11,1,23,6,11,-75.6883,-33.3408
15.8,12,0,23,6,4,-77.1821,-35.348
15.8,13,0,23,6,11,-74.6711,-36.3202
15.8,14,1,23,6,4,-77.9149,-35.8637
15.9,0,1,23,6,11,-78.3696,-23.3186
15.9,1,2,23,6,11,-80.0331,-18.0433
15.9,2,0,23,6,11,-78.582,-23.8764
15.9,3,0,23,6,12,-78.4939,-27.1595
15.9,4,2,23,6,11,-78.869,-24.6616
15.9,5,1,23,6,12,-82.4803,-26.5533
15.9,6,1,23,6,14,-76.5551,-36.7703
15.9,7,2,23,6,12,-82.6448,-26.5995
15.9,8,0,23,6,14,-77.4784,-34.0049
15.9,9,0,23,6,12,-78.6394,-27.6153
15.9,10,2,23,6,9,-76.3089,-35.9846
15.9,11,1,23,6,12,-75.6463,-33.1546
15.9,12,0,23,6,4,-77.2167,-35.3604
15.9,13,0,23,6,11,-74.5971,-36.1448
15.9,14,1,23,6,4,-77.9382,-35.8487
16,0,1,23,6,11,-78.3794,-23.2747
16,1,2,23,6,11,-80.0236,-18.0087
16,2,0,23,6,11,-78.575,-23.815
16,3,0,23,6,12,-78.4477,-27.1224
16,4,2,23,6,11,-78.8501,-24.5845
16,5,1,23,6,12,-82.4881,-26.466
16,6,1,23,6,14,-76.6324,-36.5039
16,7,2,23,6,12,-82.5871,-26.425
16,8,0,23,6,14,-77.5976,-33.8503
16,9,0,23,6,12,-78.6666,-27.3732
16,10,2,23,6,9,-76.3404,-35.8631
16,11,1,23,6,12,-75.6201,-32.887
16,12,0,23,6,4,-77.2498,-35.2103
16,13,0,23,6,11,-74.5373,-35.8859
16,14,1,23,6,4,-77.9607,-35.6702
16.1,0,1,23,6,11,-78.4061,-23.2739
16.1,1,2,23,6,11,-80.0233,-18.0303
16.1,2,0,23,6,11,-78.5801,-23.793
16.1,3,1,23,6,12,-78.4144,-27.1051
16.1,4,2,23,6,11,-78.839,-24.5435
16.1,5,2,23,6,12,-82.5038,-26.4022
16.1,6,1,23,6,14,-76.7153,-36.168
16.1,7,0,23,6,12,-82.5385,-26.2756
16.1,8,0,23,6,14,-77.7183,-33.6341
16.1,9,1,23,6,12,-78.704,-26.9992
16.1,10,2,23,6,9,-76.3701,-35.7458
16.1,11,2,23,6,12,-75.6104,-32.5587
16.1,12,0,23,6,4,-77.2822,-34.9214
16.1,13,0,23,6,11,-74.4917,-35.5623
16.1,14,1,23,6,4,-77.9822,-35.3503
16.2,0,1,23,6,11,-78.4496,-23.3271
16.2,1,2,23,6,11,-80.0329,-18.1196
16.2,2,0,23,6,11,-78.5977,-23.8212
16.2,3,1,23,6,11,-78.3947,-15.018
16.2,4,2,23,6,11,-78.8364,-24.5496
16.2,5,2,23,6,12,-82.5267,-26.3599
16.2,6,1,23,6,13,-76.8014,-35.6984
16.2,7,0,23,6,12,-82.4989,-26.1499
16.2,8,0,23,6,14,-77.841,-33.3538
16.2,9,1,23,6,12,-78.7487,-26.538
16.2,10,2,23,6,8,-76.3986,-35.3628
16.2,11,2,23,6,12,-75.6175,-32.1973
16.2,12,0,23,6,4,-77.314,-34.5366
16.2,13,0,23,6,11,-74.4606,-35.2007
16.2,14,1,23,6,3,-78.0025,-23.9596
16.3,0,1,23,6,11,-78.5065,-23.4438
16.3,1,2,23,6,11,-80.0526,-18.2802
16.3,2,0,23,6,11,-78.6257,-23.9095
16.3,3,1,23,6,11,-78.3896,-15.1416
16.3,4,2,23,6,11,-78.8415,-24.6127
16.3,5,2,23,6,12,-82.5586,-26.3397
16.3,6,1,23,6,13,-76.8878,-35.307
16.3,7,0,23,6,12,-82.469,-26.0471
16.3,8,0,23,6,14,-77.9662,-33.0093
16.3,9,1,23,6,12,-78.7969,-26.0857
16.3,10,2,23,6,8,-76.428,-35.2293
16.3,11,2,23,6,12,-75.6386,-31.8592
16.3,12,0,23,6,4,-77.3476,-34.1514
16.3,13,0,23,6,11,-74.4442,-34.8757
16.3,14,1,23,6,3,-78.0214,-24.3399
16.4,0,1,23,6,11,-78.5748,-23.6203
16.4,1,2,23,6,11,-80.0819,-18.5049
16.4,2,0,23,6,11,-78.663,-24.0544
16.4,3,1,23,6,11,-78.4,-15.3441
16.4,4,2,23,6,11,-76.4783,-26.8925
16.4,5,2,23,6,12,-82.5989,-26.3412
16.4,6,1,23,6,13,-76.9736,-34.8668
16.4,7,0,23,6,12,-82.448,-25.9664
16.4,8,0,23,6,14,-78.0944,-32.5975
16.4,9,1,23,6,12,-76.475,-26.7384
16.4,10,2,23,6,8,-76.4586,-35.0812
16.4,11,2,23,6,12,-75.6881,-31.5483
16.4,12,0,23,6,4,-77.3829,-33.7803
16.4,13,0,23,6,11,-74.4428,-34.6837
16.4,14,1,23,6,3,-78.0378,-24.7137
16.5,0,1,23,6,11,-78.653,-23.8561
16.5,1,2,23,6,11,-80.1206,-18.7917
16.5,2,0,23,6,11,-78.708,-24.2552
16.5,3,1,23,6,11,-78.4253,-15.6214
16.5,4,2,23,6,11,-76.5169,-27.0585
16.5,5,2,23,6,12,-82.6468,-26.3633
16.5,6,1,23,6,13,-77.0575,-34.3827
16.5,7,0,23,6,12,-82.4357,-25.9072
16.5,8,0,23,6,14,-78.2248,-32.1176
16.5,9,1,23,6,12,-76.5338,-26.4228
16.5,10,2,23,6,8,-76.491,-34.9234
16.5,11,2,23,6,12,-75.7321,-31.2699
16.5,12,0,23,6,4,-77.42,-33.4436
16.5,13,0,23,6,11,-74.4555,-34.4978
16.5,14,1,23,6,3,-78.0228,-25.0872
16.6,0,1,23,6,11,-78.7392,-24.1366
16.6,1,2,23,6,11,-80.1692,-19.1222
16.6,2,0,23,6,11,-78.7593,-24.4976
16.6,3,0,23,6,11,-78.467,-15.9537
16.6,4,2,23,6,11,-76.563,-27.2319
16.6,5,1,23,6,12,-82.7015,-26.4041
16.6,6,1,23,6,13,-77.1389,-33.8606
16.6,7,2,23,6,12,-82.4322,-25.8687
16.6,8,0,23,6,14,-78.3585,-31.6335
16.6,9,0,23,6,12,-76.598,-26.1377
16.6,10,2,23,6,9,-76.5258,-34.756
16.6,11,1,23,6,12,-75.7848,-31.0211
16.6,12,1,23,6,4,-77.4597,-33.1456
16.6,13,2,23,6,12,-74.4833,-34.3204
16.6,14,0,23,6,3,-78.031,-25.4694
16.7,0,1,23,6,11,-78.8323,-24.4444
16.7,1,2,23,6,11,-80.2272,-19.4767
16.7,2,0,23,6,11,-78.8159,-24.7642
16.7,3,0,23,6,11,-78.525,-16.3194
16.7,4,2,23,6,11,-76.6152,-27.4047
16.7,5,1,23,6,12,-82.7625,-26.4621
16.7,6,1,23,6,14,-77.2176,-33.316
16.7,7,2,23,6,12,-82.4385,-25.8508
16.7,8,0,23,6,14,-78.4956,-31.2224
16.7,9,0,23,6,12,-76.6666,-25.8861
16.7,10,2,23,6,9,-76.5639,-34.5776
16.7,11,1,23,6,12,-75.845,-30.8022
16.7,12,1,23,6,4,-77.5028,-32.8935
16.7,13,2,23,6,12,-74.5266,-34.1536
16.7,14,0,23,6,4,-78.0348,-32.9952
16.8,0,1,23,6,11,-78.9294,-24.7495
16.8,1,2,23,6,11,-80.2932,-19.8253
16.8,2,0,23,6,11,-78.8764,-25.0276
16.8,3,0,23,6,11,-78.5977,-16.687
16.8,4,2,23,6,11,-76.6725,-27.5686
16.8,5,1,23,6,12,-82.8298,-26.5379
16.8,6,1,23,6,14,-77.2933,-32.7641
16.8,7,2,23,6,12,-82.4541,-25.8536
16.8,8,0,23,6,14,-76.3682,-30.8048
16.8,9,0,23,6,12,-76.7389,-25.6662
16.8,10,2,23,6,9,-76.6064,-34.3933
16.8,11,1,23,6,12,-74.5555,-30.8148
16.8,12,1,23,6,4,-77.5496,-32.689
16.8,13,2,23,6,12,-74.5845,-33.9965
16.8,14,0,23,6,4,-78.036,-32.7025
16.9,0,1,23,6,11,-79.0294,-25.0437
16.9,1,2,23,6,11,-80.3659,-20.1593
16.9,2,0,23,6,11,-78.9398,-25.2796
16.9,3,0,23,6,11,-78.6832,-17.0456
16.9,4,2,23,6,11,-76.7352,-27.7311
16.9,5,1,23,6,12,-82.9025,-26.6292
16.9,6,1,23,6,14,-77.3668,-32.22
16.9,7,2,23,6,12,-82.4793,-25.8758
16.9,8,0,23,6,14,-76.556,-30.3902
16.9,9,0,23,6,12,-76.8165,-25.4798
16.9,10,2,23,6,9,-76.6536,-34.2109
16.9,11,1,23,6,12,-74.6739,-30.6947
16.9,12,1,23,6,4,-77.6002,-32.5366
16.9,13,2,23,6,12,-74.6552,-33.8496
16.9,14,0,23,6,4,-78.036,-32.4549
17,0,1,23,6,11,-79.1324,-25.3342
17,1,2,23,6,11,-80.4441,-20.4897
17,2,0,23,6,11,-79.0056,-25.5272
17,3,0,23,6,11,-78.7789,-17.4054
17,4,2,23,6,11,-76.8026,-27.8844
17,5,1,23,6,12,-82.981,-26.7372
17,6,1,23,6,13,-77.4383,-30.3683
17,7,2,23,6,12,-82.5132,-25.9176
17,8,0,23,6,14,-76.7513,-29.9928
17,9,0,23,6,12,-76.8982,-25.4743
17,10,2,23,6,9,-76.7056,-34.0361
17,11,1,23,6,12,-74.7999,-30.6094
17,12,1,23,6,3,-77.6549,-27.1147
17,13,2,23,6,12,-74.7363,-33.7111
17,14,0,23,6,4,-78.0358,-32.2582
17.1,0,0,23,6,11,-79.2365,-25.6142
17.1,1,2,23,6,11,-77.4298,-23.5984
17.1,2,1,23,6,11,-79.0732,-25.7647
17.1,3,0,23,6,11,-78.8825,-17.7582
17.1,4,2,23,6,11,-76.8733,-28.027
17.1,5,1,23,12,11,-83.065,4.48405
17.1,6,1,23,6,13,-77.5075,-29.5701
17.1,7,2,23,6,12,-82.5563,-25.978
17.1,8,0,23,6,14,-76.9507,-29.6257
17.1,9,0,23,6,12,-76.983,-25.4907
17.1,10,2,23,6,8,-76.7626,-33.1245
17.1,11,1,23,6,12,-73.8357,-30.9959
17.1,12,0,23,6,3,-77.7135,-27.7542
17.1,13,2,23,6,12,-74.8254,-33.5798
17.1,14,1,23,6,4,-78.0378,-32.1199
17.2,0,0,23,6,11,-76.7947,-27.656
17.2,1,2,23,6,11,-77.5512,-23.8673
17.2,2,1,23,6,11,-76.6831,-27.6711
17.2,3,0,23,6,11,-78.9924,-18.0972
17.2,4,2,23,6,11,-76.9467,-28.1577
17.2,5,1,23,12,11,-83.1539,4.30163
17.2,6,1,23,6,12,-77.5742,-29.2551
17.2,7,2,23,6,12,-82.6079,-26.0559
17.2,8,0,23,6,14,-77.1514,-29.3016
17.2,9,0,23,6,12,-74.1806,-27.5922
17.2,10,2,23,6,7,-76.8248,-32.9145
17.2,11,1,23,6,12,-73.9741,-30.8936
17.2,12,0,23,6,3,-77.776,-28.4366
17.2,13,2,23,6,12,-74.9212,-33.4545
17.2,14,1,23,6,4,-78.0429,-32.0501
17.3,0,0,23,6,11,-76.9243,-27.826
17.3,1,2,23,6,11,-77.6736,-24.122
17.3,2,1,23,6,11,-76.7727,-27.7996
17.3,3,0,23,6,11,-79.1066,-18.42
17.3,4,2,23,6,11,-77.0215,-28.2748
17.3,5,1,23,12,11,-83.2474,4.1282
17.3,6,1,23,6,12,-77.6385,-29.3742
17.3,7,2,23,6,12,-82.668,-26.152
17.3,8,0,23,6,14,-77.3511,-29.0269
17.3,9,0,23,6,12,-74.2941,-27.521
17.3,10,2,23,6,7,-76.8921,-32.7105
17.3,11,1,23,6,12,-74.1134,-30.795
17.3,12,0,23,6,3,-77.8423,-29.1596
17.3,13,2,23,6,12,-75.0215,-33.335
17.3,14,1,23,6,4,-78.0526,-32.0596
17.4,0,0,23,6,11,-77.051,-27.976
17.4,1,2,23,6,11,-77.7968,-24.3537
17.4,2,1,23,6,11,-76.8597,-27.9081
17.4,3,0,23,6,11,-79.2249,-18.7144
17.4,4,2,23,6,11,-77.0977,-28.376
17.4,5,1,23,12,11,-83.3413,3.97053
17.4,6,1,23,6,12,-75.7907,-29.7199
17.4,7,2,23,6,12,-78.3248,-26.2725
17.4,8,0,23,6,14,-77.5484,-28.8051
17.4,9,0,23,6,12,-74.4057,-27.4608
17.4,10,2,23,6,7,-76.9642,-32.5203
17.4,11,1,23,6,12,-74.2523,-30.7216
17.4,12,0,23,6,3,-77.9121,-29.9248
17.4,13,2,23,6,12,-75.1264,-33.2203
17.4,14,1,23,6,4,-78.0687,-32.1634
17.5,0,0,23,6,11,-77.1741,-28.104
17.5,1,2,23,6,11,-77.9197,-24.5617
17.5,2,1,23,6,11,-76.9434,-27.9945
17.5,3,0,23,6,11,-79.346,-18.9797
17.5,4,2,23,6,11,-77.1746,-28.4594
17.5,5,1,23,12,11,-83.4354,3.82816
17.5,6,1,23,6,12,-75.8734,-29.7905
17.5,7,2,23,6,12,-78.4304,-26.4009
17.5,8,0,23,6,14,-77.7416,-28.6386
17.5,9,0,23,6,12,-74.5144,-27.4096
17.5,10,2,23,6,7,-77.0407,-32.3482
17.5,11,1,23,6,12,-74.3895,-30.7678
17.5,12,0,23,6,3,-77.985,-30.731
17.5,13,2,23,6,12,-75.2347,-33.1581
17.5,14,1,23,6,4,-78.0922,-32.3773
17.6,0,0,23,6,11,-77.2932,-28.211
17.6,1,1,23,6,11,-78.0415,-24.7446
17.6,2,2,23,6,11,-77.0235,-28.0598
17.6,3,0,23,6,11,-79.4686,-19.2142
17.6,4,1,23,6,11,-77.252,-28.5259
17.6,5,2,23,12,11,-83.5303,3.70076
17.6,6,2,23,6,12,-75.9531,-29.8419
17.6,7,1,23,6,12,-78.5347,-26.5441
17.6,8,0,23,6,14,-77.9301,-28.5237
17.6,9,0,23,6,12,-74.6202,-27.3654
17.6,10,2,23,6,7,-77.1219,-32.2027
17.6,11,2,23,6,12,-74.5247,-30.8265
17.6,12,0,23,6,3,-78.0612,-31.5825
17.6,13,1,23,6,12,-75.345,-33.1936
17.6,14,1,23,6,4,-78.1248,-32.719
17.7,0,0,23,6,11,-77.408,-28.2972
17.7,1,1,23,6,11,-78.1616,-24.9039
17.7,2,2,23,6,11,-77.0997,-28.1041
17.7,3,0,23,6,11,-79.5912,-19.4192
17.7,4,1,23,6,11,-77.3288,-28.5747
17.7,5,2,23,12,11,-83.6253,3.58824
17.7,6,2,23,6,12,-76.0301,-29.8747
17.7,7,1,23,6,12,-78.6378,-26.7005
17.7,8,0,23,6,14,-76.1274,-28.4616
17.7,9,0,23,6,12,-73.6995,-28.8134
17.7,10,2,23,6,7,-77.207,-32.1764
17.7,11,2,23,6,12,-74.6568,-30.9379
17.7,12,0,23,6,3,-78.1403,-32.4884
17.7,13,1,23,6,12,-75.4561,-33.2356
17.7,14,1,23,6,4,-78.1674,-33.2074
17.8,0,0,23,6,11,-77.5182,-28.3644
17.8,1,1,23,6,11,-78.2795,-25.039
17.8,2,2,23,6,11,-77.1715,-28.129
17.8,3,0,23,6,11,-79.7134,-19.594
17.8,4,1,23,6,11,-77.4049,-28.6077
17.8,5,2,23,12,11,-83.7209,3.49065
17.8,6,2,23,6,12,-76.1051,-29.8912
17.8,7,1,23,6,12,-78.7401,-26.8697
17.8,8,0,23,6,14,-76.359,-28.4349
17.8,9,0,23,6,12,-73.8553,-29.5819
17.8,10,2,23,6,7,-77.2965,-33.1714
17.8,11,2,23,6,12,-74.7854,-31.6854
17.8,12,0,23,6,3,-78.2223,-33.4635
17.8,13,1,23,6,12,-75.5672,-33.7896
17.8,14,1,23,6,4,-78.221,-33.8607
17.9,0,0,23,6,11,-77.6233,-28.4115
17.9,1,1,23,6,11,-78.3949,-25.1513
17.9,2,2,23,6,11,-77.2388,-28.1337
17.9,3,0,23,6,11,-79.8341,-19.7396
17.9,4,1,23,6,11,-77.48,-28.6239
17.9,5,2,23,12,11,-83.8169,3.40689
17.9,6,2,23,6,12,-76.1785,-29.8912
17.9,7,1,23,6,11,-78.8417,-24.5024
17.9,8,0,23,6,14,-76.5825,-28.4381
17.9,9,0,23,6,12,-73.9937,-30.5075
17.9,10,2,23,6,6,-77.3895,-34.2533
17.9,11,2,23,6,12,-74.9105,-32.5922
17.9,12,0,23,6,3,-78.3069,-34.5265
17.9,13,1,23,6,12,-75.6778,-34.6727
17.9,14,1,23,6,4,-78.2869,-34.6932
18,0,0,23,6,11,-77.7233,-28.4412
18,1,1,23,6,11,-78.5074,-25.243
18,2,2,23,6,11,-77.3017,-28.1209
18,3,0,23,6,11,-79.9528,-19.8592
18,4,1,23,6,11,-77.5536,-28.6253
18,5,2,23,12,11,-83.9136,3.33638
18,6,2,23,6,12,-76.2509,-29.8775
18,7,1,23,6,11,-78.9431,-26.2707
18,8,0,23,6,14,-76.7978,-28.4612
18,9,0,23,6,12,-74.125,-31.5978
18,10,2,23,6,6,-77.4862,-35.4441
18,11,2,23,6,12,-75.0318,-33.6657
18,12,0,23,6,3,-78.3942,-35.699
18,13,1,23,6,12,-75.7872,-35.7247
18,14,1,23,6,4,-78.3651,-35.7133
18.1,0,0,23,6,11,-77.8181,-28.4531
18.1,1,2,23,6,11,-78.6162,-25.3128
18.1,2,1,23,6,11,-77.3618,-28.0922
18.1,3,0,23,6,11,-80.0688,-19.9507
18.1,4,2,23,6,11,-77.6255,-28.6116
18.1,5,2,23,12,11,-84.0104,3.27894
18.1,6,1,23,6,12,-76.3226,-29.8505
18.1,7,1,23,6,11,-79.0441,-28.1097
18.1,8,0,23,6,14,-77.0046,-28.4977
18.1,9,0,23,6,12,-74.2498,-32.8475
18.1,10,2,23,6,6,-77.5862,-36.7545
18.1,11,2,23,6,12,-75.149,-34.9008
18.1,12,0,23,6,3,-78.4839,-36.992
18.1,13,1,23,6,12,-75.8951,-36.9409
18.1,14,1,23,6,4,-78.4553,-36.9157
18.2,0,0,23,6,11,-77.9075,-28.4484
18.2,1,2,23,6,11,-78.7216,-25.3628
18.2,2,1,23,6,11,-77.4185,-28.0485
18.2,3,0,23,6,11,-80.1817,-20.0165
18.2,4,2,23,6,11,-77.6953,-28.5836
18.2,5,2,23,12,11,-84.1071,3.23243
18.2,6,1,23,6,12,-76.3941,-29.8115
18.2,7,1,23,6,11,-79.1451,-30.0065
18.2,8,0,23,6,14,-77.2029,-28.5393
18.2,9,0,23,6,12,-74.3679,-34.2372
18.2,10,2,23,6,6,-77.6893,-38.1822
18.2,11,2,23,6,12,-75.2623,-36.2781
18.2,12,0,23,6,3,-78.5759,-38.4028
18.2,13,1,23,6,12,-76.0011,-38.3018
18.2,14,1,23,6,4,-78.5564,-38.2796
18.3,0,0,23,6,11,-77.9911,-28.4288
18.3,1,2,23,6,11,-78.8226,-25.3948
18.3,2,1,23,6,11,-77.4712,-27.9909
18.3,3,0,23,6,11,-80.2909,-20.0593
18.3,4,2,23,6,11,-77.7625,-28.5429
18.3,5,2,23,12,11,-84.2034,3.19624
18.3,6,1,23,6,12,-76.4651,-29.7626
18.3,7,1,23,6,11,-79.2459,-31.9201
18.3,8,0,23,6,14,-77.3922,-28.5787
18.3,9,0,23,6,12,-74.4792,-35.7194
18.3,10,2,23,6,6,-77.7952,-39.6919
18.3,11,2,23,6,12,-75.371,-37.7503
18.3,12,0,23,6,3,-78.6699,-39.8961
18.3,13,1,23,6,12,-76.1045,-39.7594
18.3,14,1,23,6,4,-78.667,-39.7559
18.4,0,0,23,6,11,-78.0691,-28.3944
18.4,1,2,23,6,11,-78.9193,-25.4102
18.4,2,1,23,6,11,-77.5195,-27.9194
18.4,3,0,23,6,11,-80.396,-20.0804
18.4,4,2,23,6,11,-77.8266,-28.4892
18.4,5,2,23,12,11,-84.2989,3.16958
18.4,6,1,23,6,12,-76.5357,-29.7037
18.4,7,1,23,6,11,-76.8102,-34.7099
18.4,8,0,23,6,13,-75.7338,-28.853
18.4,9,0,23,6,12,-74.5834,-37.2158
18.4,10,2,23,6,6,-77.9036,-41.2118
18.4,11,2,23,6,12,-75.4754,-39.2389
18.4,12,0,23,6,2,-78.7658,14.8138
18.4,13,1,23,6,12,-76.2052,-41.2356
18.4,14,1,23,6,4,-78.7853,-41.2636
18.5,0,0,23,6,11,-78.1412,-28.3474
18.5,1,2,23,6,11,-79.0109,-25.4095
18.5,2,1,23,6,11,-77.564,-27.8368
18.5,3,0,23,6,11,-80.496,-20.0797
18.5,4,2,23,6,11,-77.8877,-28.425
18.5,5,2,23,12,11,-84.3929,3.14988
18.5,6,1,23,6,12,-76.606,-29.6375
18.5,7,1,23,6,11,-76.9989,-36.188
18.5,8,0,23,6,13,-75.9505,-28.9412
18.5,9,0,23,6,11,-74.6814,-38.5984
18.5,10,2,23,6,5,-78.0142,-42.6141
18.5,11,2,23,6,12,-75.575,-40.615
18.5,12,0,23,6,2,-78.8632,14.7287
18.5,13,1,23,6,12,-76.3027,-42.6009
18.5,14,1,23,6,4,-78.9088,-42.6702
18.6,0,2,23,6,11,-78.207,-28.2873
18.6,1,0,23,6,11,-79.0974,-25.3939
18.6,2,1,23,6,11,-77.6042,-27.7428
18.6,3,2,23,6,11,-80.591,-20.0597
18.6,4,0,23,6,11,-77.9471,-28.3521
18.6,5,1,23,12,11,-84.4847,2.97249
18.6,6,1,23,6,11,-76.6758,-29.5636
18.6,7,0,23,6,11,-77.1814,-37.3246
18.6,8,2,23,6,12,-76.1579,-29.0152
18.6,9,2,23,6,11,-74.7732,-39.6749
18.6,10,2,23,6,4,-78.1267,-31.5906
18.6,11,1,23,6,12,-75.6702,-41.6863
18.6,12,1,23,6,2,-78.9619,14.6357
18.6,13,0,23,6,12,-76.397,-43.6628
18.6,14,0,23,6,3,-79.0352,-43.1175
18.7,0,2,23,6,11,-78.2666,-28.2161
18.7,1,0,23,6,11,-79.1784,-25.3649
18.7,2,1,23,6,11,-77.6407,-27.6398
18.7,3,2,23,6,11,-80.6803,-20.0207
18.7,4,0,23,6,11,-78.004,-28.2715
18.7,5,1,23,12,11,-84.574,2.72665
18.7,6,1,23,6,11,-76.7447,-29.4838
18.7,7,0,23,6,11,-77.3585,-37.9309
18.7,8,2,23,6,12,-76.3567,-29.0776
18.7,9,2,23,6,11,-74.8592,-40.2486
18.7,10,2,23,6,2,-78.241,6.72931
18.7,11,1,23,6,11,-75.7609,-42.2559
18.7,12,1,23,6,2,-79.0615,14.5242
18.7,13,0,23,6,11,-76.4878,-44.2243
18.7,14,0,23,6,3,-79.1616,-43.697
18.8,0,2,23,6,11,-78.3201,-28.1344
18.8,1,0,23,6,11,-79.2535,-25.3243
18.8,2,1,23,6,11,-77.6741,-27.5294
18.8,3,2,23,6,11,-80.7637,-19.9666
18.8,4,0,23,6,11,-78.0574,-28.1829
18.8,5,1,23,12,11,-84.6601,2.48141
18.8,6,1,23,6,11,-76.8119,-29.3979
18.8,7,0,23,6,11,-77.5301,-37.8839
18.8,8,2,23,6,12,-76.5471,-29.1297
18.8,9,2,23,6,11,-74.9395,-40.1947
18.8,10,2,23,6,2,-78.3565,6.66951
18.8,11,1,23,6,11,-75.8471,-42.1989
18.8,12,1,23,6,2,-79.1619,14.3894
18.8,13,0,23,6,11,-76.5749,-44.16
18.8,14,0,23,6,3,-79.2852,-43.6318
18.9,0,2,23,6,11,-78.3671,-28.0423
18.9,1,0,23,6,11,-79.3225,-25.2703
18.9,2,1,23,6,11,-77.7049,-27.4125
18.9,3,2,23,6,11,-80.8408,-19.8937
18.9,4,0,23,6,11,-78.107,-28.0863
18.9,5,1,23,12,11,-78.86,-16.2211
18.9,6,1,23,6,10,-76.8758,-29.3066
18.9,7,0,23,6,11,-77.6931,-37.3398
18.9,8,2,23,6,12,-76.7288,-29.1736
18.9,9,2,23,6,11,-75.0145,-39.5537
18.9,10,2,23,6,2,-78.4724,6.58751
18.9,11,1,23,6,11,-75.9284,-41.5554
18.9,12,1,23,6,2,-79.262,14.2272
18.9,13,0,23,6,10,-75.0539,-43.2263
18.9,14,0,23,6,3,-79.4031,-42.9542
19,0,2,23,6,11,-78.4079,-27.9422
19,1,0,23,6,11,-79.3853,-25.2068
19,2,1,23,6,11,-77.7331,-27.2914
19,3,2,23,6,11,-80.9113,-19.8076
19,4,0,23,6,11,-78.152,-27.9833
19,5,1,23,12,11,-76.4666,-33.8455
19,6,1,23,6,10,-76.9359,-29.2112
19,7,0,23,6,11,-77.848,-36.4228
19,8,2,23,6,11,-75.1988,-29.2597
19,9,2,23,6,11,-75.084,-38.4976
19,10,2,23,6,2,-78.5887,6.4817
19,11,1,23,6,11,-76.0051,-40.4974
19,12,1,23,6,2,-79.3613,14.0367
19,13,0,23,6,9,-75.1342,-32.5891
19,14,0,23,6,3,-79.5133,-41.826
19.1,0,1,23,6,11,-78.4425,-27.8343
19.1,1,2,23,6,11,-79.4417,-25.1341
19.1,2,0,23,6,11,-77.7583,-27.1661
19.1,3,1,23,6,11,-80.9752,-19.7087
19.1,4,1,23,6,11,-78.1925,-27.8741
19.1,5,0,23,6,11,-76.6281,-32.4607
19.1,6,0,23,6,10,-76.9915,-29.1116
19.1,7,2,23,6,11,-77.9949,-35.2429
19.1,8,2,23,6,11,-75.4015,-29.2953
19.1,9,1,23,6,11,-75.1481,-37.2321
19.1,10,2,23,6,2,-78.7049,6.35163
19.1,11,0,23,6,11,-76.077,-39.2249
19.1,12,0,23,6,2,-79.4597,13.8177
19.1,13,2,23,6,9,-75.2077,-32.6238
19.1,14,1,23,6,3,-79.6134,-40.4341
19.2,0,1,23,6,11,-78.4707,-27.7188
19.2,1,2,23,6,11,-79.4915,-25.0508
19.2,2,0,23,6,11,-77.7806,-27.0366
19.2,3,1,23,6,11,-81.0326,-19.5949
19.2,4,1,23,6,11,-78.2279,-27.7585
19.2,5,0,23,6,11,-76.7794,-30.9862
19.2,6,0,23,6,10,-77.0428,-29.008
19.2,7,2,23,6,11,-78.1341,-33.9706
19.2,8,2,23,6,11,-75.5967,-29.3276
19.2,9,1,23,6,11,-75.207,-35.9536
19.2,10,2,23,6,2,-78.8211,6.197
19.2,11,0,23,6,11,-76.1435,-37.9189
19.2,12,0,23,6,2,-79.5568,13.5712
19.2,13,2,23,6,9,-75.2749,-32.6557
19.2,14,1,23,6,3,-79.7017,-38.947
19.3,0,1,23,6,11,-78.4931,-27.5971
19.3,1,2,23,6,11,-79.535,-24.9607
19.3,2,0,23,6,11,-77.7999,-26.9041
19.3,3,1,23,6,11,-81.0828,-19.471
19.3,4,1,23,6,11,-78.2587,-27.6378
19.3,5,0,23,6,11,-76.9205,-29.5227
19.3,6,0,23,6,10,-77.0898,-28.9016
19.3,7,2,23,6,11,-78.2664,-32.7054
19.3,8,2,23,6,11,-75.7846,-29.3581
19.3,9,1,23,6,11,-75.2608,-34.694
19.3,10,2,23,6,2,-78.9709,6.01712
19.3,11,0,23,6,11,-76.2054,-36.69
19.3,12,0,23,6,2,-79.6519,13.298
19.3,13,2,23,6,9,-75.3352,-32.6822
19.3,14,1,23,6,3,-79.7769,-37.462
19.4,0,1,23,6,11,-78.51,-27.471
19.4,1,2,23,6,11,-79.5723,-24.8637
19.4,2,0,23,6,11,-77.8162,-26.7698
19.4,3,1,23,6,11,-81.1266,-19.3375
19.4,4,1,23,6,11,-78.2852,-27.514
19.4,5,0,23,6,11,-77.0499,-28.14
19.4,6,0,23,6,10,-77.1327,-28.7941
19.4,7,2,23,6,11,-78.3909,-31.5149
19.4,8,2,23,6,11,-75.9631,-29.3866
19.4,9,1,23,6,11,-75.3098,-33.6176
19.4,10,2,23,6,2,-79.087,5.81207
19.4,11,0,23,6,11,-76.2623,-35.6118
19.4,12,0,23,6,2,-79.7452,12.9989
19.4,13,2,23,6,9,-75.3889,-32.7043
19.4,14,1,23,6,3,-79.8377,-36.0474
19.5,0,1,23,6,11,-78.5214,-27.3406
19.5,1,2,23,6,11,-79.6032,-24.7597
19.5,2,0,23,6,11,-77.8289,-26.6333
19.5,3,1,23,6,11,-81.1638,-19.1938
19.5,4,1,23,6,11,-78.307,-27.3869
19.5,5,0,23,6,11,-77.167,-26.8663
19.5,6,0,23,6,10,-77.1712,-28.6855
19.5,7,2,23,6,11,-78.5074,-30.4251
19.5,8,2,23,6,11,-76.1305,-29.412
19.5,9,1,23,6,11,-75.3541,-32.718
19.5,10,2,23,6,2,-79.2043,5.62166
19.5,11,0,23,6,11,-76.3143,-34.7092
19.5,12,0,23,6,2,-79.8361,12.6729
19.5,13,2,23,6,9,-75.4361,-32.7188
19.5,14,1,23,6,3,-79.8826,-34.7281
19.6,0,1,23,6,11,-78.5281,-27.2072
19.6,1,2,23,6,11,-79.628,-24.6505
19.6,2,0,23,6,11,-77.8387,-26.4958
19.6,3,1,23,6,11,-81.1949,-19.0428
19.6,4,1,23,6,11,-78.3251,-27.258
19.6,5,0,23,6,11,-77.2688,-25.7618
19.6,6,0,23,6,10,-77.2062,-28.5773
19.6,7,2,23,6,11,-78.614,-29.4872
19.6,8,2,23,6,11,-76.2814,-29.429
19.6,9,1,23,6,11,-75.3935,-32.0294
19.6,10,2,23,6,2,-79.3197,5.38425
19.6,11,0,23,6,11,-76.3611,-34.016
19.6,12,0,23,6,2,-79.9256,12.3496
19.6,13,2,23,6,9,-75.4767,-32.7258
19.6,14,1,23,6,3,-79.9151,-33.5655
19.7,0,1,23,6,11,-78.5303,-27.0743
19.7,1,2,23,6,11,-79.6469,-24.5374
19.7,2,0,23,6,11,-77.8453,-26.3603
19.7,3,1,23,6,11,-77.6578,-22.6152
19.7,4,1,23,6,11,-76.0869,-27.3393
19.7,5,0,23,6,11,-77.3557,-24.811
19.7,6,0,23,6,10,-77.2372,-28.4729
19.7,7,2,23,6,11,-76.304,-29.3352
19.7,8,2,23,6,11,-74.8921,-29.4665
19.7,9,1,23,6,11,-75.4285,-31.5184
19.7,10,2,23,6,2,-79.4333,5.11813
19.7,11,0,23,6,11,-76.4025,-33.4982
19.7,12,0,23,6,2,-80.01,11.9916
19.7,13,2,23,6,9,-75.5101,-32.725
19.7,14,1,23,6,3,-79.9301,-32.5363
19.8,0,1,23,6,11,-78.5292,-26.945
19.8,1,2,23,6,11,-79.6599,-24.4198
19.8,2,0,23,6,11,-77.8492,-26.2292
19.8,3,1,23,6,11,-77.7929,-21.832
19.8,4,1,23,6,11,-76.1081,-27.2242
19.8,5,0,23,6,11,-77.4287,-23.9991
19.8,6,0,23,6,10,-77.2653,-28.3753
19.8,7,2,23,6,11,-76.3698,-28.9602
19.8,8,2,23,6,11,-75.044,-29.478
19.8,9,1,23,6,11,-75.4597,-31.1513
19.8,10,2,23,6,2,-79.5448,4.85202
19.8,11,0,23,6,11,-76.4386,-33.1221
19.8,12,0,23,6,2,-80.0891,11.6478
19.8,13,2,23,6,9,-75.5368,-32.7145
19.8,14,1,23,6,3,-79.9301,-31.629
19.9,0,1,23,6,11,-78.5258,-26.8243
19.9,1,2,23,6,11,-79.6676,-24.3008
19.9,2,0,23,6,11,-77.8508,-26.1073
19.9,3,1,23,6,11,-77.9123,-21.1685
19.9,4,1,23,6,11,-76.1277,-27.1204
19.9,5,0,23,6,11,-77.4893,-23.3067
19.9,6,0,23,6,10,-77.2909,-28.2896
19.9,7,2,23,6,11,-76.4307,-28.6988
19.9,8,2,23,6,11,-75.1803,-29.4932
19.9,9,1,23,6,11,-75.4886,-30.8972
19.9,10,2,23,6,2,-79.6546,4.58803
19.9,11,0,23,6,11,-76.47,-32.8567
19.9,12,0,23,6,2,-80.1633,11.3204
19.9,13,2,23,6,9,-75.5568,-32.6946
19.9,14,1,23,6,3,-79.9168,-30.8257
20,0,1,23,6,11,-78.5212,-26.7198
20,1,2,23,6,11,-79.6706,-24.1819
20,2,0,23,6,11,-77.8502,-26.002
20,3,1,23,6,11,-78.0172,-20.6115
20,4,1,23,6,11,-76.145,-27.0348
20,5,0,23,6,11,-77.5377,-22.7208
20,6,0,23,6,10,-77.3147,-28.2242
20,7,2,23,6,11,-76.4872,-28.5261
20,8,2,23,6,11,-75.3012,-29.5187
20,9,1,23,6,11,-75.5138,-30.7282
20,10,2,23,6,2,-79.7622,4.32535
20,11,0,23,6,11,-76.4979,-32.6787
20,12,0,23,6,2,-80.2328,11.0091
20,13,2,23,6,9,-75.5705,-32.6659
20,14,1,23,6,3,-79.8913,-30.1133
20.1,0,1,23,6,11,-78.5155,-26.6323
20.1,1,0,23,6,11,-79.6692,-24.0622
20.1,2,2,23,6,11,-77.8474,-25.9141
20.1,3,1,23,6,11,-78.1088,-20.1482
20.1,4,1,23,6,11,-76.1601,-26.9685
20.1,5,0,23,6,11,-75.6046,-24.7825
20.1,6,0,23,6,10,-75.4514,-28.2494
20.1,7,2,23,6,11,-76.54,-28.4213
20.1,8,2,23,6,11,-75.4083,-29.5564
20.1,9,1,23,6,11,-75.536,-30.624
20.1,10,2,23,6,2,-79.8675,4.06267
20.1,11,0,23,6,11,-76.5218,-32.5672
20.1,12,0,23,18,2,-80.2979,10.709
20.1,13,2,23,6,9,-75.5784,-32.6302
20.1,14,1,23,6,3,-79.8552,-29.4806
20.2,0,1,23,6,11,-76.2222,-26.5696
20.2,1,0,23,6,11,-76.8801,-23.9603
20.2,2,2,23,6,11,-77.8432,-25.8462
20.2,3,1,23,6,11,-78.1885,-19.7692
20.2,4,1,23,6,11,-76.1739,-26.924
20.2,5,0,23,6,11,-75.6385,-24.4615
20.2,6,0,23,6,10,-75.4803,-28.2294
20.2,7,2,23,6,11,-76.5893,-28.3686
20.2,8,2,23,6,11,-73.2196,-29.6309
20.2,9,1,23,6,11,-75.556,-30.5699
20.2,10,2,23,6,2,-79.9706,3.79891
20.2,11,0,23,6,11,-76.5438,-32.5085
20.2,12,0,23,18,2,-80.3591,10.4171
20.2,13,2,23,6,9,-75.5808,-32.5885
20.2,14,1,23,6,3,-79.8097,-28.9194
20.3,0,1,23,6,11,-76.293,-26.523
20.3,1,0,23,6,11,-76.9566,-23.8782
20.3,2,2,23,6,11,-77.8384,-25.7985
20.3,3,1,23,6,11,-78.257,-19.4672
20.3,4,1,23,6,11,-76.1866,-26.8995
20.3,5,0,23,6,11,-75.6668,-24.2039
20.3,6,0,23,6,10,-75.5083,-28.2291
20.3,7,2,23,6,11,-76.6355,-28.3544
20.3,8,2,23,6,10,-73.34,-29.035
20.3,9,1,23,6,11,-75.5743,-30.5524
20.3,10,2,23,6,2,-80.0714,3.53254
20.3,11,0,23,6,10,-76.5652,-32.4889
20.3,12,0,23,18,2,-80.4169,10.1301
20.3,13,2,23,6,9,-75.5779,-32.5395
20.3,14,1,23,6,3,-79.7558,-28.4236
20.4,0,1,23,6,11,-76.3577,-26.4967
20.4,1,0,23,6,11,-77.0246,-23.8225
20.4,2,2,23,6,11,-77.8333,-25.7706
20.4,3,1,23,6,11,-78.3158,-19.234
20.4,4,1,23,6,11,-76.1984,-26.8947
20.4,5,0,23,6,11,-75.6901,-24.0026
20.4,6,0,23,6,10,-75.5355,-28.2476
20.4,7,2,23,6,11,-76.6792,-28.3679
20.4,8,2,23,6,10,-73.4484,-29.2099
20.4,9,1,23,6,11,-75.5914,-30.5612
20.4,10,2,23,6,2,-80.1697,3.26205
20.4,11,0,23,6,10,-76.5863,-32.4981
20.4,12,0,23,18,2,-80.4719,9.84531
20.4,13,2,23,6,9,-75.5704,-32.488
20.4,14,1,23,6,3,-79.6945,-27.9858
20.5,0,1,23,6,11,-76.4169,-26.4909
20.5,1,0,23,6,11,-77.0848,-23.7935
20.5,2,2,23,6,11,-77.828,-25.7625
20.5,3,1,23,6,11,-78.3656,-19.0612
20.5,4,1,23,6,11,-76.2096,-26.9097
20.5,5,0,23,6,11,-75.7088,-23.8503
20.5,6,0,23,6,10,-75.5619,-28.2851
20.5,7,2,23,6,11,-76.7205,-28.4028
20.5,8,2,23,6,10,-73.5454,-29.3769
20.5,9,1,23,6,11,-75.6076,-30.5901
20.5,10,2,23,6,2,-80.2656,2.98648
20.5,11,0,23,6,10,-76.6075,-32.5302
20.5,12,0,23,18,2,-80.5248,9.56063
20.5,13,2,23,6,9,-75.5587,-32.4323
20.5,14,1,23,6,3,-79.6268,-27.5997
20.6,0,0,23,6,11,-76.4712,-26.5045
20.6,1,2,23,6,11,-77.1382,-23.7873
20.6,2,1,23,6,11,-77.8233,-25.7739
20.6,3,0,23,6,11,-78.4074,-18.9443
20.6,4,0,23,6,11,-76.2202,-26.9438
20.6,5,2,23,6,11,-75.7236,-23.7433
20.6,6,2,23,6,11,-75.5876,-28.3406
20.6,7,1,23,6,11,-76.7597,-28.4518
20.6,8,1,23,6,10,-73.632,-29.5359
20.6,9,0,23,6,11,-75.6234,-30.6322
20.6,10,1,23,6,2,-80.3593,2.70537
20.6,11,2,23,6,10,-76.6283,-32.5775
20.6,12,2,23,18,2,-80.5763,9.2733
20.6,13,1,23,6,9,-75.5434,-32.4036
20.6,14,0,23,6,4,-79.5535,-33.6267
20.7,0,0,23,6,11,-76.5214,-26.5321
20.7,1,2,23,6,11,-77.1852,-23.7961
20.7,2,1,23,6,11,-77.8189,-25.7981
20.7,3,0,23,6,11,-78.4428,-18.8783
20.7,4,0,23,6,11,-76.2302,-26.9893
20.7,5,2,23,6,11,-75.7357,-23.6774
20.7,6,2,23,6,11,-75.6121,-28.4062
20.7,7,1,23,6,11,-76.7972,-28.5131
20.7,8,1,23,6,10,-73.7088,-29.6871
20.7,9,0,23,6,11,-75.6393,-30.6861
20.7,10,1,23,6,2,-80.4504,2.41701
20.7,11,2,23,6,10,-76.6472,-32.6352
20.7,12,2,23,18,2,-80.6265,8.98128
20.7,13,1,23,6,9,-75.5267,-32.446
20.7,14,0,23,6,4,-79.4744,-33.5134
20.8,0,0,23,6,11,-76.5682,-26.5686
20.8,1,2,23,6,11,-77.2273,-23.8109
20.8,2,1,23,6,11,-77.8159,-25.8305
20.8,3,0,23,6,11,-78.4734,-18.8578
20.8,4,0,23,6,11,-76.2394,-27.041
20.8,5,2,23,6,11,-75.7469,-23.6479
20.8,6,2,23,6,11,-75.6359,-28.4773
20.8,7,1,23,6,11,-76.8333,-28.5806
20.8,8,1,23,6,10,-73.777,-29.8302
20.8,9,0,23,6,11,-75.6556,-30.7453
20.8,10,1,23,6,2,-80.5388,2.1222
20.8,11,2,23,6,10,-76.6643,-32.6967
20.8,12,2,23,18,2,-80.6751,8.68481
20.8,13,1,23,6,9,-75.5107,-32.4846
20.8,14,0,23,6,4,-79.3907,-33.4009
20.9,0,0,23,6,11,-76.6124,-26.6143
20.9,1,2,23,6,11,-77.2647,-23.8335
20.9,2,1,23,6,11,-77.8149,-25.8721
20.9,3,0,23,6,11,-78.4997,-18.8779
20.9,4,0,23,6,11,-76.2482,-27.0994
20.9,5,2,23,6,11,-75.7571,-23.6511
20.9,6,2,23,6,11,-75.6584,-28.5536
20.9,7,1,23,6,11,-76.8678,-28.6555
20.9,8,1,23,6,10,-73.8368,-29.964
20.9,9,0,23,6,11,-75.6728,-30.8118
20.9,10,1,23,6,2,-80.6245,1.81954
20.9,11,2,23,6,10,-76.6803,-32.764
20.9,12,2,23,18,2,-80.7226,8.38371
20.9,13,1,23,6,9,-75.4958,-32.5244
20.9,14,0,23,6,4,-79.3023,-33.2909
21,0,0,23,6,11,-76.6543,-26.6686
21,1,2,23,6,11,-77.2988,-23.8666
21,2,1,23,6,11,-77.8164,-25.923
21,3,0,23,6,11,-78.5228,-18.9336
21,4,0,23,6,11,-76.2565,-27.164
21,5,2,23,6,11,-75.7669,-23.6827
21,6,2,23,6,11,-75.6799,-28.6349
21,7,1,23,6,11,-76.9012,-28.7332
21,8,1,23,6,10,-73.8896,-30.088
21,9,0,23,6,11,-75.6911,-30.8806
21,10,1,23,6,2,-80.7078,1.50933
21,11,2,23,6,10,-76.6957,-32.8328
21,12,2,23,18,2,-80.7687,8.07897
21,13,1,23,6,9,-75.4823,-32.5618
21,14,0,23,6,4,-79.2097,-33.1791
21.1,0,0,23,6,11,-76.6945,-26.7306
21.1,1,2,23,6,11,-77.3298,-23.9071
21.1,2,1,23,6,11,-77.8213,-25.9827
21.1,3,0,23,6,11,-78.543,-19.0239
21.1,4,0,23,6,11,-76.2643,-27.2333
21.1,5,2,23,6,11,-75.7771,-23.7419
21.1,6,2,23,6,11,-75.7006,-28.7199
21.1,7,1,23,6,11,-76.9334,-28.8138
21.1,8,1,23,6,10,-73.9356,-30.202
21.1,9,0,23,6,11,-75.7111,-30.9521
21.1,10,1,23,6,2,-80.7887,1.1915
21.1,11,2,23,6,10,-76.7109,-32.9032
21.1,12,2,23,12,2,-80.8131,7.77313
21.1,13,1,23,6,9,-75.4712,-32.5981
21.1,14,0,23,6,4,-79.1131,-33.0657
21.2,0,0,23,6,11,-76.7334,-26.8
21.2,1,2,23,6,11,-77.3586,-23.9563
21.2,2,1,23,6,11,-77.8296,-26.0511
21.2,3,0,23,6,11,-78.5613,-19.1407
21.2,4,0,23,6,11,-76.2719,-27.3075
21.2,5,2,23,6,11,-75.7879,-23.8225
21.2,6,2,23,6,11,-75.7201,-28.8084
21.2,7,1,23,6,11,-76.9651,-28.8982
21.2,8,1,23,6,10,-73.9757,-30.3065
21.2,9,0,23,6,11,-75.7327,-31.027
21.2,10,1,23,6,2,-80.8672,0.866435
21.2,11,2,23,6,10,-76.7262,-32.9761
21.2,12,2,23,12,2,-80.8549,7.46872
21.2,13,1,23,6,9,-75.4628,-32.6368
21.2,14,0,23,6,4,-79.0126,-32.9521
21.3,0,0,23,6,11,-76.7712,-26.8754
21.3,1,2,23,6,11,-77.3853,-24.0127
21.3,2,1,23,6,11,-77.8418,-26.1275
21.3,3,0,23,6,11,-78.5782,-19.2856
21.3,4,0,23,6,12,-76.2791,-27.385
21.3,5,2,23,6,11,-75.7996,-23.9254
21.3,6,2,23,6,11,-75.7384,-28.8991
21.3,7,1,23,6,11,-76.9959,-28.9834
21.3,8,1,23,6,10,-74.0103,-30.4014
21.3,9,0,23,6,11,-75.7564,-31.1025
21.3,10,1,23,6,2,-80.9437,0.533391
21.3,11,2,23,6,10,-76.7418,-33.0487
21.3,12,2,23,12,2,-80.8932,7.16947
21.3,13,1,23,6,9,-75.4575,-32.6744
21.3,14,0,23,6,5,-78.9085,-33.0659
21.4,0,0,23,6,11,-76.8083,-26.9556
21.4,1,2,23,6,11,-77.4108,-24.0761
21.4,2,1,23,6,11,-77.8577,-26.2105
21.4,3,0,23,6,11,-78.5941,-19.452
21.4,4,0,23,6,12,-76.2862,-27.4651
21.4,5,2,23,6,11,-75.8129,-24.0459
21.4,6,2,23,6,11,-75.7557,-28.9911
21.4,7,1,23,6,11,-77.0264,-29.0714
21.4,8,1,23,6,10,-74.04,-30.4864
21.4,9,0,23,6,11,-75.7819,-31.1804
21.4,10,1,23,6,2,-81.018,0.161333
21.4,11,2,23,6,10,-76.7581,-33.1232
21.4,12,2,23,12,2,-80.9269,6.84729
21.4,13,1,23,6,9,-75.4557,-32.7147
21.4,14,0,23,6,5,-78.7676,-32.9304
21.5,0,0,23,6,11,-76.8441,-27.0413
21.5,1,2,23,6,11,-77.434,-24.1475
21.5,2,1,23,6,11,-77.8771,-26.3003
21.5,3,0,23,6,11,-78.608,-19.6487
21.5,4,0,23,6,12,-76.2925,-27.5474
21.5,5,2,23,6,11,-78.0225,-24.1869
21.5,6,2,23,6,11,-75.7716,-29.0844
21.5,7,1,23,6,11,-77.0559,-29.1626
21.5,8,1,23,6,10,-74.0636,-30.5605
21.5,9,0,23,6,11,-75.8092,-31.2614
21.5,10,1,23,6,2,-81.0903,-0.184453
21.5,11,2,23,6,10,-76.7753,-33.2002
21.5,12,2,23,12,2,-80.955,6.57203
21.5,13,1,23,6,9,-77.4251,-32.7363
21.5,14,0,23,6,5,-78.6575,-32.7891
21.6,0,1,23,6,11,-76.875,-27.1387
21.6,1,0,23,6,11,-77.4521,-24.2391
21.6,2,2,23,6,11,-77.8952,-26.4039
21.6,3,1,23,6,11,-78.6157,-19.8724
21.6,4,0,23,6,12,-76.2943,-27.6393
21.6,5,0,23,6,11,-78.0567,-24.3536
21.6,6,1,23,6,11,-75.7826,-29.1862
21.6,7,2,23,6,11,-77.0812,-29.2566
21.6,8,2,23,6,10,-74.0796,-30.6261
21.6,9,1,23,6,11,-75.8336,-31.3445
21.6,10,2,23,6,2,-81.1603,-0.535874
21.6,11,0,23,6,10,-76.7888,-33.2787
21.6,12,1,23,9,2,-80.9757,6.3145
21.6,13,2,23,6,9,-77.433,-32.7714
21.6,14,0,23,6,5,-78.5436,-32.6455
21.7,0,1,23,6,11,-76.8995,-27.2496
21.7,1,0,23,6,11,-77.4633,-24.3536
21.7,2,2,23,6,11,-77.9082,-26.5226
21.7,3,1,23,6,11,-78.615,-20.1119
21.7,4,0,23,6,12,-76.2885,-27.7419
21.7,5,0,23,6,11,-78.0854,-24.5322
21.7,6,1,23,6,11,-75.7862,-29.2979
21.7,7,2,23,6,11,-77.0996,-29.3505
21.7,8,2,23,6,10,-74.0878,-30.6843
21.7,9,1,23,6,11,-75.8518,-31.4268
21.7,10,2,23,6,2,-81.228,-0.893319
21.7,11,0,23,6,10,-76.7949,-33.3551
21.7,12,1,23,9,2,-80.9876,6.07896
21.7,13,2,23,6,9,-77.4289,-32.7973
21.7,14,0,23,6,5,-78.4258,-32.5025
21.8,0,1,23,6,11,-76.9131,-27.3427
21.8,1,0,23,6,11,-77.4651,-24.4491
21.8,2,2,23,6,11,-77.9098,-26.6257
21.8,3,1,23,6,11,-78.6069,-20.3653
21.8,4,0,23,6,12,-76.2699,-27.8271
21.8,5,0,23,6,11,-78.1056,-24.7183
21.8,6,1,23,6,11,-75.7789,-29.3931
21.8,7,2,23,6,11,-77.106,-29.4383
21.8,8,2,23,6,10,-74.0872,-30.7294
21.8,9,1,23,6,11,-75.855,-31.5007
21.8,10,2,23,6,2,-81.2938,-1.25593
21.8,11,0,23,6,10,-76.7875,-33.424
21.8,12,1,23,9,2,-80.989,5.86946
21.8,13,2,23,6,9,-77.4135,-32.8131
21.8,14,0,23,6,5,-78.3035,-32.3586
21.9,0,1,23,6,11,-76.9161,-27.4183
21.9,1,0,23,6,11,-77.4585,-24.5277
21.9,2,2,23,6,11,-77.9004,-26.7135
21.9,3,1,23,6,11,-78.5914,-20.6275
21.9,4,0,23,6,12,-76.239,-27.8954
21.9,5,0,23,6,11,-78.1171,-24.9087
21.9,6,1,23,6,11,-75.7605,-29.4718
21.9,7,2,23,6,11,-77.1002,-29.519
21.9,8,2,23,6,10,-74.0777,-30.7611
21.9,9,1,23,6,11,-75.844,-31.5663
21.9,10,2,23,6,2,-81.3573,-1.62351
21.9,11,0,23,6,10,-76.7676,-33.4856
21.9,12,1,23,9,2,-80.9782,5.69115
21.9,13,2,23,6,9,-77.3873,-32.8187
21.9,14,0,23,6,5,-78.1771,-32.2147
22,0,1,23,6,11,-76.9089,-27.4752
22,1,0,23,6,11,-77.444,-24.5866
22,2,2,23,6,11,-77.8807,-26.7854
22,3,1,23,6,11,-78.572,-20.8901
22,4,0,23,6,12,-76.1961,-27.9461
22,5,0,23,6,11,-78.1196,-25.0972
22,6,1,23,6,11,-75.731,-29.5332
22,7,2,23,6,11,-77.0827,-29.5919
22,8,2,23,6,10,-74.0599,-30.7793
22,9,1,23,6,11,-75.8195,-31.6233
22,10,2,23,6,2,-77.6155,-1.99588
22,11,0,23,6,10,-76.7356,-33.5392
22,12,1,23,9,2,-80.9539,5.54696
22,13,2,23,6,9,-77.3538,-32.8153
22,14,0,23,6,5,-75.8863,-32.0723
22.1,0,1,23,6,11,-76.8921,-27.5128
22.1,1,0,23,6,11,-77.4223,-24.6256
22.1,2,2,23,6,11,-77.8515,-26.8407
22.1,3,1,23,6,11,-78.5494,-21.1485
22.1,4,0,23,6,12,-76.142,-27.9786
22.1,5,0,23,6,11,-78.1132,-25.28
22.1,6,1,23,6,11,-75.6907,-29.5767
22.1,7,2,23,6,11,-77.0537,-29.6584
22.1,8,2,23,6,10,-74.0341,-30.7848
22.1,9,1,23,6,11,-75.7821,-31.6737
22.1,10,2,23,6,2,-77.7821,-2.37309
22.1,11,0,23,6,10,-76.6923,-33.5869
22.1,12,1,23,6,2,-80.9171,5.42407
22.1,13,2,23,6,9,-77.3138,-32.8068
22.1,14,0,23,6,5,-75.8958,-31.9498
22.2,0,1,23,6,11,-76.8652,-27.529
22.2,1,0,23,6,11,-77.3935,-24.6414
22.2,2,2,23,6,11,-77.813,-26.8778
22.2,3,1,23,6,11,-78.5239,-21.4021
22.2,4,0,23,6,12,-76.0779,-27.9922
22.2,5,0,23,6,11,-78.0988,-25.4569
22.2,6,1,23,6,11,-75.6405,-29.6011
22.2,7,2,23,6,11,-77.0136,-29.7073
22.2,8,2,23,6,10,-74.0006,-30.779
22.2,9,1,23,6,11,-75.7321,-31.7058
22.2,10,2,23,6,2,-77.9461,-2.75379
22.2,11,0,23,6,10,-76.6378,-33.6166
22.2,12,1,23,6,2,-80.8707,5.30284
22.2,13,2,23,6,9,-77.2681,-32.7785
22.2,14,0,23,6,5,-75.8949,-31.8384
22.3,0,1,23,6,11,-76.8292,-27.5245
22.3,1,0,23,6,11,-77.3585,-24.6349
22.3,2,2,23,6,11,-77.7658,-26.8972
22.3,3,1,23,6,11,-78.4963,-21.6465
22.3,4,0,23,6,12,-76.0038,-27.9866
22.3,5,0,23,6,11,-78.0765,-25.6235
22.3,6,1,23,6,11,-75.5808,-29.6066
22.3,7,2,23,6,11,-76.9637,-29.7527
22.3,8,2,23,6,10,-73.9602,-30.7611
22.3,9,1,23,6,11,-75.6703,-31.7339
22.3,10,2,23,6,2,-78.107,-3.13847
22.3,11,0,23,6,10,-76.573,-33.6428
22.3,12,1,23,6,2,-80.8145,5.18159
22.3,13,2,23,6,9,-77.2173,-32.8383
22.3,14,0,23,6,5,-75.8832,-31.7318
22.4,0,1,23,6,11,-75.0213,-27.5028
22.4,1,0,23,6,11,-77.3175,-24.6035
22.4,2,2,23,6,11,-77.7101,-26.8978
22.4,3,1,23,6,11,-78.4673,-21.8825
22.4,4,0,23,6,12,-75.92,-27.961
22.4,5,0,23,6,11,-78.0471,-25.7803
22.4,6,1,23,6,11,-74.1341,-29.5999
22.4,7,2,23,6,11,-76.9042,-29.7905
22.4,8,2,23,6,11,-73.9131,-30.7325
22.4,9,1,23,6,11,-75.5968,-31.7541
22.4,10,2,23,6,2,-78.2647,-3.52687
22.4,11,0,23,6,10,-76.4979,-33.6615
22.4,12,1,23,6,3,-80.749,-30.4605
22.4,13,2,23,6,9,-77.1621,-33.0293
22.4,14,0,23,6,5,-75.8604,-31.6253
22.5,0,1,23,6,11,-75.0179,-27.4544
22.5,1,0,23,6,11,-77.2705,-24.5479
22.5,2,2,23,6,11,-75.5675,-26.8837
22.5,3,1,23,6,11,-78.437,-22.1115
22.5,4,0,23,6,12,-75.8281,-27.9171
22.5,5,0,23,6,11,-78.0111,-25.9282
22.5,6,1,23,6,11,-74.1052,-29.5677
22.5,7,2,23,6,11,-76.8355,-29.8168
22.5,8,2,23,6,11,-72.8671,-30.7056
22.5,9,1,23,6,11,-75.5122,-31.7621
22.5,10,2,23,6,2,-78.4193,-3.91803
22.5,11,0,23,6,10,-76.4131,-33.6683
22.5,12,1,23,6,3,-80.676,-30.5209
22.5,13,2,23,6,9,-77.1027,-33.2511
22.5,14,0,23,6,5,-75.8272,-31.5143
22.6,0,1,23,6,11,-75.0047,-27.3841
22.6,1,0,23,6,11,-77.2175,-24.4684
22.6,2,2,23,6,11,-75.562,-26.8473
22.6,3,1,23,6,11,-78.4056,-22.333
22.6,4,0,23,6,12,-75.7282,-27.8542
22.6,5,0,23,6,11,-77.9694,-26.0671
22.6,6,1,23,6,11,-74.0676,-29.5168
22.6,7,2,23,6,11,-76.7584,-29.8337
22.6,8,2,23,6,11,-72.8402,-30.6558
22.6,9,1,23,6,11,-75.4162,-31.7595
22.6,10,2,23,6,2,-78.5704,-4.31129
22.6,11,0,23,6,10,-76.3187,-33.6648
22.6,12,1,23,6,3,-80.5961,-30.5716
22.6,13,2,23,6,9,-77.0396,-33.5044
22.6,14,0,23,6,5,-75.7834,-31.4002
22.7,0,1,23,6,11,-74.9811,-27.3029
22.7,1,0,23,6,11,-77.1581,-24.3846
22.7,2,2,23,6,11,-75.5485,-26.8038
22.7,3,1,23,6,11,-78.3713,-22.5492
22.7,4,0,23,6,12,-75.6197,-27.783
22.7,5,0,23,6,11,-77.9225,-26.1985
22.7,6,1,23,6,11,-74.0216,-29.4587
22.7,7,2,23,6,11,-76.6729,-29.8372
22.7,8,2,23,6,11,-72.8068,-30.5967
22.7,9,1,23,6,11,-75.3094,-31.7428
22.7,10,2,23,6,2,-78.7183,-4.70729
22.7,11,0,23,6,10,-76.2149,-33.6473
22.7,12,1,23,6,3,-80.5099,-30.6142
22.7,13,2,23,6,9,-76.9679,-33.7863
22.7,14,0,23,6,5,-75.7293,-31.2784
22.8,0,1,23,6,11,-74.9475,-27.2099
22.8,1,0,23,6,11,-77.0921,-24.2926
22.8,2,2,23,6,11,-75.5269,-26.7513
22.8,3,1,23,6,11,-78.3349,-22.7613
22.8,4,0,23,6,12,-75.5032,-27.7021
22.8,5,0,23,6,11,-77.8716,-26.3234
22.8,6,1,23,6,11,-73.9682,-29.3924
22.8,7,2,23,6,11,-76.5798,-29.8294
22.8,8,2,23,6,11,-72.7671,-30.5291
22.8,9,1,23,6,11,-75.1919,-31.7138
22.8,10,2,23,6,2,-78.8628,-5.10525
22.8,11,0,23,6,10,-76.1015,-33.6169
22.8,12,1,23,6,3,-80.418,-30.6495
22.8,13,2,23,6,9,-76.8887,-34.0968
22.8,14,0,23,6,5,-75.6655,-31.1506
22.9,0,1,23,6,11,-74.9031,-27.1013
22.9,1,0,23,6,11,-77.0203,-24.1908
22.9,2,2,23,6,11,-75.4969,-26.687
22.9,3,1,23,6,11,-78.297,-22.9706
22.9,4,0,23,6,12,-75.3786,-27.608
22.9,5,0,23,6,11,-77.8169,-26.4429
22.9,6,1,23,6,11,-73.9073,-29.3151
22.9,7,2,23,6,11,-76.479,-29.806
22.9,8,2,23,6,11,-72.7214,-30.4515
22.9,9,1,23,6,11,-75.0636,-31.668
22.9,10,2,23,6,2,-79.0038,-5.50474
22.9,11,0,23,6,10,-75.9791,-33.5699
22.9,12,1,23,6,3,-80.3212,-30.6785
22.9,13,2,23,6,9,-76.8028,-34.4369
22.9,14,0,23,6,5,-75.592,-31.0115
23,0,1,23,6,11,-74.8479,-26.9766
23,1,0,23,6,11,-76.9426,-24.0788
23,2,2,23,6,11,-75.4578,-26.609
23,3,1,23,6,11,-78.2578,-23.1768
23,4,0,23,6,12,-75.2461,-27.4995
23,5,0,23,6,11,-77.7593,-26.5568
23,6,1,23,6,11,-73.8397,-29.226
23,7,2,23,6,11,-76.3714,-29.7678
23,8,2,23,6,11,-72.6695,-30.6806
23,9,1,23,6,11,-74.9241,-31.6055
23,10,2,23,6,2,-79.1308,-5.89139
23,11,0,23,6,10,-75.848,-33.5062
23,12,1,23,6,3,-80.22,-30.701
23,13,2,23,6,9,-76.7107,-34.8052
23,14,0,23,6,5,-75.5067,-30.8617
23.1,0,0,23,6,11,-74.7832,-26.8364
23.1,1,1,23,6,11,-76.861,-23.9756
23.1,2,2,23,6,11,-75.4102,-26.5175
23.1,3,0,23,6,11,-78.2179,-23.3799
23.1,4,2,23,6,12,-75.1063,-27.3735
23.1,5,1,23,6,11,-77.6995,-26.665
23.1,6,0,23,6,13,-73.7664,-29.1227
23.1,7,2,23,6,11,-76.257,-29.7107
23.1,8,1,23,6,12,-72.6121,-31.224
23.1,9,0,23,6,11,-74.774,-31.5228
23.1,10,1,23,6,2,-79.2584,-6.28435
23.1,11,1,23,6,11,-75.7116,-33.4233
23.1,12,0,23,6,4,-80.1149,-35.2053
23.1,13,2,23,6,10,-76.6126,-35.2052
23.1,14,2,23,6,5,-75.4141,-30.696
23.2,0,0,23,6,11,-74.708,-26.6782
23.2,1,1,23,6,11,-76.7753,-23.8772
23.2,2,2,23,6,11,-75.3515,-26.4064
23.2,3,0,23,6,11,-78.177,-23.5849
23.2,4,2,23,6,12,-76.8027,-26.9643
23.2,5,1,23,6,11,-77.6385,-26.7718
23.2,6,0,23,6,13,-73.6878,-29.0038
23.2,7,2,23,6,11,-78.7614,-27.9973
23.2,8,1,23,6,12,-72.5493,-31.7941
23.2,9,0,23,6,11,-74.6113,-31.4193
23.2,10,1,23,6,2,-79.4108,-6.665
23.2,11,1,23,6,11,-75.5688,-33.3207
23.2,12,0,23,6,4,-79.9629,-35.0767
23.2,13,2,23,6,10,-76.5081,-35.6066
23.2,14,2,23,6,5,-75.3115,-30.5135
23.3,0,0,23,6,11,-74.6219,-26.5056
23.3,1,1,23,6,11,-76.6842,-23.7734
23.3,2,2,23,6,11,-75.2809,-26.2787
23.3,3,0,23,6,11,-78.1359,-23.7926
23.3,4,2,23,6,12,-76.6463,-26.7989
23.3,5,1,23,6,11,-77.5767,-26.8759
23.3,6,0,23,6,13,-73.6044,-28.8709
23.3,7,2,23,6,11,-78.6564,-28.0605
23.3,8,1,23,6,12,-72.4817,-32.3873
23.3,9,0,23,6,11,-74.4366,-31.293
23.3,10,1,23,6,2,-79.5296,-7.0543
23.3,11,1,23,6,11,-75.4156,-33.2414
23.3,12,0,23,6,4,-79.855,-34.9309
23.3,13,2,23,6,10,-76.397,-36.0382
23.3,14,2,23,6,5,-75.2033,-30.3119
23.4,0,0,23,6,11,-74.5248,-26.619
23.4,1,1,23,6,11,-74.8594,-26.0936
23.4,2,2,23,6,11,-75.1981,-26.1356
23.4,3,0,23,6,11,-75.8104,-26.2481
23.4,4,2,23,6,12,-76.4828,-26.6144
23.4,5,1,23,6,11,-77.5137,-26.9754
23.4,6,0,23,6,13,-71.8072,-29.3671
23.4,7,2,23,6,11,-78.5493,-28.1183
23.4,8,1,23,6,12,-72.4095,-32.9995
23.4,9,0,23,6,11,-74.2502,-31.1431
23.4,10,1,23,6,2,-79.636,-7.43108
23.4,11,1,23,6,11,-75.2522,-33.6572
23.4,12,0,23,6,4,-79.7476,-34.7668
23.4,13,2,23,6,10,-76.2788,-36.4854
23.4,14,2,23,6,5,-75.087,-30.0902
23.5,0,0,23,6,11,-74.4184,-26.797
23.5,1,1,23,6,11,-74.8061,-26.2633
23.5,2,2,23,6,11,-75.1047,-25.9881
23.5,3,0,23,6,11,-75.7959,-26.395
23.5,4,2,23,6,12,-76.3133,-26.4215
23.5,5,1,23,6,11,-77.4508,-27.0708
23.5,6,0,23,6,13,-71.7565,-30.1139
23.5,7,2,23,6,11,-78.4413,-28.1712
23.5,8,1,23,6,12,-72.3331,-33.6264
23.5,9,0,23,6,11,-74.0554,-30.9733
23.5,10,1,23,6,2,-79.7475,-7.81799
23.5,11,1,23,6,11,-75.0793,-34.0811
23.5,12,0,23,6,4,-79.6405,-34.5863
23.5,13,2,23,6,10,-76.1537,-36.944
23.5,14,2,23,6,5,-74.9666,-29.8507
23.6,0,0,23,6,11,-75.8048,-26.9617
23.6,1,1,23,6,11,-74.7474,-26.4271
23.6,2,2,23,6,11,-76.9061,-24.9868
23.6,3,0,23,6,11,-75.7813,-26.5399
23.6,4,2,23,6,12,-76.1381,-26.2192
23.6,5,1,23,6,11,-77.3876,-27.1607
23.6,6,0,23,6,13,-71.7028,-30.8704
23.6,7,2,23,6,11,-78.3323,-28.2181
23.6,8,1,23,6,12,-72.2533,-34.2676
23.6,9,0,23,6,11,-77.1908,-30.7668
23.6,10,1,23,6,2,-79.8416,-8.17747
23.6,11,1,23,6,11,-74.8969,-34.5132
23.6,12,0,23,6,4,-79.5304,-34.3842
23.6,13,2,23,6,10,-76.0207,-37.4136
23.6,14,2,23,6,5,-74.8444,-29.6004
23.7,0,0,23,6,11,-75.7395,-27.1227
23.7,1,1,23,6,11,-74.6834,-26.5847
23.7,2,2,23,6,11,-76.8503,-24.8357
23.7,3,0,23,6,11,-75.7678,-26.6859
23.7,4,2,23,6,12,-75.9583,-26.0058
23.7,5,1,23,6,11,-77.3251,-27.2453
23.7,6,0,23,6,13,-71.6478,-31.7359
23.7,7,2,23,6,11,-78.223,-28.2587
23.7,8,1,23,6,12,-73.0169,-34.9169
23.7,9,0,23,6,11,-77.0183,-30.5578
23.7,10,1,23,6,2,-79.9466,-8.54797
23.7,11,1,23,6,11,-74.7054,-34.948
23.7,12,0,23,6,4,-79.4195,-34.1664
23.7,13,2,23,6,10,-75.8794,-37.8886
23.7,14,2,23,6,5,-76.3949,-28.2395
23.8,0,0,23,6,11,-75.667,-27.2732
23.8,1,1,23,6,11,-74.6141,-26.7338
23.8,2,2,23,6,11,-76.7856,-24.6754
23.8,3,0,23,6,11,-75.7538,-26.8292
23.8,4,2,23,6,12,-75.7728,-25.7816
23.8,5,1,23,6,11,-77.2635,-27.3227
23.8,6,0,23,6,13,-71.5911,-32.635
23.8,7,2,23,6,11,-78.1139,-28.2913
23.8,8,1,23,6,12,-72.9624,-35.5704
23.8,9,0,23,6,11,-76.8394,-30.332
23.8,10,1,23,6,2,-80.0572,-8.92309
23.8,11,1,23,6,11,-74.5049,-35.3803
23.8,12,0,23,6,4,-79.3062,-33.9313
23.8,13,2,23,6,10,-75.7292,-38.3635
23.8,14,2,23,6,5,-76.3329,-27.841
23.9,0,0,23,6,11,-75.5833,-27.3904
23.9,1,1,23,6,11,-74.5355,-26.852
23.9,2,2,23,6,11,-76.7114,-24.5061
23.9,3,0,23,6,11,-75.7336,-26.9457
23.9,4,2,23,6,12,-75.5805,-25.5457
23.9,5,1,23,6,11,-77.1983,-27.3708
23.9,6,0,23,6,13,-71.5263,-33.5111
23.9,7,2,23,6,11,-78.0014,-28.2931
23.9,8,1,23,6,12,-72.9049,-36.2164
23.9,9,0,23,6,11,-76.6525,-30.092
23.9,10,1,23,6,2,-80.1597,-9.27988
23.9,11,1,23,6,11,-74.2952,-35.7998
23.9,12,0,23,6,4,-79.1927,-33.695
23.9,13,2,23,6,10,-75.5705,-38.8278
23.9,14,2,23,6,5,-76.2754,-27.4523
24,0,0,23,6,11,-75.4896,-27.4718
24,1,1,23,6,11,-74.4476,-26.9357
24,2,2,23,6,11,-76.6278,-24.6204
24,3,0,23,6,11,-75.707,-27.0311
24,4,2,23,6,13,-75.3811,-25.297
24,5,1,23,6,11,-77.1306,-27.3874
24,6,0,23,6,13,-71.4544,-34.3647
24,7,2,23,6,11,-77.8859,-28.2615
24,8,1,23,6,13,-72.8449,-36.8496
24,9,0,23,6,11,-76.4581,-29.9338
24,10,1,23,6,2,-80.2683,-9.63781
24,11,1,23,6,11,-74.0762,-36.1999
24,12,0,23,6,5,-79.0791,-33.4543
24,13,2,23,6,11,-75.4035,-39.2756
24,14,2,23,6,5,-76.2256,-27.0748
24.1,0,2,23,6,11,-75.3862,-27.5152
24.1,1,1,23,6,11,-75.8827,-26.9795
24.1,2,0,23,6,11,-76.5343,-24.7424
24.1,3,2,23,6,11,-75.673,-27.0818
24.1,4,2,23,6,13,-77.1251,-23.3996
24.1,5,1,23,6,11,-77.06,-27.37
24.1,6,1,23,6,13,-71.3753,-35.1816
24.1,7,0,23,6,11,-77.7673,-28.1949
24.1,8,0,23,6,13,-72.7822,-37.546
24.1,9,2,23,6,11,-78.9325,-29.4908
24.1,10,0,23,6,2,-80.3684,-9.97708
24.1,11,1,23,6,11,-75.1834,-35.6695
24.1,12,1,23,6,5,-78.9658,-33.2099
24.1,13,0,23,6,11,-75.2279,-39.6995
24.1,14,2,23,6,5,-76.1803,-26.7173
24.2,0,2,23,6,11,-75.2732,-27.515
24.2,1,1,23,6,11,-75.8285,-26.9842
24.2,2,0,23,6,11,-76.4311,-24.8011
24.2,3,2,23,6,11,-75.631,-27.0911
24.2,4,2,23,6,13,-76.9471,-23.1177
24.2,5,1,23,6,11,-76.9883,-27.3154
24.2,6,1,23,6,13,-71.2894,-35.9573
24.2,7,0,23,6,11,-77.6452,-28.0873
24.2,8,0,23,6,13,-72.7171,-38.268
24.2,9,2,23,6,11,-78.7861,-29.3519
24.2,10,0,23,6,2,-80.4745,-10.3159
24.2,11,1,23,6,11,-74.9411,-36.0444
24.2,12,1,23,6,5,-78.8526,-32.9573
24.2,13,0,23,6,11,-75.044,-40.09
24.2,14,2,23,6,5,-76.1429,-26.3838
24.3,0,2,23,6,11,-75.1507,-27.4686
24.3,1,1,23,6,11,-75.7665,-26.9429
24.3,2,0,23,6,11,-76.3171,-24.7926
24.3,3,2,23,6,11,-75.5798,-27.0549
24.3,4,2,23,6,13,-76.7604,-22.825
24.3,5,1,23,6,11,-76.9144,-27.2197
24.3,6,1,23,6,13,-71.1957,-36.6703
24.3,7,0,23,6,11,-77.5188,-27.9358
24.3,8,0,23,6,13,-72.6492,-38.9514
24.3,9,2,23,6,11,-78.6351,-29.1678
24.3,10,0,23,6,2,-80.5723,-10.6351
24.3,11,1,23,6,11,-74.6887,-36.3557
24.3,12,1,23,6,5,-78.7399,-32.6947
24.3,13,0,23,6,11,-74.8516,-40.4364
24.3,14,2,23,6,5,-76.1109,-26.0789
24.4,0,2,23,6,11,-75.0185,-27.3669
24.4,1,1,23,6,11,-75.6958,-26.8465
24.4,2,0,23,6,11,-76.1917,-24.7018
24.4,3,2,23,6,11,-75.5182,-26.9635
24.4,4,2,23,6,13,-76.5663,-22.5268
24.4,5,1,23,6,11,-76.8374,-27.0745
24.4,6,1,23,6,13,-71.0937,-37.3077
24.4,7,0,23,6,11,-77.3878,-27.7321
24.4,8,0,23,6,13,-72.5782,-39.5828
24.4,9,2,23,6,11,-78.4788,-28.9297
24.4,10,0,23,6,2,-80.6759,-10.9515
24.4,11,1,23,6,11,-74.4289,-36.5416
24.4,12,1,23,6,5,-78.6283,-32.4179
24.4,13,0,23,6,11,-74.6507,-40.6895
24.4,14,2,23,6,5,-76.0875,-25.8111
24.5,0,2,23,6,11,-74.876,-27.2067
24.5,1,1,23,6,11,-75.6162,-26.6921
24.5,2,0,23,6,11,-76.0545,-24.5239
24.5,3,2,23,6,11,-75.4454,-26.8132
24.5,4,2,23,6,13,-76.3641,-22.2208
24.5,5,1,23,6,11,-76.7566,-26.8765
24.5,6,1,23,6,13,-70.9834,-37.8667
24.5,7,0,23,6,11,-77.2516,-27.4733
24.5,8,0,23,6,13,-72.504,-40.1601
24.5,9,2,23,6,11,-78.3171,-28.635
24.5,10,0,23,6,2,-80.7686,-11.2265
24.5,11,1,23,6,11,-74.1606,-36.5953
24.5,12,1,23,6,5,-78.5178,-32.1228
24.5,13,0,23,6,11,-74.4409,-40.8473
24.5,14,2,23,6,5,-76.0769,-25.5895
24.6,0,2,23,6,11,-74.7232,-26.9826
24.6,1,1,23,6,11,-75.5267,-26.4733
24.6,2,0,23,6,11,-75.9074,-24.2577
24.6,3,2,23,6,11,-75.3604,-26.597
24.6,4,2,23,6,13,-76.1524,-21.907
24.6,5,1,23,6,11,-79.8142,-24.4426
24.6,6,1,23,6,13,-71.4941,-38.2481
24.6,7,0,23,6,11,-77.1097,-27.1539
24.6,8,0,23,6,13,-72.4278,-40.6879
24.6,9,2,23,6,11,-78.1492,-28.2777
24.6,10,0,23,6,2,-80.865,-11.4814
24.6,11,1,23,6,11,-73.8838,-36.5844
24.6,12,1,23,6,5,-78.4086,-31.8068
24.6,13,0,23,6,11,-74.2224,-41.0158
24.6,14,2,23,6,5,-76.0811,-25.418
24.7,0,2,23,6,11,-74.5599,-26.6983
24.7,1,1,23,6,11,-77.5508,-24.1914
24.7,2,0,23,6,11,-75.75,-23.9068
24.7,3,2,23,6,11,-77.2601,-24.2359
24.7,4,2,23,6,13,-78.3487,-19.2589
24.7,5,1,23,6,11,-79.7567,-24.0638
24.7,6,1,23,6,13,-72.9221,-35.7713
24.7,7,0,23,6,11,-76.9618,-26.7779
24.7,8,0,23,6,13,-72.3493,-41.163
24.7,9,2,23,6,11,-77.9752,-27.8623
24.7,10,0,23,6,2,-77.3176,-16.1239
24.7,11,1,23,6,11,-74.8456,-36.5081
24.7,12,1,23,6,5,-75.9647,-31.4705
24.7,13,0,23,6,11,-73.9953,-41.3
24.7,14,2,23,6,5,-76.0984,-25.2898
24.8,0,2,23,6,11,-75.9845,-26.3461
24.8,1,1,23,6,11,-77.4491,-23.7517
24.8,2,0,23,6,11,-75.5821,-23.4689
24.8,3,2,23,6,11,-77.1547,-23.799
24.8,4,2,23,6,13,-78.2207,-18.8883
24.8,5,1,23,6,11,-79.7055,-23.615
24.8,6,1,23,6,13,-73.7823,-35.8024
24.8,7,0,23,6,11,-80.0649,-23.8998
24.8,8,0,23,6,13,-72.2693,-41.581
24.8,9,2,23,6,11,-77.7946,-27.3872
24.8,10,0,23,6,2,-77.5327,-16.3771
24.8,11,1,23,6,11,-76.2655,-36.1631
24.8,12,1,23,6,5,-76.0251,-31.1105
24.8,13,0,23,6,11,-73.7589,-41.521
24.8,14,2,23,6,5,-76.1283,-25.2035
24.9,0,2,23,6,11,-75.8591,-25.9503
24.9,1,1,23,6,11,-77.3428,-23.2462
24.9,2,0,23,6,11,-77.6082,-22.948
24.9,3,2,23,6,11,-77.0414,-23.2942
24.9,4,2,23,6,13,-78.0827,-18.5035
24.9,5,1,23,6,11,-79.6588,-23.1089
24.9,6,1,23,6,13,-73.6363,-35.7639
24.9,7,0,23,6,11,-79.9699,-23.3183
24.9,8,0,23,6,13,-72.1875,-41.9441
24.9,9,2,23,6,11,-77.6083,-26.8652
24.9,10,0,23,6,2,-77.7444,-16.6274
24.9,11,1,23,6,11,-78.6666,-27.9265
24.9,12,1,23,6,5,-76.0762,-30.7302
24.9,13,0,23,6,11,-73.5136,-41.6813
24.9,14,2,23,6,5,-76.1687,-25.1454
25,0,2,23,6,11,-75.7222,-25.5606
25,1,1,23,6,11,-77.2263,-22.7488
25,2,0,23,6,11,-77.4972,-22.4392
25,3,2,23,6,11,-76.9147,-22.7938
25,4,2,23,6,13,-77.9328,-18.104
25,5,1,23,6,11,-79.6068,-22.6171
25,6,1,23,6,13,-73.4836,-35.6563
25,7,0,23,6,11,-79.8698,-22.7521
25,8,0,23,6,13,-72.094,-42.2454
25,9,2,23,6,11,-77.4141,-26.3574
25,10,0,23,6,2,-77.9525,-16.8724
25,11,1,23,6,11,-78.4458,-27.3714
25,12,1,23,6,5,-76.1203,-30.3684
25,13,0,23,6,11,-73.2589,-41.7882
25,14,2,23,6,5,-76.2177,-25.1037
25.1,0,2,23,6,11,-75.5758,-25.1906
25.1,1,1,23,6,11,-77.0997,-22.2746
25.1,2,0,23,6,11,-77.3723,-21.9481
25.1,3,2,23,6,11,-76.7751,-22.3139
25.1,4,2,23,6,13,-77.7691,-17.6889
25.1,5,1,23,6,11,-79.5482,-22.1526
25.1,6,1,23,6,13,-73.3238,-35.4807
25.1,7,0,23,6,11,-79.7642,-22.2158
25.1,8,0,23,6,13,-71.989,-42.4868
25.1,9,2,23,6,11,-77.213,-25.8761
25.1,10,0,23,6,2,-78.1558,-17.1112
25.1,11,1,23,6,11,-78.219,-26.8442
25.1,12,1,23,6,5,-76.1577,-30.0281
25.1,13,0,23,6,11,-72.9949,-41.8432
25.1,14,2,23,6,5,-76.2734,-25.0719
25.2,0,2,23,6,11,-77.5875,-22.5229
25.2,1,1,23,6,11,-76.9632,-21.8363
25.2,2,0,23,6,11,-77.234,-21.4878
25.2,3,2,23,6,11,-76.6219,-21.8659
25.2,4,2,23,6,13,-77.59,-17.2566
25.2,5,1,23,6,11,-79.4817,-21.7257
25.2,6,1,23,6,13,-74.3098,-24.5491
25.2,7,0,23,6,11,-79.6525,-21.7214
25.2,8,0,23,6,13,-71.872,-42.6734
25.2,9,2,23,6,11,-77.0048,-25.4295
25.2,10,0,23,6,2,-78.3544,-17.3441
25.2,11,1,23,6,11,-77.9864,-26.3545
25.2,12,1,23,6,5,-76.1888,-29.7099
25.2,13,0,23,6,11,-72.7217,-41.8512
25.2,14,2,23,6,5,-76.3346,-25.0467
25.3,0,2,23,6,11,-77.4392,-22.1333
25.3,1,1,23,6,11,-76.816,-21.4482
25.3,2,0,23,6,11,-77.0817,-21.0733
25.3,3,2,23,6,11,-79.3778,-21.4513
25.3,4,2,23,6,13,-77.3955,-16.8166
25.3,5,1,23,6,11,-79.4058,-21.3497
25.3,6,1,23,6,13,-75.6568,-22.0034
25.3,7,0,23,6,11,-79.5349,-21.2844
25.3,8,0,23,6,13,-71.7423,-42.8889
25.3,9,2,23,6,11,-80.1946,-22.2621
25.3,10,0,23,6,2,-78.5476,-17.5702
25.3,11,1,23,6,11,-77.7474,-25.9124
25.3,12,1,23,6,5,-76.2139,-29.4322
25.3,13,0,23,6,11,-73.3787,-40.6355
25.3,14,2,23,6,5,-76.3985,-25.0499
25.4,0,2,23,6,11,-77.2812,-21.813
25.4,1,1,23,6,11,-76.6579,-21.1269
25.4,2,0,23,6,11,-76.915,-20.7219
25.4,3,2,23,6,11,-79.2801,-21.1116
25.4,4,2,23,6,13,-81.3315,-16.4806
25.4,5,1,23,6,11,-79.3181,-21.0388
25.4,6,1,23,6,13,-75.5181,-21.6944
25.4,7,0,23,6,11,-79.4095,-20.9204
25.4,8,0,23,6,13,-71.5985,-43.1963
25.4,9,2,23,6,11,-80.0414,-21.8461
25.4,10,0,23,6,2,-78.7355,-17.7911
25.4,11,1,23,6,11,-77.5024,-25.5307
25.4,12,1,23,6,5,-76.2335,-29.2076
25.4,13,0,23,6,11,-74.2719,-40.5353
25.4,14,2,23,6,5,-76.4636,-25.0901
25.5,0,2,23,6,11,-77.1133,-21.5701
25.5,1,1,23,6,11,-76.488,-20.8802
25.5,2,0,23,6,11,-76.7332,-20.441
25.5,3,2,23,6,11,-79.1674,-20.8422
25.5,4,2,23,6,13,-81.4092,-16.5702
25.5,5,1,23,6,11,-79.2172,-20.7996
25.5,6,1,23,6,13,-75.3684,-21.3782
25.5,7,0,23,6,11,-79.275,-20.6352
25.5,8,0,23,6,13,-71.4395,-43.5119
25.5,9,2,23,6,11,-79.8785,-21.5039
25.5,10,0,23,6,1,-78.9183,-11.9723
25.5,11,1,23,6,11,-77.2504,-25.2141
25.5,12,1,23,6,5,-76.2483,-29.0398
25.5,13,0,23,6,11,-74.0037,-40.4133
25.5,14,2,23,6,4,-76.5291,-25.1656
25.6,0,2,23,6,11,-76.9355,-21.4093
25.6,1,1,23,6,11,-76.306,-20.7122
25.6,2,0,23,6,11,-76.5363,-20.2365
25.6,3,2,23,6,11,-79.0389,-20.6477
25.6,4,2,23,6,13,-81.4825,-16.6588
25.6,5,1,23,6,11,-79.1016,-20.6351
25.6,6,1,23,6,13,-75.2072,-21.0542
25.6,7,0,23,6,11,-79.1308,-20.4338
25.6,8,0,23,6,13,-71.2647,-43.8192
25.6,9,2,23,6,11,-79.7049,-21.2389
25.6,10,0,23,6,1,-79.0957,-12.3411
25.6,11,1,23,6,11,-76.9919,-24.9659
25.6,12,2,23,6,5,-76.2591,-28.9311
25.6,13,0,23,6,11,-73.7284,-40.2716
25.6,14,1,23,6,4,-76.594,-25.2742
25.7,0,2,23,6,11,-76.7486,-21.3226
25.7,1,1,23,6,11,-78.856,-20.5967
25.7,2,0,23,6,11,-76.325,-20.0998
25.7,3,2,23,6,11,-78.8954,-20.5199
25.7,4,2,23,6,13,-81.5512,-16.7453
25.7,5,1,23,6,11,-78.9719,-20.5363
25.7,6,1,23,6,13,-77.0498,-19.0919
25.7,7,0,23,6,11,-78.9779,-20.3075
25.7,8,0,23,6,13,-71.0752,-44.0993
25.7,9,2,23,6,11,-79.5213,-21.0416
25.7,10,0,23,6,1,-79.2682,-12.7033
25.7,11,1,23,6,11,-80.1797,-22.0644
25.7,12,2,23,6,5,-76.2657,-28.8747
25.7,13,0,23,6,11,-74.7152,-38.2534
25.7,14,1,23,6,4,-76.6586,-25.4146
25.8,0,2,23,6,11,-76.5535,-21.197
25.8,1,1,23,6,11,-78.7161,-20.4534
25.8,2,0,23,6,11,-76.1007,-19.9194
25.8,3,2,23,6,11,-78.7381,-20.3402
25.8,4,2,23,6,13,-81.6148,-16.828
25.8,5,1,23,6,11,-78.8291,-20.3819
25.8,6,1,23,6,13,-76.937,-18.749
25.8,7,0,23,6,11,-78.8176,-20.131
25.8,8,0,23,6,13,-70.8727,-44.3204
25.8,9,2,23,6,11,-79.329,-20.7825
25.8,10,0,23,6,1,-79.4353,-13.0576
25.8,11,1,23,6,11,-79.972,-21.7634
25.8,12,2,23,6,5,-76.2688,-28.82
25.8,13,0,23,6,11,-74.4131,-38.3218
25.8,14,1,23,6,4,-76.7263,-25.6193
25.9,0,2,23,6,11,-76.3517,-21.1085
25.9,1,1,23,6,11,-78.5668,-20.3437
25.9,2,0,23,6,11,-75.8647,-19.7705
25.9,3,2,23,6,11,-78.569,-20.1896
25.9,4,2,23,6,13,-81.6748,-16.9074
25.9,5,1,23,6,11,-78.6748,-20.2548
25.9,6,1,23,6,13,-76.8068,-18.4003
25.9,7,0,23,6,11,-78.6557,-19.9992
25.9,8,0,23,6,13,-70.1512,-44.4579
25.9,9,2,23,6,11,-79.1296,-20.5551
25.9,10,0,23,6,1,-79.5974,-13.404
25.9,11,1,23,6,11,-79.7579,-21.4896
25.9,12,2,23,6,5,-76.2676,-28.788
25.9,13,0,23,6,11,-74.1035,-38.3176
25.9,14,1,23,6,4,-75.0024,-26.6672
26,0,2,23,6,11,-78.7633,-21.0903
26,1,1,23,6,11,-78.402,-20.3235
26,2,0,23,6,11,-83.2511,-2.00672
26,3,2,23,6,11,-78.3808,-20.1241
26,4,2,23,6,13,-81.7308,-16.9826
26,5,1,23,6,11,-78.5004,-20.2097
26,6,1,23,6,13,-76.6681,-18.0373
26,7,0,23,6,11,-78.4807,-19.9651
26,8,0,23,6,13,-70.4999,-44.3868
26,9,2,23,6,11,-78.9094,-20.4158
26,10,0,23,6,1,-79.7542,-13.7423
26,11,1,23,6,11,-79.4825,-21.2991
26,12,2,23,6,5,-76.2628,-28.8265
26,13,0,23,6,11,-77.0788,-25.3077
26,14,1,23,6,4,-75.1362,-26.9485
26.1,0,2,23,6,11,-78.6156,-21.0543
26.1,1,1,23,6,11,-78.2343,-20.2603
26.1,2,0,23,6,11,-83.2052,-1.60793
26.1,3,2,23,6,11,-78.1868,-20.0112
26.1,4,2,23,6,13,-81.7828,-17.0525
26.1,5,1,23,6,11,-78.3203,-20.1141
26.1,6,1,23,6,13,-79.6444,-14.2257
26.1,7,0,23,6,11,-78.308,-19.8941
26.1,8,0,23,6,13,-70.3226,-44.2814
26.1,9,2,23,6,11,-78.688,-20.2338
26.1,10,0,23,6,1,-79.9063,-14.072
26.1,11,1,23,6,11,-79.2569,-21.0819
26.1,12,2,23,6,5,-76.2529,-28.8452
26.1,13,0,23,6,11,-80.1581,-22.5855
26.1,14,1,23,6,4,-75.2662,-27.2122
26.2,0,2,23,6,11,-78.4691,-20.9485
26.2,1,1,23,6,11,-78.0662,-20.1235
26.2,2,0,23,6,11,-83.1594,-1.2197
26.2,3,2,23,6,11,-83.4352,-1.82892
26.2,4,2,23,6,13,-81.8307,-17.116
26.2,5,1,23,6,11,-78.1367,-19.9373
26.2,6,1,23,6,13,-79.7294,-14.2575
26.2,7,0,23,6,11,-83.646,-1.95426
26.2,8,0,23,6,13,-71.2815,-43.9526
26.2,9,2,23,6,11,-78.4678,-19.9801
26.2,10,0,23,6,1,-80.0535,-14.3922
26.2,11,1,23,6,11,-79.031,-20.7877
26.2,12,2,23,6,5,-76.237,-28.8252
26.2,13,0,23,6,11,-79.9158,-22.2483
26.2,14,1,23,6,4,-75.3913,-27.438
26.3,0,2,23,6,11,-78.3265,-20.7508
26.3,1,1,23,6,11,-83.3113,-1.64385
26.3,2,0,23,6,11,-83.1136,-0.846744
26.3,3,2,23,6,11,-83.3898,-1.46199
26.3,4,2,23,6,13,-81.8745,-17.181
26.3,5,1,23,6,11,-83.4847,-1.64697
26.3,6,1,23,6,13,-79.8161,-14.3004
26.3,7,0,23,6,11,-83.594,-1.63664
26.3,8,0,23,6,13,-72.6485,-37.6944
26.3,9,2,23,6,11,-78.2506,-19.6339
26.3,10,0,23,6,1,-80.1961,-14.7113
26.3,11,1,23,6,11,-78.8064,-20.3965
26.3,12,2,23,6,5,-76.2155,-28.8091
26.3,13,0,23,6,11,-79.6738,-21.8146
26.3,14,1,23,6,4,-75.5115,-27.6125
26.4,0,2,23,6,11,-78.19,-20.4518
26.4,1,1,23,6,11,-83.2691,-1.33829
26.4,2,0,23,6,11,-83.0678,-0.494055
26.4,3,2,23,6,11,-83.3439,-1.11315
26.4,4,2,23,6,13,-81.9142,-17.2433
26.4,5,1,23,6,11,-83.4425,-1.31208
26.4,6,1,23,6,13,-79.9046,-14.3514
26.4,7,0,23,6,11,-83.5432,-1.3404
26.4,8,0,23,6,13,-73.4971,-37.4196
26.4,9,2,23,6,11,-83.8391,-1.53456
26.4,10,0,23,6,1,-80.3339,-15.0249
26.4,11,1,23,6,11,-78.5836,-19.9015
26.4,12,2,23,6,5,-76.1883,-29.0695
26.4,13,0,23,6,11,-79.4319,-21.2785
26.4,14,1,23,6,4,-75.6267,-27.8698
26.5,0,2,23,6,11,-78.0613,-20.0455
26.5,1,1,23,6,11,-83.2269,-1.05702
26.5,2,0,23,6,11,-83.0217,-0.165102
26.5,3,2,23,6,11,-83.2975,-0.785497
26.5,4,2,23,6,13,-81.9502,-17.3011
26.5,5,1,23,6,11,-83.3999,-0.995722
26.5,6,1,23,6,13,-79.9946,-14.4086
26.5,7,0,23,6,11,-83.4932,-1.06578
26.5,8,0,23,6,13,-73.368,-37.1265
26.5,9,2,23,6,11,-83.77,-1.1946
26.5,10,0,23,6,1,-80.4672,-15.3318
26.5,11,1,23,6,11,-78.3637,-19.2999
26.5,12,2,23,6,5,-76.155,-29.3911
26.5,13,0,23,6,11,-79.1906,-20.6393
26.5,14,1,23,6,4,-75.7374,-28.3494
26.6,0,0,23,6,11,-83.1667,-1.50598
26.6,1,1,23,18,11,-83.1843,-0.802011
26.6,2,2,23,6,11,-82.9753,0.137121
26.6,3,0,23,18,11,-83.2504,-0.481186
26.6,4,2,23,6,13,-81.9813,-17.3513
26.6,5,1,23,6,11,-83.3567,-0.700448
26.6,6,1,23,6,13,-80.0856,-14.4705
26.6,7,2,23,18,11,-83.4444,-0.814337
26.6,8,0,23,6,13,-76.0485,-19.293
26.6,9,0,23,9,11,-83.7005,-0.883757
26.6,10,2,23,6,1,-80.5967,-15.631
26.6,11,1,23,6,11,-84.0692,-1.44465
26.6,12,2,23,6,5,-76.1159,-29.7679
26.6,13,0,23,6,11,-78.9496,-19.9028
26.6,14,1,23,6,4,-75.8435,-28.8836
26.7,0,0,23,6,11,-83.1251,-1.30573
26.7,1,1,23,18,11,-83.1417,-0.573258
26.7,2,2,23,6,11,-82.9287,0.413397
26.7,3,0,23,18,11,-83.2029,-0.200582
26.7,4,2,23,6,13,-82.0082,-17.4032
26.7,5,1,23,6,11,-83.3128,-0.425294
26.7,6,1,23,6,13,-80.1775,-14.5459
26.7,7,2,23,18,11,-83.3965,-0.585039
26.7,8,0,23,6,13,-75.9721,-19.037
26.7,9,0,23,9,11,-83.6313,-0.602939
26.7,10,2,23,6,1,-80.7235,-15.9315
26.7,11,1,23,6,11,-84.0001,-1.12402
26.7,12,2,23,6,5,-76.0732,-30.201
26.7,13,0,23,6,11,-78.7093,-19.0825
26.7,14,1,23,6,4,-75.945,-29.4713
26.8,0,0,23,6,11,-83.0829,-1.13204
26.8,1,1,23,18,11,-83.0985,-0.371413
26.8,2,2,23,6,11,-82.8814,0.662582
26.8,3,0,23,18,11,-83.1546,0.0553291
26.8,4,2,23,6,13,-82.0302,-17.4415
26.8,5,1,23,6,11,-83.2676,-0.170996
26.8,6,1,23,6,13,-80.2683,-14.6184
26.8,7,2,23,18,11,-83.3496,-0.378337
26.8,8,0,23,6,13,-75.8838,-18.7881
26.8,9,0,23,9,11,-83.5638,-0.357558
26.8,10,2,23,6,1,-80.8466,-16.2192
26.8,11,1,23,6,11,-83.9304,-0.824031
26.8,12,2,23,6,5,-76.0247,-30.6861
26.8,13,0,23,6,11,-78.4695,-18.1887
26.8,14,1,23,6,4,-76.0427,-30.1107
26.9,0,0,23,6,11,-83.04,-0.982582
26.9,1,1,23,18,11,-83.0547,-0.195032
26.9,2,2,23,6,11,-82.8334,0.886055
26.9,3,0,23,18,11,-83.1054,0.287857
26.9,4,2,23,6,13,-82.0474,-17.4614
26.9,5,1,23,6,11,-83.2209,0.065261
26.9,6,1,23,6,13,-80.3526,-14.814
26.9,7,2,23,18,11,-83.3039,-0.19259
26.9,8,0,23,6,13,-78.2353,-12.3568
26.9,9,0,23,9,11,-83.498,-0.144265
26.9,10,2,23,6,1,-80.9661,-16.4904
26.9,11,1,23,6,11,-83.8598,-0.543008
26.9,12,2,23,6,5,-75.97,-31.2184
26.9,13,0,23,6,11,-84.3745,-1.29338
26.9,14,1,23,6,4,-76.1364,-30.7969
27,0,0,23,6,11,-82.994,-0.861711
27,1,1,23,18,11,-83.0078,-0.0490126
27,2,2,23,6,11,-82.7817,1.07978
27,3,0,23,18,11,-83.0528,0.491826
27,4,2,23,6,13,-82.0552,-17.4872
27,5,1,23,6,11,-83.1698,0.278796
27,6,1,23,6,13,-80.4212,-15.0623
27,7,2,23,18,11,-83.2564,-0.0326682
27,8,0,23,6,13,-78.2643,-12.5996
27,9,0,23,9,11,-83.4309,0.0327274
27,10,2,23,6,1,-81.0813,-16.7658
27,11,1,23,6,11,-83.7862,-0.28825
27,12,2,23,6,5,-75.9091,-31.7963
27,13,0,23,6,11,-84.2998,-0.971499
27,14,1,23,6,4,-76.2129,-31.515
27.1,0,0,23,6,11,-82.9456,-0.762352
27.1,1,1,23,18,11,-82.9583,0.0741677
27.1,2,2,23,6,11,-82.727,1.25095
27.1,3,0,23,6,11,-82.9973,0.674326
27.1,4,2,23,6,13,-82.0555,-17.5214
27.1,5,1,23,6,11,-83.1151,0.477118
27.1,6,1,23,6,13,-80.4764,-15.2999
27.1,7,2,23,24,11,-83.2081,0.108626
27.1,8,0,23,6,13,-78.283,-12.8406
27.1,9,0,23,18,11,-83.3633,0.182008
27.1,10,2,23,6,1,-81.1922,-17.0473
27.1,11,1,23,6,11,-83.7103,-0.0537562
27.1,12,2,23,6,5,-75.8427,-32.4234
27.1,13,0,23,6,11,-84.2224,-0.661341
27.1,14,1,23,6,4,-76.2769,-32.2731
27.2,0,0,23,6,11,-82.8952,-0.677103
27.2,1,1,23,18,11,-82.9068,0.181391
27.2,2,2,23,6,11,-82.6699,1.40655
27.2,3,0,23,6,11,-82.9393,0.842444
27.2,4,2,23,6,13,-82.0494,-17.5638
27.2,5,1,23,6,11,-83.0571,0.667387
27.2,6,1,23,6,13,-80.5193,-15.5303
27.2,7,2,23,24,11,-83.159,0.238863
27.2,8,0,23,6,13,-78.295,-13.0848
27.2,9,0,23,18,11,-83.2956,0.312014
27.2,10,2,23,6,1,-81.299,-17.3349
27.2,11,1,23,6,11,-83.6324,0.165743
27.2,12,2,23,6,5,-75.7714,-33.1028
27.2,13,0,23,6,11,-84.1428,-0.358047
27.2,14,1,23,6,4,-76.3316,-33.0774
27.3,0,0,23,6,11,-82.8431,-0.598711
27.3,1,1,23,18,11,-82.8537,0.279823
27.3,2,2,23,6,11,-82.6109,1.55379
27.3,3,0,23,6,11,-82.8795,1.00245
27.3,4,2,23,6,13,-82.038,-17.6624
27.3,5,1,23,6,11,-82.9967,0.855071
27.3,6,1,23,6,13,-80.5516,-15.7522
27.3,7,2,23,24,11,-83.1088,0.365554
27.3,8,0,23,6,13,-78.3036,-13.3312
27.3,9,0,23,18,11,-83.2281,0.4312
27.3,10,2,23,6,1,-81.4014,-17.6245
27.3,11,1,23,6,11,-83.5527,0.375171
27.3,12,2,23,6,5,-75.6976,-33.84
27.3,13,0,23,6,11,-84.0612,-0.057648
27.3,14,1,23,6,4,-76.3778,-33.9325
27.4,0,0,23,6,11,-82.79,-0.521364
27.4,1,1,23,18,11,-82.7996,0.375319
27.4,2,2,23,6,11,-82.5505,1.69971
27.4,3,0,23,6,11,-82.8183,1.15981
27.4,4,2,23,6,13,-82.0224,-17.8346
27.4,5,1,23,6,11,-82.9346,1.04473
27.4,6,1,23,6,13,-80.5747,-15.966
27.4,7,2,23,24,11,-83.0579,0.49539
27.4,8,0,23,6,13,-78.3119,-13.5795
27.4,9,0,23,18,11,-83.1613,0.546989
27.4,10,2,23,6,1,-81.4996,-17.9144
27.4,11,1,23,6,11,-83.4722,0.577711
27.4,12,2,23,6,5,-75.6238,-34.6437
27.4,13,0,23,6,11,-83.9782,0.242814
27.4,14,1,23,6,4,-76.4166,-34.8461
27.5,0,0,23,6,11,-82.7357,-0.438246
27.5,1,1,23,18,11,-82.7443,0.474871
27.5,2,2,23,6,11,-82.4886,1.85066
27.5,3,0,23,6,11,-82.7557,1.32131
27.5,4,2,23,6,13,-82.0031,-18.0051
27.5,5,1,23,6,11,-82.871,1.24296
27.5,6,1,23,6,13,-80.5916,-16.1735
27.5,7,2,23,24,11,-83.0058,0.635094
27.5,8,0,23,6,13,-78.3221,-13.8279
27.5,9,0,23,18,11,-83.0953,0.667099
27.5,10,2,23,6,1,-81.5933,-18.2012
27.5,11,1,23,6,11,-83.3906,0.778417
27.5,12,2,23,6,5,-75.5517,-35.5205
27.5,13,0,23,6,11,-83.8941,0.546484
27.5,14,1,23,6,4,-76.4481,-35.8238
27.6,0,0,23,6,11,-82.6804,-0.344812
27.6,1,1,23,18,11,-82.6879,0.583294
27.6,2,2,23,6,11,-82.4254,2.0124
27.6,3,0,23,6,11,-82.6919,1.49081
27.6,4,2,23,6,13,-81.9805,-18.1775
27.6,5,1,23,6,11,-82.806,1.45297
27.6,6,1,23,6,13,-80.6028,-16.3782
27.6,7,2,23,24,11,-82.9522,0.78894
27.6,8,0,23,6,13,-78.3351,-14.0785
27.6,9,0,23,24,11,-83.0303,0.797778
27.6,10,2,23,6,1,-81.6831,-18.4886
27.6,11,1,23,9,11,-83.3083,0.979614
27.6,12,2,23,6,5,-75.4826,-36.4828
27.6,13,0,23,6,11,-83.8085,0.855362
27.6,14,1,23,6,4,-76.4716,-36.8765
27.7,0,0,23,6,11,-82.5446,-0.237793
27.7,1,1,23,18,11,-82.6302,0.703731
27.7,2,2,23,6,11,-82.3604,2.18383
27.7,3,0,23,6,11,-82.6266,1.67098
27.7,4,2,23,6,13,-81.9543,-18.3509
27.7,5,1,23,6,11,-82.7395,1.67817
27.7,6,1,23,6,13,-80.6082,-16.5794
27.7,7,2,23,24,11,-82.8958,0.959953
27.7,8,0,23,6,13,-78.3508,-14.3293
27.7,9,0,23,24,11,-82.9659,0.943971
27.7,10,2,23,6,1,-81.7661,-18.7763
27.7,11,1,23,9,11,-83.2248,1.18128
27.7,12,2,23,6,5,-75.4169,-37.5377
27.7,13,0,23,6,11,-83.7214,1.16875
27.7,14,1,23,6,4,-76.4867,-38.0108
27.8,0,0,23,6,11,-82.4843,-0.121023
27.8,1,1,23,18,11,-82.5682,0.832865
27.8,2,2,23,6,11,-82.2906,2.36088
27.8,3,0,23,6,11,-82.5566,1.85832
27.8,4,2,23,6,13,-81.9211,-18.4173
27.8,5,1,23,6,11,-82.6681,1.91452
27.8,6,1,23,6,13,-80.603,-16.6724
27.8,7,2,23,24,11,-82.8335,1.14384
27.8,8,0,23,6,13,-78.3624,-14.478
27.8,9,0,23,24,11,-82.8995,1.10371
27.8,10,2,23,6,1,-81.8411,-18.9616
27.8,11,1,23,9,11,-83.1376,1.37784
27.8,12,2,23,6,5,-75.3448,-38.6947
27.8,13,0,23,6,11,-83.6291,1.48168
27.8,14,1,23,6,4,-76.4891,-39.2367
27.9,0,0,23,6,11,-82.4234,0.015401
27.9,1,1,23,18,11,-82.5056,0.980634
27.9,2,2,23,6,11,-82.2205,2.55271
27.9,3,0,23,6,11,-82.4862,2.06191
27.9,4,2,23,6,13,-81.886,-18.5023
27.9,5,1,23,6,11,-82.5958,2.17262
27.9,6,1,23,6,13,-80.5938,-16.7805
27.9,7,2,23,24,11,-82.7682,1.35021
27.9,8,0,23,6,13,-78.3764,-14.6432
27.9,9,0,23,24,11,-82.8346,1.28739
27.9,10,2,23,6,1,-81.9138,-19.161
27.9,11,1,23,9,11,-83.0514,1.57828
27.9,12,2,23,6,5,-75.2734,-39.9812
27.9,13,0,23,6,11,-83.4389,1.80038
27.9,14,1,23,6,4,-76.4885,-40.5909
28,0,0,23,6,11,-82.362,0.173775
28,1,1,23,18,11,-82.4427,1.14975
28,2,2,23,6,11,-82.1501,2.76149
28,3,0,23,6,11,-82.4156,2.28385
28,4,2,23,6,13,-81.8491,-18.6013
28,5,1,23,6,11,-82.5229,2.45459
28,6,1,23,6,13,-80.5807,-16.8987
28,7,2,23,24,11,-82.6996,1.58181
28,8,0,23,6,13,-78.3929,-14.8188
28,9,0,23,24,11,-82.7712,1.4989
28,10,2,23,6,1,-81.9842,-19.371
28,11,1,23,9,11,-82.9664,1.78635
28,12,2,23,6,5,-75.2044,-41.4382
28,13,0,23,6,11,-83.3469,2.12665
28,14,1,23,6,4,-76.4826,-42.1096
28.1,0,1,23,6,11,-82.2998,0.355244
28.1,1,2,23,18,11,-82.3786,1.34275
28.1,2,0,23,6,12,-82.0793,-18.7127
28.1,3,1,23,6,11,-82.3443,2.52504
28.1,4,2,23,6,13,-81.81,-18.7105
28.1,5,2,23,6,11,-82.4486,2.76295
28.1,6,1,23,6,13,-80.5641,-17.0244
28.1,7,0,23,24,11,-82.6279,1.83858
28.1,8,0,23,6,13,-78.4111,-15.0003
28.1,9,1,23,24,11,-82.7085,1.73944
28.1,10,0,23,6,0,-82.0524,0
28.1,11,2,23,18,11,-82.8822,2.00573
28.1,12,2,23,6,5,-75.1382,-46.8455
28.1,13,1,23,6,11,-83.2542,2.46048
28.1,14,0,23,6,4,-76.4696,-43.8556
28.2,0,1,23,6,11,-82.2366,0.561848
28.2,1,2,23,18,11,-82.24,1.56119
28.2,2,0,23,6,12,-82.0082,-18.6897
28.2,3,1,23,6,11,-82.2726,2.78662
28.2,4,2,23,6,13,-81.7687,-18.8302
28.2,5,2,23,6,11,-82.3733,3.09888
28.2,6,1,23,6,13,-80.5442,-17.1578
28.2,7,0,23,24,11,-82.5536,2.12041
28.2,8,0,23,6,13,-78.4304,-15.1869
28.2,9,1,23,24,11,-82.6462,2.01063
28.2,10,0,23,6,0,-82.1185,0
28.2,11,2,23,18,11,-82.7991,2.23864
28.2,12,2,23,6,5,-75.0753,-47.7797
28.2,13,1,23,6,11,-83.1608,2.80146
28.2,14,0,23,6,4,-76.4486,-45.9346
28.3,0,1,23,6,11,-82.1725,0.794135
28.3,1,2,23,18,11,-82.1746,1.80594
28.3,2,0,23,6,12,-81.9369,-18.6942
28.3,3,1,23,6,11,-82.2004,3.07067
28.3,4,2,23,6,13,-81.7249,-18.9598
28.3,5,2,23,6,11,-82.2969,3.4639
28.3,6,1,23,6,13,-80.5209,-17.2995
28.3,7,0,23,24,11,-82.4775,2.42665
28.3,8,0,23,6,13,-78.4501,-15.3786
28.3,9,1,23,24,11,-82.5836,2.31315
28.3,10,0,23,6,0,-82.1829,0
28.3,11,2,23,18,11,-82.717,2.48844
28.3,12,2,23,6,5,-75.0156,-49.3466
28.3,13,1,23,6,11,-83.0667,3.15044
28.3,14,0,23,6,4,-76.4192,-48.4609
28.4,0,1,23,6,11,-82.1072,1.05277
28.4,1,2,23,18,11,-82.1082,2.07775
28.4,2,0,23,6,12,-81.8657,-18.7268
28.4,3,1,23,6,11,-82.1278,3.37809
28.4,4,2,23,6,13,-81.6778,-19.0978
28.4,5,2,23,6,11,-82.2193,3.85972
28.4,6,1,23,6,13,-80.495,-17.4501
28.4,7,0,23,24,11,-82.4002,2.75766
28.4,8,0,23,6,13,-78.4702,-15.5759
28.4,9,1,23,24,11,-82.5202,2.648
28.4,10,0,23,6,0,-82.2455,0
28.4,11,2,23,18,11,-82.6356,2.75871
28.4,12,2,23,6,5,-74.9591,-51.6685
28.4,13,1,23,6,11,-82.9721,3.50832
28.4,14,0,23,6,4,-76.3814,-51.4622
28.5,0,1,23,6,11,-82.0412,1.33065
28.5,1,2,23,18,11,-82.0413,2.36866
28.5,2,0,23,6,12,-81.7955,-18.7902
28.5,3,1,23,6,12,-82.0551,-19.2651
28.5,4,2,23,6,13,-81.6271,-19.2442
28.5,5,2,23,6,12,-82.1406,-19.2697
28.5,6,1,23,6,13,-80.4664,-17.6107
28.5,7,0,23,24,11,-82.3223,3.10371
28.5,8,0,23,6,13,-78.4877,-15.7776
28.5,9,1,23,24,11,-82.4557,3.00688
28.5,10,0,23,6,0,-82.3063,0
28.5,11,2,23,18,11,-82.5553,3.04266
28.5,12,2,23,6,7,-74.905,-54.4232
28.5,13,1,23,6,11,-82.8773,3.86606
28.5,14,0,23,6,4,-76.3353,-54.6027
28.6,0,1,23,18,11,-81.9743,1.60888
28.6,1,2,23,18,11,-81.9736,2.6585
28.6,2,0,23,6,12,-81.6633,-18.8864
28.6,3,1,23,6,12,-81.9822,-19.3452
28.6,4,2,23,6,13,-81.5099,-19.3975
28.6,5,0,23,6,12,-82.0615,-19.3287
28.6,6,1,23,6,13,-80.4359,-17.7825
28.6,7,2,23,24,11,-82.2442,3.44382
28.6,8,0,23,6,13,-78.4961,-15.9792
28.6,9,1,23,24,11,-82.3898,3.36756
28.6,10,0,23,6,0,-82.3652,0
28.6,11,2,23,24,11,-82.4765,3.31984
28.6,12,1,23,6,7,-74.8511,-56.5343
28.6,13,2,23,6,11,-82.7824,4.20261
28.6,14,0,23,6,4,-76.2807,-56.8829
28.7,0,1,23,18,11,-81.9068,1.88659
28.7,1,2,23,18,11,-81.9055,2.94664
28.7,2,0,23,6,12,-81.6,-19.017
28.7,3,1,23,6,12,-81.842,-19.4508
28.7,4,2,23,6,13,-81.4509,-19.5587
28.7,5,0,23,6,12,-81.9822,-19.4152
28.7,6,1,23,6,13,-80.4035,-17.9666
28.7,7,2,23,24,11,-82.1661,3.77745
28.7,8,0,23,6,13,-78.496,-16.1828
28.7,9,1,23,24,11,-82.3221,3.72955
28.7,10,0,23,6,0,-82.4221,0
28.7,11,2,23,24,11,-82.3992,3.59261
28.7,12,1,23,6,7,-74.7976,-56.8875
28.7,13,2,23,6,11,-82.6878,4.51726
28.7,14,0,23,6,4,-76.2191,-57.2696
28.8,0,1,23,18,11,-81.8393,2.16279
28.8,1,2,23,18,12,-81.8375,-19.9761
28.8,2,0,23,6,12,-81.5406,-19.1792
28.8,3,1,23,6,12,-81.7699,-19.581
28.8,4,2,23,6,13,-81.388,-19.7278
28.8,5,0,23,6,12,-81.9032,-19.5282
28.8,6,1,23,6,13,-80.37,-18.1637
28.8,7,2,23,24,11,-82.0185,4.10386
28.8,8,0,23,6,13,-78.488,-16.3897
28.8,9,1,23,24,11,-82.2523,4.09314
28.8,10,0,23,6,0,-82.4769,0
28.8,11,2,23,24,11,-82.3239,3.86079
28.8,12,1,23,6,8,-74.7447,-55.6877
28.8,13,2,23,6,11,-82.594,4.8092
28.8,14,0,23,6,4,-76.1517,-55.9933
28.9,0,1,23,18,11,-81.7719,2.4373
28.9,1,2,23,18,12,-81.7698,-20.1346
28.9,2,0,23,6,12,-81.4835,-19.3696
28.9,3,1,23,6,12,-81.6984,-19.7367
28.9,4,2,23,6,13,-81.3215,-19.906
28.9,5,0,23,6,12,-81.8249,-19.669
28.9,6,1,23,6,13,-80.3363,-18.3765
28.9,7,2,23,24,11,-81.9425,4.4233
28.9,8,0,23,6,13,-78.4732,-16.6023
28.9,9,1,23,24,11,-82.1798,4.46155
28.9,10,0,23,6,0,-82.5298,0
28.9,11,2,23,24,11,-82.251,4.12357
28.9,12,1,23,6,8,-74.6926,-53.9484
28.9,13,2,23,6,11,-82.5013,5.07835
28.9,14,0,23,6,4,-76.0792,-54.0577
29,0,1,23,18,11,-81.7036,2.7128
29,1,2,23,18,12,-81.7025,-20.32
29,2,0,23,6,13,-81.4272,-20.427
29,3,1,23,6,12,-81.6273,-19.9193
29,4,2,23,6,13,-81.2525,-20.098
29,5,0,23,6,12,-81.7472,-19.8392
29,6,1,23,6,13,-80.3022,-18.6075
29,7,2,23,24,12,-81.8674,-20.4048
29,8,0,23,6,13,-78.4522,-16.8245
29,9,1,23,24,11,-82.1042,4.83952
29,10,0,23,6,0,-82.5806,0
29,11,2,23,24,11,-82.1808,4.37869
29,12,1,23,6,9,-74.6411,-52.3469
29,13,2,23,6,11,-82.4102,5.32475
29,14,0,23,6,5,-76.002,-53.1961
29.1,0,1,23,6,12,-81.6347,-20.749
29.1,1,2,23,6,12,-81.6358,-20.5317
29.1,2,0,23,6,13,-81.3708,-20.6606
29.1,3,1,23,6,12,-81.5568,-20.128
29.1,4,2,23,6,13,-81.1818,-20.3055
29.1,5,0,23,6,12,-81.6071,-20.0385
29.1,6,1,23,6,13,-80.2683,-18.8576
29.1,7,2,23,6,12,-81.7932,-20.6058
29.1,8,0,23,6,13,-78.4292,-17.0614
29.1,9,1,23,6,12,-81.9573,-20.7614
29.1,10,2,23,6,0,-82.6294,0
29.1,11,0,23,36,11,-82.0425,4.63005
29.1,12,2,23,6,11,-74.5913,-55.6654
29.1,13,0,23,6,11,-82.3205,5.55698
29.1,14,1,23,6,5,-75.9218,-51.9455
29.2,0,1,23,6,12,-81.5655,-20.9738
29.2,1,2,23,6,12,-81.5698,-20.7697
29.2,2,0,23,6,13,-81.3137,-20.9121
29.2,3,1,23,6,12,-81.487,-20.3626
29.2,4,2,23,6,13,-81.1105,-20.5308
29.2,5,0,23,6,12,-81.5323,-20.2662
29.2,6,1,23,6,13,-80.2352,-19.128
29.2,7,2,23,6,12,-81.7202,-20.834
29.2,8,0,23,6,13,-78.4038,-17.3136
29.2,9,1,23,6,12,-81.8783,-20.9574
29.2,10,2,23,6,0,-82.6764,0
29.2,11,0,23,36,11,-81.9773,4.87677
29.2,12,2,23,6,11,-74.5432,-53.7423
29.2,13,0,23,6,11,-82.2331,5.77198
29.2,14,1,23,6,5,-75.8394,-51.0434
29.3,0,1,23,6,12,-81.496,-21.2157
29.3,1,2,23,6,12,-81.5043,-21.0266
29.3,2,0,23,6,13,-81.2558,-21.1761
29.3,3,1,23,6,12,-81.4178,-20.6158
29.3,4,2,23,6,13,-81.039,-20.7701
29.3,5,0,23,6,12,-81.4584,-20.5152
29.3,6,1,23,6,13,-80.2022,-19.4138
29.3,7,2,23,6,12,-81.6482,-21.0821
29.3,8,0,23,6,13,-78.3762,-17.5772
29.3,9,1,23,6,12,-81.7979,-21.1686
29.3,10,2,23,6,0,-82.7219,0
29.3,11,0,23,36,11,-81.913,5.12053
29.3,12,2,23,6,12,-74.4958,-51.963
29.3,13,0,23,6,12,-82.1475,-21.424
29.3,14,1,23,6,5,-75.7559,-50.4077
29.4,0,1,23,6,12,-81.4261,-21.4735
29.4,1,2,23,6,12,-81.4392,-21.3009
29.4,2,0,23,6,13,-81.1966,-21.452
29.4,3,1,23,6,12,-81.3486,-20.8854
29.4,4,2,23,6,13,-80.9677,-21.0242
29.4,5,0,23,6,12,-81.3854,-20.7837
29.4,6,1,23,6,13,-80.1694,-19.715
29.4,7,2,23,6,12,-81.577,-21.3482
29.4,8,0,23,6,13,-78.3458,-17.8523
29.4,9,1,23,6,12,-81.7164,-21.3945
29.4,10,2,23,6,0,-82.7661,0
29.4,11,0,23,36,11,-81.8491,5.36123
29.4,12,2,23,6,12,-74.4484,-50.4719
29.4,13,0,23,6,12,-82.0636,-21.7042
29.4,14,1,23,6,5,-75.6719,-49.9561
29.5,0,1,23,6,12,-81.357,-21.7426
29.5,1,2,23,6,12,-81.3742,-21.5848
29.5,2,0,23,6,13,-81.1357,-21.7344
29.5,3,1,23,6,13,-81.279,-22.0739
29.5,4,2,23,6,13,-80.8967,-21.2884
29.5,5,0,23,6,13,-81.3129,-22.1043
29.5,6,1,23,6,13,-80.1363,-20.0267
29.5,7,2,23,6,12,-81.5059,-21.6242
29.5,8,0,23,6,13,-78.3119,-18.1341
29.5,9,1,23,6,12,-81.6334,-21.6283
29.5,10,2,23,6,0,-82.7273,0
29.5,11,0,23,36,12,-81.7845,-22.1039
29.5,12,2,23,6,13,-74.3995,-49.5107
29.5,13,0,23,6,12,-81.9809,-21.9967
29.5,14,1,23,6,7,-75.5883,-50.4251
29.6,0,2,23,6,12,-81.288,-22.0205
29.6,1,1,23,6,12,-81.3088,-21.8764
29.6,2,0,23,6,13,-81.0729,-22.0236
29.6,3,2,23,6,13,-81.2088,-22.351
29.6,4,1,23,6,13,-80.8255,-21.5633
29.6,5,0,23,6,13,-81.2402,-22.3792
29.6,6,2,23,6,13,-80.1026,-20.3496
29.6,7,1,23,6,12,-81.4346,-21.9078
29.6,8,1,23,6,13,-78.274,-18.4234
29.6,9,1,23,6,12,-81.5489,-21.8685
29.6,10,0,23,6,0,-82.7691,0
29.6,11,2,23,6,12,-81.7185,-22.3971
29.6,12,0,23,6,13,-74.3475,-49.5562
29.6,13,1,23,6,12,-81.8316,-22.2965
29.6,14,2,23,6,7,-75.5055,-50.462
29.7,0,2,23,6,12,-81.2188,-22.3031
29.7,1,1,23,6,12,-81.2424,-22.1713
29.7,2,0,23,6,13,-81.0077,-22.3176
29.7,3,2,23,6,13,-81.137,-22.6352
29.7,4,1,23,6,13,-80.7537,-21.8468
29.7,5,0,23,6,13,-81.1672,-22.664
29.7,6,2,23,6,13,-80.023,-20.6812
29.7,7,1,23,6,12,-81.3624,-22.1946
29.7,8,1,23,6,13,-78.2311,-18.7181
29.7,9,1,23,6,12,-81.4622,-22.1111
29.7,10,0,23,6,0,-82.8114,0
29.7,11,2,23,6,12,-81.6503,-22.6895
29.7,12,0,23,6,13,-74.2905,-49.6443
29.7,13,1,23,6,12,-81.7493,-22.5988
29.7,14,2,23,6,7,-75.4238,-50.5463
29.8,0,2,23,6,13,-81.1485,-23.2237
29.8,1,1,23,6,13,-81.1743,-23.244
29.8,2,0,23,6,13,-80.9392,-22.6212
29.8,3,2,23,6,13,-81.063,-22.931
29.8,4,1,23,6,13,-80.6806,-22.144
29.8,5,0,23,6,13,-81.0928,-22.9625
29.8,6,2,23,6,13,-79.9855,-21.0267
29.8,7,1,23,6,12,-81.2884,-22.4868
29.8,8,1,23,6,13,-78.1818,-19.0233
29.8,9,1,23,6,12,-81.3725,-22.3587
29.8,10,0,23,6,0,-82.8544,0
29.8,11,2,23,6,12,-81.5787,-22.9832
29.8,12,0,23,6,13,-74.2264,-49.7822
29.8,13,1,23,6,12,-81.6656,-22.9056
29.8,14,2,23,6,9,-75.3429,-50.694
29.9,0,2,23,6,13,-81.0765,-23.5342
29.9,1,1,23,6,13,-81.1036,-23.5636
29.9,2,0,23,6,13,-80.8667,-22.9359
29.9,3,2,23,6,13,-80.9859,-23.2396
29.9,4,1,23,6,13,-80.6051,-22.4556
29.9,5,0,23,6,13,-81.0163,-23.276
29.9,6,2,23,6,13,-79.9444,-21.3869
29.9,7,1,23,6,12,-81.2116,-22.7837
29.9,8,1,23,6,13,-78.1252,-19.3404
29.9,9,1,23,6,12,-81.2789,-22.6113
29.9,10,0,23,6,0,-82.8992,0
29.9,11,2,23,6,12,-81.5032,-23.2784
29.9,12,0,23,6,13,-74.1533,-49.9697
29.9,13,1,23,6,12,-81.5803,-23.2172
29.9,14,2,23,6,9,-75.2624,-50.9614
30,0,2,23,6,13,-81.0025,-23.8529
30,1,1,23,6,13,-81.0301,-23.8898
30,2,0,23,6,13,-80.7904,-23.2554
30,3,2,23,6,13,-80.9054,-23.5539
30,4,1,23,6,13,-80.5266,-22.7746
30,5,0,23,6,13,-80.9375,-23.5976
30,6,2,23,6,13,-79.8998,-21.7555
30,7,1,23,6,12,-81.1316,-23.0746
30,8,1,23,6,13,-78.0617,-19.6646
30,9,1,23,6,13,-81.1814,-24.0381
30,10,0,23,6,0,-82.9464,0
30,11,2,23,6,12,-81.4232,-23.5649
30,12,0,23,6,13,-74.0693,-50.2159
30,13,1,23,6,12,-81.4928,-23.5224
30,14,2,23,6,10,-75.184,-51.2495
30.1,0,1,23,6,13,-80.9363,-24.1727
30.1,1,2,23,6,13,-80.9626,-24.2139
30.1,2,0,23,6,13,-80.718,-23.5728
30.1,3,1,23,6,13,-80.8296,-23.8672
30.1,4,1,23,6,13,-80.4526,-23.0942
30.1,5,2,23,6,13,-80.863,-23.9172
30.1,6,2,23,6,13,-79.8564,-22.1254
30.1,7,0,23,6,13,-81.0575,-24.4129
30.1,8,2,23,6,13,-78.0004,-19.9999
30.1,9,1,23,6,13,-81.0879,-24.3112
30.1,10,0,23,6,0,-82.997,0
30.1,11,0,23,6,12,-81.3484,-23.8335
30.1,12,0,23,6,13,-73.9745,-50.7693
30.1,13,2,23,6,12,-81.4125,-23.8119
30.1,14,1,23,6,11,-75.1105,-51.4524
30.2,0,1,23,6,13,-80.8675,-24.4914
30.2,1,2,23,6,13,-80.8912,-24.5341
30.2,2,0,23,6,13,-80.6415,-23.887
30.2,3,1,23,6,13,-80.7499,-24.1773
30.2,4,1,23,6,13,-80.3746,-23.4114
30.2,5,2,23,6,13,-80.7845,-24.2329
30.2,6,2,23,6,13,-79.8085,-22.4939
30.2,7,0,23,6,13,-80.9793,-24.7225
30.2,8,2,23,6,13,-77.9314,-20.3332
30.2,9,1,23,6,13,-80.9905,-24.5838
30.2,10,0,23,6,0,-83.0507,0
30.2,11,0,23,6,12,-81.268,-24.0829
30.2,12,0,23,6,13,-73.8671,-52.9495
30.2,13,2,23,6,12,-81.3297,-24.0837
30.2,14,1,23,6,11,-75.0392,-51.5615
30.3,0,1,23,6,13,-80.7983,-24.8288
30.3,1,2,23,6,13,-80.8185,-24.8707
30.3,2,0,23,6,13,-80.5637,-24.218
30.3,3,1,23,6,13,-80.6694,-24.5051
30.3,4,1,23,6,13,-80.2952,-23.7461
30.3,5,2,23,6,13,-80.7052,-24.5652
30.3,6,2,23,6,13,-79.76,-22.8806
30.3,7,0,23,6,13,-80.8996,-25.048
30.3,8,2,23,6,13,-77.8625,-20.6855
30.3,9,1,23,6,13,-80.8925,-24.8762
30.3,10,0,23,6,0,-83.1064,0
30.3,11,0,23,6,12,-81.1845,-24.3431
30.3,12,0,23,6,13,-73.7568,-55.1827
30.3,13,2,23,6,12,-81.2467,-24.3672
30.3,14,1,23,6,11,-74.9699,-51.5729
30.4,0,1,23,6,13,-80.7293,-25.1775
30.4,1,2,23,6,13,-80.7448,-25.2162
30.4,2,0,23,6,13,-80.4854,-24.5592
30.4,3,1,23,6,13,-80.5883,-24.8428
30.4,4,1,23,6,13,-80.2147,-24.0902
30.4,5,2,23,6,13,-80.6247,-24.9059
30.4,6,2,23,6,13,-79.7108,-23.2775
30.4,7,0,23,6,13,-80.8185,-25.381
30.4,8,2,23,6,13,-77.7934,-21.0489
30.4,9,1,23,6,13,-80.794,-25.1806
30.4,10,0,23,6,0,-83.1636,0
30.4,11,0,23,6,12,-81.0974,-24.6065
30.4,12,0,23,6,13,-73.644,-56.9472
30.4,13,2,23,6,12,-81.1637,-24.6546
30.4,14,1,23,6,11,-74.9025,-51.489
30.5,0,1,23,6,13,-80.662,-25.5417
30.5,1,2,23,6,13,-80.6723,-25.5752
30.5,2,0,23,6,13,-80.4091,-24.916
30.5,3,1,23,6,13,-80.5087,-25.1949
30.5,4,1,23,6,13,-80.1352,-24.4485
30.5,5,2,23,6,13,-80.5454,-25.2597
30.5,6,2,23,6,13,-79.6638,-23.6899
30.5,7,0,23,6,13,-80.7373,-25.7252
30.5,8,2,23,6,13,-77.7276,-21.4291
30.5,9,1,23,6,13,-80.697,-25.5004
30.5,10,0,23,6,0,-83.2208,0
30.5,11,0,23,6,12,-81.0073,-24.8706
30.5,12,0,23,6,13,-73.5297,-57.7116
30.5,13,2,23,6,12,-81.082,-24.9441
30.5,14,1,23,6,11,-74.8431,-51.3306
30.6,0,1,23,6,13,-80.5996,-25.8905
30.6,1,2,23,6,13,-80.604,-25.9172
30.6,2,0,23,6,13,-80.3384,-25.2577
30.6,3,1,23,6,13,-80.4341,-25.531
30.6,4,1,23,6,13,-80.06,-24.7894
30.6,5,2,23,6,13,-80.4702,-25.5957
30.6,6,2,23,6,13,-79.6231,-24.0872
30.6,7,0,23,6,13,-80.6588,-26.0497
30.6,8,2,23,6,13,-77.6458,-21.7957
30.6,9,1,23,6,13,-80.6046,-25.8051
30.6,10,0,23,6,0,-83.2759,0
30.6,11,0,23,6,12,-80.9159,-25.1113
30.6,12,0,23,6,13,-73.4226,-57.173
30.6,13,2,23,6,12,-81.0037,-25.2123
30.6,14,1,23,6,11,-74.7918,-51.1122
30.7,0,1,23,6,13,-80.542,-26.2178
30.7,1,2,23,6,13,-80.54,-26.2364
30.7,2,0,23,6,13,-80.2736,-25.5787
30.7,3,1,23,6,13,-80.3646,-25.8454
30.7,4,1,23,6,13,-79.9889,-25.1067
30.7,5,2,23,6,13,-80.3992,-25.908
30.7,6,2,23,6,13,-79.5886,-24.463
30.7,7,0,23,6,13,-80.5832,-26.3489
30.7,8,2,23,6,13,-77.5986,-22.1432
30.7,9,1,23,6,13,-80.5171,-26.0889
30.7,10,0,23,6,0,-83.3293,0
30.7,11,0,23,6,13,-80.8236,-26.8249
30.7,12,0,23,6,13,-73.3229,-55.6317
30.7,13,2,23,6,12,-80.9288,-25.4533
30.7,14,1,23,6,12,-74.7487,-57.0972
30.8,0,1,23,6,13,-80.49,-26.519
30.8,1,2,23,6,13,-80.481,-26.5284
30.8,2,0,23,6,13,-80.2158,-25.8751
30.8,3,1,23,6,13,-80.3009,-26.1341
30.8,4,1,23,6,13,-79.9222,-25.3949
30.8,5,2,23,6,13,-80.3328,-26.192
30.8,6,2,23,6,13,-79.5606,-24.8124
30.8,7,0,23,6,13,-80.5109,-26.618
30.8,8,2,23,6,13,-77.5629,-22.4688
30.8,9,1,23,6,13,-80.4351,-26.3472
30.8,10,0,23,6,0,-83.3812,0
30.8,11,0,23,6,13,-80.7319,-27.0594
30.8,12,0,23,6,13,-73.232,-53.6309
30.8,13,2,23,6,12,-80.8571,-25.663
30.8,14,1,23,6,12,-74.7141,-55.1893
30.9,0,1,23,6,13,-80.4434,-26.7941
30.9,1,2,23,6,13,-80.4274,-26.7935
30.9,2,0,23,6,13,-80.1653,-26.1473
30.9,3,1,23,6,13,-80.2436,-26.3972
30.9,4,1,23,6,13,-79.8601,-25.6542
30.9,5,2,23,6,13,-80.2714,-26.4481
30.9,6,2,23,6,13,-79.5391,-25.1352
30.9,7,0,23,6,13,-80.4422,-26.8576
30.9,8,2,23,6,13,-77.539,-22.7725
30.9,9,1,23,6,13,-80.3593,-26.5807
30.9,10,0,23,6,0,-83.4315,0
30.9,11,0,23,6,13,-80.6425,-27.2632
30.9,12,0,23,6,13,-73.1511,-51.6662
30.9,13,2,23,6,13,-80.7886,-27.4771
30.9,14,1,23,6,13,-74.6878,-53.2785
31,0,1,23,6,13,-80.4036,-27.0326
31,1,2,23,6,13,-80.3803,-27.0214
31,2,0,23,6,13,-80.1238,-26.3852
31,3,1,23,6,13,-80.1939,-26.6247
31,4,1,23,6,13,-79.804,-25.8744
31,5,2,23,6,13,-80.2164,-26.6663
31,6,2,23,6,13,-79.5255,-25.421
31,7,0,23,6,13,-80.3786,-27.0577
31,8,2,23,6,13,-77.5302,-23.0463
31,9,1,23,6,13,-80.2912,-26.7794
31,10,0,23,6,0,-83.4799,0
31,11,0,23,6,13,-80.5577,-27.4277
31,12,0,23,6,13,-73.0816,-49.9667
31,13,2,23,6,13,-80.7242,-27.67
31,14,1,23,6,13,-74.6733,-51.6334
31.1,0,0,23,6,13,-80.3711,-27.2364
31.1,1,2,23,6,13,-80.3414,-27.2166
31.1,2,1,23,6,13,-80.092,-26.5913
31.1,3,1,23,6,13,-80.1526,-26.8188
31.1,4,2,23,6,13,-79.7548,-26.0577
31.1,5,0,23,6,13,-80.1686,-26.8488
31.1,6,0,23,6,13,-79.5199,-25.6712
31.1,7,1,23,6,13,-80.3209,-27.2208
31.1,8,1,23,6,13,-77.5371,-23.2919
31.1,9,2,23,6,13,-80.2318,-26.9455
31.1,10,2,23,6,0,-83.5263,0
31.1,11,0,23,6,13,-80.4789,-27.5565
31.1,12,2,23,6,13,-73.0253,-49.2963
31.1,13,1,23,6,13,-80.6641,-27.8231
31.1,14,0,23,6,13,-74.6707,-50.7984
31.2,0,0,23,6,13,-80.3462,-27.4127
31.2,1,2,23,6,13,-80.3108,-27.3861
31.2,2,1,23,6,13,-80.0703,-26.7726
31.2,3,1,23,6,13,-80.1201,-26.9869
31.2,4,2,23,6,13,-79.713,-26.2114
31.2,5,0,23,6,13,-80.1283,-27.0028
31.2,6,0,23,6,13,-79.5223,-25.8923
31.2,7,1,23,6,13,-80.2695,-27.3543
31.2,8,1,23,6,13,-77.5608,-23.517
31.2,9,2,23,6,13,-80.1814,-27.0864
31.2,10,2,23,6,0,-83.5707,0
31.2,11,0,23,6,13,-80.4071,-27.6575
31.2,12,2,23,6,13,-72.9834,-49.1863
31.2,13,1,23,6,13,-80.6085,-27.9437
31.2,14,0,23,6,13,-74.6796,-50.7509
31.3,0,0,23,6,13,-80.3289,-27.5721
31.3,1,2,23,6,13,-80.2886,-27.54
31.3,2,1,23,6,13,-80.0587,-26.9392
31.3,3,1,23,6,13,-80.0967,-27.1398
31.3,4,2,23,6,13,-79.6792,-26.3469
31.3,5,0,23,6,13,-80.0963,-27.1399
31.3,6,0,23,6,13,-79.5321,-26.0937
31.3,7,1,23,6,13,-80.2253,-27.4699
31.3,8,1,23,6,13,-77.6012,-23.7318
31.3,9,2,23,6,13,-80.1407,-27.2135
31.3,10,2,23,6,0,-83.6132,0
31.3,11,0,23,6,13,-80.3434,-27.7427
31.3,12,2,23,6,13,-72.9573,-48.953
31.3,13,1,23,6,13,-80.5578,-28.0428
31.3,14,0,23,6,13,-74.6992,-50.5746
31.4,0,0,23,6,13,-80.3196,-27.7243
31.4,1,2,23,6,13,-80.2749,-27.6882
31.4,2,1,23,6,13,-80.0574,-27.1011
31.4,3,1,23,6,13,-80.0827,-27.2873
31.4,4,2,23,6,13,-79.6544,-26.4743
31.4,5,0,23,6,13,-80.0728,-27.2697
31.4,6,0,23,6,13,-79.5494,-26.2846
31.4,7,1,23,6,13,-80.1888,-27.5778
31.4,8,1,23,6,13,-77.6573,-23.9441
31.4,9,2,23,6,13,-80.1106,-27.3369
31.4,10,2,23,6,0,-83.6537,0
31.4,11,0,23,6,13,-80.2885,-27.8224
31.4,12,2,23,6,13,-72.9475,-48.6263
31.4,13,1,23,6,13,-80.5124,-28.1305
31.4,14,0,23,6,13,-74.7292,-50.2985
31.5,0,0,23,6,13,-80.3183,-27.8858
31.5,1,2,23,6,13,-80.2696,-27.8467
31.5,2,1,23,6,13,-80.0661,-27.2737
31.5,3,1,23,6,13,-80.078,-27.4452
31.5,4,2,23,6,13,-79.6389,-26.6105
31.5,5,0,23,6,13,-80.0582,-27.4091
31.5,6,0,23,6,13,-79.5739,-26.4809
31.5,7,1,23,6,13,-80.1612,-27.6959
31.5,8,1,23,6,13,-77.7285,-24.1695
31.5,9,2,23,6,13,-80.091,-27.4729
31.5,10,2,23,6,0,-83.6925,0
31.5,11,0,23,6,13,-80.243,-27.9135
31.5,12,2,23,6,13,-72.9551,-48.6273
31.5,13,1,23,6,13,-80.473,-28.224
31.5,14,0,23,6,13,-74.7685,-50.4991
31.6,0,0,23,6,13,-80.3249,-28.0671
31.6,1,2,23,6,13,-80.2726,-28.0257
31.6,2,1,23,6,13,-80.0855,-27.4693
31.6,3,1,23,6,13,-80.0828,-27.6249
31.6,4,2,23,6,13,-79.6333,-26.7666
31.6,5,0,23,6,13,-80.0529,-27.5693
31.6,6,0,23,6,13,-79.6055,-26.693
31.6,7,1,23,6,13,-80.143,-27.8361
31.6,8,1,23,6,13,-77.8143,-24.4178
31.6,9,2,23,6,13,-80.0823,-27.6327
31.6,10,2,23,6,0,-83.7295,0
31.6,11,0,23,6,13,-80.2073,-28.0271
31.6,12,2,23,6,13,-72.981,-49.2878
31.6,13,1,23,6,13,-80.44,-28.3345
31.6,14,0,23,6,13,-74.8164,-51.1865
31.7,0,0,23,6,13,-80.3397,-28.2936
31.7,1,2,23,6,13,-80.2839,-28.2507
31.7,2,1,23,6,13,-80.1155,-27.7126
31.7,3,1,23,6,13,-80.0974,-27.8517
31.7,4,2,23,6,13,-79.6382,-26.9683
31.7,5,0,23,6,13,-80.0576,-27.7757
31.7,6,0,23,6,13,-79.6446,-26.9459
31.7,7,1,23,6,13,-80.1352,-28.0245
31.7,8,1,23,6,13,-77.9151,-24.7142
31.7,9,2,23,6,13,-80.0832,-27.8378
31.7,10,2,23,6,0,-83.7645,0
31.7,11,0,23,6,13,-80.1819,-28.1887
31.7,12,2,23,6,13,-73.0268,-49.8986
31.7,13,1,23,6,13,-80.4145,-28.4886
31.7,14,0,23,6,13,-74.8718,-51.8113
31.8,0,0,23,6,13,-80.3623,-28.5688
31.8,1,2,23,6,13,-80.3029,-28.5241
31.8,2,1,23,6,13,-80.1546,-28.0056
31.8,3,1,23,6,13,-80.1208,-28.1283
31.8,4,2,23,6,13,-79.6534,-27.2192
31.8,5,0,23,6,13,-80.0716,-28.0318
31.8,6,0,23,6,13,-79.6906,-27.243
31.8,7,1,23,6,13,-80.1374,-28.2652
31.8,8,1,23,6,13,-78.0303,-25.0625
31.8,9,2,23,6,13,-80.0936,-28.0926
31.8,10,2,23,6,0,-83.7918,0
31.8,11,0,23,6,13,-80.1666,-28.4021
31.8,12,2,23,6,13,-73.092,-50.4111
31.8,13,1,23,6,13,-80.3964,-28.6903
31.8,14,0,23,6,13,-74.9339,-52.3244
31.9,0,0,23,6,13,-80.3918,-28.915
31.9,1,2,23,6,13,-80.3288,-28.8681
31.9,2,1,23,6,13,-80.2019,-28.3705
31.9,3,1,23,6,13,-80.1522,-28.4766
31.9,4,2,23,6,13,-79.6788,-27.5426
31.9,5,0,23,6,13,-80.0942,-28.3591
31.9,6,0,23,6,13,-79.7426,-27.6065
31.9,7,1,23,6,13,-80.1484,-28.5785
31.9,8,1,23,6,13,-78.1588,-25.4847
31.9,9,2,23,6,13,-80.112,-28.4167
31.9,10,2,23,6,0,-83.8138,0
31.9,11,0,23,6,13,-80.1601,-28.6863
31.9,12,2,23,6,13,-73.1756,-50.7873
31.9,13,1,23,6,13,-80.3849,-28.9591
31.9,14,0,23,6,13,-75.0007,-52.6865
32,0,0,23,6,13,-80.4281,-29.2998
32,1,2,23,6,13,-80.3613,-29.2505
32,2,1,23,6,13,-80.2567,-28.7743
32,3,1,23,6,13,-80.1914,-28.865
32,4,2,23,6,13,-79.7143,-27.9066
32,5,0,23,6,13,-80.1255,-28.7273
32,6,0,23,6,13,-79.8007,-28.0044
32,7,1,23,6,13,-80.1686,-28.9353
32,8,1,23,6,13,-78.2997,-25.9499
32,9,2,23,6,13,-80.1389,-28.7811
32,10,2,23,6,0,-83.8342,0
32,11,0,23,6,13,-80.1631,-29.0133
32,12,2,23,6,13,-73.2771,-51.0051
32,13,1,23,6,13,-80.3807,-29.2676
32,14,0,23,6,13,-75.074,-52.8783
32.1,0,0,23,6,13,-80.4705,-29.731
32.1,1,2,23,6,13,-80.3996,-29.6791
32.1,2,1,23,6,13,-80.3174,-29.2235
32.1,3,1,23,6,13,-80.2373,-29.3013
32.1,4,2,23,6,13,-79.7588,-28.3185
32.1,5,0,23,6,13,-80.1647,-29.1441
32.1,6,0,23,6,13,-79.864,-28.4445
32.1,7,1,23,6,13,-80.1971,-29.3434
32.1,8,1,23,6,13,-78.4518,-26.4661
32.1,9,2,23,6,13,-80.1734,-29.1938
32.1,10,2,23,6,0,-83.853,0
32.1,11,0,23,6,13,-80.1744,-29.3903
32.1,12,2,23,6,13,-73.3957,-51.0693
32.1,13,1,23,6,13,-80.3836,-29.6247
32.1,14,0,23,6,13,-75.1524,-52.9042
32.2,0,0,23,6,13,-80.5177,-30.2119
32.2,1,2,23,6,13,-80.4427,-30.1575
32.2,2,1,23,6,13,-80.3831,-29.7215
32.2,3,1,23,6,13,-80.2886,-29.7883
32.2,4,2,23,6,13,-79.8115,-28.7821
32.2,5,0,23,6,13,-80.2107,-29.6133
32.2,6,0,23,6,13,-79.9317,-28.9306
32.2,7,1,23,6,13,-80.2327,-29.8064
32.2,8,1,23,6,13,-78.6127,-27.0367
32.2,9,2,23,6,13,-80.2145,-29.6585
32.2,10,2,23,6,0,-83.8699,0
32.2,11,0,23,6,13,-80.1934,-29.8214
32.2,12,2,23,6,13,-73.5298,-50.9994
32.2,13,1,23,6,13,-80.3929,-30.0351
32.2,14,0,23,6,13,-75.2351,-52.7846
32.3,0,0,23,6,12,-80.5683,-29.1394
32.3,1,2,23,6,12,-80.4887,-29.0382
32.3,2,1,23,6,13,-80.4512,-30.2311
32.3,3,1,23,6,13,-80.343,-30.2897
32.3,4,2,23,6,13,-79.8702,-29.2618
32.3,5,0,23,6,13,-80.261,-30.0984
32.3,6,0,23,6,13,-80.0013,-29.4261
32.3,7,1,23,6,13,-80.2728,-30.2876
32.3,8,1,23,6,13,-78.7774,-27.6244
32.3,9,2,23,6,13,-80.2596,-30.1389
32.3,10,2,23,6,0,-83.8858,0
32.3,11,0,23,6,13,-80.2175,-30.2699
32.3,12,2,23,6,13,-73.6734,-50.8262
32.3,13,1,23,6,13,-80.4064,-30.4635
32.3,14,0,23,6,11,-75.3215,-52.556
32.4,0,0,23,6,12,-80.6208,-29.6933
32.4,1,2,23,6,12,-80.5366,-29.5916
32.4,2,1,23,6,13,-80.5205,-30.7502
32.4,3,1,23,6,13,-80.3991,-30.8031
32.4,4,2,23,6,13,-79.9335,-29.7555
32.4,5,0,23,6,13,-80.3144,-30.5974
32.4,6,0,23,6,13,-80.072,-29.9295
32.4,7,1,23,6,13,-80.316,-30.7845
32.4,8,1,23,6,13,-78.9436,-28.2269
32.4,9,2,23,6,13,-80.3077,-30.6331
32.4,10,2,23,6,0,-83.9009,0
32.4,11,0,23,6,13,-80.2456,-30.7338
32.4,12,2,23,6,13,-73.824,-50.5931
32.4,13,1,23,6,13,-80.4235,-30.9086
32.4,14,0,23,6,11,-75.4108,-52.2633
32.5,0,0,23,6,12,-80.6742,-30.261
32.5,1,2,23,6,12,-80.5854,-30.1586
32.5,2,1,23,6,13,-80.5896,-31.2762
32.5,3,1,23,6,13,-80.456,-31.3266
32.5,4,2,23,6,13,-80,-30.261
32.5,5,0,23,6,13,-80.3697,-31.1083
32.5,6,0,23,6,13,-80.1426,-30.4387
32.5,7,1,23,6,13,-80.3609,-31.2948
32.5,8,1,23,6,13,-79.1088,-28.8416
32.5,9,2,23,6,13,-80.3573,-31.1389
32.5,10,2,23,6,0,-83.9152,0
32.5,11,0,23,6,13,-80.2764,-31.211
32.5,12,2,23,6,13,-73.9791,-50.332
32.5,13,1,23,6,13,-80.4438,-31.3685
32.5,14,0,23,6,11,-75.5016,-51.9395
32.6,0,1,23,6,12,-80.7279,-30.8344
32.6,1,2,23,6,12,-80.6342,-30.7303
32.6,2,0,23,6,13,-80.6581,-31.8025
32.6,3,1,23,6,13,-80.5125,-31.8527
32.6,4,1,23,6,13,-80.0684,-30.7713
32.6,5,2,23,6,13,-80.426,-31.624
32.6,6,2,23,6,13,-80.2125,-30.9474
32.6,7,0,23,6,13,-80.4067,-31.8112
32.6,8,0,23,6,13,-79.2702,-29.4594
32.6,9,1,23,6,13,-80.4078,-31.6494
32.6,10,0,23,6,0,-83.9293,0
32.6,11,2,23,6,13,-80.3093,-31.6946
32.6,12,1,23,6,13,-74.1365,-50.0733
32.6,13,0,23,6,13,-80.4662,-31.8361
32.6,14,2,23,6,11,-75.5935,-51.6169
32.7,0,1,23,6,12,-80.7807,-31.4009
32.7,1,2,23,6,12,-80.6823,-31.2943
32.7,2,0,23,6,13,-80.7245,-32.3182
32.7,3,1,23,6,12,-80.5678,-30.9253
32.7,4,1,23,6,13,-80.1375,-31.2759
32.7,5,2,23,6,13,-80.4822,-32.1339
32.7,6,2,23,6,13,-80.281,-31.4454
32.7,7,0,23,6,12,-80.452,-30.8419
32.7,8,0,23,6,13,-79.4247,-30.0675
32.7,9,1,23,6,13,-80.4578,-32.1537
32.7,10,0,23,6,0,-83.9428,0
32.7,11,2,23,6,13,-80.3428,-32.1736
32.7,12,1,23,6,13,-74.2933,-49.8262
32.7,13,0,23,6,13,-80.4901,-32.3012
32.7,14,2,23,6,9,-75.6853,-50.4857
32.8,0,1,23,6,12,-80.8294,-32.09
32.8,1,2,23,6,12,-80.7262,-31.9801
32.8,2,0,23,6,12,-80.7857,-31.6021
32.8,3,1,23,6,12,-80.6185,-31.6275
32.8,4,1,23,6,13,-80.203,-31.8911
32.8,5,2,23,6,13,-80.5344,-32.7539
32.8,6,2,23,6,13,-80.3436,-32.0482
32.8,7,0,23,6,12,-80.4933,-31.5404
32.8,8,0,23,6,13,-79.5669,-30.7796
32.8,9,1,23,6,13,-80.5038,-32.7685
32.8,10,0,23,6,0,-83.9597,0
32.8,11,2,23,6,12,-80.3738,-31.3197
32.8,12,1,23,6,13,-74.4479,-49.6022
32.8,13,0,23,6,12,-80.5115,-31.4142
32.8,14,2,23,6,6,-75.7633,-50.0725
32.9,0,1,23,6,12,-80.8735,-32.8944
32.9,1,2,23,6,12,-80.7661,-32.7812
32.9,2,0,23,6,12,-80.8413,-32.4126
32.9,3,1,23,6,12,-80.6638,-32.444
32.9,4,1,23,6,13,-80.2641,-32.612
32.9,5,2,23,6,13,-80.582,-33.479
32.9,6,2,23,6,13,-80.4,-32.7512
32.9,7,0,23,6,12,-80.53,-32.355
32.9,8,0,23,6,13,-79.6962,-31.5908
32.9,9,1,23,6,13,-80.545,-33.4881
32.9,10,0,23,6,0,-83.98,0
32.9,11,2,23,6,12,-80.4013,-32.1002
32.9,12,1,23,6,13,-74.5985,-49.397
32.9,13,0,23,6,12,-80.5303,-32.1831
32.9,14,2,23,6,6,-75.8279,-50.0383
33,0,1,23,6,12,-80.913,-33.8066
33,1,2,23,6,12,-80.8016,-33.69
33,2,0,23,6,12,-80.8909,-33.3293
33,3,1,23,6,12,-80.7041,-33.3678
33,4,1,23,6,13,-80.3206,-33.4333
33,5,2,23,6,12,-80.6249,-33.0665
33,6,2,23,6,13,-80.45,-33.5492
33,7,0,23,6,12,-80.562,-33.2781
33,8,0,23,6,13,-79.8132,-32.4961
33,9,1,23,6,12,-80.5816,-33.0409
33,10,0,23,6,0,-84.0036,0
33,11,2,23,6,12,-80.4253,-32.9905
33,12,1,23,6,13,-74.7437,-49.213
33,13,0,23,6,12,-80.5457,-33.0631
33,14,2,23,6,4,-75.8798,-49.3047
33.1,0,2,23,6,12,-80.9478,-34.8015
33.1,1,0,23,6,12,-80.8329,-34.6814
33.1,2,1,23,6,12,-80.9349,-34.3273
33.1,3,1,23,6,12,-80.7393,-34.3737
33.1,4,0,23,6,13,-80.3723,-34.3331
33.1,5,2,23,6,12,-80.6631,-34.0707
33.1,6,2,23,6,13,-80.4937,-34.4203
33.1,7,0,23,6,12,-80.5894,-34.2842
33.1,8,1,23,6,13,-79.918,-33.4732
33.1,9,1,23,6,12,-80.6133,-34.0383
33.1,10,1,23,6,0,-84.0303,0
33.1,11,2,23,6,12,-80.4457,-33.9655
33.1,12,0,23,6,13,-74.8823,-49.3576
33.1,13,0,23,6,12,-80.5581,-34.0294
33.1,14,2,23,6,4,-75.9202,-49.3558
33.2,0,2,23,6,12,-80.9782,-35.8648
33.2,1,0,23,6,12,-80.8601,-35.7411
33.2,2,1,23,6,12,-80.9733,-35.3926
33.2,3,1,23,6,12,-80.7696,-35.4474
33.2,4,0,23,6,13,-80.4189,-35.2994
33.2,5,2,23,6,12,-80.6962,-35.143
33.2,6,2,23,6,13,-80.5309,-35.3528
33.2,7,0,23,6,12,-80.612,-35.3585
33.2,8,1,23,6,13,-80.0114,-34.5109
33.2,9,1,23,6,12,-80.6401,-35.1043
33.2,10,1,23,6,0,-84.0602,0
33.2,11,2,23,6,12,-80.4623,-35.0107
33.2,12,0,23,6,13,-75.013,-49.6374
33.2,13,0,23,6,12,-80.5668,-35.0672
33.2,14,2,23,6,4,-75.9503,-49.3799
33.3,0,2,23,6,12,-81.004,-36.9811
33.3,1,0,23,6,12,-80.8832,-36.8539
33.3,2,1,23,6,12,-81.0062,-36.5099
33.3,3,1,23,6,12,-80.7949,-36.5733
33.3,4,0,23,6,13,-80.4604,-36.3185
33.3,5,2,23,6,12,-80.7247,-36.2685
33.3,6,2,23,6,13,-80.5621,-36.334
33.3,7,0,23,6,12,-80.63,-36.4857
33.3,8,1,23,6,13,-80.0941,-35.5955
33.3,9,1,23,6,12,-80.6621,-36.2236
33.3,10,1,23,6,0,-84.0932,0
33.3,11,2,23,6,12,-80.4749,-36.1107
33.3,12,0,23,6,13,-75.1352,-49.9012
33.3,13,0,23,6,12,-80.5722,-36.1611
33.3,14,2,23,6,4,-75.9707,-49.3285
33.4,0,2,23,6,11,-81.0255,11.4898
33.4,1,0,23,6,12,-80.9023,-38.0029
33.4,2,1,23,6,12,-81.0337,-37.6622
33.4,3,1,23,6,12,-80.8155,-37.7345
33.4,4,0,23,6,13,-80.4967,-37.3744
33.4,5,2,23,6,12,-80.7484,-37.4297
33.4,6,2,23,6,13,-80.5871,-37.3479
33.4,7,0,23,6,12,-80.6434,-37.6482
33.4,8,1,23,6,13,-80.1665,-36.7106
33.4,9,1,23,6,12,-80.6791,-37.3789
33.4,10,1,23,6,0,-84.1292,0
33.4,11,2,23,6,12,-80.4837,-37.2482
33.4,12,0,23,6,12,-75.2483,-50.1445
33.4,13,0,23,6,12,-80.5738,-37.2935
33.4,14,2,23,6,4,-75.9816,-49.1718
33.5,0,2,23,6,11,-81.0428,11.5389
33.5,1,0,23,6,11,-80.9174,14.4325
33.5,2,1,23,6,12,-81.0559,-38.8273
33.5,3,1,23,6,12,-80.8313,-38.9082
33.5,4,0,23,6,13,-80.528,-38.446
33.5,5,2,23,6,12,-80.7671,-38.604
33.5,6,2,23,6,13,-80.6074,-38.3775
33.5,7,0,23,6,12,-80.6524,-38.8237
33.5,8,1,23,6,13,-80.2294,-37.8353
33.5,9,1,23,6,12,-80.6913,-38.5476
33.5,10,1,23,6,0,-84.1681,0
33.5,11,2,23,6,12,-80.4887,-38.4011
33.5,12,0,23,6,11,-75.3524,-50.3654
33.5,13,0,23,6,12,-80.5718,-38.4423
33.5,14,2,23,6,4,-75.9839,-48.8978
33.6,0,1,23,12,11,-81.0559,11.5893
33.6,1,2,23,12,11,-80.9289,14.4737
33.6,2,0,23,6,12,-81.0729,-39.9657
33.6,3,0,23,6,12,-80.8428,-40.0552
33.6,4,2,23,6,13,-80.5543,-39.4945
33.6,5,1,23,6,12,-80.7812,-39.7519
33.6,6,1,23,6,13,-80.6231,-39.3841
33.6,7,2,23,6,12,-80.6571,-39.9722
33.6,8,0,23,6,13,-80.2837,-38.9314
33.6,9,0,23,6,12,-80.6989,-39.6905
33.6,10,0,23,6,0,-84.2104,0
33.6,11,1,23,6,12,-80.4897,-39.5294
33.6,12,2,23,6,11,-75.4471,-50.5611
33.6,13,2,23,6,12,-80.5661,-39.5668
33.6,14,1,23,6,4,-75.9782,-48.5625
33.7,0,1,23,12,11,-81.0651,11.6397
33.7,1,2,23,12,11,-80.9366,14.5113
33.7,2,0,23,6,12,-81.0852,-41.0194
33.7,3,0,23,6,12,-80.85,-41.1172
33.7,4,2,23,6,13,-80.5759,-40.4633
33.7,5,1,23,6,12,-80.7909,-40.8151
33.7,6,1,23,6,13,-80.6343,-40.3117
33.7,7,2,23,6,12,-80.6579,-41.0353
33.7,8,0,23,6,13,-80.3302,-39.9428
33.7,9,0,23,6,12,-80.702,-40.7486
33.7,10,0,23,6,0,-84.2484,0
33.7,11,1,23,6,12,-80.4871,-40.5746
33.7,12,2,23,6,11,-75.5318,-50.732
33.7,13,2,23,6,12,-80.557,-40.6091
33.7,14,1,23,6,4,-75.9657,-48.2223
33.8,0,1,23,12,11,-81.071,11.6884
33.8,1,2,23,12,11,-80.9411,14.5444
33.8,2,0,23,6,12,-81.0932,-41.9287
33.8,3,0,23,6,11,-80.8534,17.0065
33.8,4,2,23,6,13,-80.5933,-41.2943
33.8,5,1,23,6,12,-80.7968,-41.7343
33.8,6,1,23,6,13,-80.6413,-41.1019
33.8,7,2,23,6,11,-80.655,19.3524
33.8,8,0,23,6,13,-80.3698,-40.8117
33.8,9,0,23,6,12,-80.7012,-41.6627
33.8,10,0,23,6,0,-84.2918,0
33.8,11,1,23,6,12,-80.4814,-41.4773
33.8,12,2,23,6,9,-75.6068,-49.4518
33.8,13,2,23,6,12,-80.5449,-41.5091
33.8,14,1,23,6,4,-75.9479,-47.9096
33.9,0,1,23,12,11,-81.0736,11.7359
33.9,1,2,23,12,11,-80.9426,14.5729
33.9,2,0,23,6,12,-81.0971,-42.6491
33.9,3,0,23,6,11,-80.8532,17.0492
33.9,4,2,23,6,13,-80.6065,-41.9435
33.9,5,1,23,6,12,-80.7987,-42.4642
33.9,6,1,23,6,13,-80.6443,-41.7111
33.9,7,2,23,6,11,-80.6488,19.091
33.9,8,0,23,6,13,-80.4035,-41.4946
33.9,9,0,23,6,12,-80.6965,-42.3876
33.9,10,0,23,6,0,-84.3309,0
33.9,11,1,23,6,13,-80.4724,-42.5603
33.9,12,2,23,6,9,-75.6715,-49.5202
33.9,13,2,23,6,13,-80.5296,-42.6164
33.9,14,1,23,6,6,-75.9252,-48.0707
34,0,1,23,12,11,-81.0734,11.7776
34,1,2,23,12,11,-80.9414,14.5927
34,2,0,23,6,12,-81.0974,-43.1511
34,3,0,23,6,11,-80.8496,17.0878
34,4,2,23,6,13,-80.616,-42.3825
34,5,1,23,6,12,-80.7971,-42.975
34,6,1,23,6,13,-80.6435,-42.1112
34,7,2,23,6,11,-80.6397,18.846
34,8,0,23,6,13,-80.432,-41.9638
34,9,0,23,6,12,-80.6883,-42.8936
34,10,0,23,6,0,-84.3765,0
34,11,1,23,6,13,-80.4607,-42.9733
34,12,2,23,6,9,-75.7261,-49.581
34,13,2,23,6,13,-80.5117,-43.0272
34,14,1,23,6,6,-75.8995,-48.1632
34.1,0,2,23,12,11,-81.0707,11.815
34.1,1,1,23,12,11,-80.9377,14.6058
34.1,2,0,23,6,12,-81.0947,-43.4335
34.1,3,2,23,18,11,-80.8433,17.1218
34.1,4,2,23,6,13,-80.6222,-42.6104
34.1,5,1,23,6,12,-80.7926,-43.2654
34.1,6,1,23,6,13,-80.6398,-42.3022
34.1,7,0,23,18,11,-80.6279,18.6171
34.1,8,0,23,6,13,-80.4563,-42.2192
34.1,9,2,23,6,13,-80.6773,-43.357
34.1,10,0,23,6,0,-84.4176,0
34.1,11,1,23,6,13,-80.4465,-43.1755
34.1,12,2,23,6,9,-75.7708,-49.6298
34.1,13,0,23,6,13,-80.4913,-43.2273
34.1,14,1,23,6,7,-75.8716,-48.2324
34.2,0,2,23,12,11,-81.0659,11.8463
34.2,1,1,23,12,11,-80.932,14.6102
34.2,2,0,23,6,11,-81.0893,12.0504
34.2,3,2,23,18,11,-80.8344,17.1509
34.2,4,2,23,6,13,-80.6254,-42.6956
34.2,5,1,23,6,12,-80.7852,-43.3793
34.2,6,1,23,6,13,-80.6331,-42.3408
34.2,7,0,23,18,11,-80.6137,18.4026
34.2,8,0,23,6,13,-80.4768,-42.305
34.2,9,2,23,6,13,-80.6635,-43.3986
34.2,10,0,23,6,0,-84.5884,0
34.2,11,1,23,6,13,-80.4301,-43.2116
34.2,12,2,23,6,8,-75.8057,-49.6625
34.2,13,0,23,6,13,-80.4687,-43.2608
34.2,14,1,23,6,7,-75.8428,-48.2763
34.3,0,2,23,12,11,-81.0592,11.8712
34.3,1,1,23,12,11,-80.9243,14.6072
34.3,2,0,23,6,11,-81.0817,12.0761
34.3,3,2,23,18,11,-80.8232,17.1744
34.3,4,2,23,6,13,-80.6257,-42.7089
34.3,5,1,23,6,13,-80.7752,-43.3761
34.3,6,1,23,6,13,-80.6239,-42.3251
34.3,7,0,23,18,11,-80.5975,18.2018
34.3,8,0,23,6,13,-80.4939,-42.3062
34.3,9,2,23,6,13,-80.6472,-43.3313
34.3,10,0,23,6,0,-84.6329,0
34.3,11,1,23,6,13,-80.4116,-43.1394
34.3,12,2,23,6,8,-75.8303,-49.6751
34.3,13,0,23,6,13,-80.444,-43.1858
34.3,14,1,23,6,8,-75.8137,-49.6783
34.4,0,2,23,12,11,-81.051,11.8887
34.4,1,1,23,12,11,-80.9151,14.596
34.4,2,0,23,6,12,-81.0723,-43.3366
34.4,3,2,23,18,11,-80.8101,17.191
34.4,4,2,23,6,13,-80.6239,-42.6611
34.4,5,1,23,6,13,-80.7628,-43.3054
34.4,6,1,23,6,13,-80.6126,-42.2502
34.4,7,0,23,18,11,-80.5794,18.0144
34.4,8,0,23,6,13,-80.5082,-42.2842
34.4,9,2,23,6,13,-80.6289,-43.2142
34.4,10,0,23,6,0,-84.6843,0
34.4,11,1,23,6,13,-80.3914,-43.0182
34.4,12,2,23,6,8,-75.8455,-49.6657
34.4,13,0,23,6,13,-80.4175,-43.0613
34.4,14,1,23,6,9,-75.7854,-49.6225
34.5,0,2,23,12,11,-81.0414,11.8985
34.5,1,1,23,12,11,-80.9043,14.577
34.5,2,0,23,6,12,-81.0614,-43.2238
34.5,3,2,23,18,11,-80.7949,17.2015
34.5,4,2,23,6,13,-80.6197,-42.6038
34.5,5,1,23,6,13,-80.7482,-43.2289
34.5,6,1,23,6,13,-80.5995,-42.1683
34.5,7,0,23,18,11,-80.5596,17.8383
34.5,8,0,23,6,13,-80.5197,-42.2494
34.5,9,2,23,6,13,-80.6084,-43.1274
34.5,10,0,23,6,0,-84.7315,0
34.5,11,1,23,6,13,-80.3696,-42.9008
34.5,12,2,23,6,8,-75.8507,-49.6335
34.5,13,0,23,6,13,-80.3894,-42.9402
34.5,14,1,23,6,9,-75.7582,-49.5561
34.6,0,2,23,12,11,-81.0304,11.9015
34.6,1,1,23,48,11,-80.892,14.5523
34.6,2,0,23,6,12,-81.0492,-43.1627
34.6,3,2,23,18,11,-80.778,17.2057
34.6,4,2,23,6,13,-80.6134,-42.5828
34.6,5,1,23,6,13,-80.7315,-43.1889
34.6,6,1,23,6,13,-80.5847,-42.1246
34.6,7,0,22.6643,12,11,-80.5379,17.3357
34.6,8,0,23,6,13,-80.5282,-42.247
34.6,9,2,23,6,13,-80.5862,-43.084
34.6,10,1,23,6,0,-84.798,0
34.6,11,1,23,6,13,-80.346,-42.8519
34.6,12,0,23,6,8,-75.8688,-49.5015
34.6,13,0,23,6,13,-80.3593,-42.8685
34.6,14,2,23,6,9,-75.7556,-49.4026
34.7,0,2,23,12,11,-81.0183,11.8947
34.7,1,1,23,48,11,-80.8784,14.5196
34.7,2,0,23,6,12,-81.0357,-43.1676
34.7,3,2,23,18,11,-80.7593,17.2004
34.7,4,2,23,6,13,-80.6048,-42.6124
34.7,5,1,23,6,13,-80.7126,-43.1999
34.7,6,1,23,6,13,-80.5683,-42.134
34.7,7,0,22.6643,12,11,-80.5145,17.1763
34.7,8,0,23,6,13,-80.5332,-42.2911
34.7,9,2,23,6,13,-80.5619,-43.0918
34.7,10,1,23,6,0,-84.8569,0
34.7,11,1,23,6,13,-80.3206,-42.8579
34.7,12,0,23,6,8,-75.8541,-49.4218
34.7,13,0,23,6,13,-80.3273,-42.8601
34.7,14,2,23,6,9,-75.7317,-49.3138
34.8,0,2,23,12,11,-81.0046,11.8791
34.8,1,1,23,48,11,-80.863,14.4802
34.8,2,0,23,6,12,-81.0208,-43.2548
34.8,3,2,23,18,11,-80.7386,17.1878
34.8,4,2,23,6,13,-80.5936,-42.7085
34.8,5,1,23,6,13,-80.6912,-43.2778
34.8,6,1,23,6,13,-80.5498,-42.2121
34.8,7,0,22.6643,12,11,-80.489,17.023
34.8,8,0,23,6,13,-80.5346,-42.3979
34.8,9,2,23,6,13,-80.5354,-43.1669
34.8,10,1,23,6,0,-84.9118,0
34.8,11,1,23,6,13,-80.2932,-42.9319
34.8,12,0,23,6,8,-75.8286,-49.3245
34.8,13,0,23,6,13,-80.2933,-42.9314
34.8,14,2,23,6,9,-75.7087,-49.2199
34.9,0,2,23,12,11,-80.9894,11.8518
34.9,1,1,23,48,11,-80.8458,14.4315
34.9,2,0,23,6,13,-81.0043,-43.5798
34.9,3,2,23,18,11,-80.7157,17.1653
34.9,4,2,23,6,13,-80.5798,-42.8623
34.9,5,1,23,6,13,-80.6672,-43.4136
34.9,6,1,23,6,13,-80.5291,-42.3498
34.9,7,0,22.6643,12,11,-80.4614,16.8715
34.9,8,0,23,6,13,-80.5317,-42.5578
34.9,9,2,23,6,13,-80.5065,-43.3001
34.9,10,1,23,6,0,-84.9722,0
34.9,11,1,23,6,13,-80.2633,-43.0644
34.9,12,0,23,6,9,-75.7925,-49.2052
34.9,13,0,23,6,13,-80.2567,-43.0722
34.9,14,2,23,6,9,-75.6863,-49.116
35,0,2,23,12,11,-80.9722,11.8145
35,1,1,23,48,11,-80.8264,14.3756
35,2,0,23,6,13,-80.9859,-43.7682
35,3,2,23,18,11,-80.6902,17.1331
35,4,2,23,6,13,-80.5627,-43.0574
35,5,1,23,6,13,-80.6399,-43.5905
35,6,1,23,6,13,-80.5054,-42.53
35,7,0,22.6643,12,11,-80.4311,16.7202
35,8,0,23,6,13,-80.5234,-42.7534
35,9,2,23,6,13,-80.4748,-43.475
35,10,1,23,6,0,-85.0291,0
35,11,1,23,6,13,-80.2306,-43.2533
35,12,0,23,6,9,-75.7448,-49.5797
35,13,0,23,6,13,-80.2174,-43.2663
35,14,2,23,6,9,-75.6633,-49.4452
35.1,0,2,23,12,11,-80.9529,11.7643
35.1,1,0,23,36,11,-80.8042,14.3104
35.1,2,1,23,6,13,-80.965,-43.9725
35.1,3,2,22.9549,12,11,-80.6617,17.0451
35.1,4,2,23,6,13,-80.542,-43.2656
35.1,5,0,23,6,13,-80.6092,-43.7803
35.1,6,1,23,6,13,-80.4783,-42.7241
35.1,7,1,23,6,12,-80.3977,-43.938
35.1,8,0,23,6,13,-80.509,-42.956
35.1,9,2,23,6,13,-80.4398,-43.6859
35.1,10,1,23,6,0,-85.0807,0
35.1,11,1,23,6,13,-80.1946,-43.4768
35.1,12,2,23,6,10,-75.6652,-50.7246
35.1,13,0,23,6,13,-80.1745,-43.483
35.1,14,0,23,6,9,-75.6184,-50.6254
35.2,0,2,23,12,11,-80.9307,11.7024
35.2,1,0,23,36,11,-80.779,14.2361
35.2,2,1,23,6,13,-80.9413,-44.1366
35.2,3,2,22.9549,12,11,-80.6298,16.991
35.2,4,2,23,6,13,-80.5172,-43.4311
35.2,5,0,23,6,13,-80.5746,-43.9495
35.2,6,1,23,6,13,-80.4468,-42.8753
35.2,7,1,23,6,12,-80.3608,-44.0794
35.2,8,0,23,6,13,-80.4872,-43.1093
35.2,9,2,23,6,13,-80.4011,-43.8771
35.2,10,1,23,6,0,-85.1484,0
35.2,11,1,23,6,13,-80.1548,-43.6671
35.2,12,2,23,6,10,-75.5937,-51.8569
35.2,13,0,23,6,13,-80.1277,-43.6658
35.2,14,0,23,6,9,-75.5905,-51.8035
35.3,0,2,23,12,11,-80.9055,11.627
35.3,1,0,23,36,11,-80.7501,14.1523
35.3,2,1,23,6,13,-80.9138,-44.2173
35.3,3,2,22.9549,12,12,-80.5939,-44.3402
35.3,4,2,23,6,13,-80.4874,-43.5059
35.3,5,0,23,6,13,-80.5354,-44.0611
35.3,6,1,23,6,13,-80.41,-42.9349
35.3,7,1,23,6,13,-80.3197,-44.2289
35.3,8,0,23,6,13,-80.4571,-43.1675
35.3,9,2,23,6,13,-80.358,-43.9857
35.3,10,1,23,6,0,-85.2194,0
35.3,11,1,23,6,13,-80.1103,-43.7746
35.3,12,2,23,6,11,-75.5093,-52.9545
35.3,13,0,23,6,13,-80.0764,-43.7659
35.3,14,0,23,6,10,-75.5581,-52.9564
35.4,0,2,23,12,11,-80.8767,11.5383
35.4,1,0,23,36,11,-80.7171,14.0584
35.4,2,1,23,6,13,-80.8823,-44.2068
35.4,3,2,22.9549,12,13,-80.5535,-44.3691
35.4,4,2,23,6,13,-80.4525,-43.4847
35.4,5,0,23,6,13,-80.4909,-44.0277
35.4,6,1,23,6,13,-80.3667,-42.9
35.4,7,1,23,6,13,-80.2741,-44.1887
35.4,8,0,23,6,13,-80.418,-43.1305
35.4,9,2,23,6,13,-80.3099,-43.9494
35.4,10,1,23,6,0,-85.2933,0
35.4,11,1,23,6,13,-80.0608,-43.7371
35.4,12,2,23,6,11,-75.412,-53.9642
35.4,13,0,23,6,13,-80.0201,-43.7205
35.4,14,0,23,6,11,-75.5195,-54.0292
35.5,0,2,23,12,11,-80.8451,11.4377
35.5,1,0,23,36,12,-80.6809,-44.2819
35.5,2,1,23,6,13,-80.8476,-44.1162
35.5,3,2,22.9549,12,13,-80.5099,-44.2608
35.5,4,2,23,6,13,-80.4137,-43.3911
35.5,5,0,23,6,13,-80.4426,-43.9125
35.5,6,1,23,6,13,-80.3182,-42.7895
35.5,7,1,23,6,13,-80.225,-44.0667
35.5,8,0,23,6,13,-80.3732,-43.0137
35.5,9,2,23,6,13,-80.2583,-43.8311
35.5,10,1,23,6,0,-85.3688,0
35.5,11,1,23,6,13,-80.0073,-43.6173
35.5,12,2,23,6,12,-75.3086,-54.5793
35.5,13,0,23,6,13,-79.9597,-43.5923
35.5,14,0,23,6,11,-75.4738,-54.7066
35.6,0,2,23,12,11,-80.8116,11.3256
35.6,1,0,23,6,12,-80.6423,-44.0949
35.6,2,1,23,6,13,-80.8104,-43.9932
35.6,3,2,23,6,13,-80.4635,-44.0738
35.6,4,2,23,6,13,-80.3715,-43.2634
35.6,5,1,23,6,13,-80.3911,-43.763
35.6,6,1,23,6,13,-80.265,-42.6416
35.6,7,0,23,6,13,-80.1728,-43.9105
35.6,8,0,23,6,13,-80.3234,-42.8648
35.6,9,2,23,6,13,-80.2034,-43.678
35.6,10,1,23,6,0,-85.4429,0
35.6,11,1,23,6,13,-79.9506,-43.4628
35.6,12,2,23,6,12,-75.1997,-54.6497
35.6,13,0,23,6,13,-79.8962,-43.4295
35.6,14,0,23,6,11,-75.4166,-54.8331
35.7,0,2,23,12,11,-80.776,11.2024
35.7,1,0,23,6,12,-80.6012,-43.9061
35.7,2,1,23,6,13,-80.7709,-43.8618
35.7,3,2,23,6,13,-80.4144,-43.9227
35.7,4,2,23,6,13,-80.3263,-43.1262
35.7,5,1,23,6,13,-80.3363,-43.6037
35.7,6,1,23,6,13,-80.2073,-42.4814
35.7,7,0,23,6,13,-80.1177,-43.7444
35.7,8,0,23,6,13,-80.2689,-42.7084
35.7,9,2,23,6,13,-80.1455,-43.5148
35.7,10,1,23,6,0,-85.519,0
35.7,11,1,23,6,13,-79.8905,-43.2979
35.7,12,2,23,6,12,-75.0922,-54.204
35.7,13,0,23,6,13,-79.8293,-43.256
35.7,14,0,23,6,11,-75.3541,-54.4363
35.8,0,2,23,12,12,-80.7386,-44.021
35.8,1,0,23,6,13,-80.5576,-44.0257
35.8,2,1,23,6,13,-80.7288,-43.745
35.8,3,2,23,6,13,-80.3628,-43.7856
35.8,4,2,23,6,13,-80.2781,-43.0026
35.8,5,1,23,6,13,-80.2786,-43.458
35.8,6,1,23,6,13,-80.145,-42.3324
35.8,7,0,23,6,13,-80.0597,-43.5921
35.8,8,0,23,6,13,-80.2099,-42.5674
35.8,9,2,23,6,13,-80.0845,-43.3647
35.8,10,1,23,6,0,-85.5951,0
35.8,11,1,23,6,13,-79.8271,-43.1457
35.8,12,2,23,6,13,-74.9831,-53.375
35.8,13,0,23,6,13,-79.7592,-43.095
35.8,14,0,23,6,12,-75.2834,-53.649
35.9,0,2,23,12,12,-80.6991,-43.9074
35.9,1,0,23,6,13,-80.5116,-43.9317
35.9,2,1,23,6,13,-80.6844,-43.6626
35.9,3,2,23,6,13,-80.3084,-43.6823
35.9,4,2,23,6,13,-80.2269,-42.9123
35.9,5,1,23,6,13,-80.2175,-43.3454
35.9,6,1,23,6,13,-80.0786,-42.2156
35.9,7,0,23,6,13,-79.9985,-43.4728
35.9,8,0,23,6,13,-80.146,-42.4607
35.9,9,2,23,6,13,-80.0203,-43.2472
35.9,10,1,23,6,0,-85.664,0
35.9,11,1,23,6,13,-79.76,-43.0256
35.9,12,2,23,6,13,-74.8721,-52.3301
35.9,13,0,23,6,13,-79.6857,-42.9664
35.9,14,0,23,6,12,-75.2044,-52.6386
36,0,2,23,12,12,-80.6578,-43.864
36,1,0,23,6,13,-80.463,-43.9001
36,2,1,23,6,13,-80.6372,-43.6421
36,3,2,23,6,13,-80.2515,-43.641
36,4,2,23,6,13,-80.173,-42.884
36,5,1,23,6,13,-80.1535,-43.2944
36,6,1,23,6,13,-80.0081,-42.1597
36,7,0,23,6,13,-79.9345,-43.4151
36,8,0,23,6,13,-80.0779,-42.416
36,9,2,23,6,13,-79.9528,-43.1903
36,10,1,23,6,0,-85.7282,0
36,11,1,23,6,13,-79.6894,-42.9658
36,12,2,23,6,13,-74.7598,-51.2321
36,13,0,23,6,13,-79.6085,-42.8977
36,14,0,23,6,12,-75.1171,-51.5677
36.1,0,1,23,6,12,-80.6148,-43.8962
36.1,1,0,23,6,13,-80.4121,-43.9375
36.1,2,2,23,6,13,-80.5876,-43.69
36.1,3,1,23,6,13,-80.1922,-43.6681
36.1,4,1,23,6,13,-80.1165,-42.9236
36.1,5,2,23,6,13,-80.0866,-43.3116
36.1,6,2,23,6,13,-79.9341,-42.1721
36.1,7,0,23,6,13,-79.8675,-43.4253
36.1,8,0,23,6,13,-80.0054,-42.4387
36.1,9,1,23,6,13,-79.8821,-43.2006
36.1,10,2,23,6,0,-85.7878,0
36.1,11,2,23,6,13,-79.6153,-42.9727
36.1,12,1,23,6,13,-74.6333,-50.187
36.1,13,0,23,6,13,-79.5279,-42.8957
36.1,14,0,23,6,12,-75.0085,-50.5434
36.2,0,1,23,6,12,-80.5699,-44.0246
36.2,1,0,23,6,13,-80.359,-44.0646
36.2,2,2,23,6,13,-80.5358,-43.8273
36.2,3,1,23,6,13,-80.1306,-43.7847
36.2,4,1,23,6,13,-80.0574,-43.0523
36.2,5,2,23,6,13,-80.0169,-43.4175
36.2,6,2,23,6,13,-79.857,-42.2744
36.2,7,0,23,6,13,-79.7976,-43.5241
36.2,8,0,23,6,13,-79.9288,-42.5492
36.2,9,1,23,6,13,-79.8082,-43.2986
36.2,10,2,23,6,0,-85.8509,0
36.2,11,2,23,6,13,-79.5377,-43.067
36.2,12,1,23,6,13,-74.5184,-49.2343
36.2,13,0,23,6,13,-79.4439,-42.9809
36.2,14,0,23,6,12,-74.9067,-49.6052
36.3,0,1,23,6,13,-80.5216,-44.6706
36.3,1,0,23,6,13,-80.3019,-44.3532
36.3,2,2,23,6,13,-80.4791,-44.1251
36.3,3,1,23,6,13,-80.0651,-44.0624
36.3,4,1,23,6,13,-79.9934,-43.3418
36.3,5,2,23,6,13,-79.9425,-43.6842
36.3,6,2,23,6,13,-79.7737,-42.5389
36.3,7,0,23,6,13,-79.7234,-43.7835
36.3,8,0,23,6,13,-79.845,-42.8188
36.3,9,1,23,6,13,-79.7296,-43.5563
36.3,10,2,23,6,0,-85.9142,0
36.3,11,2,23,6,13,-79.4554,-43.3205
36.3,12,1,23,6,13,-74.3923,-48.3803
36.3,13,0,23,6,13,-79.3554,-43.2255
36.3,14,0,23,6,13,-74.8013,-48.7758
36.4,0,1,23,6,13,-80.4726,-44.9127
36.4,1,0,23,6,13,-80.2438,-44.5808
36.4,2,2,23,6,13,-80.4216,-44.3617
36.4,3,1,23,6,13,-79.9987,-44.2791
36.4,4,1,23,6,13,-79.9284,-43.5697
36.4,5,2,23,6,13,-79.8669,-43.8896
36.4,6,2,23,6,13,-79.6896,-42.744
36.4,7,0,23,6,13,-79.6478,-43.9816
36.4,8,0,23,6,13,-79.7588,-43.0253
36.4,9,1,23,6,13,-79.6493,-43.7521
36.4,10,2,23,6,0,-85.9781,0
36.4,11,2,23,6,13,-79.371,-43.5117
36.4,12,1,23,6,13,-74.2656,-47.9063
36.4,13,0,23,6,13,-79.2652,-43.4081
36.4,14,0,23,6,13,-74.6941,-48.3198
36.5,0,1,23,6,13,-80.4234,-45.1037
36.5,1,0,23,6,13,-80.1849,-44.7571
36.5,2,2,23,6,13,-80.3631,-44.5459
36.5,3,1,23,6,13,-79.9315,-44.4441
36.5,4,1,23,6,13,-79.8626,-43.7458
36.5,5,2,23,6,13,-79.7901,-44.0433
36.5,6,2,23,6,13,-79.6046,-42.8988
36.5,7,0,23,6,13,-79.571,-44.1278
36.5,8,0,23,6,13,-79.6701,-43.1774
36.5,9,1,23,6,13,-79.5671,-43.8948
36.5,10,2,23,6,0,-86.0422,0
36.5,11,2,23,6,13,-79.2845,-43.6495
36.5,12,1,23,6,13,-74.1386,-47.6988
36.5,13,0,23,6,13,-79.1731,-43.5377
36.5,14,0,23,6,13,-74.5851,-48.13
36.6,0,2,23,6,13,-80.3734,-45.2475
36.6,1,1,23,6,13,-80.1252,-44.8862
36.6,2,0,23,6,13,-80.3036,-44.6826
36.6,3,2,23,6,13,-79.8631,-44.5616
36.6,4,2,23,6,13,-79.7959,-43.8743
36.6,5,0,23,6,13,-79.7122,-44.1498
36.6,6,0,23,6,13,-79.5192,-43.0084
36.6,7,1,23,6,13,-79.4925,-44.2262
36.6,8,1,23,6,13,-79.5785,-43.2796
36.6,9,2,23,6,13,-79.4831,-43.9893
36.6,10,1,23,6,0,-86.1059,0
36.6,11,0,23,6,13,-79.1959,-43.7386
36.6,12,2,23,6,13,-74.0106,-47.4906
36.6,13,1,23,6,13,-79.0792,-43.6188
36.6,14,0,23,6,13,-74.4745,-47.9387
36.7,0,2,23,6,13,-80.3205,-45.2596
36.7,1,1,23,6,13,-80.0622,-44.8836
36.7,2,0,23,6,13,-80.2402,-44.6862
36.7,3,2,23,6,13,-79.7918,-44.5481
36.7,4,2,23,6,13,-79.7252,-43.8695
36.7,5,0,23,6,13,-79.6307,-44.1255
36.7,6,0,23,6,13,-79.4293,-42.9859
36.7,7,1,23,6,13,-79.4105,-44.194
36.7,8,1,23,6,13,-79.481,-43.2459
36.7,9,2,23,6,13,-79.3951,-43.9527
36.7,10,1,23,6,0,-86.1674,0
36.7,11,0,23,6,13,-79.1035,-43.6971
36.7,12,2,23,6,13,-73.8822,-47.2825
36.7,13,1,23,6,13,-78.9818,-43.5705
36.7,14,0,23,6,13,-74.353,-47.7366
36.8,0,2,23,6,13,-80.2668,-45.2734
36.8,1,1,23,6,13,-79.9982,-44.8828
36.8,2,0,23,6,13,-80.1757,-44.6911
36.8,3,2,23,6,13,-79.7193,-44.5358
36.8,4,2,23,6,13,-79.6537,-43.8663
36.8,5,0,23,6,13,-79.5479,-44.1025
36.8,6,0,23,6,13,-79.339,-42.9671
36.8,7,1,23,6,13,-79.3272,-44.1629
36.8,8,1,23,6,13,-79.3808,-43.2113
36.8,9,2,23,6,13,-79.3048,-43.9161
36.8,10,1,23,6,0,-86.2285,0
36.8,11,0,23,6,13,-79.0089,-43.6554
36.8,12,2,23,6,13,-73.7527,-47.0714
36.8,13,1,23,6,13,-78.8822,-43.5221
36.8,14,0,23,6,13,-74.2299,-47.5309
36.9,0,2,23,6,13,-80.2126,-45.2709
36.9,1,1,23,6,13,-79.9337,-44.8658
36.9,2,0,23,6,13,-80.1103,-44.6792
36.9,3,2,23,6,13,-79.6462,-44.5074
36.9,4,2,23,6,13,-79.5819,-43.8471
36.9,5,0,23,6,13,-79.4642,-44.0633
36.9,6,0,23,6,13,-79.2486,-42.9338
36.9,7,1,23,6,13,-79.2426,-44.1155
36.9,8,1,23,6,13,-79.2785,-43.1584
36.9,9,2,23,6,13,-79.2129,-43.8623
36.9,10,1,23,6,0,-86.2888,0
36.9,11,0,23,6,13,-78.9123,-43.5962
36.9,12,2,23,6,13,-73.6229,-46.8609
36.9,13,1,23,6,13,-78.781,-43.4565
36.9,14,0,23,6,13,-74.1061,-47.3255
37,0,2,23,6,13,-80.1578,-45.2481
37,1,1,23,6,13,-79.8685,-44.829
37,2,0,23,6,13,-80.0439,-44.6464
37,3,2,23,6,13,-79.5723,-44.4587
37,4,2,23,6,13,-79.5096,-43.808
37,5,0,23,6,13,-79.3797,-44.0046
37,6,0,23,6,13,-79.1583,-42.8824
37,7,1,23,6,13,-79.1567,-44.0474
37,8,1,23,6,13,-79.174,-43.0832
37,9,2,23,6,13,-79.119,-43.7872
37,10,1,23,6,0,-86.3483,0
37,11,0,23,6,13,-78.8139,-43.5154
37,12,2,23,6,13,-73.4927,-46.6491
37,13,1,23,6,13,-78.6781,-43.3697
37,14,0,23,6,13,-73.9814,-47.1183
37.1,0,2,23,6,13,-80.1024,-45.2018
37.1,1,1,23,6,13,-79.8029,-44.7688
37.1,2,0,23,6,13,-79.9766,-44.5893
37.1,3,2,23,6,13,-79.4978,-44.3869
37.1,4,2,23,6,13,-79.4368,-43.7451
37.1,5,0,23,6,13,-79.2949,-43.9231
37.1,6,0,23,6,13,-79.0684,-42.8097
37.1,7,1,23,6,13,-79.0698,-43.956
37.1,8,1,23,6,13,-79.0675,-42.9829
37.1,9,2,23,6,13,-79.0232,-43.6875
37.1,10,1,23,6,0,-86.407,0
37.1,11,0,23,6,13,-78.7137,-43.4103
37.1,12,2,23,6,13,-73.3622,-46.4362
37.1,13,1,23,6,13,-78.5735,-43.2588
37.1,14,0,23,6,13,-73.8563,-46.9097
37.2,0,2,23,6,13,-80.0466,-45.1326
37.2,1,1,23,6,13,-79.7368,-44.6859
37.2,2,0,23,6,13,-79.9086,-44.5089
37.2,3,2,23,6,13,-79.4228,-44.2921
37.2,4,2,23,6,13,-79.3638,-43.6597
37.2,5,0,23,6,13,-79.2092,-43.8191
37.2,6,0,23,6,13,-78.9792,-42.7162
37.2,7,1,23,6,13,-78.9818,-43.8415
37.2,8,1,23,6,13,-78.9591,-42.8576
37.2,9,2,23,6,13,-78.9255,-43.5637
37.2,10,1,23,6,0,-86.4648,0
37.2,11,0,23,6,13,-78.6116,-43.281
37.2,12,2,23,6,13,-73.2315,-46.2224
37.2,13,1,23,6,13,-78.4671,-43.124
37.2,14,0,23,6,13,-73.7304,-46.6996
37.3,0,2,23,6,13,-79.9905,-45.0473
37.3,1,1,23,6,13,-79.6707,-44.5874
37.3,2,0,23,6,13,-79.84,-44.4121
37.3,3,2,23,6,13,-79.3475,-44.1817
37.3,4,2,23,6,13,-79.2904,-43.5578
37.3,5,0,23,6,13,-79.1235,-43.7001
37.3,6,0,23,6,13,-78.8909,-42.6088
37.3,7,1,23,6,13,-78.8929,-43.7108
37.3,8,1,23,6,13,-78.8494,-42.7151
37.3,9,2,23,6,13,-78.8259,-43.423
37.3,10,1,23,6,0,-86.522,0
37.3,11,0,23,6,13,-78.5079,-43.135
37.3,12,2,23,6,13,-73.1009,-46.0097
37.3,13,1,23,6,13,-78.3589,-42.9724
37.3,14,0,23,6,13,-73.604,-46.4898
37.4,0,2,23,6,13,-79.9342,-44.9461
37.4,1,1,23,6,13,-79.6043,-44.473
37.4,2,0,23,6,13,-79.771,-44.2991
37.4,3,2,23,6,13,-79.272,-44.0557
37.4,4,2,23,6,13,-79.2169,-43.4399
37.4,5,0,23,6,13,-79.0373,-43.5657
37.4,6,0,23,6,13,-78.8042,-42.4879
37.4,7,1,23,6,13,-78.8028,-43.5639
37.4,8,1,23,6,13,-78.7381,-42.555
37.4,9,2,23,6,13,-78.7245,-43.2653
37.4,10,1,23,6,0,-86.5785,0
37.4,11,0,23,6,13,-78.4023,-42.972
37.4,12,2,23,6,13,-72.9707,-45.8016
37.4,13,1,23,6,13,-78.2489,-42.804
37.4,14,0,23,6,13,-73.4772,-46.2838
37.5,0,2,23,6,13,-79.8777,-44.8315
37.5,1,1,23,6,13,-79.5379,-44.3455
37.5,2,0,23,6,13,-79.7018,-44.1725
37.5,3,2,23,6,13,-79.1963,-43.9164
37.5,4,2,23,6,13,-79.1434,-43.3086
37.5,5,0,23,6,13,-78.951,-43.4186
37.5,6,0,23,6,13,-78.7191,-42.3563
37.5,7,1,23,6,13,-78.7121,-43.4035
37.5,8,1,23,6,13,-78.6258,-42.3804
37.5,9,2,23,6,13,-78.6213,-43.0931
37.5,10,1,23,6,0,-86.6345,0
37.5,11,0,23,6,13,-78.295,-42.7943
37.5,12,2,23,6,13,-72.8407,-45.5948
37.5,13,1,23,6,13,-78.1371,-42.6211
37.5,14,0,23,6,13,-73.3503,-46.0784
37.6,0,2,23,6,13,-79.8212,-44.7119
37.6,1,0,23,6,13,-79.4719,-44.2139
37.6,2,1,23,6,13,-79.6325,-44.0412
37.6,3,2,23,6,13,-79.1208,-43.7729
37.6,4,2,23,6,13,-79.0703,-43.173
37.6,5,0,23,6,13,-78.8647,-43.2675
37.6,6,0,23,6,13,-78.6365,-42.2229
37.6,7,1,23,6,13,-78.6204,-43.2379
37.6,8,1,23,6,13,-78.5129,-42.2003
37.6,9,2,23,6,13,-78.5165,-42.9151
37.6,10,1,23,6,0,-86.6897,0
37.6,11,0,23,6,13,-78.186,-42.6107
37.6,12,2,23,6,13,-72.7117,-45.3927
37.6,13,1,23,6,13,-78.0233,-42.4321
37.6,14,0,23,6,13,-73.2233,-45.8767
37.7,0,2,23,6,13,-79.7648,-44.5834
37.7,1,0,23,6,13,-79.4061,-44.0738
37.7,2,1,23,6,13,-79.5635,-43.9016
37.7,3,2,23,6,13,-79.0454,-43.621
37.7,4,2,23,6,13,-78.9976,-43.0288
37.7,5,0,23,6,13,-78.7787,-43.1083
37.7,6,0,23,6,13,-78.5564,-42.0837
37.7,7,1,23,6,13,-78.5281,-43.0633
37.7,8,1,23,6,13,-78.3998,-42.0109
37.7,9,2,23,6,13,-78.4099,-42.7269
37.7,10,1,23,6,0,-86.7446,0
37.7,11,0,23,6,13,-78.0753,-42.417
37.7,12,2,23,6,13,-72.5834,-45.1952
37.7,13,1,23,6,13,-77.9075,-42.2328
37.7,14,0,23,6,13,-73.0963,-45.6785
37.8,0,2,23,6,13,-79.7086,-44.452
37.8,1,0,23,6,13,-79.3407,-43.9316
37.8,2,1,23,6,13,-79.4949,-43.7597
37.8,3,2,23,6,13,-78.9703,-43.4669
37.8,4,2,23,6,13,-78.9256,-42.8823
37.8,5,0,23,6,13,-78.6926,-42.9469
37.8,6,0,23,6,13,-78.4792,-41.9448
37.8,7,1,23,6,13,-78.4349,-42.8851
37.8,8,1,23,6,13,-78.2867,-41.8184
37.8,9,2,23,6,13,-78.302,-42.5351
37.8,10,1,23,6,0,-86.799,0
37.8,11,0,23,6,13,-77.963,-42.2193
37.8,12,2,23,6,13,-72.4561,-45.0027
37.8,13,1,23,6,13,-77.7898,-42.0291
37.8,14,0,23,6,13,-72.9697,-45.4845
37.9,0,2,23,6,13,-79.6529,-44.3189
37.9,1,0,23,6,13,-79.2761,-43.7883
37.9,2,1,23,6,13,-79.4272,-43.6167
37.9,3,2,23,6,13,-78.8959,-43.3116
37.9,4,2,23,6,13,-78.8549,-42.7351
37.9,5,0,23,6,13,-78.6073,-42.7846
37.9,6,0,23,6,13,-78.4056,-41.8079
37.9,7,1,23,6,13,-78.3414,-42.7048
37.9,8,1,23,6,13,-78.1744,-41.6246
37.9,9,2,23,6,13,-78.1927,-42.3402
37.9,10,1,23,6,0,-86.853,0
37.9,11,0,23,6,13,-77.849,-42.018
37.9,12,2,23,6,13,-72.3306,-44.8156
37.9,13,1,23,6,13,-77.67,-41.8216
37.9,14,0,23,6,13,-72.8435,-45.2945
38,0,2,23,6,13,-79.6373,-44.182
38,1,0,23,6,13,-79.2123,-43.642
38,2,1,23,6,13,-79.3605,-43.4708
38,3,2,23,6,13,-78.8221,-43.1531
38,4,2,23,6,13,-78.7855,-42.5851
38,5,0,23,6,13,-78.5224,-42.619
38,6,0,23,6,13,-78.3359,-41.6711
38,7,1,23,6,13,-78.2474,-42.5202
38,8,1,23,6,13,-78.0634,-41.4277
38,9,2,23,6,13,-78.0821,-42.1402
38,10,1,23,6,0,-87.1237,0
38,11,0,23,6,13,-77.7338,-41.8119
38,12,2,23,6,13,-72.2067,-44.6339
38,13,1,23,6,13,-77.5482,-41.6083
38,14,0,23,6,13,-72.718,-45.1087
38.1,0,2,23,6,13,-79.5826,-44.0487
38.1,1,0,23,6,13,-79.1853,-43.4991
38.1,2,1,23,6,13,-79.2954,-43.3291
38.1,3,2,23,6,13,-78.7494,-42.9984
38.1,4,2,23,6,13,-78.718,-42.4394
38.1,5,0,23,6,13,-78.4384,-42.4571
38.1,6,0,23,6,13,-78.2707,-41.5413
38.1,7,1,23,6,13,-78.1532,-42.3379
38.1,8,1,23,6,13,-77.9545,-41.2352
38.1,9,2,23,6,13,-77.9706,-41.942
38.1,10,1,23,6,0,-87.4103,0
38.1,11,0,23,6,13,-77.6174,-41.6071
38.1,12,2,23,6,13,-72.0853,-44.4592
38.1,13,1,23,6,13,-77.4244,-41.3955
38.1,14,0,23,6,13,-72.5934,-44.9282
38.2,0,2,23,6,13,-79.5294,-43.9024
38.2,1,0,23,6,13,-79.1233,-43.3436
38.2,2,1,23,6,13,-79.2325,-43.1753
38.2,3,2,23,6,13,-78.6781,-42.8308
38.2,4,2,23,6,13,-78.6533,-42.282
38.2,5,0,23,6,13,-78.356,-42.2824
38.2,6,0,23,6,13,-78.2108,-41.4025
38.2,7,1,23,6,13,-78.0596,-42.1417
38.2,8,1,23,6,13,-77.8489,-41.0312
38.2,9,2,23,6,13,-77.859,-41.7296
38.2,10,1,23,6,0,-87.4655,0
38.2,11,0,23,6,13,-77.5005,-41.3876
38.2,12,2,23,6,13,-71.9671,-44.29
38.2,13,1,23,6,13,-77.2994,-41.1672
38.2,14,0,23,6,13,-72.471,-44.752
38.3,0,2,23,6,13,-79.4785,-43.731
38.3,1,0,23,6,13,-79.0635,-43.1629
38.3,2,1,23,6,13,-79.1726,-42.9975
38.3,3,2,23,6,13,-78.6092,-42.6384
38.3,4,2,23,6,13,-78.5921,-42.1008
38.3,5,0,23,6,13,-78.2759,-42.0832
38.3,6,0,23,6,13,-78.1572,-41.2426
38.3,7,1,23,6,13,-77.9671,-41.9195
38.3,8,1,23,6,13,-77.748,-40.8043
38.3,9,2,23,6,13,-77.7477,-41.4904
38.3,10,1,23,6,0,-87.5199,0
38.3,11,0,23,6,13,-77.3836,-41.1412
38.3,12,2,23,6,13,-71.8528,-44.1302
38.3,13,1,23,6,13,-77.1735,-40.911
38.3,14,0,23,6,13,-72.3521,-44.5846
38.4,0,2,23,6,13,-79.4305,-43.5344
38.4,1,0,23,6,13,-79.0067,-42.9572
38.4,2,1,23,6,13,-79.1521,-42.7953
38.4,3,2,23,6,13,-78.5747,-42.4215
38.4,4,2,23,6,13,-78.5355,-41.8958
38.4,5,0,23,6,13,-78.2277,-41.859
38.4,6,0,23,6,13,-78.111,-41.0616
38.4,7,1,23,6,13,-77.8766,-41.6711
38.4,8,1,23,6,13,-77.6534,-40.5551
38.4,9,2,23,6,13,-77.6634,-41.2252
38.4,10,1,23,6,0,-88.7001,0
38.4,11,0,23,6,13,-77.268,-40.8681
38.4,12,2,23,6,13,-71.7438,-43.9791
38.4,13,1,23,6,13,-77.0479,-40.6269
38.4,14,0,23,6,13,-72.238,-44.4251
38.5,0,2,23,6,13,-79.3865,-43.3151
38.5,1,0,23,6,13,-78.9538,-42.7288
38.5,2,1,23,6,13,-79.1005,-42.5716
38.5,3,2,23,6,13,-78.5123,-42.1817
38.5,4,2,23,6,13,-78.4847,-41.6698
38.5,5,0,23,6,13,-78.1542,-41.6122
38.5,6,0,23,6,13,-78.073,-40.8616
38.5,7,1,23,6,13,-77.789,-41.3988
38.5,8,1,23,6,13,-77.5666,-40.2862
38.5,9,2,23,6,13,-77.5558,-40.9359
38.5,10,1,23,6,0,-88.7601,0
38.5,11,0,23,6,13,-77.1546,-40.5703
38.5,12,2,23,6,13,-71.6416,-43.8359
38.5,13,1,23,6,13,-76.9234,-40.3172
38.5,14,0,23,6,13,-72.13,-44.2726
38.6,0,2,23,6,13,-79.3468,-43.0699
38.6,1,0,23,6,13,-78.9053,-42.4745
38.6,2,1,23,6,13,-79.0543,-42.3228
38.6,3,2,23,6,13,-78.4544,-41.9164
38.6,4,2,23,6,13,-78.4403,-41.4196
38.6,5,0,23,6,13,-78.0855,-41.3398
38.6,6,0,23,6,13,-78.0439,-40.6396
38.6,7,1,23,6,13,-77.705,-41.0998
38.6,8,1,23,6,13,-77.489,-39.9956
38.6,9,2,23,6,13,-77.4521,-40.6205
38.6,10,1,23,6,0,-88.819,0
38.6,11,0,23,6,13,-77.044,-40.2453
38.6,12,2,23,6,13,-71.5468,-43.7003
38.6,13,1,23,6,13,-76.8008,-39.9791
38.6,14,0,23,6,13,-72.0291,-44.1271
38.7,0,2,23,6,13,-79.3122,-42.7973
38.7,1,0,23,6,13,-78.8622,-42.1928
38.7,2,1,23,6,13,-79.0145,-42.0478
38.7,3,2,23,6,13,-78.402,-41.6237
38.7,4,2,23,6,13,-78.4032,-41.1438
38.7,5,0,23,6,13,-78.022,-41.0398
38.7,6,0,23,6,13,-78.0243,-40.3936
38.7,7,1,23,6,13,-77.6509,-40.7727
38.7,8,1,23,6,13,-77.4223,-39.6825
38.7,9,2,23,6,13,-77.3531,-40.277
38.7,10,1,23,6,0,-89.6017,0
38.7,11,0,23,6,13,-76.9374,-39.8913
38.7,12,2,23,6,13,-71.4606,-43.5716
38.7,13,1,23,6,13,-76.7012,-39.6109
38.7,14,0,23,6,13,-71.9366,-43.988
38.8,0,2,23,6,13,-79.282,-42.4551
38.8,1,0,23,6,13,-78.8233,-41.8414
38.8,2,1,23,6,13,-78.9804,-41.7042
38.8,3,2,23,6,13,-78.354,-41.2614
38.8,4,2,23,6,13,-78.3726,-40.8001
38.8,5,0,23,6,13,-77.9633,-40.6706
38.8,6,0,23,6,13,-78.0128,-40.0813
38.8,7,1,23,6,13,-77.5746,-40.3751
38.8,8,1,23,6,13,-77.366,-39.3053
38.8,9,2,23,6,13,-77.2581,-39.8638
38.8,10,1,23,6,0,-90.0832,0
38.8,11,0,23,6,13,-76.8546,-39.4664
38.8,12,2,23,6,13,-71.3803,-43.4455
38.8,13,1,23,6,13,-76.5828,-39.1709
38.8,14,0,23,6,13,-71.8524,-43.8535
38.9,0,2,23,6,13,-79.2555,-41.9874
38.9,1,0,23,6,13,-78.7881,-41.3647
38.9,2,1,23,6,13,-78.9506,-41.2359
38.9,3,2,23,6,13,-78.3094,-40.7738
38.9,4,2,23,6,13,-78.3472,-40.3326
38.9,5,0,23,6,13,-77.9077,-40.1754
38.9,6,0,23,6,13,-78.0078,-39.6463
38.9,7,1,23,6,13,-77.501,-39.8515
38.9,8,1,23,6,13,-77.3186,-38.8081
38.9,9,2,23,6,13,-77.166,-39.325
38.9,10,1,23,6,0,-90.1475,0
38.9,11,0,23,6,13,-76.7523,-38.9153
38.9,12,2,23,6,13,-71.3014,-43.3172
38.9,13,1,23,6,13,-76.4652,-38.6031
38.9,14,0,23,6,13,-71.778,-43.7243
39,0,2,23,6,13,-79.231,-41.3625
39,1,0,23,6,13,-78.7547,-40.7307
39,2,1,23,6,13,-78.9236,-40.6114
39,3,2,23,6,13,-78.2664,-40.1287
39,4,2,23,6,13,-78.3249,-39.7096
39,5,0,23,6,13,-77.8537,-39.5233
39,6,0,23,6,13,-78.0063,-39.0565
39,7,1,23,6,13,-77.4284,-39.1703
39,8,1,23,6,13,-77.2782,-38.1601
39,9,2,23,6,13,-77.0747,-38.6294
39,10,1,23,6,0,-90.2112,0
39,11,0,23,6,13,-76.6498,-38.2059
39,12,2,23,6,13,-71.2185,-43.1824
39,13,1,23,6,13,-76.3465,-37.8766
39,14,0,23,6,13,-71.713,-43.6009
39.1,0,2,23,6,13,-79.2081,-40.7085
39.1,1,0,23,6,13,-78.7226,-40.0674
39.1,2,1,23,6,13,-78.8985,-39.9587
39.1,3,2,23,6,13,-78.2249,-39.4547
39.1,4,2,23,6,13,-78.3051,-39.0593
39.1,5,0,23,6,13,-77.8006,-38.8416
39.1,6,0,23,6,13,-78.0071,-38.4393
39.1,7,1,23,6,13,-77.3569,-38.4598
39.1,8,1,23,6,13,-77.2435,-37.4893
39.1,9,2,23,6,13,-76.9843,-37.9041
39.1,10,1,23,6,0,-90.2741,0
39.1,11,0,23,6,13,-76.5478,-37.4665
39.1,12,2,23,6,13,-71.1329,-43.0421
39.1,13,1,23,6,13,-76.2272,-37.1184
39.1,14,0,23,6,13,-71.6551,-43.4815
39.2,0,2,23,6,13,-79.1848,-40.0739
39.2,1,0,23,6,13,-78.6899,-39.4233
39.2,2,1,23,6,13,-78.8731,-39.3258
39.2,3,2,23,6,13,-78.1824,-38.7994
39.2,4,2,23,6,13,-78.2849,-38.4295
39.2,5,0,23,6,13,-77.7464,-38.1787
39.2,6,0,23,6,13,-78.0064,-37.8419
39.2,7,1,23,6,13,-77.2843,-37.7676
39.2,8,1,23,6,13,-77.2112,-36.8433
39.2,9,2,23,6,13,-76.8928,-37.1976
39.2,10,1,23,6,0,-90.3361,0
39.2,11,0,23,6,13,-76.4439,-36.7444
39.2,12,2,23,6,13,-71.0417,-42.892
39.2,13,1,23,6,13,-76.106,-36.3772
39.2,14,0,23,6,13,-71.6007,-43.3615
39.3,0,2,23,6,13,-79.1592,-39.4965
39.3,1,0,23,6,13,-78.6546,-38.8359
39.3,2,1,23,6,13,-78.8448,-38.7501
39.3,3,2,23,6,13,-78.137,-38.2003
39.3,4,2,23,6,13,-78.2617,-37.8577
39.3,5,0,23,6,13,-77.6885,-37.571
39.3,6,0,23,6,13,-78.0008,-37.3007
39.3,7,1,23,6,13,-77.2082,-37.1309
39.3,8,1,23,6,13,-77.1774,-36.2589
39.3,9,2,23,6,13,-76.7977,-36.5465
39.3,10,1,23,6,0,-90.3975,0
39.3,11,0,23,6,13,-76.3361,-36.0771
39.3,12,2,23,6,13,-70.9423,-42.731
39.3,13,1,23,6,13,-75.9806,-35.6901
39.3,14,0,23,6,13,-71.5453,-43.238
39.4,0,2,23,6,13,-79.1297,-38.9905
39.4,1,0,23,6,13,-78.6144,-38.3188
39.4,2,1,23,6,13,-78.8115,-38.2453
39.4,3,2,23,6,13,-78.0864,-37.6713
39.4,4,2,23,6,13,-78.2329,-37.3573
39.4,5,0,23,6,13,-77.6248,-37.0327
39.4,6,0,23,6,13,-77.9872,-36.8288
39.4,7,1,23,6,13,-77.1268,-36.5638
39.4,8,1,23,6,13,-77.1389,-35.7491
39.4,9,2,23,6,13,-76.697,-35.9649
39.4,10,1,23,6,0,-90.4583,0
39.4,11,0,23,6,13,-76.2226,-35.4784
39.4,12,2,23,6,13,-70.8338,-42.5569
39.4,13,1,23,6,13,-75.8491,-35.0705
39.4,14,0,23,6,13,-71.4834,-43.1051
39.5,0,2,23,6,13,-79.0946,-38.5672
39.5,1,0,23,6,13,-78.5682,-37.8836
39.5,2,1,23,6,13,-78.7715,-37.8226
39.5,3,2,23,6,13,-78.0293,-37.2237
39.5,4,2,23,6,13,-78.1962,-36.9387
39.5,5,0,23,6,13,-77.5539,-36.5749
39.5,6,0,23,6,13,-77.9631,-36.436
39.5,7,1,23,6,13,-77.0385,-36.0775
39.5,8,1,23,6,13,-77.0926,-35.3237
39.5,9,2,23,6,13,-76.5894,-35.4639
39.5,10,1,23,6,0,-90.5186,0
39.5,11,0,23,6,13,-76.1019,-34.9597
39.5,12,2,23,6,13,-70.7151,-42.3678
39.5,13,1,23,6,13,-75.7109,-34.5308
39.5,14,0,23,6,13,-71.4117,-42.9588
39.6,0,2,23,6,13,-79.0531,-38.2417
39.6,1,0,23,6,13,-78.5148,-37.5456
39.6,2,1,23,6,13,-78.7237,-37.4969
39.6,3,2,23,6,13,-77.9649,-36.8728
39.6,4,2,23,6,13,-78.1506,-36.6171
39.6,5,0,23,6,13,-77.4749,-36.2127
39.6,6,0,23,6,13,-77.9272,-36.1372
39.6,7,1,23,6,13,-76.9424,-35.6872
39.6,8,1,23,6,13,-77.0364,-34.9964
39.6,9,2,23,6,13,-76.4737,-35.0582
39.6,10,1,23,6,0,-90.578,0
39.6,11,0,23,6,13,-75.9735,-34.5361
39.6,12,2,23,6,13,-70.5878,-42.1674
39.6,13,1,23,6,13,-75.5655,-34.0864
39.6,14,0,23,6,13,-71.326,-42.7975
39.7,0,2,23,6,13,-79.0041,-38.0228
39.7,1,0,23,6,13,-78.4534,-37.3132
39.7,2,1,23,6,13,-78.667,-37.2766
39.7,3,2,23,6,13,-77.8921,-36.6271
39.7,4,2,23,6,13,-78.0947,-36.4008
39.7,5,0,23,6,13,-77.3868,-35.9547
39.7,6,0,23,6,13,-77.8779,-35.9401
39.7,7,1,23,6,13,-76.8376,-35.4014
39.7,8,1,23,6,13,-76.9685,-34.775
39.7,9,2,23,6,13,-76.3494,-34.7569
39.7,10,1,23,6,0,-90.6365,0
39.7,11,0,23,6,13,-75.837,-34.217
39.7,12,2,23,6,13,-70.4525,-41.9588
39.7,13,1,23,6,13,-75.4123,-33.7461
39.7,14,0,23,6,13,-71.2226,-42.6204
39.8,0,2,23,6,13,-78.9495,-37.8282
39.8,1,0,23,6,13,-78.386,-37.1047
39.8,2,1,23,6,13,-78.6032,-37.0795
39.8,3,2,23,6,13,-77.8131,-36.4053
39.8,4,2,23,6,13,-78.0305,-36.2068
39.8,5,0,23,6,13,-77.292,-35.7201
39.8,6,0,23,6,13,-77.8172,-35.7618
39.8,7,1,23,6,13,-76.7269,-35.1401
39.8,8,1,23,6,13,-76.8905,-34.5758
39.8,9,2,23,6,13,-76.2197,-34.4804
39.8,10,1,23,6,0,-90.6929,0
39.8,11,0,23,6,13,-75.6956,-33.9231
39.8,12,2,23,6,13,-70.9341,-41.736
39.8,13,1,23,6,13,-77.6003,-32.4174
39.8,14,0,23,6,13,-71.108,-42.4299
39.9,0,2,23,6,13,-78.8903,-37.6352
39.9,1,0,23,6,13,-78.3136,-36.8976
39.9,2,1,23,6,13,-78.5335,-36.8825
39.9,3,2,23,6,13,-77.7292,-36.1851
39.9,4,2,23,6,13,-77.9588,-36.0122
39.9,5,0,23,6,13,-77.1919,-35.4864
39.9,6,0,23,6,13,-77.7462,-35.579
39.9,7,1,23,6,13,-76.6117,-34.8813
39.9,8,1,23,6,13,-76.8032,-34.3752
39.9,9,2,23,6,13,-76.0864,-34.2073
39.9,10,1,23,6,0,-90.747,0
39.9,11,0,23,6,13,-75.5516,-33.6338
39.9,12,2,23,6,13,-70.7959,-41.5111
39.9,13,1,23,6,13,-77.4691,-32.108
39.9,14,0,23,6,13,-70.985,-42.2298
40,0,2,23,6,13,-78.8265,-37.4483
40,1,0,23,6,13,-78.2365,-36.6967
40,2,1,23,6,13,-78.4581,-36.6904
40,3,2,23,6,13,-77.6409,-35.9716
40,4,2,23,6,13,-77.9067,-35.8215
40,5,0,23,6,13,-77.0871,-35.2593
40,6,0,23,6,13,-77.6656,-35.3966
40,7,1,23,6,13,-76.4928,-34.6309
40,8,1,23,6,13,-76.7071,-34.1775
40,9,2,23,6,13,-75.95,-33.9432
40,10,1,23,6,0,-91.3469,0
40,11,0,23,6,13,-75.4057,-33.3551
40,12,2,23,6,13,-70.6537,-41.2801
40,13,1,23,6,13,-77.3349,-31.8179
40,14,0,23,6,13,-70.8539,-42.0195
40.1,0,2,23,6,13,-78.7593,-37.2746
40.1,1,0,23,6,13,-78.1558,-36.509
40.1,2,1,23,6,13,-78.3781,-36.5102
40.1,3,2,23,6,13,-77.5488,-35.7716
40.1,4,2,23,6,13,-77.8216,-35.6417
40.1,5,0,23,6,13,-76.9787,-35.0458
40.1,6,0,23,6,13,-77.576,-35.2207
40.1,7,1,23,6,13,-76.3711,-34.3957
40.1,8,1,23,6,13,-76.603,-33.989
40.1,9,2,23,6,13,-75.8124,-33.6958
40.1,10,1,23,6,0,-91.3936,0
40.1,11,0,23,6,13,-77.6197,-32.105
40.1,12,2,23,6,13,-71.1665,-41.0363
40.1,13,1,23,6,13,-77.1996,-31.5553
40.1,14,0,23,6,13,-70.7167,-41.8006
40.2,0,2,23,6,13,-78.689,-37.1089
40.2,1,0,23,6,13,-78.072,-36.3295
40.2,2,1,23,6,13,-78.2939,-36.3364
40.2,3,2,23,6,13,-77.4539,-35.58
40.2,4,2,23,6,13,-77.7311,-35.4674
40.2,5,0,23,6,13,-76.8673,-34.8409
40.2,6,0,23,6,13,-77.4783,-35.0465
40.2,7,1,23,6,13,-76.2475,-34.171
40.2,8,1,23,6,13,-76.4917,-33.8042
40.2,9,2,23,6,13,-75.6738,-33.4599
40.2,10,1,23,6,0,-91.4373,0
40.2,11,0,23,6,13,-77.4961,-31.8638
40.2,12,2,23,6,13,-71.0251,-40.7969
40.2,13,1,23,6,13,-77.0643,-31.3134
40.2,14,0,23,6,13,-70.5749,-41.574
40.3,0,2,23,6,13,-78.6092,-36.9532
40.3,1,0,23,6,13,-77.9781,-36.1593
40.3,2,1,23,6,13,-78.2053,-36.1776
40.3,3,2,23,6,13,-77.3495,-35.399
40.3,4,2,23,6,13,-77.6351,-35.3071
40.3,5,0,23,6,13,-76.753,-34.6533
40.3,6,0,23,6,13,-77.3725,-34.8824
40.3,7,1,23,6,13,-76.1217,-33.9655
40.3,8,1,23,6,13,-76.373,-33.6314
40.3,9,2,23,6,13,-75.5343,-33.2446
40.3,10,1,23,6,0,-91.4777,0
40.3,11,0,23,6,13,-77.3715,-31.6486
40.3,12,2,23,6,13,-70.8797,-40.5611
40.3,13,1,23,6,13,-76.9296,-31.1003
40.3,14,0,23,6,13,-70.4282,-41.3478
40.4,0,2,23,6,13,-78.5195,-36.8368
40.4,1,0,23,6,13,-77.8734,-36.0283
40.4,2,1,23,6,13,-78.1114,-36.0625
40.4,3,2,23,6,13,-77.2345,-35.258
40.4,4,2,23,6,13,-77.5336,-35.19
40.4,5,0,23,6,13,-76.6335,-34.5124
40.4,6,0,23,6,13,-77.2585,-34.7575
40.4,7,1,23,6,13,-75.9854,-33.8023
40.4,8,1,23,6,13,-76.2479,-33.4996
40.4,9,2,23,6,13,-75.3907,-33.0793
40.4,10,1,23,6,0,-91.5153,0
40.4,11,0,23,6,13,-77.247,-31.4757
40.4,12,2,23,6,13,-70.7252,-40.3242
40.4,13,1,23,6,13,-76.797,-30.9305
40.4,14,0,23,6,13,-70.2778,-41.1228
40.5,0,2,23,6,13,-78.4221,-36.7262
40.5,1,0,23,6,13,-77.7609,-35.903
40.5,2,1,23,6,13,-78.0142,-35.9573
40.5,3,2,23,6,13,-77.1121,-35.1235
40.5,4,2,23,6,13,-77.4273,-35.0815
40.5,5,0,23,6,13,-76.5056,-34.3767
40.5,6,0,23,6,13,-77.1373,-34.6378
40.5,7,1,23,6,13,-75.843,-33.6478
40.5,8,1,23,6,13,-76.1162,-33.3745
40.5,9,2,23,6,13,-77.6476,-31.9394
40.5,10,1,23,6,0,-91.5501,0
40.5,11,0,23,6,13,-77.1232,-31.3226
40.5,12,2,23,6,13,-71.2457,-40.0719
40.5,13,1,23,6,13,-80.8613,5.47303
40.5,14,0,23,6,13,-70.7647,-40.8947
40.6,0,2,23,6,13,-78.3182,-36.6181
40.6,1,0,23,6,13,-77.6415,-35.7801
40.6,2,1,23,6,13,-77.9134,-35.8574
40.6,3,2,23,6,13,-76.9835,-34.9922
40.6,4,2,23,6,13,-77.3171,-34.9779
40.6,5,0,23,6,13,-76.3698,-34.2424
40.6,6,0,23,6,13,-77.0093,-34.5194
40.6,7,1,23,6,13,-75.6952,-33.4982
40.6,8,1,23,6,13,-75.9787,-33.2524
40.6,9,2,23,6,13,-77.5149,-31.7834
40.6,10,1,23,6,0,-91.5822,0
40.6,11,0,23,6,13,-77.0011,-31.1847
40.6,12,2,23,6,13,-71.0845,-39.8402
40.6,13,1,23,6,13,-80.8029,5.59377
40.6,14,0,23,6,13,-70.6095,-40.6724
40.7,0,2,23,6,13,-78.2089,-36.5113
40.7,1,0,23,6,13,-77.5164,-35.6582
40.7,2,1,23,6,13,-77.8101,-35.7615
40.7,3,2,23,6,13,-76.8494,-34.8624
40.7,4,2,23,6,13,-77.2032,-34.8772
40.7,5,0,23,6,13,-76.2277,-34.1087
40.7,6,0,23,6,13,-76.875,-34.4004
40.7,7,1,23,6,13,-75.5432,-33.3519
40.7,8,1,23,6,13,-75.8351,-33.1307
40.7,9,2,23,6,13,-77.3775,-31.6315
40.7,10,1,23,6,0,-91.6121,0
40.7,11,0,23,6,13,-76.8749,-31.0522
40.7,12,2,23,6,13,-70.919,-39.6078
40.7,13,1,23,6,13,-80.7427,5.70981
40.7,14,0,23,6,13,-70.4503,-40.4492
40.8,0,2,23,6,13,-78.094,-36.3619
40.8,1,0,23,6,13,-77.386,-35.4947
40.8,2,1,23,6,13,-77.7026,-35.6238
40.8,3,2,23,6,13,-76.71,-34.6919
40.8,4,2,23,6,13,-77.0842,-34.7333
40.8,5,0,23,6,13,-76.0799,-33.9343
40.8,6,0,23,6,13,-76.7323,-34.2341
40.8,7,1,23,6,13,-75.3881,-33.1691
40.8,8,1,23,6,13,-78.5187,-31.9328
40.8,9,2,23,6,13,-77.2375,-31.4422
40.8,10,1,23,6,0,-91.6374,0
40.8,11,0,23,6,13,-76.7482,-30.8844
40.8,12,2,23,6,13,-71.4752,-39.3573
40.8,13,1,23,6,13,-80.6759,5.81197
40.8,14,0,23,6,13,-70.2867,-40.2201
40.9,0,2,23,6,13,-77.9756,-36.2113
40.9,1,0,23,6,13,-77.2522,-35.3303
40.9,2,1,23,6,13,-77.5934,-35.4864
40.9,3,2,23,6,13,-76.5672,-34.5202
40.9,4,2,23,6,13,-76.9625,-34.5887
40.9,5,0,23,6,13,-75.9281,-33.7581
40.9,6,0,23,6,13,-76.5841,-34.0638
40.9,7,1,23,6,13,-75.2306,-32.987
40.9,8,1,23,6,13,-78.3928,-31.7458
40.9,9,2,23,6,13,-77.0954,-31.2547
40.9,10,1,23,6,0,-91.661,0
40.9,11,0,23,6,13,-80.9135,5.4198
40.9,12,2,23,6,13,-71.3055,-39.1165
40.9,13,1,23,6,13,-80.6028,5.90615
40.9,14,0,23,6,13,-70.78,-39.9782
41,0,2,23,6,13,-77.8553,-36.0628
41,1,0,23,6,13,-77.116,-35.1678
41,2,1,23,6,13,-77.4824,-35.3517
41,3,2,23,6,13,-76.422,-34.3506
41,4,2,23,6,13,-76.8377,-34.4455
41,5,0,23,6,13,-75.7732,-33.5839
41,6,0,23,6,13,-76.4306,-33.8925
41,7,1,23,6,13,-77.4884,-31.8344
41,8,1,23,6,13,-78.2624,-31.5577
41,9,2,23,6,13,-76.9519,-31.0724
41,10,1,23,6,0,-91.6827,0
41,11,0,23,6,13,-80.8373,5.55109
41,12,2,23,6,13,-71.955,-38.8246
41,13,1,23,6,13,-80.5236,5.99189
41,14,0,23,6,13,-70.6132,-39.7417
41.1,0,2,23,6,13,-77.7334,-35.9117
41.1,1,0,23,6,13,-76.9784,-35.003
41.1,2,1,23,6,13,-77.3695,-35.2144
41.1,3,2,23,6,13,-76.2751,-34.1787
41.1,4,2,23,6,13,-76.7101,-34.2985
41.1,5,0,23,6,13,-75.6164,-33.4073
41.1,6,0,23,6,13,-76.2715,-33.7144
41.1,7,1,23,6,13,-77.3538,-31.6459
41.1,8,1,23,6,13,-78.1269,-31.3623
41.1,9,2,23,6,13,-76.8074,-30.8913
41.1,10,1,23,6,0,-91.7029,0
41.1,11,0,23,18,13,-80.7545,5.68162
41.1,12,2,23,6,13,-71.785,-38.5748
41.1,13,1,23,6,13,-80.4388,6.0681
41.1,14,0,23,6,13,-70.4457,-39.5007
41.2,0,2,23,6,13,-77.6102,-35.7569
41.2,1,0,23,6,13,-76.8394,-34.8343
41.2,2,1,23,6,13,-77.2551,-35.0727
41.2,3,2,23,6,13,-76.1268,-34.0031
41.2,4,2,23,6,13,-76.5799,-34.1461
41.2,5,0,23,6,13,-75.4589,-33.2269
41.2,6,0,23,6,13,-76.107,-33.5279
41.2,7,1,23,6,13,-77.2189,-31.4552
41.2,8,1,23,6,13,-77.9868,-31.1577
41.2,9,2,23,6,13,-76.6642,-30.7112
41.2,10,1,23,6,0,-91.7215,0
41.2,11,0,23,18,13,-80.6658,5.80978
41.2,12,2,23,6,13,-71.6128,-38.3198
41.2,13,1,23,6,13,-80.3486,6.13443
41.2,14,0,23,6,13,-70.2781,-39.2556
41.3,0,2,23,6,13,-77.4863,-35.6025
41.3,1,0,23,6,13,-76.7,-34.6665
41.3,2,1,23,6,13,-77.1337,-34.9247
41.3,3,2,23,6,13,-75.9779,-33.8281
41.3,4,2,23,6,13,-76.4467,-33.9915
41.3,5,0,23,6,13,-75.3012,-33.0476
41.3,6,0,23,6,13,-75.9373,-33.3369
41.3,7,1,23,6,13,-77.0838,-31.2666
41.3,8,1,23,6,13,-77.8416,-30.9476
41.3,9,2,23,6,13,-76.5226,-30.5375
41.3,10,1,23,6,0,-91.7384,0
41.3,11,0,23,18,13,-80.5729,5.93348
41.3,12,2,23,6,13,-71.4387,-38.0629
41.3,13,1,23,6,13,-80.2537,6.18986
41.3,14,0,23,6,13,-70.1102,-39.0091
41.4,0,2,23,6,13,-77.3625,-35.4466
41.4,1,0,23,6,13,-76.5604,-34.4969
41.4,2,1,23,6,13,-77.0063,-34.7685
41.4,3,2,23,6,13,-75.8294,-33.6522
41.4,4,2,23,6,13,-76.3109,-33.8322
41.4,5,0,23,6,13,-75.1442,-32.8676
41.4,6,0,23,6,13,-75.7624,-33.1386
41.4,7,1,23,6,13,-76.9498,-31.0782
41.4,8,1,23,6,13,-77.6916,-30.7291
41.4,9,2,23,6,13,-80.8257,5.61099
41.4,10,1,23,6,0,-91.7539,0
41.4,11,0,23,18,13,-80.4747,6.05139
41.4,12,2,23,6,13,-71.263,-37.8044
41.4,13,1,23,6,13,-80.1545,6.23372
41.4,14,0,23,6,13,-70.6251,-38.7437
41.5,0,2,23,6,13,-77.2393,-35.2917
41.5,1,0,23,6,13,-76.4214,-34.3286
41.5,2,1,23,6,13,-76.8732,-34.6067
41.5,3,2,23,6,13,-75.6815,-33.4776
41.5,4,2,23,6,13,-76.1721,-33.6698
41.5,5,0,23,6,13,-74.9884,-32.6893
41.5,6,0,23,6,13,-78.3884,-31.8696
41.5,7,1,23,6,13,-76.8174,-30.8931
41.5,8,1,23,6,13,-84.1706,2.57368
41.5,9,2,23,6,13,-80.7271,5.74797
41.5,10,1,23,6,0,-91.7677,0
41.5,11,0,23,18,13,-80.3722,6.16179
41.5,12,2,23,6,13,-71.8901,-37.5037
41.5,13,1,23,6,13,-80.0514,6.26542
41.5,14,0,23,6,13,-71.18,-38.4821
41.6,0,2,23,6,13,-77.1168,-35.1333
41.6,1,0,23,6,13,-76.2839,-34.1576
41.6,2,1,23,6,13,-76.7357,-34.4353
41.6,3,2,23,6,13,-75.535,-33.3003
41.6,4,2,23,6,13,-76.0305,-33.5001
41.6,5,0,23,6,13,-77.322,-31.4927
41.6,6,0,23,6,13,-78.2391,-31.6353
41.6,7,1,23,6,13,-76.6876,-30.7072
41.6,8,1,23,6,13,-84.1695,2.26145
41.6,9,2,23,24,13,-80.6261,5.87759
41.6,10,1,23,6,0,-91.7799,0
41.6,11,0,23,24,13,-80.2657,6.26287
41.6,12,2,23,6,13,-72.7615,-37.0404
41.6,13,1,23,6,13,-79.9457,6.27409
41.6,14,0,23,6,13,-71.0186,-38.2337
41.7,0,2,23,6,13,-76.9961,-34.9741
41.7,1,0,23,6,13,-76.1484,-33.9861
41.7,2,1,23,6,13,-76.5946,-34.2572
41.7,3,2,23,6,13,-75.3906,-33.1228
41.7,4,2,23,6,13,-75.8867,-33.325
41.7,5,0,23,6,13,-77.1933,-31.3003
41.7,6,0,23,6,13,-78.0856,-31.3918
41.7,7,1,23,6,13,-76.5609,-30.5228
41.7,8,1,23,6,13,-84.1674,1.94616
41.7,9,2,23,24,13,-80.5235,5.99809
41.7,10,1,23,6,0,-91.7904,0
41.7,11,0,23,24,13,-80.1562,6.35309
41.7,12,2,23,6,13,-72.5973,-36.7768
41.7,13,1,23,6,13,-79.8377,6.06169
41.7,14,0,23,6,13,-70.8589,-37.9843
41.8,0,2,23,6,13,-76.8774,-34.8127
41.8,1,0,23,6,13,-76.015,-33.8124
41.8,2,1,23,6,13,-76.4503,-34.0714
41.8,3,2,23,6,13,-75.2489,-32.944
41.8,4,2,23,6,13,-75.7405,-33.1428
41.8,5,0,23,6,13,-77.0672,-31.1066
41.8,6,0,23,6,13,-77.9287,-31.1378
41.8,7,1,23,6,13,-76.4383,-30.3397
41.8,8,1,23,6,13,-84.1649,1.6282
41.8,9,2,23,24,13,-80.4201,6.10873
41.8,10,1,23,6,0,-91.799,0
41.8,11,0,23,24,13,-80.0442,6.43149
41.8,12,2,23,6,13,-72.4335,-36.5112
41.8,13,1,23,6,13,-79.7274,5.84849
41.8,14,0,23,6,13,-70.7014,-37.7337
41.9,0,2,23,6,13,-76.7648,-34.6562
41.9,1,0,23,6,13,-75.8884,-33.6448
41.9,2,1,23,6,13,-76.3034,-33.8814
41.9,3,2,23,6,13,-75.1139,-32.7711
41.9,4,2,23,6,13,-75.5917,-32.9564
41.9,5,0,23,6,13,-76.9452,-30.9155
41.9,6,0,23,6,13,-77.7678,-30.876
41.9,7,1,23,6,13,-76.3209,-30.1629
41.9,8,1,23,6,13,-84.1629,1.30932
41.9,9,2,23,24,13,-80.3164,6.20816
41.9,10,1,23,6,0,-91.8056,0
41.9,11,0,23,24,13,-79.9305,6.49686
41.9,12,2,23,6,13,-72.2725,-36.2406
41.9,13,1,23,6,13,-79.6151,5.63684
41.9,14,0,23,6,13,-70.5481,-37.4795
42,0,2,23,6,13,-76.6579,-34.4978
42,1,0,23,6,13,-75.7681,-33.4757
42,2,1,23,6,13,-76.1549,-33.6819
42,3,2,23,6,13,-74.9856,-32.5974
42,4,2,23,6,13,-78.2309,-31.6466
42,5,0,23,6,13,-76.827,-30.7209
42,6,0,23,6,13,-77.603,-30.6001
42,7,1,23,6,13,-76.2142,-29.992
42,8,1,23,6,13,-84.1607,0.990248
42,9,2,23,24,13,-80.2169,6.29067
42,10,1,23,6,0,-91.8101,0
42,11,0,23,24,13,-79.8157,6.54781
42,12,2,23,6,13,-73.1953,-35.8381
42,13,1,23,6,13,-79.5012,5.42641
42,14,0,23,6,13,-70.4,-37.2226
42.1,0,2,23,6,13,-76.5569,-34.3469
42.1,1,0,23,6,13,-75.6539,-33.3147
42.1,2,1,23,6,13,-76.005,-33.4822
42.1,3,2,23,6,13,-74.8641,-32.4326
42.1,4,2,23,6,13,-78.1116,-31.4238
42.1,5,0,23,6,13,-76.7172,-30.5365
42.1,6,0,23,6,13,-77.4341,-30.3199
42.1,7,1,23,6,13,-80.6594,5.85811
42.1,8,1,23,6,13,-77.5314,-24.9868
42.1,9,2,23,18,13,-80.1217,6.35603
42.1,10,1,23,6,0,-91.812,0
42.1,11,0,23,24,13,-79.7006,6.58356
42.1,12,2,23,6,13,-73.0501,-35.5619
42.1,13,1,23,6,13,-75.9631,-27.1876
42.1,14,0,23,6,13,-71.0574,-36.9154
42.2,0,2,23,6,13,-76.4619,-34.1947
42.2,1,0,23,6,13,-75.5464,-33.1532
42.2,2,1,23,6,13,-75.8549,-33.2748
42.2,3,2,23,6,13,-74.7497,-32.2678
42.2,4,2,23,6,13,-77.9912,-31.1899
42.2,5,0,23,6,13,-76.6159,-30.3531
42.2,6,0,23,6,13,-83.689,1.10019
42.2,7,1,23,6,13,-80.5937,5.95045
42.2,8,1,23,6,13,-77.6887,-25.0289
42.2,9,2,23,18,13,-80.031,6.40367
42.2,10,1,23,6,0,-91.8112,0
42.2,11,0,23,24,13,-79.589,6.59822
42.2,12,2,23,6,13,-72.9099,-35.2827
42.2,13,1,23,6,13,-76.0183,-27.4166
42.2,14,0,23,6,13,-71.7695,-36.6172
42.3,0,2,23,6,13,-76.3722,-34.042
42.3,1,0,23,6,13,-75.4451,-32.9922
42.3,2,1,23,6,13,-75.7049,-33.0615
42.3,3,2,23,6,13,-74.6422,-32.1045
42.3,4,2,23,6,13,-77.8696,-30.9465
42.3,5,0,23,6,13,-76.5231,-30.172
42.3,6,0,23,6,13,-77.1479,-24.1585
42.3,7,1,23,6,13,-80.5307,6.02763
42.3,8,1,23,6,13,-77.8351,-25.1647
42.3,9,2,23,18,13,-79.9448,6.4335
42.3,10,1,23,6,0,-91.8073,0
42.3,11,0,23,24,13,-79.4813,6.592
42.3,12,2,23,6,13,-72.7741,-34.9999
42.3,13,1,23,6,13,-74.0063,-29.3202
42.3,14,0,23,6,13,-71.6474,-36.3557
42.4,0,2,23,6,13,-76.2881,-33.8906
42.4,1,0,23,6,13,-75.3497,-32.833
42.4,2,1,23,6,13,-75.5555,-32.8444
42.4,3,2,23,6,13,-77.109,-30.8332
42.4,4,2,23,6,13,-77.7467,-30.6959
42.4,5,0,23,6,13,-76.4386,-29.9955
42.4,6,0,23,6,13,-77.2794,-24.3703
42.4,7,1,23,6,13,-80.4705,6.08944
42.4,8,1,23,6,13,-77.9714,-25.3793
42.4,9,2,23,18,13,-79.8631,6.4459
42.4,10,1,23,6,0,-91.7999,0
42.4,11,0,23,24,13,-79.3775,6.56554
42.4,12,2,23,6,13,-74.12,-34.2206
42.4,13,1,23,6,13,-74.0934,-29.2742
42.4,14,0,23,6,13,-71.5309,-36.093
42.5,0,2,23,6,13,-76.2093,-33.7397
42.5,1,0,23,6,13,-75.2605,-32.6753
42.5,2,1,23,6,13,-75.4073,-32.6236
42.5,3,2,23,6,13,-77.0378,-30.6511
42.5,4,2,23,6,13,-77.6229,-30.4369
42.5,5,0,23,6,13,-76.3626,-29.8221
42.5,6,0,23,6,13,-77.4023,-24.6462
42.5,7,1,23,6,13,-80.4132,6.13582
42.5,8,1,23,6,13,-78.0988,-25.6573
42.5,9,2,23,18,13,-79.7867,6.44646
42.5,10,1,23,6,0,-91.7891,0
42.5,11,0,23,24,13,-79.2778,6.51926
42.5,12,2,23,6,13,-73.9919,-34.0182
42.5,13,1,23,6,13,-74.1712,-29.2243
42.5,14,0,23,6,13,-71.4204,-35.8299
42.6,0,2,23,6,13,-76.1358,-33.5899
42.6,1,0,23,6,13,-75.1771,-32.5194
42.6,2,1,23,6,13,-75.2606,-32.4001
42.6,3,2,23,6,13,-76.973,-30.4714
42.6,4,2,23,6,13,-74.8246,-30.1759
42.6,5,0,23,6,13,-76.2983,-29.659
42.6,6,0,23,6,13,-77.5177,-24.9822
42.6,7,1,23,6,13,-80.3593,6.1717
42.6,8,1,23,6,13,-78.2183,-25.9947
42.6,9,2,23,18,13,-79.7152,6.43575
42.6,10,1,23,6,0,-91.7745,0
42.6,11,0,23,18,13,-79.1818,6.44333
42.6,12,2,23,6,13,-73.8677,-33.8086
42.6,13,1,23,6,13,-72.7735,-31.8056
42.6,14,0,23,6,13,-71.3165,-35.566
42.7,0,2,23,6,13,-73.7912,-33.4428
42.7,1,0,23,6,13,-75.1,-32.3641
42.7,2,1,23,6,13,-73.2379,-32.1803
42.7,3,2,23,6,13,-76.9153,-30.2927
42.7,4,2,23,6,13,-74.8233,-29.8985
42.7,5,0,23,6,13,-76.2459,-29.5037
42.7,6,0,23,6,13,-77.6268,-25.3606
42.7,7,1,23,6,13,-80.3086,6.1967
42.7,8,1,23,6,13,-78.3309,-26.3741
42.7,9,2,23,18,13,-79.6479,6.41344
42.7,10,1,23,6,0,-91.7566,0
42.7,11,0,23,18,13,-79.0897,6.22826
42.7,12,2,23,6,13,-73.7487,-33.5872
42.7,13,1,23,6,13,-70.682,-32.4032
42.7,14,0,23,6,13,-71.2199,-35.3014
42.8,0,2,23,6,13,-73.8187,-33.2916
42.8,1,0,23,6,13,-75.0289,-32.2092
42.8,2,1,23,6,13,-73.1924,-31.9567
42.8,3,2,23,6,13,-76.8643,-30.1148
42.8,4,2,23,6,13,-74.8107,-29.6099
42.8,5,0,23,6,13,-76.2016,-29.3513
42.8,6,0,23,6,13,-77.7302,-25.7119
42.8,7,1,23,6,13,-80.2611,6.21124
42.8,8,1,23,6,13,-78.4375,-26.7266
42.8,9,2,23,18,13,-79.5849,6.38
42.8,10,1,23,6,0,-91.7354,0
42.8,11,0,23,18,13,-79.0026,6.02372
42.8,12,2,23,6,13,-73.6346,-33.3514
42.8,13,1,23,6,13,-70.084,-32.3498
42.8,14,0,23,6,13,-70.3731,-35.04
42.9,0,2,23,6,13,-73.8452,-33.1404
42.9,1,0,23,6,13,-74.9635,-32.0558
42.9,2,1,23,6,13,-74.8243,-30.5092
42.9,3,2,23,6,13,-76.8197,-29.9394
42.9,4,2,23,6,13,-74.7883,-29.3125
42.9,5,0,23,6,13,-76.1655,-29.2036
42.9,6,0,23,6,13,-77.8289,-26.0353
42.9,7,1,23,6,13,-80.216,6.21499
42.9,8,1,23,6,13,-75.2276,-29.0377
42.9,9,2,23,18,13,-79.5254,6.3361
42.9,10,1,23,6,0,-91.7115,0
42.9,11,0,23,18,13,-75.4013,-26.398
42.9,12,2,23,6,13,-75.3941,-30.0964
42.9,13,1,23,6,13,-70.1884,-32.3058
42.9,14,0,23,6,13,-70.3216,-34.7767
43,0,2,23,6,13,-73.8715,-32.9866
43,1,0,23,6,13,-74.9043,-31.9008
43,2,1,23,6,13,-74.8329,-30.2542
43,3,2,23,6,13,-76.7822,-29.7634
43,4,2,23,6,13,-77.4478,-25.6139
43,5,0,23,6,13,-76.1377,-29.0572
43,6,0,23,6,13,-77.923,-26.3289
43,7,1,23,6,13,-80.1734,6.20819
43,8,1,23,6,13,-75.3696,-29.2864
43,9,2,23,18,13,-79.4692,6.28131
43,10,1,23,6,0,-91.0857,0
43,11,0,23,18,13,-75.4656,-26.5602
43,12,2,23,6,13,-75.3199,-29.8224
43,13,1,23,6,13,-70.2896,-32.2729
43,14,0,23,6,13,-71.0559,-34.3854
43.1,0,2,23,6,13,-73.8974,-32.8333
43.1,1,0,23,6,13,-74.8509,-31.7478
43.1,2,1,23,6,13,-74.8416,-29.9998
43.1,3,2,23,6,13,-76.7511,-29.5905
43.1,4,2,23,6,13,-77.5044,-25.869
43.1,5,0,23,6,13,-76.1179,-28.9162
43.1,6,0,23,6,13,-78.0141,-26.5945
43.1,7,1,23,6,13,-80.1329,6.19105
43.1,8,1,23,6,13,-75.5052,-29.5097
43.1,9,2,23,18,13,-79.4159,6.21673
43.1,10,1,23,6,0,-90.5344,0
43.1,11,0,23,6,13,-73.5646,-29.3615
43.1,12,2,23,6,13,-75.2509,-29.5509
43.1,13,1,23,6,13,-70.3883,-32.2561
43.1,14,0,23,6,13,-70.2377,-34.1322
43.2,0,2,23,6,13,-73.9235,-32.6783
43.2,1,0,23,6,13,-74.8032,-31.5942
43.2,2,1,23,6,13,-74.8512,-29.7429
43.2,3,2,23,6,13,-76.7268,-29.4186
43.2,4,2,23,6,13,-77.5791,-26.0901
43.2,5,0,23,6,13,-76.106,-28.7777
43.2,6,0,23,6,13,-78.1019,-26.8288
43.2,7,1,23,6,13,-80.0944,6.16372
43.2,8,1,23,6,13,-75.6349,-29.7053
43.2,9,2,23,18,13,-79.3651,6.14215
43.2,10,1,23,6,0,-90.5027,0
43.2,11,0,23,6,13,-73.6489,-29.396
43.2,12,2,23,6,13,-75.1871,-29.2811
43.2,13,1,23,6,13,-70.4847,-32.2667
43.2,14,0,23,6,13,-70.2539,-33.8758
43.3,0,2,23,6,13,-73.9498,-32.5253
43.3,1,0,23,6,13,-74.7614,-31.4443
43.3,2,1,23,6,13,-74.8482,-29.4887
43.3,3,2,23,6,13,-76.7091,-29.2521
43.3,4,2,23,6,13,-77.6486,-26.2827
43.3,5,0,23,6,13,-76.102,-28.6469
43.3,6,0,23,6,13,-74.8842,-29.0709
43.3,7,1,23,6,13,-80.0576,6.12638
43.3,8,1,23,6,13,-75.7595,-29.8775
43.3,9,2,23,18,13,-75.5245,-28.8007
43.3,10,1,23,6,0,-90.0117,0
43.3,11,0,23,6,13,-72.245,-29.4452
43.3,12,2,23,6,13,-73.4714,-29.0218
43.3,13,1,23,6,13,-69.9229,-32.2824
43.3,14,0,23,6,13,-69.5797,-33.6409
43.4,0,2,23,6,13,-73.9765,-32.3694
43.4,1,0,23,6,13,-74.7261,-31.2935
43.4,2,1,23,6,13,-74.8601,-29.2328
43.4,3,2,23,6,13,-76.6978,-29.0857
43.4,4,2,23,6,13,-77.714,-26.4361
43.4,5,0,23,6,13,-76.1054,-28.5182
43.4,6,0,23,6,13,-75.0041,-29.2069
43.4,7,1,23,6,13,-80.0224,6.07913
43.4,8,1,23,6,13,-75.8789,-30.0164
43.4,9,2,23,18,13,-75.567,-28.7799
43.4,10,1,23,6,0,-89.981,0
43.4,11,0,23,6,13,-72.3478,-29.4826
43.4,12,2,23,6,13,-73.4889,-28.7653
43.4,13,1,23,6,13,-70.0258,-32.2859
43.4,14,0,23,6,13,-69.6196,-33.3972
43.5,0,2,23,6,13,-74.0038,-32.2141
43.5,1,0,23,6,13,-74.6968,-31.1455
43.5,2,1,23,6,13,-74.8737,-28.9788
43.5,3,2,23,6,13,-76.6931,-28.924
43.5,4,2,23,6,13,-77.7758,-26.5541
43.5,5,0,23,6,13,-76.1161,-28.3956
43.5,6,0,23,6,13,-75.1203,-29.3132
43.5,7,1,23,6,13,-75.8339,-28.3945
43.5,8,1,23,6,13,-75.9941,-30.125
43.5,9,2,23,18,13,-75.6145,-28.7641
43.5,10,1,23,6,0,-89.9509,0
43.5,11,0,23,6,13,-72.4482,-29.5218
43.5,12,2,23,6,13,-73.5093,-28.5166
43.5,13,1,23,6,13,-70.1276,-32.2851
43.5,14,0,23,6,13,-69.0633,-33.2031
43.6,0,2,23,6,13,-74.032,-32.0574
43.6,1,0,23,6,13,-74.6735,-30.9975
43.6,2,1,23,6,13,-74.8896,-28.7243
43.6,3,2,23,6,13,-76.6947,-28.7639
43.6,4,2,23,6,13,-77.8346,-26.6412
43.6,5,0,23,6,13,-76.1341,-28.2767
43.6,6,0,23,6,13,-75.2327,-29.393
43.6,7,1,23,6,13,-75.8717,-28.3295
43.6,8,1,23,6,13,-76.1054,-30.2065
43.6,9,2,23,6,13,-75.6659,-28.7495
43.6,10,1,23,6,0,-89.9209,0
43.6,11,0,23,6,13,-72.5462,-29.5598
43.6,12,2,23,6,13,-73.5327,-28.2761
43.6,13,1,23,6,13,-70.2282,-32.2802
43.6,14,0,23,6,13,-69.1197,-32.9749
43.7,0,2,23,6,13,-74.0611,-31.9005
43.7,1,0,23,6,13,-74.6565,-30.8519
43.7,2,1,23,6,13,-74.908,-28.4716
43.7,3,2,23,6,13,-76.7024,-28.608
43.7,4,2,23,6,13,-77.8949,-26.6986
43.7,5,0,23,6,13,-76.1585,-28.1631
43.7,6,0,23,6,13,-75.342,-29.4438
43.7,7,1,23,6,13,-75.915,-28.2701
43.7,8,1,23,6,13,-76.2136,-30.2587
43.7,9,2,23,6,13,-75.721,-28.7389
43.7,10,1,23,6,0,-89.8914,0
43.7,11,0,23,6,13,-71.5539,-30.406
43.7,12,2,23,6,13,-72.2508,-28.5201
43.7,13,1,23,6,13,-70.328,-32.2713
43.7,14,0,23,6,13,-69.1823,-32.7565
43.8,0,2,23,6,13,-74.0935,-31.7434
43.8,1,0,23,6,13,-77.3934,-29.2476
43.8,2,1,23,6,13,-74.9321,-28.2202
43.8,3,2,23,6,13,-76.7162,-28.4553
43.8,4,2,23,6,13,-74.7079,-28.7661
43.8,5,0,23,6,13,-76.1896,-28.0544
43.8,6,0,23,6,13,-75.451,-29.4276
43.8,7,1,23,6,13,-75.9634,-28.2145
43.8,8,1,23,6,13,-76.3212,-30.2432
43.8,9,2,23,6,13,-75.7789,-28.73
43.8,10,1,23,6,0,-89.861,0
43.8,11,0,23,6,13,-70.6565,-30.4496
43.8,12,2,23,6,13,-73.7146,-28.5732
43.8,13,1,23,6,13,-70.4324,-32.2668
43.8,14,0,23,6,13,-69.252,-32.5476
43.9,0,2,23,6,13,-74.1289,-31.5874
43.9,1,0,23,6,13,-77.4036,-29.0736
43.9,2,1,23,6,13,-74.9616,-27.9725
43.9,3,2,23,6,13,-76.7363,-28.3087
43.9,4,2,23,6,13,-74.8042,-28.6776
43.9,5,0,23,6,13,-76.227,-27.9529
43.9,6,0,23,6,13,-75.5599,-29.3524
43.9,7,1,23,6,13,-76.0161,-28.1644
43.9,8,1,23,6,13,-76.4288,-30.1682
43.9,9,2,23,6,13,-75.8391,-28.7253
43.9,10,1,23,6,0,-89.8292,0
43.9,11,0,23,6,13,-70.7691,-30.4882
43.9,12,2,23,6,13,-73.8259,-28.5828
43.9,13,1,23,6,13,-70.5402,-32.2674
43.9,14,0,23,6,13,-69.3282,-32.3512
44,0,2,23,6,13,-72.5022,-31.4343
44,1,0,23,6,13,-77.4187,-28.9015
44,2,1,23,6,13,-74.9957,-27.7263
44,3,2,23,6,13,-76.7621,-28.1659
44,4,2,23,6,13,-74.9024,-28.5398
44,5,0,23,6,13,-76.2703,-27.8562
44,6,0,23,6,13,-75.6687,-29.2257
44,7,1,23,6,13,-76.0726,-28.118
44,8,1,23,6,13,-74.1016,-30.8314
44,9,2,23,6,13,-73.7278,-28.7572
44,10,1,23,6,0,-89.7947,0
44,11,0,23,6,13,-70.0199,-30.5292
44,12,2,23,6,13,-73.9392,-28.5448
44,13,1,23,6,13,-70.65,-32.2722
44,14,0,23,6,13,-69.4103,-32.1693
44.1,0,2,23,6,13,-72.5761,-31.2777
44.1,1,0,23,6,13,-74.5343,-28.7364
44.1,2,1,23,6,13,-73.0347,-28.0056
44.1,3,2,23,6,13,-76.7936,-28.0289
44.1,4,2,23,6,13,-75.0022,-28.3606
44.1,5,0,23,6,13,-76.319,-27.7658
44.1,6,0,23,6,13,-75.7769,-29.0555
44.1,7,1,23,6,13,-76.1325,-28.0766
44.1,8,1,23,6,13,-74.2209,-30.7423
44.1,9,2,23,6,13,-73.8195,-28.7618
44.1,10,1,23,6,0,-89.7509,0
44.1,11,0,23,6,13,-69.3838,-30.5733
44.1,12,2,23,6,13,-74.0546,-28.4675
44.1,13,1,23,6,13,-69.9523,-32.3331
44.1,14,0,23,6,13,-69.4983,-32.0015
44.2,0,2,23,6,13,-72.6486,-31.1197
44.2,1,0,23,6,13,-74.6268,-28.5692
44.2,2,1,23,6,13,-73.1126,-27.8222
44.2,3,2,23,6,13,-76.8302,-27.8954
44.2,4,2,23,6,13,-75.1032,-28.1537
44.2,5,0,23,6,13,-76.3728,-27.6801
44.2,6,0,23,6,13,-75.8846,-28.8559
44.2,7,1,23,6,13,-76.195,-28.0375
44.2,8,1,23,6,13,-74.3383,-30.6381
44.2,9,2,23,6,13,-72.4935,-29.8477
44.2,10,1,23,6,0,-89.7048,0
44.2,11,0,23,6,13,-69.5022,-30.6104
44.2,12,2,23,6,13,-72.6804,-29.818
44.2,13,1,23,6,13,-70.0714,-32.3451
44.2,14,0,23,6,13,-69.5916,-31.8466
44.3,0,2,23,6,13,-72.718,-30.9272
44.3,1,0,23,6,13,-74.7166,-28.3646
44.3,2,1,23,6,13,-73.1901,-27.661
44.3,3,2,23,6,13,-76.8713,-27.7257
44.3,4,2,23,6,13,-75.2032,-27.9702
44.3,5,0,23,6,13,-76.4307,-27.5581
44.3,6,0,23,6,13,-75.9895,-28.6779
44.3,7,1,23,6,13,-76.2596,-27.9608
44.3,8,1,23,6,13,-74.4528,-30.5516
44.3,9,2,23,6,13,-72.6044,-29.8212
44.3,10,1,23,6,0,-89.6564,0
44.3,11,0,23,6,13,-69.6183,-30.613
44.3,12,2,23,6,13,-72.8078,-29.8058
44.3,13,1,23,6,13,-70.1833,-32.3551
44.3,14,0,23,6,13,-69.6889,-31.7039
44.4,0,2,23,6,13,-72.7849,-30.699
44.4,1,0,23,6,13,-74.8048,-28.1216
44.4,2,1,23,6,13,-73.2684,-27.5192
44.4,3,2,23,6,13,-76.9177,-27.5191
44.4,4,2,23,6,13,-75.3029,-27.8072
44.4,5,0,23,6,13,-76.4934,-27.3996
44.4,6,0,23,6,13,-76.0921,-28.5185
44.4,7,1,23,6,13,-76.3264,-27.8453
44.4,8,1,23,6,13,-74.5651,-30.4794
44.4,9,2,23,6,13,-72.7144,-29.7604
44.4,10,1,23,6,0,-89.6054,0
44.4,11,0,23,6,13,-69.7324,-30.5794
44.4,12,2,23,6,13,-72.9318,-29.8077
44.4,13,1,23,6,13,-70.2892,-32.3627
44.4,14,0,23,6,13,-69.7911,-31.5799
44.5,0,2,23,6,13,-72.8537,-30.6334
44.5,1,0,23,6,13,-73.137,-29.7531
44.5,2,1,23,6,13,-73.3475,-27.3964
44.5,3,2,23,6,13,-76.9686,-27.4941
44.5,4,2,23,6,13,-75.4026,-27.6645
44.5,5,0,23,6,13,-76.5598,-27.4222
44.5,6,0,23,6,13,-76.1936,-28.3782
44.5,7,1,23,6,13,-76.3947,-27.9082
44.5,8,1,23,6,13,-74.6758,-30.4216
44.5,9,2,23,6,13,-72.8276,-29.8615
44.5,10,1,23,6,0,-89.5498,0
44.5,11,0,23,6,13,-69.846,-30.7046
44.5,12,2,23,6,13,-71.8369,-29.8472
44.5,13,1,23,6,13,-70.3904,-32.3679
44.5,14,0,23,6,13,-69.8977,-31.465
44.6,0,2,23,6,13,-72.9202,-30.5038
44.6,1,0,23,6,13,-73.2026,-29.6537
44.6,2,1,23,6,13,-73.4279,-27.2901
44.6,3,2,23,6,13,-77.0239,-27.4007
44.6,4,2,23,6,13,-75.5026,-27.5395
44.6,5,0,23,6,13,-76.6299,-27.377
44.6,6,0,23,6,13,-76.2936,-28.254
44.6,7,1,23,6,13,-76.4641,-27.9018
44.6,8,1,23,6,13,-74.7852,-30.3746
44.6,9,2,23,6,13,-72.9392,-29.8984
44.6,10,1,23,6,0,-89.4917,0
44.6,11,0,23,6,13,-69.9578,-30.7646
44.6,12,2,23,6,13,-71.9403,-29.8853
44.6,13,1,23,6,13,-70.4866,-32.3715
44.6,14,0,23,6,13,-70.0087,-31.3588
44.7,0,2,23,6,13,-72.9865,-30.3368
44.7,1,0,23,6,13,-73.2702,-29.5183
44.7,2,1,23,6,13,-73.5108,-27.1654
44.7,3,2,23,6,13,-77.0834,-27.2679
44.7,4,2,23,6,13,-75.605,-27.398
44.7,5,0,23,6,13,-76.703,-27.2921
44.7,6,0,23,6,13,-76.3954,-28.1125
44.7,7,1,23,6,13,-74.2256,-29.2638
44.7,8,1,23,6,13,-74.8947,-30.3187
44.7,9,2,23,6,13,-73.0491,-29.8982
44.7,10,1,23,6,0,-89.4311,0
44.7,11,0,23,6,13,-70.0677,-30.786
44.7,12,2,23,6,13,-71.0758,-30.1395
44.7,13,1,23,6,13,-70.5819,-32.3815
44.7,14,0,23,6,13,-70.124,-31.2601
44.8,0,2,23,6,13,-73.0517,-30.1712
44.8,1,0,23,6,13,-73.339,-29.3853
44.8,2,1,23,6,13,-73.5945,-27.0282
44.8,3,2,23,6,13,-77.143,-27.1391
44.8,4,2,23,6,13,-75.7099,-27.2455
44.8,5,0,23,6,13,-76.7754,-27.2109
44.8,6,0,23,6,13,-76.4981,-27.9586
44.8,7,1,23,6,13,-74.3226,-29.2258
44.8,8,1,23,6,13,-75.0045,-30.2565
44.8,9,2,23,6,13,-73.1561,-29.898
44.8,10,1,23,6,0,-89.3688,0
44.8,11,0,23,6,13,-70.1755,-30.8067
44.8,12,2,23,6,13,-71.1855,-30.1646
44.8,13,1,23,6,13,-70.6755,-32.3961
44.8,14,0,23,6,13,-70.2381,-31.167
44.9,0,2,23,6,13,-73.1122,-30.1283
44.9,1,0,23,6,13,-73.4031,-29.3733
44.9,2,1,23,6,13,-73.6702,-26.8799
44.9,3,2,23,6,13,-77.1871,-27.1586
44.9,4,2,23,6,13,-75.817,-27.0838
44.9,5,0,23,6,13,-76.832,-27.2772
44.9,6,0,23,6,13,-74.0606,-29.1684
44.9,7,1,23,6,13,-74.4081,-29.3036
44.9,8,1,23,6,13,-75.1145,-30.1898
44.9,9,2,23,6,13,-71.8946,-30.0396
44.9,10,1,23,6,0,-89.3053,0
44.9,11,0,23,6,13,-70.2793,-30.9459
44.9,12,2,23,6,13,-71.2939,-30.1847
44.9,13,1,23,6,13,-70.7657,-32.4161
44.9,14,0,23,6,13,-70.3269,-31.1623
45,0,2,23,6,13,-73.171,-30.0826
45,1,0,23,6,13,-73.4664,-29.3596
45,2,1,23,6,13,-73.7449,-26.7578
45,3,2,23,6,13,-77.2328,-27.1771
45,4,2,23,6,13,-75.9234,-26.9498
45,5,0,23,6,13,-74.3467,-28.9795
45,6,0,23,6,13,-74.1744,-29.1213
45,7,1,23,6,13,-74.4941,-29.38
45,8,1,23,6,13,-75.2231,-30.1401
45,9,2,23,6,13,-72.0003,-30.1558
45,10,1,23,6,0,-89.2406,0
45,11,0,23,6,13,-70.3808,-31.0806
45,12,2,23,6,13,-70.5204,-30.2814
45,13,1,23,6,13,-70.8493,-32.4315
45,14,0,23,6,13,-70.4166,-31.1895
45.1,0,2,23,6,13,-73.2336,-30.029
45.1,1,0,23,6,13,-73.5336,-29.3385
45.1,2,1,23,6,13,-73.8251,-26.7007
45.1,3,2,23,6,13,-77.2946,-27.1884
45.1,4,2,23,6,13,-76.0384,-26.8823
45.1,5,0,23,6,13,-74.4459,-29.0301
45.1,6,0,23,6,13,-74.292,-29.0911
45.1,7,1,23,6,13,-74.596,-29.449
45.1,8,1,23,6,13,-75.3356,-30.1066
45.1,9,2,23,6,13,-72.117,-30.2632
45.1,10,1,23,6,0,-89.1786,0
45.1,11,0,23,6,13,-70.4983,-31.213
45.1,12,2,23,6,13,-70.6326,-30.331
45.1,13,1,23,6,13,-70.9476,-32.4444
45.1,14,0,23,6,13,-70.5089,-31.2305
45.2,0,2,23,6,13,-73.2967,-29.9701
45.2,1,0,23,6,13,-73.6007,-29.3126
45.2,2,1,23,6,13,-73.907,-26.6994
45.2,3,2,23,6,13,-74.6022,-28.9935
45.2,4,2,23,6,13,-76.1563,-26.872
45.2,5,0,23,6,13,-74.5467,-29.0755
45.2,6,0,23,6,13,-74.4107,-29.0737
45.2,7,1,23,6,13,-74.6986,-29.5128
45.2,8,1,23,6,13,-75.4489,-30.0857
45.2,9,2,23,6,13,-72.2327,-30.3642
45.2,10,1,23,6,0,-89.1157,0
45.2,11,0,23,6,13,-70.6185,-31.3437
45.2,12,2,23,6,13,-69.9778,-30.4141
45.2,13,1,23,6,13,-71.0421,-32.5487
45.2,14,0,23,6,13,-70.6032,-31.2817
45.3,0,2,23,6,13,-73.3603,-29.9104
45.3,1,0,23,6,13,-73.668,-29.2865
45.3,2,1,23,6,13,-73.9901,-26.7462
45.3,3,2,23,6,13,-74.6787,-29.0029
45.3,4,2,23,6,13,-76.2767,-26.9116
45.3,5,0,23,6,13,-74.6491,-29.1206
45.3,6,0,23,6,13,-74.5302,-29.0682
45.3,7,1,23,6,13,-72.9702,-29.6407
45.3,8,1,23,6,13,-73.4535,-30.3236
45.3,9,2,23,6,13,-72.3474,-30.4634
45.3,10,1,23,6,0,-89.052,0
45.3,11,0,23,6,13,-70.7406,-31.4767
45.3,12,2,23,6,13,-70.0877,-30.4831
45.3,13,1,23,6,13,-71.1333,-32.676
45.3,14,0,23,6,13,-70.699,-31.3425
45.4,0,2,23,6,13,-73.425,-29.8499
45.4,1,0,23,6,13,-73.7361,-29.26
45.4,2,1,23,6,13,-74.0748,-26.8377
45.4,3,2,23,6,13,-74.7577,-29.0115
45.4,4,2,23,6,13,-76.3992,-26.9972
45.4,5,0,23,6,13,-74.7534,-29.1649
45.4,6,0,23,6,13,-74.6501,-29.0753
45.4,7,1,23,6,13,-73.081,-29.7083
45.4,8,1,23,6,13,-73.5709,-30.3254
45.4,9,2,23,6,13,-72.4612,-30.56
45.4,10,1,23,6,0,-88.988,0
45.4,11,0,23,6,13,-70.864,-31.6103
45.4,12,2,23,6,13,-70.1993,-30.5622
45.4,13,1,23,6,13,-71.2215,-32.797
45.4,14,0,23,6,13,-70.7969,-31.4135
45.5,0,2,23,6,13,-73.4903,-29.79
45.5,1,0,23,6,13,-73.8051,-29.2346
45.5,2,1,23,6,13,-74.1604,-26.9663
45.5,3,2,23,6,13,-74.8397,-29.0215
45.5,4,2,23,6,13,-76.5234,-27.122
45.5,5,0,23,6,13,-74.8595,-29.21
45.5,6,0,23,6,13,-74.7703,-29.0941
45.5,7,1,23,6,13,-73.1922,-29.7767
45.5,8,1,23,6,13,-73.6883,-30.3376
45.5,9,2,23,6,13,-72.5741,-30.6559
45.5,10,1,23,6,0,-88.9235,0
45.5,11,0,23,6,13,-70.9878,-31.745
45.5,12,2,23,6,13,-70.3129,-30.6509
45.5,13,1,23,6,13,-71.307,-32.9135
45.5,14,0,23,6,13,-70.8963,-31.4941
45.6,0,2,23,6,13,-73.5577,-29.7316
45.6,1,0,23,6,13,-73.877,-29.2106
45.6,2,1,23,6,13,-74.2482,-27.0959
45.6,3,2,23,6,13,-74.9244,-29.0331
45.6,4,2,23,6,13,-76.6506,-27.2491
45.6,5,0,23,6,13,-74.967,-29.2558
45.6,6,0,23,6,13,-74.8919,-29.1082
45.6,7,1,23,6,13,-73.3039,-29.8464
45.6,8,1,23,6,13,-73.8064,-30.3446
45.6,9,2,23,6,13,-72.6859,-30.7511
45.6,10,1,23,6,0,-88.8584,0
45.6,11,0,23,6,13,-71.1114,-31.8809
45.6,12,2,23,6,13,-70.4287,-30.734
45.6,13,1,23,6,13,-71.3928,-33.0328
45.6,14,0,23,6,13,-70.998,-31.5691
45.7,0,2,23,6,13,-73.6254,-29.6728
45.7,1,0,23,6,13,-73.9521,-29.1863
45.7,2,1,23,6,13,-74.3359,-27.1834
45.7,3,2,23,6,13,-75.0122,-29.0442
45.7,4,2,23,6,13,-74.0934,-28.2534
45.7,5,0,23,6,13,-75.0761,-29.3004
45.7,6,0,23,6,13,-75.0123,-29.1112
45.7,7,1,23,6,13,-73.4163,-29.9149
45.7,8,1,23,6,13,-73.9242,-30.342
45.7,9,2,23,6,13,-71.5197,-30.8593
45.7,10,1,23,6,0,-88.7929,0
45.7,11,0,23,6,13,-71.2299,-32.0081
45.7,12,2,23,6,13,-70.5466,-30.8078
45.7,13,1,23,6,13,-71.4784,-33.1517
45.7,14,0,23,6,13,-71.1019,-31.6357
45.8,0,2,23,6,13,-73.6938,-29.6185
45.8,1,0,23,6,13,-74.0305,-29.1669
45.8,2,1,23,6,13,-74.4237,-27.2361
45.8,3,2,23,6,13,-75.103,-29.06
45.8,4,2,23,6,13,-74.2215,-28.2524
45.8,5,0,23,6,13,-75.1868,-29.3489
45.8,6,0,23,6,13,-75.1315,-29.1024
45.8,7,1,23,6,13,-73.5194,-29.9874
45.8,8,1,23,6,13,-74.0412,-30.3288
45.8,9,2,23,6,13,-71.6353,-30.9542
45.8,10,1,23,6,0,-88.4143,0
45.8,11,0,23,6,13,-71.3439,-32.1327
45.8,12,2,23,6,13,-70.667,-30.8718
45.8,13,1,23,6,13,-71.5633,-33.275
45.8,14,0,23,6,13,-71.2078,-31.6926
45.9,0,2,23,6,13,-73.763,-29.5676
45.9,1,0,23,6,13,-74.1118,-29.1505
45.9,2,1,23,6,13,-74.5116,-27.2528
45.9,3,2,23,6,13,-75.1967,-29.0787
45.9,4,2,23,6,13,-74.3488,-28.2398
45.9,5,0,23,6,13,-75.2991,-29.3995
45.9,6,0,23,6,13,-75.2496,-29.0816
45.9,7,1,23,6,13,-73.6325,-30.0623
45.9,8,1,23,6,13,-74.1577,-30.305
45.9,9,2,23,6,13,-71.7501,-31.0498
45.9,10,1,23,6,0,-88.3495,0
45.9,11,0,23,6,13,-71.4536,-32.253
45.9,12,2,23,6,13,-70.79,-30.926
45.9,13,1,23,6,13,-71.6472,-33.4
45.9,14,0,23,6,13,-71.316,-31.7402
46,0,2,23,6,13,-73.8327,-29.5202
46,1,0,23,6,13,-74.1946,-29.1378
46,2,1,23,6,13,-74.5985,-27.2762
46,3,2,23,6,13,-73.2988,-29.1027
46,4,2,23,6,13,-74.4738,-28.239
46,5,0,23,6,13,-75.3978,-29.4524
46,6,0,23,6,13,-75.3655,-29.0728
46,7,1,23,6,13,-73.7459,-30.1393
46,8,1,23,6,13,-74.2728,-30.2929
46,9,2,23,6,13,-71.8641,-31.1457
46,10,1,23,6,0,-87.7341,0
46,11,0,23,6,13,-71.5594,-32.3696
46,12,2,23,6,13,-70.9155,-30.9924
46,13,1,23,6,13,-70.7409,-33.5253
46,14,0,23,6,13,-71.4264,-31.8002
46.1,0,2,23,6,13,-73.9033,-29.4745
46.1,1,0,23,6,13,-72.6526,-29.1289
46.1,2,1,23,6,13,-74.6855,-27.3033
46.1,3,2,23,6,13,-73.4055,-29.1252
46.1,4,2,23,6,13,-74.5968,-28.2469
46.1,5,0,23,6,13,-75.5125,-29.5051
46.1,6,0,23,6,13,-75.4789,-29.0722
46.1,7,1,23,6,13,-73.8594,-30.2157
46.1,8,1,23,6,13,-74.3861,-30.2891
46.1,9,2,23,6,13,-71.97,-31.2393
46.1,10,1,23,6,0,-87.423,0
46.1,11,0,23,6,13,-70.6974,-32.4853
46.1,12,2,23,6,13,-71.0438,-31.0682
46.1,13,1,23,6,13,-70.8263,-33.6387
46.1,14,0,23,6,13,-71.5394,-31.8697
46.2,0,2,23,6,13,-73.975,-29.4325
46.2,1,0,23,6,13,-72.7393,-29.1205
46.2,2,1,23,6,13,-74.7721,-27.3334
46.2,3,2,23,6,13,-73.512,-29.1504
46.2,4,2,23,6,13,-74.7173,-28.2633
46.2,5,0,23,6,13,-75.6286,-29.5591
46.2,6,0,23,6,13,-75.5902,-29.0805
46.2,7,1,23,6,13,-73.9733,-30.293
46.2,8,1,23,6,13,-74.4985,-30.2946
46.2,9,2,23,6,13,-72.0814,-31.3321
46.2,10,1,23,6,0,-87.1291,0
46.2,11,0,23,6,13,-70.7992,-32.5913
46.2,12,2,23,6,13,-71.1749,-31.1537
46.2,13,1,23,6,13,-70.9081,-33.7467
46.2,14,0,23,6,13,-71.6549,-31.9486
46.3,0,2,23,6,13,-72.4785,-29.3987
46.3,1,0,23,6,13,-72.8341,-29.1165
46.3,2,1,23,6,13,-73.0539,-27.9806
46.3,3,2,23,6,13,-73.619,-29.1792
46.3,4,2,23,6,13,-74.8359,-28.286
46.3,5,0,23,6,13,-75.7457,-29.6155
46.3,6,0,23,6,13,-75.6993,-29.095
46.3,7,1,23,6,13,-74.0871,-30.3721
46.3,8,1,23,6,13,-74.6093,-30.3063
46.3,9,2,23,6,13,-70.2571,-31.4382
46.3,10,1,23,6,0,-86.6463,0
46.3,11,0,23,6,13,-70.8923,-32.6941
46.3,12,2,23,6,13,-71.3094,-31.2466
46.3,13,1,23,6,13,-70.9868,-33.8509
46.3,14,0,23,6,13,-71.7731,-32.0347
46.4,0,2,23,6,13,-72.5621,-29.3721
46.4,1,0,23,6,13,-72.9293,-29.1226
46.4,2,1,23,6,13,-73.1529,-28.003
46.4,3,2,23,6,13,-73.7263,-29.2169
46.4,4,2,23,6,13,-74.9519,-28.3151
46.4,5,0,23,6,13,-75.8639,-29.6792
46.4,6,0,23,6,13,-75.8063,-29.1163
46.4,7,1,23,6,13,-74.2008,-30.4578
46.4,8,1,23,6,13,-74.7188,-30.3249
46.4,9,2,23,6,13,-70.3671,-31.5356
46.4,10,1,23,6,0,-86.5861,0
46.4,11,0,23,6,13,-70.9871,-32.7982
46.4,12,2,23,6,13,-71.4476,-31.3474
46.4,13,1,23,6,13,-71.0623,-33.9559
46.4,14,0,23,6,13,-71.8944,-32.1283
46.5,0,2,23,6,13,-72.6472,-29.3545
46.5,1,0,23,6,13,-73.0257,-29.1366
46.5,2,1,23,6,13,-73.2518,-28.0296
46.5,3,2,23,6,13,-73.8344,-29.2615
46.5,4,2,23,6,13,-75.0661,-28.3492
46.5,5,0,23,6,13,-75.9834,-29.7487
46.5,6,0,23,6,13,-75.9111,-29.1424
46.5,7,1,23,6,13,-74.314,-30.5475
46.5,8,1,23,6,13,-74.8266,-30.3486
46.5,9,2,23,6,13,-70.4757,-31.6357
46.5,10,1,23,6,0,-86.3337,0
46.5,11,0,23,6,13,-71.0793,-32.9023
46.5,12,2,23,6,13,-71.5896,-31.4543
46.5,13,1,23,6,13,-71.1297,-34.0601
46.5,14,0,23,6,13,-72.0189,-32.2276
46.6,0,2,23,6,13,-72.7337,-29.348
46.6,1,0,23,6,13,-73.1226,-29.1609
46.6,2,1,23,6,13,-73.3505,-28.0602
46.6,3,2,23,6,13,-73.9426,-29.315
46.6,4,2,23,6,13,-75.1776,-28.3877
46.6,5,0,23,6,13,-76.1032,-29.8254
46.6,6,0,23,6,13,-76.0137,-29.1734
46.6,7,1,23,6,13,-74.4268,-30.6434
46.6,8,1,23,6,13,-74.9329,-30.3772
46.6,9,2,23,6,13,-70.5824,-31.7398
46.6,10,1,23,6,0,-86.2732,0
46.6,11,0,23,6,13,-71.1683,-33.0079
46.6,12,2,23,6,13,-71.7353,-31.5668
46.6,13,1,23,6,13,-71.1997,-34.1654
46.6,14,0,23,6,13,-72.1465,-32.3327
46.7,0,2,23,6,13,-72.822,-29.354
46.7,1,0,23,6,13,-73.2207,-29.1964
46.7,2,1,23,6,13,-73.4464,-28.0906
46.7,3,2,23,6,13,-74.0515,-29.3785
46.7,4,2,23,6,13,-75.2867,-28.4297
46.7,5,0,23,6,13,-73.8688,-30.0424
46.7,6,0,23,6,13,-73.7621,-29.446
46.7,7,1,23,6,13,-72.7776,-30.7866
46.7,8,1,23,6,13,-73.1405,-30.472
46.7,9,2,23,6,13,-70.687,-31.8486
46.7,10,1,23,6,0,-86.2118,0
46.7,11,0,23,6,13,-71.2545,-33.1164
46.7,12,2,23,6,13,-71.8848,-31.6839
46.7,13,1,23,6,12,-71.2673,-34.1582
46.7,14,0,23,6,12,-72.2769,-32.4422
46.8,0,2,23,6,13,-72.9118,-29.3743
46.8,1,0,23,6,13,-73.3197,-29.245
46.8,2,1,23,6,13,-73.5426,-28.1238
46.8,3,2,23,6,13,-74.1607,-29.4537
46.8,4,2,23,6,13,-75.3936,-28.4745
46.8,5,0,23,6,13,-73.9869,-30.1386
46.8,6,0,23,6,13,-73.8685,-29.4827
46.8,7,1,23,6,13,-72.8908,-30.8973
46.8,8,1,23,6,13,-73.2477,-30.5076
46.8,9,2,23,6,13,-70.7897,-31.9641
46.8,10,1,23,6,0,-86.1495,0
46.8,11,0,23,6,13,-71.3381,-33.2292
46.8,12,2,23,6,13,-72.0381,-31.8047
46.8,13,1,23,6,12,-71.3327,-34.278
46.8,14,0,23,6,12,-72.4104,-32.5553
46.9,0,2,23,6,13,-73.0036,-29.4089
46.9,1,0,23,6,13,-73.4197,-29.3068
46.9,2,1,23,6,13,-73.6392,-28.159
46.9,3,2,23,6,13,-74.2703,-29.5403
46.9,4,2,23,6,13,-75.4979,-28.5213
46.9,5,0,23,6,13,-74.1043,-30.2434
46.9,6,0,23,6,13,-73.9732,-29.522
46.9,7,1,23,6,13,-73.003,-31.0155
46.9,8,1,23,6,13,-73.3534,-30.5463
46.9,9,2,23,6,13,-70.8906,-32.0855
46.9,10,1,23,6,0,-86.0864,0
46.9,11,0,23,6,13,-71.4193,-33.3464
46.9,12,2,23,6,13,-72.195,-31.9288
46.9,13,1,23,6,12,-71.3958,-34.3949
46.9,14,0,23,6,12,-72.5471,-32.6716
47,0,2,23,6,13,-73.0969,-29.4569
47,1,0,23,6,13,-73.5205,-29.3803
47,2,1,23,6,13,-73.7362,-28.1953
47,3,2,23,6,13,-74.3798,-29.6371
47,4,2,23,6,13,-75.5997,-28.5693
47,5,0,23,6,13,-74.2204,-30.3558
47,6,0,23,6,13,-74.0758,-29.5628
47,7,1,23,6,13,-73.1136,-31.1403
47,8,1,23,6,13,-73.4568,-30.5864
47,9,2,23,6,13,-70.9895,-32.212
47,10,1,23,6,0,-86.0224,0
47,11,0,23,6,13,-71.498,-33.467
47,12,2,23,6,12,-72.3551,-32.0548
47,13,1,23,6,11,-71.4571,-32.5172
47,14,0,23,6,12,-72.6871,-32.7902
47.1,0,1,23,6,13,-73.192,-29.5224
47.1,1,0,23,6,13,-73.6221,-29.47
47.1,2,2,23,6,13,-73.8335,-28.2335
47.1,3,1,23,6,13,-74.4894,-29.7487
47.1,4,1,23,6,13,-75.6989,-28.619
47.1,5,0,23,6,13,-74.3355,-30.4799
47.1,6,0,23,6,13,-74.1764,-29.6056
47.1,7,2,23,6,13,-73.2226,-31.2757
47.1,8,2,23,6,13,-73.5585,-30.629
47.1,9,1,23,6,13,-71.0866,-32.3476
47.1,10,2,23,6,0,-85.9575,0
47.1,11,0,23,6,13,-71.5746,-33.5954
47.1,12,0,23,6,12,-72.5183,-32.1828
47.1,13,2,23,6,11,-71.5164,-32.5021
47.1,14,1,23,6,12,-72.8301,-32.9112
47.2,0,1,23,6,13,-73.2887,-29.6027
47.2,1,0,23,6,13,-73.7245,-29.5729
47.2,2,2,23,6,13,-73.9311,-28.2715
47.2,3,1,23,6,13,-74.5989,-29.8715
47.2,4,1,23,6,13,-75.7957,-28.6684
47.2,5,0,23,6,13,-74.4492,-30.6127
47.2,6,0,23,6,13,-74.2753,-29.6487
47.2,7,2,23,6,13,-73.3301,-31.4184
47.2,8,2,23,6,13,-73.6582,-30.6719
47.2,9,1,23,6,13,-71.1816,-32.4894
47.2,10,2,23,6,0,-85.8916,0
47.2,11,0,23,6,13,-71.6491,-33.7287
47.2,12,0,23,6,12,-72.6848,-32.3113
47.2,13,2,23,6,11,-71.5739,-32.4863
47.2,14,1,23,6,12,-72.9762,-33.0329
47.3,0,1,23,6,13,-73.3869,-29.6991
47.3,1,0,23,6,13,-73.8275,-29.6904
47.3,2,2,23,6,13,-74.0291,-28.3108
47.3,3,1,23,6,13,-74.7081,-30.0072
47.3,4,1,23,6,13,-75.8897,-28.7187
47.3,5,0,23,6,13,-74.5617,-30.7558
47.3,6,0,23,6,13,-74.3719,-29.6931
47.3,7,2,23,6,13,-73.4359,-31.5704
47.3,8,2,23,6,13,-73.7561,-30.7166
47.3,9,1,23,6,13,-71.2746,-32.639
47.3,10,2,23,6,0,-85.8247,0
47.3,11,0,23,6,12,-71.7215,-33.5552
47.3,12,0,23,6,12,-72.8538,-32.4409
47.3,13,2,23,6,11,-71.6297,-32.4695
47.3,14,1,23,6,11,-73.1253,-32.4357
47.4,0,1,23,6,13,-73.4863,-29.8129
47.4,1,0,23,6,13,-73.9309,-29.8234
47.4,2,2,23,6,13,-72.498,-28.3518
47.4,3,1,23,6,13,-74.8167,-30.1566
47.4,4,1,23,6,13,-75.9813,-28.768
47.4,5,0,23,6,13,-74.6724,-30.9103
47.4,6,0,23,6,13,-74.4662,-29.7368
47.4,7,2,23,6,13,-73.5396,-31.7325
47.4,8,2,23,6,13,-73.8517,-30.7608
47.4,9,1,23,6,13,-71.3654,-32.7976
47.4,10,2,23,6,0,-85.7568,0
47.4,11,0,23,6,12,-71.792,-33.6816
47.4,12,0,23,6,12,-71.7117,-32.5755
47.4,13,2,23,6,11,-71.6839,-32.4533
47.4,14,1,23,6,11,-73.277,-32.5437
47.5,0,1,23,6,13,-73.5872,-29.9431
47.5,1,0,23,6,13,-74.0348,-29.9714
47.5,2,2,23,6,13,-72.6207,-28.3903
47.5,3,1,23,6,13,-74.9248,-30.3191
47.5,4,1,23,6,13,-76.0703,-28.8169
47.5,5,0,23,6,13,-74.7814,-31.0754
47.5,6,0,23,6,13,-74.5588,-29.781
47.5,7,2,23,6,13,-73.6416,-31.9043
47.5,8,2,23,6,13,-73.9453,-30.8055
47.5,9,1,23,6,13,-71.4543,-32.9647
47.5,10,2,23,6,0,-85.6879,0
47.5,11,0,23,6,12,-71.8607,-33.8135
47.5,12,0,23,6,12,-71.8863,-32.7041
47.5,13,2,23,6,11,-71.7366,-32.4364
47.5,14,1,23,6,11,-73.4315,-32.6527
47.6,0,0,23,6,13,-73.6889,-30.0896
47.6,1,2,23,6,13,-74.1385,-30.1339
47.6,2,1,23,6,13,-72.7456,-28.4277
47.6,3,0,23,6,13,-75.032,-30.4946
47.6,4,2,23,6,13,-76.1565,-28.8645
47.6,5,1,23,6,13,-74.8888,-31.2516
47.6,6,0,23,6,13,-74.649,-29.8243
47.6,7,2,23,6,13,-73.7415,-32.0857
47.6,8,1,23,6,13,-74.0368,-30.8496
47.6,9,0,23,6,13,-71.5411,-33.1403
47.6,10,1,23,6,0,-85.6177,0
47.6,11,1,23,6,12,-71.9275,-33.9518
47.6,12,2,23,6,12,-72.0645,-32.8313
47.6,13,2,23,6,11,-71.7878,-32.4201
47.6,14,0,23,6,11,-73.5883,-32.7627
47.7,0,0,23,6,13,-73.7916,-30.2548
47.7,1,2,23,6,13,-74.2422,-30.3133
47.7,2,1,23,6,13,-72.8728,-28.4646
47.7,3,0,23,6,13,-75.1386,-30.6854
47.7,4,2,23,6,13,-76.2402,-28.9112
47.7,5,1,23,6,13,-74.9945,-31.4411
47.7,6,0,23,6,13,-74.7373,-29.8673
47.7,7,2,23,6,13,-73.8395,-32.2792
47.7,8,1,23,6,13,-74.1265,-30.8936
47.7,9,0,23,6,13,-71.6258,-33.3271
47.7,10,1,23,6,0,-85.5465,0
47.7,11,1,23,6,11,-71.9927,-30.5107
47.7,12,2,23,6,11,-72.2465,-32.0009
47.7,13,2,23,6,11,-71.8377,-32.4044
47.7,14,0,23,6,11,-73.7474,-32.8734
47.8,0,0,23,6,13,-73.8946,-30.4314
47.8,1,2,23,6,13,-74.3458,-30.5025
47.8,2,1,23,6,13,-73.0015,-28.4997
47.8,3,0,23,6,13,-75.2442,-30.884
47.8,4,2,23,6,13,-73.8846,-28.9575
47.8,5,1,23,6,13,-75.0981,-31.6367
47.8,6,0,23,6,13,-74.8233,-29.9085
47.8,7,2,23,6,13,-73.9351,-32.4777
47.8,8,1,23,6,13,-74.2139,-30.9359
47.8,9,0,23,6,13,-71.7084,-33.5181
47.8,10,1,23,6,0,-85.474,0
47.8,11,1,23,6,11,-72.0563,-30.496
47.8,12,2,23,6,11,-72.431,-32.1168
47.8,13,2,23,6,11,-71.8862,-32.3889
47.8,14,0,23,6,11,-72.3497,-32.992
47.9,0,0,23,6,13,-73.9976,-30.6068
47.9,1,2,23,6,13,-74.4485,-30.6891
47.9,2,1,23,6,13,-73.1306,-28.5345
47.9,3,0,23,6,13,-75.348,-31.0783
47.9,4,2,23,6,13,-74.017,-29.0007
47.9,5,1,23,6,13,-75.1995,-31.827
47.9,6,0,23,6,13,-74.9072,-29.9492
47.9,7,2,23,6,13,-74.0287,-32.67
47.9,8,1,23,6,13,-74.2992,-30.9778
47.9,9,0,23,6,13,-71.7889,-33.7017
47.9,10,1,23,6,0,-85.4004,0
47.9,11,1,23,6,11,-72.1183,-30.4817
47.9,12,2,23,6,11,-72.6158,-32.2308
47.9,13,2,23,6,11,-71.9335,-32.3737
47.9,14,0,23,6,11,-72.5256,-33.1034
48,0,0,23,6,13,-74.0999,-30.763
48,1,2,23,6,13,-74.5498,-30.8548
48,2,1,23,6,13,-73.2593,-28.5675
48,3,0,23,6,13,-75.4499,-31.2502
48,4,2,23,6,13,-74.1499,-29.0419
48,5,1,23,6,13,-75.2984,-31.994
48,6,0,23,6,13,-74.9889,-29.9884
48,7,2,23,6,13,-74.1196,-32.8377
48,8,1,23,6,13,-74.3824,-31.0184
48,9,0,23,6,12,-71.8673,-33.2008
48,10,1,23,6,0,-85.3257,0
48,11,1,23,6,11,-72.1787,-30.4688
48,12,2,23,6,11,-72.799,-32.3403
48,13,2,23,6,11,-71.9795,-32.3599
48,14,0,23,6,10,-72.7045,-32.5171
48.1,0,2,23,6,13,-74.201,-30.8865
48.1,1,1,23,6,13,-74.6494,-30.9863
48.1,2,0,23,6,13,-73.3865,-28.5989
48.1,3,2,23,6,13,-73.4134,-31.4615
48.1,4,1,23,6,13,-74.2824,-29.0809
48.1,5,0,23,6,13,-75.3945,-32.1246
48.1,6,2,23,6,13,-75.0684,-30.0261
48.1,7,1,23,6,13,-74.208,-32.9683
48.1,8,0,23,6,13,-72.7177,-31.0792
48.1,9,2,23,6,12,-71.9435,-33.2985
48.1,10,0,23,6,0,-85.2498,0
48.1,11,1,23,6,11,-72.2376,-30.4575
48.1,12,1,23,6,11,-72.9787,-32.4458
48.1,13,0,23,6,11,-72.0244,-32.3478
48.1,14,2,23,6,10,-72.886,-32.6144
48.2,0,2,23,6,13,-74.2993,-30.9122
48.2,1,1,23,6,13,-74.7454,-31.0185
48.2,2,0,23,6,13,-73.5095,-28.6295
48.2,3,2,23,6,13,-73.5041,-31.4938
48.2,4,1,23,6,13,-72.717,-29.3371
48.2,5,0,23,6,13,-75.4869,-32.155
48.2,6,2,23,6,13,-75.1456,-30.0625
48.2,7,1,23,6,13,-72.6345,-33.0093
48.2,8,0,23,6,12,-72.7981,-31.1172
48.2,9,2,23,6,12,-72.0176,-33.2924
48.2,10,0,23,6,0,-85.1709,0
48.2,11,1,23,6,11,-72.295,-30.4469
48.2,12,1,23,6,11,-73.1471,-32.5405
48.2,13,0,23,6,10,-72.068,-32.3361
48.2,14,2,23,6,10,-73.0702,-32.7132
48.3,0,2,23,6,13,-74.3946,-30.8417
48.3,1,1,23,6,13,-74.8382,-30.9529
48.3,2,0,23,6,13,-73.6279,-28.6575
48.3,3,2,23,6,13,-73.5917,-31.4285
48.3,4,1,23,6,13,-72.8337,-29.3706
48.3,5,0,23,6,13,-75.5755,-32.0865
48.3,6,2,23,6,13,-75.2211,-30.0968
48.3,7,1,23,6,13,-72.7182,-32.9398
48.3,8,0,23,6,12,-72.8762,-31.1528
48.3,9,2,23,6,12,-72.0894,-33.1835
48.3,10,0,23,6,0,-85.0914,0
48.3,11,1,23,6,11,-72.3508,-30.4375
48.3,12,1,23,6,11,-73.3041,-32.6261
48.3,13,0,23,6,10,-72.1105,-32.3261
48.3,14,2,23,6,10,-73.2565,-32.8129
48.4,0,2,23,6,13,-74.4872,-30.6865
48.4,1,1,23,6,13,-74.9277,-30.8013
48.4,2,0,23,6,13,-73.7421,-28.684
48.4,3,2,23,6,13,-73.6763,-31.2771
48.4,4,1,23,6,13,-72.9482,-29.4021
48.4,5,0,23,6,13,-75.661,-31.9311
48.4,6,2,23,6,13,-75.2941,-30.1292
48.4,7,1,23,6,13,-72.7989,-32.7829
48.4,8,0,23,6,12,-72.9523,-31.1869
48.4,9,2,23,6,12,-72.1589,-32.9843
48.4,10,0,23,6,0,-85.0112,0
48.4,11,1,23,6,11,-72.4052,-30.4298
48.4,12,1,23,6,11,-73.451,-32.7024
48.4,13,0,23,6,10,-72.1521,-32.3176
48.4,14,2,23,6,10,-73.4433,-32.913
48.5,0,2,23,6,13,-74.5765,-30.4673
48.5,1,1,23,6,13,-75.0139,-30.5844
48.5,2,0,23,6,13,-73.8516,-28.7089
48.5,3,2,23,6,13,-73.7577,-31.0604
48.5,4,1,23,6,13,-73.0597,-29.4315
48.5,5,0,23,6,13,-75.7427,-31.7093
48.5,6,2,23,6,13,-75.3649,-30.1598
48.5,7,1,23,6,12,-72.8769,-31.561
48.5,8,0,23,6,12,-73.0262,-31.2191
48.5,9,2,23,6,11,-72.2264,-28.2785
48.5,10,0,23,6,0,-84.9306,0
48.5,11,1,23,6,11,-72.4582,-30.4235
48.5,12,1,23,6,10,-73.5879,-31.8198
48.5,13,0,23,6,10,-72.1926,-32.3105
48.5,14,2,23,6,9,-73.6281,-32.2489
48.6,0,0,23,6,13,-74.6627,-30.1998
48.6,1,2,23,6,13,-75.0965,-30.3184
48.6,2,1,23,6,13,-73.9561,-28.7327
48.6,3,0,23,6,13,-73.8359,-30.7943
48.6,4,2,23,6,13,-73.1673,-29.4592
48.6,5,1,23,6,13,-75.821,-31.4376
48.6,6,0,23,6,13,-75.434,-30.1896
48.6,7,2,23,6,12,-72.9521,-31.251
48.6,8,1,23,6,12,-73.098,-31.2504
48.6,9,1,23,6,11,-72.2918,-28.2808
48.6,10,1,23,6,0,-84.8494,0
48.6,11,0,23,6,11,-72.5099,-30.4181
48.6,12,2,23,6,10,-73.7152,-31.8693
48.6,13,2,23,6,10,-72.2322,-32.3043
48.6,14,0,23,6,9,-73.8089,-32.3542
48.7,0,0,23,6,13,-74.7449,-29.9447
48.7,1,2,23,6,13,-75.175,-30.0634
48.7,2,1,23,6,13,-74.0548,-28.7541
48.7,3,0,23,6,13,-73.9108,-30.539
48.7,4,2,23,6,13,-73.2686,-29.484
48.7,5,1,23,6,13,-75.8953,-31.1766
48.7,6,0,23,6,13,-75.501,-30.2165
48.7,7,2,23,6,12,-73.0244,-30.9548
48.7,8,1,23,6,12,-73.168,-31.279
48.7,9,1,23,6,11,-72.3551,-28.2835
48.7,10,1,23,6,0,-84.7686,0
48.7,11,0,23,6,11,-72.5603,-30.4138
48.7,12,2,23,6,10,-73.8339,-31.9122
48.7,13,2,23,6,10,-72.2709,-32.299
48.7,14,0,23,6,9,-73.9774,-32.45
48.8,0,0,23,6,13,-74.8233,-29.7016
48.8,1,2,23,6,13,-75.2496,-29.8197
48.8,2,1,23,6,13,-74.1476,-28.7744
48.8,3,0,23,6,13,-73.9821,-30.2946
48.8,4,2,23,6,13,-73.3639,-29.5074
48.8,5,1,23,6,13,-75.9658,-30.9266
48.8,6,0,23,6,13,-75.5657,-30.2422
48.8,7,2,23,6,12,-73.0936,-30.6721
48.8,8,1,23,6,12,-73.2356,-31.3065
48.8,9,1,23,6,11,-72.4162,-28.2878
48.8,10,1,23,6,0,-84.6879,0
48.8,11,0,23,6,11,-72.6093,-30.4113
48.8,12,2,23,6,10,-73.944,-31.9483
48.8,13,2,23,6,10,-72.3087,-32.2957
48.8,14,0,23,6,9,-74.1343,-32.5362
48.9,0,0,23,6,13,-74.8977,-29.4729
48.9,1,2,23,6,13,-75.3203,-29.5899
48.9,2,1,23,6,13,-74.2351,-28.7923
48.9,3,0,23,6,13,-74.0506,-30.0639
48.9,4,2,23,6,13,-73.4538,-29.5279
48.9,5,1,23,6,13,-76.033,-30.6902
48.9,6,0,23,6,13,-75.6287,-30.2654
48.9,7,2,23,6,12,-73.1605,-30.4061
48.9,8,1,23,6,12,-73.3018,-31.3315
48.9,9,1,23,6,11,-72.4754,-28.2918
48.9,10,1,23,6,0,-84.6076,0
48.9,11,0,23,6,11,-72.6572,-30.4089
48.9,12,2,23,6,10,-74.0461,-31.9795
48.9,13,2,23,6,10,-72.3458,-32.2924
48.9,14,0,23,6,9,-74.28,-32.6128
49,0,0,23,6,13,-74.9692,-29.2578
49,1,2,23,6,13,-75.3877,-29.3729
49,2,1,23,6,13,-74.3177,-28.8095
49,3,0,23,6,13,-74.116,-29.8456
49,4,2,23,6,13,-73.5383,-29.547
49,5,1,23,6,12,-76.0967,-29.0555
49,6,0,23,6,13,-75.6897,-30.2875
49,7,2,23,6,12,-73.2246,-30.155
49,8,1,23,6,12,-73.3656,-31.3553
49,9,1,23,6,11,-72.5329,-28.2979
49,10,1,23,6,0,-84.5277,0
49,11,0,23,6,11,-72.7041,-30.4089
49,12,2,23,6,10,-74.1409,-32.0045
49,13,2,23,6,10,-72.3822,-32.2915
49,14,0,23,6,8,-74.4151,-32.162
49.1,0,1,23,6,13,-75.0371,-29.0571
49.1,1,0,23,6,13,-75.4518,-29.17
49.1,2,2,23,6,13,-74.3952,-28.8246
49.1,3,2,23,6,13,-74.1786,-29.6415
49.1,4,1,23,6,13,-73.618,-29.564
49.1,5,0,23,6,12,-76.1576,-28.8186
49.1,6,0,23,6,13,-75.7489,-30.3076
49.1,7,1,23,6,12,-73.2864,-29.9208
49.1,8,2,23,6,12,-73.4278,-31.3771
49.1,9,0,23,6,11,-72.5886,-28.3036
49.1,10,2,23,6,0,-84.448,0
49.1,11,2,23,6,11,-72.7498,-30.4089
49.1,12,1,23,6,10,-74.2285,-32.0251
49.1,13,1,23,6,10,-72.418,-32.2906
49.1,14,0,23,6,8,-74.5398,-32.2313
49.2,0,1,23,6,13,-75.1019,-28.8708
49.2,1,0,23,6,13,-75.5129,-28.9814
49.2,2,2,23,6,13,-74.4685,-28.8385
49.2,3,2,23,6,13,-74.2385,-29.4512
49.2,4,1,23,6,13,-73.6931,-29.5793
49.2,5,0,23,6,12,-73.8023,-28.6742
49.2,6,0,23,6,12,-73.5628,-30.3804
49.2,7,1,23,6,12,-73.3457,-29.7033
49.2,8,2,23,6,12,-73.4879,-31.3974
49.2,9,0,23,6,11,-72.6425,-28.31
49.2,10,2,23,6,0,-84.3687,0
49.2,11,2,23,6,11,-72.7946,-30.4101
49.2,12,1,23,6,10,-74.3096,-32.0411
49.2,13,1,23,6,9,-72.4533,-32.0395
49.2,14,0,23,6,8,-74.6547,-32.2924
49.3,0,1,23,6,13,-75.1636,-28.7184
49.3,1,0,23,6,13,-75.571,-28.8055
49.3,2,2,23,6,13,-74.5374,-28.8505
49.3,3,2,23,6,13,-74.296,-29.2737
49.3,4,1,23,6,13,-72.2504,-29.594
49.3,5,0,23,6,12,-73.8606,-28.4722
49.3,6,0,23,6,12,-73.6209,-30.3969
49.3,7,1,23,6,12,-73.4029,-29.501
49.3,8,2,23,6,12,-73.5463,-31.4156
49.3,9,0,23,6,11,-72.6949,-28.3169
49.3,10,2,23,6,0,-84.2898,0
49.3,11,2,23,6,11,-72.8385,-30.4119
49.3,12,1,23,6,10,-72.6788,-32.0676
49.3,13,1,23,6,9,-72.4881,-32.0356
49.3,14,0,23,6,8,-74.7605,-32.3459
49.4,0,1,23,6,13,-75.2225,-28.7313
49.4,1,0,23,6,13,-75.6264,-28.6428
49.4,2,2,23,6,13,-74.6023,-28.8619
49.4,3,2,23,6,13,-74.3512,-29.1097
49.4,4,1,23,6,13,-72.3238,-29.6059
49.4,5,0,23,6,12,-73.9164,-28.2857
49.4,6,0,23,6,12,-72.175,-30.4138
49.4,7,1,23,6,12,-73.458,-29.3144
49.4,8,2,23,6,12,-73.6029,-31.433
49.4,9,0,23,6,11,-72.7458,-28.3245
49.4,10,2,23,6,0,-84.2114,0
49.4,11,2,23,6,11,-72.8817,-30.415
49.4,12,1,23,6,10,-72.7544,-32.076
49.4,13,1,23,6,9,-72.5225,-32.0321
49.4,14,0,23,6,8,-72.976,-32.4201
49.5,0,1,23,6,13,-75.2785,-28.7415
49.5,1,0,23,6,13,-75.6791,-28.4943
49.5,2,2,23,6,13,-74.6634,-28.871
49.5,3,2,23,6,13,-74.4042,-28.9598
49.5,4,1,23,6,13,-72.3922,-29.6155
49.5,5,0,23,6,12,-73.9705,-28.1157
49.5,6,0,23,6,12,-72.2509,-30.427
49.5,7,1,23,6,12,-73.5111,-29.1443
49.5,8,2,23,6,12,-73.6579,-31.4479
49.5,9,0,23,6,11,-72.7952,-28.3322
49.5,10,2,23,6,0,-84.1332,0
49.5,11,2,23,6,11,-72.924,-30.4186
49.5,12,1,23,6,10,-72.8235,-32.0822
49.5,13,1,23,6,9,-72.5567,-32.0295
49.5,14,0,23,6,8,-73.0782,-32.4595
49.6,0,0,23,6,13,-75.332,-28.7511
49.6,1,2,23,6,13,-73.502,-28.4528
49.6,2,1,23,6,13,-72.8695,-29.0899
49.6,3,1,23,6,12,-74.455,-27.0927
49.6,4,0,23,6,13,-72.4557,-29.624
49.6,5,0,23,6,12,-74.0224,-27.9604
49.6,6,1,23,6,12,-72.3218,-30.4392
49.6,7,1,23,6,12,-72.079,-29.0062
49.6,8,2,23,6,12,-72.1852,-31.4717
49.6,9,0,23,6,11,-72.8434,-28.3405
49.6,10,2,23,6,0,-84.0555,0
49.6,11,2,23,6,11,-72.9655,-30.4229
49.6,12,0,23,6,10,-72.8867,-32.0848
49.6,13,1,23,6,9,-72.5904,-32.0264
49.6,14,1,23,6,7,-73.1711,-32.4553
49.7,0,0,23,6,13,-75.3828,-28.7591
49.7,1,2,23,6,13,-73.5519,-28.3313
49.7,2,1,23,6,13,-72.9233,-29.0966
49.7,3,1,23,6,12,-74.5038,-26.9529
49.7,4,0,23,6,13,-72.5147,-29.6309
49.7,5,0,23,6,12,-74.0726,-27.8199
49.7,6,1,23,6,12,-72.3882,-30.4498
49.7,7,1,23,6,12,-72.1295,-28.8663
49.7,8,2,23,6,12,-72.237,-31.4838
49.7,9,0,23,6,11,-72.8901,-28.3485
49.7,10,2,23,6,0,-83.9782,0
49.7,11,2,23,6,11,-73.0065,-30.4275
49.7,12,0,23,6,10,-72.9441,-32.0854
49.7,13,1,23,6,9,-72.6239,-32.0241
49.7,14,1,23,6,7,-73.2552,-32.4847
49.8,0,0,23,6,13,-75.4312,-28.7659
49.8,1,2,23,6,13,-73.5998,-28.2208
49.8,2,1,23,6,13,-72.9744,-29.1025
49.8,3,1,23,6,12,-74.5509,-26.8262
49.8,4,0,23,6,13,-72.5694,-29.6367
49.8,5,0,23,6,12,-74.1211,-27.6925
49.8,6,1,23,6,12,-72.4506,-30.4594
49.8,7,1,23,6,12,-72.1783,-28.7395
49.8,8,2,23,6,12,-72.2877,-31.4951
49.8,9,0,23,6,11,-72.9358,-28.357
49.8,10,2,23,6,0,-83.9013,0
49.8,11,2,23,6,11,-73.0467,-30.4326
49.8,12,0,23,6,10,-72.9961,-32.0834
49.8,13,1,23,6,9,-72.6573,-32.0219
49.8,14,1,23,6,7,-73.3313,-32.5092
49.9,0,0,23,6,13,-75.4774,-28.7715
49.9,1,2,23,6,13,-73.6459,-28.1214
49.9,2,1,23,6,13,-73.0231,-29.1072
49.9,3,1,23,6,12,-74.5959,-26.7122
49.9,4,0,23,6,13,-72.62,-29.641
49.9,5,0,23,6,12,-74.1678,-27.5781
49.9,6,1,23,6,12,-72.5089,-30.4676
49.9,7,1,23,6,12,-72.2256,-28.6259
49.9,8,2,23,6,12,-72.3366,-31.5046
49.9,9,0,23,6,11,-72.9802,-28.3662
49.9,10,2,23,6,0,-83.8251,0
49.9,11,2,23,6,11,-73.0865,-30.4391
49.9,12,0,23,6,10,-73.0431,-32.0795
49.9,13,1,23,6,9,-72.6906,-32.02
49.9,14,1,23,6,7,-73.3992,-32.5283
50,0,0,23,6,13,-75.5212,-28.7762
50,1,2,23,6,13,-73.6901,-28.0336
50,2,1,23,6,13,-73.0693,-29.1111
50,3,1,23,6,12,-74.6392,-26.6117
50,4,0,23,6,13,-72.667,-29.6443
50,5,0,23,6,12,-74.213,-27.4776
50,6,1,23,6,12,-72.5633,-30.4747
50,7,1,23,6,11,-72.2713,-26.111
50,8,2,23,6,12,-72.3839,-31.5133
50,9,0,23,6,11,-73.0234,-28.3747
50,10,2,23,6,0,-83.6474,0
50,11,2,23,6,11,-73.1255,-30.4447
50,12,0,23,6,9,-73.0856,-31.1695
50,13,1,23,6,9,-72.7236,-32.0188
50,14,1,23,6,7,-73.46,-32.5433
50.1,0,0,23,6,13,-75.563,-28.7802
50.1,1,2,23,6,13,-73.7327,-27.9547
50.1,2,1,23,6,13,-73.1135,-29.1147
50.1,3,0,23,6,12,-74.6809,-26.5219
50.1,4,0,23,6,13,-72.7104,-29.647
50.1,5,1,23,6,12,-74.2568,-27.388
50.1,6,1,23,6,12,-72.6144,-30.4812
50.1,7,2,23,6,11,-72.3156,-26.1207
50.1,8,2,23,6,12,-72.43,-31.5211
50.1,9,0,23,6,11,-73.0657,-28.3839
50.1,10,2,23,6,0,-83.4748,0
50.1,11,2,23,6,11,-73.1641,-30.4516
50.1,12,0,23,6,9,-73.1236,-31.1615
50.1,13,1,23,6,9,-72.7567,-32.0172
50.1,14,1,23,6,7,-73.5138,-32.5534
50.2,0,0,23,6,13,-71.9638,-28.9961
50.2,1,2,23,6,12,-72.2129,-26.2351
50.2,2,1,23,6,13,-73.1555,-29.1173
50.2,3,0,23,6,12,-72.8497,-26.4483
50.2,4,0,23,6,13,-72.7505,-29.6486
50.2,5,1,23,6,12,-72.5691,-27.3137
50.2,6,1,23,6,12,-72.6621,-30.4866
50.2,7,2,23,6,11,-71.1828,-26.1839
50.2,8,2,23,6,12,-71.2728,-31.533
50.2,9,0,23,6,11,-71.7367,-28.4391
50.2,10,2,23,6,0,-83.4019,0
50.2,11,2,23,6,11,-71.8044,-30.4885
50.2,12,0,23,6,9,-73.1576,-31.1518
50.2,13,1,23,6,9,-71.5003,-32.0557
50.2,14,1,23,6,6,-73.5613,-31.8947
50.3,0,0,23,6,12,-72.0045,-28.9974
50.3,1,2,23,6,12,-72.2536,-26.2326
50.3,2,1,23,6,13,-73.1952,-29.1184
50.3,3,0,23,6,12,-72.8893,-26.3811
50.3,4,0,23,6,12,-72.7874,-29.6487
50.3,5,1,23,6,12,-72.6101,-27.2472
50.3,6,1,23,6,12,-72.7067,-30.4905
50.3,7,2,23,6,11,-71.2249,-26.1929
50.3,8,2,23,6,12,-71.3159,-31.538
50.3,9,0,23,6,11,-71.7779,-28.4479
50.3,10,2,23,6,0,-83.3298,0
50.3,11,2,23,6,11,-71.843,-30.4953
50.3,12,0,23,6,9,-73.1878,-31.141
50.3,13,1,23,6,8,-71.5353,-32.0552
50.3,14,1,23,6,5,-73.6025,-30.2875
50.4,0,0,23,6,12,-72.044,-28.9993
50.4,1,2,23,6,12,-72.293,-26.2318
50.4,2,1,23,6,13,-73.2332,-29.1201
50.4,3,0,23,6,12,-72.9278,-26.3232
50.4,4,0,23,6,12,-72.8215,-29.6493
50.4,5,1,23,6,12,-72.6497,-27.1904
50.4,6,1,23,6,12,-72.7483,-30.4947
50.4,7,2,23,6,11,-71.2659,-26.2021
50.4,8,2,23,6,12,-71.3578,-31.5433
50.4,9,0,23,6,11,-71.818,-28.4567
50.4,10,2,23,6,0,-83.2582,0
50.4,11,2,23,6,11,-71.8812,-30.5027
50.4,12,0,23,6,9,-73.2146,-31.1285
50.4,13,1,23,6,8,-71.57,-32.054
50.4,14,1,23,6,5,-73.6385,-30.2881
50.5,0,0,23,6,12,-72.0817,-28.9994
50.5,1,2,23,6,12,-72.3309,-26.2282
50.5,2,1,23,6,13,-73.2694,-29.1203
50.5,3,0,23,6,12,-72.9649,-26.2755
50.5,4,0,23,6,12,-72.8531,-29.6485
50.5,5,1,23,6,12,-72.6882,-27.1436
50.5,6,1,23,6,12,-72.7871,-30.4971
50.5,7,2,23,6,11,-71.3057,-26.2109
50.5,8,2,23,6,12,-71.3983,-31.5469
50.5,9,0,23,6,11,-71.8572,-28.4653
50.5,10,2,23,6,0,-83.1872,0
50.5,11,2,23,6,11,-71.9186,-30.5097
50.5,12,0,23,6,9,-73.2383,-31.115
50.5,13,1,23,6,8,-71.6048,-32.0541
50.5,14,1,23,6,5,-73.6692,-30.2853
50.6,0,2,23,6,12,-72.1181,-28.9991
50.6,1,1,23,6,12,-72.3676,-26.2257
50.6,2,0,23,6,13,-73.3039,-29.1202
50.6,3,2,23,6,12,-73.0011,-26.2362
50.6,4,1,23,6,12,-72.8821,-29.6473
50.6,5,1,23,6,12,-72.7258,-27.1059
50.6,6,2,23,6,12,-72.8234,-30.4993
50.6,7,0,23,6,11,-71.3443,-26.2198
50.6,8,1,23,6,12,-71.4378,-31.55
50.6,9,2,23,6,11,-71.8955,-28.4741
50.6,10,0,23,6,0,-83.1167,0
50.6,11,0,23,6,11,-71.9558,-30.5172
50.6,12,0,23,6,9,-73.2589,-31.1005
50.6,13,1,23,6,8,-71.6393,-32.0538
50.6,14,2,23,6,5,-73.695,-30.2783
50.7,0,2,23,6,12,-72.1457,-28.9981
50.7,1,1,23,6,12,-72.403,-26.2223
50.7,2,0,23,6,13,-73.3367,-29.1198
50.7,3,2,23,6,12,-73.036,-26.2056
50.7,4,1,23,6,12,-72.9086,-29.6455
50.7,5,1,23,6,12,-72.7623,-27.0766
50.7,6,2,23,6,12,-72.8572,-30.5009
50.7,7,0,23,6,11,-71.3816,-26.2282
50.7,8,1,23,6,12,-71.476,-31.5525
50.7,9,2,23,6,11,-71.9328,-28.4826
50.7,10,0,23,6,0,-83.0463,0
50.7,11,0,23,6,11,-71.9922,-30.5246
50.7,12,0,23,6,9,-73.2769,-31.0855
50.7,13,1,23,6,8,-71.6735,-32.0539
50.7,14,2,23,6,5,-73.7165,-30.2683
50.8,0,2,23,6,12,-72.1792,-28.9966
50.8,1,1,23,6,12,-72.4372,-26.2188
50.8,2,0,23,6,13,-73.368,-29.119
50.8,3,2,23,6,12,-73.0698,-26.1823
50.8,4,1,23,6,12,-72.9332,-29.6436
50.8,5,1,23,6,12,-72.7979,-27.0553
50.8,6,2,23,6,12,-72.8887,-30.5019
50.8,7,0,23,6,11,-71.4179,-26.2364
50.8,8,1,23,6,11,-71.5131,-29.9912
50.8,9,2,23,6,11,-71.9692,-28.4908
50.8,10,0,23,6,0,-82.9762,0
50.8,11,0,23,6,10,-72.0279,-30.5318
50.8,12,0,23,6,9,-73.2925,-31.0699
50.8,13,1,23,6,8,-71.7077,-32.0541
50.8,14,2,23,6,5,-73.734,-30.2555
50.9,0,2,23,6,12,-72.2113,-28.9952
50.9,1,1,23,6,12,-72.4702,-26.2154
50.9,2,0,23,6,13,-73.3977,-29.1183
50.9,3,2,23,6,12,-73.1025,-26.1676
50.9,4,1,23,6,12,-72.9557,-29.6418
50.9,5,1,23,6,12,-72.8323,-27.0425
50.9,6,2,23,6,12,-72.918,-30.503
50.9,7,0,23,6,11,-71.453,-26.2447
50.9,8,1,23,6,11,-71.5491,-29.9965
50.9,9,2,23,6,11,-72.0048,-28.4993
50.9,10,0,23,6,0,-82.9063,0
50.9,11,0,23,6,10,-72.0633,-30.5395
50.9,12,0,23,6,9,-73.3059,-31.0543
50.9,13,1,23,6,8,-71.7416,-32.054
50.9,14,2,23,6,5,-73.7477,-30.2394
51,0,2,23,6,12,-72.2423,-28.9929
51,1,1,23,6,12,-72.5021,-26.2113
51,2,0,23,6,13,-73.4263,-29.1169
51,3,2,23,6,12,-73.1344,-26.1583
51,4,1,23,6,12,-72.9765,-29.6393
51,5,1,23,6,12,-72.866,-27.0352
51,6,2,23,6,12,-72.9454,-30.5032
51,7,0,23,6,11,-71.4873,-26.2526
51,8,1,23,6,11,-71.5841,-30.0015
51,9,2,23,6,11,-72.0395,-28.5072
51,10,0,23,6,0,-82.8367,0
51,11,0,23,6,10,-72.0982,-30.5468
51,12,0,23,6,9,-73.3174,-31.0381
51,13,1,23,6,8,-71.7756,-32.0544
51,14,2,23,6,5,-73.7582,-30.2213
51.1,0,1,23,6,12,-72.2722,-28.9902
51.1,1,2,23,6,12,-72.5329,-26.2071
51.1,2,0,23,6,13,-73.4534,-29.1152
51.1,3,1,23,6,12,-73.1652,-26.1547
51.1,4,2,23,6,12,-72.9956,-29.6363
51.1,5,2,23,6,12,-72.8988,-27.034
51.1,6,1,23,6,12,-72.9709,-30.503
51.1,7,1,23,6,11,-71.5207,-26.26
51.1,8,0,23,6,11,-71.6182,-30.006
51.1,9,0,23,6,11,-72.0734,-28.5146
51.1,10,0,23,6,0,-82.7672,0
51.1,11,2,23,6,10,-72.1326,-30.5538
51.1,12,2,23,6,9,-73.3271,-31.022
51.1,13,1,23,6,8,-71.8095,-32.0552
51.1,14,1,23,6,5,-73.7658,-30.2014
51.2,0,1,23,6,12,-72.3006,-28.9874
51.2,1,2,23,6,12,-72.5626,-26.2038
51.2,2,0,23,6,13,-73.4794,-29.1137
51.2,3,1,23,6,12,-73.195,-26.1574
51.2,4,2,23,6,12,-73.0133,-29.6339
51.2,5,2,23,6,12,-72.9306,-27.0392
51.2,6,1,23,6,12,-72.9947,-30.5031
51.2,7,1,23,6,11,-71.553,-26.2676
51.2,8,0,23,6,11,-71.6511,-30.01
51.2,9,0,23,6,11,-72.1066,-28.5224
51.2,10,0,23,6,0,-82.6979,0
51.2,11,2,23,6,10,-72.1665,-30.5612
51.2,12,2,23,6,9,-73.3352,-31.0063
51.2,13,1,23,6,8,-71.8431,-32.056
51.2,14,1,23,6,5,-73.7704,-30.1795
51.3,0,1,23,6,12,-72.3283,-28.9844
51.3,1,2,23,6,12,-72.5916,-26.1991
51.3,2,0,23,6,12,-73.5043,-29.1119
51.3,3,1,23,6,12,-73.2239,-26.1636
51.3,4,2,23,6,12,-73.0296,-29.6311
51.3,5,2,23,6,12,-72.9616,-27.0478
51.3,6,1,23,6,12,-73.0169,-30.5026
51.3,7,1,23,6,11,-71.5846,-26.2745
51.3,8,0,23,6,11,-71.6834,-30.0141
51.3,9,0,23,6,11,-72.1392,-28.5297
51.3,10,0,23,6,0,-82.6283,0
51.3,11,2,23,6,10,-72.1998,-30.5681
51.3,12,2,23,6,9,-73.342,-30.9901
51.3,13,1,23,6,7,-71.8766,-31.4179
51.3,14,1,23,6,5,-73.773,-30.1558
51.4,0,1,23,6,12,-72.3549,-28.9815
51.4,1,2,23,6,12,-72.6194,-26.196
51.4,2,0,23,6,12,-73.5281,-29.1105
51.4,3,1,23,6,12,-73.252,-26.1761
51.4,4,2,23,6,12,-73.0448,-29.6288
51.4,5,2,23,6,12,-72.9918,-27.0631
51.4,6,1,23,6,12,-73.0376,-30.5024
51.4,7,1,23,6,11,-71.6154,-26.2807
51.4,8,0,23,6,11,-71.7146,-30.0178
51.4,9,0,23,6,11,-72.1708,-28.536
51.4,10,0,23,6,0,-82.5588,0
51.4,11,2,23,6,10,-72.2327,-30.5742
51.4,12,2,23,6,9,-73.3478,-30.9744
51.4,13,1,23,6,7,-71.91,-31.4205
51.4,14,1,23,6,5,-73.7733,-30.1316
51.5,0,1,23,6,11,-72.3805,-28.9777
51.5,1,2,23,6,12,-72.6463,-26.1906
51.5,2,0,23,6,12,-73.5509,-29.1082
51.5,3,1,23,6,12,-73.2793,-26.1925
51.5,4,2,23,6,12,-73.059,-29.6259
51.5,5,2,23,6,12,-73.0212,-27.0822
51.5,6,1,23,6,12,-73.057,-30.5012
51.5,7,1,23,6,11,-71.6452,-26.2874
51.5,8,0,23,6,11,-71.7449,-30.0214
51.5,9,0,23,6,11,-72.2018,-28.5429
51.5,10,0,23,6,0,-82.4893,0
51.5,11,2,23,6,10,-72.265,-30.5809
51.5,12,2,23,6,9,-73.3526,-30.9591
51.5,13,1,23,6,6,-71.9434,-29.7099
51.5,14,1,23,6,5,-73.772,-30.1055
51.6,0,0,23,6,11,-72.4052,-28.9742
51.6,1,2,23,6,12,-72.6722,-26.187
51.6,2,1,23,6,12,-73.5727,-29.1061
51.6,3,0,23,6,12,-73.3056,-26.2125
51.6,4,2,23,6,12,-73.0722,-29.6231
51.6,5,1,23,6,12,-73.0498,-27.1052
51.6,6,0,23,6,12,-73.075,-30.5004
51.6,7,0,23,6,11,-71.6743,-26.2935
51.6,8,1,23,6,11,-71.7742,-30.0245
51.6,9,2,23,6,11,-72.2319,-28.5491
51.6,10,1,23,6,0,-82.4198,0
51.6,11,1,23,6,10,-72.2969,-30.5871
51.6,12,2,23,6,9,-73.3567,-30.9443
51.6,13,0,23,6,6,-71.9766,-29.7097
51.6,14,0,23,6,5,-73.7689,-30.0791
51.7,0,0,23,6,11,-72.4291,-28.9703
51.7,1,2,23,6,12,-72.6976,-26.1827
51.7,2,1,23,6,12,-73.5939,-29.104
51.7,3,0,23,6,12,-73.3314,-26.2341
51.7,4,2,23,6,12,-73.0846,-29.6204
51.7,5,1,23,6,12,-73.0778,-27.1296
51.7,6,0,23,6,12,-73.0922,-30.4993
51.7,7,0,23,6,11,-71.7027,-26.299
51.7,8,1,23,6,11,-71.8031,-30.0271
51.7,9,2,23,6,11,-72.2617,-28.555
51.7,10,1,23,6,0,-82.3502,0
51.7,11,1,23,6,10,-72.3284,-30.593
51.7,12,2,23,6,9,-73.3599,-30.9299
51.7,13,0,23,6,6,-72.0096,-29.7102
51.7,14,0,23,6,5,-73.765,-30.0523
51.8,0,0,23,6,11,-72.4521,-28.9673
51.8,1,2,23,6,12,-72.7139,-26.1795
51.8,2,1,23,6,12,-73.6142,-29.1027
51.8,3,0,23,6,12,-73.3564,-26.2595
51.8,4,2,23,6,12,-73.0964,-29.6189
51.8,5,1,23,6,12,-73.1049,-27.1579
51.8,6,0,23,6,12,-73.1082,-30.4991
51.8,7,0,23,6,11,-71.7304,-26.3049
51.8,8,1,23,6,11,-71.8309,-30.03
51.8,9,2,23,6,11,-72.2907,-28.5611
51.8,10,1,23,6,0,-82.2805,0
51.8,11,1,23,6,10,-72.3595,-30.5992
51.8,12,2,23,6,9,-73.3629,-30.9158
51.8,13,0,23,6,6,-72.0425,-29.7109
51.8,14,0,23,6,5,-73.7598,-30.0247
51.9,0,0,23,6,11,-72.4667,-28.9629
51.9,1,2,23,6,12,-72.7375,-26.1749
51.9,2,1,23,6,12,-73.6337,-29.1
51.9,3,0,23,6,12,-73.3806,-26.2881
51.9,4,2,23,6,12,-73.1076,-29.6159
51.9,5,1,23,6,12,-73.1314,-27.1894
51.9,6,0,23,6,12,-73.1232,-30.4973
51.9,7,0,23,6,11,-71.7573,-26.31
51.9,8,1,23,6,11,-71.8581,-30.0329
51.9,9,2,23,6,11,-72.3189,-28.5664
51.9,10,1,23,6,0,-82.2109,0
51.9,11,1,23,6,10,-72.3898,-30.6045
51.9,12,2,23,6,9,-73.3655,-30.9026
51.9,13,0,23,6,6,-72.0753,-29.7113
51.9,14,0,23,6,5,-73.7538,-29.9971
52,0,0,23,6,11,-72.4881,-28.9598
52,1,2,23,6,12,-72.7606,-26.1723
52,2,1,23,6,12,-73.6527,-29.0989
52,3,0,23,6,12,-73.4043,-26.3183
52,4,2,23,6,12,-73.1184,-29.6144
52,5,1,23,6,12,-73.1572,-27.2224
52,6,0,23,6,12,-73.1377,-30.4972
52,7,0,23,6,11,-71.7835,-26.3147
52,8,1,23,6,11,-71.8844,-30.0347
52,9,2,23,6,11,-72.3468,-28.5715
52,10,1,23,6,0,-82.1411,0
52,11,1,23,6,10,-72.42,-30.6098
52,12,2,23,6,9,-73.368,-30.8905
52,13,0,23,6,6,-72.1078,-29.712
52,14,0,23,6,5,-73.7474,-29.97
52.1,0,0,23,6,11,-72.509,-28.9562
52.1,1,2,23,6,12,-72.7827,-26.1688
52.1,2,1,23,6,12,-73.6709,-29.0969
52.1,3,0,23,6,12,-73.4273,-26.3492
52.1,4,2,23,6,12,-73.1289,-29.6126
52.1,5,1,23,6,12,-73.1824,-27.2564
52.1,6,0,23,6,12,-73.1514,-30.4962
52.1,7,0,23,6,11,-71.8093,-26.3194
52.1,8,1,23,6,11,-71.9102,-30.0372
52.1,9,2,23,6,11,-72.3738,-28.5762
52.1,10,1,23,6,0,-82.0713,0
52.1,11,1,23,6,10,-72.4496,-30.6148
52.1,12,2,23,6,9,-73.3702,-30.8783
52.1,13,0,23,6,6,-72.1402,-29.7124
52.1,14,0,23,6,5,-73.7405,-29.9428
52.2,0,0,23,6,11,-72.5291,-28.9523
52.2,1,2,23,6,12,-72.8043,-26.1649
52.2,2,1,23,6,12,-73.6887,-29.0949
52.2,3,0,23,6,12,-73.4496,-26.3818
52.2,4,2,23,6,12,-73.1392,-29.6105
52.2,5,1,23,6,12,-73.2068,-27.2916
52.2,6,0,23,6,12,-73.1646,-30.4951
52.2,7,0,23,6,11,-71.8343,-26.3236
52.2,8,1,23,6,11,-71.9351,-30.0395
52.2,9,2,23,6,11,-72.4002,-28.5805
52.2,10,1,23,6,0,-82.0012,0
52.2,11,1,23,6,10,-72.4787,-30.6194
52.2,12,2,23,6,9,-73.3727,-30.8668
52.2,13,0,23,6,6,-72.1724,-29.7136
52.2,14,0,23,6,5,-73.7335,-29.9167
52.3,0,0,23,6,11,-72.5487,-28.9493
52.3,1,2,23,6,12,-72.8252,-26.1619
52.3,2,1,23,6,12,-73.706,-29.0937
52.3,3,0,23,6,12,-73.4712,-26.4158
52.3,4,2,23,6,12,-73.1493,-29.6095
52.3,5,1,23,6,12,-73.2306,-27.3285
52.3,6,0,23,6,12,-73.1772,-30.4946
52.3,7,0,23,6,11,-71.8588,-26.3277
52.3,8,1,23,6,11,-71.9593,-30.0412
52.3,9,2,23,6,11,-72.4262,-28.5849
52.3,10,1,23,6,0,-81.9264,0
52.3,11,1,23,6,10,-72.5073,-30.6239
52.3,12,2,23,6,9,-73.3752,-30.8569
52.3,13,0,23,6,6,-72.2044,-29.7137
52.3,14,0,23,6,5,-73.7263,-29.8903
52.4,0,0,23,6,11,-72.5676,-28.946
52.4,1,2,23,6,12,-72.8455,-26.1594
52.4,2,1,23,6,12,-73.7228,-29.0925
52.4,3,0,23,6,12,-73.4922,-26.4489
52.4,4,2,23,6,12,-73.1591,-29.6083
52.4,5,1,23,6,12,-73.2538,-27.3643
52.4,6,0,23,6,12,-73.1894,-30.4943
52.4,7,0,23,6,11,-71.8826,-26.3316
52.4,8,1,23,6,11,-71.9828,-30.0432
52.4,9,2,23,6,11,-72.4515,-28.5889
52.4,10,1,23,6,0,-81.8517,0
52.4,11,1,23,6,10,-72.5354,-30.6281
52.4,12,2,23,6,9,-73.3777,-30.847
52.4,13,0,23,6,6,-72.2361,-29.7147
52.4,14,0,23,6,5,-73.7192,-29.8651
52.5,0,0,23,6,11,-72.5861,-28.9427
52.5,1,2,23,6,12,-72.8653,-26.1563
52.5,2,1,23,6,12,-73.7392,-29.0909
52.5,3,0,23,6,12,-73.5128,-26.483
52.5,4,2,23,6,12,-73.1691,-29.6073
52.5,5,1,23,6,12,-73.2765,-27.401
52.5,6,0,23,6,12,-73.2014,-30.4936
52.5,7,0,23,6,11,-71.9059,-26.335
52.5,8,1,23,6,11,-72.0059,-30.0452
52.5,9,2,23,6,11,-72.4763,-28.5925
52.5,10,1,23,6,0,-81.7776,0
52.5,11,1,23,6,10,-72.5632,-30.632
52.5,12,2,23,6,9,-73.3806,-30.8379
52.5,13,0,23,6,6,-72.2677,-29.7156
52.5,14,0,23,6,5,-73.7125,-29.8406
52.6,0,0,23,6,11,-72.604,-28.9399
52.6,1,2,23,6,12,-72.8846,-26.1544
52.6,2,1,23,6,12,-73.7553,-29.09
52.6,3,0,23,6,12,-73.5329,-26.5169
52.6,4,2,23,6,12,-73.1793,-29.6068
52.6,5,1,23,6,12,-73.2986,-27.4375
52.6,6,0,23,6,12,-73.2131,-30.4934
52.6,7,0,23,6,11,-71.9286,-26.3379
52.6,8,1,23,6,11,-72.0281,-30.0462
52.6,9,2,23,6,11,-72.5006,-28.5957
52.6,10,1,23,6,0,-81.7036,0
52.6,11,1,23,6,10,-72.5906,-30.6355
52.6,12,2,23,6,9,-73.3841,-30.83
52.6,13,0,23,6,6,-72.299,-29.7167
52.6,14,0,23,6,5,-73.7063,-29.8176
52.7,0,0,23,6,11,-72.6215,-28.937
52.7,1,2,23,6,12,-72.9033,-26.1521
52.7,2,1,23,6,12,-73.771,-29.089
52.7,3,0,23,6,12,-73.5522,-26.5516
52.7,4,2,23,6,12,-73.1895,-29.6063
52.7,5,1,23,6,12,-73.32,-27.4747
52.7,6,0,23,6,12,-73.2247,-30.4932
52.7,7,0,23,6,11,-71.9508,-26.3409
52.7,8,1,23,6,11,-72.05,-30.0481
52.7,9,2,23,6,11,-72.5242,-28.5986
52.7,10,1,23,6,0,-81.6298,0
52.7,11,1,23,6,10,-72.6172,-30.6387
52.7,12,2,23,6,9,-73.3879,-30.8229
52.7,13,0,23,6,6,-72.33,-29.7171
52.7,14,0,23,6,5,-73.7005,-29.795
52.8,0,0,23,6,11,-72.6388,-28.9346
52.8,1,2,23,6,12,-72.9216,-26.15
52.8,2,1,23,6,12,-73.7864,-29.0881
52.8,3,0,23,6,12,-73.5613,-26.5848
52.8,4,2,23,6,12,-73.1999,-29.6061
52.8,5,1,23,6,12,-73.3409,-27.5101
52.8,6,0,23,6,12,-73.2362,-30.4932
52.8,7,0,23,6,11,-71.9726,-26.3433
52.8,8,1,23,6,11,-72.0712,-30.0499
52.8,9,2,23,6,11,-72.5475,-28.6012
52.8,10,1,23,6,0,-81.5558,0
52.8,11,1,23,6,10,-72.6435,-30.6415
52.8,12,2,23,6,9,-73.3923,-30.8162
52.8,13,0,23,6,6,-72.3608,-29.7178
52.8,14,0,23,6,5,-73.6953,-29.7739
52.9,0,0,23,6,11,-72.6554,-28.9322
52.9,1,2,23,6,12,-72.9393,-26.1484
52.9,2,1,23,6,12,-73.8016,-29.0876
52.9,3,0,23,6,12,-73.5796,-26.617
52.9,4,2,23,6,12,-73.2105,-29.6062
52.9,5,1,23,6,12,-73.3614,-27.5446
52.9,6,0,23,6,12,-73.2476,-30.4933
52.9,7,0,23,6,11,-71.9937,-26.3459
52.9,8,1,23,6,11,-72.0917,-30.0506
52.9,9,2,23,6,11,-72.5702,-28.604
52.9,10,1,23,6,0,-81.4818,0
52.9,11,1,23,6,10,-72.6694,-30.6446
52.9,12,2,23,6,9,-73.3969,-30.8105
52.9,13,0,23,6,6,-72.3914,-29.7189
52.9,14,0,23,6,5,-73.6908,-29.7539
53,0,0,23,6,11,-72.6715,-28.93
53,1,2,23,6,12,-72.9566,-26.1461
53,2,1,23,6,12,-73.806,-29.0871
53,3,0,23,6,12,-73.5974,-26.6485
53,4,2,23,6,12,-73.2213,-29.6066
53,5,1,23,6,12,-73.3811,-27.578
53,6,0,23,6,12,-73.259,-30.4938
53,7,0,23,6,11,-72.0143,-26.348
53,8,1,23,6,11,-72.1118,-30.0523
53,9,2,23,6,11,-72.5923,-28.606
53,10,1,23,6,0,-81.4078,0
53,11,1,23,6,10,-72.6948,-30.6469
53,12,2,23,6,9,-73.4022,-30.8056
53,13,0,23,6,6,-72.4215,-29.7195
53,14,0,23,6,5,-73.687,-29.7356
53.1,0,0,23,6,11,-72.6874,-28.928
53.1,1,2,23,6,12,-72.9734,-26.1502
53.1,2,1,23,6,12,-73.8207,-29.0868
53.1,3,0,23,6,12,-73.6148,-26.678
53.1,4,2,23,6,12,-73.2325,-29.607
53.1,5,1,23,6,12,-73.4003,-27.6095
53.1,6,0,23,6,12,-73.2706,-30.4942
53.1,7,0,23,6,11,-72.0347,-26.35
53.1,8,1,23,6,11,-72.1312,-30.0539
53.1,9,2,23,6,11,-72.614,-28.6079
53.1,10,1,23,6,0,-81.3339,0
53.1,11,1,23,6,10,-72.7197,-30.6491
53.1,12,2,23,6,9,-73.4081,-30.8009
53.1,13,0,23,6,6,-72.4514,-29.7202
53.1,14,0,23,6,5,-73.6843,-29.7187
53.2,0,0,23,6,11,-72.703,-28.9261
53.2,1,2,23,6,12,-72.9898,-26.1773
53.2,2,1,23,6,12,-73.8351,-29.0863
53.2,3,0,23,6,12,-73.6318,-26.7076
53.2,4,2,23,6,12,-73.2438,-29.6075
53.2,5,1,23,6,12,-73.4192,-27.6409
53.2,6,0,23,6,12,-73.2821,-30.4946
53.2,7,0,23,6,11,-72.0543,-26.3514
53.2,8,1,23,6,11,-72.1503,-30.0548
53.2,9,2,23,6,11,-72.6351,-28.6093
53.2,10,1,23,6,0,-81.2603,0
53.2,11,1,23,6,10,-72.7442,-30.6508
53.2,12,2,23,6,9,-73.4145,-30.7975
53.2,13,0,23,6,6,-72.481,-29.7212
53.2,14,0,23,6,5,-73.682,-29.703
53.3,0,0,23,6,11,-72.7181,-28.9246
53.3,1,2,23,6,12,-73.0059,-26.2024
53.3,2,1,23,6,12,-73.8494,-29.0864
53.3,3,0,23,6,12,-73.6482,-26.7347
53.3,4,2,23,6,12,-73.2554,-29.6085
53.3,5,1,23,6,12,-73.4375,-27.6697
53.3,6,0,23,6,12,-73.2938,-30.4953
53.3,7,0,23,6,11,-72.0736,-26.3534
53.3,8,1,23,6,11,-72.1687,-30.056
53.3,9,2,23,6,11,-72.6558,-28.6114
53.3,10,1,23,6,0,-81.1868,0
53.3,11,1,23,6,10,-72.7681,-30.653
53.3,12,2,23,6,9,-73.4213,-30.7944
53.3,13,0,23,6,6,-72.5102,-29.7216
53.3,14,0,23,6,5,-73.6807,-29.6882
53.4,0,0,23,6,11,-72.733,-28.923
53.4,1,2,23,6,12,-73.0214,-26.2264
53.4,2,1,23,6,12,-73.8634,-29.0862
53.4,3,0,23,6,12,-73.6645,-26.7609
53.4,4,2,23,6,12,-73.2674,-29.6093
53.4,5,1,23,6,12,-73.4552,-27.6972
53.4,6,0,23,6,12,-73.3056,-30.4959
53.4,7,0,23,6,11,-72.0924,-26.3545
53.4,8,1,23,6,11,-72.1868,-30.0569
53.4,9,2,23,6,11,-72.6758,-28.6123
53.4,10,1,23,6,0,-81.1141,0
53.4,11,1,23,6,10,-72.7918,-30.6545
53.4,12,2,23,6,9,-73.4289,-30.7921
53.4,13,0,23,6,6,-72.5391,-29.7222
53.4,14,0,23,6,5,-73.6804,-29.6753
53.5,0,0,23,6,11,-72.7473,-28.9218
53.5,1,2,23,6,12,-73.0365,-26.2488
53.5,2,1,23,6,12,-73.8773,-29.0866
53.5,3,0,23,6,12,-73.6799,-26.7851
53.5,4,2,23,6,12,-73.2796,-29.6106
53.5,5,1,23,6,12,-73.4724,-27.7228
53.5,6,0,23,6,12,-73.3177,-30.4972
53.5,7,0,23,6,11,-72.1107,-26.3562
53.5,8,1,23,6,11,-72.204,-30.058
53.5,9,2,23,6,11,-72.6955,-28.6139
53.5,10,1,23,6,0,-81.042,0
53.5,11,1,23,6,10,-72.8148,-30.6561
53.5,12,2,23,6,9,-73.4369,-30.7903
53.5,13,0,23,6,6,-72.5675,-29.7231
53.5,14,0,23,6,5,-73.6808,-29.6641
53.6,0,0,23,6,11,-72.7617,-28.9207
53.6,1,2,23,6,12,-73.0514,-26.2698
53.6,2,1,23,6,12,-73.891,-29.0865
53.6,3,0,23,6,12,-73.695,-26.8077
53.6,4,2,23,6,12,-73.2922,-29.6118
53.6,5,1,23,6,12,-73.489,-27.7465
53.6,6,0,23,6,12,-73.3298,-30.4979
53.6,7,0,23,6,11,-72.1285,-26.3569
53.6,8,1,23,6,11,-72.2212,-30.059
53.6,9,2,23,6,11,-72.7147,-28.6146
53.6,10,1,23,6,0,-80.9703,0
53.6,11,1,23,6,10,-72.8374,-30.6572
53.6,12,2,23,6,9,-73.4456,-30.7894
53.6,13,0,23,6,6,-72.5957,-29.7234
53.6,14,0,23,6,5,-73.6822,-29.6536
53.7,0,0,23,6,11,-72.7756,-28.92
53.7,1,2,23,6,12,-73.057,-26.289
53.7,2,1,23,6,12,-73.9045,-29.087
53.7,3,0,23,6,12,-73.7098,-26.8286
53.7,4,2,23,6,12,-73.3049,-29.6133
53.7,5,1,23,6,12,-73.5053,-27.7683
53.7,6,0,23,6,12,-73.3421,-30.4992
53.7,7,0,23,6,11,-72.1458,-26.3582
53.7,8,1,23,6,11,-72.2376,-30.0598
53.7,9,2,23,6,11,-72.7335,-28.6159
53.7,10,1,23,6,0,-80.899,0
53.7,11,1,23,6,10,-72.8595,-30.6587
53.7,12,2,23,6,9,-73.4545,-30.7892
53.7,13,0,23,6,6,-72.6234,-29.7239
53.7,14,0,23,6,5,-73.6843,-29.6446
53.8,0,0,23,6,11,-72.7891,-28.9192
53.8,1,2,23,6,12,-73.071,-26.3065
53.8,2,1,23,6,12,-73.9072,-29.0875
53.8,3,0,23,6,12,-73.7241,-26.8476
53.8,4,2,23,6,12,-73.3181,-29.6148
53.8,5,1,23,6,12,-73.521,-27.7881
53.8,6,0,23,6,12,-73.3545,-30.5004
53.8,7,0,23,6,11,-72.1628,-26.3587
53.8,8,1,23,6,11,-72.2537,-30.0609
53.8,9,2,23,6,11,-72.7517,-28.6163
53.8,10,1,23,6,0,-80.8271,0
53.8,11,1,23,6,10,-72.8811,-30.6592
53.8,12,2,23,6,9,-73.4642,-30.7892
53.8,13,0,23,6,6,-72.6508,-29.7246
53.8,14,0,23,6,5,-73.6872,-29.6375
53.9,0,0,23,6,11,-72.8025,-28.9187
53.9,1,2,23,6,12,-73.0846,-26.3226
53.9,2,1,23,6,12,-73.9204,-29.088
53.9,3,0,23,6,12,-73.7379,-26.8648
53.9,4,2,23,6,12,-73.3314,-29.6165
53.9,5,1,23,6,12,-73.5263,-27.806
53.9,6,0,23,6,12,-73.3671,-30.5017
53.9,7,0,23,6,11,-72.1793,-26.3597
53.9,8,1,23,6,11,-72.2692,-30.0616
53.9,9,2,23,6,11,-72.7694,-28.617
53.9,10,1,23,6,0,-80.7543,0
53.9,11,1,23,6,10,-72.9022,-30.6601
53.9,12,2,23,6,9,-73.4741,-30.7895
53.9,13,0,23,6,6,-72.6777,-29.7248
53.9,14,0,23,6,5,-73.691,-29.6313
54,0,0,23,6,11,-72.8154,-28.9183
54,1,2,23,6,12,-73.0977,-26.3367
54,2,1,23,6,12,-73.9334,-29.0886
54,3,0,23,6,12,-73.7513,-26.88
54,4,2,23,6,12,-73.3449,-29.6182
54,5,1,23,6,12,-73.541,-27.8221
54,6,0,23,6,12,-73.3798,-30.503
54,7,0,23,6,11,-72.1952,-26.36
54,8,1,23,6,11,-72.2843,-30.0628
54,9,2,23,6,11,-72.7866,-28.6172
54,10,1,23,6,0,-80.6799,0
54,11,1,23,6,10,-72.9228,-30.6605
54,12,2,23,6,9,-73.4842,-30.7904
54,13,0,23,6,6,-72.7042,-29.7253
54,14,0,23,6,5,-73.6952,-29.6264
54.1,0,0,23,6,11,-72.8281,-28.9183
54.1,1,2,23,6,12,-73.1107,-26.3502
54.1,2,1,23,6,12,-73.9462,-29.0897
54.1,3,0,23,6,12,-73.7644,-26.8944
54.1,4,2,23,6,12,-73.3585,-29.6203
54.1,5,1,23,6,12,-73.5551,-27.8368
54.1,6,0,23,6,12,-73.3927,-30.5048
54.1,7,0,23,6,11,-72.2108,-26.3609
54.1,8,1,23,6,11,-72.299,-30.0635
54.1,9,2,23,6,11,-72.8035,-28.6181
54.1,10,1,23,6,0,-80.6037,0
54.1,11,1,23,6,10,-72.9431,-30.6615
54.1,12,2,23,6,9,-73.4947,-30.7917
54.1,13,0,23,6,6,-72.7303,-29.7257
54.1,14,0,23,6,5,-73.6999,-29.6224
54.2,0,0,23,6,11,-72.8406,-28.9178
54.2,1,2,23,6,12,-73.1232,-26.3619
54.2,2,1,23,6,12,-73.9587,-29.0898
54.2,3,0,23,6,12,-73.777,-26.907
54.2,4,2,23,6,12,-73.3724,-29.6217
54.2,5,1,23,6,12,-73.5688,-27.8497
54.2,6,0,23,6,12,-73.4057,-30.5059
54.2,7,0,23,6,11,-72.2258,-26.3613
54.2,8,1,23,6,11,-72.3132,-30.0643
54.2,9,2,23,6,11,-72.8197,-28.6183
54.2,10,1,23,6,0,-80.5254,0
54.2,11,1,23,6,10,-72.9626,-30.6618
54.2,12,2,23,6,9,-73.5056,-30.7936
54.2,13,0,23,6,6,-72.7558,-29.7258
54.2,14,0,23,6,5,-73.705,-29.62
54.3,0,0,23,6,11,-72.8527,-28.9177
54.3,1,2,23,6,12,-73.1353,-26.372
54.3,2,1,23,6,12,-73.9712,-29.0906
54.3,3,0,23,6,12,-73.789,-26.9176
54.3,4,2,23,6,12,-73.3863,-29.6235
54.3,5,1,23,6,12,-73.582,-27.8606
54.3,6,0,23,6,11,-73.4186,-28.6512
54.3,7,0,23,6,11,-72.2405,-26.3618
54.3,8,1,23,6,11,-72.3268,-30.065
54.3,9,2,23,6,11,-72.8355,-28.6186
54.3,10,1,23,6,0,-80.4452,0
54.3,11,1,23,6,9,-72.9818,-30.0558
54.3,12,2,23,6,9,-73.5165,-30.7961
54.3,13,0,23,6,6,-72.781,-29.7259
54.3,14,0,23,6,5,-73.7105,-29.6181
54.4,0,0,23,6,11,-72.8644,-28.9176
54.4,1,2,23,6,12,-73.1469,-26.3793
54.4,2,1,23,6,12,-73.9833,-29.0913
54.4,3,0,23,6,12,-73.8007,-26.9255
54.4,4,2,23,6,12,-73.4002,-29.6253
54.4,5,1,23,6,12,-73.5945,-27.8685
54.4,6,0,23,6,11,-73.4316,-28.6523
54.4,7,0,23,6,11,-72.2546,-26.3623
54.4,8,1,23,6,11,-72.3401,-30.0662
54.4,9,2,23,6,11,-72.8505,-28.6187
54.4,10,1,23,6,1,-80.3633,-27.6454
54.4,11,1,23,6,9,-73.0003,-30.0566
54.4,12,2,23,6,9,-73.5274,-30.798
54.4,13,0,23,6,6,-72.8056,-29.7263
54.4,14,0,23,6,6,-73.7166,-29.618
54.5,0,0,23,6,11,-72.8761,-28.9184
54.5,1,2,23,6,12,-73.1584,-26.3869
54.5,2,1,23,6,12,-73.9952,-29.0925
54.5,3,0,23,6,12,-73.812,-26.9335
54.5,4,2,23,6,12,-73.4142,-29.6276
54.5,5,1,23,6,12,-73.6066,-27.8763
54.5,6,0,23,6,11,-73.4446,-28.6529
54.5,7,0,23,6,11,-72.2684,-26.3626
54.5,8,1,23,6,11,-72.353,-30.0668
54.5,9,2,23,6,11,-72.8655,-28.6189
54.5,10,1,23,6,1,-80.2797,-27.5196
54.5,11,1,23,6,9,-73.0184,-30.058
54.5,12,2,23,6,9,-73.5386,-30.8008
54.5,13,0,23,6,6,-72.8297,-29.7262
54.5,14,0,23,6,6,-73.7226,-29.6185
54.6,0,1,23,6,11,-72.8872,-28.9185
54.6,1,0,23,6,12,-73.1693,-26.3915
54.6,2,2,23,6,12,-74.0071,-29.0934
54.6,3,1,23,6,12,-73.8228,-26.9384
54.6,4,0,23,6,12,-73.4282,-29.6295
54.6,5,2,23,6,11,-73.6182,-23.5653
54.6,6,2,23,6,11,-73.4577,-28.6538
54.6,7,0,23,6,11,-72.2816,-26.3634
54.6,8,1,23,6,11,-72.3653,-30.0677
54.6,9,2,23,6,11,-72.8798,-28.6194
54.6,10,1,23,6,1,-80.1947,-27.3894
54.6,11,1,23,6,9,-73.0359,-30.059
54.6,12,0,23,6,8,-73.5496,-30.0396
54.6,13,0,23,6,6,-72.8534,-29.7266
54.6,14,2,23,6,6,-73.729,-29.6195
54.7,0,1,23,6,11,-72.8981,-28.9189
54.7,1,0,23,6,12,-73.1799,-26.3961
54.7,2,2,23,6,12,-74.0185,-29.0944
54.7,3,1,23,6,12,-73.8331,-26.9432
54.7,4,0,23,6,12,-73.4421,-29.6315
54.7,5,2,23,6,11,-73.6294,-23.5649
54.7,6,2,23,6,11,-73.4706,-28.6548
54.7,7,0,23,6,11,-72.2944,-26.3637
54.7,8,1,23,6,11,-72.3773,-30.0689
54.7,9,2,23,6,11,-72.8935,-28.6194
54.7,10,1,23,6,1,-80.1087,-27.2583
54.7,11,1,23,6,9,-73.0529,-30.0601
54.7,12,0,23,6,8,-73.5606,-30.0432
54.7,13,0,23,6,6,-72.8765,-29.7265
54.7,14,2,23,6,6,-73.7354,-29.6217
54.8,0,1,23,6,11,-72.9086,-28.9191
54.8,1,0,23,6,12,-73.1901,-26.399
54.8,2,2,23,6,12,-74.0296,-29.0949
54.8,3,1,23,6,12,-73.843,-26.9462
54.8,4,0,23,6,12,-73.4558,-29.6329
54.8,5,2,23,6,11,-73.6401,-23.5648
54.8,6,2,23,6,11,-73.4834,-28.6554
54.8,7,0,23,6,11,-72.3066,-26.3641
54.8,8,1,23,6,11,-72.3888,-30.0696
54.8,9,2,23,6,11,-72.9067,-28.6196
54.8,10,1,23,6,1,-80.0218,-27.1244
54.8,11,1,23,6,9,-73.0694,-30.0609
54.8,12,0,23,6,8,-73.5716,-30.0473
54.8,13,0,23,6,6,-72.8991,-29.7265
54.8,14,2,23,6,6,-73.7418,-29.6245
54.9,0,1,23,6,11,-72.919,-28.92
54.9,1,0,23,6,12,-73.1999,-26.4
54.9,2,2,23,6,12,-74.0406,-29.0963
54.9,3,1,23,6,12,-73.8525,-26.9471
54.9,4,0,23,6,12,-73.4694,-29.6351
54.9,5,2,23,6,11,-73.6501,-23.5635
54.9,6,2,23,6,11,-73.4962,-28.6562
54.9,7,0,23,6,11,-72.3112,-26.3645
54.9,8,1,23,6,11,-72.4,-30.0705
54.9,9,2,23,6,11,-72.9195,-28.6199
54.9,10,1,23,6,1,-79.9344,-26.9883
54.9,11,1,23,6,9,-73.0854,-30.0622
54.9,12,0,23,6,8,-73.5823,-30.0513
54.9,13,0,23,6,6,-72.9211,-29.7258
54.9,14,2,23,6,6,-73.7485,-29.6278
55,0,1,23,6,11,-72.9289,-28.9204
55,1,0,23,6,12,-73.2095,-26.4011
55,2,2,23,6,12,-74.0512,-29.0969
55,3,1,23,6,12,-73.8615,-26.9479
55,4,0,23,6,12,-73.483,-29.6367
55,5,2,23,6,11,-73.6598,-23.5632
55,6,2,23,6,11,-73.5088,-28.6565
55,7,0,23,6,11,-72.3224,-26.3648
55,8,1,23,6,11,-72.4107,-30.0709
55,9,2,23,6,11,-72.9319,-28.6199
55,10,1,23,6,1,-79.8463,-26.8514
55,11,1,23,6,9,-73.1009,-30.0629
55,12,0,23,6,8,-73.593,-30.0556
55,13,0,23,6,6,-72.9427,-29.7261
55,14,2,23,6,6,-73.7548,-29.6321
55.1,0,1,23,6,11,-72.9385,-28.9209
55.1,1,0,23,6,12,-73.2185,-26.401
55.1,2,2,23,6,12,-74.0615,-29.0977
55.1,3,1,23,6,12,-73.8701,-26.9477
55.1,4,0,23,6,12,-73.4963,-29.6384
55.1,5,2,23,6,11,-73.669,-23.5625
55.1,6,2,23,6,11,-73.5213,-28.6575
55.1,7,0,23,6,11,-72.3333,-26.3656
55.1,8,1,23,6,11,-72.4212,-30.072
55.1,9,2,23,6,11,-72.9436,-28.6204
55.1,10,1,23,6,1,-79.7577,-26.713
55.1,11,1,23,6,9,-73.1158,-30.064
55.1,12,0,23,6,8,-73.6034,-30.0604
55.1,13,0,23,6,6,-72.9637,-29.7259
55.1,14,2,23,6,6,-73.761,-29.6363
55.2,0,1,23,6,11,-72.9479,-28.9218
55.2,1,0,23,6,12,-73.2273,-26.3999
55.2,2,2,23,6,12,-74.0715,-29.0987
55.2,3,1,23,6,12,-73.8783,-26.9462
55.2,4,0,23,6,12,-73.5095,-29.6403
55.2,5,2,23,6,11,-73.6776,-23.5614
55.2,6,2,23,6,11,-73.5335,-28.6582
55.2,7,0,23,6,11,-72.3436,-26.3656
55.2,8,1,23,6,11,-72.4312,-30.0728
55.2,9,2,23,6,11,-72.955,-28.6204
55.2,10,1,23,6,1,-79.6686,-26.5727
55.2,11,1,23,6,9,-73.1302,-30.0644
55.2,12,0,23,6,8,-73.6137,-30.0654
55.2,13,0,23,6,6,-72.9842,-29.7254
55.2,14,2,23,6,6,-73.7669,-29.6417
55.3,0,1,23,6,11,-72.9566,-28.9224
55.3,1,0,23,6,12,-73.2357,-26.3977
55.3,2,2,23,6,12,-74.0813,-29.0999
55.3,3,1,23,6,12,-73.8861,-26.9438
55.3,4,0,23,6,12,-73.5222,-29.6421
55.3,5,2,23,6,11,-73.6858,-23.5601
55.3,6,2,23,6,11,-73.5456,-28.6588
55.3,7,0,23,6,11,-72.3534,-26.3659
55.3,8,1,23,6,11,-72.4408,-30.0737
55.3,9,2,23,6,11,-72.9657,-28.6205
55.3,10,1,23,6,1,-79.5793,-26.4312
55.3,11,1,23,6,9,-73.1441,-30.0656
55.3,12,0,23,6,8,-73.6234,-30.0698
55.3,13,0,23,6,6,-73.0041,-29.7255
55.3,14,2,23,6,6,-73.7726,-29.647
55.4,0,1,23,6,11,-72.9652,-28.923
55.4,1,0,23,6,12,-73.2436,-26.3953
55.4,2,2,23,6,12,-74.0906,-29.1005
55.4,3,1,23,6,12,-73.8932,-26.941
55.4,4,0,23,6,12,-73.5348,-29.6435
55.4,5,2,23,6,11,-73.6935,-23.5598
55.4,6,2,23,6,11,-73.5573,-28.6595
55.4,7,0,23,6,11,-72.3629,-26.3666
55.4,8,1,23,6,11,-72.4498,-30.0745
55.4,9,2,23,6,11,-72.9761,-28.621
55.4,10,1,23,6,1,-79.4895,-26.2886
55.4,11,1,23,6,9,-73.1574,-30.0663
55.4,12,0,23,6,8,-73.6328,-30.0744
55.4,13,0,23,6,6,-73.0234,-29.7251
55.4,14,2,23,6,6,-73.7777,-29.6528
55.5,0,1,23,6,11,-72.9735,-28.9239
55.5,1,0,23,6,12,-73.251,-26.391
55.5,2,2,23,6,12,-74.0996,-29.1015
55.5,3,1,23,6,12,-73.9001,-26.9365
55.5,4,0,23,6,12,-73.5468,-29.6451
55.5,5,2,23,6,11,-73.7006,-23.5587
55.5,6,2,23,6,11,-73.5688,-28.6605
55.5,7,0,23,6,11,-72.372,-26.3674
55.5,8,1,23,6,11,-72.4587,-30.0755
55.5,9,2,23,6,11,-72.9857,-28.6213
55.5,10,1,23,6,1,-79.3992,-26.1435
55.5,11,1,23,6,9,-73.1702,-30.067
55.5,12,0,23,6,8,-73.6416,-30.0796
55.5,13,0,23,6,6,-73.0421,-29.7245
55.5,14,2,23,6,6,-73.7823,-29.6582
55.6,0,1,23,6,11,-72.9728,-28.9246
55.6,1,0,23,6,12,-73.2583,-26.3884
55.6,2,2,23,6,12,-74.1084,-29.1024
55.6,3,1,23,6,12,-73.9065,-26.9332
55.6,4,0,23,6,12,-73.5488,-29.6466
55.6,5,2,23,6,11,-73.7074,-23.5581
55.6,6,2,23,6,11,-73.58,-28.6615
55.6,7,0,23,6,11,-72.3805,-26.368
55.6,8,1,23,6,11,-72.4673,-30.0767
55.6,9,2,23,6,11,-72.9951,-28.6217
55.6,10,1,23,6,1,-79.3085,-25.9995
55.6,11,1,23,6,9,-73.1823,-30.0675
55.6,12,0,23,6,8,-73.6503,-30.0842
55.6,13,0,23,6,6,-73.0604,-29.7245
55.6,14,2,23,6,6,-73.7862,-29.6643
55.7,0,1,23,6,11,-72.9802,-28.9252
55.7,1,0,23,6,12,-73.2651,-26.3836
55.7,2,2,23,6,12,-74.1054,-29.1031
55.7,3,1,23,6,12,-73.9018,-26.928
55.7,4,0,23,6,12,-73.5602,-29.648
55.7,5,2,23,6,11,-73.7136,-23.5578
55.7,6,2,23,6,11,-73.5908,-28.6621
55.7,7,0,23,6,11,-72.3885,-26.3687
55.7,8,1,23,6,11,-72.4752,-30.0773
55.7,9,2,23,6,11,-73.0039,-28.6222
55.7,10,1,23,6,1,-79.2176,-25.853
55.7,11,1,23,6,9,-73.1941,-30.0683
55.7,12,0,23,6,8,-73.6583,-30.0889
55.7,13,0,23,6,6,-73.0781,-29.7245
55.7,14,2,23,6,6,-73.7897,-29.6709
55.8,0,1,23,6,11,-72.9875,-28.926
55.8,1,0,23,6,12,-73.2716,-26.3793
55.8,2,2,23,6,12,-74.1135,-29.1041
55.8,3,1,23,6,12,-73.9074,-26.9234
55.8,4,0,23,6,12,-73.5614,-29.6494
55.8,5,2,23,6,11,-73.7194,-23.5567
55.8,6,2,23,6,11,-73.6014,-28.6631
55.8,7,0,23,6,11,-72.3963,-26.3693
55.8,8,1,23,6,11,-72.4832,-30.0785
55.8,9,2,23,6,11,-73.0122,-28.6226
55.8,10,1,23,6,1,-79.0909,-25.7071
55.8,11,1,23,6,9,-73.2053,-30.0688
55.8,12,0,23,6,8,-73.6658,-30.0937
55.8,13,0,23,6,6,-73.0951,-29.724
55.8,14,2,23,6,6,-73.7924,-29.6768
55.9,0,1,23,6,11,-72.9941,-28.9265
55.9,1,0,23,6,12,-73.2777,-26.3733
55.9,2,2,23,6,12,-74.1208,-29.1046
55.9,3,1,23,6,12,-73.9123,-26.9167
55.9,4,0,23,6,12,-73.5619,-29.6505
55.9,5,2,23,6,11,-73.7248,-23.5561
55.9,6,2,23,6,11,-73.6116,-28.6637
55.9,7,0,23,6,11,-72.4032,-26.3698
55.9,8,1,23,6,11,-72.4906,-30.0791
55.9,9,2,23,6,11,-73.0199,-28.623
55.9,10,1,23,6,1,-78.9999,-25.5588
55.9,11,1,23,6,9,-73.2159,-30.0694
55.9,12,0,23,6,8,-73.6725,-30.0979
55.9,13,0,23,6,6,-73.1116,-29.7235
55.9,14,2,23,6,6,-73.7945,-29.6833
56,0,1,23,6,11,-73.0005,-28.9272
56,1,0,23,6,12,-73.2833,-26.3685
56,2,2,23,6,12,-74.1279,-29.1054
56,3,1,23,6,12,-73.9169,-26.9115
56,4,0,23,6,12,-73.5718,-29.6516
56,5,2,23,6,11,-73.7294,-23.5559
56,6,2,23,6,11,-73.6213,-28.6644
56,7,0,23,6,11,-72.4098,-26.3705
56,8,1,23,6,11,-72.4975,-30.08
56,9,2,23,6,11,-73.0185,-28.6236
56,10,1,23,6,1,-78.9087,-25.4119
56,11,1,23,6,9,-73.2259,-30.07
56,12,0,23,6,8,-73.679,-30.1025
56,13,0,23,6,6,-73.1274,-29.7233
56,14,2,23,6,6,-73.7957,-29.6894
56.1,0,1,23,6,11,-73.0066,-28.9279
56.1,1,0,23,6,12,-73.2886,-26.3627
56.1,2,2,23,6,12,-74.1345,-29.1061
56.1,3,1,23,6,12,-73.9209,-26.9052
56.1,4,0,23,6,12,-73.5813,-29.6529
56.1,5,2,23,6,11,-73.7337,-23.5551
56.1,6,2,23,6,11,-73.6206,-28.6656
56.1,7,0,23,6,11,-72.4159,-26.3712
56.1,8,1,23,6,11,-72.5044,-30.0814
56.1,9,2,23,6,11,-73.0251,-28.6241
56.1,10,1,23,6,1,-78.8171,-25.2638
56.1,11,1,23,6,9,-73.2353,-30.0707
56.1,12,0,23,6,8,-73.6846,-30.1065
56.1,13,0,23,6,6,-73.1426,-29.7228
56.1,14,2,23,6,6,-73.7961,-29.6951
56.2,0,1,23,6,11,-73.0124,-28.9285
56.2,1,0,23,6,12,-73.2935,-26.3574
56.2,2,2,23,6,12,-74.141,-29.1068
56.2,3,1,23,6,12,-73.9245,-26.8994
56.2,4,0,23,6,12,-73.5904,-29.6539
56.2,5,2,23,6,11,-73.7376,-23.5547
56.2,6,2,23,6,11,-73.6294,-28.6665
56.2,7,0,23,6,11,-72.4217,-26.3721
56.2,8,1,23,6,11,-72.5107,-30.0825
56.2,9,2,23,6,11,-73.0313,-28.6248
56.2,10,1,23,6,2,-78.7251,-27.7264
56.2,11,1,23,6,9,-73.2442,-30.0713
56.2,12,0,23,6,9,-73.6897,-30.1105
56.2,13,0,23,6,6,-73.1573,-29.7225
56.2,14,2,23,6,6,-73.7955,-29.7011
56.3,0,1,23,6,11,-73.0177,-28.9292
56.3,1,0,23,6,12,-73.298,-26.3518
56.3,2,2,23,6,12,-74.1469,-29.1075
56.3,3,1,23,6,12,-72.2466,-26.9957
56.3,4,0,23,6,12,-72.0217,-29.7094
56.3,5,2,23,6,11,-72.1199,-23.9268
56.3,6,2,23,6,11,-72.0476,-28.7191
56.3,7,0,23,6,11,-72.4269,-26.3729
56.3,8,1,23,6,11,-72.5168,-30.0832
56.3,9,2,23,6,11,-73.0369,-28.6255
56.3,10,1,23,6,2,-78.6329,-27.5972
56.3,11,1,23,6,9,-73.2525,-30.0716
56.3,12,0,23,6,9,-73.6941,-30.1144
56.3,13,0,23,6,6,-73.1712,-29.722
56.3,14,2,23,6,6,-73.7941,-29.7068
56.4,0,1,23,6,11,-73.0227,-28.9298
56.4,1,0,23,6,12,-73.3021,-26.3467
56.4,2,2,23,6,12,-74.1523,-29.108
56.4,3,1,23,6,12,-72.2513,-26.9901
56.4,4,0,23,6,12,-72.0299,-29.7102
56.4,5,2,23,6,11,-72.1245,-23.9272
56.4,6,2,23,6,11,-72.0558,-28.7203
56.4,7,0,23,6,11,-72.4317,-26.3738
56.4,8,1,23,6,11,-72.5147,-30.0846
56.4,9,2,23,6,11,-73.0419,-28.626
56.4,10,1,23,6,2,-78.5381,-27.4662
56.4,11,1,23,6,9,-73.2603,-30.072
56.4,12,0,23,6,9,-73.6976,-30.1179
56.4,13,0,23,6,6,-73.1845,-29.7215
56.4,14,2,23,6,6,-73.7914,-29.7123
56.5,0,1,23,6,11,-73.0273,-28.9298
56.5,1,0,23,6,12,-73.3058,-26.3411
56.5,2,2,23,6,12,-74.1575,-29.1082
56.5,3,1,23,6,12,-72.2557,-26.9843
56.5,4,0,23,6,12,-72.0377,-29.7108
56.5,5,2,23,6,11,-72.1288,-23.9271
56.5,6,2,23,6,11,-72.0637,-28.7213
56.5,7,0,23,6,11,-72.436,-26.3751
56.5,8,1,23,6,11,-72.52,-30.0857
56.5,9,2,23,6,11,-73.0466,-28.6272
56.5,10,1,23,6,2,-78.4432,-27.3356
56.5,11,1,23,6,9,-73.2674,-30.0726
56.5,12,0,23,6,9,-73.7004,-30.1217
56.5,13,0,23,6,6,-73.1974,-29.7217
56.5,14,2,23,6,6,-73.7877,-29.7172
56.6,0,1,23,6,11,-73.0313,-28.9301
56.6,1,0,23,6,12,-73.309,-26.3353
56.6,2,2,23,6,12,-74.1621,-29.1086
56.6,3,1,23,6,12,-72.2595,-26.9781
56.6,4,0,23,6,12,-72.045,-29.7113
56.6,5,2,23,6,11,-72.1326,-23.9277
56.6,6,2,23,6,11,-72.0711,-28.722
56.6,7,0,23,6,11,-72.4395,-26.3761
56.6,8,1,23,6,11,-72.5249,-30.0865
56.6,9,2,23,6,11,-73.0505,-28.6281
56.6,10,1,23,6,2,-78.348,-27.2052
56.6,11,1,23,6,9,-73.2738,-30.0725
56.6,12,0,23,6,9,-73.7024,-30.1249
56.6,13,0,23,6,6,-73.2094,-29.7213
56.6,14,2,23,6,6,-73.7829,-29.7224
56.7,0,1,23,6,11,-73.0354,-28.9308
56.7,1,0,23,6,12,-73.312,-26.3301
56.7,2,2,23,6,12,-74.1665,-29.1093
56.7,3,1,23,6,12,-72.2633,-26.9727
56.7,4,0,23,6,12,-72.0519,-29.7122
56.7,5,2,23,6,11,-72.136,-23.9276
56.7,6,2,23,6,11,-72.0783,-28.7229
56.7,7,0,23,6,11,-72.4429,-26.3766
56.7,8,1,23,6,11,-72.5297,-30.0876
56.7,9,2,23,6,11,-73.0539,-28.6284
56.7,10,1,23,6,2,-78.2528,-27.0761
56.7,11,1,23,6,9,-73.2799,-30.0732
56.7,12,0,23,6,9,-73.7038,-30.1281
56.7,13,0,23,6,6,-73.221,-29.7209
56.7,14,2,23,6,6,-73.7772,-29.7269
56.8,0,1,23,6,11,-73.0389,-28.9311
56.8,1,0,23,6,12,-73.3145,-26.3262
56.8,2,2,23,6,12,-74.1705,-29.1097
56.8,3,1,23,6,12,-72.2664,-26.9684
56.8,4,0,23,6,12,-72.0585,-29.7127
56.8,5,2,23,6,11,-72.1391,-23.9282
56.8,6,2,23,6,11,-72.0849,-28.7244
56.8,7,0,23,6,11,-72.4458,-26.3778
56.8,8,1,23,6,11,-72.534,-30.0891
56.8,9,2,23,6,11,-73.0569,-28.6295
56.8,10,1,23,6,2,-78.1573,-26.9484
56.8,11,1,23,6,9,-73.2851,-30.0733
56.8,12,0,23,6,9,-73.7046,-30.1308
56.8,13,0,23,6,6,-73.2316,-29.7202
56.8,14,2,23,6,6,-73.7703,-29.7311
56.9,0,1,23,6,11,-73.0422,-28.9317
56.9,1,0,23,6,12,-73.3168,-26.3211
56.9,2,2,23,6,12,-74.174,-29.1103
56.9,3,1,23,6,12,-72.2692,-26.9632
56.9,4,0,23,6,12,-72.0646,-29.7136
56.9,5,2,23,6,11,-72.1417,-23.9284
56.9,6,2,23,6,11,-72.0912,-28.7253
56.9,7,0,23,6,11,-72.4482,-26.3791
56.9,8,1,23,6,11,-72.5381,-30.0902
56.9,9,2,23,6,11,-73.0593,-28.6306
56.9,10,1,23,6,2,-78.0616,-26.8203
56.9,11,1,23,6,9,-73.2898,-30.0739
56.9,12,0,23,6,9,-73.7045,-30.1336
56.9,13,0,23,6,6,-73.2418,-29.7199
56.9,14,2,23,6,6,-73.7626,-29.735
57,0,1,23,6,11,-73.0449,-28.9319
57,1,0,23,6,12,-73.3185,-26.3167
57,2,2,23,6,12,-74.177,-29.1106
57,3,1,23,6,12,-72.2715,-26.9587
57,4,0,23,6,12,-72.0703,-29.714
57,5,2,23,6,11,-72.1438,-23.9289
57,6,2,23,6,11,-72.097,-28.7261
57,7,0,23,6,11,-72.4499,-26.3801
57,8,1,23,6,11,-72.5419,-30.0912
57,9,2,23,6,11,-73.061,-28.6315
57,10,1,23,6,2,-77.9655,-26.6933
57,11,1,23,6,9,-73.2939,-30.0742
57,12,0,23,6,9,-73.6935,-30.136
57,13,0,23,6,6,-73.2512,-29.7196
57,14,2,23,6,6,-73.7538,-29.7385
57.1,0,1,23,6,11,-73.0474,-28.9319
57.1,1,0,23,6,12,-73.3105,-26.3135
57.1,2,2,23,6,12,-74.1799,-29.1108
57.1,3,1,23,6,12,-72.2736,-26.9553
57.1,4,0,23,6,12,-72.0756,-29.7144
57.1,5,2,23,6,11,-72.1456,-23.9297
57.1,6,2,23,6,11,-72.1025,-28.727
57.1,7,0,23,6,11,-72.4512,-26.3809
57.1,8,1,23,6,11,-72.5453,-30.0921
57.1,9,2,23,6,11,-73.0623,-28.6324
57.1,10,1,23,6,2,-77.8692,-26.5677
57.1,11,1,23,6,9,-73.2974,-30.0743
57.1,12,0,23,6,9,-73.692,-30.1383
57.1,13,0,23,6,6,-73.2601,-29.7194
57.1,14,2,23,6,6,-73.7437,-29.7419
57.2,0,1,23,6,11,-73.0497,-28.9326
57.2,1,0,23,6,12,-73.3116,-26.309
57.2,2,2,23,6,12,-74.1821,-29.1113
57.2,3,1,23,6,12,-72.2753,-26.9507
57.2,4,0,23,6,12,-72.0804,-29.715
57.2,5,2,23,6,11,-72.1469,-23.9306
57.2,6,2,23,6,11,-72.1076,-28.7278
57.2,7,0,23,6,11,-72.4521,-26.3821
57.2,8,1,23,6,11,-72.5486,-30.0932
57.2,9,2,23,6,11,-73.0629,-28.6332
57.2,10,1,23,6,2,-77.7725,-26.4415
57.2,11,1,23,6,9,-73.2909,-30.0746
57.2,12,0,23,6,9,-73.6896,-30.1401
57.2,13,0,23,6,6,-73.268,-29.7191
57.2,14,2,23,6,6,-73.7327,-29.7449
57.3,0,1,23,6,11,-73.0514,-28.9324
57.3,1,0,23,6,12,-73.3121,-26.3058
57.3,2,2,23,6,12,-74.1841,-29.1115
57.3,3,1,23,6,12,-72.2766,-26.9477
57.3,4,0,23,6,12,-72.0849,-29.7154
57.3,5,2,23,6,11,-72.1479,-23.9321
57.3,6,2,23,6,11,-72.1124,-28.7289
57.3,7,0,23,6,11,-72.4525,-26.384
57.3,8,1,23,6,11,-72.5514,-30.0943
57.3,9,2,23,6,11,-73.063,-28.6349
57.3,10,1,23,6,2,-77.6755,-26.3168
57.3,11,1,23,6,9,-73.2931,-30.0752
57.3,12,0,23,6,9,-73.6866,-30.1417
57.3,13,0,23,6,6,-73.2754,-29.719
57.3,14,2,23,6,6,-73.7205,-29.7469
57.4,0,1,23,6,11,-73.053,-28.9328
57.4,1,0,23,6,12,-73.3124,-26.3024
57.4,2,2,23,6,12,-74.1858,-29.1119
57.4,3,1,23,6,12,-72.2775,-26.9441
57.4,4,0,23,6,12,-72.0889,-29.7158
57.4,5,2,23,6,11,-72.1484,-23.9327
57.4,6,2,23,6,11,-72.1167,-28.73
57.4,7,0,23,6,11,-72.4524,-26.385
57.4,8,1,23,6,11,-72.554,-30.0954
57.4,9,2,23,6,11,-73.0625,-28.6359
57.4,10,1,23,6,2,-77.5781,-26.1924
57.4,11,1,23,6,9,-73.2945,-30.0753
57.4,12,0,23,6,9,-73.6827,-30.1429
57.4,13,0,23,6,6,-73.282,-29.7187
57.4,14,2,23,6,6,-73.7073,-29.7491
57.5,0,1,23,6,11,-73.0542,-28.9332
57.5,1,0,23,6,12,-73.3123,-26.3004
57.5,2,2,23,6,12,-74.187,-29.1125
57.5,3,1,23,6,12,-72.2779,-26.9421
57.5,4,0,23,6,12,-72.0927,-29.7165
57.5,5,2,23,6,11,-72.1484,-23.9333
57.5,6,2,23,6,11,-72.1205,-28.7311
57.5,7,0,23,6,11,-72.4518,-26.3859
57.5,8,1,23,6,11,-72.5563,-30.0967
57.5,9,2,23,6,11,-73.0615,-28.6367
57.5,10,1,23,6,2,-77.4806,-26.0695
57.5,11,1,23,6,9,-73.2953,-30.0759
57.5,12,0,23,6,9,-73.6784,-30.1445
57.5,13,0,23,6,6,-73.2879,-29.7185
57.5,14,2,23,6,6,-73.6827,-29.751
57.6,0,1,23,6,11,-73.0549,-28.9329
57.6,1,0,23,6,12,-73.3119,-26.2972
57.6,2,2,23,6,12,-74.1878,-29.1124
57.6,3,1,23,6,12,-72.2781,-26.939
57.6,4,0,23,6,12,-72.0958,-29.7163
57.6,5,2,23,6,11,-72.1481,-23.9347
57.6,6,2,23,6,11,-72.1242,-28.732
57.6,7,0,23,6,11,-72.4505,-26.387
57.6,8,1,23,6,11,-72.5585,-30.0978
57.6,9,2,23,6,11,-73.0598,-28.6379
57.6,10,1,23,6,2,-77.3823,-25.9457
57.6,11,1,23,6,9,-73.2954,-30.076
57.6,12,0,23,6,9,-73.6731,-30.1456
57.6,13,0,23,6,6,-73.2932,-29.7187
57.6,14,2,23,6,6,-73.6673,-29.7527
57.7,0,1,23,6,11,-73.0555,-28.9332
57.7,1,0,23,6,12,-73.3111,-26.2953
57.7,2,2,23,6,12,-74.1883,-29.1127
57.7,3,1,23,6,12,-72.2778,-26.9371
57.7,4,0,23,6,12,-72.0987,-29.7168
57.7,5,2,23,6,11,-72.1473,-23.9356
57.7,6,2,23,6,11,-72.1274,-28.7328
57.7,7,0,23,6,11,-72.4489,-26.3884
57.7,8,1,23,6,11,-72.5602,-30.0986
57.7,9,2,23,6,11,-73.0575,-28.6391
57.7,10,1,23,6,2,-77.2837,-25.8236
57.7,11,1,23,6,9,-73.295,-30.0767
57.7,12,0,23,6,9,-73.667,-30.1464
57.7,13,0,23,6,6,-73.2976,-29.7182
57.7,14,2,23,6,6,-73.6507,-29.7535
57.8,0,1,23,6,11,-73.0558,-28.933
57.8,1,0,23,6,12,-73.31,-26.294
57.8,2,2,23,6,12,-74.1885,-29.1126
57.8,3,1,23,6,12,-72.2772,-26.9361
57.8,4,0,23,6,12,-72.1014,-29.7169
57.8,5,2,23,6,11,-72.1391,-23.9362
57.8,6,2,23,6,11,-72.1303,-28.7341
57.8,7,0,23,6,11,-72.4468,-26.3891
57.8,8,1,23,6,11,-72.5618,-30.1002
57.8,9,2,23,6,11,-73.0547,-28.6398
57.8,10,1,23,6,2,-77.1847,-25.702
57.8,11,1,23,6,9,-73.2936,-30.0769
57.8,12,0,23,6,9,-73.6606,-30.1473
57.8,13,0,23,6,6,-73.3013,-29.718
57.8,14,2,23,6,6,-73.6331,-29.7543
57.9,0,1,23,6,11,-73.0556,-28.9335
57.9,1,0,23,6,12,-73.3084,-26.2933
57.9,2,2,23,6,12,-74.1883,-29.1135
57.9,3,1,23,6,12,-72.2763,-26.9356
57.9,4,0,23,6,12,-72.1036,-29.7177
57.9,5,2,23,6,11,-72.1375,-23.9378
57.9,6,2,23,6,11,-72.1257,-28.7351
57.9,7,0,23,6,11,-72.444,-26.3903
57.9,8,1,23,6,11,-72.563,-30.1012
57.9,9,2,23,6,11,-73.0511,-28.641
57.9,10,1,23,6,2,-77.085,-25.581
57.9,11,1,23,6,9,-73.2918,-30.0771
57.9,12,0,23,6,9,-73.6533,-30.1477
57.9,13,0,23,6,6,-73.3041,-29.7181
57.9,14,2,23,6,6,-73.6142,-29.7552
58,0,1,23,6,11,-73.0552,-28.933
58,1,0,23,6,12,-73.3064,-26.2922
58,2,2,23,6,12,-74.1878,-29.1132
58,3,1,23,6,12,-72.2751,-26.9349
58,4,0,23,6,12,-72.1054,-29.7175
58,5,2,23,6,11,-72.1354,-23.9395
58,6,2,23,6,11,-72.1279,-28.736
58,7,0,23,6,11,-72.4408,-26.3918
58,8,1,23,6,11,-72.5639,-30.1022
58,9,2,23,6,11,-73.0468,-28.6424
58,10,1,23,6,2,-76.985,-25.4599
58,11,1,23,6,9,-73.289,-30.0775
58,12,0,23,6,9,-73.6454,-30.1487
58,13,0,23,6,6,-73.3063,-29.7178
58,14,2,23,6,6,-73.5944,-29.7552
58.1,0,1,23,6,11,-73.0546,-28.9332
58.1,1,0,23,6,12,-73.3043,-26.2909
58.1,2,2,23,6,12,-74.1869,-29.1135
58.1,3,1,23,6,12,-72.2734,-26.9338
58.1,4,0,23,6,12,-72.1069,-29.7178
58.1,5,2,23,6,11,-72.1329,-23.9402
58.1,6,2,23,6,11,-72.1298,-28.7374
58.1,7,0,23,6,11,-72.4372,-26.3931
58.1,8,1,23,6,11,-72.5646,-30.1035
58.1,9,2,23,6,11,-73.0421,-28.6436
58.1,10,1,23,6,2,-76.8845,-25.339
58.1,11,1,23,6,9,-73.2857,-30.078
58.1,12,0,23,6,9,-73.6367,-30.1487
58.1,13,0,23,6,6,-73.3076,-29.7179
58.1,14,2,23,6,6,-73.5735,-29.755
58.2,0,1,23,6,11,-73.0536,-28.9332
58.2,1,0,23,6,12,-73.3017,-26.291
58.2,2,2,23,6,12,-74.1858,-29.1138
58.2,3,1,23,6,12,-72.2713,-26.9342
58.2,4,0,23,6,12,-72.1082,-29.7183
58.2,5,2,23,6,11,-72.1301,-23.9417
58.2,6,2,23,6,11,-72.1312,-28.738
58.2,7,0,23,6,11,-72.4329,-26.3939
58.2,8,1,23,6,11,-72.5651,-30.1043
58.2,9,2,23,6,11,-73.0366,-28.6443
58.2,10,1,23,6,2,-76.7835,-25.2192
58.2,11,1,23,6,9,-73.2815,-30.0782
58.2,12,0,23,6,9,-73.6275,-30.1491
58.2,13,0,23,6,6,-73.3081,-29.7177
58.2,14,2,23,6,6,-73.5514,-29.7547
58.3,0,1,23,6,11,-73.0523,-28.9329
58.3,1,0,23,6,12,-73.2988,-26.2916
58.3,2,2,23,6,12,-74.1843,-29.1139
58.3,3,1,23,6,12,-72.2689,-26.9352
58.3,4,0,23,6,12,-72.1091,-29.7182
58.3,5,2,23,6,11,-72.1267,-23.943
58.3,6,2,23,6,11,-72.1325,-28.7393
58.3,7,0,23,6,11,-72.4283,-26.3953
58.3,8,1,23,6,11,-72.5652,-30.1056
58.3,9,2,23,6,11,-73.0305,-28.6455
58.3,10,1,23,6,2,-76.6818,-25.0999
58.3,11,1,23,6,9,-73.2766,-30.0787
58.3,12,0,23,6,9,-73.6174,-30.1489
58.3,13,0,23,6,6,-73.2984,-29.7178
58.3,14,2,23,6,6,-73.5283,-29.7542
58.4,0,1,23,6,11,-73.0509,-28.9331
58.4,1,0,23,6,12,-73.2956,-26.2911
58.4,2,2,23,6,12,-74.1826,-29.1142
58.4,3,1,23,6,12,-72.266,-26.935
58.4,4,0,23,6,12,-72.1099,-29.7187
58.4,5,2,23,6,11,-72.1232,-23.9444
58.4,6,2,23,6,11,-72.1334,-28.7406
58.4,7,0,23,6,11,-72.4229,-26.3964
58.4,8,1,23,6,11,-72.5652,-30.1071
58.4,9,2,23,6,11,-73.0238,-28.6467
58.4,10,1,23,6,2,-76.5796,-24.9796
58.4,11,1,23,6,9,-73.2708,-30.0792
58.4,12,0,23,6,9,-73.6068,-30.1489
58.4,13,0,23,6,6,-73.2973,-29.7177
58.4,14,2,23,6,6,-73.5042,-29.7532
58.5,0,1,23,6,11,-73.0491,-28.9327
58.5,1,0,23,6,12,-73.2921,-26.2921
58.5,2,2,23,6,12,-74.1804,-29.1139
58.5,3,1,23,6,12,-72.2557,-26.9365
58.5,4,0,23,6,12,-72.1101,-29.7185
58.5,5,2,23,6,11,-72.1189,-23.9454
58.5,6,2,23,6,11,-72.1339,-28.7415
58.5,7,0,23,6,11,-72.417,-26.3972
58.5,8,1,23,6,11,-72.5649,-30.1081
58.5,9,2,23,6,11,-73.0162,-28.6474
58.5,10,1,23,6,2,-76.4767,-24.8603
58.5,11,1,23,6,9,-73.2644,-30.0795
58.5,12,0,23,6,9,-73.5956,-30.1489
58.5,13,0,23,6,6,-73.2953,-29.7179
58.5,14,2,23,6,6,-73.479,-29.7526
58.6,0,1,23,6,11,-73.047,-28.933
58.6,1,0,23,6,12,-73.2883,-26.2922
58.6,2,2,23,6,12,-74.1781,-29.1145
58.6,3,1,23,6,12,-72.2522,-26.937
58.6,4,0,23,6,12,-72.1103,-29.7193
58.6,5,2,23,6,11,-72.1143,-23.9464
58.6,6,2,23,6,11,-72.1344,-28.742
58.6,7,0,23,6,11,-72.4107,-26.3983
58.6,8,1,23,6,11,-72.5643,-30.1087
58.6,9,2,23,6,11,-73.008,-28.6485
58.6,10,1,23,6,2,-76.3732,-24.7401
58.6,11,1,23,6,9,-73.2571,-30.0803
58.6,12,0,23,6,9,-73.5836,-30.1489
58.6,13,0,23,6,6,-73.2924,-29.7175
58.6,14,2,23,6,6,-73.4527,-29.7513
58.7,0,1,23,6,11,-73.0448,-28.9328
58.7,1,0,23,6,12,-73.2841,-26.2937
58.7,2,2,23,6,12,-74.1754,-29.1145
58.7,3,1,23,6,12,-72.2482,-26.9387
58.7,4,0,23,6,12,-72.1102,-29.7193
58.7,5,2,23,6,11,-72.1094,-23.9482
58.7,6,2,23,6,11,-72.1273,-28.7428
58.7,7,0,23,6,11,-72.4036,-26.3992
58.7,8,1,23,6,11,-72.5634,-30.1094
58.7,9,2,23,6,11,-72.999,-28.6494
58.7,10,1,23,6,2,-76.269,-24.621
58.7,11,1,23,6,9,-73.249,-30.0803
58.7,12,0,23,6,9,-73.5713,-30.1482
58.7,13,0,23,6,6,-73.2885,-29.7177
58.7,14,2,23,6,6,-73.4253,-29.7503
58.8,0,1,23,6,11,-73.0422,-28.9329
58.8,1,0,23,6,12,-73.2796,-26.2948
58.8,2,2,23,6,12,-74.1726,-29.115
58.8,3,1,23,6,12,-72.244,-26.9406
58.8,4,0,23,6,12,-72.1097,-29.7198
58.8,5,2,23,6,11,-72.1038,-23.9492
58.8,6,2,23,6,11,-72.1271,-28.7441
58.8,7,0,23,6,11,-72.3961,-26.4
58.8,8,1,23,6,11,-72.5626,-30.1112
58.8,9,2,23,6,11,-72.9895,-28.6501
58.8,10,1,23,6,2,-76.1641,-24.5014
58.8,11,1,23,6,9,-73.2399,-30.0808
58.8,12,0,23,6,9,-73.5582,-30.1479
58.8,13,0,23,6,6,-73.2837,-29.7178
58.8,14,2,23,6,6,-73.3967,-29.7486
58.9,0,1,23,6,11,-73.0395,-28.9328
58.9,1,0,23,6,12,-73.2749,-26.2969
58.9,2,2,23,6,12,-74.1694,-29.1151
58.9,3,1,23,6,12,-72.2394,-26.9429
58.9,4,0,23,6,12,-72.1091,-29.72
58.9,5,2,23,6,11,-72.098,-23.9506
58.9,6,2,23,6,11,-72.1267,-28.7453
58.9,7,0,23,6,11,-72.388,-26.4009
58.9,8,1,23,6,11,-72.5612,-30.1122
58.9,9,2,23,6,11,-72.9792,-28.6512
58.9,10,1,23,6,2,-76.0585,-24.3822
58.9,11,1,23,6,9,-73.2301,-30.081
58.9,12,0,23,6,9,-73.5445,-30.1476
58.9,13,0,23,6,6,-73.2781,-29.7178
58.9,14,2,23,6,6,-73.3671,-29.7471
59,0,1,23,6,11,-73.0364,-28.933
59,1,0,23,6,12,-73.2697,-26.2986
59,2,2,23,6,12,-74.1661,-29.1157
59,3,1,23,6,12,-72.2344,-26.945
59,4,0,23,6,12,-72.1083,-29.7205
59,5,2,23,6,11,-72.0917,-23.952
59,6,2,23,6,11,-72.126,-28.7463
59,7,0,23,6,11,-72.3794,-26.4019
59,8,1,23,6,11,-72.5596,-30.1133
59,9,2,23,6,11,-72.968,-28.6519
59,10,1,23,6,2,-75.952,-24.2622
59,11,1,23,6,9,-73.2195,-30.0815
59,12,0,23,6,9,-73.5302,-30.1471
59,13,0,23,6,6,-73.2713,-29.7175
59,14,2,23,6,6,-73.3364,-29.7458
59.1,0,1,23,6,11,-73.0333,-28.9327
59.1,1,0,23,6,12,-73.2644,-26.3001
59.1,2,2,23,6,12,-74.1625,-29.1157
59.1,3,1,23,6,12,-72.2292,-26.947
59.1,4,0,23,6,12,-72.1071,-29.7205
59.1,5,2,23,6,11,-72.0849,-23.9537
59.1,6,2,23,6,11,-72.1251,-28.7469
59.1,7,0,23,6,11,-72.3702,-26.4033
59.1,8,1,23,6,11,-72.5578,-30.1139
59.1,9,2,23,6,11,-72.956,-28.6532
59.1,10,1,23,6,2,-75.845,-24.142
59.1,11,1,23,6,9,-73.208,-30.0818
59.1,12,0,23,6,9,-73.5152,-30.1465
59.1,13,0,23,6,6,-73.2639,-29.718
59.1,14,2,23,6,6,-73.3046,-29.7437
59.2,0,1,23,6,11,-73.0298,-28.933
59.2,1,0,23,6,12,-73.2587,-26.3025
59.2,2,2,23,6,12,-74.1586,-29.1162
59.2,3,1,23,6,12,-72.2236,-26.9498
59.2,4,0,23,6,12,-72.106,-29.7212
59.2,5,2,23,6,11,-72.0777,-23.9548
59.2,6,2,23,6,11,-72.1239,-28.7479
59.2,7,0,23,6,11,-72.3603,-26.4039
59.2,8,1,23,6,11,-72.5557,-30.1149
59.2,9,2,23,6,11,-72.9433,-28.6539
59.2,10,1,23,6,2,-75.7368,-24.0217
59.2,11,1,23,6,9,-73.1954,-30.0824
59.2,12,0,23,6,9,-73.4997,-30.1461
59.2,13,0,23,6,6,-73.2553,-29.7182
59.2,14,2,23,6,6,-73.2716,-29.7421
59.3,0,1,23,6,11,-73.0261,-28.9331
59.3,1,0,23,6,12,-73.2528,-26.3047
59.3,2,2,23,6,12,-74.1545,-29.1166
59.3,3,1,23,6,12,-72.2176,-26.9524
59.3,4,0,23,6,12,-72.1044,-29.7216
59.3,5,2,23,6,11,-72.07,-23.9558
59.3,6,2,23,6,11,-72.1226,-28.7492
59.3,7,0,23,6,11,-72.3498,-26.4048
59.3,8,1,23,6,11,-72.5534,-30.1162
59.3,9,2,23,6,11,-72.9299,-28.6548
59.3,10,1,23,6,2,-75.628,-23.9009
59.3,11,1,23,6,9,-73.1819,-30.0828
59.3,12,0,23,6,9,-73.4835,-30.1456
59.3,13,0,23,6,6,-73.2456,-29.7181
59.3,14,2,23,6,6,-73.2375,-29.7402
59.4,0,1,23,6,11,-73.0221,-28.9331
59.4,1,0,23,6,12,-73.2465,-26.3076
59.4,2,2,23,6,12,-74.1501,-29.117
59.4,3,1,23,6,12,-72.2113,-26.9559
59.4,4,0,23,6,12,-72.1028,-29.7222
59.4,5,2,23,6,11,-72.0618,-23.9567
59.4,6,2,23,6,11,-72.121,-28.7498
59.4,7,0,23,6,11,-72.3387,-26.4054
59.4,8,1,23,6,11,-72.551,-30.117
59.4,9,2,23,6,11,-72.9155,-28.6553
59.4,10,1,23,6,2,-75.5181,-23.7801
59.4,11,1,23,6,9,-73.1674,-30.0834
59.4,12,0,23,6,9,-73.4668,-30.1455
59.4,13,0,23,6,6,-73.2349,-29.7182
59.4,14,2,23,6,6,-73.202,-29.7383
59.5,0,1,23,6,11,-73.0182,-28.9336
59.5,1,0,23,6,12,-73.24,-26.3096
59.5,2,2,23,6,12,-74.1455,-29.1177
59.5,3,1,23,6,12,-72.2045,-26.9582
59.5,4,0,23,6,12,-72.101,-29.723
59.5,5,2,23,6,11,-72.0532,-23.9583
59.5,6,2,23,6,11,-72.1192,-28.7508
59.5,7,0,23,6,11,-72.3269,-26.4062
59.5,8,1,23,6,11,-72.5482,-30.1181
59.5,9,2,23,6,11,-72.9003,-28.6563
59.5,10,1,23,6,2,-75.4073,-23.6578
59.5,11,1,23,6,9,-73.1518,-30.0836
59.5,12,0,23,6,9,-73.4495,-30.1447
59.5,13,0,23,6,6,-73.223,-29.7182
59.5,14,2,23,6,6,-73.1655,-29.7363
59.6,0,1,23,6,11,-73.0139,-28.9335
59.6,1,0,23,6,12,-73.233,-26.3122
59.6,2,2,23,6,12,-74.1408,-29.1179
59.6,3,1,23,6,12,-72.1974,-26.9612
59.6,4,0,23,6,12,-72.0991,-29.7234
59.6,5,2,23,6,11,-72.0441,-23.9601
59.6,6,2,23,6,11,-72.1172,-28.7517
59.6,7,0,23,6,11,-72.3146,-26.4071
59.6,8,1,23,6,11,-72.5451,-30.1189
59.6,9,2,23,6,11,-72.8842,-28.6569
59.6,10,1,23,6,2,-75.2955,-23.5354
59.6,11,1,23,6,9,-73.1353,-30.0838
59.6,12,0,23,6,9,-73.4316,-30.1444
59.6,13,0,23,6,6,-73.2101,-29.7183
59.6,14,2,23,6,6,-73.1277,-29.7349
59.7,0,1,23,6,11,-73.0093,-28.9332
59.7,1,0,23,6,12,-73.226,-26.3139
59.7,2,2,23,6,12,-74.1358,-29.118
59.7,3,1,23,6,12,-72.1902,-26.9634
59.7,4,0,23,6,12,-72.0968,-29.7235
59.7,5,2,23,6,11,-72.0346,-23.9607
59.7,6,2,23,6,11,-72.1152,-28.7528
59.7,7,0,23,6,11,-72.3015,-26.4078
59.7,8,1,23,6,11,-72.5419,-30.12
59.7,9,2,23,6,11,-72.8671,-28.6576
59.7,10,1,23,6,2,-75.1827,-23.4117
59.7,11,1,23,6,9,-73.1178,-30.0846
59.7,12,0,23,6,9,-73.4127,-30.1436
59.7,13,0,23,6,6,-73.1961,-29.7186
59.7,14,2,23,6,6,-73.0886,-29.7329
59.8,0,1,23,6,11,-73.0049,-28.934
59.8,1,0,23,6,12,-73.2186,-26.3173
59.8,2,2,23,6,12,-74.1307,-29.1189
59.8,3,1,23,6,12,-72.1824,-26.967
59.8,4,0,23,6,12,-72.0945,-29.7245
59.8,5,2,23,6,11,-72.0246,-23.9618
59.8,6,2,23,6,11,-72.1128,-28.7535
59.8,7,0,23,6,11,-72.2879,-26.4086
59.8,8,1,23,6,11,-72.5384,-30.1208
59.8,9,2,23,6,11,-72.8493,-28.6585
59.8,10,1,23,6,2,-75.069,-23.2884
59.8,11,1,23,6,9,-73.0991,-30.0852
59.8,12,0,23,6,9,-73.3936,-30.1434
59.8,13,0,23,6,6,-73.1809,-29.7186
59.8,14,2,23,6,6,-73.0484,-29.7309
59.9,0,1,23,6,11,-72.9999,-28.9343
59.9,1,0,23,6,12,-73.211,-26.3187
59.9,2,2,23,6,12,-74.1253,-29.1195
59.9,3,1,23,6,12,-72.1743,-26.9691
59.9,4,0,23,6,12,-72.092,-29.7252
59.9,5,2,23,6,11,-72.014,-23.9635
59.9,6,2,23,6,11,-72.1103,-28.7545
59.9,7,0,23,6,11,-72.2734,-26.4091
59.9,8,1,23,6,11,-72.5347,-30.1218
59.9,9,2,23,6,11,-72.8304,-28.6589
59.9,10,1,23,6,2,-74.954,-23.163
59.9,11,1,23,6,9,-73.0792,-30.0853
59.9,12,0,23,6,9,-73.3736,-30.1428
59.9,13,0,23,6,6,-73.1644,-29.7188
59.9,14,2,23,6,6,-73.0067,-29.7296
60,0,1,23,6,11,-72.9949,-28.9343
60,1,0,23,6,12,-73.203,-26.3219
60,2,2,23,6,12,-74.1196,-29.1197
60,3,1,23,6,12,-72.1658,-26.9726
60,4,0,23,6,12,-72.0894,-29.7255
60,5,2,23,6,11,-71.9961,-23.9636
60,6,2,23,6,11,-72.1076,-28.7553
60,7,0,23,6,11,-72.251,-26.4098
60,8,1,23,6,11,-72.5306,-30.1226
60,9,2,23,6,11,-72.8105,-28.6595
60,10,1,23,6,2,-74.8382,-23.0381
60,11,1,23,6,9,-73.0581,-30.0861
60,12,0,23,6,9,-73.3531,-30.1429
60,13,0,23,6,6,-73.1467,-29.7189
60,14,2,23,6,6,-72.9638,-29.7279
60.1,0,1,23,6,11,-72.9931,-28.9345
60.1,1,0,23,6,12,-73.1995,-26.325
60.1,2,2,23,6,12,-74.1167,-29.1202
60.1,3,1,23,6,12,-72.1615,-26.976
60.1,4,0,23,6,12,-72.0876,-29.726
60.1,5,2,23,6,11,-71.9893,-23.9654
60.1,6,2,23,6,11,-72.1052,-28.7561
60.1,7,0,23,6,11,-72.2403,-26.4104
60.1,8,1,23,6,11,-72.519,-30.1235
60.1,9,2,23,6,11,-72.7948,-28.6602
60.1,10,1,23,6,2,-74.7209,-22.9123
60.1,11,1,23,6,9,-73.0394,-30.0863
60.1,12,0,23,6,9,-73.3317,-30.1421
60.1,13,0,23,6,6,-73.1284,-29.7192
60.1,14,2,23,6,6,-72.9191,-29.7264
60.2,0,1,23,6,11,-72.9912,-28.9347
60.2,1,0,23,6,12,-73.1959,-26.3275
60.2,2,2,23,6,12,-74.1134,-29.1205
60.2,3,1,23,6,12,-72.157,-26.9787
60.2,4,0,23,6,12,-72.0858,-29.7267
60.2,5,2,23,6,11,-71.9824,-23.9659
60.2,6,2,23,6,11,-72.1027,-28.7567
60.2,7,0,23,6,11,-72.2292,-26.4105
60.2,8,1,23,6,11,-72.515,-30.1243
60.2,9,2,23,6,11,-72.7785,-28.6605
60.2,10,1,23,6,2,-74.6024,-22.7849
60.2,11,1,23,6,9,-73.0199,-30.0865
60.2,12,0,23,6,9,-73.3098,-30.1422
60.2,13,0,23,6,6,-73.1093,-29.7192
60.2,14,2,23,6,6,-72.873,-29.7246
60.3,0,1,23,6,11,-72.9894,-28.9351
60.3,1,0,23,6,12,-73.1922,-26.3296
60.3,2,2,23,6,12,-74.1103,-29.1212
60.3,3,1,23,6,12,-72.1524,-26.9812
60.3,4,0,23,6,12,-72.0841,-29.7276
60.3,5,2,23,6,11,-71.9755,-23.9673
60.3,6,2,23,6,11,-72.1002,-28.758
60.3,7,0,23,6,11,-72.2181,-26.4115
60.3,8,1,23,6,11,-72.5106,-30.1255
60.3,9,2,23,6,11,-72.7618,-28.6613
60.3,10,1,23,6,2,-74.4828,-22.6566
60.3,11,1,23,6,9,-72.9997,-30.087
60.3,12,0,23,6,9,-73.287,-30.1414
60.3,13,0,23,6,6,-73.0893,-29.7193
60.3,14,2,23,6,6,-72.8255,-29.7231
60.4,0,1,23,6,11,-72.9874,-28.9357
60.4,1,0,23,6,12,-73.1884,-26.3326
60.4,2,2,23,6,12,-74.1071,-29.122
60.4,3,1,23,6,12,-72.1478,-26.9844
60.4,4,0,23,6,12,-72.082,-29.7284
60.4,5,2,23,6,11,-71.9682,-23.968
60.4,6,2,23,6,11,-72.0975,-28.7585
60.4,7,0,23,6,11,-72.2066,-26.4122
60.4,8,1,23,6,11,-72.5057,-30.1258
60.4,9,2,23,6,11,-72.7446,-28.6619
60.4,10,1,23,6,2,-74.3618,-22.5275
60.4,11,1,23,6,9,-72.9789,-30.0875
60.4,12,0,23,6,9,-73.2636,-30.1413
60.4,13,0,23,6,6,-73.0683,-29.7194
60.4,14,2,23,6,6,-72.7765,-29.7222
60.5,0,1,23,6,11,-72.9853,-28.9358
60.5,1,0,23,6,12,-73.1847,-26.3347
60.5,2,2,23,6,12,-74.1037,-29.1225
60.5,3,1,23,6,12,-72.143,-26.9869
60.5,4,0,23,6,12,-72.0799,-29.7289
60.5,5,2,23,6,11,-71.9609,-23.9685
60.5,6,2,23,6,11,-72.0947,-28.7591
60.5,7,0,23,6,11,-72.1948,-26.4121
60.5,8,1,23,6,12,-72.501,-30.1266
60.5,9,2,23,6,11,-72.7268,-28.6619
60.5,10,1,23,6,3,-74.2372,-27.8412
60.5,11,1,23,6,9,-72.9573,-30.088
60.5,12,0,23,6,9,-73.239,-30.141
60.5,13,0,23,6,6,-73.0464,-29.7195
60.5,14,2,23,6,6,-72.7246,-29.7207
60.6,0,2,23,6,11,-72.9833,-28.9362
60.6,1,1,23,6,12,-73.1808,-26.3367
60.6,2,0,23,6,12,-74.1004,-29.123
60.6,3,2,23,6,12,-72.1383,-26.9892
60.6,4,1,23,6,12,-72.0777,-29.7296
60.6,5,0,23,6,11,-71.9534,-23.9698
60.6,6,2,23,6,11,-72.0918,-28.7601
60.6,7,1,23,6,11,-72.183,-26.4131
60.6,8,0,23,6,12,-72.4958,-30.1275
60.6,9,0,23,6,11,-72.7086,-28.6625
60.6,10,0,23,6,3,-74.1115,-27.7428
60.6,11,2,23,6,9,-72.935,-30.0881
60.6,12,1,23,6,9,-73.2136,-30.141
60.6,13,1,23,6,6,-73.0237,-29.7195
60.6,14,2,23,6,6,-72.6713,-29.7199
60.7,0,2,23,6,11,-72.9813,-28.9368
60.7,1,1,23,6,12,-73.1771,-26.3388
60.7,2,0,23,6,12,-74.097,-29.1237
60.7,3,2,23,6,12,-72.1335,-26.9915
60.7,4,1,23,6,12,-72.0754,-29.7305
60.7,5,0,23,6,11,-71.9459,-23.9705
60.7,6,2,23,6,11,-72.0886,-28.7608
60.7,7,1,23,6,11,-72.1708,-26.4133
60.7,8,0,23,6,12,-72.4905,-30.1283
60.7,9,0,23,6,11,-72.6901,-28.6629
60.7,10,0,23,6,3,-73.9845,-27.6432
60.7,11,2,23,6,9,-72.912,-30.0882
60.7,12,1,23,6,9,-73.1874,-30.1409
60.7,13,1,23,6,6,-73,-29.7196
60.7,14,2,23,6,6,-72.6161,-29.7191
60.8,0,2,23,6,11,-72.9794,-28.9374
60.8,1,1,23,6,12,-73.1733,-26.3409
60.8,2,0,23,6,12,-74.0936,-29.1246
60.8,3,2,23,6,12,-72.1287,-26.9939
60.8,4,1,23,6,12,-72.0731,-29.7314
60.8,5,0,23,6,11,-71.9383,-23.9713
60.8,6,2,23,6,11,-72.0853,-28.7615
60.8,7,1,23,6,11,-72.1584,-26.4137
60.8,8,0,23,6,12,-72.485,-30.1291
60.8,9,0,23,6,11,-72.6711,-28.6634
60.8,10,0,23,6,3,-73.8561,-27.5431
60.8,11,2,23,6,9,-72.8883,-30.0887
60.8,12,1,23,6,9,-73.1605,-30.141
60.8,13,1,23,6,6,-72.9753,-29.7192
60.8,14,2,23,6,6,-72.5591,-29.7178
60.9,0,2,23,6,11,-72.9773,-28.9374
60.9,1,1,23,6,12,-73.1696,-26.3437
60.9,2,0,23,6,12,-74.09,-29.1248
60.9,3,2,23,6,12,-72.1238,-26.9969
60.9,4,1,23,6,12,-72.0708,-29.7318
60.9,5,0,23,6,11,-71.9305,-23.9716
60.9,6,2,23,6,11,-72.082,-28.7621
60.9,7,1,23,6,11,-72.1458,-26.4142
60.9,8,0,23,6,12,-72.4792,-30.1298
60.9,9,0,23,6,11,-72.6517,-28.6638
60.9,10,0,23,6,3,-76.4728,-27.3524
60.9,11,2,23,6,9,-72.8639,-30.0894
60.9,12,1,23,6,9,-73.1327,-30.141
60.9,13,1,23,6,6,-72.9498,-29.7197
60.9,14,2,23,6,6,-74.3939,-29.716
61,0,2,23,6,11,-72.9753,-28.9387
61,1,1,23,6,12,-73.1658,-26.3458
61,2,0,23,6,12,-74.0865,-29.1261
61,3,2,23,6,12,-72.1189,-26.9991
61,4,1,23,6,12,-72.0683,-29.7333
61,5,0,23,6,11,-71.9227,-23.9727
61,6,2,23,6,11,-72.0785,-28.7626
61,7,1,23,6,11,-72.1329,-26.4146
61,8,0,23,6,12,-72.4732,-30.1303
61,9,0,23,6,11,-72.6319,-28.6643
61,10,0,23,6,3,-76.3729,-27.2523
61,11,2,23,6,9,-72.8389,-30.0897
61,12,1,23,6,9,-73.1039,-30.1411
61,13,1,23,6,6,-72.9231,-29.7198
61,14,2,23,6,6,-74.3918,-29.7152
61.1,0,2,23,6,11,-72.9732,-28.9385
61.1,1,1,23,6,12,-73.1621,-26.3478
61.1,2,0,23,6,12,-74.083,-29.1262
61.1,3,2,23,6,12,-72.114,-27.0013
61.1,4,1,23,6,12,-72.0658,-29.7335
61.1,5,0,23,6,11,-71.9148,-23.9729
61.1,6,2,23,6,11,-72.075,-28.7634
61.1,7,1,23,6,11,-72.12,-26.4148
61.1,8,0,23,6,12,-72.467,-30.1312
61.1,9,0,23,6,11,-72.6116,-28.6645
61.1,10,0,23,6,3,-76.272,-27.1508
61.1,11,2,23,6,9,-72.8129,-30.0902
61.1,12,1,23,6,9,-73.0744,-30.1412
61.1,13,1,23,6,6,-72.8956,-29.7198
61.1,14,2,23,6,6,-74.3899,-29.7148
61.2,0,2,23,6,11,-72.9712,-28.9394
61.2,1,1,23,6,12,-73.1583,-26.35
61.2,2,0,23,6,12,-74.0794,-29.1271
61.2,3,2,23,6,12,-72.1089,-27.0033
61.2,4,1,23,6,12,-72.0633,-29.7347
61.2,5,0,23,6,11,-71.9069,-23.9737
61.2,6,2,23,6,11,-72.0713,-28.7639
61.2,7,1,23,6,11,-72.1069,-26.4155
61.2,8,0,23,6,12,-72.4604,-30.1317
61.2,9,0,23,6,11,-72.5909,-28.665
61.2,10,0,23,6,3,-76.17,-27.0494
61.2,11,2,23,6,9,-72.7864,-30.0907
61.2,12,1,23,6,9,-73.0437,-30.1413
61.2,13,1,23,6,6,-72.8668,-29.7193
61.2,14,2,23,6,6,-74.3878,-29.7142
61.3,0,2,23,6,11,-72.9692,-28.9399
61.3,1,1,23,6,12,-73.1546,-26.351
61.3,2,0,23,6,12,-74.0758,-29.1279
61.3,3,2,23,6,12,-72.1041,-27.0047
61.3,4,1,23,6,12,-72.0606,-29.7354
61.3,5,0,23,6,11,-71.8989,-23.9744
61.3,6,2,23,6,11,-72.0677,-28.7649
61.3,7,1,23,6,11,-72.0936,-26.4156
61.3,8,0,23,6,12,-72.4538,-30.1327
61.3,9,0,23,6,11,-72.5698,-28.6651
61.3,10,0,23,6,3,-76.0674,-26.9477
61.3,11,2,23,6,9,-72.759,-30.0905
61.3,12,1,23,6,9,-73.0122,-30.1416
61.3,13,1,23,6,6,-72.8372,-29.7199
61.3,14,2,23,6,6,-74.3858,-29.7141
61.4,0,2,23,6,11,-72.967,-28.9404
61.4,1,1,23,6,12,-73.1509,-26.3539
61.4,2,0,23,6,12,-74.0722,-29.1285
61.4,3,2,23,6,12,-72.0992,-27.0075
61.4,4,1,23,6,12,-72.058,-29.7364
61.4,5,0,23,6,11,-71.8908,-23.9748
61.4,6,2,23,6,11,-72.0638,-28.7658
61.4,7,1,23,6,11,-72.0801,-26.4161
61.4,8,0,23,6,12,-72.4467,-30.1334
61.4,9,0,23,6,11,-72.5483,-28.6656
61.4,10,0,23,6,3,-75.9639,-26.8457
61.4,11,2,23,6,9,-72.7309,-30.0912
61.4,12,1,23,6,9,-72.9797,-30.1419
61.4,13,1,23,6,6,-72.8064,-29.7199
61.4,14,2,23,6,6,-74.3836,-29.7139
61.5,0,2,23,6,11,-72.965,-28.9413
61.5,1,1,23,6,12,-73.1473,-26.3559
61.5,2,0,23,6,12,-74.0686,-29.1296
61.5,3,2,23,6,12,-72.0943,-27.0097
61.5,4,1,23,6,12,-72.0552,-29.7375
61.5,5,0,23,6,11,-71.8828,-23.9754
61.5,6,2,23,6,11,-72.0598,-28.7666
61.5,7,1,23,6,11,-72.0663,-26.4167
61.5,8,0,23,6,12,-72.4396,-30.1342
61.5,9,0,23,6,11,-72.5264,-28.6663
61.5,10,0,23,6,3,-75.8593,-26.7431
61.5,11,2,23,6,9,-72.7021,-30.0913
61.5,12,1,23,6,9,-72.9459,-30.1421
61.5,13,1,23,6,6,-72.7746,-29.7198
61.5,14,2,23,6,6,-74.3816,-29.7134
61.6,0,2,23,6,11,-72.9631,-28.9419
61.6,1,1,23,6,12,-73.1437,-26.3573
61.6,2,0,23,6,12,-74.065,-29.1304
61.6,3,2,23,6,12,-72.0894,-27.011
61.6,4,1,23,6,12,-72.0524,-29.7383
61.6,5,0,23,6,11,-71.8747,-23.976
61.6,6,2,23,6,11,-72.0556,-28.7671
61.6,7,1,23,6,11,-72.0527,-26.417
61.6,8,0,23,6,12,-72.4323,-30.1348
61.6,9,0,23,6,11,-72.5041,-28.6664
61.6,10,0,23,6,3,-75.7537,-26.6399
61.6,11,2,23,6,9,-72.6727,-30.0916
61.6,12,1,23,6,9,-72.9112,-30.1425
61.6,13,1,23,6,6,-72.7417,-29.72
61.6,14,2,23,6,6,-74.3795,-29.7131
61.7,0,2,23,6,11,-72.961,-28.9427
61.7,1,1,23,6,12,-73.1401,-26.3585
61.7,2,0,23,6,12,-74.0613,-29.1312
61.7,3,2,23,6,12,-72.0845,-27.0122
61.7,4,1,23,6,12,-72.0493,-29.7391
61.7,5,0,23,6,11,-71.8665,-23.9761
61.7,6,2,23,6,11,-72.0514,-28.768
61.7,7,1,23,6,11,-72.0388,-26.4172
61.7,8,0,23,6,12,-72.4245,-30.1357
61.7,9,0,23,6,11,-72.4815,-28.6666
61.7,10,0,23,6,3,-75.6472,-26.5362
61.7,11,2,23,6,9,-72.6424,-30.0922
61.7,12,1,23,6,9,-72.8753,-30.1429
61.7,13,1,23,6,6,-72.7077,-29.7198
61.7,14,2,23,6,6,-74.3776,-29.7135
61.8,0,2,23,6,11,-72.959,-28.9434
61.8,1,1,23,6,12,-73.1366,-26.3606
61.8,2,0,23,6,12,-74.0575,-29.1319
61.8,3,2,23,6,12,-72.0796,-27.0143
61.8,4,1,23,6,12,-72.0465,-29.7403
61.8,5,0,23,6,11,-71.8584,-23.9771
61.8,6,2,23,6,11,-72.047,-28.7684
61.8,7,1,23,6,11,-72.0248,-26.4175
61.8,8,0,23,6,12,-72.4166,-30.1362
61.8,9,0,23,6,11,-72.4585,-28.667
61.8,10,0,23,6,3,-75.5394,-26.4326
61.8,11,2,23,6,9,-72.6113,-30.0923
61.8,12,1,23,6,9,-72.8383,-30.1435
61.8,13,1,23,6,6,-72.6725,-29.7198
61.8,14,2,23,6,6,-74.3755,-29.7134
61.9,0,2,23,6,11,-72.9569,-28.9441
61.9,1,1,23,6,12,-73.1331,-26.3615
61.9,2,0,23,6,12,-74.0537,-29.1327
61.9,3,2,23,6,12,-72.0748,-27.0155
61.9,4,1,23,6,12,-72.0434,-29.7412
61.9,5,0,23,6,11,-71.8503,-23.9774
61.9,6,2,23,6,11,-72.0425,-28.7688
61.9,7,1,23,6,11,-72.0107,-26.4175
61.9,8,0,23,6,12,-72.4084,-30.1366
61.9,9,0,23,6,11,-72.4352,-28.667
61.9,10,0,23,6,3,-75.4308,-26.3279
61.9,11,2,23,6,9,-72.5797,-30.0927
61.9,12,1,23,6,9,-72.7998,-30.1434
61.9,13,1,23,6,6,-72.6362,-29.7201
61.9,14,2,23,6,6,-74.3733,-29.714
62,0,2,23,6,11,-72.955,-28.9448
62,1,1,23,6,12,-73.1296,-26.3636
62,2,0,23,6,12,-74.05,-29.1335
62,3,2,23,6,12,-72.0699,-27.0175
62,4,1,23,6,12,-72.0403,-29.742
62,5,0,23,6,11,-71.8422,-23.9775
62,6,2,23,6,11,-72.0378,-28.7695
62,7,1,23,6,11,-71.9966,-26.4182
62,8,0,23,6,11,-72.4,-28.3988
62,9,0,23,6,10,-72.4115,-28.6676
62,10,0,23,6,3,-75.321,-26.2226
62,11,2,23,6,9,-72.5471,-30.0931
62,12,1,23,6,9,-72.7601,-30.1441
62,13,1,23,6,6,-72.5989,-29.7201
62,14,2,23,6,6,-74.3712,-29.7138
62.1,0,1,23,6,11,-72.9531,-28.9458
62.1,1,0,23,6,12,-73.1263,-26.365
62.1,2,2,23,6,12,-74.0463,-29.1345
62.1,3,1,23,6,12,-72.0652,-27.0188
62.1,4,0,23,6,12,-72.0371,-29.7432
62.1,5,0,23,6,11,-71.8341,-23.9781
62.1,6,2,23,6,11,-72.0332,-28.7706
62.1,7,2,23,6,11,-71.9824,-26.4186
62.1,8,1,23,6,11,-72.3913,-28.3994
62.1,9,1,23,6,10,-72.3876,-28.6679
62.1,10,1,23,6,3,-75.1958,-26.1175
62.1,11,0,23,6,9,-72.5139,-30.0929
62.1,12,0,23,6,9,-72.7193,-30.1444
62.1,13,2,23,6,6,-72.5602,-29.7201
62.1,14,2,23,6,6,-74.369,-29.7142
62.2,0,1,23,6,11,-72.9511,-28.9464
62.2,1,0,23,6,12,-73.1229,-26.3664
62.2,2,2,23,6,12,-74.0425,-29.1353
62.2,3,1,23,6,12,-72.0606,-27.0203
62.2,4,0,23,6,12,-72.0339,-29.7439
62.2,5,0,23,6,11,-71.8261,-23.9782
62.2,6,2,23,6,11,-72.0284,-28.7711
62.2,7,2,23,6,11,-71.9682,-26.4183
62.2,8,1,23,6,11,-72.3825,-28.4002
62.2,9,1,23,6,10,-72.3633,-28.6675
62.2,10,1,23,6,3,-75.0842,-26.0111
62.2,11,0,23,6,9,-72.48,-30.0932
62.2,12,0,23,6,9,-72.6771,-30.1451
62.2,13,2,23,6,6,-72.5204,-29.7197
62.2,14,2,23,6,6,-74.3669,-29.7149
62.3,0,1,23,6,11,-72.9491,-28.9471
62.3,1,0,23,6,12,-73.1196,-26.3684
62.3,2,2,23,6,12,-74.0387,-29.1362
62.3,3,1,23,6,12,-72.0559,-27.0221
62.3,4,0,23,6,12,-72.0306,-29.745
62.3,5,0,23,6,11,-71.818,-23.9787
62.3,6,2,23,6,11,-72.0233,-28.7722
62.3,7,2,23,6,11,-71.9538,-26.4188
62.3,8,1,23,6,11,-72.3731,-28.4006
62.3,9,1,23,6,10,-72.3389,-28.6682
62.3,10,1,23,6,3,-74.9713,-25.9048
62.3,11,0,23,6,9,-72.4454,-30.0936
62.3,12,0,23,6,9,-72.6333,-30.1454
62.3,13,2,23,6,6,-72.4795,-29.7201
62.3,14,2,23,6,6,-74.3645,-29.715
62.4,0,1,23,6,11,-72.9472,-28.9476
62.4,1,0,23,6,12,-73.1164,-26.3698
62.4,2,2,23,6,12,-74.0349,-29.1367
62.4,3,1,23,6,12,-72.0513,-27.0234
62.4,4,0,23,6,12,-72.0271,-29.7456
62.4,5,0,23,6,11,-71.8101,-23.9793
62.4,6,2,23,6,11,-72.0182,-28.7728
62.4,7,2,23,6,11,-71.9396,-26.4191
62.4,8,1,23,6,11,-72.3637,-28.4012
62.4,9,1,23,6,10,-72.314,-28.6684
62.4,10,1,23,6,3,-74.8571,-25.7979
62.4,11,0,23,6,9,-72.41,-30.0935
62.4,12,0,23,6,9,-72.588,-30.1459
62.4,13,2,23,6,6,-72.4373,-29.7199
62.4,14,2,23,6,6,-74.3622,-29.7154
62.5,0,1,23,6,11,-72.9452,-28.949
62.5,1,0,23,6,12,-73.1131,-26.3711
62.5,2,2,23,6,12,-74.031,-29.1381
62.5,3,1,23,6,12,-72.0467,-27.0247
62.5,4,0,23,6,12,-72.0237,-29.7471
62.5,5,0,23,6,11,-71.8023,-23.9797
62.5,6,2,23,6,11,-72.0129,-28.7733
62.5,7,2,23,6,11,-71.9252,-26.4195
62.5,8,1,23,6,11,-72.3538,-28.4014
62.5,9,1,23,6,10,-72.289,-28.6687
62.5,10,1,23,6,3,-74.7418,-25.6905
62.5,11,0,23,6,9,-72.374,-30.0942
62.5,12,0,23,6,9,-72.5413,-30.1467
62.5,13,2,23,6,6,-72.3939,-29.7197
62.5,14,2,23,6,6,-74.3599,-29.7161
62.6,0,1,23,6,11,-72.9434,-28.9498
62.6,1,0,23,6,12,-73.11,-26.3724
62.6,2,2,23,6,12,-74.0271,-29.1388
62.6,3,1,23,6,12,-72.0422,-27.0259
62.6,4,0,23,6,12,-72.02,-29.7479
62.6,5,0,23,6,11,-71.7945,-23.9808
62.6,6,2,23,6,11,-72.0075,-28.7743
62.6,7,2,23,6,11,-71.911,-26.4199
62.6,8,1,23,6,11,-72.3437,-28.402
62.6,9,1,23,6,10,-72.2564,-28.6691
62.6,10,1,23,6,3,-74.6254,-25.5831
62.6,11,0,23,6,9,-72.3373,-30.094
62.6,12,0,23,6,9,-72.493,-30.1472
62.6,13,2,23,6,6,-72.3492,-29.7199
62.6,14,2,23,6,6,-74.3456,-29.7167
62.7,0,1,23,6,11,-72.9414,-28.9503
62.7,1,0,23,6,12,-73.1069,-26.3746
62.7,2,2,23,6,12,-74.0232,-29.1396
62.7,3,1,23,6,12,-72.0379,-27.0282
62.7,4,0,23,6,12,-72.0165,-29.7489
62.7,5,0,23,6,11,-71.7868,-23.9812
62.7,6,2,23,6,11,-72.002,-28.7752
62.7,7,2,23,6,11,-71.8968,-26.4206
62.7,8,1,23,6,11,-72.3334,-28.403
62.7,9,1,23,6,10,-72.2309,-28.6696
62.7,10,1,23,6,3,-74.5076,-25.4744
62.7,11,0,23,6,9,-72.2999,-30.0945
62.7,12,0,23,6,9,-72.4431,-30.1479
62.7,13,2,23,6,6,-72.3033,-29.7198
62.7,14,2,23,6,6,-74.343,-29.7167
62.8,0,1,23,6,11,-72.9395,-28.9514
62.8,1,0,23,6,12,-73.104,-26.376
62.8,2,2,23,6,12,-74.0193,-29.1407
62.8,3,1,23,6,12,-72.0336,-27.0295
62.8,4,0,23,6,12,-72.0127,-29.75
62.8,5,0,23,6,11,-71.7791,-23.9811
62.8,6,2,23,6,12,-71.9961,-28.7757
62.8,7,2,23,6,11,-71.8825,-26.4202
62.8,8,1,23,6,11,-72.3153,-28.4029
62.8,9,1,23,6,10,-72.2054,-28.6695
62.8,10,1,23,6,4,-74.3884,-30.1002
62.8,11,0,23,6,9,-72.2619,-30.0949
62.8,12,0,23,6,9,-72.3914,-30.1485
62.8,13,2,23,6,6,-72.2562,-29.72
62.8,14,2,23,6,6,-74.3405,-29.7178
62.9,0,1,23,6,11,-72.9377,-28.9522
62.9,1,0,23,6,12,-73.1011,-26.3775
62.9,2,2,23,6,12,-74.0155,-29.1417
62.9,3,1,23,6,12,-72.0294,-27.0308
62.9,4,0,23,6,12,-72.009,-29.7509
62.9,5,0,23,6,11,-71.7717,-23.9822
62.9,6,2,23,6,12,-71.9904,-28.7762
62.9,7,2,23,6,11,-71.8684,-26.4208
62.9,8,1,23,6,11,-72.3044,-28.404
62.9,9,1,23,6,10,-72.1796,-28.6698
62.9,10,1,23,6,4,-74.268,-30.0067
62.9,11,0,23,6,9,-72.2234,-30.0951
62.9,12,0,23,6,9,-72.338,-30.1484
62.9,13,2,23,6,6,-72.2078,-29.7199
62.9,14,2,23,6,6,-74.338,-29.7184
63,0,1,23,6,11,-72.9359,-28.9537
63,1,0,23,6,12,-73.0982,-26.3799
63,2,2,23,6,12,-74.0115,-29.1432
63,3,1,23,6,12,-72.0251,-27.033
63,4,0,23,6,12,-72.0051,-29.7525
63,5,0,23,6,11,-71.7642,-23.9824
63,6,2,23,6,12,-71.9843,-28.7771
63,7,2,23,6,11,-71.8544,-26.4212
63,8,1,23,6,11,-72.2931,-28.4044
63,9,1,23,6,10,-72.1538,-28.6702
63,10,1,23,6,4,-74.1462,-29.9127
63,11,0,23,6,9,-72.1841,-30.0952
63,12,0,23,6,9,-72.2828,-30.149
63,13,2,23,6,6,-72.158,-29.7198
63,14,2,23,6,6,-74.3352,-29.7187
63.1,0,1,23,6,11,-72.9339,-28.9544
63.1,1,0,23,6,12,-73.0954,-26.3822
63.1,2,2,23,6,12,-74.0074,-29.144
63.1,3,2,23,6,12,-72.0211,-27.0353
63.1,4,1,23,6,12,-72.001,-29.7535
63.1,5,0,23,6,11,-71.7569,-23.983
63.1,6,0,23,6,12,-71.9782,-28.778
63.1,7,1,23,6,11,-71.8404,-26.4212
63.1,8,2,23,6,11,-72.2815,-28.4046
63.1,9,2,23,6,10,-72.1279,-28.6702
63.1,10,2,23,6,4,-77.1546,-29.765
63.1,11,0,23,6,9,-72.1442,-30.0951
63.1,12,1,23,6,9,-74.0281,-30.1488
63.1,13,1,23,6,6,-72.107,-29.7195
63.1,14,0,23,6,6,-74.3322,-29.7196
63.2,0,1,23,6,11,-72.9321,-28.9555
63.2,1,0,23,6,12,-73.0928,-26.3838
63.2,2,2,23,6,12,-74.0034,-29.145
63.2,3,2,23,6,12,-72.0172,-27.0368
63.2,4,1,23,6,12,-71.997,-29.7546
63.2,5,0,23,6,11,-71.7498,-23.9833
63.2,6,0,23,6,12,-71.9718,-28.7783
63.2,7,1,23,6,11,-71.8266,-26.4218
63.2,8,2,23,6,11,-72.2696,-28.4051
63.2,9,2,23,6,10,-72.1019,-28.6709
63.2,10,2,23,6,4,-77.0745,-29.6708
63.2,11,0,23,6,9,-72.1039,-30.0958
63.2,12,1,23,6,9,-74.0252,-30.1488
63.2,13,1,23,6,6,-72.0549,-29.7196
63.2,14,0,23,6,6,-74.3294,-29.7199
63.3,0,1,23,6,11,-72.9303,-28.9563
63.3,1,0,23,6,12,-73.09,-26.3861
63.3,2,2,23,6,12,-73.9993,-29.1459
63.3,3,2,23,6,12,-72.0134,-27.0391
63.3,4,1,23,6,12,-71.9928,-29.7556
63.3,5,0,23,6,11,-71.7428,-23.984
63.3,6,0,23,6,12,-71.9654,-28.7794
63.3,7,1,23,6,11,-71.8128,-26.422
63.3,8,2,23,6,11,-72.2573,-28.4055
63.3,9,2,23,6,10,-72.0759,-28.6712
63.3,10,2,23,6,4,-76.9938,-29.5754
63.3,11,0,23,6,9,-72.063,-30.0959
63.3,12,1,23,6,9,-74.0222,-30.1495
63.3,13,1,23,6,6,-72.0015,-29.7196
63.3,14,0,23,6,6,-74.3262,-29.7203
63.4,0,1,23,6,11,-72.9286,-28.9578
63.4,1,0,23,6,12,-73.0875,-26.3879
63.4,2,2,23,6,12,-73.9952,-29.1473
63.4,3,2,23,6,12,-72.0097,-27.0408
63.4,4,1,23,6,12,-71.9885,-29.757
63.4,5,0,23,6,11,-71.736,-23.9849
63.4,6,0,23,6,12,-71.9588,-28.7798
63.4,7,1,23,6,11,-71.7993,-26.4223
63.4,8,2,23,6,11,-72.2448,-28.406
63.4,9,2,23,6,10,-72.0498,-28.6713
63.4,10,2,23,6,4,-76.9123,-29.4792
63.4,11,0,23,6,9,-72.0217,-30.0961
63.4,12,1,23,6,9,-74.0192,-30.1498
63.4,13,1,23,6,6,-71.9468,-29.7194
63.4,14,0,23,6,6,-74.3231,-29.7208
63.5,0,1,23,6,11,-72.9266,-28.958
63.5,1,0,23,6,12,-73.0849,-26.3904
63.5,2,2,23,6,12,-73.991,-29.1476
63.5,3,2,23,6,12,-72.006,-27.0433
63.5,4,1,23,6,12,-71.984,-29.7573
63.5,5,0,23,6,11,-71.7292,-23.9853
63.5,6,0,23,6,12,-71.9519,-28.781
63.5,7,1,23,6,11,-71.786,-26.4229
63.5,8,2,23,6,11,-72.2316,-28.4067
63.5,9,2,23,6,10,-72.0237,-28.6718
63.5,10,2,23,6,4,-76.8306,-29.3833
63.5,11,0,23,6,9,-71.9796,-30.0959
63.5,12,1,23,6,9,-74.016,-30.1503
63.5,13,1,23,6,6,-71.8909,-29.7196
63.5,14,0,23,6,6,-74.3198,-29.7217
63.6,0,1,23,6,11,-72.9249,-28.9596
63.6,1,0,23,6,12,-73.0825,-26.3932
63.6,2,2,23,6,12,-73.987,-29.1494
63.6,3,2,23,6,12,-72.0026,-27.0459
63.6,4,1,23,6,12,-71.9797,-29.7591
63.6,5,0,23,6,11,-71.7228,-23.9854
63.6,6,0,23,6,12,-71.945,-28.7817
63.6,7,1,23,6,11,-71.7729,-26.423
63.6,8,2,23,6,11,-72.2185,-28.407
63.6,9,2,23,6,10,-71.9978,-28.672
63.6,10,2,23,6,4,-76.7484,-29.2865
63.6,11,0,23,6,9,-71.9374,-30.0964
63.6,12,1,23,6,9,-74.0129,-30.1509
63.6,13,1,23,6,6,-71.8336,-29.7195
63.6,14,0,23,6,6,-74.3166,-29.7219
63.7,0,1,23,6,11,-72.9231,-28.9604
63.7,1,0,23,6,12,-73.0801,-26.3959
63.7,2,2,23,6,12,-73.9828,-29.1501
63.7,3,2,23,6,12,-71.9992,-27.0485
63.7,4,1,23,6,12,-71.9751,-29.7599
63.7,5,0,23,6,11,-71.7165,-23.9863
63.7,6,0,23,6,12,-71.9379,-28.782
63.7,7,1,23,6,11,-71.7599,-26.4234
63.7,8,2,23,6,11,-72.2048,-28.408
63.7,9,2,23,6,10,-71.9719,-28.6722
63.7,10,2,23,6,4,-76.6656,-29.1893
63.7,11,0,23,6,9,-71.8947,-30.0966
63.7,12,1,23,6,9,-74.0096,-30.151
63.7,13,1,23,6,6,-71.7752,-29.7192
63.7,14,0,23,6,6,-74.3133,-29.7222
63.8,0,1,23,6,11,-72.9213,-28.9615
63.8,1,0,23,6,12,-73.0779,-26.3987
63.8,2,2,23,6,12,-73.9787,-29.1513
63.8,3,2,23,6,12,-71.9959,-27.0512
63.8,4,1,23,6,12,-71.9706,-29.7612
63.8,5,0,23,6,11,-71.7104,-23.9874
63.8,6,0,23,6,12,-71.9306,-28.7833
63.8,7,1,23,6,11,-71.7473,-26.4239
63.8,8,2,23,6,11,-72.1906,-28.4081
63.8,9,2,23,6,10,-71.9462,-28.6728
63.8,10,2,23,6,4,-76.5823,-29.0917
63.8,11,0,23,6,9,-71.8516,-30.0965
63.8,12,1,23,6,9,-74.0061,-30.1514
63.8,13,1,23,6,6,-71.7156,-29.7192
63.8,14,0,23,6,6,-74.3097,-29.7231
63.9,0,1,23,6,11,-72.9194,-28.9625
63.9,1,0,23,6,12,-73.0755,-26.4019
63.9,2,2,23,6,12,-73.9743,-29.1524
63.9,3,2,23,6,12,-71.9926,-27.0543
63.9,4,1,23,6,12,-71.9658,-29.7624
63.9,5,0,23,6,11,-71.7044,-23.9875
63.9,6,0,23,6,12,-71.9228,-28.7834
63.9,7,1,23,6,11,-71.7348,-26.4242
63.9,8,2,23,6,11,-72.1761,-28.4086
63.9,9,2,23,6,10,-71.9205,-28.6729
63.9,10,2,23,6,4,-76.4983,-28.9935
63.9,11,0,23,6,9,-71.8083,-30.0969
63.9,12,1,23,6,9,-73.9917,-30.1518
63.9,13,1,23,6,6,-71.6548,-29.7194
63.9,14,0,23,6,6,-74.306,-29.7234
64,0,1,23,6,11,-72.9177,-28.9635
64,1,0,23,6,12,-73.0734,-26.4058
64,2,2,23,6,12,-73.9701,-29.1533
64,3,2,23,6,12,-71.9895,-27.058
64,4,1,23,6,12,-71.9609,-29.7634
64,5,0,23,6,11,-71.6986,-23.9881
64,6,0,23,6,12,-71.9151,-28.7846
64,7,1,23,6,11,-71.7226,-26.4245
64,8,2,23,6,11,-72.1612,-28.409
64,9,2,23,6,10,-71.8952,-28.6733
64,10,2,23,6,4,-76.4139,-28.8949
64,11,0,23,6,9,-71.7645,-30.0972
64,12,1,23,6,9,-73.988,-30.1521
64,13,1,23,6,6,-71.5928,-29.7193
64,14,0,23,6,6,-74.3021,-29.7235
64.1,0,1,23,6,11,-72.916,-28.9649
64.1,1,0,23,6,12,-73.0713,-26.408
64.1,2,2,23,6,12,-73.9659,-29.155
64.1,3,2,23,6,12,-71.9866,-27.0604
64.1,4,1,23,6,12,-71.9559,-29.7649
64.1,5,0,23,6,11,-71.693,-23.9893
64.1,6,0,23,6,12,-71.9073,-28.7853
64.1,7,1,23,6,11,-71.7044,-26.4249
64.1,8,2,23,6,11,-72.1459,-28.4095
64.1,9,2,23,6,10,-71.8701,-28.6736
64.1,10,2,23,6,4,-76.3289,-28.7956
64.1,11,0,23,6,9,-71.7207,-30.097
64.1,12,1,23,6,9,-73.9842,-30.1521
64.1,13,1,23,6,6,-71.5297,-29.7192
64.1,14,0,23,6,6,-74.2983,-29.724
64.2,0,1,23,6,11,-72.9141,-28.9659
64.2,1,0,23,6,12,-73.0693,-26.413
64.2,2,2,23,6,12,-73.9616,-29.1559
64.2,3,2,23,6,12,-71.9838,-27.0652
64.2,4,1,23,6,12,-71.9508,-29.7659
64.2,5,0,23,6,11,-71.6877,-23.9898
64.2,6,0,23,6,12,-71.8992,-28.786
64.2,7,1,23,6,11,-71.6927,-26.425
64.2,8,2,23,6,11,-72.1302,-28.4099
64.2,9,2,23,6,10,-71.8452,-28.6739
64.2,10,2,23,6,4,-76.2433,-28.6957
64.2,11,0,23,6,9,-71.6766,-30.0971
64.2,12,1,23,6,9,-73.9805,-30.1528
64.2,13,1,23,6,6,-71.4656,-29.7191
64.2,14,0,23,6,6,-74.2942,-29.7245
64.3,0,1,23,6,11,-72.9124,-28.9672
64.3,1,0,23,6,12,-73.0674,-26.4164
64.3,2,2,23,6,12,-73.9571,-29.1572
64.3,3,2,23,6,12,-71.9811,-27.0685
64.3,4,1,23,6,12,-71.9457,-29.7673
64.3,5,0,23,6,11,-71.6827,-23.9904
64.3,6,0,23,6,12,-71.8909,-28.7865
64.3,7,1,23,6,11,-71.6814,-26.4255
64.3,8,2,23,6,11,-72.114,-28.4104
64.3,9,2,23,6,10,-71.8207,-28.6744
64.3,10,2,23,6,4,-76.1573,-28.596
64.3,11,0,23,6,9,-71.6325,-30.0975
64.3,12,1,23,6,9,-73.9765,-30.1528
64.3,13,1,23,6,6,-71.4003,-29.7192
64.3,14,0,23,6,6,-74.2902,-29.7247
64.4,0,1,23,6,11,-72.9106,-28.9677
64.4,1,0,23,6,12,-73.0655,-26.4201
64.4,2,2,23,6,12,-73.9527,-29.1577
64.4,3,2,23,6,12,-71.9786,-27.0721
64.4,4,1,23,6,12,-71.9405,-29.768
64.4,5,0,23,6,11,-71.6778,-23.9916
64.4,6,0,23,6,12,-71.8825,-28.7872
64.4,7,1,23,6,11,-71.6706,-26.4261
64.4,8,2,23,6,11,-72.0974,-28.411
64.4,9,2,23,6,10,-71.7965,-28.6748
64.4,10,2,23,6,4,-76.0705,-28.4953
64.4,11,0,23,6,9,-71.5883,-30.0979
64.4,12,1,23,6,9,-73.9725,-30.1528
64.4,13,1,23,6,6,-71.334,-29.719
64.4,14,0,23,6,6,-74.2861,-29.7247
64.5,0,1,23,6,11,-72.9088,-28.9692
64.5,1,0,23,6,12,-73.0636,-26.4254
64.5,2,2,23,6,12,-73.9483,-29.1594
64.5,3,2,23,6,12,-71.9761,-27.0774
64.5,4,1,23,6,12,-71.935,-29.7695
64.5,5,0,23,6,11,-71.673,-23.9919
64.5,6,0,23,6,12,-71.8738,-28.7882
64.5,7,1,23,6,11,-71.6601,-26.4266
64.5,8,2,23,6,11,-72.0803,-28.4112
64.5,9,2,23,6,10,-71.7727,-28.6754
64.5,10,2,23,6,4,-75.9832,-28.3944
64.5,11,0,23,6,9,-71.5441,-30.0982
64.5,12,1,23,6,9,-73.9684,-30.1534
64.5,13,1,23,6,6,-71.2668,-29.7191
64.5,14,0,23,6,6,-74.2817,-29.725
64.6,0,1,23,6,11,-72.9069,-28.9705
64.6,1,0,23,6,12,-73.0617,-26.4294
64.6,2,2,23,6,12,-73.9435,-29.1608
64.6,3,2,23,6,12,-71.9737,-27.0813
64.6,4,1,23,6,12,-71.9293,-29.7709
64.6,5,0,23,6,11,-71.6686,-23.9934
64.6,6,0,23,6,12,-71.8644,-28.7884
64.6,7,1,23,6,11,-71.6498,-26.427
64.6,8,2,23,6,11,-72.062,-28.4117
64.6,9,2,23,6,10,-71.7491,-28.6757
64.6,10,2,23,6,4,-75.8892,-28.2865
64.6,11,0,23,6,9,-71.4998,-30.0982
64.6,12,1,23,6,9,-73.9641,-30.1535
64.6,13,1,23,6,6,-71.1986,-29.719
64.6,14,0,23,6,6,-74.2772,-29.7249
64.7,0,1,23,6,11,-72.9051,-28.9713
64.7,1,0,23,6,12,-73.06,-26.4345
64.7,2,2,23,6,12,-73.9389,-29.1616
64.7,3,2,23,6,12,-71.9714,-27.0863
64.7,4,1,23,6,12,-71.9237,-29.7718
64.7,5,0,23,6,11,-71.6643,-23.9939
64.7,6,0,23,6,12,-71.855,-28.7892
64.7,7,1,23,6,11,-71.6399,-26.427
64.7,8,2,23,6,11,-72.0433,-28.4124
64.7,9,2,23,6,10,-71.7261,-28.6757
64.7,10,2,23,6,4,-75.7954,-28.1787
64.7,11,0,23,6,9,-71.4556,-30.0979
64.7,12,1,23,6,9,-73.96,-30.1534
64.7,13,1,23,6,6,-71.1295,-29.7191
64.7,14,0,23,6,6,-74.2729,-29.7253
64.8,0,1,23,6,11,-72.9032,-28.9724
64.8,1,0,23,6,12,-73.0582,-26.4406
64.8,2,2,23,6,12,-73.9341,-29.1627
64.8,3,2,23,6,12,-71.9693,-27.0922
64.8,4,1,23,6,12,-71.9178,-29.773
64.8,5,0,23,6,11,-71.6603,-23.995
64.8,6,0,23,6,12,-71.8453,-28.7897
64.8,7,1,23,6,11,-71.6305,-26.4274
64.8,8,2,23,6,11,-72.0241,-28.4124
64.8,9,2,23,6,10,-71.7037,-28.676
64.8,10,2,23,6,4,-75.7015,-28.071
64.8,11,0,23,6,9,-71.4117,-30.0981
64.8,12,1,23,6,9,-73.9557,-30.1539
64.8,13,1,23,6,6,-71.0597,-29.7191
64.8,14,0,23,6,6,-74.2681,-29.7256
64.9,0,1,23,6,11,-72.9014,-28.9734
64.9,1,0,23,6,12,-73.0566,-26.4459
64.9,2,2,23,6,12,-73.9294,-29.1637
64.9,3,2,23,6,12,-71.9672,-27.0976
64.9,4,1,23,6,12,-71.9117,-29.774
64.9,5,0,23,6,11,-71.6565,-23.9955
64.9,6,0,23,6,12,-71.8355,-28.7907
64.9,7,1,23,6,11,-71.6215,-26.4282
64.9,8,2,23,6,11,-72.0044,-28.4131
64.9,9,2,23,6,10,-71.6817,-28.6768
64.9,10,2,23,6,4,-75.6076,-27.9639
64.9,11,0,23,6,9,-71.368,-30.0986
64.9,12,1,23,6,9,-73.9511,-30.1535
64.9,13,1,23,6,6,-70.9891,-29.7192
64.9,14,0,23,6,6,-74.2634,-29.7253
65,0,1,23,6,11,-72.8996,-28.9746
65,1,0,23,6,12,-73.055,-26.4518
65,2,2,23,6,12,-73.9246,-29.165
65,3,2,23,6,12,-71.9653,-27.1033
65,4,1,23,6,12,-71.9058,-29.7753
65,5,0,23,6,11,-71.6531,-23.9967
65,6,0,23,6,12,-71.8255,-28.7913
65,7,1,23,6,11,-71.6129,-26.4284
65,8,2,23,6,11,-71.9842,-28.4133
65,9,2,23,6,10,-71.6604,-28.677
65,10,2,23,6,4,-75.498,-27.8561
65,11,0,23,6,9,-71.3247,-30.0988
65,12,1,23,6,9,-73.9467,-30.1539
65,13,1,23,6,6,-70.9178,-29.7188
65,14,0,23,6,6,-74.2587,-29.7253
65.1,0,1,23,6,11,-72.8978,-28.9761
65.1,1,0,23,6,12,-73.0535,-26.4586
65.1,2,2,23,6,12,-73.9198,-29.1666
65.1,3,2,23,6,12,-71.9636,-27.1101
65.1,4,1,23,6,12,-71.8997,-29.7769
65.1,5,0,23,6,11,-71.6499,-23.9972
65.1,6,0,23,6,12,-71.8152,-28.7919
65.1,7,1,23,6,11,-71.6048,-26.4286
65.1,8,2,23,6,11,-71.9635,-28.4135
65.1,9,2,23,6,10,-71.6398,-28.6773
65.1,10,2,23,6,4,-75.404,-27.7483
65.1,11,0,23,6,9,-71.276,-30.0992
65.1,12,1,23,6,9,-73.9422,-30.154
65.1,13,1,23,6,6,-70.8461,-29.7187
65.1,14,0,23,6,6,-74.2538,-29.7255
65.2,0,1,23,6,11,-72.8959,-28.977
65.2,1,0,23,6,12,-73.052,-26.4649
65.2,2,2,23,6,12,-73.9151,-29.1677
65.2,3,2,23,6,12,-71.9619,-27.1163
65.2,4,1,23,6,13,-71.8934,-29.778
65.2,5,0,23,6,11,-71.6468,-23.9984
65.2,6,0,23,6,12,-71.8046,-28.7925
65.2,7,1,23,6,11,-71.5972,-26.4289
65.2,8,2,23,6,11,-71.9422,-28.4143
65.2,9,2,23,6,10,-71.6197,-28.6775
65.2,10,2,23,6,5,-75.3095,-30.2902
65.2,11,0,23,6,9,-71.2335,-30.0989
65.2,12,1,23,6,9,-73.9375,-30.1539
65.2,13,1,23,6,6,-70.7737,-29.7187
65.2,14,0,23,6,6,-74.2488,-29.7255
65.3,0,1,23,6,11,-72.894,-28.9779
65.3,1,0,23,6,12,-73.0506,-26.4724
65.3,2,2,23,6,12,-73.9101,-29.1685
65.3,3,2,23,6,12,-71.9603,-27.1236
65.3,4,1,23,6,13,-71.887,-29.7788
65.3,5,0,23,6,11,-71.6441,-23.9997
65.3,6,0,23,6,12,-71.7939,-28.7933
65.3,7,1,23,6,11,-71.59,-26.4296
65.3,8,2,23,6,11,-71.9202,-28.4146
65.3,9,2,23,6,10,-71.6004,-28.6781
65.3,10,2,23,6,5,-75.2147,-30.1982
65.3,11,0,23,6,9,-71.1917,-30.0993
65.3,12,1,23,6,9,-73.9326,-30.1537
65.3,13,1,23,6,6,-70.701,-29.7189
65.3,14,0,23,6,6,-74.2435,-29.7255
65.4,0,1,23,6,11,-72.8921,-28.9792
65.4,1,0,23,6,12,-73.0491,-26.4803
65.4,2,2,23,6,12,-73.9051,-29.1698
65.4,3,2,23,6,12,-71.9589,-27.1314
65.4,4,1,23,6,13,-71.8806,-29.7802
65.4,5,0,23,6,11,-71.6416,-24.0007
65.4,6,0,23,6,12,-71.7829,-28.7936
65.4,7,1,23,6,11,-71.5833,-26.43
65.4,8,2,23,6,11,-71.8977,-28.4146
65.4,9,2,23,6,10,-71.5818,-28.6784
65.4,10,2,23,6,5,-75.1196,-30.1056
65.4,11,0,23,6,9,-71.1504,-30.0992
65.4,12,1,23,6,9,-73.9279,-30.1544
65.4,13,1,23,6,6,-70.6281,-29.7185
65.4,14,0,23,6,6,-74.2384,-29.7254
65.5,0,1,23,6,11,-72.8904,-28.98
65.5,1,0,23,6,12,-73.0479,-26.4877
65.5,2,2,23,6,12,-73.9002,-29.1707
65.5,3,2,23,6,12,-71.9577,-27.1387
65.5,4,1,23,6,13,-71.8741,-29.7811
65.5,5,0,23,6,11,-71.6395,-24.0019
65.5,6,0,23,6,12,-71.7718,-28.7944
65.5,7,1,23,6,11,-71.5772,-26.4306
65.5,8,2,23,6,11,-71.8746,-28.415
65.5,9,2,23,6,10,-71.564,-28.6791
65.5,10,2,23,6,5,-75.024,-30.0132
65.5,11,0,23,6,9,-71.1099,-30.0995
65.5,12,1,23,6,9,-73.9229,-30.154
65.5,13,1,23,6,6,-70.555,-29.7186
65.5,14,0,23,6,6,-74.2331,-29.7249
65.6,0,0,23,6,11,-72.8885,-28.9816
65.6,1,1,23,6,12,-73.0467,-26.4974
65.6,2,2,23,6,12,-73.8952,-29.1723
65.6,3,2,23,6,12,-71.9565,-27.1483
65.6,4,0,23,6,13,-71.8674,-29.7827
65.6,5,1,23,6,11,-71.6375,-24.0023
65.6,6,1,23,6,12,-71.7603,-28.7945
65.6,7,0,23,6,11,-71.5715,-26.4306
65.6,8,2,23,6,11,-71.8509,-28.415
65.6,9,2,23,6,10,-71.5471,-28.6791
65.6,10,2,23,6,5,-74.9281,-29.921
65.6,11,1,23,6,9,-71.0702,-30.0997
65.6,12,0,23,6,9,-73.9074,-30.1542
65.6,13,0,23,6,6,-70.4817,-29.7187
65.6,14,1,23,6,6,-74.2277,-29.7253
65.7,0,0,23,6,11,-72.8867,-28.9824
65.7,1,1,23,6,12,-73.0455,-26.5065
65.7,2,2,23,6,12,-73.8901,-29.1731
65.7,3,2,23,6,12,-71.9555,-27.1573
65.7,4,0,23,6,13,-71.8606,-29.7836
65.7,5,1,23,6,11,-71.6358,-24.0034
65.7,6,1,23,6,12,-71.7487,-28.7955
65.7,7,0,23,6,11,-71.5663,-26.4311
65.7,8,2,23,6,11,-71.8264,-28.4153
65.7,9,2,23,6,10,-71.531,-28.6796
65.7,10,2,23,6,5,-74.8313,-29.8281
65.7,11,1,23,6,9,-71.0313,-30.1
65.7,12,0,23,6,9,-73.9023,-30.1541
65.7,13,0,23,6,6,-70.4085,-29.7186
65.7,14,1,23,6,6,-74.2222,-29.7248
65.8,0,0,23,6,11,-72.8847,-28.9834
65.8,1,1,23,6,12,-73.0443,-26.5163
65.8,2,2,23,6,12,-73.885,-29.1742
65.8,3,2,23,6,12,-71.9546,-27.1669
65.8,4,0,23,6,13,-71.8538,-29.7847
65.8,5,1,23,6,11,-71.6344,-24.0055
65.8,6,1,23,6,12,-71.7366,-28.7959
65.8,7,0,23,6,11,-71.5617,-26.4315
65.8,8,2,23,6,11,-71.8013,-28.4159
65.8,9,2,23,6,10,-71.5157,-28.68
65.8,10,2,23,6,5,-74.7343,-29.7349
65.8,11,1,23,6,9,-70.9934,-30.0999
65.8,12,0,23,6,9,-73.8971,-30.1537
65.8,13,0,23,6,6,-70.3354,-29.7186
65.8,14,1,23,6,6,-74.2165,-29.725
65.9,0,0,23,6,11,-72.8828,-28.9844
65.9,1,1,23,6,12,-73.0432,-26.5265
65.9,2,2,23,6,12,-73.88,-29.1754
65.9,3,2,23,6,12,-71.9537,-27.1769
65.9,4,0,23,6,13,-71.8467,-29.7857
65.9,5,1,23,6,11,-71.6333,-24.0067
65.9,6,1,23,6,12,-71.7244,-28.7964
65.9,7,0,23,6,11,-71.5576,-26.4324
65.9,8,2,23,6,11,-71.7753,-28.416
65.9,9,2,23,6,10,-71.5014,-28.6809
65.9,10,2,23,6,5,-74.6365,-29.6419
65.9,11,1,23,6,9,-70.9566,-30.1004
65.9,12,0,23,6,9,-73.8918,-30.1536
65.9,13,0,23,6,6,-70.2627,-29.7185
65.9,14,1,23,6,6,-74.2109,-29.7243
66,0,0,23,6,11,-72.881,-28.9854
66,1,1,23,6,12,-73.0422,-26.5373
66,2,2,23,6,12,-73.8747,-29.1763
66,3,2,23,6,12,-71.953,-27.1875
66,4,0,23,6,13,-71.8396,-29.7867
66,5,1,23,6,11,-71.6323,-24.0072
66,6,1,23,6,12,-71.7119,-28.7966
66,7,0,23,6,11,-71.554,-26.4324
66,8,2,23,6,11,-71.7487,-28.4159
66,9,2,23,6,10,-71.488,-28.6808
66,10,2,23,6,5,-74.5381,-29.5485
66,11,1,23,6,9,-70.9208,-30.1006
66,12,0,23,6,9,-73.8866,-30.1538
66,13,0,23,6,6,-70.1904,-29.7185
66,14,1,23,6,6,-74.2052,-29.7244
66.1,0,0,23,6,11,-72.8788,-28.986
66.1,1,1,23,6,12,-73.041,-26.5494
66.1,2,2,23,6,12,-73.8694,-29.1771
66.1,3,2,23,6,12,-71.9523,-27.1994
66.1,4,0,23,6,13,-71.8324,-29.7877
66.1,5,1,23,6,11,-71.6316,-24.0083
66.1,6,1,23,6,12,-71.6991,-28.797
66.1,7,0,23,6,11,-71.5509,-26.4326
66.1,8,2,23,6,11,-71.7213,-28.4163
66.1,9,2,23,6,10,-71.4755,-28.6811
66.1,10,2,23,6,5,-74.439,-29.4546
66.1,11,1,23,6,9,-70.8862,-30.1008
66.1,12,0,23,6,9,-73.8813,-30.1538
66.1,13,0,23,6,6,-70.1185,-29.7187
66.1,14,1,23,6,6,-74.1993,-29.7242
66.2,0,0,23,6,11,-72.877,-28.9872
66.2,1,1,23,6,12,-73.0399,-26.5615
66.2,2,2,23,6,12,-73.8641,-29.1784
66.2,3,2,23,6,12,-71.9518,-27.2114
66.2,4,0,23,6,13,-71.825,-29.7889
66.2,5,1,23,6,11,-71.6311,-24.0095
66.2,6,1,23,6,12,-71.686,-28.7977
66.2,7,0,23,6,11,-71.5483,-26.433
66.2,8,2,23,6,11,-71.693,-28.4165
66.2,9,2,23,6,10,-71.4641,-28.6815
66.2,10,2,23,6,5,-74.3391,-29.3608
66.2,11,1,23,6,9,-70.8528,-30.101
66.2,12,0,23,6,9,-73.876,-30.1537
66.2,13,0,23,6,6,-70.0474,-29.7186
66.2,14,1,23,6,6,-74.1936,-29.724
66.3,0,0,23,6,11,-72.8749,-28.9881
66.3,1,1,23,6,12,-73.0389,-26.575
66.3,2,2,23,6,12,-73.8587,-29.1793
66.3,3,2,23,6,12,-71.9513,-27.2248
66.3,4,0,23,6,13,-71.8175,-29.7898
66.3,5,1,23,6,11,-71.6309,-24.0114
66.3,6,1,23,6,12,-71.6725,-28.7978
66.3,7,0,23,6,11,-71.5463,-26.434
66.3,8,2,23,6,11,-71.6638,-28.4164
66.3,9,2,23,6,10,-71.4536,-28.6823
66.3,10,2,23,6,5,-74.2385,-29.266
66.3,11,1,23,6,9,-70.8208,-30.1011
66.3,12,0,23,6,9,-73.8705,-30.1539
66.3,13,0,23,6,6,-69.9771,-29.7183
66.3,14,1,23,6,6,-74.1875,-29.7235
66.4,0,0,23,6,11,-72.8729,-28.9888
66.4,1,1,23,6,12,-73.0379,-26.5889
66.4,2,2,23,6,12,-73.8532,-29.18
66.4,3,2,23,6,12,-71.951,-27.2383
66.4,4,0,23,6,13,-71.81,-29.7907
66.4,5,1,23,6,11,-71.631,-24.0129
66.4,6,1,23,6,12,-71.6587,-28.798
66.4,7,0,23,6,11,-71.5447,-26.4342
66.4,8,2,23,6,11,-71.6339,-28.4168
66.4,9,2,23,6,10,-71.4442,-28.6827
66.4,10,2,23,6,5,-74.1371,-29.1711
66.4,11,1,23,6,9,-70.7903,-30.1013
66.4,12,0,23,6,9,-73.8649,-30.1535
66.4,13,0,23,6,6,-69.9078,-29.7185
66.4,14,1,23,6,6,-74.1814,-29.7231
66.5,0,0,23,6,11,-72.8708,-28.9895
66.5,1,1,23,6,12,-73.0369,-26.6042
66.5,2,2,23,6,12,-73.8476,-29.1807
66.5,3,2,23,6,12,-71.9508,-27.2534
66.5,4,0,23,6,13,-71.8022,-29.7914
66.5,5,1,23,6,11,-71.6312,-24.0146
66.5,6,1,23,6,12,-71.6447,-28.798
66.5,7,0,23,6,11,-71.5438,-26.4345
66.5,8,2,23,6,11,-71.6028,-28.4169
66.5,9,2,23,6,10,-71.4358,-28.6828
66.5,10,2,23,6,5,-74.0348,-29.0758
66.5,11,1,23,6,9,-70.7612,-30.1014
66.5,12,0,23,6,9,-73.8595,-30.1533
66.5,13,0,23,6,6,-69.8396,-29.7184
66.5,14,1,23,6,6,-74.1752,-29.7234
66.6,0,0,23,6,11,-72.8688,-28.9904
66.6,1,1,23,6,12,-73.036,-26.6205
66.6,2,2,23,6,12,-73.8422,-29.1818
66.6,3,2,23,6,12,-71.9506,-27.2694
66.6,4,0,23,6,13,-71.7943,-29.7924
66.6,5,1,23,6,11,-71.6317,-24.0153
66.6,6,1,23,6,12,-71.6303,-28.7985
66.6,7,0,23,6,11,-71.5434,-26.4348
66.6,8,2,23,6,11,-71.571,-28.4169
66.6,9,2,23,6,10,-71.4285,-28.6831
66.6,10,2,23,6,5,-73.9318,-28.9804
66.6,11,1,23,6,9,-70.7336,-30.1017
66.6,12,0,23,6,9,-73.854,-30.1534
66.6,13,0,23,6,6,-69.7728,-29.7184
66.6,14,1,23,6,6,-74.1691,-29.7229
66.7,0,0,23,6,11,-72.8667,-28.9909
66.7,1,1,23,6,12,-73.035,-26.6369
66.7,2,2,23,6,12,-73.8365,-29.1823
66.7,3,2,23,6,12,-71.9505,-27.2857
66.7,4,0,23,6,13,-71.7863,-29.7929
66.7,5,1,23,6,11,-71.6324,-24.0172
66.7,6,1,23,6,12,-71.6156,-28.7987
66.7,7,0,23,6,11,-71.5435,-26.4353
66.7,8,2,23,6,11,-71.538,-28.4171
66.7,9,2,23,6,10,-71.4222,-28.6836
66.7,10,2,23,6,5,-73.8278,-28.8841
66.7,11,1,23,6,9,-70.7077,-30.1016
66.7,12,0,23,6,9,-73.8483,-30.1534
66.7,13,0,23,6,6,-69.7075,-29.7182
66.7,14,1,23,6,6,-74.1629,-29.7229
66.8,0,0,23,6,11,-72.8646,-28.9921
66.8,1,1,23,6,12,-73.0342,-26.6546
66.8,2,2,23,6,12,-73.8308,-29.1835
66.8,3,2,23,6,12,-71.9505,-27.3031
66.8,4,0,23,6,13,-71.778,-29.794
66.8,5,1,23,6,11,-71.6333,-24.0186
66.8,6,1,23,6,12,-71.6005,-28.7991
66.8,7,0,23,6,11,-71.5441,-26.436
66.8,8,2,23,6,11,-71.5041,-28.417
66.8,9,2,23,6,10,-71.4171,-28.6843
66.8,10,2,23,6,5,-73.723,-28.7878
66.8,11,1,23,6,9,-70.6835,-30.1019
66.8,12,0,23,6,9,-73.8425,-30.153
66.8,13,0,23,6,6,-69.6437,-29.7183
66.8,14,1,23,6,6,-74.1567,-29.7226
66.9,0,0,23,6,11,-72.8625,-28.9925
66.9,1,1,23,6,12,-73.0332,-26.6743
66.9,2,2,23,6,12,-73.8248,-29.1838
66.9,3,2,23,6,12,-71.9506,-27.3224
66.9,4,0,23,6,13,-71.7698,-29.7945
66.9,5,1,23,6,11,-71.6344,-24.02
66.9,6,1,23,6,12,-71.585,-28.799
66.9,7,0,23,6,11,-71.5451,-26.4361
66.9,8,2,23,6,11,-71.4691,-28.417
66.9,9,2,23,6,10,-71.413,-28.6844
66.9,10,2,23,6,5,-73.6172,-28.6912
66.9,11,1,23,6,9,-70.661,-30.1023
66.9,12,0,23,6,9,-73.8367,-30.1528
66.9,13,0,23,6,6,-69.5817,-29.7183
66.9,14,1,23,6,6,-74.1502,-29.7222
67,0,0,23,6,11,-72.8603,-28.993
67,1,1,23,6,12,-73.0323,-26.6953
67,2,2,23,6,12,-73.8189,-29.1844
67,3,2,23,6,12,-71.9506,-27.3429
67,4,0,23,6,13,-71.7613,-29.7951
67,5,1,23,6,11,-71.6357,-24.0216
67,6,1,23,6,12,-71.569,-28.7994
67,7,0,23,6,11,-71.5467,-26.4367
67,8,2,23,6,11,-71.433,-28.4172
67,9,2,23,6,10,-71.41,-28.685
67,10,2,23,6,5,-73.5104,-28.594
67,11,1,23,6,9,-70.6404,-30.1026
67,12,0,23,6,9,-73.8309,-30.1528
67,13,0,23,6,6,-69.5217,-29.7182
67,14,1,23,6,6,-74.1437,-29.722
67.1,0,0,23,6,11,-72.8579,-28.9936
67.1,1,1,23,6,12,-73.0312,-26.7174
67.1,2,2,23,6,12,-73.8129,-29.1851
67.1,3,2,23,6,12,-71.9507,-27.3648
67.1,4,0,23,6,13,-71.7527,-29.7959
67.1,5,1,23,6,11,-71.6371,-24.0241
67.1,6,1,23,6,12,-71.5527,-28.7994
67.1,7,0,23,6,11,-71.5487,-26.4377
67.1,8,2,23,6,11,-71.3954,-28.4171
67.1,9,2,23,6,10,-71.4082,-28.686
67.1,10,2,23,6,5,-73.4025,-28.4958
67.1,11,1,23,6,9,-70.6214,-30.1024
67.1,12,0,23,6,9,-73.8251,-30.1525
67.1,13,0,23,6,6,-69.4638,-29.718
67.1,14,1,23,6,6,-74.1372,-29.7216
67.2,0,0,23,6,11,-72.8555,-28.9936
67.2,1,1,23,6,12,-73.0302,-26.7414
67.2,2,2,23,6,12,-73.8067,-29.1853
67.2,3,2,23,6,12,-71.9508,-27.3884
67.2,4,0,23,6,13,-71.7439,-29.7961
67.2,5,1,23,6,11,-71.6388,-24.0251
67.2,6,1,23,6,12,-71.536,-28.7993
67.2,7,0,23,6,11,-71.5512,-26.4376
67.2,8,2,23,6,11,-71.3569,-28.4173
67.2,9,2,23,6,10,-71.4072,-28.6859
67.2,10,2,23,6,5,-73.2936,-28.3981
67.2,11,1,23,6,9,-70.6045,-30.103
67.2,12,0,23,6,9,-73.8193,-30.1529
67.2,13,0,23,6,6,-69.4081,-29.7183
67.2,14,1,23,6,6,-74.1308,-29.7218
67.3,0,0,23,6,11,-72.8532,-28.9944
67.3,1,1,23,6,12,-73.0292,-26.7662
67.3,2,2,23,6,12,-73.8005,-29.1861
67.3,3,2,23,6,12,-71.951,-27.4127
67.3,4,0,23,6,13,-71.7351,-29.797
67.3,5,1,23,6,11,-71.6406,-24.0272
67.3,6,1,23,6,12,-71.5189,-28.7994
67.3,7,0,23,6,11,-71.5542,-26.4381
67.3,8,2,23,6,11,-71.3171,-28.4172
67.3,9,2,23,6,10,-71.4075,-28.6863
67.3,10,2,23,6,5,-73.1837,-28.2995
67.3,11,1,23,6,9,-70.5895,-30.1032
67.3,12,0,23,6,9,-73.8133,-30.1527
67.3,13,0,23,6,6,-69.3549,-29.7181
67.3,14,1,23,6,6,-74.1242,-29.7215
67.4,0,0,23,6,11,-72.8508,-28.9943
67.4,1,1,23,6,12,-73.0283,-26.7937
67.4,2,2,23,6,12,-73.7942,-29.1861
67.4,3,2,23,6,12,-71.9514,-27.4397
67.4,4,0,23,6,13,-71.7259,-29.797
67.4,5,1,23,6,11,-71.6427,-24.0289
67.4,6,1,23,6,12,-71.5014,-28.7994
67.4,7,0,23,6,11,-71.5577,-26.4386
67.4,8,2,23,6,11,-71.276,-28.4172
67.4,9,2,23,6,10,-71.4089,-28.6868
67.4,10,2,23,6,5,-73.0725,-28.2001
67.4,11,1,23,6,9,-70.5765,-30.1035
67.4,12,0,23,6,9,-73.8073,-30.1526
67.4,13,0,23,6,6,-69.3043,-29.7182
67.4,14,1,23,6,6,-74.1176,-29.7214
67.5,0,0,23,6,11,-72.8484,-28.9945
67.5,1,1,23,6,12,-73.0271,-26.823
67.5,2,2,23,6,12,-73.7877,-29.1862
67.5,3,2,23,6,12,-71.9517,-27.4686
67.5,4,0,23,6,13,-71.7165,-29.797
67.5,5,1,23,6,11,-71.6448,-24.0313
67.5,6,1,23,6,12,-71.4833,-28.7997
67.5,7,0,23,6,11,-71.5615,-26.4391
67.5,8,2,23,6,11,-71.2335,-28.4175
67.5,9,2,23,6,10,-71.4113,-28.6873
67.5,10,2,23,6,5,-72.9604,-28.1004
67.5,11,1,23,6,9,-70.5656,-30.1035
67.5,12,0,23,6,9,-73.8013,-30.1524
67.5,13,0,23,6,6,-69.2563,-29.718
67.5,14,1,23,6,6,-74.1107,-29.721
67.6,0,0,23,6,11,-72.8375,-28.9946
67.6,1,1,23,6,12,-73.0261,-26.8545
67.6,2,2,23,6,12,-73.7812,-29.1864
67.6,3,2,23,6,12,-71.952,-27.4994
67.6,4,0,23,6,13,-71.707,-29.7972
67.6,5,1,23,6,11,-71.6471,-24.0336
67.6,6,1,23,6,12,-71.4647,-28.7991
67.6,7,0,23,6,11,-71.5658,-26.4395
67.6,8,2,23,6,11,-71.1895,-28.4172
67.6,9,2,23,6,10,-71.4149,-28.6877
67.6,10,2,23,6,5,-72.8469,-28.0002
67.6,11,1,23,6,9,-70.5567,-30.1037
67.6,12,0,23,6,9,-73.7952,-30.1521
67.6,13,0,23,6,6,-69.2114,-29.718
67.6,14,1,23,6,6,-74.1039,-29.721
67.7,0,0,23,6,11,-72.835,-28.9951
67.7,1,1,23,6,12,-73.0251,-26.8884
67.7,2,2,23,6,12,-73.7746,-29.1868
67.7,3,2,23,6,12,-71.9524,-27.5326
67.7,4,0,23,6,13,-71.6974,-29.7977
67.7,5,1,23,6,11,-71.6495,-24.0353
67.7,6,1,23,6,12,-71.4458,-28.7994
67.7,7,0,23,6,11,-71.5706,-26.44
67.7,8,2,23,6,11,-71.1442,-28.4171
67.7,9,2,23,6,10,-71.4195,-28.6881
67.7,10,2,23,6,5,-72.7324,-27.8994
67.7,11,1,23,6,9,-70.5498,-30.1038
67.7,12,0,23,6,9,-73.7893,-30.152
67.7,13,0,23,6,6,-69.1658,-29.7182
67.7,14,1,23,6,6,-74.0972,-29.7211
67.8,0,0,23,6,11,-72.8323,-28.995
67.8,1,1,23,6,12,-73.0239,-26.9248
67.8,2,2,23,6,13,-73.7678,-29.1869
67.8,3,2,23,6,12,-71.9527,-27.5683
67.8,4,0,23,6,13,-71.6875,-29.7977
67.8,5,1,23,6,11,-71.6521,-24.0379
67.8,6,1,23,6,12,-71.4261,-28.7991
67.8,7,0,23,6,11,-71.5757,-26.4409
67.8,8,2,23,6,11,-72.5033,-28.4147
67.8,9,2,23,6,10,-71.425,-28.6891
67.8,10,2,23,6,6,-74.7806,-30.5537
67.8,11,1,23,6,9,-70.545,-30.1039
67.8,12,0,23,6,9,-73.7831,-30.1522
67.8,13,0,23,6,6,-69.127,-29.7179
67.8,14,1,23,6,6,-74.0902,-29.7203
67.9,0,0,23,6,11,-72.8295,-28.9954
67.9,1,1,23,6,12,-73.014,-26.9638
67.9,2,2,23,6,13,-73.7609,-29.1873
67.9,3,2,23,6,12,-71.9531,-27.6067
67.9,4,0,23,6,13,-71.6776,-29.7983
67.9,5,1,23,6,11,-71.6548,-24.0404
67.9,6,1,23,6,12,-71.4061,-28.7989
67.9,7,0,23,6,11,-71.5812,-26.4416
67.9,8,2,23,6,11,-72.4991,-28.4147
67.9,9,2,23,6,10,-71.4317,-28.6898
67.9,10,2,23,6,6,-74.6932,-30.4684
67.9,11,1,23,6,9,-70.5423,-30.1047
67.9,12,0,23,6,9,-73.7769,-30.1515
67.9,13,0,23,6,6,-69.0914,-29.7179
67.9,14,1,23,6,6,-74.0833,-29.7204
68,0,0,23,6,11,-72.8266,-28.995
68,1,1,23,6,12,-73.0126,-27.0051
68,2,2,23,6,13,-73.7538,-29.187
68,3,2,23,6,12,-71.9533,-27.6472
68,4,0,23,6,13,-71.6672,-29.798
68,5,1,23,6,11,-71.6575,-24.0424
68,6,1,23,6,12,-71.3854,-28.7989
68,7,0,23,6,11,-71.5871,-26.4419
68,8,2,23,6,11,-72.495,-28.4143
68,9,2,23,6,10,-71.4392,-28.6901
68,10,2,23,6,6,-74.6052,-30.3823
68,11,1,23,6,9,-70.5416,-30.1048
68,12,0,23,6,9,-73.7705,-30.1521
68,13,0,23,6,6,-69.0592,-29.7178
68,14,1,23,6,6,-74.0762,-29.72
68.1,0,2,23,6,11,-72.8238,-28.9948
68.1,1,0,23,6,12,-73.0113,-27.0505
68.1,2,1,23,6,13,-73.7467,-29.1867
68.1,3,2,23,6,12,-71.9539,-27.6918
68.1,4,0,23,6,13,-71.6567,-29.7978
68.1,5,0,23,6,11,-71.6605,-24.0451
68.1,6,2,23,6,12,-71.3643,-28.7986
68.1,7,1,23,6,11,-71.5933,-26.4424
68.1,8,1,23,6,11,-72.4909,-28.4143
68.1,9,2,23,6,10,-71.4478,-28.6906
68.1,10,1,23,6,6,-74.5165,-30.2962
68.1,11,0,23,6,9,-70.5431,-30.1046
68.1,12,0,23,6,9,-73.7643,-30.1519
68.1,13,1,23,6,6,-69.0305,-29.718
68.1,14,2,23,6,6,-74.0692,-29.7202
68.2,0,2,23,6,11,-72.8209,-28.9948
68.2,1,0,23,6,12,-73.0099,-27.0992
68.2,2,1,23,6,13,-73.7394,-29.1868
68.2,3,2,23,6,12,-71.9474,-27.7398
68.2,4,0,23,6,13,-71.646,-29.7978
68.2,5,0,23,6,11,-71.6635,-24.048
68.2,6,2,23,6,12,-71.3425,-28.7982
68.2,7,1,23,6,11,-71.5999,-26.4432
68.2,8,1,23,6,11,-72.4868,-28.4143
68.2,9,2,23,6,10,-71.4573,-28.6912
68.2,10,1,23,6,6,-74.4272,-30.2093
68.2,11,0,23,6,9,-70.5467,-30.105
68.2,12,0,23,6,9,-73.7581,-30.1518
68.2,13,1,23,6,6,-69.0055,-29.7178
68.2,14,2,23,6,6,-74.0621,-29.72
68.3,0,2,23,6,11,-72.8179,-28.9947
68.3,1,0,23,6,12,-73.0085,-27.1517
68.3,2,1,23,6,13,-73.732,-29.1867
68.3,3,2,23,6,12,-71.9476,-27.7911
68.3,4,0,23,6,13,-71.6351,-29.7977
68.3,5,0,23,6,11,-71.6665,-24.0509
68.3,6,2,23,6,12,-71.32,-28.7981
68.3,7,1,23,6,11,-71.6068,-26.4435
68.3,8,1,23,6,11,-72.4826,-28.4139
68.3,9,2,23,6,10,-71.4678,-28.6917
68.3,10,1,23,6,6,-74.3375,-30.1225
68.3,11,0,23,6,9,-70.5523,-30.1053
68.3,12,0,23,6,9,-73.7518,-30.1517
68.3,13,1,23,6,6,-68.984,-29.7178
68.3,14,2,23,6,6,-74.0549,-29.7199
68.4,0,2,23,6,11,-72.8149,-28.9942
68.4,1,0,23,6,12,-73.0071,-27.2087
68.4,2,1,23,6,13,-73.7244,-29.1862
68.4,3,2,23,6,12,-71.948,-27.8471
68.4,4,0,23,6,13,-71.6239,-29.7973
68.4,5,0,23,6,11,-71.6697,-24.0532
68.4,6,2,23,6,12,-71.297,-28.7977
68.4,7,1,23,6,11,-71.614,-26.4439
68.4,8,1,23,6,11,-72.4785,-28.4139
68.4,9,2,23,6,10,-71.4791,-28.6921
68.4,10,1,23,6,6,-74.2469,-30.0353
68.4,11,0,23,6,9,-70.56,-30.1054
68.4,12,0,23,6,9,-73.7455,-30.1515
68.4,13,1,23,6,6,-68.9663,-29.7177
68.4,14,2,23,6,6,-74.0477,-29.7201
68.5,0,2,23,6,11,-72.8118,-28.994
68.5,1,0,23,6,12,-73.0055,-27.2698
68.5,2,1,23,6,13,-73.7166,-29.186
68.5,3,2,23,6,12,-71.9484,-27.9072
68.5,4,0,23,6,13,-71.6124,-29.7971
68.5,5,0,23,6,11,-71.6729,-24.0563
68.5,6,2,23,6,12,-71.2733,-28.7976
68.5,7,1,23,6,11,-71.6215,-26.4448
68.5,8,1,23,6,11,-72.4743,-28.4135
68.5,9,2,23,6,10,-71.4913,-28.693
68.5,10,1,23,6,6,-74.1557,-29.9474
68.5,11,0,23,6,9,-70.5697,-30.1059
68.5,12,0,23,6,9,-73.7388,-30.1514
68.5,13,1,23,6,6,-68.9525,-29.7178
68.5,14,2,23,6,6,-74.0293,-29.7198
68.6,0,2,23,6,11,-72.8084,-28.9935
68.6,1,0,23,6,12,-73.0039,-27.3361
68.6,2,1,23,6,13,-73.7088,-29.1857
68.6,3,2,23,6,12,-71.9486,-27.9724
68.6,4,0,23,6,13,-71.6008,-29.7968
68.6,5,0,23,6,11,-71.6697,-24.0598
68.6,6,2,23,6,12,-71.2488,-28.7973
68.6,7,1,23,6,11,-71.6292,-26.4457
68.6,8,1,23,6,11,-72.47,-28.4134
68.6,9,2,23,6,10,-71.5043,-28.6938
68.6,10,1,23,6,6,-74.0639,-29.8597
68.6,11,0,23,6,9,-70.5814,-30.106
68.6,12,0,23,6,9,-73.7324,-30.1512
68.6,13,1,23,6,6,-68.9424,-29.7178
68.6,14,2,23,6,6,-74.0219,-29.7199
68.7,0,2,23,6,11,-72.8051,-28.9928
68.7,1,0,23,6,12,-73.0021,-27.4107
68.7,2,1,23,6,13,-73.7006,-29.1849
68.7,3,2,23,6,12,-71.9489,-28.0456
68.7,4,0,23,6,13,-71.5889,-29.7961
68.7,5,0,23,6,11,-71.673,-24.0625
68.7,6,2,23,6,12,-71.224,-28.7966
68.7,7,1,23,6,11,-71.6371,-26.4458
68.7,8,1,23,6,11,-72.4658,-28.4132
68.7,9,2,23,6,10,-71.5181,-28.694
68.7,10,1,23,6,6,-73.9728,-29.772
68.7,11,0,23,6,9,-70.595,-30.1066
68.7,12,0,23,6,9,-73.7259,-30.1517
68.7,13,1,23,6,6,-68.9363,-29.7177
68.7,14,2,23,6,6,-74.0145,-29.7198
68.8,0,2,23,6,11,-72.8016,-28.9922
68.8,1,0,23,6,12,-73.0004,-27.4911
68.8,2,1,23,6,13,-73.6924,-29.1845
68.8,3,2,23,6,12,-71.949,-28.1244
68.8,4,0,23,6,13,-71.5768,-29.7957
68.8,5,0,23,6,11,-71.6764,-24.066
68.8,6,2,23,6,12,-71.1983,-28.7964
68.8,7,1,23,6,11,-71.6455,-26.4466
68.8,8,1,23,6,11,-72.4614,-28.4132
68.8,9,2,23,6,10,-71.5327,-28.6947
68.8,10,1,23,6,6,-73.8808,-29.6841
68.8,11,0,23,6,9,-70.6105,-30.107
68.8,12,0,23,6,9,-73.7193,-30.1513
68.8,13,1,23,6,6,-68.9341,-29.7178
68.8,14,2,23,6,6,-74.0069,-29.7197
68.9,0,2,23,6,11,-72.7982,-28.9916
68.9,1,0,23,6,12,-72.9986,-27.5775
68.9,2,1,23,6,13,-73.6739,-29.1838
68.9,3,2,23,6,12,-71.9493,-28.2095
68.9,4,0,23,6,13,-71.5644,-29.7951
68.9,5,0,23,6,11,-71.6798,-24.0698
68.9,6,2,23,6,12,-71.172,-28.7961
68.9,7,1,23,6,11,-71.6539,-26.4474
68.9,8,1,23,6,11,-72.4572,-28.4127
68.9,9,2,23,6,10,-71.5481,-28.6955
68.9,10,1,23,6,6,-73.7876,-29.5954
68.9,11,0,23,6,9,-70.628,-30.1069
68.9,12,0,23,6,9,-73.7127,-30.1513
68.9,13,1,23,6,6,-68.9358,-29.718
68.9,14,2,23,6,6,-73.9994,-29.7198
69,0,2,23,6,11,-72.7947,-28.9906
69,1,0,23,6,12,-72.9967,-27.6715
69,2,1,23,6,13,-73.6653,-29.1829
69,3,2,23,6,12,-71.9495,-28.302
69,4,0,23,6,13,-71.5517,-29.7942
69,5,0,23,6,11,-71.6833,-24.0744
69,6,2,23,6,12,-71.1449,-28.7958
69,7,1,23,6,11,-71.6563,-26.4484
69,8,1,23,6,11,-72.4453,-28.4127
69,9,2,23,6,10,-71.5641,-28.6964
69,10,1,23,6,6,-73.6936,-29.5062
69,11,0,23,6,9,-70.6472,-30.1072
69,12,0,23,6,9,-73.7061,-30.1513
69,13,1,23,6,6,-68.9413,-29.7177
69,14,2,23,6,6,-73.9918,-29.7197
69.1,0,2,23,6,11,-72.791,-28.9899
69.1,1,0,23,6,12,-72.9947,-27.7731
69.1,2,1,23,6,13,-73.6564,-29.1822
69.1,3,2,23,6,12,-71.9497,-28.4019
69.1,4,0,23,6,13,-71.5387,-29.7935
69.1,5,0,23,6,11,-71.6867,-24.0778
69.1,6,2,23,6,12,-71.1168,-28.7953
69.1,7,1,23,6,11,-71.6651,-26.4491
69.1,8,1,23,6,11,-72.441,-28.4125
69.1,9,2,23,6,10,-71.5807,-28.697
69.1,10,1,23,6,6,-73.5987,-29.4167
69.1,11,0,23,6,9,-70.6683,-30.1075
69.1,12,0,23,6,9,-73.6994,-30.1513
69.1,13,1,23,6,6,-68.9508,-29.7177
69.1,14,2,23,6,6,-73.9841,-29.7199
69.2,0,2,23,6,11,-72.7873,-28.9895
69.2,1,0,23,6,12,-72.9926,-27.8828
69.2,2,1,23,6,13,-73.6474,-29.1818
69.2,3,2,23,6,12,-71.9497,-28.5098
69.2,4,0,23,6,13,-71.5254,-29.7931
69.2,5,0,23,6,11,-71.6902,-24.0828
69.2,6,2,23,6,12,-71.0879,-28.7951
69.2,7,1,23,6,11,-71.674,-26.4499
69.2,8,1,23,6,11,-72.4366,-28.4122
69.2,9,2,23,6,10,-71.598,-28.6979
69.2,10,1,23,6,6,-73.5029,-29.3268
69.2,11,0,23,6,9,-70.691,-30.1074
69.2,12,0,23,6,9,-73.6926,-30.1508
69.2,13,1,23,6,6,-68.9641,-29.7177
69.2,14,2,23,6,6,-73.9763,-29.7199
69.3,0,2,23,6,11,-72.7835,-28.9888
69.3,1,0,23,6,12,-72.9905,-28.0012
69.3,2,1,23,6,13,-73.6382,-29.1811
69.3,3,2,23,6,12,-71.9497,-28.6264
69.3,4,0,23,6,13,-71.5117,-29.7924
69.3,5,0,23,6,11,-71.6935,-24.0866
69.3,6,2,23,6,12,-71.058,-28.7942
69.3,7,1,23,6,11,-71.6831,-26.4506
69.3,8,1,23,6,11,-72.4324,-28.4121
69.3,9,2,23,6,10,-71.6159,-28.6987
69.3,10,1,23,6,6,-73.4063,-29.2363
69.3,11,0,23,6,9,-70.7153,-30.1081
69.3,12,0,23,6,9,-73.6858,-30.1508
69.3,13,1,23,6,6,-68.9813,-29.7177
69.3,14,2,23,6,6,-73.9685,-29.7198
69.4,0,2,23,6,11,-72.7795,-28.988
69.4,1,0,23,6,12,-72.9882,-28.1286
69.4,2,1,23,6,13,-73.6287,-29.1802
69.4,3,2,23,6,12,-71.9496,-28.7519
69.4,4,0,23,6,13,-71.4977,-29.7916
69.4,5,0,23,6,11,-71.6969,-24.0913
69.4,6,2,23,6,12,-71.0271,-28.7938
69.4,7,1,23,6,11,-71.6922,-26.4514
69.4,8,1,23,6,11,-72.4279,-28.4116
69.4,9,2,23,6,10,-71.6279,-28.6995
69.4,10,1,23,6,6,-73.3087,-29.1455
69.4,11,0,23,6,9,-70.7411,-30.1086
69.4,12,0,23,6,9,-73.6788,-30.1507
69.4,13,1,23,6,6,-69.002,-29.7175
69.4,14,2,23,6,6,-73.9604,-29.7199
69.5,0,2,23,6,11,-72.7754,-28.987
69.5,1,0,23,6,12,-72.9857,-28.266
69.5,2,1,23,6,13,-73.6191,-29.1794
69.5,3,2,23,6,12,-71.9495,-28.8873
69.5,4,0,23,6,13,-71.4834,-29.7907
69.5,5,0,23,6,11,-71.7002,-24.0962
69.5,6,2,23,6,12,-70.9954,-28.7934
69.5,7,1,23,6,11,-71.7015,-26.4519
69.5,8,1,23,6,11,-72.4235,-28.4115
69.5,9,2,23,6,10,-71.6466,-28.6999
69.5,10,1,23,6,6,-73.201,-29.0542
69.5,11,0,23,6,9,-70.7684,-30.1087
69.5,12,0,23,6,9,-73.672,-30.1508
69.5,13,1,23,6,6,-69.0264,-29.7176
69.5,14,2,23,6,6,-73.9524,-29.7199
69.6,0,2,23,6,11,-72.7713,-28.9859
69.6,1,0,23,6,12,-72.9833,-28.4143
69.6,2,1,23,6,13,-73.6092,-29.1782
69.6,3,2,23,6,12,-71.9492,-29.0334
69.6,4,0,23,6,13,-71.4687,-29.7897
69.6,5,0,23,6,11,-71.7037,-24.1014
69.6,6,2,23,6,12,-70.9628,-28.7934
69.6,7,1,23,6,11,-71.7109,-26.4533
69.6,8,1,23,6,11,-72.4191,-28.4112
69.6,9,2,23,6,10,-71.6659,-28.7013
69.6,10,1,23,6,6,-73.1019,-28.9626
69.6,11,0,23,6,9,-70.7972,-30.109
69.6,12,0,23,6,9,-73.665,-30.1507
69.6,13,1,23,6,6,-69.0544,-29.7176
69.6,14,2,23,6,6,-73.9443,-29.7199
69.7,0,2,23,6,11,-72.7671,-28.9845
69.7,1,0,23,6,12,-72.9807,-28.5727
69.7,2,1,23,6,13,-73.5991,-29.1768
69.7,3,2,23,6,12,-71.949,-29.1896
69.7,4,0,23,6,13,-71.4537,-29.7884
69.7,5,0,23,6,11,-71.7071,-24.1067
69.7,6,2,23,6,12,-70.929,-28.7927
69.7,7,1,23,6,11,-71.7203,-26.454
69.7,8,1,23,6,11,-72.4147,-28.4108
69.7,9,2,23,6,10,-71.6855,-28.702
69.7,10,1,23,6,6,-73.0017,-28.8705
69.7,11,0,23,6,9,-70.8273,-30.1093
69.7,12,0,23,6,9,-73.658,-30.1509
69.7,13,1,23,6,6,-69.0859,-29.7176
69.7,14,2,23,6,6,-73.9363,-29.72
69.8,0,2,23,6,11,-72.7629,-28.9839
69.8,1,0,23,6,12,-72.978,-28.743
69.8,2,1,23,6,13,-73.5888,-29.1762
69.8,3,2,23,6,12,-71.9488,-29.3578
69.8,4,0,23,6,13,-71.4383,-29.7878
69.8,5,0,23,6,11,-71.7104,-24.1126
69.8,6,2,23,6,12,-70.8942,-28.7922
69.8,7,1,23,6,11,-71.7299,-26.455
69.8,8,1,23,6,11,-72.4103,-28.4106
69.8,9,2,23,6,10,-71.7056,-28.7029
69.8,10,1,23,6,6,-72.9007,-28.7779
69.8,11,0,23,6,9,-70.8587,-30.11
69.8,12,0,23,6,9,-73.6509,-30.1508
69.8,13,1,23,6,6,-69.1209,-29.7175
69.8,14,2,23,6,6,-73.928,-29.7198
69.9,0,2,23,6,11,-72.7584,-28.9831
69.9,1,0,23,6,12,-72.9753,-28.9252
69.9,2,1,23,6,13,-73.5783,-29.1754
69.9,3,2,23,6,12,-71.9484,-29.5377
69.9,4,0,23,6,13,-71.4225,-29.787
69.9,5,0,23,6,11,-71.7137,-24.1194
69.9,6,2,23,6,12,-70.8583,-28.7917
69.9,7,1,23,6,11,-71.7394,-26.4559
69.9,8,1,23,6,11,-72.4059,-28.4102
69.9,9,2,23,6,10,-71.726,-28.7039
69.9,10,1,23,6,6,-72.7986,-28.6853
69.9,11,0,23,6,9,-70.8913,-30.1098
69.9,12,0,23,6,9,-73.6438,-30.1507
69.9,13,1,23,6,6,-69.159,-29.7173
69.9,14,2,23,6,6,-73.9197,-29.7201
70,0,2,23,6,11,-72.7539,-28.9816
70,1,0,23,6,12,-72.9724,-29.1201
70,2,1,23,6,13,-73.5675,-29.174
70,3,2,23,6,12,-71.9479,-29.7301
70,4,0,23,6,13,-71.4063,-29.7856
70,5,0,23,6,11,-71.7169,-24.1258
70,6,2,23,6,12,-70.8212,-28.7915
70,7,1,23,6,11,-71.7491,-26.4569
70,8,1,23,6,11,-72.4015,-28.4103
70,9,2,23,6,10,-71.7467,-28.7048
70,10,1,23,6,6,-72.6957,-28.5921
70,11,0,23,6,9,-70.9197,-30.11
70,12,0,23,6,9,-73.6366,-30.1503
70,13,1,23,6,6,-69.2002,-29.7177
70,14,2,23,6,6,-73.9112,-29.72
70.1,0,2,23,6,11,-72.7493,-29.1349
70.1,1,0,23,6,12,-72.9694,-29.3274
70.1,2,1,23,6,13,-73.5565,-29.1733
70.1,3,2,23,6,12,-71.9474,-29.9351
70.1,4,0,23,6,13,-71.3897,-29.7849
70.1,5,0,23,6,11,-71.7201,-24.1326
70.1,6,2,23,6,12,-70.783,-28.7905
70.1,7,1,23,6,11,-71.7587,-26.4582
70.1,8,1,23,6,11,-72.397,-28.4095
70.1,9,2,23,6,10,-71.7677,-28.7062
70.1,10,1,23,6,6,-72.5918,-28.4983
70.1,11,0,23,6,9,-70.9543,-30.1107
70.1,12,0,23,6,9,-73.6293,-30.1506
70.1,13,1,23,6,6,-69.2444,-29.7176
70.1,14,2,23,6,6,-73.9027,-29.7198
70.2,0,2,23,6,11,-72.7445,-29.3563
70.2,1,0,23,6,12,-72.9662,-29.549
70.2,2,1,23,6,13,-73.5452,-29.1722
70.2,3,2,23,6,12,-71.9466,-30.1541
70.2,4,0,23,6,13,-71.3667,-29.7838
70.2,5,0,23,6,11,-71.7232,-24.1393
70.2,6,2,23,6,12,-70.7435,-28.7902
70.2,7,1,23,6,11,-71.7682,-26.4591
70.2,8,1,23,6,11,-72.3925,-28.4095
70.2,9,2,23,6,10,-71.7887,-28.707
70.2,10,1,23,6,6,-72.4873,-28.4047
70.2,11,0,23,6,9,-70.9898,-30.1114
70.2,12,0,23,6,9,-73.622,-30.1505
70.2,13,1,23,6,6,-69.2914,-29.7173
70.2,14,2,23,6,6,-73.8942,-29.7198
70.3,0,2,23,6,11,-72.7396,-29.5917
70.3,1,0,23,6,13,-72.9629,-30.0665
70.3,2,1,23,6,13,-73.5336,-29.1708
70.3,3,2,23,6,12,-71.946,-30.3873
70.3,4,0,23,6,13,-71.3492,-29.7825
70.3,5,0,23,6,11,-71.7262,-24.1473
70.3,6,2,23,6,12,-70.703,-28.7896
70.3,7,1,23,6,11,-71.7778,-26.4607
70.3,8,1,23,6,11,-72.3879,-28.4091
70.3,9,2,23,6,10,-71.8101,-28.7086
70.3,10,1,23,6,7,-72.3821,-30.6402
70.3,11,0,23,6,9,-71.0263,-30.1117
70.3,12,0,23,6,9,-73.6147,-30.1509
70.3,13,1,23,6,6,-69.3411,-29.7173
70.3,14,2,23,6,6,-73.8855,-29.7199
70.4,0,2,23,6,11,-72.7346,-29.8418
70.4,1,0,23,6,13,-72.9596,-30.2335
70.4,2,1,23,6,13,-73.522,-29.1699
70.4,3,2,23,6,12,-71.9452,-30.635
70.4,4,0,23,6,13,-71.3315,-29.7816
70.4,5,0,23,6,11,-71.7292,-24.1555
70.4,6,2,23,6,12,-71.9597,-28.787
70.4,7,1,23,6,11,-71.7875,-26.4618
70.4,8,1,23,6,11,-72.3834,-28.4092
70.4,9,2,23,6,10,-71.8316,-28.7096
70.4,10,1,23,6,7,-74.3162,-30.528
70.4,11,0,23,6,9,-71.0636,-30.1119
70.4,12,0,23,6,9,-73.6073,-30.1506
70.4,13,1,23,6,6,-69.3935,-29.7174
70.4,14,2,23,6,6,-73.8767,-29.7202
70.5,0,2,23,6,12,-72.7296,-30.5283
70.5,1,0,23,6,13,-72.9561,-30.4161
70.5,2,1,23,6,13,-73.51,-29.1687
70.5,3,2,23,6,12,-71.9444,-30.8959
70.5,4,0,23,6,13,-71.3132,-29.7804
70.5,5,0,23,6,11,-71.7321,-24.1644
70.5,6,2,23,6,12,-71.9563,-28.7863
70.5,7,1,23,6,11,-71.797,-26.4632
70.5,8,1,23,6,11,-72.3788,-28.4086
70.5,9,2,23,6,10,-71.8533,-28.7111
70.5,10,1,23,6,8,-74.2387,-30.454
70.5,11,0,23,6,9,-71.1015,-30.1122
70.5,12,0,23,6,9,-73.5998,-30.1507
70.5,13,1,23,6,6,-69.4443,-29.7173
70.5,14,2,23,6,6,-73.8679,-29.7201
70.6,0,0,23,6,12,-72.7244,-30.7216
70.6,1,2,23,6,13,-72.9526,-30.6146
70.6,2,1,23,6,13,-73.4978,-29.1677
70.6,3,0,23,6,12,-71.9435,-31.1723
70.6,4,0,23,6,13,-71.2947,-29.7795
70.6,5,2,23,6,11,-71.7351,-24.1736
70.6,6,2,23,6,12,-71.9528,-28.7859
70.6,7,1,23,6,11,-71.8066,-26.4643
70.6,8,1,23,6,11,-72.3743,-28.4086
70.6,9,0,23,6,10,-71.8752,-28.7121
70.6,10,2,23,6,8,-74.1607,-30.3798
70.6,11,2,23,6,9,-71.1402,-30.1128
70.6,12,0,23,6,9,-73.5923,-30.1506
70.6,13,1,23,6,6,-69.5012,-29.717
70.6,14,1,23,6,6,-73.8589,-29.7201
70.7,0,0,23,6,12,-72.7192,-30.9292
70.7,1,2,23,6,13,-72.949,-30.8671
70.7,2,1,23,6,13,-73.4854,-29.1664
70.7,3,0,23,6,13,-71.9426,-31.4601
70.7,4,0,23,6,13,-71.2756,-29.7782
70.7,5,2,23,6,11,-71.738,-24.1831
70.7,6,2,23,6,12,-71.9493,-28.7851
70.7,7,1,23,6,11,-71.8161,-26.4658
70.7,8,1,23,6,11,-72.3697,-28.4081
70.7,9,0,23,6,10,-71.8971,-28.7136
70.7,10,2,23,6,9,-74.0828,-30.3065
70.7,11,2,23,6,9,-71.1794,-30.1135
70.7,12,0,23,6,9,-73.5847,-30.1504
70.7,13,1,23,6,6,-69.5601,-29.7174
70.7,14,1,23,6,6,-73.85,-29.7201
70.8,0,0,23,6,12,-72.7138,-31.1511
70.8,1,2,23,6,13,-72.9453,-31.1696
70.8,2,1,23,6,13,-73.4727,-29.1655
70.8,3,0,23,6,13,-71.9415,-31.7601
70.8,4,0,23,6,13,-71.2561,-29.7773
70.8,5,2,23,6,11,-71.7407,-24.1934
70.8,6,2,23,6,12,-71.9458,-28.7845
70.8,7,1,23,6,11,-71.8255,-26.4667
70.8,8,1,23,6,11,-72.3652,-28.4077
70.8,9,0,23,6,10,-71.919,-28.7145
70.8,10,2,23,6,9,-74.0045,-30.2326
70.8,11,2,23,6,9,-71.2191,-30.1137
70.8,12,0,23,6,9,-73.5771,-30.1504
70.8,13,1,23,6,6,-69.6209,-29.7172
70.8,14,1,23,6,6,-73.8408,-29.7203
70.9,0,0,23,6,12,-72.7083,-31.386
70.9,1,2,23,6,13,-72.9415,-31.4824
70.9,2,1,23,6,13,-73.4597,-29.1644
70.9,3,0,23,6,13,-71.9404,-32.0706
70.9,4,0,23,6,13,-71.2361,-29.7763
70.9,5,2,23,6,11,-71.7435,-24.205
70.9,6,2,23,6,12,-71.9423,-28.7842
70.9,7,1,23,6,11,-71.8349,-26.4684
70.9,8,1,23,6,11,-72.3607,-28.4077
70.9,9,0,23,6,10,-71.9409,-28.7162
70.9,10,2,23,6,9,-73.9261,-30.1595
70.9,11,2,23,6,9,-71.2592,-30.1139
70.9,12,0,23,6,9,-73.5693,-30.15
70.9,13,1,23,6,6,-69.6834,-29.7172
70.9,14,1,23,6,6,-73.8315,-29.7203
71,0,0,23,6,12,-72.7025,-31.6321
71,1,2,23,6,13,-72.9372,-31.8038
71,2,1,23,6,13,-73.4463,-29.163
71,3,0,23,6,13,-71.9389,-32.39
71,4,0,23,6,13,-71.2155,-29.7751
71,5,2,23,6,11,-71.7459,-24.2164
71,6,2,23,6,12,-71.9386,-28.7837
71,7,1,23,6,11,-71.8441,-26.47
71,8,1,23,6,11,-72.3558,-28.4076
71,9,0,23,6,10,-71.9626,-28.7177
71,10,2,23,6,9,-73.8472,-30.086
71,11,2,23,6,9,-71.2995,-30.1145
71,12,0,23,6,9,-73.5614,-30.1503
71,13,1,23,6,6,-69.7475,-29.7171
71,14,1,23,6,6,-73.8222,-29.7203
71.1,0,1,23,6,12,-72.6967,-31.937
71.1,1,0,23,6,13,-72.9332,-32.1309
71.1,2,2,23,6,13,-73.4328,-29.2782
71.1,3,1,23,6,13,-71.9377,-32.7151
71.1,4,0,23,6,13,-71.1944,-29.7741
71.1,5,0,23,6,11,-71.7484,-24.2288
71.1,6,1,23,6,12,-71.9351,-28.783
71.1,7,2,23,6,11,-71.8532,-26.4714
71.1,8,2,23,6,11,-72.3513,-28.4072
71.1,9,1,23,6,10,-71.9845,-28.7191
71.1,10,1,23,6,9,-73.7682,-30.0134
71.1,11,0,23,6,9,-71.3402,-30.1148
71.1,12,0,23,6,9,-73.5536,-30.1501
71.1,13,2,23,6,6,-69.813,-29.7177
71.1,14,2,23,6,6,-73.8128,-29.7203
71.2,0,1,23,6,12,-72.6908,-32.2668
71.2,1,0,23,6,13,-72.929,-32.461
71.2,2,2,23,6,13,-73.4189,-29.5561
71.2,3,1,23,6,13,-71.9362,-33.0431
71.2,4,0,23,6,13,-71.1728,-29.7727
71.2,5,0,23,6,11,-71.7509,-24.2419
71.2,6,1,23,6,12,-71.9315,-28.7827
71.2,7,2,23,6,11,-71.8623,-26.4733
71.2,8,2,23,6,11,-72.3466,-28.407
71.2,9,1,23,6,10,-72.0063,-28.721
71.2,10,1,23,6,9,-73.6888,-29.94
71.2,11,0,23,6,9,-71.3811,-30.1154
71.2,12,0,23,6,9,-73.5457,-30.1501
71.2,13,2,23,6,6,-69.8798,-29.7174
71.2,14,2,23,6,6,-73.8032,-29.7203
71.3,0,1,23,6,12,-72.6848,-32.5962
71.3,1,0,23,6,13,-72.9246,-32.7904
71.3,2,2,23,6,13,-73.4048,-29.8927
71.3,3,1,23,6,13,-71.9347,-33.3708
71.3,4,0,23,6,13,-71.1507,-29.7716
71.3,5,0,23,6,11,-71.7532,-24.2565
71.3,6,1,23,6,12,-71.9281,-28.782
71.3,7,2,23,6,11,-71.8712,-26.4747
71.3,8,2,23,6,11,-72.342,-28.4064
71.3,9,1,23,6,10,-72.028,-28.7225
71.3,10,1,23,6,9,-73.6092,-29.8671
71.3,11,0,23,6,9,-71.4221,-30.1156
71.3,12,0,23,6,9,-73.5377,-30.1501
71.3,13,2,23,6,6,-69.9476,-29.7176
71.3,14,2,23,6,6,-73.7937,-29.7206
71.4,0,1,23,6,12,-72.6787,-32.9202
71.4,1,0,23,6,13,-72.9201,-33.1146
71.4,2,2,23,6,13,-73.3903,-30.2232
71.4,3,1,23,6,13,-71.9331,-33.6934
71.4,4,0,23,6,13,-71.1281,-29.7703
71.4,5,0,23,6,11,-71.7554,-24.2713
71.4,6,1,23,6,12,-71.9244,-28.7816
71.4,7,2,23,6,11,-71.8802,-26.4767
71.4,8,2,23,6,11,-72.3373,-28.4063
71.4,9,1,23,6,10,-72.0496,-28.7244
71.4,10,1,23,6,9,-73.5291,-29.7941
71.4,11,0,23,6,9,-71.4633,-30.1166
71.4,12,0,23,6,9,-73.5297,-30.1503
71.4,13,2,23,6,6,-70.0164,-29.7176
71.4,14,2,23,6,6,-73.7839,-29.7204
71.5,0,1,23,6,12,-72.6725,-33.2344
71.5,1,0,23,6,13,-72.9155,-33.4289
71.5,2,2,23,6,13,-73.3755,-30.5433
71.5,3,1,23,6,13,-71.9313,-34.0062
71.5,4,0,23,6,13,-71.1048,-29.7693
71.5,5,0,23,6,11,-71.7576,-24.2874
71.5,6,1,23,6,12,-71.9141,-28.7811
71.5,7,2,23,6,11,-71.889,-26.4788
71.5,8,2,23,6,11,-72.3327,-28.4063
71.5,9,1,23,6,10,-72.071,-28.7265
71.5,10,1,23,6,9,-73.4487,-29.7291
71.5,11,0,23,6,9,-71.5044,-30.1172
71.5,12,0,23,6,9,-73.5215,-30.1499
71.5,13,2,23,6,6,-70.0861,-29.7174
71.5,14,2,23,6,6,-73.7741,-29.7202
71.6,0,1,23,6,12,-72.6661,-33.5341
71.6,1,0,23,6,13,-72.9108,-33.7285
71.6,2,2,23,6,13,-73.3605,-30.8481
71.6,3,1,23,6,13,-71.9296,-34.3046
71.6,4,0,23,6,13,-71.0811,-29.7684
71.6,5,0,23,6,11,-71.7597,-24.3052
71.6,6,1,23,6,12,-71.9105,-28.7804
71.6,7,2,23,6,11,-71.8975,-26.4809
71.6,8,2,23,6,11,-72.328,-28.4057
71.6,9,1,23,6,10,-72.0923,-28.7286
71.6,10,1,23,6,9,-73.368,-29.6667
71.6,11,0,23,6,9,-71.5455,-30.1175
71.6,12,0,23,6,9,-73.5134,-30.15
71.6,13,2,23,6,6,-70.1563,-29.7176
71.6,14,2,23,6,6,-73.7641,-29.72
71.7,0,1,23,6,12,-72.6594,-33.8132
71.7,1,0,23,6,13,-72.9057,-34.0078
71.7,2,2,23,6,13,-73.3448,-31.1319
71.7,3,1,23,6,13,-71.9275,-34.5828
71.7,4,0,23,6,13,-71.0565,-29.7674
71.7,5,0,23,6,11,-71.7615,-24.3234
71.7,6,1,23,6,12,-71.9067,-28.7805
71.7,7,2,23,6,11,-71.9059,-26.4826
71.7,8,2,23,6,11,-72.3232,-28.4058
71.7,9,1,23,6,10,-72.1132,-28.7302
71.7,10,1,23,6,9,-73.2866,-29.6045
71.7,11,0,23,6,9,-71.5863,-30.118
71.7,12,0,23,6,9,-73.505,-30.15
71.7,13,2,23,6,6,-70.227,-29.7175
71.7,14,2,23,6,6,-73.754,-29.7203
71.8,0,1,23,6,12,-72.6526,-34.0634
71.8,1,0,23,6,13,-72.9007,-34.2582
71.8,2,2,23,6,13,-73.3291,-31.386
71.8,3,1,23,6,13,-71.9255,-34.8323
71.8,4,0,23,6,13,-71.0314,-29.7664
71.8,5,0,23,6,12,-71.7633,-34.6032
71.8,6,1,23,6,12,-71.903,-28.7796
71.8,7,2,23,6,11,-71.9141,-26.4852
71.8,8,2,23,6,11,-72.3182,-28.4053
71.8,9,1,23,6,10,-72.1341,-28.7328
71.8,10,1,23,6,10,-73.2051,-30.18
71.8,11,0,23,6,9,-71.6271,-30.1188
71.8,12,0,23,6,9,-73.4968,-30.15
71.8,13,2,23,6,6,-70.2981,-29.7173
71.8,14,2,23,6,6,-73.7438,-29.7201
71.9,0,1,23,6,12,-72.6459,-34.2781
71.9,1,0,23,6,13,-72.8955,-34.473
71.9,2,2,23,6,13,-73.313,-31.604
71.9,3,1,23,6,13,-71.9234,-35.0464
71.9,4,0,23,6,13,-71.0058,-29.765
71.9,5,0,23,6,12,-71.7651,-34.7743
71.9,6,1,23,6,12,-71.8992,-28.7791
71.9,7,2,23,6,11,-71.9224,-26.4872
71.9,8,2,23,6,11,-72.3134,-28.4052
71.9,9,1,23,6,10,-72.1548,-28.7348
71.9,10,1,23,6,10,-73.123,-30.1301
71.9,11,0,23,6,9,-71.6678,-30.1195
71.9,12,0,23,6,9,-73.4888,-30.1503
71.9,13,2,23,6,6,-70.3694,-29.7175
71.9,14,2,23,6,6,-73.7336,-29.7206
72,0,1,23,6,12,-72.6389,-34.4538
72,1,0,23,6,13,-72.8902,-34.6489
72,2,2,23,6,13,-73.2965,-31.7821
72,3,1,23,6,13,-71.9213,-35.2218
72,4,0,23,6,13,-70.9795,-29.764
72,5,0,23,6,12,-71.7668,-34.905
72,6,1,23,6,12,-71.8956,-28.7788
72,7,2,23,6,11,-71.9304,-26.4896
72,8,2,23,6,11,-72.3088,-28.405
72,9,1,23,6,10,-72.1752,-28.7372
72,10,1,23,6,10,-73.0405,-30.0812
72,11,0,23,6,9,-71.7082,-30.1197
72,12,0,23,6,9,-73.4807,-30.1509
72,13,2,23,6,6,-70.4409,-29.7175
72,14,2,23,6,6,-73.7231,-29.7202
72.1,0,1,23,6,12,-72.6239,-34.5838
72.1,1,0,23,6,13,-72.8849,-34.7791
72.1,2,2,23,6,13,-73.2797,-31.9139
72.1,3,1,23,6,13,-71.919,-35.3518
72.1,4,0,23,6,13,-70.9525,-29.7631
72.1,5,2,23,6,12,-71.7684,-34.988
72.1,6,1,23,6,12,-71.8919,-28.778
72.1,7,0,23,6,11,-71.9383,-26.4921
72.1,8,2,23,6,11,-72.3041,-28.4044
72.1,9,1,23,6,10,-72.1955,-28.7397
72.1,10,0,23,6,10,-72.9574,-30.0326
72.1,11,2,23,6,9,-71.7483,-30.1205
72.1,12,1,23,6,9,-73.4725,-30.1516
72.1,13,0,23,6,6,-70.5124,-29.7176
72.1,14,2,23,6,6,-73.7127,-29.7199
72.2,0,1,23,6,12,-72.6166,-34.6625
72.2,1,0,23,6,13,-72.8792,-34.8581
72.2,2,2,23,6,13,-73.2626,-31.994
72.2,3,1,23,6,13,-71.9166,-35.4306
72.2,4,0,23,6,13,-70.9249,-29.7618
72.2,5,2,23,6,12,-71.7698,-35.0165
72.2,6,1,23,6,12,-71.8881,-28.7779
72.2,7,0,23,6,11,-71.9462,-26.4948
72.2,8,2,23,6,11,-72.2992,-28.4048
72.2,9,1,23,6,10,-72.2153,-28.7422
72.2,10,0,23,6,10,-72.8738,-29.9838
72.2,11,2,23,6,9,-71.7881,-30.1208
72.2,12,1,23,6,9,-73.4648,-30.1526
72.2,13,0,23,6,6,-70.5837,-29.7177
72.2,14,2,23,6,6,-73.7021,-29.7204
72.3,0,1,23,6,12,-72.6092,-34.6881
72.3,1,0,23,6,13,-72.8736,-34.884
72.3,2,2,23,6,13,-73.245,-32.0201
72.3,3,1,23,6,13,-71.9141,-35.4567
72.3,4,0,23,6,13,-70.8964,-29.7608
72.3,5,2,23,6,12,-71.7711,-34.989
72.3,6,1,23,6,12,-71.8844,-28.7775
72.3,7,0,23,6,11,-71.9537,-26.4974
72.3,8,2,23,6,11,-72.2945,-28.4045
72.3,9,1,23,6,10,-72.2351,-28.7449
72.3,10,0,23,6,10,-72.7895,-29.9357
72.3,11,2,23,6,9,-71.8275,-30.1215
72.3,12,1,23,6,9,-73.4568,-30.1534
72.3,13,0,23,6,6,-70.6548,-29.7175
72.3,14,2,23,6,6,-73.6914,-29.7201
72.4,0,1,23,6,12,-72.6015,-34.661
72.4,1,0,23,6,13,-72.8677,-34.8573
72.4,2,2,23,6,13,-73.2271,-31.9929
72.4,3,1,23,6,13,-71.9116,-35.4303
72.4,4,0,23,6,13,-70.8671,-29.7603
72.4,5,2,23,6,12,-71.7723,-34.9057
72.4,6,1,23,6,12,-71.8808,-28.7769
72.4,7,0,23,6,11,-71.9611,-26.5004
72.4,8,2,23,6,11,-72.2896,-28.4039
72.4,9,1,23,6,10,-72.2544,-28.7479
72.4,10,0,23,6,10,-72.6962,-29.8873
72.4,11,2,23,6,9,-71.8665,-30.1223
72.4,12,1,23,6,9,-73.449,-30.1551
72.4,13,0,23,6,6,-70.7257,-29.7174
72.4,14,2,23,6,6,-73.6807,-29.7205
72.5,0,1,23,6,12,-72.5936,-34.5822
72.5,1,0,23,6,13,-72.8616,-34.7787
72.5,2,2,23,6,13,-73.2085,-31.9133
72.5,3,1,23,6,13,-71.9087,-35.3522
72.5,4,0,23,6,13,-70.8369,-29.7594
72.5,5,2,23,6,12,-71.7733,-34.7677
72.5,6,1,23,6,12,-71.8769,-28.7764
72.5,7,0,23,6,11,-71.9681,-26.5034
72.5,8,2,23,6,11,-72.2846,-28.4037
72.5,9,1,23,6,10,-72.2734,-28.7509
72.5,10,0,23,6,10,-72.6105,-29.8395
72.5,11,2,23,6,9,-71.9049,-30.123
72.5,12,1,23,6,9,-73.4411,-30.1562
72.5,13,0,23,6,6,-70.7959,-29.7176
72.5,14,2,23,6,6,-73.6695,-29.7201
72.6,0,1,23,6,12,-72.5857,-34.4555
72.6,1,0,23,6,13,-72.8469,-34.6522
72.6,2,2,23,6,13,-73.1896,-31.785
72.6,3,1,23,6,13,-71.9058,-35.2262
72.6,4,0,23,6,13,-70.8061,-29.7581
72.6,5,2,23,6,12,-71.7743,-34.5785
72.6,6,1,23,6,12,-71.8731,-28.7759
72.6,7,0,23,6,11,-71.982,-26.5066
72.6,8,2,23,6,11,-72.2797,-28.4037
72.6,9,1,23,6,10,-72.2921,-28.7539
72.6,10,0,23,6,10,-72.5241,-29.7916
72.6,11,2,23,6,9,-71.943,-30.1237
72.6,12,1,23,6,9,-73.4334,-30.1576
72.6,13,0,23,6,6,-70.8657,-29.7177
72.6,14,2,23,6,6,-73.6585,-29.7201
72.7,0,1,23,6,12,-72.5775,-34.2919
72.7,1,0,23,6,13,-72.8406,-34.4889
72.7,2,2,23,6,13,-73.1703,-31.6193
72.7,3,1,23,6,13,-71.9029,-35.0636
72.7,4,0,23,6,13,-70.7744,-29.7575
72.7,5,2,23,6,12,-71.7751,-34.3509
72.7,6,1,23,6,12,-71.8693,-28.7756
72.7,7,0,23,6,11,-71.9889,-26.5095
72.7,8,2,23,6,11,-72.2749,-28.4032
72.7,9,1,23,6,10,-72.3106,-28.7569
72.7,10,0,23,6,10,-72.4374,-29.7441
72.7,11,2,23,6,9,-71.9806,-30.1245
72.7,12,1,23,6,9,-73.4253,-30.1591
72.7,13,0,23,6,6,-70.935,-29.7176
72.7,14,2,23,6,6,-73.6472,-29.7202
72.8,0,1,23,6,12,-72.5693,-34.092
72.8,1,0,23,6,13,-72.834,-34.289
72.8,2,2,23,6,13,-73.1507,-31.4167
72.8,3,1,23,6,13,-71.8999,-34.8647
72.8,4,0,23,6,13,-70.7418,-29.7563
72.8,5,2,23,6,12,-71.7759,-34.0851
72.8,6,1,23,6,12,-71.8656,-28.7755
72.8,7,0,23,6,11,-71.9958,-26.522
72.8,8,2,23,6,11,-72.2626,-28.4034
72.8,9,1,23,6,10,-72.3287,-28.7606
72.8,10,0,23,6,10,-72.3499,-29.6967
72.8,11,2,23,6,9,-72.0176,-30.1253
72.8,12,1,23,6,9,-73.417,-30.1598
72.8,13,0,23,6,6,-71.0035,-29.7178
72.8,14,2,23,6,6,-73.6359,-29.7199
72.9,0,1,23,6,12,-72.5608,-33.8629
72.9,1,0,23,6,13,-72.8274,-34.0602
72.9,2,2,23,6,13,-73.1305,-31.1844
72.9,3,1,23,6,13,-71.8966,-34.6368
72.9,4,0,23,6,13,-70.7085,-29.7559
72.9,5,2,23,6,12,-71.7766,-33.789
72.9,6,1,23,6,12,-71.8617,-28.7747
72.9,7,0,23,6,11,-72.0021,-26.5648
72.9,8,2,23,6,11,-72.2578,-28.4027
72.9,9,1,23,6,10,-72.3465,-28.7639
72.9,10,0,23,6,10,-72.2622,-29.6507
72.9,11,2,23,6,9,-72.0542,-30.1266
72.9,12,1,23,6,9,-73.4087,-30.1609
72.9,13,0,23,6,6,-71.0714,-29.7177
72.9,14,2,23,6,6,-73.6246,-29.7202
73,0,1,23,6,12,-72.5523,-33.6098
73,1,0,23,6,13,-72.8206,-33.8072
73,2,2,23,6,13,-73.1099,-30.9272
73,3,1,23,6,13,-71.8934,-34.3848
73,4,0,23,6,13,-70.6742,-29.7547
73,5,2,23,6,12,-71.7772,-33.4678
73,6,1,23,6,12,-71.8579,-28.7743
73,7,0,23,6,11,-72.0085,-26.6124
73,8,2,23,6,11,-72.2529,-28.4029
73,9,1,23,6,10,-72.364,-28.7676
73,10,0,23,6,10,-72.1741,-29.6051
73,11,2,23,6,9,-72.0901,-30.1274
73,12,1,23,6,9,-73.4,-30.1611
73,13,0,23,6,6,-71.1384,-29.7179
73,14,2,23,6,6,-73.613,-29.72
73.1,0,1,23,6,12,-72.5435,-33.3371
73.1,1,0,23,6,13,-72.8135,-33.5344
73.1,2,2,23,6,13,-73.0888,-30.6499
73.1,3,1,23,6,13,-71.8901,-34.1134
73.1,4,0,23,6,13,-70.6389,-29.7543
73.1,5,2,23,6,12,-71.7775,-33.1268
73.1,6,1,23,6,12,-71.8475,-28.7739
73.1,7,0,23,6,11,-72.0148,-26.6639
73.1,8,2,23,6,11,-72.2478,-28.4023
73.1,9,1,23,6,10,-72.3812,-28.7721
73.1,10,0,23,6,10,-72.0854,-29.5598
73.1,11,2,23,6,9,-72.1255,-30.1283
73.1,12,1,23,6,9,-73.391,-30.1618
73.1,13,0,23,6,6,-71.2045,-29.7178
73.1,14,2,23,6,6,-73.6014,-29.7196
73.2,0,1,23,6,12,-72.5344,-33.0478
73.2,1,0,23,6,13,-72.8063,-33.2452
73.2,2,2,23,6,13,-73.0672,-30.3556
73.2,3,1,23,6,13,-71.8798,-33.8254
73.2,4,0,23,6,13,-70.6027,-29.7534
73.2,5,2,23,6,12,-71.7777,-32.7689
73.2,6,1,23,6,12,-71.8436,-28.7735
73.2,7,0,23,6,11,-72.0207,-26.7195
73.2,8,2,23,6,11,-72.2427,-28.4026
73.2,9,1,23,6,10,-72.3978,-28.7762
73.2,10,0,23,6,10,-71.9963,-29.5153
73.2,11,2,23,6,9,-72.1602,-30.1289
73.2,12,1,23,6,9,-73.3819,-30.1619
73.2,13,0,23,6,6,-71.2696,-29.7179
73.2,14,2,23,6,6,-73.5895,-29.7201
73.3,0,1,23,6,12,-72.5252,-32.7481
73.3,1,0,23,6,13,-72.7989,-32.9453
73.3,2,2,23,6,13,-73.0451,-30.0499
73.3,3,1,23,6,13,-71.8762,-33.5271
73.3,4,0,23,6,13,-71.8649,-29.7503
73.3,5,2,23,6,12,-71.7779,-32.4017
73.3,6,1,23,6,12,-71.8397,-28.7734
73.3,7,0,23,6,11,-72.0264,-26.7793
73.3,8,2,23,6,11,-72.2377,-28.4023
73.3,9,1,23,6,10,-72.4143,-28.7802
73.3,10,0,23,6,10,-73.7917,-29.4438
73.3,11,2,23,6,9,-72.1943,-30.1297
73.3,12,1,23,6,9,-73.3726,-30.1623
73.3,13,0,23,6,6,-71.3339,-29.7178
73.3,14,2,23,6,6,-73.5775,-29.72
73.4,0,1,23,6,12,-72.5158,-32.441
73.4,1,0,23,6,13,-72.7915,-32.6383
73.4,2,2,23,6,13,-73.0227,-29.7365
73.4,3,1,23,6,13,-71.8725,-33.2217
73.4,4,0,23,6,13,-71.8619,-29.7496
73.4,5,2,23,6,12,-71.778,-32.0287
73.4,6,1,23,6,12,-71.8358,-28.7729
73.4,7,0,23,6,11,-72.0321,-26.8439
73.4,8,2,23,6,11,-72.2327,-28.4021
73.4,9,1,23,6,10,-72.4304,-28.7851
73.4,10,0,23,6,10,-73.7273,-29.4003
73.4,11,2,23,6,9,-72.2279,-30.1311
73.4,12,1,23,6,9,-73.3633,-30.1624
73.4,13,0,23,6,6,-71.3972,-29.7182
73.4,14,2,23,6,6,-73.5654,-29.7198
73.5,0,1,23,6,12,-72.5064,-32.1308
73.5,1,0,23,6,13,-72.7839,-32.328
73.5,2,2,23,6,13,-72.9998,-29.4191
73.5,3,1,23,6,13,-71.8687,-32.913
73.5,4,0,23,6,13,-71.8588,-29.7488
73.5,5,2,23,6,12,-71.778,-31.6561
73.5,6,1,23,6,12,-71.832,-28.7726
73.5,7,0,23,6,11,-72.0376,-26.9145
73.5,8,2,23,6,11,-72.2277,-28.4019
73.5,9,1,23,6,10,-72.4462,-28.79
73.5,10,0,23,6,10,-73.6627,-29.3571
73.5,11,2,23,6,9,-72.2608,-30.1321
73.5,12,1,23,6,9,-73.3537,-30.1621
73.5,13,0,23,6,6,-71.4593,-29.7182
73.5,14,2,23,6,6,-73.5533,-29.7196
73.6,0,1,23,6,12,-72.4967,-31.8218
73.6,1,0,23,6,13,-72.7762,-32.0187
73.6,2,2,23,6,13,-72.9763,-29.1376
73.6,3,1,23,6,13,-71.8648,-32.6057
73.6,4,0,23,6,13,-71.8557,-29.7479
73.6,5,2,23,6,12,-71.778,-31.2895
73.6,6,1,23,6,12,-71.8282,-28.7722
73.6,7,0,23,6,11,-72.0428,-26.9907
73.6,8,2,23,6,11,-72.2226,-28.4016
73.6,9,1,23,6,10,-72.4617,-28.7951
73.6,10,0,23,6,10,-73.5982,-29.3151
73.6,11,2,23,6,9,-72.2931,-30.133
73.6,12,1,23,6,9,-73.344,-30.1618
73.6,13,0,23,6,6,-71.5205,-29.7184
73.6,14,2,23,6,6,-73.5409,-29.7195
73.7,0,1,23,6,12,-72.4868,-31.5153
73.7,1,0,23,6,13,-72.7683,-31.7122
73.7,2,2,23,6,13,-72.9525,-29.1373
73.7,3,1,23,6,13,-71.8609,-32.3011
73.7,4,0,23,6,13,-71.8527,-29.7476
73.7,5,2,23,6,12,-71.7778,-30.9324
73.7,6,1,23,6,12,-71.8243,-28.7717
73.7,7,0,23,6,11,-72.048,-27.0728
73.7,8,2,23,6,11,-72.2176,-28.4014
73.7,9,1,23,6,10,-72.4767,-28.8003
73.7,10,0,23,6,10,-73.5337,-29.273
73.7,11,2,23,6,9,-72.3248,-30.1345
73.7,12,1,23,6,9,-73.3343,-30.1619
73.7,13,0,23,6,6,-71.5805,-29.7184
73.7,14,2,23,6,6,-73.5287,-29.7198
73.8,0,1,23,6,12,-72.4768,-31.2144
73.8,1,0,23,6,13,-72.7603,-31.4111
73.8,2,2,23,6,13,-72.9281,-29.1365
73.8,3,1,23,6,13,-71.8569,-32.0019
73.8,4,0,23,6,13,-71.8495,-29.7468
73.8,5,2,23,6,12,-71.7774,-30.5892
73.8,6,1,23,6,12,-71.8205,-28.7717
73.8,7,0,23,6,11,-72.053,-27.1621
73.8,8,2,23,6,11,-72.2126,-28.4011
73.8,9,1,23,6,10,-72.4915,-28.8063
73.8,10,0,23,6,10,-73.4691,-29.2316
73.8,11,2,23,6,9,-72.3558,-30.1351
73.8,12,1,23,6,9,-73.3243,-30.1614
73.8,13,0,23,6,6,-71.6394,-29.7186
73.8,14,2,23,6,6,-73.5161,-29.7195
73.9,0,1,23,6,12,-72.4666,-30.9216
73.9,1,0,23,6,13,-72.7522,-31.1181
73.9,2,2,23,6,13,-72.8948,-29.1358
73.9,3,1,23,6,13,-71.8527,-31.7111
73.9,4,0,23,6,13,-71.8464,-29.7461
73.9,5,2,23,6,12,-71.7706,-30.2655
73.9,6,1,23,6,12,-71.8166,-28.771
73.9,7,0,23,6,11,-72.0578,-27.2581
73.9,8,2,23,6,11,-72.2075,-28.4011
73.9,9,1,23,6,10,-72.506,-28.8122
73.9,10,0,23,6,10,-73.4045,-29.1916
73.9,11,2,23,6,9,-72.3862,-30.1367
73.9,12,1,23,6,9,-73.3144,-30.1605
73.9,13,0,23,6,6,-71.6971,-29.7187
73.9,14,2,23,6,6,-73.5035,-29.7198
74,0,1,23,6,12,-72.456,-30.6384
74,1,0,23,6,13,-72.7437,-30.8347
74,2,2,23,6,13,-72.8693,-29.135
74,3,1,23,6,13,-71.8483,-31.4298
74,4,0,23,6,13,-71.843,-29.7453
74,5,2,23,6,12,-71.7699,-29.9643
74,6,1,23,6,12,-71.8126,-28.7711
74,7,0,23,6,11,-72.0623,-27.3623
74,8,2,23,6,11,-72.2022,-28.401
74,9,1,23,6,10,-72.5199,-28.8184
74,10,0,23,6,10,-73.3398,-29.1518
74,11,2,23,6,9,-72.4157,-30.1378
74,12,1,23,6,9,-73.3042,-30.1604
74,13,0,23,6,6,-71.7535,-29.7186
74,14,2,23,6,6,-73.4905,-29.7196
74.1,0,1,23,6,12,-72.4455,-30.3657
74.1,1,0,23,6,13,-72.7353,-30.5617
74.1,2,2,23,6,13,-72.8434,-29.1342
74.1,3,1,23,6,13,-71.8441,-31.159
74.1,4,0,23,6,13,-71.8398,-29.7445
74.1,5,2,23,6,12,-71.7693,-29.6896
74.1,6,1,23,6,12,-71.8087,-28.7706
74.1,7,0,23,6,11,-72.0667,-27.4747
74.1,8,2,23,6,11,-72.1972,-28.4007
74.1,9,1,23,6,10,-72.5336,-28.8249
74.1,10,0,23,6,10,-73.2751,-29.1128
74.1,11,2,23,6,9,-72.4447,-30.1388
74.1,12,1,23,6,9,-73.2941,-30.1599
74.1,13,0,23,6,6,-71.8089,-29.7187
74.1,14,2,23,6,6,-73.4775,-29.7193
74.2,0,1,23,6,12,-72.4347,-30.1055
74.2,1,0,23,6,13,-72.7268,-30.3013
74.2,2,2,23,6,13,-72.8172,-29.1338
74.2,3,1,23,6,13,-71.8397,-30.9008
74.2,4,0,23,6,13,-71.8366,-29.7441
74.2,5,2,23,6,12,-71.7686,-29.4468
74.2,6,1,23,6,12,-71.8048,-28.7706
74.2,7,0,23,6,11,-72.0712,-27.5951
74.2,8,2,23,6,11,-72.1921,-28.4005
74.2,9,1,23,6,10,-72.547,-28.8316
74.2,10,0,23,6,10,-73.2107,-29.0742
74.2,11,2,23,6,9,-72.4731,-30.1404
74.2,12,1,23,6,9,-73.2838,-30.1595
74.2,13,0,23,6,6,-71.863,-29.7188
74.2,14,2,23,6,6,-73.4645,-29.7195
74.3,0,1,23,6,12,-72.4241,-29.8608
74.3,1,0,23,6,13,-72.7183,-30.0564
74.3,2,2,23,6,13,-72.7909,-29.1332
74.3,3,1,23,6,13,-71.8355,-30.6581
74.3,4,0,23,6,13,-71.8334,-29.7435
74.3,5,2,23,6,12,-71.768,-29.2399
74.3,6,1,23,6,12,-71.801,-28.7703
74.3,7,0,23,6,11,-72.0755,-27.7232
74.3,8,2,23,6,11,-72.1871,-28.4003
74.3,9,1,23,6,10,-72.5602,-28.8387
74.3,10,0,23,6,10,-73.1384,-29.0374
74.3,11,2,23,6,9,-72.501,-30.1413
74.3,12,1,23,6,9,-73.2735,-30.1588
74.3,13,0,23,6,6,-71.916,-29.7189
74.3,14,2,23,6,6,-73.4513,-29.7196
74.4,0,1,23,6,12,-72.4132,-29.6338
74.4,1,0,23,6,13,-72.7098,-29.8292
74.4,2,2,23,6,13,-72.7647,-29.1325
74.4,3,1,23,6,13,-71.8311,-30.433
74.4,4,0,23,6,13,-71.8302,-29.7428
74.4,5,2,23,6,12,-71.7672,-29.0708
74.4,6,1,23,6,12,-71.797,-28.7698
74.4,7,0,23,6,11,-72.0795,-27.8565
74.4,8,2,23,6,11,-72.1819,-28.4006
74.4,9,1,23,6,10,-72.5729,-28.8465
74.4,10,0,23,6,10,-73.0765,-29.0026
74.4,11,2,23,6,9,-72.5281,-30.1429
74.4,12,1,23,6,9,-73.2539,-30.158
74.4,13,0,23,6,6,-71.9678,-29.7187
74.4,14,2,23,6,6,-73.4381,-29.7194
74.5,0,1,23,6,12,-72.4026,-29.4246
74.5,1,0,23,6,13,-72.7015,-29.6196
74.5,2,2,23,6,13,-72.7388,-29.1317
74.5,3,1,23,6,13,-71.8269,-30.2256
74.5,4,0,23,6,13,-71.827,-29.7421
74.5,5,2,23,6,12,-71.7666,-28.9401
74.5,6,1,23,6,12,-71.7931,-28.7693
74.5,7,0,23,6,11,-72.0765,-27.9945
74.5,8,2,23,6,11,-72.1768,-28.4005
74.5,9,1,23,6,10,-72.5854,-28.8537
74.5,10,0,23,6,10,-73.0164,-28.9698
74.5,11,2,23,6,9,-72.5545,-30.1444
74.5,12,1,23,6,9,-73.2434,-30.1573
74.5,13,0,23,6,6,-72.0184,-29.7188
74.5,14,2,23,6,6,-73.4247,-29.7193
74.6,0,1,23,6,12,-72.3923,-29.2339
74.6,1,0,23,6,13,-72.6934,-29.4287
74.6,2,2,23,6,13,-72.7135,-29.1315
74.6,3,1,23,6,13,-71.8228,-30.0366
74.6,4,0,23,6,13,-71.8237,-29.7418
74.6,5,2,23,6,12,-71.7658,-28.8458
74.6,6,1,23,6,12,-71.7892,-28.7694
74.6,7,0,23,6,11,-72.0804,-28.136
74.6,8,2,23,6,11,-72.1717,-28.4003
74.6,9,1,23,6,10,-72.5977,-28.861
74.6,10,0,23,6,10,-72.9584,-28.938
74.6,11,2,23,6,9,-72.5805,-30.1456
74.6,12,1,23,6,9,-73.2329,-30.1566
74.6,13,0,23,6,6,-72.0678,-29.7191
74.6,14,2,23,6,6,-73.411,-29.719
74.7,0,1,23,6,12,-72.3846,-29.0622
74.7,1,0,23,6,13,-72.688,-29.2567
74.7,2,2,23,6,13,-72.6909,-29.1308
74.7,3,1,23,6,13,-71.8214,-29.8665
74.7,4,0,23,6,13,-71.8234,-29.7411
74.7,5,2,23,6,12,-71.7678,-28.7852
74.7,6,1,23,6,12,-71.7881,-28.7689
74.7,7,0,23,6,11,-72.0866,-28.2795
74.7,8,2,23,6,11,-72.1694,-28.4
74.7,9,1,23,6,10,-72.612,-28.8683
74.7,10,0,23,6,10,-72.9029,-28.9062
74.7,11,2,23,6,9,-72.6078,-30.1468
74.7,12,1,23,6,9,-73.2253,-30.1565
74.7,13,0,23,6,6,-72.1178,-29.7191
74.7,14,2,23,6,6,-73.3999,-29.7194
74.8,0,1,23,6,12,-72.3782,-28.9376
74.8,1,0,23,6,13,-72.6838,-29.1007
74.8,2,2,23,6,13,-72.6705,-29.1305
74.8,3,1,23,6,13,-71.8211,-29.7123
74.8,4,0,23,6,13,-71.8237,-29.7409
74.8,5,2,23,6,12,-71.7705,-28.7536
74.8,6,1,23,6,12,-71.7877,-28.769
74.8,7,0,23,6,11,-72.0937,-28.4218
74.8,8,2,23,6,11,-72.1676,-28.3996
74.8,9,1,23,6,10,-72.6267,-28.8759
74.8,10,0,23,6,10,-72.8529,-28.8787
74.8,11,2,23,6,9,-72.6352,-30.1479
74.8,12,1,23,6,9,-73.2178,-30.1558
74.8,13,0,23,6,6,-72.1671,-29.719
74.8,14,2,23,6,6,-73.389,-29.7191
74.9,0,1,23,6,12,-72.3723,-28.9367
74.9,1,0,23,6,13,-72.6802,-28.9601
74.9,2,2,23,6,13,-72.6514,-29.1296
74.9,3,1,23,6,13,-71.8209,-29.5731
74.9,4,0,23,6,13,-71.824,-29.7399
74.9,5,2,23,6,12,-71.7734,-28.7475
74.9,6,1,23,6,12,-71.7873,-28.7681
74.9,7,0,23,6,11,-72.1006,-28.5609
74.9,8,2,23,6,11,-72.1659,-28.3998
74.9,9,1,23,6,10,-72.6412,-28.8826
74.9,10,0,23,6,10,-72.8071,-28.8553
74.9,11,2,23,6,9,-72.6621,-30.1495
74.9,12,1,23,6,9,-73.2103,-30.155
74.9,13,0,23,6,6,-72.2153,-29.7191
74.9,14,2,23,6,6,-73.3782,-29.7193
75,0,1,23,6,12,-72.367,-28.9365
75,1,0,23,6,13,-72.6768,-28.8353
75,2,2,23,6,13,-72.6337,-29.1293
75,3,1,23,6,13,-71.821,-29.4499
75,4,0,23,6,13,-71.8243,-29.7397
75,5,2,23,6,12,-71.7764,-28.7618
75,6,1,23,6,12,-71.7869,-28.7681
75,7,0,23,6,11,-72.1076,-28.6953
75,8,2,23,6,11,-72.1642,-28.3995
75,9,1,23,6,10,-72.6554,-28.8892
75,10,0,23,6,10,-72.7646,-28.8335
75,11,2,23,6,9,-72.6884,-30.1504
75,12,1,23,6,9,-73.2028,-30.1547
75,13,0,23,6,6,-72.2624,-29.7193
75,14,2,23,6,6,-73.3672,-29.7193
75.1,0,1,23,6,12,-72.3607,-28.9367
75.1,1,0,23,6,13,-72.6719,-28.7254
75.1,2,2,23,6,13,-72.6157,-29.1295
75.1,3,1,23,6,13,-71.8188,-29.3413
75.1,4,0,23,6,13,-71.8234,-29.7398
75.1,5,0,23,6,12,-71.7758,-28.7912
75.1,6,1,23,6,12,-71.7853,-28.7679
75.1,7,2,23,6,12,-72.1082,-30.192
75.1,8,0,23,6,11,-72.1613,-28.3993
75.1,9,1,23,6,10,-72.6577,-28.8955
75.1,10,2,23,6,11,-72.7233,-30.1634
75.1,11,0,23,6,9,-72.6929,-30.1513
75.1,12,1,23,6,9,-73.1927,-30.154
75.1,13,2,23,6,6,-72.2705,-29.7192
75.1,14,0,23,6,6,-73.3526,-29.7191
75.2,0,1,23,6,12,-72.3548,-28.9364
75.2,1,0,23,6,13,-72.6674,-28.6292
75.2,2,2,23,6,13,-72.5992,-29.1293
75.2,3,1,23,6,13,-71.8168,-29.246
75.2,4,0,23,6,13,-71.8225,-29.7396
75.2,5,0,23,6,12,-71.7751,-28.8304
75.2,6,1,23,6,12,-71.7837,-28.7677
75.2,7,2,23,6,12,-72.1088,-30.2391
75.2,8,0,23,6,11,-72.1582,-28.399
75.2,9,1,23,6,10,-72.6599,-28.9017
75.2,10,2,23,6,11,-72.6854,-30.1538
75.2,11,0,23,6,9,-72.6974,-30.1526
75.2,12,1,23,6,9,-73.1827,-30.1536
75.2,13,2,23,6,6,-72.2787,-29.7195
75.2,14,0,23,6,6,-73.3381,-29.7192
75.3,0,1,23,6,12,-72.3496,-28.9361
75.3,1,0,23,6,13,-72.6632,-28.5458
75.3,2,2,23,6,13,-72.5842,-29.1291
75.3,3,1,23,6,13,-71.815,-29.1637
75.3,4,0,23,6,13,-71.8217,-29.7393
75.3,5,0,23,6,12,-71.7747,-28.8765
75.3,6,1,23,6,12,-71.7822,-28.7677
75.3,7,2,23,6,12,-72.1095,-30.292
75.3,8,0,23,6,11,-72.1553,-28.3991
75.3,9,1,23,6,10,-72.662,-28.9069
75.3,10,2,23,6,11,-72.6509,-30.1457
75.3,11,0,23,6,9,-72.7018,-30.1537
75.3,12,1,23,6,9,-73.1725,-30.1528
75.3,13,2,23,6,6,-72.2867,-29.7198
75.3,14,0,23,6,6,-73.3232,-29.719
75.4,0,1,23,6,12,-72.3448,-28.9359
75.4,1,0,23,6,13,-72.6596,-28.4747
75.4,2,2,23,6,13,-72.5708,-29.1288
75.4,3,1,23,6,13,-71.8135,-29.0935
75.4,4,0,23,6,13,-71.8209,-29.739
75.4,5,0,23,6,12,-71.7744,-28.9243
75.4,6,1,23,6,12,-71.7808,-28.7674
75.4,7,2,23,6,12,-72.1102,-30.3458
75.4,8,0,23,6,11,-72.1522,-28.3987
75.4,9,1,23,6,10,-72.6643,-28.9121
75.4,10,2,23,6,11,-72.6198,-30.1383
75.4,11,0,23,6,9,-72.7062,-30.1539
75.4,12,1,23,6,9,-73.1625,-30.1524
75.4,13,2,23,6,6,-72.2948,-29.7199
75.4,14,0,23,6,6,-73.3081,-29.7193
75.5,0,1,23,6,12,-72.3408,-28.9361
75.5,1,0,23,6,13,-72.6564,-28.4137
75.5,2,2,23,6,13,-72.559,-29.1289
75.5,3,1,23,6,13,-71.8122,-29.0333
75.5,4,0,23,6,13,-71.8201,-29.739
75.5,5,0,23,6,12,-71.7741,-28.9721
75.5,6,1,23,6,12,-71.7792,-28.7674
75.5,7,2,23,6,12,-72.1109,-30.3988
75.5,8,0,23,6,11,-72.1493,-28.3987
75.5,9,1,23,6,10,-72.6665,-28.9162
75.5,10,2,23,6,11,-72.5921,-30.1324
75.5,11,0,23,6,9,-72.7106,-30.1547
75.5,12,1,23,6,9,-73.1522,-30.1517
75.5,13,2,23,6,6,-72.3027,-29.72
75.5,14,0,23,6,6,-73.293,-29.7192
75.6,0,1,23,6,12,-72.3373,-28.9359
75.6,1,0,23,6,13,-72.6538,-28.3637
75.6,2,2,23,6,13,-72.5488,-29.1285
75.6,3,1,23,6,13,-71.8111,-28.9838
75.6,4,0,23,6,13,-71.8192,-29.7386
75.6,5,0,23,6,12,-71.774,-29.0162
75.6,6,1,23,6,12,-71.7777,-28.767
75.6,7,2,23,6,12,-72.1116,-30.447
75.6,8,0,23,6,11,-72.1463,-28.398
75.6,9,1,23,6,10,-72.6606,-28.9199
75.6,10,2,23,6,11,-72.5678,-30.1269
75.6,11,0,23,6,9,-72.7149,-30.1553
75.6,12,1,23,6,9,-73.1329,-30.151
75.6,13,2,23,6,6,-72.3106,-29.7201
75.6,14,0,23,6,6,-73.2775,-29.7189
75.7,0,1,23,6,12,-72.3344,-28.9358
75.7,1,0,23,6,13,-72.6517,-28.3228
75.7,2,2,23,6,13,-72.5403,-29.1283
75.7,3,1,23,6,13,-71.8103,-28.9433
75.7,4,0,23,6,13,-71.8183,-29.7381
75.7,5,0,23,6,12,-71.7738,-29.0557
75.7,6,1,23,6,12,-71.776,-28.766
75.7,7,2,23,6,12,-72.1122,-30.49
75.7,8,0,23,6,11,-72.1434,-28.3973
75.7,9,1,23,6,10,-72.6628,-28.9226
75.7,10,2,23,6,11,-72.5468,-30.1221
75.7,11,0,23,6,9,-72.7193,-30.1556
75.7,12,1,23,6,9,-73.1226,-30.1503
75.7,13,2,23,6,6,-72.3185,-29.7205
75.7,14,0,23,6,6,-73.262,-29.7192
75.8,0,1,23,6,12,-72.3321,-28.9361
75.8,1,0,23,6,13,-72.6499,-28.2902
75.8,2,2,23,6,13,-72.5333,-29.1283
75.8,3,1,23,6,13,-71.8097,-28.9111
75.8,4,0,23,6,13,-71.8175,-29.738
75.8,5,0,23,6,12,-71.7739,-29.0886
75.8,6,1,23,6,12,-71.7746,-28.7649
75.8,7,2,23,6,12,-72.1127,-30.5252
75.8,8,0,23,6,11,-72.1403,-28.3958
75.8,9,1,23,6,10,-72.6649,-28.925
75.8,10,2,23,6,11,-72.5289,-30.1176
75.8,11,0,23,6,9,-72.7236,-30.1556
75.8,12,1,23,6,9,-73.1123,-30.1501
75.8,13,2,23,6,6,-72.3263,-29.7204
75.8,14,0,23,6,6,-73.2462,-29.7191
75.9,0,1,23,6,12,-72.3304,-28.936
75.9,1,0,23,6,13,-72.6488,-28.2663
75.9,2,2,23,6,13,-72.528,-29.1279
75.9,3,1,23,6,13,-71.8093,-28.8873
75.9,4,0,23,6,13,-71.8166,-29.7373
75.9,5,0,23,6,12,-71.774,-29.1144
75.9,6,1,23,6,12,-71.773,-28.7639
75.9,7,2,23,6,12,-72.1133,-30.5527
75.9,8,0,23,6,11,-72.1374,-28.3944
75.9,9,1,23,6,10,-72.667,-28.926
75.9,10,2,23,6,11,-72.5142,-30.114
75.9,11,0,23,6,9,-72.7279,-30.1557
75.9,12,1,23,6,9,-73.1018,-30.1494
75.9,13,2,23,6,6,-72.3341,-29.7209
75.9,14,0,23,6,6,-73.2303,-29.7192
76,0,1,23,6,12,-72.3292,-28.9364
76,1,0,23,6,13,-72.6482,-28.25
76,2,2,23,6,13,-72.5241,-29.1278
76,3,1,23,6,13,-71.8091,-28.8709
76,4,0,23,6,13,-71.8156,-29.737
76,5,0,23,6,12,-71.7741,-29.1321
76,6,1,23,6,12,-71.7712,-28.7616
76,7,2,23,6,12,-72.1065,-30.571
76,8,0,23,6,11,-72.1343,-28.3922
76,9,1,23,6,10,-72.6691,-28.9267
76,10,2,23,6,11,-72.5025,-30.1103
76,11,0,23,6,9,-72.7322,-30.1554
76,12,1,23,6,9,-73.0914,-30.1488
76,13,2,23,6,6,-72.3418,-29.7215
76,14,0,23,6,6,-73.2142,-29.7192
76.1,0,1,23,6,12,-72.3287,-28.9365
76.1,1,0,23,6,13,-72.6479,-28.2405
76.1,2,2,23,6,13,-72.5217,-29.1274
76.1,3,1,23,6,13,-71.8092,-28.8616
76.1,4,0,23,6,13,-71.8145,-29.7362
76.1,5,0,23,6,12,-71.7743,-29.1426
76.1,6,1,23,6,12,-71.7696,-28.759
76.1,7,2,23,6,12,-72.1067,-30.5814
76.1,8,0,23,6,11,-72.1314,-28.3897
76.1,9,1,23,6,10,-72.671,-28.9261
76.1,10,2,23,6,11,-72.4936,-30.107
76.1,11,0,23,6,9,-72.7364,-30.1552
76.1,12,1,23,6,9,-73.0808,-30.1482
76.1,13,2,23,6,6,-72.3495,-29.7218
76.1,14,0,23,6,6,-73.1979,-29.719
76.2,0,1,23,6,12,-72.3286,-28.9366
76.2,1,0,23,6,13,-72.6481,-28.2375
76.2,2,2,23,6,13,-72.5206,-29.127
76.2,3,1,23,6,13,-71.8095,-28.8584
76.2,4,0,23,6,13,-71.8135,-29.7351
76.2,5,0,23,6,12,-71.7746,-29.145
76.2,6,1,23,6,12,-71.7679,-28.7558
76.2,7,2,23,6,12,-72.1067,-30.5827
76.2,8,0,23,6,11,-72.1283,-28.3866
76.2,9,1,23,6,10,-72.673,-28.9248
76.2,10,2,23,6,11,-72.4873,-30.1036
76.2,11,0,23,6,9,-72.7406,-30.1548
76.2,12,1,23,6,9,-73.0703,-30.1481
76.2,13,2,23,6,6,-72.3571,-29.7224
76.2,14,0,23,6,6,-73.1816,-29.7195
76.3,0,1,23,6,12,-72.329,-28.9368
76.3,1,0,23,6,13,-72.6487,-28.2413
76.3,2,2,23,6,13,-72.521,-29.1264
76.3,3,1,23,6,13,-71.8099,-28.8619
76.3,4,0,23,6,13,-71.8124,-29.734
76.3,5,0,23,6,12,-71.7749,-29.1403
76.3,6,1,23,6,12,-71.766,-28.7515
76.3,7,2,23,6,12,-72.1064,-30.5758
76.3,8,0,23,6,11,-72.1253,-28.3828
76.3,9,1,23,6,10,-72.6748,-28.9225
76.3,10,2,23,6,11,-72.4837,-30.1005
76.3,11,0,23,6,9,-72.7448,-30.1538
76.3,12,1,23,6,9,-73.0598,-30.1475
76.3,13,2,23,6,6,-72.3646,-29.7233
76.3,14,0,23,6,6,-73.1649,-29.7195
76.4,0,1,23,6,12,-72.3298,-28.9372
76.4,1,0,23,6,13,-72.6499,-28.2509
76.4,2,2,23,6,13,-72.5225,-29.1259
76.4,3,1,23,6,13,-71.8108,-28.8711
76.4,4,0,23,6,13,-71.8112,-29.7327
76.4,5,0,23,6,12,-71.7754,-29.1284
76.4,6,1,23,6,12,-71.7643,-28.7466
76.4,7,2,23,6,12,-72.106,-30.5611
76.4,8,0,23,6,11,-72.1222,-28.378
76.4,9,1,23,6,10,-72.6767,-28.9199
76.4,10,2,23,6,11,-72.4824,-30.0968
76.4,11,0,23,6,9,-72.7489,-30.1526
76.4,12,1,23,6,9,-73.0491,-30.1469
76.4,13,2,23,6,6,-72.3721,-29.7243
76.4,14,0,23,6,6,-73.1481,-29.7196
76.5,0,1,23,6,12,-72.3312,-28.9376
76.5,1,0,23,6,13,-72.6513,-28.266
76.5,2,2,23,6,13,-72.5251,-29.1254
76.5,3,1,23,6,13,-71.8116,-28.8858
76.5,4,0,23,6,13,-71.81,-29.7312
76.5,5,0,23,6,12,-71.776,-29.1109
76.5,6,1,23,6,12,-71.7624,-28.7408
76.5,7,2,23,6,12,-72.1055,-30.5399
76.5,8,0,23,6,11,-72.1191,-28.373
76.5,9,1,23,6,10,-72.6783,-28.9164
76.5,10,2,23,6,11,-72.483,-30.0933
76.5,11,0,23,6,9,-72.7529,-30.1516
76.5,12,1,23,6,9,-73.0385,-30.1467
76.5,13,2,23,6,6,-72.3794,-29.7251
76.5,14,0,23,6,6,-73.1312,-29.7193
76.6,0,1,23,6,12,-72.3329,-28.9382
76.6,1,0,23,6,13,-72.6532,-28.2867
76.6,2,2,23,6,13,-72.5288,-29.1248
76.6,3,1,23,6,13,-71.8127,-28.906
76.6,4,0,23,6,13,-71.8086,-29.7295
76.6,5,0,23,6,12,-71.7765,-29.0881
76.6,6,1,23,6,12,-71.7604,-28.7337
76.6,7,2,23,6,12,-72.1046,-30.5127
76.6,8,0,23,6,11,-72.116,-28.3667
76.6,9,1,23,6,10,-72.68,-28.9119
76.6,10,2,23,6,11,-72.4859,-30.0891
76.6,11,0,23,6,9,-72.757,-30.15
76.6,12,1,23,6,9,-73.0278,-30.1461
76.6,13,2,23,6,6,-72.3867,-29.7265
76.6,14,0,23,6,6,-73.1142,-29.7193
76.7,0,1,23,6,12,-72.3349,-28.9392
76.7,1,0,23,6,13,-72.6555,-28.3118
76.7,2,2,23,6,13,-72.5333,-29.1245
76.7,3,1,23,6,13,-71.814,-28.9306
76.7,4,0,23,6,13,-71.8072,-29.728
76.7,5,0,23,6,12,-71.7772,-29.0612
76.7,6,1,23,6,12,-71.7585,-28.7257
76.7,7,2,23,6,12,-72.1036,-30.4808
76.7,8,0,23,6,11,-72.1128,-28.3598
76.7,9,1,23,6,10,-72.6816,-28.9069
76.7,10,2,23,6,11,-72.4902,-30.0847
76.7,11,0,23,6,9,-72.7609,-30.1485
76.7,12,1,23,6,9,-73.0171,-30.1456
76.7,13,2,23,6,6,-72.3938,-29.7278
76.7,14,0,23,6,6,-73.097,-29.7194
76.8,0,1,23,6,12,-72.3371,-28.9401
76.8,1,0,23,6,13,-72.658,-28.3417
76.8,2,2,23,6,13,-72.5386,-29.1238
76.8,3,1,23,6,13,-71.8155,-28.9598
76.8,4,0,23,6,13,-71.8057,-29.726
76.8,5,0,23,6,12,-71.7778,-29.0309
76.8,6,1,23,6,12,-71.7564,-28.7155
76.8,7,2,23,6,12,-72.1022,-30.4447
76.8,8,0,23,6,11,-72.1095,-28.3519
76.8,9,1,23,6,10,-72.683,-28.901
76.8,10,2,23,6,11,-72.4962,-30.0798
76.8,11,0,23,6,9,-72.7649,-30.1465
76.8,12,1,23,6,9,-73.0064,-30.1455
76.8,13,2,23,6,6,-72.4009,-29.7293
76.8,14,0,23,6,6,-73.0797,-29.7195
76.9,0,1,23,6,12,-72.3397,-28.941
76.9,1,0,23,6,13,-72.6608,-28.3764
76.9,2,2,23,6,13,-72.5446,-29.123
76.9,3,1,23,6,13,-71.8171,-28.9937
76.9,4,0,23,6,13,-71.8041,-29.7235
76.9,5,0,23,6,12,-71.7785,-28.998
76.9,6,1,23,6,12,-71.7543,-28.7049
76.9,7,2,23,6,12,-72.1007,-30.4055
76.9,8,0,23,6,11,-72.1062,-28.3435
76.9,9,1,23,6,10,-72.6843,-28.894
76.9,10,2,23,6,11,-72.5035,-30.0747
76.9,11,0,23,6,9,-72.7687,-30.1445
76.9,12,1,23,6,9,-72.9958,-30.1454
76.9,13,2,23,6,6,-72.4079,-29.7308
76.9,14,0,23,6,6,-73.0623,-29.7199
77,0,1,23,6,12,-72.3351,-28.9421
77,1,0,23,6,13,-72.6641,-28.4145
77,2,2,23,6,13,-72.551,-29.1222
77,3,1,23,6,13,-71.8189,-29.031
77,4,0,23,6,13,-71.7958,-29.7209
77,5,0,23,6,12,-71.7791,-28.9649
77,6,1,23,6,12,-71.7521,-28.6928
77,7,2,23,6,12,-72.0989,-30.3658
77,8,0,23,6,12,-72.1031,-30.0565
77,9,1,23,6,11,-72.6856,-30.9955
77,10,2,23,6,11,-72.5118,-30.0685
77,11,0,23,6,9,-72.7726,-30.1424
77,12,1,23,6,9,-72.9851,-30.1453
77,13,2,23,6,6,-72.4149,-29.7327
77,14,0,23,6,6,-73.0448,-29.7196
77.1,0,1,23,6,12,-72.338,-28.9433
77.1,1,0,23,6,13,-72.6675,-28.4566
77.1,2,2,23,6,13,-72.5581,-29.1212
77.1,3,1,23,6,13,-71.8208,-29.0724
77.1,4,0,23,6,13,-71.7875,-29.7181
77.1,5,0,23,6,12,-71.78,-28.9307
77.1,6,2,23,6,12,-71.7498,-28.679
77.1,7,2,23,6,12,-72.0969,-30.3242
77.1,8,1,23,6,12,-72.0998,-30.0417
77.1,9,1,23,6,11,-72.6868,-30.9276
77.1,10,0,23,6,11,-72.5214,-30.0618
77.1,11,0,23,6,9,-72.7764,-30.1398
77.1,12,2,23,6,9,-72.9744,-30.1452
77.1,13,2,23,6,6,-72.4218,-29.7353
77.1,14,1,23,6,6,-73.0272,-29.7197
77.2,0,1,23,6,12,-72.341,-28.9446
77.2,1,0,23,6,13,-72.6712,-28.5014
77.2,2,2,23,6,13,-72.5653,-29.1202
77.2,3,1,23,6,13,-71.823,-29.1164
77.2,4,0,23,6,13,-71.7856,-29.715
77.2,5,0,23,6,12,-71.7807,-28.8977
77.2,6,2,23,6,12,-71.7476,-28.6642
77.2,7,2,23,6,12,-72.0947,-30.2837
77.2,8,1,23,6,12,-72.0965,-30.0259
77.2,9,1,23,6,11,-72.6878,-30.8573
77.2,10,0,23,6,11,-72.532,-30.0544
77.2,11,0,23,6,9,-72.78,-30.1371
77.2,12,2,23,6,9,-72.9636,-30.1455
77.2,13,2,23,6,6,-72.4287,-29.7374
77.2,14,1,23,6,6,-73.0096,-29.7197
77.3,0,1,23,6,12,-72.3444,-28.9463
77.3,1,0,23,6,13,-72.6753,-28.5496
77.3,2,2,23,6,13,-72.5733,-29.1194
77.3,3,1,23,6,13,-71.8254,-29.1637
77.3,4,0,23,6,13,-71.7839,-29.7118
77.3,5,0,23,6,12,-71.7817,-28.8659
77.3,6,2,23,6,12,-71.7455,-28.6476
77.3,7,2,23,6,12,-72.0925,-30.2441
77.3,8,1,23,6,12,-72.0936,-30.0081
77.3,9,1,23,6,11,-72.689,-30.7841
77.3,10,0,23,6,11,-72.5433,-30.0461
77.3,11,0,23,6,9,-72.784,-30.1341
77.3,12,2,23,6,9,-72.9539,-30.1458
77.3,13,2,23,6,6,-72.4356,-29.7404
77.3,14,1,23,6,6,-72.993,-29.7197
77.4,0,1,23,6,12,-72.3478,-28.9478
77.4,1,0,23,6,13,-72.6715,-28.5998
77.4,2,2,23,6,13,-72.5812,-29.1184
77.4,3,1,23,6,13,-71.8279,-29.213
77.4,4,0,23,6,13,-71.7821,-29.7083
77.4,5,0,23,6,12,-71.7826,-28.8371
77.4,6,2,23,6,12,-71.7435,-28.6298
77.4,7,2,23,6,12,-72.0901,-30.2072
77.4,8,1,23,6,12,-72.0908,-29.9891
77.4,9,1,23,6,11,-72.69,-30.71
77.4,10,0,23,6,11,-72.5548,-30.0372
77.4,11,0,23,6,9,-72.7877,-30.1311
77.4,12,2,23,6,9,-72.9442,-30.1461
77.4,13,2,23,6,6,-72.4424,-29.7436
77.4,14,1,23,6,6,-72.9764,-29.7199
77.5,0,1,23,6,12,-72.3513,-28.9499
77.5,1,0,23,6,13,-72.6761,-28.653
77.5,2,2,23,6,13,-72.5893,-29.1175
77.5,3,1,23,6,13,-71.8307,-29.2653
77.5,4,0,23,6,13,-71.7803,-29.7047
77.5,5,0,23,6,12,-71.7837,-28.8105
77.5,6,2,23,6,12,-71.7414,-28.6101
77.5,7,2,23,6,12,-72.0876,-30.1725
77.5,8,1,23,6,12,-72.088,-29.968
77.5,9,1,23,6,11,-72.6911,-30.6344
77.5,10,0,23,6,11,-72.5667,-30.0275
77.5,11,0,23,6,9,-72.7916,-30.1281
77.5,12,2,23,6,9,-72.9346,-30.1466
77.5,13,2,23,6,6,-72.4492,-29.747
77.5,14,1,23,6,6,-72.9597,-29.7198
77.6,0,1,23,6,12,-72.3549,-28.9521
77.6,1,0,23,6,13,-72.6806,-28.7071
77.6,2,2,23,6,13,-72.5975,-29.1166
77.6,3,1,23,6,13,-71.8335,-29.3186
77.6,4,0,23,6,13,-71.7784,-29.7008
77.6,5,0,23,6,12,-71.7846,-28.7872
77.6,6,2,23,6,12,-71.7393,-28.5892
77.6,7,2,23,6,12,-72.085,-30.1411
77.6,8,1,23,6,12,-72.0851,-29.9456
77.6,9,1,23,6,11,-72.692,-30.5588
77.6,10,0,23,6,11,-72.5787,-30.0169
77.6,11,0,23,6,9,-72.7954,-30.1246
77.6,12,2,23,6,9,-72.9251,-30.1473
77.6,13,2,23,6,6,-72.4559,-29.7504
77.6,14,1,23,6,6,-72.9431,-29.7199
77.7,0,1,23,6,12,-72.3585,-28.9544
77.7,1,0,23,6,13,-72.6854,-28.762
77.7,2,2,23,6,13,-72.6055,-29.1156
77.7,3,1,23,6,13,-71.8363,-29.3725
77.7,4,0,23,6,13,-71.7766,-29.6967
77.7,5,0,23,6,12,-71.7857,-28.7678
77.7,6,2,23,6,12,-71.7371,-28.5671
77.7,7,2,23,6,12,-72.0824,-30.1136
77.7,8,1,23,6,12,-72.0822,-29.9219
77.7,9,1,23,6,11,-72.6928,-30.4843
77.7,10,0,23,6,11,-72.5905,-30.0055
77.7,11,0,23,6,9,-72.7991,-30.1212
77.7,12,2,23,6,9,-72.9156,-30.1483
77.7,13,2,23,6,6,-72.4626,-29.7541
77.7,14,1,23,6,6,-72.9265,-29.7199
77.8,0,1,23,6,12,-72.3621,-28.9567
77.8,1,0,23,6,13,-72.6903,-28.8182
77.8,2,2,23,6,13,-72.6135,-29.1143
77.8,3,1,23,6,13,-71.8329,-29.4278
77.8,4,0,23,6,13,-71.7746,-29.6922
77.8,5,0,23,6,12,-71.7868,-28.7522
77.8,6,2,23,6,12,-71.735,-28.543
77.8,7,2,23,6,12,-72.0798,-30.0899
77.8,8,1,23,6,12,-72.0794,-29.8961
77.8,9,1,23,6,11,-72.6937,-30.4101
77.8,10,0,23,6,11,-72.6023,-29.9934
77.8,11,0,23,6,9,-72.8031,-30.1175
77.8,12,2,23,6,9,-72.9063,-30.1493
77.8,13,2,23,6,6,-72.4694,-29.7584
77.8,14,1,23,6,6,-72.9014,-29.7199
77.9,0,1,23,6,12,-72.3656,-28.9583
77.9,1,0,23,6,13,-72.6952,-28.8744
77.9,2,2,23,6,13,-72.6212,-29.1123
77.9,3,1,23,6,13,-71.8359,-29.4831
77.9,4,0,23,6,13,-71.7726,-29.6866
77.9,5,0,23,6,12,-71.7879,-28.7407
77.9,6,2,23,6,12,-71.7328,-28.5172
77.9,7,2,23,6,12,-72.077,-30.0705
77.9,8,1,23,6,12,-72.0765,-29.8685
77.9,9,1,23,6,11,-72.6942,-30.3376
77.9,10,0,23,6,11,-72.6136,-29.9807
77.9,11,0,23,6,9,-72.8069,-30.1139
77.9,12,2,23,6,9,-72.8969,-30.1502
77.9,13,2,23,6,6,-72.4761,-29.7627
77.9,14,1,23,6,6,-72.8848,-29.7203
78,0,1,23,6,12,-72.3691,-28.9594
78,1,0,23,6,13,-72.7002,-28.9301
78,2,2,23,6,13,-72.6287,-29.1094
78,3,1,23,6,13,-71.8392,-29.538
78,4,0,23,6,13,-71.7704,-29.68
78,5,0,23,6,12,-71.789,-28.7327
78,6,2,23,6,12,-71.7307,-28.4902
78,7,2,23,6,12,-72.0745,-30.0549
78,8,1,23,6,12,-72.0738,-29.8397
78,9,1,23,6,11,-72.6945,-30.2669
78,10,0,23,6,11,-72.6245,-29.9675
78,11,0,23,6,9,-72.8108,-30.1101
78,12,2,23,6,9,-72.8878,-30.1518
78,13,2,23,6,6,-72.4829,-29.7674
78,14,1,23,6,6,-72.8684,-29.7201
78.1,0,1,23,6,12,-72.3726,-28.9595
78.1,1,0,23,6,13,-72.705,-28.9854
78.1,2,2,23,6,13,-72.6359,-29.1054
78.1,3,1,23,6,13,-71.8426,-29.5924
78.1,4,0,23,6,13,-71.7684,-29.6721
78.1,5,0,23,6,12,-71.7902,-28.7284
78.1,6,2,23,6,12,-71.7285,-28.4612
78.1,7,2,23,6,12,-72.072,-30.0432
78.1,8,1,23,6,12,-72.0711,-29.8089
78.1,9,1,23,6,11,-72.6943,-30.1981
78.1,10,0,23,6,11,-72.635,-29.9548
78.1,11,0,23,6,9,-72.8146,-30.106
78.1,12,2,23,6,9,-72.8787,-30.1536
78.1,13,2,23,6,6,-72.4896,-29.7723
78.1,14,1,23,6,6,-72.852,-29.72
78.2,0,1,23,6,12,-72.3759,-28.9576
78.2,1,0,23,6,13,-72.7097,-29.0391
78.2,2,2,23,6,13,-72.6427,-29.0991
78.2,3,1,23,6,13,-71.8461,-29.6454
78.2,4,0,23,6,13,-71.7663,-29.6618
78.2,5,0,23,6,12,-71.7916,-28.7273
78.2,6,2,23,6,12,-71.7263,-28.4303
78.2,7,2,23,6,12,-72.0697,-30.0351
78.2,8,1,23,6,12,-72.0683,-29.7761
78.2,9,1,23,6,11,-72.6937,-30.1321
78.2,10,0,23,6,11,-72.6446,-29.9425
78.2,11,0,23,6,9,-72.8186,-30.1022
78.2,12,2,23,6,9,-72.8698,-30.1552
78.2,13,2,23,6,6,-72.4964,-29.7778
78.2,14,1,23,6,6,-72.8357,-29.72
78.3,0,1,23,6,12,-72.3791,-28.9543
78.3,1,0,23,6,13,-72.7143,-29.0914
78.3,2,2,23,6,13,-72.6411,-29.0913
78.3,3,1,23,6,13,-71.8496,-29.6969
78.3,4,0,23,6,13,-71.7641,-29.6498
78.3,5,0,23,6,12,-71.7862,-28.7294
78.3,6,2,23,6,12,-71.7241,-28.3967
78.3,7,2,23,6,12,-72.0672,-30.0304
78.3,8,1,23,6,12,-72.0658,-29.7409
78.3,9,1,23,6,11,-72.6926,-30.0677
78.3,10,0,23,6,11,-72.6539,-29.9299
78.3,11,0,23,6,9,-72.8227,-30.0984
78.3,12,2,23,6,9,-72.8611,-30.1574
78.3,13,2,23,6,6,-72.5032,-29.7835
78.3,14,1,23,6,6,-72.8196,-29.7205
78.4,0,1,23,6,12,-72.3821,-28.9494
78.4,1,0,23,6,13,-72.7186,-29.1416
78.4,2,2,23,6,13,-72.647,-29.0816
78.4,3,1,23,6,13,-71.8533,-29.7465
78.4,4,0,23,6,13,-71.7619,-29.6356
78.4,5,0,23,6,12,-71.7875,-28.7335
78.4,6,2,23,6,12,-71.7219,-28.3619
78.4,7,2,23,6,12,-72.0652,-30.0283
78.4,8,1,23,6,12,-72.0631,-29.7042
78.4,9,1,23,6,11,-72.6909,-30.0066
78.4,10,0,23,6,11,-72.6621,-29.9184
78.4,11,0,23,6,9,-72.8267,-30.0944
78.4,12,2,23,6,9,-72.8525,-30.1593
78.4,13,2,23,6,6,-72.51,-29.7891
78.4,14,1,23,6,6,-72.8035,-29.7205
78.5,0,1,23,6,12,-72.3849,-28.9964
78.5,1,0,23,6,13,-72.7226,-29.1893
78.5,2,2,23,6,13,-72.6525,-29.0689
78.5,3,1,23,6,13,-71.857,-29.7935
78.5,4,0,23,6,13,-71.7597,-29.6184
78.5,5,0,23,6,12,-71.7889,-28.7398
78.5,6,2,23,6,12,-71.7197,-28.3248
78.5,7,2,23,6,12,-72.0631,-30.0286
78.5,8,1,23,6,12,-72.0605,-29.6654
78.5,9,1,23,6,11,-72.6885,-29.948
78.5,10,0,23,6,11,-72.6698,-29.9075
78.5,11,0,23,6,9,-72.8224,-30.09
78.5,12,2,23,6,9,-72.844,-30.1619
78.5,13,2,23,6,6,-72.5169,-29.7954
78.5,14,1,23,6,6,-72.7876,-29.7205
78.6,0,1,23,6,12,-72.3875,-29.041
78.6,1,0,23,6,13,-72.7261,-29.234
78.6,2,2,23,6,13,-72.6573,-29.0527
78.6,3,1,23,6,13,-71.861,-29.8376
78.6,4,0,23,6,13,-71.7573,-29.5974
78.6,5,0,23,6,12,-71.7903,-28.7473
78.6,6,2,23,6,12,-71.7175,-28.2849
78.6,7,2,23,6,12,-72.0611,-30.0305
78.6,8,1,23,6,12,-72.0579,-29.624
78.6,9,1,23,6,11,-72.6852,-29.8923
78.6,10,0,23,6,11,-72.6765,-29.8982
78.6,11,0,23,6,9,-72.8265,-30.0858
78.6,12,2,23,6,9,-72.8358,-30.165
78.6,13,2,23,6,6,-72.5238,-29.8019
78.6,14,1,23,6,6,-72.7719,-29.7206
78.7,0,1,23,6,12,-72.3899,-29.0826
78.7,1,0,23,6,13,-72.7292,-29.2756
78.7,2,2,23,6,13,-72.6616,-29.0332
78.7,3,1,23,6,13,-71.8649,-29.8788
78.7,4,0,23,6,13,-71.755,-29.5731
78.7,5,0,23,6,12,-71.7919,-28.7559
78.7,6,2,23,6,12,-71.7152,-28.243
78.7,7,2,23,6,12,-72.0594,-30.0338
78.7,8,1,23,6,12,-72.0553,-29.5807
78.7,9,1,23,6,11,-72.681,-29.8394
78.7,10,0,23,6,11,-72.6823,-29.8906
78.7,11,0,23,6,9,-72.8307,-30.0814
78.7,12,2,23,6,9,-72.8276,-30.1675
78.7,13,2,23,6,6,-72.5307,-29.8089
78.7,14,1,23,6,6,-72.7563,-29.7208
78.8,0,1,23,6,12,-72.392,-29.1215
78.8,1,0,23,6,13,-72.7319,-29.3145
78.8,2,2,23,6,13,-72.6653,-29.0108
78.8,3,1,23,6,13,-71.869,-29.9172
78.8,4,0,23,6,13,-71.7525,-29.5456
78.8,5,0,23,6,12,-71.7935,-28.7651
78.8,6,2,23,6,12,-71.713,-28.1989
78.8,7,2,23,6,12,-72.0575,-30.038
78.8,8,1,23,6,12,-72.0528,-29.5354
78.8,9,1,23,6,11,-72.6761,-29.7893
78.8,10,0,23,6,11,-72.6874,-29.8843
78.8,11,0,23,6,9,-72.8348,-30.0772
78.8,12,2,23,6,9,-72.8197,-30.1707
78.8,13,2,23,6,6,-72.5376,-29.8157
78.8,14,1,23,6,6,-72.7409,-29.7205
78.9,0,1,23,6,12,-72.3937,-29.1559
78.9,1,0,23,6,13,-72.734,-29.3489
78.9,2,2,23,6,13,-72.6684,-28.9843
78.9,3,1,23,6,13,-71.8731,-29.9513
78.9,4,0,23,6,13,-71.75,-29.514
78.9,5,0,23,6,12,-71.7952,-28.7743
78.9,6,2,23,6,12,-71.7108,-28.1532
78.9,7,2,23,6,12,-72.0489,-30.0426
78.9,8,1,23,6,12,-72.0502,-29.4887
78.9,9,1,23,6,11,-72.67,-29.7421
78.9,10,0,23,6,11,-72.6914,-29.8802
78.9,11,0,23,6,9,-72.8391,-30.073
78.9,12,2,23,6,9,-72.8119,-30.1741
78.9,13,2,23,6,6,-72.5446,-29.8231
78.9,14,1,23,6,6,-72.7258,-29.7207
79,0,1,23,6,12,-72.3953,-29.1872
79,1,0,23,6,13,-72.7358,-29.3803
79,2,2,23,6,13,-72.6711,-28.964
79,3,1,23,6,13,-71.8763,-29.9824
79,4,0,23,6,13,-71.7478,-29.4899
79,5,0,23,6,12,-71.7962,-28.7839
79,6,2,23,6,12,-71.7089,-28.1171
79,7,2,23,6,12,-72.0471,-30.0476
79,8,1,23,6,12,-72.0482,-29.4519
79,9,1,23,6,11,-72.6654,-29.7013
79,10,0,23,6,11,-72.6951,-29.8756
79,11,0,23,6,9,-72.8432,-30.0697
79,12,2,23,6,9,-72.8046,-30.1775
79,13,2,23,6,6,-72.5518,-29.8285
79,14,1,23,6,6,-72.7112,-29.7209
79.1,0,1,23,6,12,-72.3965,-29.2141
79.1,1,0,23,6,13,-72.737,-29.4073
79.1,2,2,23,6,13,-72.6734,-28.9504
79.1,3,1,23,6,13,-71.8785,-30.009
79.1,4,0,23,6,13,-71.7459,-29.4739
79.1,5,0,23,6,12,-71.7967,-28.7919
79.1,6,2,23,6,12,-71.7073,-28.0914
79.1,7,2,23,6,12,-72.0453,-30.0513
79.1,8,1,23,6,12,-72.0464,-29.4254
79.1,9,1,23,6,11,-72.6622,-29.6677
79.1,10,0,23,6,11,-72.698,-29.8709
79.1,11,0,23,6,9,-72.847,-30.0673
79.1,12,2,23,6,9,-72.7978,-30.1813
79.1,13,2,23,6,6,-72.559,-29.8318
79.1,14,1,23,6,6,-72.6969,-29.7207
79.2,0,1,23,6,12,-72.3972,-29.2375
79.2,1,0,23,6,13,-72.7371,-29.4307
79.2,2,2,23,6,13,-72.6753,-28.9385
79.2,3,1,23,6,13,-71.8796,-30.0323
79.2,4,0,23,6,13,-71.7441,-29.4609
79.2,5,0,23,6,12,-71.7965,-28.7995
79.2,6,2,23,6,12,-71.7061,-28.0778
79.2,7,2,23,6,12,-72.0434,-30.0546
79.2,8,1,23,6,12,-72.045,-29.4118
79.2,9,1,23,6,11,-72.6516,-29.6415
79.2,10,0,23,6,11,-72.7006,-29.8712
79.2,11,0,23,6,9,-72.8503,-30.0649
79.2,12,2,23,6,9,-72.7915,-30.1853
79.2,13,2,23,6,6,-72.5661,-29.8328
79.2,14,1,23,6,6,-72.6831,-29.7209
79.3,0,1,23,6,12,-72.3972,-29.2569
79.3,1,0,23,6,13,-72.736,-29.4501
79.3,2,2,23,6,13,-72.6764,-28.9288
79.3,3,1,23,6,13,-71.8797,-30.0515
79.3,4,0,23,6,13,-71.7425,-29.4512
79.3,5,0,23,6,12,-71.7955,-28.8059
79.3,6,2,23,6,12,-71.7052,-28.0754
79.3,7,2,23,6,12,-72.0413,-30.0567
79.3,8,1,23,6,12,-72.0441,-29.41
79.3,9,1,23,6,11,-72.6493,-29.6222
79.3,10,0,23,6,11,-72.7025,-29.8762
79.3,11,0,23,6,9,-72.8529,-30.0628
79.3,12,2,23,6,9,-72.7856,-30.1897
79.3,13,2,23,6,6,-72.573,-29.8317
79.3,14,1,23,6,6,-72.6698,-29.7209
79.4,0,1,23,6,12,-72.3965,-29.2723
79.4,1,0,23,6,13,-72.7336,-29.4657
79.4,2,2,23,6,13,-72.6769,-28.9201
79.4,3,1,23,6,13,-71.8785,-30.067
79.4,4,0,23,6,13,-71.741,-29.4437
79.4,5,0,23,6,12,-71.7939,-28.811
79.4,6,2,23,6,12,-71.7045,-28.0837
79.4,7,2,23,6,12,-72.0391,-30.0575
79.4,8,1,23,6,12,-72.0434,-29.4196
79.4,9,1,23,6,11,-72.6471,-29.6083
79.4,10,0,23,6,11,-72.704,-29.8873
79.4,11,0,23,6,9,-72.8545,-30.0598
79.4,12,2,23,6,9,-72.7803,-30.1939
79.4,13,2,23,6,6,-72.5793,-29.8277
79.4,14,1,23,6,6,-72.657,-29.7212
79.5,0,1,23,6,12,-72.395,-29.2839
79.5,1,0,23,6,13,-72.7297,-29.4772
79.5,2,2,23,6,13,-72.6765,-28.9131
79.5,3,1,23,6,13,-71.8762,-30.0786
79.5,4,0,23,6,13,-71.7395,-29.4388
79.5,5,0,23,6,12,-71.7914,-28.8147
79.5,6,2,23,6,12,-71.7039,-28.101
79.5,7,2,23,6,12,-72.0363,-30.0567
79.5,8,1,23,6,12,-72.0429,-29.4388
79.5,9,1,23,6,11,-72.6448,-29.6
79.5,10,0,23,6,11,-72.7048,-29.9031
79.5,11,0,23,6,9,-72.8553,-30.0574
79.5,12,2,23,6,9,-72.7753,-30.1986
79.5,13,2,23,6,6,-72.5852,-29.8216
79.5,14,1,23,6,6,-72.6445,-29.7209
79.6,0,1,23,6,12,-72.393,-29.292
79.6,1,0,23,6,13,-72.7248,-29.4854
79.6,2,2,23,6,13,-72.6755,-28.9072
79.6,3,1,23,6,13,-71.8728,-30.0868
79.6,4,0,23,6,13,-71.7315,-29.4361
79.6,5,0,23,6,12,-71.7885,-28.8175
79.6,6,2,23,6,12,-71.7035,-28.1281
79.6,7,2,23,6,12,-72.0333,-30.055
79.6,8,1,23,6,12,-72.0428,-29.4682
79.6,9,1,23,6,11,-72.6344,-29.597
79.6,10,0,23,6,11,-72.7052,-29.9234
79.6,11,0,23,6,9,-72.855,-30.0536
79.6,12,2,23,6,9,-72.7707,-30.2038
79.6,13,2,23,6,6,-72.5905,-29.8127
79.6,14,1,23,6,6,-72.6326,-29.7211
79.7,0,1,23,6,12,-72.3904,-29.2957
79.7,1,0,23,6,13,-72.7193,-29.4891
79.7,2,2,23,6,13,-72.6737,-28.9071
79.7,3,1,23,6,13,-71.8683,-30.0906
79.7,4,0,23,6,13,-71.7299,-29.4399
79.7,5,0,23,6,12,-71.7847,-28.8185
79.7,6,2,23,6,12,-71.7032,-28.1597
79.7,7,2,23,6,12,-72.03,-30.0515
79.7,8,1,23,6,12,-72.0426,-29.5021
79.7,9,1,23,6,11,-72.6322,-29.5971
79.7,10,0,23,6,11,-72.7048,-29.9427
79.7,11,0,23,6,9,-72.8537,-30.0495
79.7,12,2,23,6,9,-72.7664,-30.2085
79.7,13,2,23,6,6,-72.5952,-29.8016
79.7,14,1,23,6,6,-72.6211,-29.7213
79.8,0,1,23,6,12,-72.3875,-29.2969
79.8,1,0,23,6,13,-72.7133,-29.4902
79.8,2,2,23,6,13,-72.6714,-28.9117
79.8,3,1,23,6,13,-71.8628,-30.0918
79.8,4,0,23,6,13,-71.7283,-29.4491
79.8,5,0,23,6,12,-71.7805,-28.8186
79.8,6,2,23,6,12,-71.7029,-28.1959
79.8,7,2,23,6,12,-72.0263,-30.0468
79.8,8,1,23,6,12,-72.0426,-29.5403
79.8,9,1,23,6,11,-72.63,-29.5995
79.8,10,0,23,6,11,-72.7041,-29.9613
79.8,11,0,23,6,9,-72.8514,-30.0442
79.8,12,2,23,6,9,-72.7624,-30.2135
79.8,13,2,23,6,6,-72.5993,-29.7883
79.8,14,1,23,6,6,-72.6099,-29.7211
79.9,0,1,23,6,12,-72.3843,-29.2943
79.9,1,0,23,6,13,-72.7076,-29.4878
79.9,2,2,23,6,13,-72.6686,-28.9174
79.9,3,1,23,6,13,-71.8573,-30.0896
79.9,4,0,23,6,13,-71.7266,-29.4592
79.9,5,0,23,6,12,-71.7764,-28.8171
79.9,6,2,23,6,12,-71.7025,-28.2292
79.9,7,2,23,6,12,-72.022,-30.0404
79.9,8,1,23,6,12,-72.0427,-29.5758
79.9,9,1,23,6,11,-72.6282,-29.6042
79.9,10,0,23,6,11,-72.7026,-29.9776
79.9,11,0,23,6,9,-72.8491,-30.0397
79.9,12,2,23,6,9,-72.7587,-30.2185
79.9,13,2,23,6,6,-72.6031,-29.7752
79.9,14,1,23,6,6,-72.5992,-29.7215
80,0,1,23,6,11,-73.5975,-29.2864
80,1,0,23,6,12,-72.7018,-29.4827
80,2,2,23,6,12,-73.8551,-28.714
80,3,1,23,6,12,-71.8519,-30.0849
80,4,0,23,6,12,-72.4251,-29.2625
80,5,0,23,6,11,-71.7725,-28.8149
80,6,2,23,6,11,-72.1731,-25.6817
80,7,2,23,6,0,-200,0
80,8,1,23,6,11,-72.376,-27.0539
80,9,1,23,6,10,-72.6265,-29.6109
80,10,0,23,6,10,-72.9541,-27.7387
80,11,0,23,6,8,-72.8466,-30.0339
80,12,2,23,6,9,-72.9271,-30.0289
80,13,2,23,6,5,-72.6069,-29.7622
80,14,1,23,6,6,-72.7021,-29.7048
80.1,0,1,23,6,11,-73.5947,-29.2784
80.1,1,0,23,6,12,-72.6964,-29.4746
80.1,2,2,23,6,12,-73.8525,-28.7204
80.1,3,1,23,6,12,-71.8467,-30.077
80.1,4,0,23,6,12,-72.4245,-29.2726
80.1,5,2,23,6,11,-71.7687,-28.8112
80.1,6,2,23,6,11,-72.1736,-25.7107
80.1,7,0,23,6,0,-200,0
80.1,8,1,23,6,11,-72.3766,-27.0845
80.1,9,0,23,6,10,-72.6249,-29.6195
80.1,10,0,23,6,10,-72.9518,-27.742
80.1,11,1,23,6,8,-72.8358,-30.0286
80.1,12,2,23,6,9,-72.924,-30.0337
80.1,13,2,23,6,5,-72.6105,-29.7497
80.1,14,1,23,6,6,-72.692,-29.7048
80.2,0,1,23,6,11,-73.5919,-29.2672
80.2,1,0,23,6,12,-72.6912,-29.4635
80.2,2,2,23,6,12,-73.8497,-28.7271
80.2,3,1,23,6,12,-71.8417,-30.0663
80.2,4,0,23,6,12,-72.4241,-29.2827
80.2,5,2,23,6,11,-71.7653,-28.807
80.2,6,2,23,6,11,-72.1743,-25.7398
80.2,7,0,23,6,0,-200,0
80.2,8,1,23,6,11,-72.3772,-27.115
80.2,9,0,23,6,10,-72.6235,-29.6294
80.2,10,0,23,6,10,-72.9491,-27.7447
80.2,11,1,23,6,8,-72.8331,-30.0226
80.2,12,2,23,6,9,-72.9211,-30.0385
80.2,13,2,23,6,5,-72.6139,-29.7374
80.2,14,1,23,6,6,-72.6824,-29.7051
80.3,0,1,23,6,11,-73.5893,-29.2544
80.3,1,0,23,6,12,-72.6865,-29.4507
80.3,2,2,23,6,12,-73.8466,-28.7343
80.3,3,1,23,6,12,-71.8369,-30.0538
80.3,4,0,23,6,12,-72.4238,-29.2928
80.3,5,2,23,6,11,-71.7622,-28.8017
80.3,6,2,23,6,11,-72.1749,-25.768
80.3,7,0,23,6,0,-200,0
80.3,8,1,23,6,11,-72.378,-27.1443
80.3,9,0,23,6,10,-72.6221,-29.6398
80.3,10,0,23,6,10,-72.946,-27.7462
80.3,11,1,23,6,8,-72.8307,-30.0173
80.3,12,2,23,6,9,-72.9186,-30.0426
80.3,13,2,23,6,5,-72.6172,-29.7258
80.3,14,1,23,6,6,-72.6731,-29.7047
80.4,0,1,23,6,11,-73.5868,-29.2393
80.4,1,0,23,6,12,-72.6822,-29.4357
80.4,2,2,23,6,12,-73.8433,-28.7417
80.4,3,1,23,6,12,-71.8325,-30.0391
80.4,4,0,23,6,12,-72.4234,-29.3026
80.4,5,2,23,6,11,-71.7595,-28.7963
80.4,6,2,23,6,11,-72.1754,-25.7953
80.4,7,0,23,6,0,-200,0
80.4,8,1,23,6,11,-72.3788,-27.1724
80.4,9,0,23,6,10,-72.6209,-29.6513
80.4,10,0,23,6,10,-72.9426,-27.7476
80.4,11,1,23,6,8,-72.8283,-30.0109
80.4,12,2,23,6,9,-72.9162,-30.047
80.4,13,2,23,6,5,-72.6205,-29.7151
80.4,14,1,23,6,6,-72.6643,-29.7052
80.5,0,1,23,6,11,-73.5845,-29.2222
80.5,1,0,23,6,12,-72.6783,-29.4185
80.5,2,2,23,6,12,-73.8397,-28.7493
80.5,3,1,23,6,12,-71.8285,-30.0224
80.5,4,0,23,6,12,-72.4232,-29.312
80.5,5,2,23,6,11,-71.7573,-28.7904
80.5,6,2,23,6,11,-72.1761,-25.8209
80.5,7,0,23,6,0,-200,0
80.5,8,1,23,6,11,-72.3796,-27.1985
80.5,9,0,23,6,10,-72.6199,-29.6635
80.5,10,0,23,6,10,-72.9386,-27.7476
80.5,11,1,23,6,8,-72.8261,-30.0048
80.5,12,2,23,6,9,-72.9141,-30.0506
80.5,13,2,23,6,5,-72.6237,-29.7055
80.5,14,1,23,6,6,-72.6559,-29.7048
80.6,0,1,23,6,11,-73.5824,-29.2043
80.6,1,0,23,6,12,-72.6751,-29.4006
80.6,2,2,23,6,12,-73.8361,-28.7565
80.6,3,1,23,6,12,-71.8249,-30.0049
80.6,4,0,23,6,12,-72.423,-29.3204
80.6,5,2,23,6,11,-71.7554,-28.7847
80.6,6,2,23,6,11,-72.1766,-25.8438
80.6,7,0,23,6,0,-200,0
80.6,8,1,23,6,11,-72.3803,-27.2215
80.6,9,0,23,6,10,-72.6188,-29.675
80.6,10,0,23,6,10,-72.9347,-27.7476
80.6,11,1,23,6,8,-72.8241,-29.9981
80.6,12,2,23,6,9,-72.9122,-30.0542
80.6,13,2,23,6,5,-72.611,-29.6969
80.6,14,1,23,6,6,-72.6479,-29.705
80.7,0,1,23,6,11,-73.5803,-29.1846
80.7,1,0,23,6,12,-72.6722,-29.381
80.7,2,2,23,6,12,-73.8322,-28.7623
80.7,3,1,23,6,12,-71.822,-29.9858
80.7,4,0,23,6,12,-72.4228,-29.3266
80.7,5,2,23,6,11,-71.7541,-28.7784
80.7,6,2,23,6,11,-72.1772,-25.8616
80.7,7,0,23,6,0,-200,0
80.7,8,1,23,6,11,-72.3809,-27.2392
80.7,9,0,23,6,10,-72.6173,-29.6859
80.7,10,0,23,6,10,-72.9303,-27.7468
80.7,11,1,23,6,8,-72.8224,-29.992
80.7,12,2,23,6,9,-72.9104,-30.0574
80.7,13,2,23,6,5,-72.6141,-29.6894
80.7,14,1,23,6,6,-72.6405,-29.7049
80.8,0,1,23,6,11,-73.5786,-29.1639
80.8,1,0,23,6,12,-72.6697,-29.3602
80.8,2,2,23,6,12,-73.8283,-28.7655
80.8,3,1,23,6,12,-71.8195,-29.9653
80.8,4,0,23,6,12,-72.4226,-29.3296
80.8,5,2,23,6,11,-71.7532,-28.772
80.8,6,2,23,6,11,-72.1775,-25.8713
80.8,7,0,23,6,0,-200,0
80.8,8,1,23,6,11,-72.3815,-27.2486
80.8,9,0,23,6,10,-72.6153,-29.6962
80.8,10,0,23,6,10,-72.9257,-27.7455
80.8,11,1,23,6,8,-72.821,-29.985
80.8,12,2,23,6,9,-72.909,-30.0605
80.8,13,2,23,6,5,-72.6173,-29.6834
80.8,14,1,23,6,6,-72.6334,-29.7048
80.9,0,1,23,6,11,-73.5769,-29.1427
80.9,1,0,23,6,12,-72.6676,-29.3391
80.9,2,2,23,6,12,-73.8241,-28.7657
80.9,3,1,23,6,12,-71.8178,-29.9446
80.9,4,0,23,6,12,-72.4224,-29.3286
80.9,5,2,23,6,11,-71.753,-28.7665
80.9,6,2,23,6,11,-72.1707,-25.8734
80.9,7,0,23,6,0,-200,0
80.9,8,1,23,6,11,-72.382,-27.2503
80.9,9,0,23,6,10,-72.6126,-29.7048
80.9,10,0,23,6,10,-72.9209,-27.7438
80.9,11,1,23,6,8,-72.82,-29.9782
80.9,12,2,23,6,9,-72.9077,-30.0632
80.9,13,2,23,6,5,-72.6206,-29.6786
80.9,14,1,23,6,6,-72.6268,-29.705
81,0,1,23,6,11,-73.5754,-29.1208
81,1,0,23,6,12,-72.6657,-29.3171
81,2,2,23,6,12,-73.8198,-28.7607
81,3,1,23,6,12,-71.8167,-29.9232
81,4,0,23,6,12,-72.422,-29.3218
81,5,2,23,6,11,-71.7534,-28.7611
81,6,2,23,6,11,-72.1707,-25.8632
81,7,0,23,6,0,-200,0
81,8,1,23,6,11,-72.3824,-27.2396
81,9,0,23,6,10,-72.6086,-29.7111
81,10,0,23,6,10,-72.916,-27.7415
81,11,1,23,6,8,-72.8193,-29.9711
81,12,2,23,6,9,-72.9066,-30.0656
81,13,2,23,6,5,-72.624,-29.6756
81,14,1,23,6,6,-72.6207,-29.7049
81.1,0,1,23,6,11,-73.5741,-29.0991
81.1,1,0,23,6,12,-72.664,-29.2954
81.1,2,2,23,6,12,-73.8152,-28.7504
81.1,3,1,23,6,12,-71.8165,-29.9019
81.1,4,0,23,6,12,-72.4215,-29.3086
81.1,5,2,23,6,11,-71.7544,-28.7564
81.1,6,2,23,6,11,-72.1707,-25.8403
81.1,7,0,23,6,0,-200,0
81.1,8,1,23,6,11,-72.3827,-27.2162
81.1,9,0,23,6,10,-72.6035,-29.7153
81.1,10,0,23,6,10,-72.9111,-27.7385
81.1,11,1,23,6,8,-72.8191,-29.9637
81.1,12,2,23,6,9,-72.9056,-30.0671
81.1,13,2,23,6,5,-72.6275,-29.6739
81.1,14,1,23,6,6,-72.615,-29.7048
81.2,0,1,23,6,11,-73.5726,-29.0769
81.2,1,0,23,6,12,-72.6625,-29.2734
81.2,2,2,23,6,12,-73.8106,-28.7334
81.2,3,1,23,6,12,-71.8172,-29.8803
81.2,4,0,23,6,12,-72.4209,-29.2878
81.2,5,2,23,6,11,-71.7562,-28.7518
81.2,6,2,23,6,11,-72.1705,-25.801
81.2,7,0,23,6,0,-200,0
81.2,8,1,23,6,11,-72.3827,-27.1761
81.2,9,0,23,6,10,-72.5969,-29.7169
81.2,10,0,23,6,10,-72.9061,-27.7353
81.2,11,1,23,6,8,-72.8196,-29.9561
81.2,12,2,23,6,9,-72.9048,-30.0687
81.2,13,2,23,6,5,-72.6314,-29.6744
81.2,14,1,23,6,6,-72.6098,-29.7049
81.3,0,1,23,6,11,-73.5714,-29.0551
81.3,1,0,23,6,12,-72.6609,-29.2514
81.3,2,2,23,6,12,-73.8056,-28.7088
81.3,3,1,23,6,12,-71.8187,-29.8589
81.3,4,0,23,6,12,-72.4202,-29.2584
81.3,5,2,23,6,11,-71.7587,-28.7476
81.3,6,2,23,6,11,-72.17,-25.7452
81.3,7,0,23,6,0,-200,0
81.3,8,1,23,6,11,-72.3826,-27.1201
81.3,9,0,23,6,10,-72.5886,-29.7155
81.3,10,0,23,6,10,-72.901,-27.7315
81.3,11,1,23,6,8,-72.8205,-29.9488
81.3,12,2,23,6,9,-72.9043,-30.0696
81.3,13,2,23,6,5,-72.6354,-29.6765
81.3,14,1,23,6,6,-72.6051,-29.7046
81.4,0,1,23,6,11,-73.57,-29.0331
81.4,1,0,23,6,12,-72.6592,-29.2296
81.4,2,2,23,6,12,-73.8005,-28.6749
81.4,3,1,23,6,12,-71.8211,-29.8373
81.4,4,0,23,6,12,-72.4192,-29.2187
81.4,5,2,23,6,11,-71.7619,-28.7442
81.4,6,2,23,6,11,-72.1692,-25.6688
81.4,7,0,23,6,0,-200,0
81.4,8,1,23,6,11,-72.3824,-27.0438
81.4,9,0,23,6,10,-72.5781,-29.7116
81.4,10,0,23,6,10,-72.8959,-27.7273
81.4,11,1,23,6,8,-72.8221,-29.9407
81.4,12,2,23,6,9,-72.9038,-30.0702
81.4,13,2,23,6,5,-72.6399,-29.681
81.4,14,1,23,6,6,-72.6008,-29.705
81.5,0,1,23,6,11,-73.5685,-29.0123
81.5,1,0,23,6,12,-72.6568,-29.2085
81.5,2,2,23,6,12,-73.7949,-28.6302
81.5,3,1,23,6,12,-71.8247,-29.8169
81.5,4,0,23,6,12,-72.418,-29.1672
81.5,5,2,23,6,11,-71.7658,-28.7417
81.5,6,2,23,6,11,-72.1684,-25.5675
81.5,7,0,23,6,0,-200,0
81.5,8,1,23,6,11,-72.3821,-26.9432
81.5,9,0,23,6,10,-72.5651,-29.7046
81.5,10,0,23,6,10,-72.8909,-27.7229
81.5,11,1,23,6,8,-72.8245,-29.9328
81.5,12,2,23,6,9,-72.9035,-30.0703
81.5,13,2,23,6,5,-72.6446,-29.6871
81.5,14,1,23,6,6,-72.597,-29.7047
81.6,0,1,23,6,11,-73.5665,-28.9919
81.6,1,0,23,6,12,-72.6536,-29.1882
81.6,2,2,23,6,12,-73.7891,-28.5735
81.6,3,1,23,6,12,-71.8291,-29.7967
81.6,4,0,23,6,12,-72.4165,-29.1027
81.6,5,2,23,6,11,-71.7705,-28.7393
81.6,6,2,23,6,11,-72.1672,-25.4406
81.6,7,0,23,6,0,-200,0
81.6,8,1,23,6,11,-72.3814,-26.8179
81.6,9,0,23,6,10,-72.5492,-29.6947
81.6,10,0,23,6,10,-72.8861,-27.7188
81.6,11,1,23,6,8,-72.8276,-29.925
81.6,12,2,23,6,9,-72.9034,-30.0706
81.6,13,2,23,6,5,-72.6498,-29.6957
81.6,14,1,23,6,6,-72.5938,-29.7048
81.7,0,1,23,6,11,-73.5643,-28.9719
81.7,1,0,23,6,12,-72.6498,-29.1683
81.7,2,2,23,6,12,-73.7828,-28.5053
81.7,3,1,23,6,12,-71.8348,-29.7773
81.7,4,0,23,6,12,-72.4148,-29.0257
81.7,5,2,23,6,11,-71.776,-28.7377
81.7,6,2,23,6,11,-72.1659,-25.2878
81.7,7,0,23,6,0,-200,0
81.7,8,1,23,6,11,-72.3808,-26.6677
81.7,9,0,23,6,10,-72.5307,-29.6828
81.7,10,0,23,6,10,-72.8813,-27.7138
81.7,11,1,23,6,8,-72.8315,-29.9171
81.7,12,2,23,6,9,-72.9034,-30.07
81.7,13,2,23,6,5,-72.6553,-29.7058
81.7,14,1,23,6,6,-72.591,-29.7048
81.8,0,1,23,6,11,-73.5617,-28.9534
81.8,1,0,23,6,12,-72.6446,-29.1496
81.8,2,2,23,6,12,-73.7766,-28.4304
81.8,3,1,23,6,12,-71.8404,-29.759
81.8,4,0,23,6,12,-72.4133,-28.9438
81.8,5,2,23,6,11,-71.7817,-28.7369
81.8,6,2,23,6,11,-72.1648,-25.1176
81.8,7,0,23,6,0,-200,0
81.8,8,1,23,6,11,-72.3804,-26.501
81.8,9,0,23,6,10,-72.5095,-29.6682
81.8,10,0,23,6,10,-72.8773,-27.7086
81.8,11,1,23,6,8,-72.8373,-29.913
81.8,12,2,23,6,9,-72.9041,-30.0689
81.8,13,2,23,6,5,-72.6625,-29.717
81.8,14,1,23,6,6,-72.589,-29.705
81.9,0,1,23,6,11,-73.5593,-28.9353
81.9,1,0,23,6,12,-72.6402,-29.1317
81.9,2,2,23,6,12,-73.7715,-28.3666
81.9,3,1,23,6,12,-71.8458,-29.7413
81.9,4,0,23,6,12,-72.4128,-28.8746
81.9,5,2,23,6,11,-71.7872,-28.7355
81.9,6,2,23,6,11,-72.1647,-24.9709
81.9,7,0,23,6,0,-200,0
81.9,8,1,23,6,11,-72.3809,-26.358
81.9,9,0,23,6,10,-72.493,-29.6621
81.9,10,0,23,6,10,-72.8741,-27.7031
81.9,11,1,23,6,8,-72.8443,-29.9131
81.9,12,2,23,6,9,-72.9056,-30.0675
81.9,13,2,23,6,5,-72.6706,-29.7274
81.9,14,1,23,6,6,-72.588,-29.7049
82,0,1,23,6,11,-73.5575,-28.9185
82,1,0,23,6,12,-72.6365,-29.1147
82,2,2,23,6,12,-73.7676,-28.3132
82,3,1,23,6,12,-71.8508,-29.7247
82,4,0,23,6,12,-72.4135,-28.8176
82,5,2,23,6,11,-71.7925,-28.7355
82,6,2,23,6,11,-72.1655,-24.8493
82,7,0,23,6,0,-200,0
82,8,1,23,6,11,-72.3823,-26.2402
82,9,0,23,6,10,-72.4811,-29.6643
82,10,0,23,6,10,-72.8722,-27.6969
82,11,1,23,6,8,-72.8521,-29.9151
82,12,2,23,6,9,-72.9078,-30.0651
82,13,2,23,6,5,-72.6794,-29.7374
82,14,1,23,6,6,-72.5879,-29.7047
82.1,0,1,23,6,11,-73.5561,-28.903
82.1,1,0,23,6,12,-72.6335,-29.0992
82.1,2,2,23,6,12,-73.7648,-28.27
82.1,3,1,23,6,12,-71.8552,-29.7094
82.1,4,0,23,6,12,-72.415,-28.7723
82.1,5,2,23,6,11,-71.7974,-28.736
82.1,6,2,23,6,11,-72.1601,-24.7499
82.1,7,0,23,6,0,-200,0
82.1,8,1,23,6,11,-72.3845,-26.1447
82.1,9,0,23,6,10,-72.4733,-29.6733
82.1,10,0,23,6,10,-72.8714,-27.6908
82.1,11,1,23,6,8,-72.8605,-29.9203
82.1,12,2,23,6,9,-72.9109,-30.0624
82.1,13,2,23,6,5,-72.6885,-29.7458
82.1,14,1,23,6,6,-72.5888,-29.7046
82.2,0,1,23,6,11,-73.5547,-28.8885
82.2,1,0,23,6,12,-72.6307,-29.0849
82.2,2,2,23,6,12,-73.7526,-28.2346
82.2,3,1,23,6,12,-71.8588,-29.6953
82.2,4,0,23,6,12,-72.4174,-28.7363
82.2,5,2,23,6,11,-71.8017,-28.7368
82.2,6,2,23,6,11,-72.1626,-24.6733
82.2,7,0,23,6,0,-200,0
82.2,8,1,23,6,11,-72.3875,-26.0722
82.2,9,0,23,6,10,-72.4691,-29.6891
82.2,10,0,23,6,10,-72.8715,-27.6843
82.2,11,1,23,6,8,-72.869,-29.9263
82.2,12,2,23,6,9,-72.9146,-30.0592
82.2,13,2,23,6,5,-72.6979,-29.753
82.2,14,1,23,6,6,-72.5905,-29.7048
82.3,0,1,23,6,11,-73.5534,-28.8755
82.3,1,0,23,6,12,-72.6279,-29.0717
82.3,2,2,23,6,12,-73.7515,-28.2076
82.3,3,1,23,6,12,-71.8615,-29.6824
82.3,4,0,23,6,12,-72.4206,-28.7102
82.3,5,2,23,6,11,-71.8054,-28.7374
82.3,6,2,23,6,11,-72.1657,-24.6181
82.3,7,0,23,6,0,-200,0
82.3,8,1,23,6,11,-72.3834,-26.0211
82.3,9,0,23,6,10,-72.4685,-29.7113
82.3,10,0,23,6,10,-72.8726,-27.6778
82.3,11,1,23,6,8,-72.8775,-29.9341
82.3,12,2,23,6,9,-72.9191,-30.0557
82.3,13,2,23,6,5,-72.7071,-29.7583
82.3,14,1,23,6,6,-72.5931,-29.7048
82.4,0,1,23,6,11,-73.5522,-28.8631
82.4,1,0,23,6,12,-72.6253,-29.0595
82.4,2,2,23,6,12,-73.7511,-28.1874
82.4,3,1,23,6,12,-71.8632,-29.6704
82.4,4,0,23,6,12,-72.4244,-28.6924
82.4,5,2,23,6,11,-71.8084,-28.7386
82.4,6,2,23,6,11,-72.1696,-24.5846
82.4,7,0,23,6,0,-200,0
82.4,8,1,23,6,11,-72.3875,-25.9919
82.4,9,0,23,6,10,-72.471,-29.7389
82.4,10,0,23,6,10,-72.8745,-27.671
82.4,11,1,23,6,8,-72.877,-29.9427
82.4,12,2,23,6,9,-72.9242,-30.0517
82.4,13,2,23,6,5,-72.7162,-29.7611
82.4,14,1,23,6,6,-72.5966,-29.7048
82.5,0,1,23,6,11,-73.5511,-28.8529
82.5,1,0,23,6,12,-72.6227,-29.0491
82.5,2,2,23,6,12,-73.7514,-28.1741
82.5,3,1,23,6,12,-71.8639,-29.6604
82.5,4,0,23,6,12,-72.4288,-28.6829
82.5,5,2,23,6,11,-71.8106,-28.7401
82.5,6,2,23,6,11,-72.1739,-24.5707
82.5,7,0,23,6,0,-200,0
82.5,8,1,23,6,11,-72.3922,-25.9823
82.5,9,0,23,6,10,-72.4764,-29.7714
82.5,10,0,23,6,10,-72.8774,-27.6642
82.5,11,1,23,6,8,-72.8845,-29.9519
82.5,12,2,23,6,9,-72.93,-30.0473
82.5,13,2,23,6,5,-72.7249,-29.7621
82.5,14,1,23,6,6,-72.6007,-29.7046
82.6,0,1,23,6,11,-73.5499,-28.8435
82.6,1,0,23,6,12,-72.62,-29.0397
82.6,2,2,23,6,12,-73.7522,-28.1662
82.6,3,1,23,6,12,-71.8634,-29.6511
82.6,4,0,23,6,12,-72.4335,-28.68
82.6,5,2,23,6,11,-71.812,-28.7412
82.6,6,2,23,6,11,-72.1787,-24.5743
82.6,7,0,23,6,0,-200,0
82.6,8,1,23,6,11,-72.3972,-25.9901
82.6,9,0,23,6,10,-72.4839,-29.8071
82.6,10,0,23,6,10,-72.881,-27.6577
82.6,11,1,23,6,8,-72.8912,-29.9608
82.6,12,2,23,6,9,-72.9363,-30.043
82.6,13,2,23,6,5,-72.7331,-29.7606
82.6,14,1,23,6,6,-72.6057,-29.7043
82.7,0,1,23,6,11,-73.5485,-28.8355
82.7,1,0,23,6,12,-72.617,-29.0319
82.7,2,2,23,6,12,-73.7531,-28.1631
82.7,3,1,23,6,12,-71.8619,-29.6434
82.7,4,0,23,6,12,-72.4382,-28.6828
82.7,5,2,23,6,11,-71.8125,-28.7428
82.7,6,2,23,6,11,-72.1834,-24.5896
82.7,7,0,23,6,0,-200,0
82.7,8,1,23,6,11,-72.4024,-26.0095
82.7,9,0,23,6,10,-72.4915,-29.8407
82.7,10,0,23,6,10,-72.8851,-27.6512
82.7,11,1,23,6,8,-72.8968,-29.9698
82.7,12,2,23,6,9,-72.9429,-30.0383
82.7,13,2,23,6,5,-72.7406,-29.7567
82.7,14,1,23,6,6,-72.6114,-29.7045
82.8,0,1,23,6,11,-73.5475,-28.8285
82.8,1,0,23,6,12,-72.6143,-29.0247
82.8,2,2,23,6,12,-73.7542,-28.1587
82.8,3,1,23,6,12,-71.8607,-29.6363
82.8,4,0,23,6,12,-72.4429,-28.6837
82.8,5,2,23,6,11,-71.8133,-28.7444
82.8,6,2,23,6,11,-72.1881,-24.6013
82.8,7,0,23,6,0,-200,0
82.8,8,1,23,6,11,-72.4074,-26.0251
82.8,9,0,23,6,10,-72.4993,-29.8737
82.8,10,0,23,6,10,-72.8894,-27.6446
82.8,11,1,23,6,8,-72.9016,-29.9773
82.8,12,2,23,6,9,-72.9496,-30.0334
82.8,13,2,23,6,5,-72.7468,-29.7533
82.8,14,1,23,6,6,-72.6175,-29.7043
82.9,0,1,23,6,11,-73.5465,-28.8229
82.9,1,0,23,6,12,-72.612,-29.0192
82.9,2,2,23,6,12,-73.7557,-28.1501
82.9,3,1,23,6,12,-71.8598,-29.631
82.9,4,0,23,6,12,-72.4475,-28.6802
82.9,5,2,23,6,11,-71.8142,-28.7456
82.9,6,2,23,6,11,-72.1927,-24.6057
82.9,7,0,23,6,0,-200,0
82.9,8,1,23,6,11,-72.4124,-26.0333
82.9,9,0,23,6,10,-72.5072,-29.9041
82.9,10,0,23,6,10,-72.8942,-27.6382
82.9,11,1,23,6,8,-72.9061,-29.9852
82.9,12,2,23,6,9,-72.9566,-30.0283
82.9,13,2,23,6,5,-72.7526,-29.7508
82.9,14,1,23,6,6,-72.6242,-29.7047
83,0,1,23,6,11,-73.5459,-28.8186
83,1,0,23,6,12,-72.6103,-29.0149
83,2,2,23,6,12,-73.7575,-28.1371
83,3,1,23,6,12,-71.8595,-29.6268
83,4,0,23,6,12,-72.4521,-28.672
83,5,2,23,6,11,-71.8154,-28.7471
83,6,2,23,6,11,-72.1973,-24.598
83,7,0,23,6,0,-200,0
83,8,1,23,6,11,-72.4174,-26.0294
83,9,0,23,6,10,-72.5152,-29.9332
83,10,0,23,6,10,-72.8993,-27.6324
83,11,1,23,6,8,-72.911,-29.9935
83,12,2,23,6,9,-72.9638,-30.0236
83,13,2,23,6,5,-72.7585,-29.7487
83,14,1,23,6,6,-72.6314,-29.7042
83.1,0,1,23,6,11,-73.5455,-28.8155
83.1,1,0,23,6,12,-72.6088,-29.0117
83.1,2,2,23,6,12,-73.7595,-28.117
83.1,3,1,23,6,12,-71.8594,-29.6237
83.1,4,0,23,6,12,-72.4567,-28.6568
83.1,5,2,23,6,11,-71.8168,-28.7485
83.1,6,2,23,6,11,-72.2017,-24.577
83.1,7,0,23,6,0,-200,0
83.1,8,1,23,6,11,-72.4225,-26.0123
83.1,9,0,23,6,10,-72.5231,-29.9599
83.1,10,0,23,6,10,-72.9048,-27.6263
83.1,11,1,23,6,8,-72.9162,-30.0021
83.1,12,2,23,6,9,-72.9712,-30.0184
83.1,13,2,23,6,5,-72.7649,-29.7473
83.1,14,1,23,6,6,-72.6392,-29.7043
83.2,0,1,23,6,11,-73.5451,-28.8134
83.2,1,0,23,6,12,-72.6076,-29.0098
83.2,2,2,23,6,12,-73.7617,-28.0927
83.2,3,1,23,6,12,-71.8596,-29.6218
83.2,4,0,23,6,12,-72.4611,-28.6378
83.2,5,2,23,6,11,-71.8182,-28.7495
83.2,6,2,23,6,11,-72.2063,-24.5443
83.2,7,0,23,6,0,-200,0
83.2,8,1,23,6,11,-72.4274,-25.9833
83.2,9,0,23,6,10,-72.5311,-29.9853
83.2,10,0,23,6,10,-72.9106,-27.621
83.2,11,1,23,6,8,-72.9221,-30.0114
83.2,12,2,23,6,9,-72.9789,-30.0136
83.2,13,2,23,6,5,-72.7718,-29.7457
83.2,14,1,23,6,6,-72.6473,-29.7041
83.3,0,1,23,6,11,-73.5451,-28.8127
83.3,1,0,23,6,12,-72.6067,-29.0089
83.3,2,2,23,6,12,-73.7644,-28.0633
83.3,3,1,23,6,12,-71.8598,-29.6209
83.3,4,0,23,6,12,-72.4657,-28.614
83.3,5,2,23,6,11,-71.8197,-28.7509
83.3,6,2,23,6,11,-72.2108,-24.5014
83.3,7,0,23,6,0,-200,0
83.3,8,1,23,6,11,-72.4325,-25.9441
83.3,9,0,23,6,10,-72.5391,-30.0083
83.3,10,0,23,6,10,-72.9169,-27.6158
83.3,11,1,23,6,8,-72.9284,-30.0209
83.3,12,2,23,6,9,-72.9868,-30.0087
83.3,13,2,23,6,5,-72.7792,-29.7439
83.3,14,1,23,6,6,-72.6561,-29.7041
83.4,0,1,23,6,11,-73.5452,-28.8125
83.4,1,0,23,6,12,-72.6061,-29.0087
83.4,2,2,23,6,12,-73.767,-28.0301
83.4,3,1,23,6,12,-71.86,-29.6208
83.4,4,0,23,6,12,-72.4701,-28.5868
83.4,5,2,23,6,11,-71.8211,-28.752
83.4,6,2,23,6,11,-72.2153,-24.4514
83.4,7,0,23,6,0,-200,0
83.4,8,1,23,6,11,-72.4375,-25.8977
83.4,9,0,23,6,10,-72.5472,-30.0292
83.4,10,0,23,6,10,-72.9234,-27.6109
83.4,11,1,23,6,8,-72.935,-30.0312
83.4,12,2,23,6,9,-72.9948,-30.0038
83.4,13,2,23,6,5,-72.7873,-29.7421
83.4,14,1,23,6,6,-72.6654,-29.7037
83.5,0,1,23,6,11,-73.5454,-28.8135
83.5,1,0,23,6,12,-72.606,-29.0098
83.5,2,2,23,6,12,-73.7701,-27.9954
83.5,3,1,23,6,12,-71.8604,-29.6219
83.5,4,0,23,6,12,-72.4745,-28.5584
83.5,5,2,23,6,11,-71.8224,-28.753
83.5,6,2,23,6,11,-72.2197,-24.3952
83.5,7,0,23,6,0,-200,0
83.5,8,1,23,6,11,-72.4426,-25.8449
83.5,9,0,23,6,10,-72.5556,-30.0485
83.5,10,0,23,6,10,-72.9303,-27.6066
83.5,11,1,23,6,8,-72.9422,-30.0413
83.5,12,2,23,6,9,-73.0032,-29.9993
83.5,13,2,23,6,5,-72.796,-29.7402
83.5,14,1,23,6,6,-72.6752,-29.7041
83.6,0,1,23,6,11,-73.5458,-28.8155
83.6,1,0,23,6,12,-72.606,-29.0117
83.6,2,2,23,6,12,-73.7732,-27.9599
83.6,3,1,23,6,12,-71.8606,-29.6238
83.6,4,0,23,6,12,-72.4789,-28.5293
83.6,5,2,23,6,11,-71.8237,-28.7542
83.6,6,2,23,6,11,-72.2241,-24.336
83.6,7,0,23,6,0,-200,0
83.6,8,1,23,6,11,-72.4476,-25.789
83.6,9,0,23,6,10,-72.5641,-30.0657
83.6,10,0,23,6,10,-72.9289,-27.602
83.6,11,1,23,6,8,-72.9495,-30.052
83.6,12,2,23,6,9,-73.0116,-29.9944
83.6,13,2,23,6,5,-72.8048,-29.7376
83.6,14,1,23,6,6,-72.6855,-29.7037
83.7,0,1,23,6,11,-73.5462,-28.8184
83.7,1,0,23,6,12,-72.6064,-29.0148
83.7,2,2,23,6,12,-73.7766,-27.9238
83.7,3,1,23,6,12,-71.8609,-29.6268
83.7,4,0,23,6,12,-72.4831,-28.4997
83.7,5,2,23,6,11,-71.8251,-28.7548
83.7,6,2,23,6,11,-72.2284,-24.2753
83.7,7,0,23,6,0,-200,0
83.7,8,1,23,6,11,-72.4525,-25.7312
83.7,9,0,23,6,10,-72.5726,-30.0813
83.7,10,0,23,6,10,-72.9362,-27.5981
83.7,11,1,23,6,8,-72.9569,-30.0618
83.7,12,2,23,6,9,-73.0203,-29.99
83.7,13,2,23,6,5,-72.8141,-29.7356
83.7,14,1,23,6,6,-72.6961,-29.7036
83.8,0,1,23,6,11,-73.5469,-28.8219
83.8,1,0,23,6,12,-72.6071,-29.0181
83.8,2,2,23,6,12,-73.78,-27.8897
83.8,3,1,23,6,12,-71.861,-29.6302
83.8,4,0,23,6,12,-72.4872,-28.472
83.8,5,2,23,6,11,-71.826,-28.7555
83.8,6,2,23,6,11,-72.2325,-24.216
83.8,7,0,23,6,0,-200,0
83.8,8,1,23,6,11,-72.4575,-25.6746
83.8,9,0,23,6,10,-72.5814,-30.095
83.8,10,0,23,6,10,-72.9436,-27.5946
83.8,11,1,23,6,8,-72.9644,-30.0722
83.8,12,2,23,6,9,-73.0291,-29.9858
83.8,13,2,23,6,5,-72.8235,-29.7325
83.8,14,1,23,6,6,-72.7073,-29.7035
83.9,0,1,23,6,11,-73.5479,-28.8261
83.9,1,0,23,6,12,-72.6083,-29.0223
83.9,2,2,23,6,12,-73.7837,-27.8573
83.9,3,1,23,6,12,-71.8612,-29.6343
83.9,4,0,23,6,12,-72.4913,-28.4462
83.9,5,2,23,6,11,-71.8272,-28.7567
83.9,6,2,23,6,11,-72.2367,-24.1606
83.9,7,0,23,6,0,-200,0
83.9,8,1,23,6,11,-72.4625,-25.6215
83.9,9,0,23,6,10,-72.5904,-30.1073
83.9,10,0,23,6,10,-72.9514,-27.5914
83.9,11,1,23,6,8,-72.9719,-30.0816
83.9,12,2,23,6,9,-73.038,-29.9816
83.9,13,2,23,6,5,-72.833,-29.7296
83.9,14,1,23,6,6,-72.7188,-29.7033
84,0,1,23,6,11,-73.5487,-28.8306
84,1,0,23,6,12,-72.6095,-29.0269
84,2,2,23,6,12,-73.7874,-27.8331
84,3,1,23,6,12,-71.8609,-29.6388
84,4,0,23,6,12,-72.4952,-28.4284
84,5,2,23,6,11,-71.828,-28.757
84,6,2,23,6,11,-72.2408,-24.1204
84,7,0,23,6,0,-200,0
84,8,1,23,6,11,-72.4671,-25.5829
84,9,0,23,6,10,-72.5995,-30.1181
84,10,0,23,6,10,-72.9592,-27.5882
84,11,1,23,6,8,-72.9786,-30.09
84,12,2,23,6,9,-73.0471,-29.9774
84,13,2,23,6,5,-72.8423,-29.7259
84,14,1,23,6,6,-72.7308,-29.7037
84.1,0,1,23,6,11,-73.5498,-28.8361
84.1,1,0,23,6,12,-72.6109,-29.0323
84.1,2,2,23,6,12,-73.7911,-27.8165
84.1,3,1,23,6,12,-71.8601,-29.6442
84.1,4,0,23,6,12,-72.4988,-28.418
84.1,5,2,23,6,11,-71.8284,-28.7577
84.1,6,2,23,6,11,-72.2446,-24.0987
84.1,7,0,23,6,0,-200,0
84.1,8,1,23,6,11,-72.4719,-25.5623
84.1,9,0,23,6,10,-72.6089,-30.1268
84.1,10,0,23,6,10,-72.9671,-27.5859
84.1,11,1,23,6,8,-72.9845,-30.098
84.1,12,2,23,6,9,-73.0563,-29.974
84.1,13,2,23,6,5,-72.8512,-29.7218
84.1,14,1,23,6,6,-72.7431,-29.7034
84.2,0,1,23,6,11,-73.5508,-28.8421
84.2,1,0,23,6,12,-72.6125,-29.0384
84.2,2,2,23,6,12,-73.7948,-27.8089
84.2,3,1,23,6,12,-71.8586,-29.6502
84.2,4,0,23,6,12,-72.5023,-28.4166
84.2,5,2,23,6,11,-71.8283,-28.7583
84.2,6,2,23,6,11,-72.2483,-24.0961
84.2,7,0,23,6,0,-200,0
84.2,8,1,23,6,11,-72.4763,-25.5598
84.2,9,0,23,6,10,-72.6184,-30.1345
84.2,10,0,23,6,10,-72.9752,-27.5833
84.2,11,1,23,6,8,-72.9894,-30.1042
84.2,12,2,23,6,9,-73.0655,-29.97
84.2,13,2,23,6,5,-72.8592,-29.7165
84.2,14,1,23,6,6,-72.7557,-29.7036
84.3,0,1,23,6,11,-73.5521,-28.8483
84.3,1,0,23,6,12,-72.614,-29.0445
84.3,2,2,23,6,12,-73.7985,-27.8105
84.3,3,1,23,6,12,-71.8567,-29.6564
84.3,4,0,23,6,12,-72.5057,-28.4242
84.3,5,2,23,6,11,-71.8277,-28.7589
84.3,6,2,23,6,11,-72.2519,-24.1135
84.3,7,0,23,6,0,-200,0
84.3,8,1,23,6,11,-72.4809,-25.577
84.3,9,0,23,6,10,-72.6281,-30.1406
84.3,10,0,23,6,10,-72.9832,-27.5821
84.3,11,1,23,6,8,-72.9931,-30.11
84.3,12,2,23,6,9,-73.0748,-29.9674
84.3,13,2,23,6,5,-72.8662,-29.7098
84.3,14,1,23,6,6,-72.7687,-29.7032
84.4,0,1,23,6,11,-73.5533,-28.855
84.4,1,0,23,6,12,-72.6158,-29.0512
84.4,2,2,23,6,12,-73.8022,-27.8205
84.4,3,1,23,6,12,-71.854,-29.6629
84.4,4,0,23,6,12,-72.5089,-28.4401
84.4,5,2,23,6,11,-71.8267,-28.7596
84.4,6,2,23,6,11,-72.2552,-24.1509
84.4,7,0,23,6,0,-200,0
84.4,8,1,23,6,11,-72.4853,-25.6135
84.4,9,0,23,6,10,-72.6379,-30.1457
84.4,10,0,23,6,10,-72.9913,-27.5804
84.4,11,1,23,6,8,-72.9958,-30.1136
84.4,12,2,23,6,9,-73.0842,-29.9643
84.4,13,2,23,6,5,-72.8723,-29.7027
84.4,14,1,23,6,6,-72.7819,-29.7033
84.5,0,1,23,6,11,-73.5544,-28.8614
84.5,1,0,23,6,12,-72.6176,-29.0577
84.5,2,2,23,6,12,-73.8057,-27.8404
84.5,3,1,23,6,12,-71.8509,-29.6693
84.5,4,0,23,6,12,-72.5119,-28.4654
84.5,5,2,23,6,11,-71.8252,-28.7602
84.5,6,2,23,6,11,-72.2585,-24.2081
84.5,7,0,23,6,0,-200,0
84.5,8,1,23,6,11,-72.4895,-25.6691
84.5,9,0,23,6,10,-72.6478,-30.1494
84.5,10,0,23,6,10,-72.9994,-27.5788
84.5,11,1,23,6,8,-72.9975,-30.1171
84.5,12,2,23,6,9,-73.0936,-29.9612
84.5,13,2,23,6,5,-72.8774,-29.6947
84.5,14,1,23,6,6,-72.7955,-29.7032
84.6,0,1,23,6,11,-73.5558,-28.8689
84.6,1,0,23,6,12,-72.6195,-29.0651
84.6,2,2,23,6,12,-73.8093,-27.8693
84.6,3,1,23,6,12,-71.8473,-29.6766
84.6,4,0,23,6,12,-72.5147,-28.4996
84.6,5,2,23,6,11,-71.8232,-28.7608
84.6,6,2,23,6,11,-72.2616,-24.286
84.6,7,0,23,6,0,-200,0
84.6,8,1,23,6,11,-72.4936,-25.7447
84.6,9,0,23,6,10,-72.6577,-30.1522
84.6,10,0,23,6,10,-73.0075,-27.578
84.6,11,1,23,6,8,-72.9981,-30.1184
84.6,12,2,23,6,9,-73.1031,-29.9588
84.6,13,2,23,6,5,-72.8815,-29.6861
84.6,14,1,23,6,6,-72.8092,-29.7032
84.7,0,1,23,6,11,-73.5569,-28.8757
84.7,1,0,23,6,12,-72.6214,-29.0721
84.7,2,2,23,6,12,-73.8126,-27.9085
84.7,3,1,23,6,12,-71.8432,-29.6835
84.7,4,0,23,6,12,-72.5173,-28.5436
84.7,5,2,23,6,11,-71.8207,-28.7614
84.7,6,2,23,6,11,-72.2645,-24.3835
84.7,7,0,23,6,0,-200,0
84.7,8,1,23,6,11,-72.4976,-25.8393
84.7,9,0,23,6,10,-72.6677,-30.1535
84.7,10,0,23,6,10,-73.0155,-27.5773
84.7,11,1,23,6,8,-72.9977,-30.1194
84.7,12,2,23,6,9,-73.1125,-29.9564
84.7,13,2,23,6,5,-72.8846,-29.6767
84.7,14,1,23,6,6,-72.8234,-29.7034
84.8,0,1,23,6,11,-73.5583,-28.8829
84.8,1,0,23,6,12,-72.6234,-29.0791
84.8,2,2,23,6,12,-73.816,-27.9569
84.8,3,1,23,6,12,-71.8386,-29.6904
84.8,4,0,23,6,12,-72.5199,-28.5965
84.8,5,2,23,6,11,-71.818,-28.7621
84.8,6,2,23,6,11,-72.2674,-24.5002
84.8,7,0,23,6,0,-200,0
84.8,8,1,23,6,11,-72.5014,-25.9525
84.8,9,0,23,6,10,-72.6776,-30.1543
84.8,10,0,23,6,10,-73.0235,-27.5764
84.8,11,1,23,6,8,-72.9964,-30.1187
84.8,12,2,23,6,9,-73.1221,-29.954
84.8,13,2,23,6,5,-72.8869,-29.6669
84.8,14,1,23,6,6,-72.8376,-29.7033
84.9,0,1,23,6,11,-73.5597,-28.8904
84.9,1,0,23,6,12,-72.6254,-29.0866
84.9,2,2,23,6,12,-73.8193,-28.0159
84.9,3,1,23,6,12,-71.8338,-29.6978
84.9,4,0,23,6,12,-72.5222,-28.6596
84.9,5,2,23,6,11,-71.8149,-28.7623
84.9,6,2,23,6,11,-72.27,-24.6354
84.9,7,0,23,6,0,-200,0
84.9,8,1,23,6,11,-72.5052,-26.0839
84.9,9,0,23,6,10,-72.6876,-30.1539
84.9,10,0,23,6,10,-73.0314,-27.5761
84.9,11,1,23,6,8,-72.9945,-30.1174
84.9,12,2,23,6,9,-73.1317,-29.9522
84.9,13,2,23,6,5,-72.8883,-29.6567
84.9,14,1,23,6,6,-72.8522,-29.7032
85,0,1,23,6,11,-73.561,-28.8973
85,1,0,23,6,12,-72.6276,-29.0936
85,2,2,23,6,12,-73.8224,-28.0839
85,3,1,23,6,12,-71.8289,-29.7048
85,4,0,23,6,12,-72.5243,-28.7314
85,5,2,23,6,11,-71.8116,-28.7634
85,6,2,23,6,11,-72.2726,-24.7871
85,7,0,23,6,0,-200,0
85,8,1,23,6,11,-72.5089,-26.2314
85,9,0,23,6,10,-72.6974,-30.1531
85,10,0,23,6,10,-73.0392,-27.5761
85,11,1,23,6,8,-72.9919,-30.1154
85,12,2,23,6,9,-73.1412,-29.9505
85,13,2,23,6,5,-72.8892,-29.6462
85,14,1,23,6,6,-72.8669,-29.7031
85.1,0,1,23,6,11,-73.5626,-28.9042
85.1,1,0,23,6,12,-72.6298,-29.1004
85.1,2,2,23,6,12,-73.8255,-28.1616
85.1,3,1,23,6,12,-71.8238,-29.7115
85.1,4,0,23,6,12,-72.5264,-28.8122
85.1,5,2,23,6,11,-71.8082,-28.764
85.1,6,2,23,6,11,-72.275,-24.9542
85.1,7,0,23,6,0,-200,0
85.1,8,1,23,6,11,-72.5125,-26.394
85.1,9,0,23,6,10,-72.7071,-30.1515
85.1,10,0,23,6,10,-73.0469,-27.5759
85.1,11,1,23,6,8,-72.989,-30.1127
85.1,12,2,23,6,9,-73.1418,-29.9489
85.1,13,2,23,6,5,-72.8896,-29.636
85.1,14,1,23,6,6,-72.8818,-29.7033
85.2,0,1,23,6,11,-73.5639,-28.9111
85.2,1,0,23,6,12,-72.6321,-29.1074
85.2,2,2,23,6,12,-73.8284,-28.2489
85.2,3,1,23,6,12,-71.8187,-29.7184
85.2,4,0,23,6,12,-72.5283,-28.9022
85.2,5,2,23,6,11,-71.8047,-28.7647
85.2,6,2,23,6,11,-72.2774,-25.1335
85.2,7,0,23,6,0,-200,0
85.2,8,1,23,6,11,-72.5159,-26.5685
85.2,9,0,23,6,10,-72.7165,-30.1492
85.2,10,0,23,6,10,-73.0545,-27.5762
85.2,11,1,23,6,8,-72.9859,-30.1096
85.2,12,2,23,6,9,-73.1512,-29.9476
85.2,13,2,23,6,5,-72.8896,-29.6257
85.2,14,1,23,6,6,-72.8968,-29.7031
85.3,0,1,23,6,11,-73.5655,-28.9175
85.3,1,0,23,6,12,-72.6345,-29.1137
85.3,2,2,23,6,12,-73.8314,-28.3434
85.3,3,1,23,6,12,-71.8138,-29.7246
85.3,4,0,23,6,12,-72.5301,-28.9988
85.3,5,2,23,6,11,-71.8012,-28.7653
85.3,6,2,23,6,11,-72.2796,-25.3226
85.3,7,0,23,6,0,-200,0
85.3,8,1,23,6,11,-72.5193,-26.7527
85.3,9,0,23,6,10,-72.7258,-30.1467
85.3,10,0,23,6,10,-73.0619,-27.5767
85.3,11,1,23,6,8,-72.9828,-30.1058
85.3,12,2,23,6,9,-73.1608,-29.9467
85.3,13,2,23,6,5,-72.8896,-29.6161
85.3,14,1,23,6,6,-72.912,-29.7032
85.4,0,1,23,6,11,-73.5671,-28.9238
85.4,1,0,23,6,12,-72.637,-29.12
85.4,2,2,23,6,12,-73.8342,-28.4422
85.4,3,1,23,6,12,-71.8093,-29.7308
85.4,4,0,23,6,12,-72.5318,-29.0993
85.4,5,2,23,6,11,-71.7981,-28.766
85.4,6,2,23,6,11,-72.2817,-25.5153
85.4,7,0,23,6,0,-200,0
85.4,8,1,23,6,11,-72.5226,-26.9407
85.4,9,0,23,6,10,-72.7345,-30.1428
85.4,10,0,23,6,10,-73.0693,-27.5777
85.4,11,1,23,6,8,-72.98,-30.1026
85.4,12,2,23,6,9,-73.1702,-29.9462
85.4,13,2,23,6,5,-72.8901,-29.6074
85.4,14,1,23,6,6,-72.9274,-29.7028
85.5,0,1,23,6,11,-73.5685,-28.9292
85.5,1,0,23,6,12,-72.6394,-29.1256
85.5,2,2,23,6,12,-73.8367,-28.5374
85.5,3,1,23,6,12,-71.8043,-29.7363
85.5,4,0,23,6,12,-72.5333,-29.1956
85.5,5,2,23,6,11,-71.7955,-28.7667
85.5,6,2,23,6,11,-72.2837,-25.7184
85.5,7,0,23,6,0,-200,0
85.5,8,1,23,6,11,-72.5257,-27.1387
85.5,9,0,23,6,10,-72.7432,-30.1395
85.5,10,0,23,6,10,-73.0764,-27.5782
85.5,11,1,23,6,8,-72.9752,-30.0955
85.5,12,2,23,6,9,-73.1797,-29.9454
85.5,13,2,23,6,5,-72.8911,-29.6001
85.5,14,1,23,6,6,-72.9429,-29.7032
85.6,0,1,23,6,11,-73.5694,-28.9351
85.6,1,0,23,6,12,-72.6408,-29.1313
85.6,2,2,23,6,12,-73.8384,-28.6567
85.6,3,1,23,6,12,-71.798,-29.742
85.6,4,0,23,6,12,-72.5342,-29.3151
85.6,5,2,23,6,11,-71.79,-28.7673
85.6,6,2,23,6,11,-72.2851,-25.9233
85.6,7,0,23,6,0,-200,0
85.6,8,1,23,6,11,-72.5283,-27.3388
85.6,9,0,23,6,10,-72.7513,-30.135
85.6,10,0,23,6,10,-73.0831,-27.5789
85.6,11,1,23,6,8,-72.9693,-30.0871
85.6,12,2,23,6,9,-73.1887,-29.9448
85.6,13,2,23,6,5,-72.8848,-29.5843
85.6,14,1,23,6,6,-72.9582,-29.7028
85.7,0,1,23,6,11,-73.57,-28.9402
85.7,1,0,23,6,12,-72.6419,-29.1366
85.7,2,2,23,6,12,-73.8398,-28.7869
85.7,3,1,23,6,12,-71.7913,-29.7472
85.7,4,0,23,6,12,-72.5347,-29.4447
85.7,5,2,23,6,11,-71.7826,-28.7679
85.7,6,2,23,6,11,-72.2862,-26.1179
85.7,7,0,23,6,0,-200,0
85.7,8,1,23,6,11,-72.5308,-27.5288
85.7,9,0,23,6,10,-72.7591,-30.1307
85.7,10,0,23,6,10,-73.0894,-27.5801
85.7,11,1,23,6,8,-72.9633,-30.077
85.7,12,2,23,6,9,-73.1978,-29.9449
85.7,13,2,23,6,5,-72.8732,-29.563
85.7,14,1,23,6,6,-72.9736,-29.7032
85.8,0,1,23,6,11,-73.5703,-28.9453
85.8,1,0,23,6,12,-72.6426,-29.1416
85.8,2,2,23,6,12,-73.8406,-28.9186
85.8,3,1,23,6,12,-71.7845,-29.7522
85.8,4,0,23,6,12,-72.5348,-29.5751
85.8,5,2,23,6,11,-71.774,-28.7685
85.8,6,2,23,6,11,-72.287,-26.2963
85.8,7,0,23,6,0,-200,0
85.8,8,1,23,6,11,-72.5329,-27.7029
85.8,9,0,23,6,10,-72.7664,-30.1256
85.8,10,0,23,6,10,-73.0954,-27.5808
85.8,11,1,23,6,8,-72.9575,-30.0667
85.8,12,2,23,6,9,-73.2066,-29.9444
85.8,13,2,23,6,5,-72.8578,-29.5376
85.8,14,1,23,6,6,-72.9889,-29.7029
85.9,0,1,23,6,11,-73.5707,-28.9494
85.9,1,0,23,6,12,-72.6433,-29.1456
85.9,2,2,23,6,12,-73.8411,-29.0439
85.9,3,1,23,6,12,-71.7779,-29.7561
85.9,4,0,23,6,12,-72.5348,-29.6986
85.9,5,2,23,6,11,-71.765,-28.7689
85.9,6,2,23,6,11,-72.2876,-26.4565
85.9,7,0,23,6,0,-200,0
85.9,8,1,23,6,11,-72.5349,-27.8591
85.9,9,0,23,6,10,-72.7733,-30.1212
85.9,10,0,23,6,10,-73.1011,-27.582
85.9,11,1,23,6,8,-72.9522,-30.0562
85.9,12,2,23,6,9,-73.2154,-29.9447
85.9,13,2,23,6,5,-72.8406,-29.5109
85.9,14,1,23,6,6,-73.0043,-29.7029
86,0,1,23,6,11,-73.5709,-28.9532
86,1,0,23,6,12,-72.644,-29.1495
86,2,2,23,6,12,-73.8415,-29.1581
86,3,1,23,6,12,-71.7718,-29.7599
86,4,0,23,6,12,-72.5347,-29.8105
86,5,2,23,6,11,-71.7559,-28.7696
86,6,2,23,6,11,-72.2881,-26.5959
86,7,0,23,6,0,-200,0
86,8,1,23,6,11,-72.5366,-27.9949
86,9,0,23,6,10,-72.7797,-30.1159
86,10,0,23,6,10,-73.1066,-27.5829
86,11,1,23,6,8,-72.9476,-30.0456
86,12,2,23,6,9,-73.2239,-29.9447
86,13,2,23,6,5,-72.814,-29.4843
86,14,1,23,6,6,-73.0198,-29.7031
86.1,0,1,23,6,11,-73.5713,-29.0307
86.1,1,0,23,6,12,-72.6446,-29.153
86.1,2,2,23,6,12,-73.8417,-29.2574
86.1,3,1,23,6,12,-71.7664,-29.7635
86.1,4,0,23,6,12,-72.5344,-29.907
86.1,5,2,23,6,11,-71.747,-28.7699
86.1,6,2,23,6,11,-72.2885,-26.7123
86.1,7,0,23,6,0,-200,0
86.1,8,1,23,6,11,-72.5384,-28.108
86.1,9,0,23,6,10,-72.7856,-30.1112
86.1,10,0,23,6,10,-73.1118,-27.584
86.1,11,1,23,6,8,-72.9438,-30.0352
86.1,12,2,23,6,9,-73.2326,-29.9451
86.1,13,2,23,6,5,-72.7956,-29.4583
86.1,14,1,23,6,6,-73.0351,-29.703
86.2,0,1,23,6,11,-73.5716,-29.1154
86.2,1,0,23,6,12,-72.6455,-29.1562
86.2,2,2,23,6,12,-73.8419,-29.3391
86.2,3,1,23,6,12,-71.7617,-29.7665
86.2,4,0,23,6,12,-72.534,-29.9854
86.2,5,2,23,6,11,-71.7388,-28.7708
86.2,6,2,23,6,11,-72.2887,-26.8066
86.2,7,0,23,6,0,-200,0
86.2,8,1,23,6,11,-72.54,-28.1993
86.2,9,0,23,6,10,-72.7909,-30.1057
86.2,10,0,23,6,10,-73.1169,-27.585
86.2,11,1,23,6,8,-72.9406,-30.0249
86.2,12,2,23,6,9,-73.241,-29.9453
86.2,13,2,23,6,5,-72.7776,-29.4338
86.2,14,1,23,6,6,-73.0505,-29.7031
86.3,0,1,23,6,11,-73.572,-29.1822
86.3,1,0,23,6,12,-72.6463,-29.1584
86.3,2,2,23,6,12,-73.842,-29.4022
86.3,3,1,23,6,12,-71.7579,-29.7689
86.3,4,0,23,6,12,-72.5337,-30.0447
86.3,5,2,23,6,11,-71.7312,-28.7707
86.3,6,2,23,6,11,-72.289,-26.8795
86.3,7,0,23,6,0,-200,0
86.3,8,1,23,6,11,-72.5415,-28.2696
86.3,9,0,23,6,10,-72.7959,-30.1009
86.3,10,0,23,6,10,-73.1217,-27.586
86.3,11,1,23,6,8,-72.9381,-30.0147
86.3,12,2,23,6,9,-73.2495,-29.9457
86.3,13,2,23,6,5,-72.7605,-29.4114
86.3,14,1,23,6,6,-73.0659,-29.7031
86.4,0,1,23,6,11,-73.5724,-29.2333
86.4,1,0,23,6,12,-72.6473,-29.1608
86.4,2,2,23,6,12,-73.842,-29.4491
86.4,3,1,23,6,12,-71.7547,-29.771
86.4,4,0,23,6,12,-72.5332,-30.0875
86.4,5,2,23,6,11,-71.7245,-28.7713
86.4,6,2,23,6,11,-72.2891,-26.9311
86.4,7,0,23,6,0,-200,0
86.4,8,1,23,6,11,-72.5431,-28.319
86.4,9,0,23,6,10,-72.8001,-30.0958
86.4,10,0,23,6,10,-73.1264,-27.5871
86.4,11,1,23,6,8,-72.9364,-30.0047
86.4,12,2,23,6,9,-73.2578,-29.9462
86.4,13,2,23,6,5,-72.7446,-29.3915
86.4,14,1,23,6,6,-73.0812,-29.7031
86.5,0,1,23,6,11,-73.5728,-29.2705
86.5,1,0,23,6,12,-72.6483,-29.1623
86.5,2,2,23,6,12,-73.8419,-29.4814
86.5,3,1,23,6,12,-71.7524,-29.7727
86.5,4,0,23,6,12,-72.5327,-30.1152
86.5,5,2,23,6,11,-71.7187,-28.7711
86.5,6,2,23,6,11,-72.2892,-26.9656
86.5,7,0,23,6,0,-200,0
86.5,8,1,23,6,11,-72.5444,-28.3515
86.5,9,0,23,6,10,-72.804,-30.0909
86.5,10,0,23,6,10,-73.1308,-27.5882
86.5,11,1,23,6,8,-72.9351,-29.9951
86.5,12,2,23,6,9,-73.2661,-29.9471
86.5,13,2,23,6,5,-72.7305,-29.3743
86.5,14,1,23,6,6,-73.0966,-29.7031
86.6,0,1,23,6,11,-73.5734,-29.2941
86.6,1,0,23,6,12,-72.6496,-29.1638
86.6,2,2,23,6,12,-73.8418,-29.4995
86.6,3,1,23,6,12,-71.7509,-29.774
86.6,4,0,23,6,12,-72.5322,-30.1286
86.6,5,2,23,6,11,-71.7141,-28.7717
86.6,6,2,23,6,11,-72.2893,-26.9825
86.6,7,0,23,6,0,-200,0
86.6,8,1,23,6,11,-72.5458,-28.3668
86.6,9,0,23,6,10,-72.8073,-30.0865
86.6,10,0,23,6,10,-73.1352,-27.5892
86.6,11,1,23,6,8,-72.9344,-29.9848
86.6,12,2,23,6,9,-73.2744,-29.9476
86.6,13,2,23,6,5,-72.7182,-29.3604
86.6,14,1,23,6,6,-73.1029,-29.7032
86.7,0,1,23,6,11,-73.5737,-29.3048
86.7,1,0,23,6,12,-72.6506,-29.1646
86.7,2,2,23,6,12,-73.8416,-29.5044
86.7,3,1,23,6,12,-71.7494,-29.7748
86.7,4,0,23,6,12,-72.5316,-30.1285
86.7,5,2,23,6,11,-71.7105,-28.7713
86.7,6,2,23,6,11,-72.2893,-26.9971
86.7,7,0,23,6,0,-200,0
86.7,8,1,23,6,11,-72.5471,-28.3798
86.7,9,0,23,6,10,-72.8103,-30.082
86.7,10,0,23,6,10,-73.1394,-27.5902
86.7,11,1,23,6,8,-72.9324,-29.9731
86.7,12,2,23,6,9,-73.2826,-29.9485
86.7,13,2,23,6,5,-72.7079,-29.349
86.7,14,1,23,6,6,-73.1181,-29.7033
86.8,0,1,23,6,11,-73.5739,-29.3024
86.8,1,0,23,6,12,-72.6513,-29.1648
86.8,2,2,23,6,12,-73.841,-29.4961
86.8,3,1,23,6,12,-71.7481,-29.775
86.8,4,0,23,6,12,-72.531,-30.1151
86.8,5,2,23,6,11,-71.7082,-28.7715
86.8,6,2,23,6,11,-72.2893,-27.0067
86.8,7,0,23,6,0,-200,0
86.8,8,1,23,6,11,-72.5482,-28.388
86.8,9,0,23,6,10,-72.8126,-30.0784
86.8,10,0,23,6,10,-73.1432,-27.5905
86.8,11,1,23,6,8,-72.9293,-29.9599
86.8,12,2,23,6,9,-73.2906,-29.9487
86.8,13,2,23,6,5,-72.6997,-29.3412
86.8,14,1,23,6,6,-73.1331,-29.7032
86.9,0,1,23,6,11,-73.5741,-29.2901
86.9,1,0,23,6,12,-72.6517,-29.1647
86.9,2,2,23,6,12,-73.8404,-29.4774
86.9,3,1,23,6,12,-71.7467,-29.775
86.9,4,0,23,6,12,-72.5303,-30.0916
86.9,5,2,23,6,11,-71.7069,-28.7714
86.9,6,2,23,6,11,-72.2892,-27.0142
86.9,7,0,23,6,0,-200,0
86.9,8,1,23,6,11,-72.5494,-28.3945
86.9,9,0,23,6,10,-72.8146,-30.0745
86.9,10,0,23,6,10,-73.147,-27.5917
86.9,11,1,23,6,8,-72.925,-29.9453
86.9,12,2,23,6,9,-73.2987,-29.9499
86.9,13,2,23,6,5,-72.6936,-29.3359
86.9,14,1,23,6,6,-73.1482,-29.7034
87,0,1,23,6,11,-73.5741,-29.2675
87,1,0,23,6,12,-72.652,-29.1646
87,2,2,23,6,12,-73.8395,-29.4483
87,3,1,23,6,12,-71.7457,-29.7749
87,4,0,23,6,12,-72.5295,-30.0575
87,5,2,23,6,11,-71.7067,-28.7713
87,6,2,23,6,11,-72.2891,-27.0185
87,7,0,23,6,0,-200,0
87,8,1,23,6,11,-72.5506,-28.3977
87,9,0,23,6,10,-72.816,-30.0712
87,10,0,23,6,10,-73.1507,-27.5925
87,11,1,23,6,8,-72.9199,-29.9295
87,12,2,23,6,9,-73.3066,-29.9507
87,13,2,23,6,5,-72.6896,-29.334
87,14,1,23,6,6,-73.1631,-29.7033
87.1,0,1,23,6,11,-73.5739,-29.2376
87.1,1,0,23,6,12,-72.6522,-29.164
87.1,2,2,23,6,12,-73.8385,-29.4119
87.1,3,1,23,6,12,-71.7445,-29.7743
87.1,4,0,23,6,12,-72.5286,-30.0163
87.1,5,2,23,6,11,-71.7077,-28.7715
87.1,6,2,23,6,11,-72.2888,-27.0215
87.1,7,0,23,6,0,-200,0
87.1,8,1,23,6,11,-72.5517,-28.4
87.1,9,0,23,6,10,-72.817,-30.0681
87.1,10,0,23,6,10,-73.1542,-27.5935
87.1,11,1,23,6,8,-72.9141,-29.9134
87.1,12,2,23,6,9,-73.3144,-29.9517
87.1,13,2,23,6,5,-72.6877,-29.3352
87.1,14,1,23,6,6,-73.178,-29.7032
87.2,0,1,23,6,11,-73.5737,-29.1997
87.2,1,0,23,6,12,-72.6521,-29.1627
87.2,2,2,23,6,12,-73.8375,-29.3675
87.2,3,1,23,6,12,-71.7437,-29.7731
87.2,4,0,23,6,12,-72.5278,-29.967
87.2,5,2,23,6,11,-71.7098,-28.771
87.2,6,2,23,6,11,-72.2887,-27.0232
87.2,7,0,23,6,0,-200,0
87.2,8,1,23,6,11,-72.545,-28.4012
87.2,9,0,23,6,10,-72.8177,-30.0656
87.2,10,0,23,6,10,-73.1576,-27.5942
87.2,11,1,23,6,8,-72.9073,-29.8957
87.2,12,2,23,6,9,-73.3224,-29.9526
87.2,13,2,23,6,5,-72.6882,-29.3397
87.2,14,1,23,6,6,-73.1929,-29.7035
87.3,0,1,23,6,11,-73.5732,-29.1554
87.3,1,0,23,6,12,-72.6519,-29.1612
87.3,2,2,23,6,12,-73.8362,-29.3166
87.3,3,1,23,6,12,-71.743,-29.7716
87.3,4,0,23,6,12,-72.5268,-29.9116
87.3,5,2,23,6,11,-71.7129,-28.7711
87.3,6,2,23,6,11,-72.2886,-27.0248
87.3,7,0,23,6,0,-200,0
87.3,8,1,23,6,11,-72.546,-28.4023
87.3,9,0,23,6,10,-72.8179,-30.0635
87.3,10,0,23,6,10,-73.1609,-27.5948
87.3,11,1,23,6,8,-72.8999,-29.8779
87.3,12,2,23,6,9,-73.3301,-29.9534
87.3,13,2,23,6,5,-72.6908,-29.3478
87.3,14,1,23,6,6,-73.2077,-29.7035
87.4,0,1,23,6,11,-73.5725,-29.1062
87.4,1,0,23,6,12,-72.6514,-29.1598
87.4,2,2,23,6,12,-73.8347,-29.2609
87.4,3,1,23,6,12,-71.7422,-29.7702
87.4,4,0,23,6,12,-72.5257,-29.8517
87.4,5,2,23,6,11,-71.717,-28.7708
87.4,6,2,23,6,11,-72.2884,-27.0285
87.4,7,0,23,6,0,-200,0
87.4,8,1,23,6,11,-72.547,-28.4056
87.4,9,0,23,6,10,-72.8178,-30.0619
87.4,10,0,23,6,10,-73.164,-27.5952
87.4,11,1,23,6,8,-72.8915,-29.8591
87.4,12,2,23,6,9,-73.3378,-29.9542
87.4,13,2,23,6,5,-72.6953,-29.3589
87.4,14,1,23,6,6,-73.2223,-29.7039
87.5,0,1,23,6,11,-73.5715,-29.0528
87.5,1,0,23,6,12,-72.6508,-29.1584
87.5,2,2,23,6,12,-73.8331,-29.2013
87.5,3,1,23,6,12,-71.7415,-29.7688
87.5,4,0,23,6,12,-72.5243,-29.788
87.5,5,2,23,6,11,-71.7217,-28.7706
87.5,6,2,23,6,11,-72.2883,-27.0335
87.5,7,0,23,6,0,-200,0
87.5,8,1,23,6,11,-72.548,-28.4103
87.5,9,0,23,6,10,-72.8172,-30.0605
87.5,10,0,23,6,10,-73.1671,-27.5959
87.5,11,1,23,6,8,-72.8824,-29.8398
87.5,12,2,23,6,9,-73.3454,-29.9551
87.5,13,2,23,6,5,-72.7014,-29.3728
87.5,14,1,23,6,6,-73.2368,-29.704
87.6,0,1,23,6,11,-73.5703,-28.9958
87.6,1,0,23,6,12,-72.6499,-29.1561
87.6,2,2,23,6,12,-73.8312,-29.1383
87.6,3,1,23,6,12,-71.7407,-29.7666
87.6,4,0,23,6,12,-72.5228,-29.7214
87.6,5,2,23,6,11,-71.7271,-28.7702
87.6,6,2,23,6,11,-72.2882,-27.0406
87.6,7,0,23,6,0,-200,0
87.6,8,1,23,6,11,-72.549,-28.4174
87.6,9,0,23,6,10,-72.8163,-30.0599
87.6,10,0,23,6,10,-73.17,-27.5965
87.6,11,1,23,6,8,-72.8726,-29.8204
87.6,12,2,23,6,9,-73.3529,-29.9561
87.6,13,2,23,6,5,-72.709,-29.3897
87.6,14,1,23,6,6,-73.2513,-29.7043
87.7,0,1,23,6,11,-73.5689,-28.9565
87.7,1,0,23,6,12,-72.6489,-29.1537
87.7,2,2,23,6,12,-73.829,-29.0737
87.7,3,1,23,6,12,-71.7399,-29.7642
87.7,4,0,23,6,12,-72.5211,-29.6535
87.7,5,2,23,6,11,-71.7329,-28.77
87.7,6,2,23,6,11,-72.288,-27.0505
87.7,7,0,23,6,0,-200,0
87.7,8,1,23,6,11,-72.55,-28.4273
87.7,9,0,23,6,10,-72.8151,-30.0599
87.7,10,0,23,6,10,-73.1728,-27.5966
87.7,11,1,23,6,8,-72.8624,-29.8006
87.7,12,2,23,6,9,-73.3604,-29.9567
87.7,13,2,23,6,5,-72.7178,-29.4098
87.7,14,1,23,6,6,-73.2656,-29.705
87.8,0,1,23,6,11,-73.567,-28.9538
87.8,1,0,23,6,12,-72.6477,-29.1513
87.8,2,2,23,6,12,-73.8266,-29.0078
87.8,3,1,23,6,12,-71.739,-29.762
87.8,4,0,23,6,12,-72.519,-29.5848
87.8,5,2,23,6,11,-71.7391,-28.7695
87.8,6,2,23,6,11,-72.2879,-27.0644
87.8,7,0,23,6,0,-200,0
87.8,8,1,23,6,11,-72.5509,-28.4414
87.8,9,0,23,6,10,-72.8136,-30.0608
87.8,10,0,23,6,10,-73.1755,-27.5968
87.8,11,1,23,6,8,-72.8516,-29.7806
87.8,12,2,23,6,9,-73.3677,-29.9575
87.8,13,2,23,6,5,-72.7279,-29.4326
87.8,14,1,23,6,6,-73.2797,-29.7054
87.9,0,1,23,6,11,-73.5647,-28.9506
87.9,1,0,23,6,12,-72.6463,-29.1487
87.9,2,2,23,6,12,-73.8238,-28.9414
87.9,3,1,23,6,12,-71.738,-29.7594
87.9,4,0,23,6,12,-72.5165,-29.5161
87.9,5,2,23,6,11,-71.7455,-28.7698
87.9,6,2,23,6,11,-72.2878,-27.0823
87.9,7,0,23,6,0,-200,0
87.9,8,1,23,6,11,-72.5518,-28.4596
87.9,9,0,23,6,10,-72.8117,-30.0623
87.9,10,0,23,6,10,-73.1781,-27.597
87.9,11,1,23,6,8,-72.8403,-29.7608
87.9,12,2,23,6,9,-73.3748,-29.9581
87.9,13,2,23,6,5,-72.7389,-29.4584
87.9,14,1,23,6,6,-73.2937,-29.7065
88,0,1,23,6,11,-73.562,-28.9477
88,1,0,23,6,12,-72.6447,-29.1464
88,2,2,23,6,12,-73.8208,-28.875
88,3,1,23,6,12,-71.737,-29.7572
88,4,0,23,6,12,-72.5135,-29.4478
88,5,2,23,6,11,-71.7522,-28.7697
88,6,2,23,6,11,-72.2876,-27.103
88,7,0,23,6,0,-200,0
88,8,1,23,6,11,-72.5526,-28.4807
88,9,0,23,6,10,-72.8095,-30.0651
88,10,0,23,6,10,-73.1806,-27.5972
88,11,1,23,6,8,-72.8289,-29.7407
88,12,2,23,6,9,-73.3817,-29.9588
88,13,2,23,6,5,-72.7508,-29.4874
88,14,1,23,6,6,-73.3073,-29.7071
88.1,0,1,23,6,11,-73.559,-28.9443
88.1,1,0,23,6,12,-72.6432,-29.1436
88.1,2,2,23,6,12,-73.8173,-28.8086
88.1,3,1,23,6,12,-71.7357,-29.7545
88.1,4,0,23,6,12,-72.5102,-29.38
88.1,5,2,23,6,11,-71.7589,-28.7697
88.1,6,2,23,6,11,-72.2872,-27.129
88.1,7,0,23,6,0,-200,0
88.1,8,1,23,6,11,-72.5534,-28.5074
88.1,9,0,23,6,10,-72.8072,-30.0691
88.1,10,0,23,6,10,-73.1828,-27.5963
88.1,11,1,23,6,8,-72.8172,-29.7211
88.1,12,2,23,6,9,-73.3885,-29.9587
88.1,13,2,23,6,5,-72.7633,-29.5193
88.1,14,1,23,6,6,-73.3207,-29.7078
88.2,0,1,23,6,11,-73.5554,-28.9408
88.2,1,0,23,6,12,-72.6413,-29.1408
88.2,2,2,23,6,12,-73.8134,-28.7441
88.2,3,1,23,6,12,-71.7345,-29.752
88.2,4,0,23,6,12,-72.5063,-29.3147
88.2,5,2,23,6,11,-71.7655,-28.7698
88.2,6,2,23,6,11,-72.2868,-27.1572
88.2,7,0,23,6,0,-200,0
88.2,8,1,23,6,11,-72.554,-28.5364
88.2,9,0,23,6,10,-72.8044,-30.0745
88.2,10,0,23,6,10,-73.1848,-27.5961
88.2,11,1,23,6,8,-72.8055,-29.7014
88.2,12,2,23,6,9,-73.395,-29.959
88.2,13,2,23,6,5,-72.7765,-29.5536
88.2,14,1,23,6,6,-73.3337,-29.7086
88.3,0,1,23,6,11,-73.5614,-28.9375
88.3,1,0,23,6,12,-72.6396,-29.1384
88.3,2,2,23,6,12,-73.8093,-28.6843
88.3,3,1,23,6,12,-71.7333,-29.7499
88.3,4,0,23,6,12,-72.5018,-29.2545
88.3,5,2,23,6,11,-71.7719,-28.7703
88.3,6,2,23,6,11,-72.286,-27.1897
88.3,7,0,23,6,0,-200,0
88.3,8,1,23,6,11,-72.5547,-28.5702
88.3,9,0,23,6,10,-72.8015,-30.0813
88.3,10,0,23,6,10,-73.1869,-27.5952
88.3,11,1,23,6,8,-72.794,-29.6819
88.3,12,2,23,6,9,-73.4013,-29.9587
88.3,13,2,23,6,5,-72.7901,-29.5913
88.3,14,1,23,6,6,-73.3464,-29.7092
88.4,0,1,23,6,11,-73.5565,-28.9336
88.4,1,0,23,6,12,-72.6374,-29.1355
88.4,2,2,23,6,12,-73.8045,-28.6378
88.4,3,1,23,6,12,-71.7314,-29.7474
88.4,4,0,23,6,12,-72.4965,-29.2079
88.4,5,2,23,6,11,-71.7762,-28.7709
88.4,6,2,23,6,11,-72.2848,-27.2252
88.4,7,0,23,6,0,-200,0
88.4,8,1,23,6,11,-72.5551,-28.6074
88.4,9,0,23,6,10,-72.7983,-30.0902
88.4,10,0,23,6,10,-73.1887,-27.5942
88.4,11,1,23,6,8,-72.7827,-29.6621
88.4,12,2,23,6,9,-73.4073,-29.9664
88.4,13,2,23,6,5,-72.8007,-29.6269
88.4,14,1,23,6,6,-73.3492,-29.7105
88.5,0,1,23,6,11,-73.5512,-28.93
88.5,1,0,23,6,12,-72.635,-29.133
88.5,2,2,23,6,12,-73.799,-28.6009
88.5,3,1,23,6,12,-71.7288,-29.7451
88.5,4,0,23,6,12,-72.4902,-29.1713
88.5,5,2,23,6,11,-71.7787,-28.7718
88.5,6,2,23,6,11,-72.2831,-27.2652
88.5,7,0,23,6,0,-200,0
88.5,8,1,23,6,11,-72.5555,-28.6498
88.5,9,0,23,6,10,-72.7949,-30.1016
88.5,10,0,23,6,10,-73.1902,-27.5927
88.5,11,1,23,6,8,-72.7716,-29.6414
88.5,12,2,23,6,9,-73.4131,-29.9845
88.5,13,2,23,6,5,-72.8086,-29.6613
88.5,14,1,23,6,6,-73.3608,-29.7114
88.6,0,1,23,6,11,-73.545,-28.9257
88.6,1,0,23,6,12,-72.6322,-29.1301
88.6,2,2,23,6,12,-73.7929,-28.5734
88.6,3,1,23,6,12,-71.7257,-29.7425
88.6,4,0,23,6,12,-72.483,-29.1441
88.6,5,2,23,6,11,-71.7791,-28.7727
88.6,6,2,23,6,11,-72.2809,-27.3069
88.6,7,0,23,6,0,-200,0
88.6,8,1,23,6,11,-72.5554,-28.6942
88.6,9,0,23,6,10,-72.7911,-30.1158
88.6,10,0,23,6,10,-73.1914,-27.591
88.6,11,1,23,6,8,-72.7611,-29.6203
88.6,12,2,23,6,9,-73.4184,-30.0047
88.6,13,2,23,6,5,-72.8138,-29.6942
88.6,14,1,23,6,6,-73.3717,-29.7125
88.7,0,1,23,6,11,-73.5384,-28.9221
88.7,1,0,23,6,12,-72.6293,-29.1277
88.7,2,2,23,6,12,-73.7863,-28.5542
88.7,3,1,23,6,12,-71.7223,-29.7407
88.7,4,0,23,6,12,-72.4749,-29.1255
88.7,5,2,23,6,11,-71.7778,-28.7737
88.7,6,2,23,6,11,-72.2778,-27.3506
88.7,7,0,23,6,0,-200,0
88.7,8,1,23,6,11,-72.5554,-28.7417
88.7,9,0,23,6,10,-72.7871,-30.1327
88.7,10,0,23,6,10,-73.1925,-27.5891
88.7,11,1,23,6,8,-72.7511,-29.5981
88.7,12,2,23,6,9,-73.4236,-30.0276
88.7,13,2,23,6,5,-72.817,-29.7271
88.7,14,1,23,6,6,-73.382,-29.7133
88.8,0,1,23,6,11,-73.5312,-28.9182
88.8,1,0,23,6,12,-72.6263,-29.1254
88.8,2,2,23,6,12,-73.7791,-28.5424
88.8,3,1,23,6,12,-71.7184,-29.7388
88.8,4,0,23,6,12,-72.4658,-29.1146
88.8,5,2,23,6,11,-71.7746,-28.7755
88.8,6,2,23,6,11,-72.2741,-27.3952
88.8,7,0,23,6,0,-200,0
88.8,8,1,23,6,11,-72.5552,-28.7911
88.8,9,0,23,6,10,-72.783,-30.1522
88.8,10,0,23,6,10,-73.1934,-27.5868
88.8,11,1,23,6,8,-72.7418,-29.5755
88.8,12,2,23,6,9,-73.4284,-30.0521
88.8,13,2,23,6,5,-72.8179,-29.7588
88.8,14,1,23,6,6,-73.3916,-29.7147
88.9,0,1,23,6,11,-73.5233,-28.9177
88.9,1,0,23,6,12,-72.6232,-29.1265
88.9,2,2,23,6,12,-73.7919,-28.5362
88.9,3,1,23,6,12,-71.7143,-29.7404
88.9,4,0,23,6,12,-72.4556,-29.1096
88.9,5,2,23,6,11,-71.7698,-28.778
88.9,6,2,23,6,11,-72.2689,-27.439
88.9,7,0,23,6,0,-200,0
88.9,8,1,23,6,11,-72.5549,-28.8406
88.9,9,0,23,6,10,-72.7786,-30.1757
88.9,10,0,23,6,10,-73.194,-27.5837
88.9,11,1,23,6,8,-72.7334,-29.5517
88.9,12,2,23,6,9,-73.4327,-30.0794
88.9,13,2,23,6,5,-72.8169,-29.791
88.9,14,1,23,6,6,-73.3997,-29.7142
89,0,1,23,6,11,-73.5151,-28.9209
89,1,0,23,6,12,-72.6201,-29.1314
89,2,2,23,6,12,-73.7833,-28.5358
89,3,1,23,6,12,-71.7098,-29.7459
89,4,0,23,6,12,-72.4443,-29.1104
89,5,2,23,6,11,-71.7633,-28.7816
89,6,2,23,6,11,-72.2626,-27.4824
89,7,0,23,6,0,-200,0
89,8,1,23,6,11,-72.5546,-28.8907
89,9,0,23,6,10,-72.7741,-30.2015
89,10,0,23,6,10,-73.1944,-27.5803
89,11,1,23,6,8,-72.7258,-29.5275
89,12,2,23,6,9,-73.4366,-30.1082
89,13,2,23,6,5,-72.814,-29.8221
89,14,1,23,6,6,-73.4066,-29.7125
89.1,0,1,23,6,11,-73.5063,-28.9276
89.1,1,0,23,6,12,-72.6171,-29.1399
89.1,2,2,23,6,12,-73.7741,-28.5397
89.1,3,1,23,6,12,-71.7053,-29.7551
89.1,4,0,23,6,12,-72.4318,-29.1155
89.1,5,2,23,6,11,-71.7551,-28.786
89.1,6,2,23,6,11,-72.2549,-27.5239
89.1,7,0,23,6,0,-200,0
89.1,8,1,23,6,11,-72.5541,-28.94
89.1,9,0,23,6,10,-72.7694,-30.2307
89.1,10,0,23,6,10,-73.1945,-27.5765
89.1,11,1,23,6,8,-72.7191,-29.5021
89.1,12,2,23,6,9,-73.4403,-30.1401
89.1,13,2,23,6,5,-72.8094,-29.8543
89.1,14,1,23,6,6,-73.4121,-29.71
89.2,0,1,23,6,11,-73.4972,-28.9366
89.2,1,0,23,6,12,-72.614,-29.1508
89.2,2,2,23,6,12,-73.7644,-28.546
89.2,3,1,23,6,12,-71.7005,-29.7666
89.2,4,0,23,6,12,-72.4182,-29.1229
89.2,5,2,23,6,11,-71.7452,-28.7914
89.2,6,2,23,6,11,-72.2457,-27.5609
89.2,7,0,23,6,0,-200,0
89.2,8,1,23,6,11,-72.5538,-28.9861
89.2,9,0,23,6,10,-72.7644,-30.2626
89.2,10,0,23,6,10,-73.1945,-27.5728
89.2,11,1,23,6,8,-72.7136,-29.4758
89.2,12,2,23,6,9,-73.4437,-30.174
89.2,13,2,23,6,5,-72.8031,-29.8863
89.2,14,1,23,6,6,-73.426,-29.7061
89.3,0,1,23,6,11,-73.488,-28.9481
89.3,1,0,23,6,12,-72.6112,-29.1642
89.3,2,2,23,6,12,-73.7542,-28.5569
89.3,3,1,23,6,12,-71.6955,-29.7807
89.3,4,0,23,6,12,-72.4037,-29.135
89.3,5,2,23,6,11,-71.7338,-28.7992
89.3,6,2,23,6,11,-72.2354,-27.5966
89.3,7,0,23,6,0,-200,0
89.3,8,1,23,6,11,-72.5538,-29.0321
89.3,9,0,23,6,10,-72.7596,-30.2973
89.3,10,0,23,6,10,-73.1942,-27.5682
89.3,11,1,23,6,8,-72.7089,-29.4491
89.3,12,2,23,6,9,-73.4465,-30.2094
89.3,13,2,23,6,5,-72.7947,-29.9176
89.3,14,1,23,6,6,-73.429,-29.7011
89.4,0,1,23,6,11,-73.4778,-28.9572
89.4,1,0,23,6,12,-72.6087,-29.176
89.4,2,2,23,6,12,-73.7428,-28.5705
89.4,3,1,23,6,12,-71.6912,-29.7938
89.4,4,0,23,6,12,-72.3955,-29.1495
89.4,5,2,23,6,11,-71.7214,-28.8086
89.4,6,2,23,6,11,-72.2255,-27.6299
89.4,7,0,23,6,0,-200,0
89.4,8,1,23,6,11,-72.5548,-29.078
89.4,9,0,23,6,10,-72.7549,-30.3378
89.4,10,0,23,6,10,-73.1938,-27.6006
89.4,11,1,23,6,8,-72.7054,-29.424
89.4,12,2,23,6,9,-73.4492,-30.2467
89.4,13,2,23,6,5,-72.7852,-29.9492
89.4,14,1,23,6,6,-73.4317,-29.6959
89.5,0,1,23,6,11,-73.4677,-28.9649
89.5,1,0,23,6,12,-72.6068,-29.1864
89.5,2,2,23,6,12,-73.7305,-28.5814
89.5,3,1,23,6,12,-71.6876,-29.8058
89.5,4,0,23,6,12,-72.3804,-29.1628
89.5,5,2,23,6,11,-71.7087,-28.8223
89.5,6,2,23,6,11,-72.2141,-27.6421
89.5,7,0,23,6,0,-200,0
89.5,8,1,23,6,11,-72.5572,-29.1067
89.5,9,0,23,6,10,-72.749,-30.3794
89.5,10,0,23,6,10,-73.1928,-27.6391
89.5,11,1,23,6,8,-72.7042,-29.4022
89.5,12,2,23,6,9,-73.4519,-30.2851
89.5,13,2,23,6,5,-72.7753,-29.9823
89.5,14,1,23,6,6,-73.4338,-29.6947
89.6,0,1,23,6,11,-73.4582,-28.9715
89.6,1,0,23,6,12,-72.6053,-29.1951
89.6,2,2,23,6,12,-73.7177,-28.5909
89.6,3,1,23,6,12,-71.684,-29.8157
89.6,4,0,23,6,12,-72.362,-29.1744
89.6,5,2,23,6,11,-71.6893,-28.8348
89.6,6,2,23,6,11,-72.1986,-27.6397
89.6,7,0,23,6,0,-200,0
89.6,8,1,23,6,11,-72.5604,-29.1246
89.6,9,0,23,6,10,-72.7417,-30.4238
89.6,10,0,23,6,10,-73.1906,-27.6779
89.6,11,1,23,6,8,-72.7039,-29.3801
89.6,12,2,23,6,9,-73.4541,-30.3237
89.6,13,2,23,6,5,-72.7652,-30.0174
89.6,14,1,23,6,6,-73.4346,-29.6966
89.7,0,1,23,6,11,-73.4497,-28.9772
89.7,1,0,23,6,12,-72.6044,-29.2018
89.7,2,2,23,6,12,-73.7042,-28.598
89.7,3,1,23,6,12,-71.6793,-29.823
89.7,4,0,23,6,12,-72.3398,-29.1827
89.7,5,2,23,6,11,-71.6636,-28.8496
89.7,6,2,23,6,11,-72.1781,-27.6284
89.7,7,0,23,6,0,-200,0
89.7,8,1,23,6,11,-72.5648,-29.139
89.7,9,0,23,6,10,-72.7335,-30.4706
89.7,10,0,23,6,10,-73.1867,-27.7168
89.7,11,1,23,6,8,-72.7037,-29.3872
89.7,12,2,23,6,9,-73.4553,-30.3627
89.7,13,2,23,6,5,-72.7547,-30.0562
89.7,14,1,23,6,6,-73.4339,-29.7013
89.8,0,1,23,6,11,-73.4423,-28.9823
89.8,1,0,23,6,12,-72.6036,-29.2059
89.8,2,2,23,6,12,-73.6926,-28.6054
89.8,3,1,23,6,12,-71.6676,-29.8208
89.8,4,0,23,6,12,-72.3132,-29.1863
89.8,5,2,23,6,11,-71.6312,-28.8667
89.8,6,2,23,6,11,-72.1556,-27.6061
89.8,7,0,23,6,0,-200,0
89.8,8,1,23,6,11,-72.5685,-29.1481
89.8,9,0,23,6,10,-72.7245,-30.519
89.8,10,0,23,6,10,-73.1812,-27.7565
89.8,11,1,23,6,8,-72.7041,-29.3998
89.8,12,2,23,6,9,-73.4647,-30.4026
89.8,13,2,23,6,5,-72.7436,-30.0997
89.8,14,1,23,6,6,-73.4314,-29.7095
89.9,0,1,23,6,11,-73.4363,-28.9827
89.9,1,0,23,6,12,-72.6039,-29.2046
89.9,2,2,23,6,12,-73.6802,-28.6128
89.9,3,1,23,6,12,-71.6557,-29.8135
89.9,4,0,23,6,12,-72.2826,-29.1886
89.9,5,2,23,6,11,-71.5921,-28.8864
89.9,6,2,23,6,11,-72.1218,-27.5714
89.9,7,0,23,6,0,-200,0
89.9,8,1,23,6,11,-72.5819,-29.1508
89.9,9,0,23,6,10,-72.7148,-30.5672
89.9,10,0,23,6,10,-73.1743,-27.794
89.9,11,1,23,6,8,-72.7051,-29.4154
89.9,12,2,23,6,9,-73.4638,-30.4406
89.9,13,2,23,6,5,-72.7325,-30.1441
89.9,14,1,23,6,6,-73.429,-29.7213
90,0,1,23,6,11,-73.4322,-28.9754
90,1,0,23,6,12,-72.6057,-29.1947
90,2,2,23,6,12,-73.6676,-28.6218
90,3,1,23,6,12,-71.6437,-29.7983
90,4,0,23,6,12,-72.2487,-29.1908
90,5,2,23,6,11,-71.5475,-28.9119
90,6,2,23,6,11,-72.0848,-27.5235
90,7,0,23,6,0,-200,0
90,8,1,23,6,10,-72.5897,-24.7654
90,9,0,23,6,9,-72.7048,-28.5929
90,10,0,23,6,10,-73.1665,-27.8295
90,11,1,23,6,8,-72.7073,-29.4344
90,12,2,23,6,9,-73.4622,-30.4765
90,13,2,23,6,5,-72.7215,-30.1894
90,14,1,23,6,6,-73.4276,-29.7378
90.1,0,1,23,6,11,-73.4303,-28.9602
90.1,1,0,23,6,12,-72.6092,-29.176
90.1,2,2,23,6,12,-73.6549,-28.631
90.1,3,1,23,6,12,-71.6316,-29.7748
90.1,4,0,23,6,12,-72.2125,-29.1913
90.1,5,2,23,6,11,-71.4986,-28.9444
90.1,6,1,23,6,11,-72.0453,-27.4606
90.1,7,2,23,6,0,-200,0
90.1,8,0,23,6,10,-72.6012,-24.7639
90.1,9,0,23,6,9,-72.6943,-28.4876
90.1,10,2,23,6,10,-73.1777,-27.8624
90.1,11,1,23,6,8,-72.7107,-29.4559
90.1,12,1,23,6,9,-73.4627,-30.5099
90.1,13,2,23,6,5,-72.7112,-30.2361
90.1,14,0,23,6,6,-73.432,-29.7577
90.2,0,1,23,6,11,-73.4308,-28.9377
90.2,1,0,23,6,12,-72.6147,-29.1493
90.2,2,2,23,6,12,-73.6447,-28.645
90.2,3,1,23,6,12,-71.6196,-29.7442
90.2,4,0,23,6,12,-74.214,-29.1309
90.2,5,2,23,6,11,-73.1056,-28.9441
90.2,6,1,23,6,12,-72.0044,-30.1085
90.2,7,2,23,6,0,-200,0
90.2,8,0,23,6,10,-72.6165,-24.7605
90.2,9,0,23,6,9,-72.6843,-28.3585
90.2,10,2,23,6,10,-73.1717,-27.8922
90.2,11,1,23,6,9,-72.716,-30.062
90.2,12,1,23,6,9,-73.4633,-30.54
90.2,13,2,23,6,5,-72.702,-30.2829
90.2,14,0,23,6,6,-73.4385,-29.7822
90.3,0,1,23,6,11,-73.4343,-28.9124
90.3,1,0,23,6,12,-72.6226,-29.1188
90.3,2,2,23,6,12,-73.6373,-28.6643
90.3,3,1,23,6,12,-71.6082,-29.71
90.3,4,0,23,6,12,-74.2044,-29.1331
90.3,5,2,23,6,11,-73.0735,-29.0058
90.3,6,1,23,6,12,-71.9624,-30.0966
90.3,7,2,23,6,0,-200,0
90.3,8,0,23,6,10,-72.6358,-24.7565
90.3,9,0,23,6,9,-72.6746,-28.2058
90.3,10,2,23,6,10,-73.1675,-27.9201
90.3,11,1,23,6,9,-72.7232,-29.9345
90.3,12,1,23,6,9,-73.4655,-30.5685
90.3,13,2,23,6,5,-72.6937,-30.3293
90.3,14,0,23,6,6,-73.4469,-29.8111
90.4,0,1,23,6,11,-73.4414,-28.8914
90.4,1,0,23,6,12,-72.6334,-29.0912
90.4,2,2,23,6,12,-73.6338,-28.6897
90.4,3,1,23,6,12,-71.5974,-29.6786
90.4,4,0,23,6,12,-74.1963,-29.1377
90.4,5,2,23,6,11,-73.0431,-29.0768
90.4,6,1,23,6,12,-71.9195,-30.0845
90.4,7,2,23,6,0,-200,0
90.4,8,0,23,6,10,-72.667,-24.7522
90.4,9,0,23,6,9,-72.6652,-28.0295
90.4,10,2,23,6,10,-73.1666,-27.9478
90.4,11,1,23,6,9,-72.7325,-29.7865
90.4,12,1,23,6,9,-73.4698,-30.5959
90.4,13,2,23,6,5,-72.6865,-30.3755
90.4,14,0,23,6,6,-73.4673,-29.844
90.5,0,1,23,6,11,-73.4522,-28.8753
90.5,1,0,23,6,12,-72.6468,-29.0674
90.5,2,2,23,6,12,-73.6337,-28.7208
90.5,3,1,23,6,12,-71.588,-29.6511
90.5,4,0,23,6,12,-74.1897,-29.1449
90.5,5,2,23,6,11,-73.0146,-29.1587
90.5,6,1,23,6,12,-71.8761,-30.0726
90.5,7,2,23,6,0,-200,0
90.5,8,0,23,6,10,-72.6946,-24.7486
90.5,9,0,23,6,9,-72.6557,-27.8316
90.5,10,2,23,6,10,-73.1693,-27.9755
90.5,11,1,23,6,9,-72.7442,-29.7028
90.5,12,1,23,6,9,-73.486,-30.6223
90.5,13,2,23,6,5,-72.6803,-30.4208
90.5,14,0,23,6,6,-73.48,-29.8797
90.6,0,1,23,6,11,-73.4664,-28.8636
90.6,1,0,23,6,12,-72.663,-29.0471
90.6,2,2,23,6,12,-73.6368,-28.7608
90.6,3,2,23,6,12,-71.5797,-29.6276
90.6,4,1,23,6,12,-74.1848,-29.1588
90.6,5,1,23,6,11,-72.9882,-29.2513
90.6,6,0,23,6,12,-71.8327,-30.0656
90.6,7,0,23,6,0,-200,0
90.6,8,1,23,6,10,-72.7263,-24.747
90.6,9,2,23,6,9,-72.6471,-27.6174
90.6,10,2,23,6,10,-73.1754,-28.0026
90.6,11,0,23,6,9,-72.7581,-29.7781
90.6,12,0,23,6,9,-73.4949,-30.6472
90.6,13,1,23,6,5,-72.6748,-30.4638
90.6,14,1,23,6,6,-73.4948,-29.9186
90.7,0,1,23,6,11,-73.4841,-28.8571
90.7,1,0,23,6,12,-72.682,-29.0316
90.7,2,2,23,6,12,-73.6436,-28.8126
90.7,3,2,23,6,12,-71.5723,-29.6093
90.7,4,1,23,6,12,-74.1821,-29.1841
90.7,5,1,23,6,11,-72.9641,-29.356
90.7,6,0,23,6,12,-71.7903,-30.0694
90.7,7,0,23,6,0,-200,0
90.7,8,1,23,6,10,-72.7624,-24.7472
90.7,9,2,23,6,9,-72.642,-27.3953
90.7,10,2,23,6,10,-73.1859,-28.0307
90.7,11,0,23,6,9,-72.7741,-29.8535
90.7,12,0,23,6,9,-73.5063,-30.6715
90.7,13,1,23,6,5,-72.6702,-30.5055
90.7,14,1,23,6,6,-73.5121,-29.9597
90.8,0,1,23,6,11,-73.5051,-28.869
90.8,1,0,23,6,12,-72.7034,-29.0203
90.8,2,2,23,6,12,-73.6516,-28.8724
90.8,3,2,23,6,12,-71.566,-29.596
90.8,4,1,23,6,12,-74.1816,-29.2193
90.8,5,1,23,6,11,-72.9423,-29.4725
90.8,6,0,23,6,12,-71.7491,-30.083
90.8,7,0,23,6,0,-200,0
90.8,8,1,23,6,10,-72.8025,-24.7509
90.8,9,2,23,6,9,-72.6394,-27.3025
90.8,10,2,23,6,10,-73.1999,-28.0592
90.8,11,0,23,6,9,-72.7919,-29.9233
90.8,12,0,23,6,9,-73.5201,-30.6951
90.8,13,1,23,6,5,-72.6664,-30.5449
90.8,14,1,23,6,6,-73.5317,-30.0011
90.9,0,1,23,6,11,-73.5292,-28.9579
90.9,1,0,23,6,12,-72.7266,-29.0131
90.9,2,2,23,6,12,-73.66,-28.9405
90.9,3,2,23,6,12,-73.2824,-29.528
90.9,4,1,23,6,12,-74.183,-29.2651
90.9,5,1,23,6,11,-72.9222,-29.6067
90.9,6,0,23,6,12,-73.506,-30.0874
90.9,7,0,23,6,0,-200,0
90.9,8,1,23,6,10,-72.8459,-24.7839
90.9,9,2,23,6,9,-72.6389,-27.3551
90.9,10,2,23,6,10,-73.2062,-28.0861
90.9,11,0,23,6,9,-72.8107,-29.9867
90.9,12,0,23,6,9,-73.5361,-30.7178
90.9,13,1,23,6,5,-72.6629,-30.5814
90.9,14,1,23,6,6,-73.5535,-30.0424
91,0,1,23,6,11,-73.5561,-29.058
91,1,0,23,6,12,-72.7513,-29.0132
91,2,2,23,6,12,-73.6687,-29.0173
91,3,2,23,6,12,-73.3059,-29.5284
91,4,1,23,6,12,-74.1855,-29.3217
91,5,1,23,6,11,-72.904,-29.7596
91,6,0,23,6,12,-73.4812,-30.1236
91,7,0,23,6,0,-200,0
91,8,1,23,6,10,-72.8923,-24.8378
91,9,2,23,6,9,-72.6401,-27.4009
91,10,2,23,6,10,-73.2234,-28.1118
91,11,0,23,6,9,-72.8303,-30.0426
91,12,0,23,6,9,-73.5535,-30.7388
91,13,1,23,6,5,-72.6599,-30.6145
91,14,1,23,6,6,-73.577,-30.0825
91.1,0,2,23,6,11,-73.5849,-29.1659
91.1,1,1,23,6,12,-72.7768,-29.022
91.1,2,0,23,6,12,-73.6772,-29.0998
91.1,3,2,23,6,12,-73.3301,-29.5385
91.1,4,1,23,6,12,-74.1881,-29.3862
91.1,5,0,23,6,11,-72.8874,-29.9317
91.1,6,0,23,6,12,-73.4481,-30.1687
91.1,7,2,23,6,0,-200,0
91.1,8,1,23,6,10,-72.9413,-24.8907
91.1,9,2,23,6,9,-72.6423,-27.4394
91.1,10,2,23,6,10,-73.2421,-28.1366
91.1,11,1,23,6,9,-72.8501,-30.0909
91.1,12,0,23,6,9,-73.5706,-30.757
91.1,13,0,23,6,5,-72.657,-30.6445
91.1,14,1,23,6,6,-73.6003,-30.1196
91.2,0,2,23,6,11,-73.6152,-29.2781
91.2,1,1,23,6,12,-72.8027,-29.0406
91.2,2,0,23,6,12,-73.6855,-29.1849
91.2,3,2,23,6,12,-73.3544,-29.5586
91.2,4,1,23,6,12,-74.1906,-29.4559
91.2,5,0,23,6,11,-72.8728,-30.1186
91.2,6,0,23,6,12,-73.4264,-30.2205
91.2,7,2,23,6,0,-200,0
91.2,8,1,23,6,10,-72.9922,-24.9423
91.2,9,2,23,6,9,-72.6451,-27.4694
91.2,10,2,23,6,10,-73.2626,-28.1613
91.2,11,1,23,6,9,-72.87,-30.1304
91.2,12,0,23,6,9,-73.5875,-30.7729
91.2,13,0,23,6,5,-72.6545,-30.6711
91.2,14,1,23,6,6,-73.6233,-30.1531
91.3,0,2,23,6,11,-73.647,-29.3937
91.3,1,1,23,6,12,-72.8287,-29.0684
91.3,2,0,23,6,12,-73.6934,-29.2716
91.3,3,2,23,6,12,-73.3792,-29.5888
91.3,4,1,23,6,12,-74.1929,-29.5293
91.3,5,0,23,6,11,-72.8616,-30.3215
91.3,6,0,23,6,12,-73.4068,-30.2775
91.3,7,2,23,6,0,-200,0
91.3,8,1,23,6,10,-73.0451,-24.9942
91.3,9,2,23,6,9,-72.648,-27.4907
91.3,10,2,23,6,10,-73.2849,-28.1871
91.3,11,1,23,6,9,-72.8897,-30.1617
91.3,12,0,23,6,9,-73.6042,-30.788
91.3,13,0,23,6,5,-72.6528,-30.6958
91.3,14,1,23,6,6,-73.646,-30.1824
91.4,0,2,23,6,11,-73.6794,-29.514
91.4,1,1,23,6,12,-72.8547,-29.105
91.4,2,0,23,6,12,-73.7006,-29.3613
91.4,3,2,23,6,12,-73.4039,-29.6281
91.4,4,1,23,6,12,-74.1946,-29.6083
91.4,5,0,23,6,11,-72.8535,-30.5377
91.4,6,0,23,6,12,-73.3894,-30.3414
91.4,7,2,23,6,0,-200,0
91.4,8,1,23,6,10,-73.0993,-25.0457
91.4,9,2,23,6,9,-72.6507,-27.5032
91.4,10,2,23,6,10,-73.3083,-28.2131
91.4,11,1,23,6,9,-72.9088,-30.1844
91.4,12,0,23,6,9,-73.6202,-30.8012
91.4,13,0,23,6,5,-72.6514,-30.7166
91.4,14,1,23,6,6,-73.668,-30.2081
91.5,0,2,23,6,11,-73.7122,-29.633
91.5,1,1,23,6,12,-72.8798,-29.151
91.5,2,0,23,6,12,-73.7082,-29.4503
91.5,3,2,23,6,12,-73.4278,-29.6771
91.5,4,1,23,6,12,-74.1958,-29.6865
91.5,5,0,23,6,11,-72.8485,-30.767
91.5,6,0,23,6,12,-73.3734,-30.4064
91.5,7,2,23,6,0,-200,0
91.5,8,1,23,6,10,-73.1549,-25.0964
91.5,9,2,23,6,9,-72.6522,-27.5074
91.5,10,2,23,6,10,-73.3335,-28.2387
91.5,11,1,23,6,9,-72.9265,-30.1995
91.5,12,0,23,6,9,-73.6365,-30.8127
91.5,13,0,23,6,5,-72.6507,-30.7334
91.5,14,1,23,6,6,-73.6896,-30.2306
91.6,0,2,23,6,11,-73.7452,-29.756
91.6,1,1,23,6,12,-72.9039,-29.2076
91.6,2,0,23,6,12,-73.7165,-29.5426
91.6,3,2,23,6,12,-73.4508,-29.7987
91.6,4,1,23,6,12,-74.1959,-29.7679
91.6,5,0,23,6,11,-72.8435,-31.0008
91.6,6,0,23,6,12,-73.3572,-30.4758
91.6,7,2,23,6,0,-200,0
91.6,8,1,23,6,10,-73.2108,-25.1461
91.6,9,2,23,6,9,-72.6523,-27.5053
91.6,10,2,23,6,10,-73.3611,-28.2663
91.6,11,1,23,6,9,-72.9423,-30.2079
91.6,12,0,23,6,9,-73.6528,-30.8239
91.6,13,0,23,6,5,-72.6497,-30.7474
91.6,14,1,23,6,6,-73.7112,-30.2507
91.7,0,2,23,6,11,-73.7785,-29.8751
91.7,1,1,23,6,12,-72.9275,-29.2788
91.7,2,0,23,6,12,-73.7251,-29.6297
91.7,3,2,23,6,12,-73.4732,-30.0453
91.7,4,1,23,6,12,-74.1947,-29.8429
91.7,5,0,23,6,11,-72.8383,-31.2467
91.7,6,0,23,6,12,-73.3397,-30.5398
91.7,7,2,23,6,0,-200,0
91.7,8,1,23,6,10,-73.2678,-25.1956
91.7,9,2,23,6,9,-72.6504,-27.4975
91.7,10,2,23,6,10,-73.3906,-28.2954
91.7,11,1,23,6,9,-72.9558,-30.2104
91.7,12,0,23,6,9,-73.6701,-30.8352
91.7,13,0,23,6,5,-72.6491,-30.7603
91.7,14,1,23,6,6,-73.7334,-30.2701
91.8,0,2,23,6,11,-73.8224,-29.9882
91.8,1,1,23,6,12,-72.9505,-29.5092
91.8,2,0,23,6,12,-73.7344,-29.7091
91.8,3,2,23,6,12,-73.4952,-30.3056
91.8,4,1,23,6,12,-74.192,-29.9094
91.8,5,0,23,6,11,-72.8324,-31.5062
91.8,6,0,23,6,12,-73.3202,-30.5956
91.8,7,2,23,6,0,-200,0
91.8,8,1,23,6,10,-73.3259,-25.2466
91.8,9,2,23,6,9,-72.6463,-27.4866
91.8,10,2,23,6,10,-73.4234,-28.3294
91.8,11,1,23,6,9,-72.967,-30.2092
91.8,12,0,23,6,9,-73.6882,-30.8487
91.8,13,0,23,6,5,-72.6488,-30.7743
91.8,14,1,23,6,6,-73.7563,-30.2909
91.9,0,2,23,6,11,-73.8556,-30.0941
91.9,1,1,23,6,12,-72.9725,-29.7737
91.9,2,0,23,6,12,-73.7445,-29.7806
91.9,3,2,23,6,12,-73.5163,-30.5694
91.9,4,1,23,6,12,-74.1882,-29.9673
91.9,5,0,23,6,11,-72.8263,-31.7687
91.9,6,0,23,6,12,-73.3,-30.6443
91.9,7,2,23,6,0,-200,0
91.9,8,1,23,6,10,-73.3841,-25.2984
91.9,9,2,23,6,9,-72.6401,-27.4727
91.9,10,2,23,6,10,-73.4583,-28.3671
91.9,11,1,23,6,9,-72.976,-30.205
91.9,12,0,23,6,9,-73.7065,-30.8641
91.9,13,0,23,6,5,-72.6485,-30.7888
91.9,14,1,23,6,6,-73.7799,-30.3127
92,0,2,23,6,11,-73.8769,-30.1898
92,1,1,23,6,12,-72.9928,-30.0395
92,2,0,23,6,12,-73.7655,-29.8422
92,3,2,23,6,12,-73.5359,-30.834
92,4,1,23,6,12,-74.1834,-30.0159
92,5,0,23,6,11,-72.82,-32.0317
92,6,0,23,6,12,-73.2801,-30.6854
92,7,2,23,6,0,-200,0
92,8,1,23,6,10,-73.442,-25.3516
92,9,2,23,6,9,-72.6314,-27.4574
92,10,2,23,6,10,-73.4949,-28.4093
92,11,1,23,6,9,-72.9828,-30.2001
92,12,0,23,6,9,-73.7252,-30.8825
92,13,0,23,6,5,-72.6478,-30.804
92,14,1,23,6,6,-73.8033,-30.3365
92.1,0,2,23,6,11,-73.9075,-30.2796
92.1,1,1,23,6,12,-73.012,-30.3049
92.1,2,0,23,6,12,-73.7772,-29.8993
92.1,3,2,23,6,12,-73.5548,-31.0974
92.1,4,1,23,6,12,-74.1892,-30.0596
92.1,5,0,23,6,11,-72.8165,-32.2951
92.1,6,0,23,6,12,-73.2708,-30.7236
92.1,7,2,23,6,0,-200,0
92.1,8,1,23,6,10,-73.4995,-25.4082
92.1,9,2,23,6,9,-72.6212,-27.443
92.1,10,2,23,6,10,-73.5328,-28.4565
92.1,11,1,23,6,9,-72.9881,-30.1963
92.1,12,0,23,6,9,-73.744,-30.9049
92.1,13,0,23,6,5,-72.6476,-30.8204
92.1,14,1,23,6,6,-73.8258,-30.3612
92.2,0,2,23,6,11,-73.9367,-30.4466
92.2,1,1,23,6,12,-73.0297,-30.5762
92.2,2,0,23,6,12,-73.7889,-29.9511
92.2,3,2,23,6,12,-73.5723,-31.3658
92.2,4,1,23,6,12,-74.1823,-30.0979
92.2,5,0,23,6,11,-72.8155,-32.5648
92.2,6,0,23,6,12,-73.2536,-30.758
92.2,7,2,23,6,0,-200,0
92.2,8,1,23,6,10,-73.5568,-25.469
92.2,9,2,23,6,9,-72.6093,-27.4313
92.2,10,2,23,6,10,-73.57,-28.5072
92.2,11,1,23,6,9,-72.9918,-30.1955
92.2,12,0,23,6,9,-73.7619,-30.9312
92.2,13,0,23,6,5,-72.6476,-30.8392
92.2,14,1,23,6,6,-73.8469,-30.3884
92.3,0,2,23,6,11,-73.9643,-30.7349
92.3,1,1,23,6,12,-73.0459,-30.8537
92.3,2,0,23,6,12,-71.9465,-30.0002
92.3,3,2,23,6,12,-73.5922,-31.643
92.3,4,1,23,6,12,-74.1741,-30.131
92.3,5,0,23,6,11,-72.8167,-32.8405
92.3,6,0,23,6,12,-73.2379,-30.789
92.3,7,2,23,6,0,-200,0
92.3,8,1,23,6,10,-71.8241,-26.6072
92.3,9,2,23,6,9,-72.5955,-27.4227
92.3,10,2,23,6,10,-73.6069,-28.5675
92.3,11,1,23,6,9,-72.9949,-30.1987
92.3,12,0,23,6,9,-73.7798,-30.9677
92.3,13,0,23,6,5,-72.6483,-30.8654
92.3,14,1,23,6,6,-73.867,-30.4173
92.4,0,2,23,6,11,-73.9902,-31.0312
92.4,1,1,23,6,12,-73.0604,-31.1393
92.4,2,0,23,6,12,-71.9991,-30.0407
92.4,3,2,23,6,12,-73.6105,-31.9269
92.4,4,1,23,6,12,-74.1645,-30.156
92.4,5,0,23,6,11,-72.8207,-33.1244
92.4,6,0,23,6,12,-73.2235,-30.814
92.4,7,2,23,6,0,-200,0
92.4,8,1,23,6,10,-71.906,-26.717
92.4,9,2,23,6,9,-72.5796,-27.4185
92.4,10,2,23,6,10,-73.643,-28.6324
92.4,11,1,23,6,9,-72.9961,-30.2069
92.4,12,0,23,6,9,-73.7972,-31.0095
92.4,13,0,23,6,5,-72.6494,-30.8948
92.4,14,1,23,6,6,-73.8861,-30.4492
92.5,0,2,23,6,11,-74.0146,-31.3367
92.5,1,1,23,6,12,-73.0733,-31.434
92.5,2,0,23,6,12,-72.052,-30.0744
92.5,3,2,23,6,12,-73.6271,-32.2184
92.5,4,1,23,6,12,-74.1538,-30.1732
92.5,5,0,23,6,11,-72.8271,-33.4176
92.5,6,0,23,6,12,-73.2106,-30.8328
92.5,7,2,23,6,0,-200,0
92.5,8,1,23,6,10,-71.9885,-26.8328
92.5,9,2,23,6,9,-72.5616,-27.4182
92.5,10,2,23,6,10,-73.6783,-28.7019
92.5,11,1,23,6,9,-72.9952,-30.2194
92.5,12,0,23,6,9,-73.8145,-31.057
92.5,13,0,23,6,5,-72.6507,-30.9268
92.5,14,1,23,6,6,-73.9047,-30.4846
92.6,0,2,23,6,11,-74.0373,-31.6527
92.6,1,1,23,6,12,-73.0843,-31.7388
92.6,2,0,23,6,12,-72.105,-30.0983
92.6,3,2,23,6,12,-73.6418,-32.5187
92.6,4,1,23,6,12,-74.142,-30.1785
92.6,5,0,23,6,11,-72.8365,-33.7215
92.6,6,0,23,6,12,-73.1993,-30.8417
92.6,7,2,23,6,0,-200,0
92.6,8,1,23,6,10,-72.0714,-26.9545
92.6,9,2,23,6,9,-72.5413,-27.4224
92.6,10,2,23,6,10,-73.713,-28.776
92.6,11,1,23,6,9,-72.992,-30.2369
92.6,12,0,23,6,9,-73.832,-31.1103
92.6,13,0,23,6,5,-72.6526,-30.9618
92.6,14,1,23,6,6,-73.9228,-30.5238
92.7,0,2,23,6,11,-74.0587,-31.9692
92.7,1,1,23,6,12,-73.0937,-32.0448
92.7,2,0,23,6,12,-72.1587,-30.1111
92.7,3,2,23,6,12,-73.6552,-32.8196
92.7,4,1,23,6,12,-74.1291,-30.1707
92.7,5,0,23,6,11,-72.8487,-34.0281
92.7,6,0,23,6,12,-73.1896,-30.8396
92.7,7,2,23,6,0,-200,0
92.7,8,1,23,6,10,-72.1551,-27.0818
92.7,9,2,23,6,9,-72.5189,-27.4303
92.7,10,2,23,6,10,-73.7499,-28.8571
92.7,11,1,23,6,9,-72.9867,-30.2588
92.7,12,0,23,6,9,-73.8496,-31.1688
92.7,13,0,23,6,5,-72.655,-30.9992
92.7,14,1,23,6,6,-73.9408,-30.5673
92.8,0,2,23,6,11,-74.0789,-32.2859
92.8,1,1,23,6,12,-73.1014,-32.3514
92.8,2,0,23,6,12,-72.213,-30.1115
92.8,3,2,23,6,12,-73.6671,-33.1207
92.8,4,1,23,6,12,-74.1041,-30.1479
92.8,5,0,23,6,11,-72.8593,-34.3329
92.8,6,0,23,6,12,-73.1795,-30.8246
92.8,7,2,23,6,0,-200,0
92.8,8,1,23,6,10,-72.2391,-27.2135
92.8,9,2,23,6,9,-72.4941,-27.441
92.8,10,2,23,6,10,-73.7887,-28.944
92.8,11,1,23,6,9,-72.9789,-30.2841
92.8,12,0,23,6,9,-73.8683,-31.2323
92.8,13,0,23,6,5,-72.6563,-31.0376
92.8,14,1,23,6,6,-73.959,-30.6147
92.9,0,2,23,6,11,-74.0976,-32.6043
92.9,1,1,23,6,12,-73.1074,-32.66
92.9,2,0,23,6,12,-72.2675,-30.0974
92.9,3,2,23,6,12,-73.6775,-33.4234
92.9,4,1,23,6,12,-74.0899,-30.108
92.9,5,0,23,6,11,-72.8687,-34.6381
92.9,6,0,23,6,12,-73.1698,-30.7947
92.9,7,2,23,6,0,-200,0
92.9,8,1,23,6,10,-72.3233,-27.3496
92.9,9,2,23,6,9,-72.4674,-27.4557
92.9,10,2,23,6,10,-73.829,-29.0364
92.9,11,1,23,6,9,-72.9688,-30.3139
92.9,12,0,23,6,9,-73.8882,-31.3008
92.9,13,0,23,6,5,-72.6567,-31.0778
92.9,14,1,23,6,6,-73.9785,-30.6671
93,0,2,23,6,11,-74.1151,-32.9249
93,1,1,23,6,12,-73.1114,-32.9711
93,2,0,23,6,12,-72.3221,-30.1695
93,3,2,23,6,12,-73.6863,-33.7281
93,4,1,23,6,12,-74.0748,-30.0491
93,5,0,23,6,11,-72.8763,-34.9436
93,6,0,23,6,12,-73.16,-30.7478
93,7,2,23,6,0,-200,0
93,8,1,23,6,10,-72.4078,-27.4877
93,9,2,23,6,9,-72.4383,-27.4706
93,10,2,23,6,10,-73.8708,-29.1319
93,11,1,23,6,9,-72.9562,-30.3447
93,12,0,23,6,9,-73.9091,-31.3717
93,13,0,23,6,5,-72.6562,-31.1167
93,14,1,23,6,6,-73.9992,-30.722
93.1,0,2,23,6,11,-74.131,-33.2472
93.1,1,1,23,6,12,-73.1043,-33.2838
93.1,2,0,23,6,12,-72.3762,-30.5234
93.1,3,2,23,6,12,-73.6933,-34.0343
93.1,4,1,23,6,12,-74.0591,-29.9687
93.1,5,0,23,6,11,-72.8825,-35.2493
93.1,6,0,23,6,12,-73.1504,-30.6817
93.1,7,2,23,6,0,-200,0
93.1,8,1,23,6,10,-72.4922,-27.628
93.1,9,2,23,6,9,-72.4071,-27.486
93.1,10,2,23,6,10,-73.9136,-29.2303
93.1,11,1,23,6,9,-72.9411,-30.3767
93.1,12,0,23,6,9,-73.9311,-31.4455
93.1,13,0,23,6,5,-72.655,-31.156
93.1,14,1,23,6,6,-74.0211,-30.7795
93.2,0,2,23,6,11,-74.1455,-33.5686
93.2,1,1,23,6,12,-73.1038,-33.5956
93.2,2,0,23,6,12,-72.4295,-30.8753
93.2,3,2,23,6,12,-73.6985,-34.339
93.2,4,1,23,6,12,-74.0427,-29.8669
93.2,5,0,23,6,11,-72.8869,-35.5521
93.2,6,0,23,6,12,-73.1407,-30.5965
93.2,7,2,23,6,0,-200,0
93.2,8,1,23,6,10,-72.5765,-27.7684
93.2,9,2,23,6,9,-72.3736,-27.4985
93.2,10,2,23,6,10,-73.958,-29.3301
93.2,11,1,23,6,9,-72.9234,-30.4066
93.2,12,0,23,6,9,-73.9541,-31.5199
93.2,13,0,23,6,5,-72.6528,-31.1928
93.2,14,1,23,6,6,-74.0441,-30.8374
93.3,0,2,23,6,11,-74.1586,-33.8894
93.3,1,1,23,6,12,-73.1011,-33.9067
93.3,2,0,23,6,12,-72.4817,-31.2254
93.3,3,2,23,6,12,-73.7019,-34.6429
93.3,4,1,23,6,12,-74.0255,-29.739
93.3,5,0,23,6,11,-72.89,-35.8527
93.3,6,0,23,6,12,-73.1311,-30.4874
93.3,7,2,23,6,0,-200,0
93.3,8,1,23,6,10,-72.6606,-27.9085
93.3,9,2,23,6,9,-72.338,-27.5078
93.3,10,2,23,6,10,-74.0038,-29.431
93.3,11,1,23,6,9,-72.903,-30.4338
93.3,12,0,23,6,9,-73.9777,-31.5944
93.3,13,0,23,6,5,-72.6505,-31.2282
93.3,14,1,23,6,6,-74.0682,-30.8945
93.4,0,2,23,6,11,-74.1688,-34.2452
93.4,1,1,23,6,12,-73.0948,-34.2523
93.4,2,0,23,6,12,-72.5309,-31.6084
93.4,3,2,23,6,12,-73.7005,-34.9806
93.4,4,1,23,6,13,-74.0037,-30.1142
93.4,5,0,23,6,11,-72.8886,-36.1859
93.4,6,0,23,6,12,-73.1176,-30.3682
93.4,7,2,23,6,0,-200,0
93.4,8,1,23,6,10,-72.7444,-28.0511
93.4,9,2,23,6,9,-72.299,-27.5165
93.4,10,2,23,6,10,-74.0461,-29.5303
93.4,11,1,23,6,9,-72.8774,-30.4566
93.4,12,0,23,6,9,-73.9984,-31.6678
93.4,13,0,23,6,6,-72.6448,-31.2599
93.4,14,1,23,6,6,-74.0891,-30.9489
93.5,0,2,23,6,11,-74.1754,-34.6378
93.5,1,1,23,6,12,-73.0847,-34.6339
93.5,2,0,23,6,12,-72.5756,-32.0265
93.5,3,2,23,6,12,-73.6955,-35.3538
93.5,4,1,23,6,13,-73.9731,-29.9569
93.5,5,0,23,6,11,-72.8828,-36.5526
93.5,6,0,23,6,12,-73.0966,-30.236
93.5,7,2,23,6,0,-200,0
93.5,8,1,23,6,10,-72.8274,-28.1988
93.5,9,2,23,6,9,-72.255,-27.5239
93.5,10,2,23,6,10,-74.086,-29.6322
93.5,11,1,23,6,9,-72.8473,-30.4771
93.5,12,0,23,6,9,-74.0099,-31.7366
93.5,13,0,23,6,6,-72.6371,-31.2928
93.5,14,1,23,6,6,-74.1011,-30.9952
93.6,0,2,23,6,11,-74.1787,-35.0604
93.6,1,0,23,6,12,-73.071,-35.0448
93.6,2,1,23,6,12,-72.6163,-32.4732
93.6,3,2,23,6,12,-73.692,-35.7559
93.6,4,0,23,6,13,-73.9344,-29.7992
93.6,5,1,23,6,11,-72.8738,-36.9439
93.6,6,1,23,6,12,-73.0667,-30.1018
93.6,7,2,23,6,0,-200,0
93.6,8,0,23,6,10,-72.9095,-28.364
93.6,9,2,23,6,9,-72.2057,-27.5301
93.6,10,2,23,6,10,-74.1243,-29.7504
93.6,11,0,23,6,9,-72.816,-30.4983
93.6,12,1,23,6,9,-74.0136,-31.8142
93.6,13,1,23,6,6,-72.6305,-31.3378
93.6,14,0,23,6,6,-74.1051,-31.0364
93.7,0,2,23,6,11,-74.1675,-35.5055
93.7,1,0,23,6,12,-73.0629,-35.4772
93.7,2,1,23,6,12,-72.6533,-32.9416
93.7,3,2,23,6,12,-73.6902,-36.1784
93.7,4,0,23,6,13,-73.8885,-29.6447
93.7,5,1,23,6,11,-72.8609,-37.352
93.7,6,1,23,6,12,-73.0276,-29.9676
93.7,7,2,23,6,0,-200,0
93.7,8,0,23,6,10,-72.9906,-28.5486
93.7,9,2,23,6,9,-72.1507,-27.5362
93.7,10,2,23,6,10,-74.1613,-29.8874
93.7,11,0,23,6,9,-72.7835,-30.5217
93.7,12,1,23,6,9,-74.0119,-31.9049
93.7,13,1,23,6,6,-72.6243,-31.3971
93.7,14,0,23,6,6,-74.1015,-31.0743
93.8,0,2,23,6,11,-74.1649,-35.9675
93.8,1,0,23,6,12,-73.0437,-35.926
93.8,2,1,23,6,12,-72.6867,-33.4263
93.8,3,2,23,6,12,-73.6903,-36.616
93.8,4,0,23,6,13,-73.837,-29.4903
93.8,5,1,23,6,11,-72.8442,-37.7722
93.8,6,1,23,6,12,-72.98,-29.8313
93.8,7,2,23,6,0,-200,0
93.8,8,0,23,6,10,-73.0707,-28.7545
93.8,9,2,23,6,9,-72.0905,-27.5434
93.8,10,2,23,6,10,-74.1977,-30.0452
93.8,11,0,23,6,9,-72.7498,-30.5476
93.8,12,1,23,6,9,-74.007,-32.0121
93.8,13,1,23,6,6,-72.6186,-31.4731
93.8,14,0,23,6,6,-74.0918,-31.1108
93.9,0,2,23,6,11,-74.1599,-36.4376
93.9,1,0,23,6,12,-73.035,-36.3832
93.9,2,1,23,6,12,-72.7085,-33.919
93.9,3,2,23,6,12,-73.6927,-37.06
93.9,4,0,23,6,13,-73.7803,-29.3371
93.9,5,1,23,6,11,-72.8237,-38.1958
93.9,6,1,23,6,12,-72.9239,-29.6928
93.9,7,2,23,6,0,-200,0
93.9,8,0,23,6,10,-73.15,-28.9915
93.9,9,2,23,6,9,-72.0267,-27.572
93.9,10,2,23,6,10,-74.2341,-30.2348
93.9,11,0,23,6,9,-72.7159,-30.596
93.9,12,1,23,6,9,-74.0002,-32.1469
93.9,13,1,23,6,6,-72.6139,-31.5807
93.9,14,0,23,6,6,-74.0762,-31.1514
94,0,2,23,6,11,-74.1521,-36.9149
94,1,0,23,6,12,-73.0198,-36.848
94,2,1,23,6,12,-72.7347,-34.4192
94,3,2,23,6,12,-73.687,-37.5093
94,4,0,23,6,13,-73.7192,-29.1847
94,5,1,23,6,11,-72.7995,-38.6223
94,6,1,23,6,12,-72.8596,-29.5524
94,7,2,23,6,0,-200,0
94,8,0,23,6,10,-73.2284,-29.2622
94,9,2,23,6,9,-71.9594,-27.6255
94,10,2,23,6,10,-74.2703,-30.4581
94,11,0,23,6,9,-72.6815,-30.6704
94,12,1,23,6,9,-73.993,-32.3129
94,13,1,23,6,6,-72.6097,-31.7227
94,14,0,23,6,6,-74.0552,-31.199
94.1,0,2,23,6,11,-74.1418,-37.3928
94.1,1,0,23,6,12,-73.007,-37.3138
94.1,2,1,23,6,13,-72.757,-34.9206
94.1,3,2,23,6,12,-73.6939,-37.9577
94.1,4,0,23,6,13,-73.6542,-29.0326
94.1,5,1,23,6,11,-72.7709,-39.0457
94.1,6,2,23,6,12,-72.7872,-29.4093
94.1,7,1,23,6,0,-200,0
94.1,8,0,23,6,10,-73.2964,-29.568
94.1,9,2,23,6,9,-71.8886,-27.7058
94.1,10,1,23,6,10,-74.3065,-30.7173
94.1,11,0,23,6,9,-72.6467,-30.7722
94.1,12,2,23,6,9,-73.9863,-32.5127
94.1,13,1,23,6,7,-72.6058,-31.9013
94.1,14,0,23,6,6,-74.0295,-31.2572
94.2,0,2,23,6,11,-74.1282,-37.8676
94.2,1,0,23,6,12,-72.9959,-37.7772
94.2,2,1,23,6,13,-72.7746,-35.4202
94.2,3,2,23,6,12,-73.7027,-38.4018
94.2,4,0,23,6,13,-73.5838,-28.8788
94.2,5,1,23,6,11,-72.7358,-39.4621
94.2,6,2,23,6,13,-72.703,-29.5344
94.2,7,1,23,6,0,-200,0
94.2,8,0,23,6,10,-73.3724,-29.9088
94.2,9,2,23,6,9,-71.8139,-27.8139
94.2,10,1,23,6,10,-74.3429,-31.0122
94.2,11,0,23,6,9,-72.6109,-30.9025
94.2,12,2,23,6,9,-73.981,-32.7471
94.2,13,1,23,6,8,-72.6005,-32.1161
94.2,14,0,23,6,6,-73.9892,-31.3184
94.3,0,2,23,6,11,-74.1115,-38.338
94.3,1,0,23,6,12,-72.9861,-38.2367
94.3,2,1,23,6,13,-72.788,-35.9178
94.3,3,2,23,6,12,-73.7131,-38.8405
94.3,4,0,23,6,13,-73.5088,-28.7399
94.3,5,1,23,6,11,-72.6929,-39.8709
94.3,6,2,23,6,13,-72.6089,-29.4066
94.3,7,1,23,6,0,-200,0
94.3,8,0,23,6,10,-73.4474,-30.2859
94.3,9,2,23,6,9,-71.7351,-27.9532
94.3,10,1,23,6,10,-74.3794,-31.3441
94.3,11,0,23,6,9,-72.5741,-31.0645
94.3,12,2,23,6,9,-73.9776,-33.018
94.3,13,1,23,6,8,-72.5908,-32.3655
94.3,14,0,23,6,6,-73.9394,-31.3938
94.4,0,2,23,6,11,-74.0912,-38.8002
94.4,1,0,23,6,12,-72.9769,-38.6886
94.4,2,1,23,6,13,-72.7969,-36.4103
94.4,3,2,23,6,12,-73.7209,-39.2689
94.4,4,0,23,6,13,-71.7015,-29.9876
94.4,5,1,23,6,11,-72.6427,-40.2687
94.4,6,2,23,6,13,-72.5063,-29.271
94.4,7,1,23,6,0,-200,0
94.4,8,0,23,6,10,-73.5207,-30.6947
94.4,9,2,23,6,9,-71.6517,-28.1277
94.4,10,1,23,6,10,-72.3382,-31.789
94.4,11,0,23,6,9,-72.5316,-31.2587
94.4,12,2,23,6,9,-73.9767,-33.3216
94.4,13,1,23,6,8,-72.5765,-32.6459
94.4,14,0,23,6,6,-73.8852,-31.4926
94.5,0,2,23,6,11,-74.0675,-39.2525
94.5,1,0,23,6,12,-72.9682,-39.1315
94.5,2,1,23,6,13,-72.8021,-36.8977
94.5,3,2,23,6,12,-73.7264,-39.6859
94.5,4,0,23,6,13,-71.6796,-30.5345
94.5,5,1,23,6,11,-72.5855,-40.6547
94.5,6,2,23,6,13,-72.3972,-29.1285
94.5,7,1,23,6,0,-200,0
94.5,8,0,23,6,10,-73.5928,-31.1353
94.5,9,2,23,6,9,-71.5636,-28.3407
94.5,10,1,23,6,10,-72.3923,-32.1798
94.5,11,0,23,6,9,-72.4836,-31.4889
94.5,12,2,23,6,9,-73.9787,-33.6581
94.5,13,1,23,6,8,-72.5582,-32.9575
94.5,14,0,23,6,6,-73.8311,-31.6263
94.6,0,0,23,6,11,-74.0403,-39.6924
94.6,1,1,23,6,12,-72.959,-39.5627
94.6,2,2,23,6,13,-72.8036,-37.3778
94.6,3,0,23,6,12,-73.7296,-40.0891
94.6,4,1,23,6,13,-71.6566,-31.0712
94.6,5,2,23,6,11,-74.7572,-41.0215
94.6,6,0,23,6,13,-74.376,-28.9545
94.6,7,2,23,6,0,-200,0
94.6,8,1,23,6,10,-73.6634,-31.6092
94.6,9,0,23,6,9,-71.4701,-28.5926
94.6,10,2,23,6,10,-72.4563,-32.6049
94.6,11,1,23,6,9,-72.4302,-31.7558
94.6,12,0,23,6,9,-73.9835,-34.0295
94.6,13,2,23,6,8,-72.5357,-33.3019
94.6,14,1,23,6,6,-73.7798,-31.8015
94.7,0,0,23,6,12,-74.0096,-40.1175
94.7,1,1,23,6,12,-72.9454,-39.981
94.7,2,2,23,6,13,-72.8018,-37.8492
94.7,3,0,23,6,12,-73.7315,-40.4764
94.7,4,1,23,6,13,-71.6324,-31.5945
94.7,5,2,23,6,11,-74.7505,-41.3788
94.7,6,0,23,6,13,-74.2832,-28.7971
94.7,7,2,23,6,0,-200,0
94.7,8,1,23,6,10,-73.7327,-32.1032
94.7,9,0,23,6,9,-71.3694,-28.856
94.7,10,2,23,6,10,-72.5228,-33.0519
94.7,11,1,23,6,9,-72.371,-32.034
94.7,12,0,23,6,9,-73.9917,-34.4235
94.7,13,2,23,6,9,-72.5092,-34.0839
94.7,14,1,23,6,6,-73.7331,-32.016
94.8,0,0,23,6,12,-73.9741,-40.475
94.8,1,1,23,6,12,-72.9177,-40.3336
94.8,2,2,23,6,13,-72.7871,-38.2595
94.8,3,0,23,6,12,-73.7314,-40.7957
94.8,4,1,23,6,13,-71.613,-32.0339
94.8,5,2,23,6,11,-74.7418,-41.6686
94.8,6,0,23,6,13,-74.1895,-28.6333
94.8,7,2,23,6,0,-200,0
94.8,8,1,23,6,10,-73.7954,-32.6092
94.8,9,0,23,6,9,-71.2614,-29.1288
94.8,10,2,23,6,10,-72.591,-33.5183
94.8,11,1,23,6,9,-72.306,-32.3219
94.8,12,0,23,6,9,-73.9926,-34.8387
94.8,13,2,23,6,9,-72.4786,-34.3851
94.8,14,1,23,6,6,-73.6923,-32.2755
94.9,0,0,23,6,12,-73.9343,-40.8333
94.9,1,1,23,6,12,-72.8923,-40.6888
94.9,2,2,23,6,13,-72.777,-38.6771
94.9,3,0,23,6,12,-73.7408,-41.1157
94.9,4,1,23,6,13,-71.5841,-32.4833
94.9,5,2,23,6,11,-74.7323,-41.9594
94.9,6,0,23,6,13,-74.0937,-28.4621
94.9,7,2,23,6,0,-200,0
94.9,8,1,23,6,10,-73.8574,-33.1344
94.9,9,0,23,6,9,-71.1423,-29.4061
94.9,10,2,23,6,10,-72.6605,-34.0039
94.9,11,1,23,6,9,-72.2357,-32.6182
94.9,12,0,23,6,9,-74.0073,-35.2744
94.9,13,2,23,6,9,-72.4446,-34.6956
94.9,14,1,23,6,6,-73.6475,-32.5825
95,0,0,23,6,12,-73.89,-41.1836
95,1,1,23,6,12,-72.8609,-41.038
95,2,2,23,6,13,-72.7636,-39.0933
95,3,0,23,6,12,-73.7392,-41.4275
95,4,1,23,6,13,-71.5519,-32.9308
95,5,2,23,6,11,-74.7222,-42.243
95,6,0,23,6,13,-73.9951,-28.2841
95,7,2,23,6,0,-200,0
95,8,1,23,6,10,-73.9183,-33.6778
95,9,0,23,6,9,-71.013,-29.6878
95,10,2,23,6,10,-72.7317,-34.5084
95,11,1,23,6,9,-72.1602,-32.9225
95,12,0,23,6,9,-74.025,-35.7304
95,13,2,23,6,9,-72.407,-35.0146
95,14,1,23,6,6,-73.6189,-32.9396
95.1,0,0,23,6,12,-73.84,-41.4682
95.1,1,1,23,6,12,-72.8228,-41.3235
95.1,2,2,23,6,13,-72.7452,-39.4501
95.1,3,0,23,6,12,-73.7366,-41.6743
95.1,4,1,23,6,13,-71.5155,-33.2924
95.1,5,2,23,6,11,-74.7109,-42.4624
95.1,6,0,23,6,13,-73.8934,-28.0991
95.1,7,2,23,6,0,-200,0
95.1,8,1,23,6,10,-73.972,-34.2327
95.1,9,2,23,6,9,-70.8741,-29.9746
95.1,10,2,23,6,10,-72.8037,-35.0323
95.1,11,0,23,6,9,-72.0799,-33.2354
95.1,12,0,23,6,9,-74.0339,-36.207
95.1,13,1,23,6,9,-72.3662,-35.3431
95.1,14,1,23,6,6,-73.5961,-33.3477
95.2,0,0,23,6,12,-73.7859,-41.7603
95.2,1,1,23,6,12,-72.7791,-41.6179
95.2,2,2,23,6,13,-72.7242,-39.8197
95.2,3,0,23,6,12,-73.7339,-41.9289
95.2,4,1,23,6,13,-71.4746,-33.6714
95.2,5,2,23,6,11,-74.6995,-42.6907
95.2,6,0,23,6,13,-73.788,-27.9077
95.2,7,2,23,6,0,-200,0
95.2,8,1,23,6,10,-74.0255,-34.8081
95.2,9,2,23,6,9,-70.7267,-30.2667
95.2,10,2,23,6,10,-72.8763,-35.5759
95.2,11,0,23,6,9,-71.9951,-33.5569
95.2,12,0,23,6,9,-74.0559,-36.7045
95.2,13,1,23,6,9,-72.3225,-35.6809
95.2,14,1,23,6,6,-73.5786,-33.8076
95.3,0,0,23,6,12,-73.7262,-41.9928
95.3,1,1,23,6,12,-72.7286,-41.8545
95.3,2,2,23,6,13,-72.6992,-40.1349
95.3,3,0,23,6,12,-73.7303,-42.1252
95.3,4,1,23,6,13,-70.2638,-36.2211
95.3,5,2,23,6,11,-74.6871,-42.8618
95.3,6,0,23,6,13,-73.6783,-27.7112
95.3,7,2,23,6,0,-200,0
95.3,8,1,23,6,10,-72.1261,-35.4313
95.3,9,2,23,6,9,-70.571,-30.565
95.3,10,2,23,6,10,-72.9491,-36.1403
95.3,11,0,23,6,9,-71.906,-33.8882
95.3,12,0,23,6,9,-74.0795,-37.2241
95.3,13,1,23,6,9,-72.2758,-36.0762
95.3,14,1,23,6,6,-73.5661,-34.3185
95.4,0,0,23,6,12,-73.6623,-42.2448
95.4,1,1,23,6,12,-72.6726,-42.1121
95.4,2,2,23,6,13,-72.672,-40.4729
95.4,3,0,23,6,12,-73.7268,-42.3424
95.4,4,1,23,6,13,-70.2695,-36.588
95.4,5,2,23,6,11,-74.6749,-43.0544
95.4,6,0,23,6,13,-73.5636,-27.5091
95.4,7,2,23,6,0,-200,0
95.4,8,1,23,6,10,-72.2272,-36.0389
95.4,9,2,23,6,9,-70.4081,-30.8685
95.4,10,2,23,6,10,-73.0215,-36.7249
95.4,11,0,23,6,9,-71.8127,-34.2276
95.4,12,0,23,6,9,-74.1043,-37.7652
95.4,13,1,23,6,9,-72.2263,-36.5298
95.4,14,1,23,6,6,-73.558,-34.8751
95.5,0,0,23,6,12,-73.5932,-42.4507
95.5,1,1,23,6,12,-72.61,-42.3245
95.5,2,2,23,6,13,-72.6412,-40.7674
95.5,3,0,23,6,12,-73.7115,-42.5157
95.5,4,1,23,6,13,-70.2664,-36.9153
95.5,5,2,23,6,11,-74.662,-43.2034
95.5,6,0,23,6,13,-73.4434,-27.3026
95.5,7,2,23,6,0,-200,0
95.5,8,1,23,6,10,-72.3209,-36.659
95.5,9,2,23,6,9,-70.2382,-31.1775
95.5,10,2,23,6,10,-73.0928,-37.3283
95.5,11,0,23,6,9,-71.715,-34.5754
95.5,12,0,23,6,9,-74.1299,-38.3267
95.5,13,1,23,6,9,-72.1738,-36.9985
95.5,14,1,23,6,6,-73.5539,-35.4751
95.6,0,1,23,6,12,-73.5197,-42.686
95.6,1,0,23,6,12,-72.5414,-42.5671
95.6,2,2,23,6,13,-72.6085,-41.0928
95.6,3,1,23,6,12,-73.7051,-42.7211
95.6,4,1,23,6,13,-70.256,-37.2762
95.6,5,0,23,6,12,-74.6497,-43.3848
95.6,6,0,23,6,13,-73.3169,-27.0902
95.6,7,2,23,6,0,-200,0
95.6,8,0,23,6,10,-72.4157,-37.3011
95.6,9,0,23,6,9,-70.0619,-31.4951
95.6,10,1,23,6,10,-73.1625,-37.9509
95.6,11,1,23,6,9,-71.6126,-35.0411
95.6,12,2,23,6,10,-74.1548,-38.908
95.6,13,2,23,6,9,-72.1184,-37.4827
95.6,14,0,23,6,6,-73.5531,-36.1142
95.7,0,1,23,6,12,-73.4407,-42.8816
95.7,1,0,23,6,12,-72.4656,-42.7705
95.7,2,2,23,6,13,-72.57,-41.3792
95.7,3,1,23,6,12,-73.6958,-42.8896
95.7,4,1,23,6,13,-70.2354,-37.6007
95.7,5,0,23,6,12,-74.637,-43.5291
95.7,6,0,23,6,13,-73.184,-27.3035
95.7,7,2,23,6,0,-200,0
95.7,8,0,23,6,10,-72.502,-37.9595
95.7,9,0,23,6,9,-69.8783,-31.8168
95.7,10,1,23,6,10,-73.2302,-38.596
95.7,11,1,23,6,9,-71.505,-35.5281
95.7,12,2,23,6,10,-74.1792,-39.5128
95.7,13,2,23,6,9,-72.0596,-37.9854
95.7,14,0,23,6,6,-73.5557,-36.7937
95.8,0,1,23,6,12,-73.3573,-43.1118
95.8,1,0,23,6,12,-72.3838,-43.0092
95.8,2,2,23,6,13,-72.5272,-41.6999
95.8,3,1,23,6,12,-73.6827,-43.0992
95.8,4,1,23,6,13,-71.426,-37.963
95.8,5,0,23,6,12,-74.6374,-43.711
95.8,6,0,23,6,13,-71.4534,-29.9467
95.8,7,2,23,6,0,-200,0
95.8,8,0,23,6,10,-72.59,-38.6306
95.8,9,0,23,6,9,-70.7515,-32.1279
95.8,10,1,23,6,10,-73.2961,-39.2503
95.8,11,1,23,6,9,-71.391,-36.0199
95.8,12,2,23,6,10,-72.2232,-40.1329
95.8,13,2,23,6,9,-71.9969,-38.4944
95.8,14,0,23,6,6,-73.5612,-37.5047
95.9,0,1,23,6,12,-73.2681,-43.3087
95.9,1,0,23,6,12,-72.2954,-43.2159
95.9,2,2,23,6,13,-72.479,-41.9871
95.9,3,1,23,6,12,-73.6745,-43.2823
95.9,4,1,23,6,13,-71.4705,-38.2958
95.9,5,0,23,6,12,-74.625,-43.8632
95.9,6,0,23,6,13,-71.3993,-30.5967
95.9,7,2,23,6,0,-200,0
95.9,8,0,23,6,10,-72.67,-39.3027
95.9,9,0,23,6,9,-70.5799,-32.484
95.9,10,1,23,6,10,-73.3597,-39.9112
95.9,11,1,23,6,9,-71.2706,-36.5138
95.9,12,2,23,6,10,-72.2967,-40.7553
95.9,13,2,23,6,9,-71.9303,-39.0068
95.9,14,0,23,6,6,-73.5731,-38.2482
96,0,1,23,6,12,-73.1742,-43.5406
96,1,0,23,6,12,-74.2866,-43.4585
96,2,2,23,6,13,-72.4263,-42.3074
96,3,1,23,6,12,-73.6516,-43.5059
96,4,1,23,6,13,-71.5112,-38.6665
96,5,0,23,6,12,-74.6135,-44.0536
96,6,0,23,6,13,-71.3363,-31.2181
96,7,2,23,6,0,-200,0
96,8,0,23,6,11,-72.7514,-39.9769
96,9,0,23,6,10,-71.6627,-43.3016
96,10,1,23,6,10,-73.4211,-40.5705
96,11,1,23,6,9,-71.1437,-37.0001
96,12,2,23,6,10,-72.3698,-41.377
96,13,2,23,6,9,-71.8597,-39.5135
96,14,0,23,6,6,-73.5898,-39.0112
96.1,0,1,23,6,12,-73.0747,-43.7462
96.1,1,0,23,6,12,-74.2365,-43.6753
96.1,2,2,23,6,13,-72.368,-42.5986
96.1,3,1,23,6,12,-73.6231,-43.7079
96.1,4,1,23,6,13,-71.5449,-39.0134
96.1,5,0,23,6,12,-74.602,-44.2205
96.1,6,0,23,6,13,-71.2634,-31.821
96.1,7,2,23,6,0,-200,0
96.1,8,2,23,6,11,-72.8252,-40.6424
96.1,9,2,23,6,10,-71.4769,-43.299
96.1,10,0,23,6,10,-73.4802,-41.2263
96.1,11,0,23,6,9,-71.0107,-37.4784
96.1,12,1,23,6,10,-72.4426,-41.9964
96.1,13,1,23,6,9,-71.7849,-40.0135
96.1,14,2,23,6,6,-73.6102,-39.7888
96.2,0,1,23,6,12,-72.97,-43.9824
96.2,1,0,23,6,12,-74.1828,-43.9231
96.2,2,2,23,6,13,-72.3045,-42.9168
96.2,3,1,23,6,12,-73.5898,-43.9444
96.2,4,1,23,6,13,-71.5737,-39.3929
96.2,5,0,23,6,12,-74.5914,-44.4209
96.2,6,0,23,6,13,-71.1796,-32.4081
96.2,7,2,23,6,0,-200,0
96.2,8,2,23,6,11,-72.9,-41.3043
96.2,9,2,23,6,10,-71.2845,-43.3513
96.2,10,0,23,6,10,-73.5367,-41.8748
96.2,11,0,23,6,9,-70.8716,-37.9444
96.2,12,1,23,6,10,-72.5146,-42.6098
96.2,13,1,23,6,9,-71.7064,-40.5029
96.2,14,2,23,6,6,-73.633,-40.5761
96.3,0,1,23,6,12,-72.8593,-44.1994
96.3,1,0,23,6,12,-74.1243,-44.1521
96.3,2,2,23,6,13,-72.2349,-43.2121
96.3,3,1,23,6,12,-73.5503,-44.1655
96.3,4,1,23,6,13,-71.5946,-39.755
96.3,5,0,23,6,12,-74.5682,-44.6047
96.3,6,0,23,6,13,-71.0839,-32.9784
96.3,7,2,23,6,0,-200,0
96.3,8,2,23,6,11,-72.9675,-41.9478
96.3,9,2,23,6,10,-71.0852,-43.3687
96.3,10,0,23,6,10,-73.5908,-42.5096
96.3,11,0,23,6,9,-70.7262,-38.3913
96.3,12,1,23,6,10,-72.5856,-43.2105
96.3,13,1,23,6,9,-71.6238,-40.9753
96.3,14,2,23,6,6,-73.6576,-41.3717
96.4,0,1,23,6,12,-72.7425,-44.3989
96.4,1,0,23,6,12,-74.0609,-44.3634
96.4,2,2,23,6,13,-72.1602,-43.4829
96.4,3,1,23,6,12,-73.5045,-44.3717
96.4,4,1,23,6,13,-71.6075,-40.101
96.4,5,0,23,6,12,-74.5574,-44.7733
96.4,6,0,23,6,13,-72.5545,-33.5383
96.4,7,2,23,6,0,-200,0
96.4,8,2,23,6,11,-73.0277,-42.5582
96.4,9,2,23,6,10,-72.4168,-43.3583
96.4,10,0,23,6,10,-73.6418,-43.1158
96.4,11,0,23,6,9,-70.5747,-38.8048
96.4,12,1,23,6,10,-72.6555,-43.7843
96.4,13,1,23,6,9,-71.537,-41.4159
96.4,14,2,23,6,6,-73.6835,-42.1463
96.5,0,1,23,6,12,-72.62,-44.6347
96.5,1,0,23,6,12,-73.9936,-44.6111
96.5,2,2,23,6,13,-72.0808,-43.783
96.5,3,1,23,6,12,-73.4532,-44.6166
96.5,4,1,23,6,13,-71.6144,-40.4849
96.5,5,0,23,6,12,-74.5477,-44.9803
96.5,6,0,23,6,13,-71.0946,-36.9881
96.5,7,2,23,6,0,-200,0
96.5,8,2,23,6,11,-73.0898,-43.1434
96.5,9,2,23,6,10,-72.2625,-43.4233
96.5,10,0,23,6,10,-71.8914,-43.6944
96.5,11,0,23,6,9,-70.4173,-39.1821
96.5,12,1,23,6,10,-72.7232,-44.3291
96.5,13,1,23,6,9,-71.4465,-41.8227
96.5,14,2,23,6,6,-73.7092,-42.9007
96.6,0,0,23,6,13,-72.4912,-44.855
96.6,1,1,23,6,12,-73.9215,-44.8431
96.6,2,2,23,6,13,-73.9824,-44.0601
96.6,3,0,23,6,12,-73.3951,-44.8478
96.6,4,1,23,6,13,-71.6065,-40.8552
96.6,5,1,23,6,12,-74.5378,-45.1734
96.6,6,0,23,6,13,-71.1404,-37.5231
96.6,7,2,23,6,0,-200,0
96.6,8,2,23,6,11,-73.1453,-43.6921
96.6,9,2,23,6,10,-74.1439,-43.468
96.6,10,0,23,6,10,-72.002,-44.2378
96.6,11,1,23,6,9,-70.2542,-39.5659
96.6,12,1,23,6,10,-72.7888,-44.843
96.6,13,0,23,6,9,-71.3521,-42.1943
96.6,14,2,23,6,7,-73.7345,-44.3148
96.7,0,0,23,6,13,-72.3566,-45.1091
96.7,1,1,23,6,13,-73.8453,-45.1078
96.7,2,2,23,6,13,-73.9488,-44.3632
96.7,3,0,23,6,12,-73.3308,-45.1134
96.7,4,1,23,6,13,-71.5985,-41.2608
96.7,5,1,23,6,12,-74.5288,-45.4011
96.7,6,0,23,6,13,-71.1755,-38.0484
96.7,7,2,23,6,0,-200,0
96.7,8,2,23,6,11,-73.2027,-44.2103
96.7,9,2,23,6,10,-73.9961,-43.5853
96.7,10,0,23,6,10,-72.1083,-44.7461
96.7,11,1,23,6,9,-70.0851,-40.1282
96.7,12,1,23,6,10,-72.8524,-45.323
96.7,13,0,23,6,9,-71.2537,-42.5893
96.7,14,2,23,6,8,-73.7595,-46.1196
96.8,0,0,23,6,13,-74.3091,-45.3486
96.8,1,1,23,6,13,-73.7643,-45.3573
96.8,2,2,23,6,13,-73.9084,-44.6435
96.8,3,0,23,6,13,-73.2588,-45.3649
96.8,4,1,23,6,13,-71.5822,-41.6542
96.8,5,1,23,6,12,-74.5195,-45.6155
96.8,6,0,23,6,13,-71.1995,-38.5663
96.8,7,2,23,6,0,-200,0
96.8,8,2,23,6,11,-73.254,-44.6837
96.8,9,2,23,6,10,-77.371,-43.6785
96.8,10,0,23,6,10,-72.2103,-45.2136
96.8,11,1,23,6,9,-69.9099,-40.6536
96.8,12,1,23,6,10,-72.9139,-45.7634
96.8,13,0,23,6,9,-71.151,-43.1451
96.8,14,2,23,6,9,-73.7839,-46.5314
96.9,0,0,23,6,13,-74.2302,-45.5789
96.9,1,1,23,6,13,-73.6781,-45.5963
96.9,2,2,23,6,13,-73.8609,-44.9058
96.9,3,0,23,6,13,-73.1792,-45.607
96.9,4,1,23,6,13,-71.5514,-42.0402
96.9,5,1,23,6,12,-74.5092,-45.8221
96.9,6,0,23,6,13,-70.0914,-39.3364
96.9,7,2,23,6,0,-200,0
96.9,8,2,23,6,11,-71.6086,-45.1155
96.9,9,2,23,6,10,-77.3351,-43.7641
96.9,10,0,23,6,10,-72.3084,-45.6411
96.9,11,1,23,6,9,-69.7287,-41.1003
96.9,12,1,23,6,10,-72.9823,-46.1649
96.9,13,0,23,6,9,-71.0435,-43.6238
96.9,14,2,23,6,9,-73.808,-46.9051
97,0,0,23,6,13,-74.1484,-45.8499
97,1,1,23,6,13,-73.5878,-45.8747
97,2,2,23,6,13,-73.8072,-45.1998
97,3,0,23,6,13,-73.0921,-45.889
97,4,1,23,6,13,-71.5205,-42.4688
97,5,1,23,6,12,-74.4981,-46.0709
97,6,0,23,6,13,-70.1553,-39.8377
97,7,2,23,6,0,-200,0
97,8,2,23,6,11,-71.726,-45.5038
97,9,2,23,6,10,-77.3014,-43.9273
97,10,0,23,6,10,-72.403,-46.0223
97,11,1,23,6,9,-69.5412,-41.4271
97,12,1,23,6,10,-73.0401,-46.5208
97,13,0,23,6,9,-70.931,-43.9845
97,14,2,23,6,9,-73.8317,-47.2342
97.1,0,2,23,6,13,-74.0627,-46.1144
97.1,1,1,23,6,13,-73.4924,-46.1452
97.1,2,0,23,6,13,-73.7475,-45.4831
97.1,3,2,23,6,13,-72.9969,-46.1633
97.1,4,1,23,6,13,-71.4821,-42.8926
97.1,5,0,23,6,12,-74.4837,-46.3187
97.1,6,0,23,6,13,-70.2006,-40.3324
97.1,7,1,23,6,0,-200,0
97.1,8,2,23,6,11,-71.8357,-45.8502
97.1,9,2,23,6,10,-77.2689,-44.0783
97.1,10,0,23,6,10,-72.4946,-46.3653
97.1,11,0,23,6,9,-69.3482,-41.6809
97.1,12,1,23,6,10,-73.0967,-46.8392
97.1,13,1,23,6,9,-70.8123,-44.2736
97.1,14,2,23,6,9,-73.8558,-47.5271
97.2,0,2,23,6,13,-73.973,-46.3736
97.2,1,1,23,6,13,-73.3918,-46.4089
97.2,2,0,23,6,13,-73.6817,-45.757
97.2,3,2,23,6,13,-72.8933,-46.4311
97.2,4,1,23,6,13,-73.1641,-43.3375
97.2,5,0,23,6,12,-74.4655,-46.5662
97.2,6,0,23,6,13,-70.2317,-40.8235
97.2,7,1,23,6,0,-200,0
97.2,8,2,23,6,11,-71.9384,-46.1492
97.2,9,2,23,6,11,-77.2376,-47.6732
97.2,10,0,23,6,11,-72.5836,-46.6646
97.2,11,0,23,6,9,-70.085,-41.8327
97.2,12,1,23,6,10,-73.1521,-47.1147
97.2,13,1,23,6,9,-70.6874,-44.4715
97.2,14,2,23,6,9,-73.8803,-47.7781
97.3,0,2,23,6,13,-73.8796,-46.6464
97.3,1,1,23,6,13,-73.2865,-46.6843
97.3,2,0,23,6,13,-73.6104,-46.0401
97.3,3,2,23,6,13,-72.7815,-46.7107
97.3,4,1,23,6,13,-73.2119,-43.7921
97.3,5,0,23,6,12,-74.4438,-46.8311
97.3,6,0,23,6,13,-71.4669,-41.3132
97.3,7,1,23,6,0,-200,0
97.3,8,2,23,6,11,-72.0395,-46.4041
97.3,9,2,23,6,11,-77.2081,-47.8911
97.3,10,0,23,6,11,-72.6698,-46.9176
97.3,11,0,23,6,9,-70.9985,-41.8919
97.3,12,1,23,6,10,-73.2062,-47.3447
97.3,13,1,23,6,9,-70.5568,-44.5723
97.3,14,2,23,6,9,-73.9048,-47.9845
97.4,0,2,23,6,13,-73.7804,-46.8313
97.4,1,1,23,6,13,-73.1746,-46.8707
97.4,2,0,23,6,13,-73.5309,-46.231
97.4,3,2,23,6,13,-72.6596,-46.9008
97.4,4,1,23,6,13,-73.2526,-44.2113
97.4,5,0,23,6,12,-74.4157,-47.0251
97.4,6,0,23,6,13,-71.5773,-41.7853
97.4,7,1,23,6,0,-200,0
97.4,8,2,23,6,11,-72.1284,-46.597
97.4,9,2,23,6,11,-77.1775,-48.0252
97.4,10,0,23,6,11,-72.7535,-47.1177
97.4,11,0,23,6,9,-70.8257,-41.8547
97.4,12,1,23,6,10,-73.2642,-47.5276
97.4,13,1,23,6,9,-70.4175,-44.5772
97.4,14,2,23,6,9,-73.9339,-48.1445
97.5,0,2,23,6,13,-73.678,-47.0517
97.5,1,1,23,6,13,-73.0584,-47.1203
97.5,2,0,23,6,13,-73.4462,-46.4686
97.5,3,2,23,6,13,-74.8136,-47.1734
97.5,4,1,23,6,13,-73.2926,-44.6435
97.5,5,0,23,6,13,-74.3841,-47.3034
97.5,6,0,23,6,13,-71.6786,-42.2657
97.5,7,1,23,6,0,-200,0
97.5,8,2,23,6,11,-72.2194,-46.7542
97.5,9,2,23,6,11,-77.1496,-48.1973
97.5,10,0,23,6,11,-72.835,-47.2771
97.5,11,0,23,6,9,-71.9829,-41.547
97.5,12,1,23,6,10,-73.3203,-47.6694
97.5,13,1,23,6,9,-70.2728,-44.4764
97.5,14,2,23,6,10,-73.9622,-48.2642
97.6,0,0,23,6,13,-73.5717,-47.3386
97.6,1,1,23,6,13,-72.9372,-47.4048
97.6,2,2,23,6,13,-73.3558,-46.7513
97.6,3,0,23,6,13,-74.7472,-47.4608
97.6,4,2,23,6,13,-73.3315,-45.0784
97.6,5,1,23,6,13,-74.3481,-47.5868
97.6,6,0,23,6,13,-71.7692,-42.745
97.6,7,1,23,6,0,-200,0
97.6,8,2,23,6,11,-72.3101,-46.8746
97.6,9,2,23,6,11,-77.124,-48.3929
97.6,10,1,23,6,11,-72.9135,-47.3961
97.6,11,0,23,6,9,-71.8146,-41.3044
97.6,12,2,23,6,10,-73.3745,-47.7711
97.6,13,1,23,6,9,-70.1233,-44.2883
97.6,14,0,23,6,10,-73.9899,-48.3445
97.7,0,0,23,6,13,-73.4598,-47.6594
97.7,1,1,23,6,13,-72.8094,-47.7221
97.7,2,2,23,6,13,-73.2575,-47.0646
97.7,3,0,23,6,13,-74.6764,-47.7805
97.7,4,2,23,6,13,-73.3689,-45.5464
97.7,5,1,23,6,13,-74.3073,-47.9056
97.7,6,0,23,6,13,-71.8458,-43.2537
97.7,7,1,23,6,0,-200,0
97.7,8,2,23,6,12,-72.3834,-47.2154
97.7,9,2,23,6,11,-77.0981,-48.5136
97.7,10,1,23,6,11,-72.9889,-47.7665
97.7,11,0,23,6,10,-71.6299,-45.3017
97.7,12,2,23,6,10,-73.4268,-48.1438
97.7,13,1,23,6,9,-69.9742,-44.0347
97.7,14,0,23,6,10,-74.0189,-48.7129
97.8,0,0,23,6,13,-73.3438,-48.0621
97.8,1,1,23,6,13,-72.6768,-48.119
97.8,2,2,23,6,13,-73.1534,-47.4564
97.8,3,0,23,6,13,-74.6015,-48.1785
97.8,4,2,23,6,13,-73.4058,-46.0927
97.8,5,1,23,6,13,-74.2607,-48.3049
97.8,6,0,23,6,13,-71.9114,-43.8369
97.8,7,1,23,6,0,-200,0
97.8,8,2,23,6,12,-72.4596,-47.7411
97.8,9,2,23,6,11,-77.0664,-48.8066
97.8,10,1,23,6,11,-73.0558,-48.2917
97.8,11,0,23,6,10,-71.446,-45.369
97.8,12,2,23,6,10,-73.4773,-48.6602
97.8,13,1,23,6,9,-69.8199,-43.7286
97.8,14,0,23,6,10,-74.0462,-49.2103
97.9,0,0,23,6,13,-73.2233,-48.4803
97.9,1,1,23,6,13,-74.8076,-48.5308
97.9,2,2,23,6,13,-73.0434,-47.8615
97.9,3,0,23,6,13,-74.5225,-48.5909
97.9,4,2,23,6,13,-73.4429,-46.6533
97.9,5,1,23,6,13,-74.2078,-48.7212
97.9,6,0,23,6,13,-71.9592,-44.4338
97.9,7,1,23,6,0,-200,0
97.9,8,2,23,6,12,-72.5373,-48.3605
97.9,9,2,23,6,11,-77.0379,-49.1369
97.9,10,1,23,6,11,-73.1213,-48.9071
97.9,11,0,23,6,10,-72.823,-45.4795
97.9,12,2,23,6,10,-73.5264,-49.2658
97.9,13,1,23,6,9,-69.6604,-43.4968
97.9,14,0,23,6,10,-74.0726,-49.7972
98,0,0,23,6,13,-73.096,-48.8375
98,1,1,23,6,13,-74.7382,-48.8809
98,2,2,23,6,13,-72.925,-48.2032
98,3,0,23,6,13,-74.4366,-48.9407
98,4,2,23,6,13,-73.4746,-47.1482
98,5,1,23,6,13,-74.1454,-49.0769
98,6,0,23,6,13,-71.9901,-44.9682
98,7,1,23,6,0,-200,0
98,8,2,23,6,12,-72.5996,-49.0353
98,9,2,23,6,11,-77.0308,-49.3758
98,10,1,23,6,11,-73.1877,-49.5844
98,11,0,23,6,10,-72.6516,-45.4936
98,12,2,23,6,10,-73.5737,-49.9394
98,13,1,23,6,9,-69.4956,-43.9524
98,14,0,23,6,10,-74.0981,-50.4526
98.1,0,0,23,6,13,-72.9636,-49.1448
98.1,1,2,23,6,13,-74.6662,-49.1806
98.1,2,1,23,6,13,-72.8004,-48.4934
98.1,3,0,23,6,13,-74.3468,-49.2394
98.1,4,2,23,6,13,-73.5045,-47.5875
98.1,5,1,23,6,13,-74.0753,-49.3834
98.1,6,0,23,6,13,-72.017,-45.4517
98.1,7,2,23,6,0,-200,0
98.1,8,1,23,6,12,-72.6663,-49.7333
98.1,9,2,23,6,11,-77.0046,-49.6254
98.1,10,2,23,6,11,-73.239,-50.2737
98.1,11,1,23,6,10,-72.4743,-45.6767
98.1,12,1,23,6,10,-73.6195,-50.6291
98.1,13,0,23,6,9,-69.3259,-44.4191
98.1,14,0,23,6,10,-74.1228,-51.1245
98.2,0,0,23,6,13,-72.8246,-49.4059
98.2,1,2,23,6,13,-74.5893,-49.4337
98.2,2,1,23,6,13,-72.6676,-48.7362
98.2,3,0,23,6,13,-74.251,-49.4907
98.2,4,2,23,6,13,-73.5305,-47.975
98.2,5,1,23,6,13,-73.9952,-49.6439
98.2,6,0,23,6,13,-72.0292,-45.8883
98.2,7,2,23,6,0,-200,0
98.2,8,1,23,6,12,-72.7191,-50.3654
98.2,9,2,23,6,11,-76.9787,-49.7795
98.2,10,2,23,6,11,-73.2863,-50.9069
98.2,11,1,23,6,10,-72.2903,-45.7112
98.2,12,1,23,6,10,-73.664,-51.2651
98.2,13,0,23,6,9,-69.1511,-44.8276
98.2,14,0,23,6,10,-74.1469,-51.743
98.3,0,0,23,6,13,-72.6809,-49.6308
98.3,1,2,23,6,13,-74.5101,-49.6507
98.3,2,1,23,6,13,-72.5288,-48.9419
98.3,3,0,23,6,13,-74.1517,-49.7043
98.3,4,2,23,6,13,-73.5564,-48.3205
98.3,5,1,23,6,13,-73.9065,-49.8685
98.3,6,0,23,6,13,-74.0044,-46.2881
98.3,7,2,23,6,0,-200,0
98.3,8,1,23,6,12,-72.778,-50.8719
98.3,9,2,23,6,11,-76.9563,-49.9486
98.3,10,2,23,6,11,-73.3306,-51.4043
98.3,11,1,23,6,10,-72.1003,-45.9031
98.3,12,1,23,6,10,-73.7073,-51.7667
98.3,13,0,23,6,9,-69.8362,-45.0952
98.3,14,0,23,6,10,-74.1706,-52.2277
98.4,0,0,23,6,13,-74.8058,-49.8294
98.4,1,2,23,6,13,-74.428,-49.8411
98.4,2,1,23,6,13,-72.3832,-49.1207
98.4,3,0,23,6,13,-74.0489,-49.8908
98.4,4,2,23,6,13,-73.5823,-48.6332
98.4,5,1,23,6,13,-73.8084,-50.0668
98.4,6,0,23,6,13,-74.161,-46.6603
98.4,7,2,23,6,0,-200,0
98.4,8,1,23,6,12,-72.8405,-51.2057
98.4,9,2,23,6,11,-76.9156,-50.1255
98.4,10,2,23,6,11,-73.3729,-51.7226
98.4,11,1,23,6,10,-73.793,-46.202
98.4,12,1,23,6,10,-73.7497,-52.09
98.4,13,0,23,6,9,-69.6738,-45.1829
98.4,14,0,23,6,10,-74.1939,-52.5342
98.5,0,0,23,6,13,-74.7339,-49.9937
98.5,1,2,23,6,13,-74.3407,-49.9976
98.5,2,1,23,6,13,-74.4428,-49.2649
98.5,3,0,23,6,13,-73.9402,-50.042
98.5,4,2,23,6,13,-73.6058,-48.9056
98.5,5,1,23,6,13,-73.6977,-50.2303
98.5,6,0,23,6,13,-74.3121,-46.9974
98.5,7,2,23,6,0,-200,0
98.5,8,1,23,6,12,-72.8907,-51.3242
98.5,9,2,23,6,11,-76.8967,-50.2064
98.5,10,2,23,6,11,-73.4136,-51.8366
98.5,11,1,23,6,10,-77.108,-46.326
98.5,12,1,23,6,10,-73.7914,-52.2095
98.5,13,0,23,6,9,-69.5054,-45.0617
98.5,14,0,23,6,10,-74.2171,-52.6373
98.6,0,0,23,6,13,-74.6599,-50.1328
98.6,1,2,23,6,13,-74.2502,-50.1289
98.6,2,1,23,6,13,-74.3657,-49.3841
98.6,3,0,23,6,13,-73.8273,-50.1665
98.6,4,2,23,6,13,-73.6298,-49.1462
98.6,5,1,23,6,13,-73.5758,-50.3677
98.6,6,0,23,6,13,-74.4637,-47.308
98.6,7,2,23,6,0,-200,0
98.6,8,1,23,6,12,-72.9463,-51.2658
98.6,9,2,23,6,11,-76.8812,-50.304
98.6,10,2,23,6,11,-73.4533,-51.7662
98.6,11,1,23,6,10,-77.0791,-46.5693
98.6,12,1,23,6,10,-73.8325,-52.1446
98.6,13,0,23,6,9,-69.3272,-44.7513
98.6,14,0,23,6,10,-74.2404,-52.5565
98.7,0,0,23,6,13,-74.58,-50.2681
98.7,1,2,23,6,13,-74.1531,-50.2567
98.7,2,1,23,6,13,-74.2826,-49.4998
98.7,3,0,23,6,13,-73.7069,-50.286
98.7,4,2,23,6,13,-73.66,-49.3753
98.7,5,1,23,6,13,-76.6292,-50.5002
98.7,6,0,23,6,13,-74.6084,-47.6123
98.7,7,2,23,6,0,-200,0
98.7,8,1,23,6,12,-72.9903,-51.0573
98.7,9,2,23,6,12,-76.8648,-51.0282
98.7,10,2,23,6,12,-73.4921,-51.5567
98.7,11,1,23,6,11,-77.0503,-50.8358
98.7,12,1,23,6,11,-73.8651,-51.9321
98.7,13,0,23,6,9,-70.0798,-42.5495
98.7,14,0,23,6,10,-74.2639,-52.3372
98.8,0,0,23,6,13,-74.4973,-50.3956
98.8,1,2,23,6,13,-74.0516,-50.3767
98.8,2,1,23,6,13,-74.1968,-49.6074
98.8,3,0,23,6,13,-73.5805,-50.3957
98.8,4,2,23,6,13,-73.6777,-49.5873
98.8,5,1,23,6,13,-76.6287,-50.6227
98.8,6,0,23,6,13,-74.7522,-47.906
98.8,7,2,23,6,0,-200,0
98.8,8,1,23,6,12,-73.0407,-50.764
98.8,9,2,23,6,12,-76.8508,-51.1269
98.8,10,2,23,6,12,-73.5297,-51.2542
98.8,11,1,23,6,11,-77.0244,-51.0016
98.8,12,1,23,6,11,-73.8922,-51.6214
98.8,13,0,23,6,9,-69.913,-42.0935
98.8,14,0,23,6,10,-74.2872,-52.0252
98.9,0,0,23,6,13,-74.4092,-50.4995
98.9,1,2,23,6,13,-73.9433,-50.473
98.9,2,1,23,6,13,-74.1057,-49.6916
98.9,3,0,23,6,13,-76.4986,-50.4798
98.9,4,2,23,6,13,-73.6897,-49.766
98.9,5,1,23,6,13,-76.6251,-50.7184
98.9,6,0,23,6,13,-74.887,-48.1694
98.9,7,2,23,6,0,-200,0
98.9,8,1,23,6,12,-73.0793,-50.4063
98.9,9,2,23,6,12,-76.8362,-51.2028
98.9,10,2,23,6,12,-73.5659,-50.8978
98.9,11,1,23,6,11,-76.999,-51.1115
98.9,12,1,23,6,11,-73.9154,-51.2538
98.9,13,0,23,6,9,-70.7966,-40.5821
98.9,14,0,23,6,10,-74.3098,-51.6598
99,0,0,23,6,13,-74.318,-50.5831
99,1,2,23,6,13,-73.8302,-50.5492
99,2,1,23,6,13,-74.0125,-49.7561
99,3,0,23,6,13,-76.4909,-50.5415
99,4,2,23,6,13,-73.6971,-49.9143
99,5,1,23,6,13,-76.6222,-50.7905
99,6,0,23,6,13,-75.0185,-48.4063
99,7,2,23,6,0,-200,0
99,8,1,23,6,12,-73.124,-50.0185
99,9,2,23,6,12,-76.8243,-51.2588
99,10,2,23,6,12,-73.6003,-50.5026
99,11,1,23,6,11,-76.9986,-51.2716
99,12,1,23,6,11,-73.936,-50.846
99,13,0,23,6,9,-70.6414,-41.8101
99,14,0,23,6,10,-74.3316,-51.2557
99.1,0,0,23,6,13,-74.2212,-50.6321
99.1,1,1,23,6,13,-73.7097,-50.5916
99.1,2,1,23,6,13,-73.9143,-49.7864
99.1,3,0,23,6,13,-76.4815,-50.5669
99.1,4,2,23,6,13,-73.6962,-50.0175
99.1,5,1,23,6,13,-76.6168,-50.8248
99.1,6,0,23,6,13,-75.1416,-48.602
99.1,7,2,23,6,0,-200,0
99.1,8,1,23,6,12,-73.1578,-49.6206
99.1,9,2,23,6,12,-76.812,-51.2805
99.1,10,2,23,6,12,-73.6335,-50.1075
99.1,11,1,23,6,11,-76.977,-51.3437
99.1,12,0,23,6,11,-73.9549,-50.4374
99.1,13,0,23,6,9,-70.4789,-43.4512
99.1,14,1,23,6,10,-74.3529,-50.852
99.2,0,0,23,6,13,-74.1214,-50.6486
99.2,1,1,23,6,13,-73.5831,-50.6015
99.2,2,1,23,6,13,-73.8139,-49.7839
99.2,3,0,23,6,13,-76.4743,-50.5576
99.2,4,2,23,6,13,-73.6881,-50.0768
99.2,5,1,23,6,13,-76.6123,-50.8227
99.2,6,0,23,6,13,-75.2615,-48.7582
99.2,7,2,23,6,0,-200,0
99.2,8,1,23,6,12,-73.1983,-50.9994
99.2,9,2,23,6,12,-76.8022,-51.2688
99.2,10,2,23,6,12,-73.6653,-51.4701
99.2,11,1,23,6,11,-76.9588,-51.4421
99.2,12,0,23,6,11,-73.9728,-51.7706
99.2,13,0,23,6,9,-70.3095,-44.8078
99.2,14,1,23,6,10,-74.3733,-52.1762
99.3,0,0,23,6,13,-74.0156,-50.6758
99.3,1,1,23,6,13,-76.5381,-50.6221
99.3,2,1,23,6,13,-73.7074,-49.7905
99.3,3,0,23,6,13,-76.4645,-50.5575
99.3,4,2,23,6,13,-73.6688,-50.1361
99.3,5,1,23,6,13,-76.6047,-50.8283
99.3,6,0,23,6,13,-75.3718,-48.9178
99.3,7,2,23,6,0,-200,0
99.3,8,1,23,6,13,-73.2376,-51.9487
99.3,9,2,23,6,12,-76.791,-51.2673
99.3,10,2,23,6,12,-73.6959,-52.4184
99.3,11,1,23,6,11,-76.9404,-51.4433
99.3,12,0,23,6,11,-73.9896,-52.7001
99.3,13,0,23,6,10,-71.3087,-47.8891
99.3,14,1,23,6,10,-74.3847,-53.0958
99.4,0,0,23,6,13,-73.9062,-50.7213
99.4,1,1,23,6,13,-76.5427,-50.6402
99.4,2,1,23,6,13,-73.597,-49.7977
99.4,3,0,23,6,13,-76.4568,-50.5432
99.4,4,2,23,6,13,-73.6403,-50.1915
99.4,5,1,23,6,13,-76.5981,-50.8182
99.4,6,0,23,6,13,-75.4777,-49.0565
99.4,7,2,23,6,0,-200,0
99.4,8,1,23,6,13,-73.275,-52.2671
99.4,9,2,23,6,12,-76.7818,-51.252
99.4,10,2,23,6,12,-73.7258,-52.7271
99.4,11,1,23,6,11,-76.9035,-51.4667
99.4,12,0,23,6,11,-74.0058,-52.9901
99.4,13,0,23,6,10,-71.1535,-47.9961
99.4,14,1,23,6,10,-74.3908,-53.371
99.5,0,0,23,6,13,-73.7899,-50.6659
99.5,1,1,23,6,13,-76.5441,-50.5754
99.5,2,1,23,6,13,-73.4779,-49.7152
99.5,3,0,23,6,13,-76.4456,-50.4489
99.5,4,2,23,6,13,-73.5989,-50.151
99.5,5,1,23,6,13,-76.5875,-50.719
99.5,6,0,23,6,13,-75.5724,-49.0604
99.5,7,2,23,6,0,-200,0
99.5,8,1,23,6,13,-73.3031,-51.9843
99.5,9,2,23,6,12,-76.7698,-51.1059
99.5,10,2,23,6,12,-73.7422,-52.4299
99.5,11,1,23,6,11,-76.8865,-51.3686
99.5,12,0,23,6,11,-74.0217,-52.6895
99.5,13,0,23,6,10,-70.9896,-48.1781
99.5,14,1,23,6,10,-74.394,-53.0527
99.6,0,2,23,6,13,-73.6696,-50.6798
99.6,1,1,23,6,13,-76.5488,-50.5781
99.6,2,2,23,6,13,-73.3538,-49.6994
99.6,3,0,23,6,13,-76.438,-50.4293
99.6,4,0,23,6,13,-73.549,-50.1702
99.6,5,2,23,6,13,-76.5801,-50.7007
99.6,6,1,23,6,13,-75.6651,-49.1866
99.6,7,1,23,6,0,-200,0
99.6,8,0,23,6,13,-73.3385,-51.3231
99.6,9,0,23,6,12,-76.7607,-51.0855
99.6,10,1,23,6,12,-73.7633,-51.7517
99.6,11,1,23,6,11,-76.8733,-51.3394
99.6,12,2,23,6,11,-74.037,-52.0018
99.6,13,2,23,6,10,-70.8175,-48.418
99.6,14,0,23,6,10,-74.3958,-52.3466
99.7,0,2,23,6,13,-73.5426,-50.5962
99.7,1,1,23,6,13,-76.5535,-50.4821
99.7,2,2,23,6,13,-76.0332,-49.5843
99.7,3,0,23,6,13,-76.4307,-50.3115
99.7,4,0,23,6,13,-73.4883,-50.0828
99.7,5,2,23,6,13,-76.5729,-50.584
99.7,6,1,23,6,13,-75.7512,-49.2071
99.7,7,1,23,6,0,-200,0
99.7,8,0,23,6,13,-73.3653,-50.4312
99.7,9,0,23,6,12,-76.7513,-50.965
99.7,10,1,23,6,12,-73.7875,-50.8565
99.7,11,1,23,6,11,-76.8611,-51.2131
99.7,12,2,23,6,11,-74.0522,-51.0934
99.7,13,2,23,6,10,-71.9601,-48.4114
99.7,14,0,23,6,10,-74.3969,-51.4196
99.8,0,2,23,6,13,-76.6433,-50.566
99.8,1,1,23,6,13,-76.5609,-50.4383
99.8,2,2,23,6,13,-76.0319,-49.5222
99.8,3,0,23,6,13,-76.4269,-50.247
99.8,4,0,23,6,13,-73.4177,-50.04
99.8,5,2,23,6,13,-76.57,-50.522
99.8,6,1,23,6,13,-75.8343,-49.2725
99.8,7,1,23,6,0,-200,0
99.8,8,0,23,6,13,-73.3996,-49.474
99.8,9,0,23,6,12,-76.7439,-50.8951
99.8,10,1,23,6,12,-73.8137,-49.8899
99.8,11,1,23,6,11,-76.8522,-51.141
99.8,12,2,23,6,11,-74.0671,-50.1112
99.8,13,2,23,6,10,-73.7597,-48.512
99.8,14,0,23,6,10,-74.3979,-50.4193
99.9,0,2,23,6,13,-76.6554,-50.4902
99.9,1,1,23,6,13,-76.5656,-50.3483
99.9,2,2,23,6,13,-76.0282,-49.4144
99.9,3,0,23,6,13,-76.421,-50.1372
99.9,4,0,23,6,13,-76.3558,-49.9429
99.9,5,2,23,6,13,-76.5664,-50.4174
99.9,6,1,23,6,13,-75.9077,-49.2829
99.9,7,1,23,6,0,-200,0
99.9,8,0,23,6,13,-73.4263,-49.0892
99.9,9,0,23,6,12,-76.7339,-50.779
99.9,10,1,23,6,12,-73.8291,-49.5248
99.9,11,1,23,6,11,-76.842,-51.026
99.9,12,2,23,6,11,-74.0823,-49.7902
99.9,13,2,23,6,10,-77.0508,-48.6666
99.9,14,0,23,6,10,-74.3993,-50.1265
100,0,2,23,6,13,-76.6707,-50.4712
100,1,1,23,6,13,-76.5739,-50.3159
100,2,2,23,6,13,-76.0295,-49.3656
100,3,0,23,6,13,-76.4196,-50.0862
100,4,0,23,6,13,-76.3584,-49.8955
100,5,2,23,6,13,-76.5681,-50.3734
100,6,1,23,6,13,-75.9786,-49.3423
100,7,1,23,6,0,-200,0
100,8,0,23,6,13,-73.4607,-49.5515
100,9,0,23,6,12,-76.727,-50.7191
100,10,1,23,6,12,-73.8505,-49.9739
100,11,1,23,6,11,-76.8356,-50.9693
100,12,2,23,6,11,-74.0977,-50.2335
100,13,2,23,6,10,-77.0312,-48.8439
100,14,0,23,6,10,-74.4013,-50.5558
100.1,0,2,23,6,13,-76.6858,-50.3271
100.1,1,1,23,6,13,-76.5826,-50.1592
100.1,2,2,23,6,13,-76.0319,-49.1939
100.1,3,0,23,6,13,-76.4193,-49.9121
100.1,4,0,23,6,13,-76.3566,-49.7158
100.1,5,2,23,6,13,-76.5714,-50.2074
100.1,6,1,23,6,13,-76.0424,-49.2673
100.1,7,1,23,6,0,-200,0
100.1,8,0,23,6,13,-73.4881,-50.0463
100.1,9,1,23,6,12,-76.7222,-50.538
100.1,10,1,23,6,12,-73.8762,-50.468
100.1,11,0,23,6,11,-76.8298,-50.7887
100.1,12,2,23,6,11,-74.1134,-50.7176
100.1,13,2,23,6,10,-77.013,-48.7628
100.1,14,0,23,6,10,-74.4042,-51.0262
100.2,0,2,23,6,13,-76.7027,-50.2334
100.2,1,1,23,6,13,-76.5941,-50.0545
100.2,2,2,23,6,13,-76.0387,-49.0758
100.2,3,0,23,6,13,-76.4231,-49.7919
100.2,4,0,23,6,13,-76.3534,-49.5805
100.2,5,2,23,6,13,-76.5786,-50.0955
100.2,6,1,23,6,13,-76.1022,-49.2338
100.2,7,1,23,6,0,-200,0
100.2,8,0,23,6,13,-73.523,-50.4039
100.2,9,1,23,6,12,-76.7214,-50.4114
100.2,10,1,23,6,12,-73.9047,-50.8195
100.2,11,0,23,6,11,-76.8269,-50.6609
100.2,12,2,23,6,11,-74.1296,-51.056
100.2,13,2,23,6,10,-76.9763,-48.7615
100.2,14,0,23,6,10,-74.4079,-51.3514
100.3,0,2,23,6,13,-76.7167,-50.124
100.3,1,1,23,6,13,-76.5836,-49.9356
100.3,2,2,23,6,13,-76.044,-48.9442
100.3,3,0,23,6,13,-76.4254,-49.6586
100.3,4,0,23,6,13,-76.3468,-49.4288
100.3,5,2,23,6,13,-76.5844,-49.9706
100.3,6,1,23,6,13,-76.1521,-49.1742
100.3,7,1,23,6,0,-200,0
100.3,8,0,23,6,13,-73.5517,-50.4404
100.3,9,1,23,6,12,-76.7196,-50.273
100.3,10,1,23,6,12,-73.9241,-50.8462
100.3,11,0,23,6,11,-76.8224,-50.5205
100.3,12,2,23,6,11,-74.1466,-51.0812
100.3,13,2,23,6,10,-76.9607,-48.7869
100.3,14,0,23,6,10,-74.4129,-51.3638
100.4,0,2,23,6,13,-76.7305,-49.8584
100.4,1,1,23,6,13,-76.5938,-49.6624
100.4,2,2,23,6,13,-76.051,-48.6595
100.4,3,0,23,6,13,-76.4291,-49.3716
100.4,4,0,23,6,13,-76.3399,-49.1206
100.4,5,2,23,6,13,-76.5912,-49.6918
100.4,6,1,23,6,13,-76.1954,-48.9485
100.4,7,1,23,6,0,-200,0
100.4,8,0,23,6,13,-73.5743,-50.2071
100.4,9,1,23,6,12,-76.7193,-49.981
100.4,10,1,23,6,12,-73.9496,-50.617
100.4,11,0,23,6,11,-76.8187,-50.2251
100.4,12,2,23,6,11,-74.1644,-50.8445
100.4,13,2,23,6,10,-76.9466,-48.5336
100.4,14,0,23,6,10,-74.4191,-51.1146
100.5,0,2,23,6,13,-76.7464,-49.661
100.5,1,1,23,6,13,-76.6075,-49.4599
100.5,2,2,23,6,13,-76.0626,-48.4462
100.5,3,0,23,6,13,-76.4365,-49.1553
100.5,4,0,23,6,13,-76.3358,-48.8812
100.5,5,2,23,6,13,-76.6015,-49.4837
100.5,6,1,23,6,13,-76.2357,-48.7822
100.5,7,1,23,6,0,-200,0
100.5,8,0,23,6,13,-73.6068,-49.9146
100.5,9,1,23,6,12,-76.7228,-49.7605
100.5,10,1,23,6,12,-73.9787,-50.3214
100.5,11,0,23,6,11,-76.8179,-49.9997
100.5,12,2,23,6,11,-74.1827,-50.5378
100.5,13,2,23,6,10,-76.9359,-48.3829
100.5,14,0,23,6,10,-74.4262,-50.7959
100.6,0,1,23,6,13,-76.7615,-49.3371
100.6,1,2,23,6,13,-76.6215,-49.133
100.6,2,2,23,6,13,-76.0574,-48.1093
100.6,3,0,23,6,13,-76.4441,-48.8143
100.6,4,0,23,6,13,-76.3312,-48.5156
100.6,5,2,23,6,13,-76.6119,-49.151
100.6,6,1,23,6,13,-76.2696,-48.4803
100.6,7,1,23,6,0,-200,0
100.6,8,0,23,6,13,-73.6335,-49.6455
100.6,9,1,23,6,12,-76.7267,-49.4161
100.6,10,1,23,6,12,-74.0105,-50.0586
100.6,11,0,23,6,11,-76.8172,-49.6491
100.6,12,2,23,6,11,-74.2018,-50.2619
100.6,13,2,23,6,10,-76.9261,-48.0394
100.6,14,0,23,6,10,-74.4342,-50.5081
100.7,0,1,23,6,13,-76.778,-49.0838
100.7,1,2,23,6,13,-76.6382,-48.8791
100.7,2,2,23,6,13,-76.073,-47.8452
100.7,3,0,23,6,13,-76.4542,-48.5457
100.7,4,0,23,6,13,-76.3287,-48.2214
100.7,5,2,23,6,13,-76.6247,-48.8907
100.7,6,1,23,6,13,-76.3006,-48.241
100.7,7,1,23,6,0,-200,0
100.7,8,0,23,6,13,-73.6687,-50.0314
100.7,9,1,23,6,12,-76.7334,-49.145
100.7,10,1,23,6,12,-74.0435,-50.4291
100.7,11,0,23,6,11,-76.8184,-49.3705
100.7,12,2,23,6,11,-74.221,-50.5869
100.7,13,2,23,6,10,-76.9191,-47.8133
100.7,14,0,23,6,10,-74.4429,-50.7938
100.8,0,1,23,6,13,-76.7934,-48.73
100.8,1,2,23,6,13,-76.6545,-48.5264
100.8,2,2,23,6,13,-76.088,-47.4817
100.8,3,0,23,6,13,-76.4642,-48.1782
100.8,4,0,23,6,13,-76.3255,-47.8273
100.8,5,2,23,6,13,-76.6368,-48.531
100.8,6,1,23,6,13,-76.3264,-47.8943
100.8,7,1,23,6,0,-200,0
100.8,8,0,23,6,13,-73.6984,-50.9957
100.8,9,1,23,6,12,-76.7401,-48.7755
100.8,10,1,23,6,12,-74.0774,-51.3947
100.8,11,0,23,6,11,-76.8191,-48.9918
100.8,12,2,23,6,11,-74.2408,-51.532
100.8,13,2,23,6,10,-76.9127,-47.4442
100.8,14,0,23,6,10,-74.4522,-51.7217
100.9,0,1,23,6,13,-76.8078,-48.3013
100.9,1,2,23,6,13,-76.6701,-48.0997
100.9,2,2,23,6,13,-76.1017,-47.0431
100.9,3,0,23,6,13,-76.4736,-47.7369
100.9,4,0,23,6,13,-76.3216,-47.359
100.9,5,2,23,6,13,-76.6481,-48.097
100.9,6,1,23,6,13,-76.3477,-47.4671
100.9,7,1,23,6,0,-200,0
100.9,8,0,23,6,13,-73.7226,-51.6248
100.9,9,1,23,6,12,-76.7464,-48.3328
100.9,10,1,23,6,12,-74.1113,-52.0313
100.9,11,0,23,6,11,-76.8191,-48.5383
100.9,12,2,23,6,11,-74.2606,-52.1486
100.9,13,2,23,6,10,-76.9067,-46.9761
100.9,14,0,23,6,10,-74.4619,-52.3219
101,0,1,23,6,13,-76.8235,-47.9705
101,1,2,23,6,13,-76.6877,-47.7718
101,2,2,23,6,13,-76.1174,-46.7021
101,3,0,23,6,13,-76.4855,-47.3946
101,4,0,23,6,13,-76.3201,-46.9893
101,5,2,23,6,13,-76.6613,-47.7617
101,6,1,23,6,13,-76.3684,-47.1334
101,7,1,23,6,0,-200,0
101,8,0,23,6,13,-73.7563,-51.8357
101,9,1,23,6,12,-76.7549,-47.9895
101,10,1,23,6,12,-74.1449,-52.2389
101,11,0,23,6,11,-76.8204,-48.1822
101,12,2,23,6,11,-74.2806,-52.3371
101,13,2,23,6,10,-76.9032,-46.663
101,14,0,23,6,10,-74.4721,-52.4941
101.1,0,2,23,6,13,-76.8381,-47.5707
101.1,1,1,23,6,13,-76.7042,-47.3753
101.1,2,2,23,6,13,-76.1314,-46.2917
101.1,3,0,23,6,13,-76.4968,-46.9847
101.1,4,0,23,6,13,-76.3177,-46.5511
101.1,5,2,23,6,13,-76.6734,-47.3576
101.1,6,1,23,6,13,-76.3857,-46.7266
101.1,7,1,23,6,0,-200,0
101.1,8,0,23,6,13,-73.7846,-51.865
101.1,9,1,23,6,12,-76.7627,-47.5783
101.1,10,1,23,6,12,-74.1782,-52.2707
101.1,11,0,23,6,11,-76.8209,-47.757
101.1,12,2,23,6,11,-74.3007,-52.3505
101.1,13,2,23,6,10,-76.8999,-46.2538
101.1,14,0,23,6,10,-74.4826,-52.492
101.2,0,2,23,6,12,-76.8539,-47.2533
101.2,1,1,23,6,13,-76.7221,-47.0616
101.2,2,2,23,6,13,-76.1473,-45.964
101.2,3,0,23,6,13,-76.5102,-46.6584
101.2,4,0,23,6,13,-76.3173,-46.1956
101.2,5,2,23,6,13,-76.6867,-47.036
101.2,6,1,23,6,13,-76.402,-46.398
101.2,7,1,23,6,0,-200,0
101.2,8,0,23,6,13,-73.821,-52.1199
101.2,9,1,23,6,12,-76.7717,-47.2499
101.2,10,1,23,6,12,-74.2108,-52.5181
101.2,11,0,23,6,11,-76.8228,-47.4144
101.2,12,2,23,6,11,-74.321,-52.5808
101.2,13,2,23,6,10,-76.8986,-45.9741
101.2,14,0,23,6,9,-74.4935,-52.7071
101.3,0,2,23,6,12,-76.8683,-46.9831
101.3,1,1,23,6,13,-76.739,-46.7956
101.3,2,2,23,6,13,-76.1629,-45.6854
101.3,3,0,23,6,13,-76.5233,-46.3808
101.3,4,0,23,6,13,-76.3155,-45.8875
101.3,5,2,23,6,13,-76.6992,-46.7622
101.3,6,1,23,6,13,-76.4145,-46.1123
101.3,7,1,23,6,0,-200,0
101.3,8,0,23,6,13,-73.854,-52.7544
101.3,9,1,23,6,11,-76.7801,-46.9693
101.3,10,1,23,6,11,-74.2431,-53.151
101.3,11,0,23,6,10,-76.8262,-45.604
101.3,12,2,23,6,10,-74.3415,-53.1975
101.3,13,2,23,6,10,-76.8982,-45.783
101.3,14,0,23,6,9,-74.5051,-53.3094
101.4,0,2,23,6,12,-76.8816,-46.7499
101.4,1,1,23,6,13,-76.7547,-46.5669
101.4,2,2,23,6,13,-76.1786,-45.4462
101.4,3,0,23,6,13,-76.5358,-46.1414
101.4,4,0,23,6,13,-76.3123,-45.6159
101.4,5,2,23,6,13,-76.7105,-46.5254
101.4,6,1,23,6,13,-76.4233,-45.8592
101.4,7,1,23,6,0,-200,0
101.4,8,0,23,6,13,-73.8931,-53.6123
101.4,9,1,23,6,11,-76.7873,-46.7259
101.4,10,1,23,6,11,-74.2748,-53.9998
101.4,11,0,23,6,10,-76.8301,-45.4791
101.4,12,2,23,6,10,-74.3506,-54.018
101.4,13,2,23,6,10,-76.8977,-45.6515
101.4,14,0,23,6,9,-74.5171,-54.1295
101.5,0,2,23,6,12,-76.8935,-46.5237
101.5,1,1,23,6,13,-76.7691,-46.3457
101.5,2,2,23,6,13,-76.1943,-45.2167
101.5,3,0,23,6,13,-76.5476,-45.9107
101.5,4,0,23,6,13,-76.3068,-45.3497
101.5,5,2,23,6,12,-76.7204,-46.2959
101.5,6,1,23,6,13,-76.4282,-45.609
101.5,7,1,23,6,0,-200,0
101.5,8,0,23,6,13,-73.9361,-54.3913
101.5,9,1,23,6,11,-76.793,-46.4895
101.5,10,1,23,6,11,-74.306,-54.7645
101.5,11,0,23,6,10,-76.8341,-45.374
101.5,12,2,23,6,10,-74.349,-54.7429
101.5,13,2,23,6,10,-76.8968,-45.5384
101.5,14,0,23,6,8,-74.5294,-54.8674
101.6,0,2,23,6,11,-76.9038,-45.2493
101.6,1,1,23,6,12,-76.7821,-46.1109
101.6,2,0,23,6,13,-76.2099,-44.9764
101.6,3,0,23,6,13,-76.5586,-45.6675
101.6,4,2,23,6,13,-76.2985,-45.0676
101.6,5,2,23,6,12,-76.7288,-46.0526
101.6,6,1,23,6,13,-76.4295,-45.3417
101.6,7,1,23,6,0,-200,0
101.6,8,0,23,6,13,-73.9814,-54.8674
101.6,9,1,23,6,11,-76.7972,-46.2392
101.6,10,2,23,6,10,-74.3365,-55.223
101.6,11,2,23,6,10,-76.8377,-45.2686
101.6,12,1,23,6,10,-74.3373,-55.1511
101.6,13,0,23,6,10,-76.8951,-45.4237
101.6,14,0,23,6,7,-74.5423,-55.3014
101.7,0,2,23,6,11,-76.9123,-45.1286
101.7,1,1,23,6,12,-76.7933,-45.8457
101.7,2,0,23,6,13,-76.2253,-44.7087
101.7,3,0,23,6,13,-76.5684,-45.3952
101.7,4,2,23,6,13,-76.2867,-44.7523
101.7,5,2,23,6,12,-76.7357,-45.779
101.7,6,1,23,6,13,-76.4272,-45.041
101.7,7,1,23,6,0,-200,0
101.7,8,0,23,6,13,-74.0279,-54.9876
101.7,9,1,23,6,10,-76.7995,-45.0156
101.7,10,2,23,6,9,-74.3661,-55.3231
101.7,11,2,23,6,10,-76.8407,-45.14
101.7,12,1,23,6,10,-74.3162,-55.1911
101.7,13,0,23,6,10,-76.8925,-45.2847
101.7,14,0,23,6,7,-74.5553,-55.3791
101.8,0,2,23,6,11,-76.9189,-44.9609
101.8,1,1,23,6,12,-76.8029,-45.5265
101.8,2,0,23,6,13,-76.2407,-44.3903
101.8,3,0,23,6,13,-76.5773,-45.0703
101.8,4,2,23,6,13,-76.253,-44.3802
101.8,5,2,23,6,12,-76.7411,-45.4517
101.8,6,1,23,6,13,-76.4214,-44.6839
101.8,7,1,23,6,0,-200,0
101.8,8,0,23,6,13,-74.0746,-54.8018
101.8,9,1,23,6,11,-76.8003,-44.8369
101.8,10,2,23,6,9,-74.3951,-55.116
101.8,11,2,23,6,10,-76.8431,-44.9657
101.8,12,1,23,6,11,-74.2867,-54.9153
101.8,13,0,23,6,10,-76.8891,-45.0987
101.8,14,0,23,6,7,-74.5696,-55.1512
101.9,0,2,23,6,11,-76.9238,-44.7416
101.9,1,1,23,6,12,-76.8107,-45.1649
101.9,2,0,23,6,13,-76.2558,-44.0327
101.9,3,0,23,6,13,-76.585,-44.7044
101.9,4,2,23,6,13,-76.2343,-43.9634
101.9,5,2,23,6,12,-76.7449,-45.0821
101.9,6,1,23,6,13,-76.4124,-44.2824
101.9,7,1,23,6,0,-200,0
101.9,8,0,23,6,13,-74.1209,-54.4274
101.9,9,1,23,6,11,-76.7994,-44.6068
101.9,10,2,23,6,9,-74.423,-54.7194
101.9,11,2,23,6,10,-76.8443,-44.7411
101.9,12,1,23,6,11,-74.2498,-54.4427
101.9,13,0,23,6,10,-76.8843,-44.8614
101.9,14,0,23,6,7,-74.5835,-54.7356
102,0,2,23,6,11,-76.9271,-44.3956
102,1,1,23,6,11,-76.8171,-44.2273
102,2,0,23,6,13,-76.2707,-43.623
102,3,0,23,6,13,-76.5919,-44.2858
102,4,2,23,6,13,-76.2125,-43.4888
102,5,2,23,6,12,-76.7474,-44.6592
102,6,1,23,6,13,-76.3999,-43.8222
102,7,1,23,6,0,-200,0
102,8,0,23,6,12,-74.1665,-53.9861
102,9,1,23,6,11,-76.7971,-44.2492
102,10,2,23,6,8,-74.4511,-54.255
102,11,2,23,6,10,-76.8447,-44.3901
102,12,1,23,6,11,-74.2065,-53.8964
102,13,0,23,6,9,-76.8792,6.15092
102,14,0,23,6,7,-74.5975,-54.2548
102.1,0,1,23,6,11,-76.9289,-44.0127
102.1,1,0,23,6,11,-76.8219,-43.8515
102.1,2,2,23,6,13,-76.2853,-43.1938
102.1,3,2,23,6,13,-76.5976,-43.8459
102.1,4,1,23,6,13,-76.1883,-42.9907
102.1,5,1,23,6,12,-76.7486,-44.2141
102.1,6,0,23,6,13,-76.3836,-43.3366
102.1,7,2,23,6,0,-200,0
102.1,8,0,23,6,12,-74.2111,-53.5717
102.1,9,0,23,6,11,-76.7932,-43.8545
102.1,10,2,23,6,8,-74.4775,-53.8169
102.1,11,2,23,6,10,-76.8437,-44.0027
102.1,12,1,23,6,11,-74.1586,-53.3725
102.1,13,1,23,6,9,-76.8741,6.50779
102.1,14,0,23,6,7,-74.6119,-53.8033
102.2,0,1,23,6,10,-76.9293,-41.8273
102.2,1,0,23,6,11,-76.8254,-43.4319
102.2,2,2,23,6,13,-76.3001,-42.7453
102.2,3,2,23,6,13,-76.6026,-43.385
102.2,4,1,23,6,13,-76.1621,-42.4701
102.2,5,1,23,6,11,-76.7485,-43.2958
102.2,6,0,23,6,13,-76.3638,-42.8253
102.2,7,2,23,6,0,-200,0
102.2,8,0,23,6,10,-74.2548,-53.2429
102.2,9,0,23,6,11,-76.788,-43.4155
102.2,10,2,23,6,7,-74.5026,-53.464
102.2,11,2,23,6,10,-76.8416,-42.0185
102.2,12,1,23,6,12,-74.0959,-52.9306
102.2,13,1,23,6,9,-76.8692,6.8471
102.2,14,0,23,6,7,-74.6394,-53.4396
102.3,0,1,23,6,10,-76.9076,-41.1562
102.3,1,0,23,6,11,-76.8279,-42.9766
102.3,2,2,23,6,13,-76.315,-42.2879
102.3,3,2,23,6,13,-76.6071,-42.9138
102.3,4,1,23,6,13,-76.135,-41.9385
102.3,5,1,23,6,11,-76.7476,-42.8328
102.3,6,0,23,6,13,-76.341,-42.2994
102.3,7,2,23,6,0,-200,0
102.3,8,0,23,6,10,-74.297,-53.0176
102.3,9,0,23,6,11,-76.7816,-42.9402
102.3,10,2,23,6,7,-74.5268,-53.2153
102.3,11,2,23,6,10,-76.8376,-41.3444
102.3,12,1,23,6,12,-74.0427,-52.5914
102.3,13,1,23,6,9,-76.8644,7.16789
102.3,14,0,23,6,7,-74.6546,-53.1821
102.4,0,1,23,6,10,-76.9065,-40.4598
102.4,1,0,23,6,10,-76.8297,-40.3655
102.4,2,2,23,6,13,-76.3302,-41.8348
102.4,3,2,23,6,13,-76.6113,-42.4458
102.4,4,1,23,6,13,-76.1073,-41.4097
102.4,5,1,23,6,11,-76.7462,-42.3503
102.4,6,0,23,6,13,-76.316,-41.7738
102.4,7,2,23,6,0,-200,0
102.4,8,0,23,6,9,-74.3378,-52.8594
102.4,9,0,23,6,11,-76.7744,-42.4443
102.4,10,2,23,6,7,-74.5501,-53.0345
102.4,11,2,23,6,10,-76.8322,-40.6441
102.4,12,1,23,6,12,-73.9891,-52.3199
102.4,13,1,23,6,9,-76.8598,7.46716
102.4,14,0,23,6,7,-74.6701,-52.9943
102.5,0,1,23,6,10,-76.9051,-39.7647
102.5,1,0,23,6,10,-76.8311,-39.6782
102.5,2,2,23,6,13,-76.3459,-41.399
102.5,3,2,23,6,13,-76.6156,-41.9942
102.5,4,1,23,6,13,-76.08,-40.8979
102.5,5,1,23,6,11,-76.7444,-41.8663
102.5,6,0,23,6,13,-76.2926,-41.2671
102.5,7,2,23,6,0,-200,0
102.5,8,0,23,6,8,-74.3779,-52.6092
102.5,9,0,23,6,10,-76.7666,-39.7426
102.5,10,2,23,6,7,-74.5733,-52.7622
102.5,11,2,23,6,10,-76.8256,-39.9449
102.5,12,1,23,6,12,-73.9376,-52.339
102.5,13,1,23,6,9,-76.8553,7.74509
102.5,14,0,23,6,7,-74.6867,-52.7167
102.6,0,2,23,6,10,-76.9036,-39.0936
102.6,1,1,23,6,10,-76.8324,-39.015
102.6,2,0,23,6,13,-76.3623,-40.9892
102.6,3,0,23,6,13,-76.6201,-41.5681
102.6,4,2,23,6,13,-76.0538,-40.4125
102.6,5,2,23,6,11,-76.7428,-41.3927
102.6,6,1,23,6,13,-76.2708,-40.7882
102.6,7,0,23,6,0,-200,0
102.6,8,2,23,6,8,-74.4171,-52.2939
102.6,9,1,23,6,10,-76.7585,-39.0632
102.6,10,1,23,6,7,-74.5963,-52.4255
102.6,11,0,23,6,10,-76.8182,-39.2689
102.6,12,0,23,6,13,-73.8898,-52.6019
102.6,13,1,23,6,10,-76.8511,-39.4597
102.6,14,1,23,6,7,-74.7043,-52.376
102.7,0,2,23,6,10,-76.9025,-38.4368
102.7,1,1,23,6,10,-76.8341,-38.3672
102.7,2,0,23,6,13,-76.3799,-40.5952
102.7,3,0,23,6,13,-76.6256,-41.1572
102.7,4,2,23,6,13,-76.0296,-39.9439
102.7,5,2,23,6,10,-76.7419,-38.2796
102.7,6,1,23,6,13,-76.2513,-40.3268
102.7,7,0,23,6,0,-200,0
102.7,8,2,23,6,7,-74.4555,-51.9342
102.7,9,1,23,6,10,-76.7512,-38.4004
102.7,10,1,23,6,7,-74.6318,-52.0456
102.7,11,0,23,6,10,-76.8108,-38.6098
102.7,12,0,23,6,13,-73.8493,-52.5422
102.7,13,1,23,6,10,-76.848,-38.8075
102.7,14,1,23,6,7,-74.723,-51.9934
102.8,0,2,23,6,10,-76.9021,-37.8548
102.8,1,1,23,6,10,-76.8363,-37.7942
102.8,2,0,23,6,13,-76.3987,-40.2403
102.8,3,0,23,6,12,-76.632,-40.785
102.8,4,2,23,6,13,-76.008,-39.5162
102.8,5,2,23,6,10,-76.7417,-37.7034
102.8,6,1,23,6,13,-76.2343,-39.9064
102.8,7,0,23,6,0,-200,0
102.8,8,2,23,6,7,-74.4928,-51.5404
102.8,9,1,23,6,10,-76.7444,-37.8121
102.8,10,1,23,6,7,-74.6552,-51.6331
102.8,11,0,23,6,10,-76.8034,-38.0248
102.8,12,0,23,6,13,-73.8159,-52.2111
102.8,13,1,23,6,10,-76.8453,-38.2301
102.8,14,1,23,6,6,-74.7426,-51.5789
102.9,0,2,23,6,10,-76.9025,-37.3572
102.9,1,1,23,6,10,-76.8393,-37.3058
102.9,2,0,23,6,13,-76.4189,-39.9233
102.9,3,0,23,6,12,-76.6394,-40.4503
102.9,4,2,23,6,13,-75.99,-39.129
102.9,5,2,23,6,10,-76.7425,-37.2121
102.9,6,1,23,6,13,-76.2199,-39.5255
102.9,7,0,23,6,0,-200,0
102.9,8,2,23,6,7,-74.5295,-51.1516
102.9,9,1,23,6,10,-76.7387,-37.3085
102.9,10,1,23,6,7,-74.679,-51.2271
102.9,11,0,23,6,10,-76.7969,-37.5251
102.9,12,0,23,6,13,-73.7911,-51.9562
102.9,13,1,23,6,10,-76.8432,-37.7371
102.9,14,1,23,6,6,-74.7633,-51.1716
103,0,2,23,6,10,-76.9041,-36.9506
103,1,1,23,6,10,-76.8433,-36.9082
103,2,0,23,6,13,-76.4407,-39.6457
103,3,0,23,6,11,-76.648,-39.4266
103,4,2,23,6,13,-75.9759,-38.7842
103,5,2,23,6,10,-76.7443,-36.8122
103,6,1,23,6,13,-76.2087,-39.1858
103,7,0,23,6,0,-200,0
103,8,2,23,6,7,-74.5658,-50.7645
103,9,1,23,6,10,-76.7345,-36.8968
103,10,1,23,6,6,-74.7035,-50.8241
103,11,0,23,6,10,-76.7913,-37.1165
103,12,0,23,6,13,-73.7761,-52.0402
103,13,1,23,6,10,-76.8418,-37.3349
103,14,1,23,6,6,-74.7848,-50.7675
103.1,0,2,23,6,10,-76.9072,-36.641
103.1,1,1,23,6,10,-76.8485,-36.6074
103.1,2,0,23,6,13,-76.4641,-39.4097
103.1,3,2,23,6,11,-76.6581,-39.1016
103.1,4,2,23,6,13,-75.9666,-38.4846
103.1,5,1,23,6,10,-76.7476,-36.5093
103.1,6,1,23,6,13,-76.2007,-38.8896
103.1,7,0,23,6,0,-200,0
103.1,8,1,23,6,7,-74.6141,-50.3954
103.1,9,2,23,6,10,-76.7322,-36.5832
103.1,10,0,23,6,6,-74.7284,-50.4404
103.1,11,0,23,6,10,-76.7869,-36.8042
103.1,12,0,23,6,13,-73.772,-52.6118
103.1,13,1,23,6,10,-76.8408,-37.028
103.1,14,2,23,6,6,-74.8074,-50.3833
103.2,0,2,23,6,10,-76.9118,-36.4275
103.2,1,1,23,6,10,-76.855,-36.4028
103.2,2,0,23,6,13,-76.4891,-39.2083
103.2,3,2,23,6,10,-76.6698,-35.9859
103.2,4,2,23,6,13,-75.9623,-38.2238
103.2,5,1,23,6,10,-76.7523,-36.3028
103.2,6,1,23,6,13,-76.1963,-38.6301
103.2,7,0,23,6,0,-200,0
103.2,8,1,23,6,6,-74.6495,-50.0489
103.2,9,2,23,6,10,-76.7319,-36.3676
103.2,10,0,23,6,6,-74.7542,-50.0808
103.2,11,0,23,6,10,-76.7833,-36.5867
103.2,12,0,23,6,13,-73.779,-53.5516
103.2,13,1,23,6,10,-76.8402,-36.8159
103.2,14,2,23,6,6,-74.8309,-50.0235
103.3,0,2,23,6,10,-76.9179,-36.3104
103.3,1,1,23,6,10,-76.8629,-36.2943
103.3,2,0,23,6,13,-76.5157,-39.0463
103.3,3,2,23,6,10,-76.6828,-35.8862
103.3,4,2,23,6,13,-75.9658,-38.011
103.3,5,1,23,6,10,-76.7584,-36.1928
103.3,6,1,23,6,13,-76.1956,-38.4123
103.3,7,0,23,6,0,-200,0
103.3,8,1,23,6,6,-74.6851,-49.8174
103.3,9,2,23,6,10,-76.7338,-36.2499
103.3,10,0,23,6,6,-74.7811,-49.8373
103.3,11,0,23,6,10,-76.7805,-36.4628
103.3,12,0,23,6,13,-73.7981,-54.4603
103.3,13,1,23,6,10,-76.8404,-36.6997
103.3,14,2,23,6,6,-74.8559,-49.7802
103.4,0,2,23,6,10,-76.9256,-36.2883
103.4,1,1,23,6,10,-76.8721,-36.2802
103.4,2,0,23,6,13,-76.5437,-38.9184
103.4,3,2,23,6,10,-76.6973,-35.8816
103.4,4,2,23,6,13,-75.9769,-37.8412
103.4,5,1,23,6,10,-76.766,-36.1775
103.4,6,1,23,6,13,-76.1984,-38.2312
103.4,7,0,23,6,0,-200,0
103.4,8,1,23,6,6,-74.721,-49.6867
103.4,9,2,23,6,10,-76.7379,-36.229
103.4,10,0,23,6,6,-74.8092,-49.6959
103.4,11,0,23,6,10,-76.7782,-36.43
103.4,12,0,23,6,13,-73.8289,-54.9483
103.4,13,1,23,6,10,-76.8415,-36.6783
103.4,14,2,23,6,6,-74.8824,-49.639
103.5,0,2,23,6,10,-76.9349,-36.36
103.5,1,1,23,6,10,-76.8827,-36.3598
103.5,2,0,23,6,13,-76.5729,-38.8263
103.5,3,2,23,6,10,-76.7131,-35.9707
103.5,4,2,23,6,13,-75.9955,-37.716
103.5,5,1,23,6,10,-76.7749,-36.2562
103.5,6,1,23,6,13,-76.2047,-38.0883
103.5,7,0,23,6,0,-200,0
103.5,8,1,23,6,6,-74.7571,-49.646
103.5,9,2,23,6,10,-76.7439,-36.3036
103.5,10,0,23,6,6,-74.8385,-49.6454
103.5,11,0,23,6,10,-76.7763,-36.487
103.5,12,0,23,6,12,-73.8713,-54.8683
103.5,13,1,23,6,9,-76.8435,9.16926
103.5,14,2,23,6,6,-74.9103,-49.5892
103.6,0,0,23,6,10,-76.9456,-36.5205
103.6,1,1,23,6,10,-76.8942,-36.5275
103.6,2,2,23,6,13,-76.603,-38.7677
103.6,3,0,23,6,10,-76.7299,-36.1483
103.6,4,1,23,6,13,-76.0209,-37.633
103.6,5,2,23,6,10,-76.785,-36.4229
103.6,6,0,23,6,13,-76.2144,-37.9817
103.6,7,2,23,6,0,-200,0
103.6,8,1,23,6,6,-74.7934,-49.6741
103.6,9,1,23,6,10,-76.7517,-36.4682
103.6,10,0,23,6,6,-74.8689,-49.6648
103.6,11,0,23,6,10,-76.7747,-36.6285
103.6,12,2,23,6,12,-73.9351,-54.3063
103.6,13,2,23,6,9,-76.8462,9.16727
103.6,14,1,23,6,6,-74.9396,-49.6094
103.7,0,0,23,6,10,-76.9575,-36.7635
103.7,1,1,23,6,10,-76.9068,-36.7774
103.7,2,2,23,6,13,-76.6337,-38.7404
103.7,3,0,23,6,10,-76.7477,-36.4081
103.7,4,1,23,6,13,-76.0525,-37.5897
103.7,5,2,23,6,10,-76.7961,-36.672
103.7,6,0,23,6,13,-76.227,-37.9091
103.7,7,2,23,6,0,-200,0
103.7,8,1,23,6,6,-74.83,-49.7469
103.7,9,1,23,6,10,-76.7609,-36.7162
103.7,10,0,23,6,6,-74.9003,-49.7299
103.7,11,0,23,6,10,-76.7736,-36.8492
103.7,12,2,23,6,12,-73.998,-53.4394
103.7,13,2,23,6,9,-76.8495,9.10052
103.7,14,1,23,6,6,-74.9702,-49.6756
103.8,0,0,23,6,10,-76.9705,-37.0827
103.8,1,1,23,6,10,-76.9202,-37.1029
103.8,2,2,23,6,10,-76.6648,-36.2898
103.8,3,0,23,6,10,-76.7661,-36.7435
103.8,4,1,23,6,13,-76.09,-37.586
103.8,5,2,23,6,10,-76.808,-36.9968
103.8,6,0,23,6,13,-76.2422,-37.87
103.8,7,2,23,6,0,-200,0
103.8,8,1,23,6,5,-74.867,-49.8456
103.8,9,1,23,6,10,-76.7712,-37.041
103.8,10,0,23,6,5,-74.9328,-49.8217
103.8,11,0,23,6,10,-76.7729,-37.1435
103.8,12,2,23,6,12,-74.0695,-52.495
103.8,13,2,23,6,9,-76.8536,8.95009
103.8,14,1,23,6,5,-75.0023,-49.7688
103.9,0,0,23,6,10,-76.9842,-37.469
103.9,1,1,23,6,10,-76.934,-37.4949
103.9,2,2,23,6,10,-76.6958,-36.7068
103.9,3,0,23,6,10,-76.7848,-37.1453
103.9,4,1,23,6,13,-76.1328,-37.6233
103.9,5,2,23,6,10,-76.8204,-37.3882
103.9,6,0,23,6,13,-76.2595,-37.8628
103.9,7,2,23,6,0,-200,0
103.9,8,1,23,6,5,-74.9044,-49.9341
103.9,9,1,23,6,10,-76.7822,-37.4332
103.9,10,0,23,6,5,-74.9666,-49.9042
103.9,11,0,23,6,10,-76.7728,-37.5031
103.9,12,2,23,6,12,-74.1483,-51.5522
103.9,13,2,23,6,9,-76.858,8.78977
103.9,14,1,23,6,5,-75.0355,-49.8529
104,0,0,23,6,10,-76.9984,-37.9111
104,1,1,23,6,10,-76.948,-37.9422
104,2,2,23,6,10,-76.7265,-37.1783
104,3,0,23,6,10,-76.8037,-37.6024
104,4,1,23,6,13,-76.1805,-37.7007
104,5,2,23,6,10,-76.8332,-37.8352
104,6,0,23,6,13,-76.2782,-37.8852
104,7,2,23,6,0,-200,0
104,8,1,23,6,5,-74.9422,-49.965
104,9,1,23,6,10,-76.7936,-37.8812
104,10,0,23,6,5,-75.0021,-49.9298
104,11,0,23,6,10,-76.7733,-37.9176
104,12,2,23,6,12,-74.2326,-50.6626
104,13,2,23,6,9,-76.8625,8.62225
104,14,1,23,6,5,-75.0697,-49.88
104.1,0,0,23,6,9,-77.0129,10.2539
104.1,1,1,23,36,9,-76.9619,13.1277
104.1,2,2,23,6,10,-76.7566,-37.6939
104.1,3,0,23,6,10,-76.8224,-38.1046
104.1,4,1,23,6,13,-76.2285,-38.034
104.1,5,2,23,6,10,-76.8459,-38.3278
104.1,6,0,23,6,13,-76.2979,-38.1464
104.1,7,2,23,6,0,-200,0
104.1,8,1,23,6,5,-74.9796,-49.7921
104.1,9,1,23,36,9,-76.8049,12.3112
104.1,10,0,23,6,5,-75.0376,-49.7521
104.1,11,0,23,36,9,-76.7742,10.0617
104.1,12,2,23,6,8,-74.3322,-48.8108
104.1,13,1,23,6,9,-76.8667,8.44975
104.1,14,1,23,6,5,-75.1042,-49.704
104.2,0,0,23,6,9,-77.0274,9.98858
104.2,1,1,23,36,9,-76.9757,12.822
104.2,2,2,23,6,10,-76.7856,-38.2401
104.2,3,0,23,6,10,-76.8406,-38.6387
104.2,4,1,23,6,13,-76.2763,-38.4904
104.2,5,2,23,6,9,-76.8585,16.1813
104.2,6,0,23,6,13,-76.3178,-38.5538
104.2,7,2,23,6,0,-200,0
104.2,8,1,23,6,5,-75.0167,-49.4412
104.2,9,1,23,36,9,-76.816,12.2089
104.2,10,0,23,6,5,-75.0733,-49.3971
104.2,11,0,23,36,9,-76.7755,9.98533
104.2,12,2,23,6,7,-74.4223,-48.5211
104.2,13,1,23,6,9,-76.8705,8.27451
104.2,14,1,23,6,5,-75.1387,-49.3505
104.3,0,0,23,6,9,-77.0418,9.72733
104.3,1,1,23,36,9,-76.9889,12.5217
104.3,2,2,23,6,10,-76.8134,-38.803
104.3,3,0,23,6,10,-76.8581,-39.191
104.3,4,1,23,6,13,-76.3236,-38.9637
104.3,5,2,23,6,9,-76.8708,16.1041
104.3,6,0,23,6,13,-76.3378,-38.9774
104.3,7,2,23,6,0,-200,0
104.3,8,1,23,6,5,-75.0535,-48.9385
104.3,9,1,23,36,9,-76.8266,12.1017
104.3,10,0,23,6,5,-75.109,-48.9094
104.3,11,0,23,36,9,-76.7771,9.90541
104.3,12,2,23,6,7,-74.5132,-48.1141
104.3,13,1,23,6,9,-76.8738,8.09833
104.3,14,1,23,6,5,-75.1734,-48.8668
104.4,0,0,23,6,9,-77.0557,9.47255
104.4,1,1,23,36,9,-77.0015,12.229
104.4,2,2,23,6,10,-76.8398,-39.3687
104.4,3,0,23,6,9,-76.8748,14.7907
104.4,4,1,23,6,13,-76.3701,-39.4426
104.4,5,2,23,6,9,-76.8825,16.0204
104.4,6,0,23,6,13,-76.3572,-39.4056
104.4,7,2,23,6,0,-200,0
104.4,8,1,23,6,5,-75.09,-48.4269
104.4,9,1,23,36,9,-76.8364,11.9899
104.4,10,0,23,6,5,-75.1448,-48.4096
104.4,11,0,23,36,9,-76.7789,9.82093
104.4,12,2,23,6,6,-74.6036,-47.677
104.4,13,1,23,6,9,-76.8762,7.92267
104.4,14,1,23,6,5,-75.208,-48.3608
104.5,0,0,23,6,9,-77.0693,9.22485
104.5,1,1,23,36,9,-77.0134,11.9455
104.5,2,2,23,6,10,-76.8646,-39.9263
104.5,3,0,23,6,9,-76.8906,14.4841
104.5,4,1,23,6,13,-76.4156,-39.9181
104.5,5,2,23,6,9,-76.8936,15.9338
104.5,6,0,23,6,13,-76.3761,-39.8296
104.5,7,2,23,6,0,-200,0
104.5,8,1,23,6,5,-75.1263,-47.8729
104.5,9,1,23,36,9,-76.8455,11.8751
104.5,10,0,23,6,5,-75.1804,-47.8606
104.5,11,0,23,36,9,-76.781,9.73578
104.5,12,2,23,6,6,-74.6933,-47.1901
104.5,13,1,23,6,9,-76.8779,7.74995
104.5,14,1,23,6,5,-75.2426,-47.8059
104.6,0,1,23,6,9,-77.0823,8.98468
104.6,1,0,23,36,9,-77.0244,11.672
104.6,2,2,23,6,10,-76.8878,-40.4635
104.6,3,1,23,36,9,-76.9052,14.1883
104.6,4,1,23,6,13,-76.4599,-40.3812
104.6,5,0,23,18,9,-76.904,15.8443
104.6,6,0,23,6,13,-76.3943,-40.2403
104.6,7,2,23,6,0,-200,0
104.6,8,1,23,6,5,-75.1624,-47.3142
104.6,9,2,23,36,9,-76.8536,11.7591
104.6,10,0,23,6,5,-75.2162,-47.3071
104.6,11,1,23,24,9,-76.7831,9.6499
104.6,12,2,23,6,6,-74.7813,-47.2008
104.6,13,0,23,6,9,-76.8788,7.58098
104.6,14,1,23,6,5,-75.2772,-47.2463
104.7,0,1,23,6,9,-77.0944,8.75333
104.7,1,0,23,36,9,-77.0344,11.4087
104.7,2,2,23,6,9,-76.9093,9.27155
104.7,3,1,23,36,9,-76.9187,13.9028
104.7,4,1,23,6,13,-76.5026,-40.8167
104.7,5,0,23,18,9,-76.9134,15.753
104.7,6,0,23,6,13,-76.4114,-40.6231
104.7,7,2,23,6,0,-200,0
104.7,8,1,23,6,5,-75.1982,-46.7845
104.7,9,2,23,36,9,-76.8606,11.6428
104.7,10,0,23,6,5,-75.2519,-46.7823
104.7,11,1,23,24,9,-76.7852,9.56515
104.7,12,2,23,6,5,-74.8664,-46.2291
104.7,13,0,23,6,9,-76.8788,7.41686
104.7,14,1,23,6,5,-75.3117,-46.716
104.8,0,1,23,6,9,-77.1057,8.53119
104.8,1,0,23,36,9,-77.0433,11.1569
104.8,2,2,23,6,9,-76.929,9.00959
104.8,3,1,23,36,9,-76.9309,13.6302
104.8,4,1,23,6,13,-76.5433,-41.2155
104.8,5,0,23,18,9,-76.9219,15.6647
104.8,6,0,23,6,13,-76.4278,-40.9693
104.8,7,2,23,6,0,-200,0
104.8,8,1,23,6,5,-75.234,-46.306
104.8,9,2,23,36,9,-76.8665,11.5294
104.8,10,0,23,6,5,-75.2878,-46.3085
104.8,11,1,23,24,9,-76.7872,9.48309
104.8,12,2,23,6,5,-74.948,-45.8085
104.8,13,0,23,6,9,-76.8778,7.26032
104.8,14,1,23,6,5,-75.3463,-46.2371
104.9,0,1,23,6,9,-77.116,8.3191
104.9,1,0,23,36,9,-77.0511,10.9179
104.9,2,2,23,6,9,-76.9468,8.76046
104.9,3,1,23,36,9,-76.9417,13.3715
104.9,4,1,23,6,13,-76.582,-41.5705
104.9,5,0,23,18,9,-76.9293,15.5768
104.9,6,0,23,6,13,-76.4432,-41.2723
104.9,7,2,23,6,0,-200,0
104.9,8,1,23,6,5,-75.2696,-45.894
104.9,9,2,23,36,9,-76.8711,11.4158
104.9,10,0,23,6,5,-75.3234,-45.9003
104.9,11,1,23,24,9,-76.789,9.4035
104.9,12,2,23,6,5,-75.0254,-45.4495
104.9,13,0,23,6,9,-76.8759,7.11179
104.9,14,1,23,6,5,-75.3809,-45.8247
105,0,1,23,6,9,-77.1254,8.11836
105,1,0,23,36,9,-77.0577,10.692
105,2,2,23,6,9,-76.9628,8.52421
105,3,1,23,36,9,-76.9512,13.1275
105,4,1,23,6,13,-76.6185,-41.8806
105,5,0,23,18,9,-76.9357,15.4907
105,6,0,23,6,13,-76.4578,-41.5312
105,7,2,23,6,0,-200,0
105,8,1,23,6,5,-75.3052,-45.5594
105,9,2,23,36,9,-76.8745,11.3044
105,10,0,23,6,5,-75.359,-45.5682
105,11,1,23,24,9,-76.7906,9.32726
105,12,2,23,6,5,-75.0986,-45.1627
105,13,0,23,6,9,-76.873,6.97217
105,14,1,23,6,5,-75.4154,-45.4896
105.1,0,0,23,6,9,-77.1433,7.94696
105.1,1,1,23,36,9,-77.0743,10.498
105.1,2,2,23,6,9,-76.986,8.32002
105.1,3,0,23,36,9,-76.971,12.9153
105.1,4,1,23,6,13,-76.6607,-42.1472
105.1,5,2,23,18,9,-76.9544,15.4145
105.1,6,0,23,6,13,-76.4785,-41.7478
105.1,7,1,23,6,0,-200,0
105.1,8,2,23,6,5,-75.3431,-45.3024
105.1,9,1,23,24,9,-76.8923,11.2017
105.1,10,0,23,6,5,-75.3965,-45.3129
105.1,11,0,23,24,9,-76.8081,9.26081
105.1,12,1,23,6,5,-75.1692,-44.9483
105.1,13,2,23,6,9,-76.8883,6.84788
105.1,14,2,23,6,5,-75.4517,-45.2322
105.2,0,0,23,6,9,-77.1604,7.78605
105.2,1,1,23,36,9,-77.09,10.3166
105.2,2,2,23,6,9,-77.0075,8.12861
105.2,3,0,23,36,9,-76.9898,12.7164
105.2,4,1,23,6,13,-76.7007,-42.376
105.2,5,2,23,18,9,-76.9721,15.3416
105.2,6,0,23,6,13,-76.4984,-41.9279
105.2,7,1,23,6,0,-200,0
105.2,8,2,23,6,5,-75.3808,-45.127
105.2,9,1,23,24,9,-76.9091,11.1037
105.2,10,0,23,6,5,-75.4339,-45.138
105.2,11,0,23,24,9,-76.8256,9.1985
105.2,12,1,23,6,5,-75.2356,-44.8104
105.2,13,2,23,6,9,-76.9031,6.73272
105.2,14,2,23,6,5,-75.488,-45.0565
105.3,0,0,23,6,9,-77.1765,7.63695
105.3,1,1,23,36,9,-77.1047,10.1489
105.3,2,2,23,6,9,-77.0275,7.95219
105.3,3,0,23,36,9,-77.0074,12.5306
105.3,4,1,23,6,13,-76.7386,-42.5708
105.3,5,2,23,18,9,-76.989,15.2715
105.3,6,0,23,6,13,-76.5177,-42.0757
105.3,7,1,23,6,0,-200,0
105.3,8,2,23,6,5,-75.4185,-45.0277
105.3,9,1,23,24,9,-76.9251,11.0096
105.3,10,0,23,6,5,-75.4712,-45.0382
105.3,11,0,23,24,9,-76.8428,9.13948
105.3,12,1,23,6,5,-75.2979,-44.7437
105.3,13,2,23,6,9,-76.9173,6.62649
105.3,14,2,23,6,5,-75.5242,-44.9568
105.4,0,0,23,6,9,-77.1917,7.49858
105.4,1,1,23,36,9,-77.1186,9.99337
105.4,2,2,23,6,9,-77.0461,7.79045
105.4,3,0,23,36,9,-77.0242,12.3591
105.4,4,1,23,6,12,-76.7744,-42.7433
105.4,5,2,23,18,9,-77.0051,15.2045
105.4,6,0,23,6,13,-76.5365,-42.2031
105.4,7,1,23,6,0,-200,0
105.4,8,2,23,6,4,-75.4576,-42.5244
105.4,9,1,23,24,9,-76.9406,10.9204
105.4,10,0,23,6,5,-75.5083,-45.0105
105.4,11,0,23,24,9,-76.8603,9.08262
105.4,12,1,23,6,5,-75.3567,-44.746
105.4,13,2,23,6,9,-76.9315,6.52858
105.4,14,2,23,6,5,-75.5603,-44.9303
105.5,0,0,23,6,9,-77.206,7.37108
105.5,1,1,23,36,9,-77.1316,9.84934
105.5,2,2,23,6,9,-77.0633,7.64245
105.5,3,0,23,36,9,-77.04,12.201
105.5,4,1,23,6,10,-76.8082,-42.4719
105.5,5,2,23,18,9,-77.0204,15.1403
105.5,6,0,23,6,13,-76.5547,-42.3146
105.5,7,1,23,6,0,-200,0
105.5,8,2,23,6,4,-75.496,-42.1707
105.5,9,1,23,24,9,-76.9552,10.8374
105.5,10,0,23,6,4,-75.5456,-42.1118
105.5,11,0,23,24,9,-76.8777,9.02858
105.5,12,1,23,6,5,-75.4125,-44.8176
105.5,13,2,23,6,9,-76.9452,6.43951
105.5,14,2,23,6,4,-75.5966,-42.081
105.6,0,0,23,6,9,-77.2195,7.253
105.6,1,1,23,24,9,-77.1438,9.71605
105.6,2,2,23,6,9,-77.0794,7.50734
105.6,3,0,23,36,9,-77.0547,12.0558
105.6,4,1,23,6,10,-76.84,-42.6641
105.6,5,2,23,18,9,-77.0346,15.0776
105.6,6,0,23,6,13,-76.5727,-42.411
105.6,7,2,23,6,0,-200,0
105.6,8,1,23,6,4,-75.5337,-41.8595
105.6,9,1,23,24,9,-76.969,10.7582
105.6,10,0,23,6,4,-75.5827,-41.8028
105.6,11,0,23,24,9,-76.8945,8.97564
105.6,12,2,23,6,5,-75.4655,-44.9514
105.6,13,2,23,6,9,-76.9584,6.35826
105.6,14,1,23,6,4,-75.6328,-41.7727
105.7,0,0,23,6,9,-77.2321,7.1447
105.7,1,1,23,24,9,-77.1553,9.59245
105.7,2,2,23,6,9,-77.0945,7.38412
105.7,3,0,23,36,9,-77.0686,11.9227
105.7,4,1,23,6,9,-76.8702,7.7684
105.7,5,2,23,18,9,-77.048,14.8969
105.7,6,0,23,6,13,-76.5907,-42.494
105.7,7,2,23,6,0,-200,0
105.7,8,1,23,6,4,-75.5708,-41.5852
105.7,9,1,23,24,9,-76.9819,10.6841
105.7,10,0,23,6,4,-75.6196,-41.5311
105.7,11,0,23,24,9,-76.9109,8.92476
105.7,12,2,23,6,4,-75.5159,-41.3607
105.7,13,2,23,6,9,-76.9709,6.28448
105.7,14,1,23,6,4,-75.6688,-41.5017
105.8,0,0,23,6,9,-77.2441,7.04437
105.8,1,1,23,24,9,-77.1661,9.47838
105.8,2,2,23,6,9,-77.1089,7.27157
105.8,3,0,23,36,9,-77.0815,11.8014
105.8,4,1,23,6,9,-76.8988,7.66183
105.8,5,2,23,18,9,-77.0604,14.732
105.8,6,0,23,6,13,-76.609,-42.5686
105.8,7,2,23,6,0,-200,0
105.8,8,1,23,6,4,-75.6073,-41.3485
105.8,9,1,23,24,9,-76.994,10.6152
105.8,10,0,23,6,4,-75.656,-41.297
105.8,11,0,23,24,9,-76.9266,8.87525
105.8,12,2,23,6,4,-75.564,-41.1443
105.8,13,2,23,6,9,-76.9829,6.21786
105.8,14,1,23,6,4,-75.7045,-41.2681
105.9,0,0,23,6,9,-77.2554,6.95272
105.9,1,1,23,24,9,-77.1763,9.37359
105.9,2,2,23,6,9,-77.1228,7.1695
105.9,3,0,23,36,9,-77.0938,11.692
105.9,4,1,23,6,9,-76.9261,7.55874
105.9,5,2,23,18,9,-77.0721,14.5852
105.9,6,0,23,6,13,-76.6276,-42.5113
105.9,7,2,23,6,0,-200,0
105.9,8,1,23,6,4,-75.643,-41.141
105.9,9,1,23,24,9,-77.0056,10.5504
105.9,10,0,23,6,4,-75.6917,-41.0919
105.9,11,0,23,24,9,-76.942,8.82635
105.9,12,2,23,6,4,-75.6098,-40.9549
105.9,13,2,23,6,9,-76.9946,6.158
105.9,14,1,23,6,4,-75.7413,-41.0639
106,0,0,23,6,9,-77.289,6.86867
106,1,1,23,24,9,-77.1859,9.27702
106,2,2,23,6,9,-77.1361,7.07688
106,3,0,23,36,9,-77.1052,11.5934
106,4,1,23,6,9,-76.9737,7.45887
106,5,2,23,18,9,-77.0829,14.4531
106,6,0,23,6,13,-76.6467,-42.5085
106,7,2,23,6,0,-200,0
106,8,1,23,6,4,-75.6779,-40.9631
106,9,1,23,24,9,-77.0163,10.4904
106,10,0,23,6,4,-75.7267,-40.9164
106,11,0,23,24,9,-76.9565,8.77797
106,12,2,23,6,4,-75.6536,-40.7931
106,13,2,23,6,9,-77.0057,6.10436
106,14,1,23,6,4,-75.7768,-40.8883
106.1,0,0,23,6,9,-77.2988,6.79047
106.1,1,2,23,24,9,-77.1949,9.18836
106.1,2,1,23,6,9,-77.149,6.99191
106.1,3,0,23,36,9,-77.116,11.5034
106.1,4,2,23,6,9,-76.9976,7.36144
106.1,5,1,23,12,9,-77.093,14.3342
106.1,6,0,23,6,13,-76.6662,-42.6413
106.1,7,2,23,6,0,-200,0
106.1,8,1,23,6,4,-75.712,-40.8177
106.1,9,0,23,24,9,-77.0265,10.434
106.1,10,0,23,6,4,-75.7619,-40.7733
106.1,11,2,23,24,9,-76.9705,8.73015
106.1,12,2,23,6,4,-75.6953,-40.6619
106.1,13,1,23,6,9,-77.0165,6.05533
106.1,14,1,23,6,4,-75.811,-40.744
106.2,0,0,23,6,9,-77.3077,6.71758
106.2,1,2,23,24,9,-77.2031,9.10702
106.2,2,1,23,6,9,-77.1613,6.91378
106.2,3,0,23,36,9,-77.1259,11.4215
106.2,4,2,23,6,9,-77.02,7.2663
106.2,5,1,23,12,9,-77.1022,14.2293
106.2,6,0,23,6,13,-76.6859,-42.7825
106.2,7,2,23,6,0,-200,0
106.2,8,1,23,6,4,-75.7453,-40.6991
106.2,9,0,23,24,9,-77.036,10.3812
106.2,10,0,23,6,4,-75.7954,-40.6558
106.2,11,2,23,24,9,-76.9837,8.68225
106.2,12,2,23,6,4,-75.7354,-40.5559
106.2,13,1,23,6,9,-77.0267,6.01063
106.2,14,1,23,6,4,-75.8443,-40.626
106.3,0,0,23,6,9,-77.316,6.64911
106.3,1,2,23,24,9,-77.2107,9.03206
106.3,2,1,23,6,9,-77.1732,6.84106
106.3,3,0,23,36,9,-77.1351,11.3475
106.3,4,2,23,6,9,-77.0412,7.17308
106.3,5,1,23,12,9,-77.1106,14.1357
106.3,6,0,23,6,13,-76.7059,-42.9303
106.3,7,2,23,6,0,-200,0
106.3,8,1,23,6,4,-75.7778,-40.6092
106.3,9,0,23,24,9,-77.0447,10.3301
106.3,10,0,23,6,4,-75.8276,-40.5662
106.3,11,2,23,24,9,-76.9962,8.63335
106.3,12,2,23,6,4,-75.7738,-40.4774
106.3,13,1,23,6,9,-77.0363,5.96885
106.3,14,1,23,6,4,-75.8767,-40.5363
106.4,0,0,23,6,9,-77.3235,6.58283
106.4,1,2,23,24,9,-77.2178,8.96116
106.4,2,1,23,6,9,-77.2074,6.77171
106.4,3,0,23,36,9,-77.1436,11.2793
106.4,4,2,23,6,9,-77.0609,7.07988
106.4,5,1,23,12,9,-77.1183,14.0517
106.4,6,0,23,6,13,-76.726,-43.0865
106.4,7,2,23,6,0,-200,0
106.4,8,1,23,6,4,-75.8099,-40.5447
106.4,9,0,23,24,9,-77.053,10.2798
106.4,10,0,23,6,4,-75.8591,-40.5015
106.4,11,2,23,24,9,-77.0081,8.58345
106.4,12,2,23,6,4,-75.8109,-40.4227
106.4,13,1,23,6,9,-77.0456,5.92782
106.4,14,1,23,6,4,-75.9084,-40.4713
106.5,0,0,23,6,9,-77.3303,6.51976
106.5,1,2,23,24,9,-77.2243,8.89445
106.5,2,1,23,6,9,-77.2185,6.70561
106.5,3,0,23,36,9,-77.1515,11.2173
106.5,4,2,23,6,9,-77.0802,6.98824
106.5,5,1,23,12,9,-77.1254,13.9778
106.5,6,0,23,6,13,-76.7459,-43.2489
106.5,7,2,23,6,0,-200,0
106.5,8,1,23,6,4,-75.8417,-40.5035
106.5,9,0,23,24,9,-77.061,10.2298
106.5,10,0,23,6,4,-75.8908,-40.4597
106.5,11,2,23,24,9,-77.0196,8.53136
106.5,12,2,23,6,4,-75.8472,-40.3905
106.5,13,1,23,6,9,-77.0547,5.88727
106.5,14,1,23,6,4,-75.9398,-40.4295
106.6,0,0,23,6,9,-77.3366,6.45896
106.6,1,2,23,24,9,-77.2303,8.83198
106.6,2,1,23,24,9,-77.2293,6.64215
106.6,3,0,23,36,9,-77.1589,11.1607
106.6,4,2,23,6,9,-77.0988,6.89806
106.6,5,1,23,12,9,-77.132,13.9141
106.6,6,0,23,6,13,-76.7658,-43.419
106.6,7,2,23,6,0,-200,0
106.6,8,1,23,6,4,-75.8736,-40.4849
106.6,9,0,23,24,9,-77.0687,10.1782
106.6,10,0,23,6,4,-75.923,-40.4403
106.6,11,2,23,24,9,-77.0309,8.4772
106.6,12,2,23,6,4,-75.8831,-40.38
106.6,13,1,23,6,9,-77.0637,5.84647
106.6,14,1,23,6,4,-75.9714,-40.4102
106.7,0,0,23,6,9,-77.3422,6.40112
106.7,1,2,23,24,9,-77.2589,8.77346
106.7,2,1,23,24,9,-77.2397,6.58147
106.7,3,0,23,36,9,-77.1659,11.1094
106.7,4,2,23,6,9,-77.1158,6.80968
106.7,5,1,23,12,9,-77.1382,13.8591
106.7,6,0,23,6,13,-76.7852,-43.5964
106.7,7,2,23,6,0,-200,0
106.7,8,1,23,6,4,-75.906,-40.4853
106.7,9,0,23,24,9,-77.0763,10.1259
106.7,10,0,23,6,4,-75.9554,-40.4397
106.7,11,2,23,24,9,-77.0422,8.4204
106.7,12,2,23,6,4,-75.9188,-40.3875
106.7,13,1,23,6,9,-77.0729,5.80463
106.7,14,1,23,6,4,-76.0032,-40.4097
106.8,0,0,23,6,9,-77.3472,6.34717
106.8,1,2,23,24,9,-77.2641,8.71991
106.8,2,1,23,24,9,-77.2498,6.52451
106.8,3,0,23,36,9,-77.1726,11.0645
106.8,4,2,23,6,9,-77.1316,6.72559
106.8,5,1,23,12,9,-77.1442,13.8152
106.8,6,0,23,6,13,-76.8044,-43.6782
106.8,7,2,23,6,0,-200,0
106.8,8,1,23,6,4,-75.9387,-40.5041
106.8,9,0,23,24,9,-77.0841,10.0724
106.8,10,0,23,6,4,-75.9882,-40.4577
106.8,11,2,23,24,9,-77.0537,8.36151
106.8,12,2,23,6,4,-75.9561,-40.4132
106.8,13,1,23,6,9,-77.0825,5.76304
106.8,14,1,23,6,4,-76.0355,-40.4278
106.9,0,0,23,6,9,-77.3509,6.29565
106.9,1,2,23,24,9,-77.2679,8.67042
106.9,2,1,23,24,9,-77.2585,6.46968
106.9,3,0,23,36,9,-77.178,11.0237
106.9,4,2,23,6,9,-77.145,6.64402
106.9,5,1,23,12,9,-77.1489,13.7796
106.9,6,0,23,6,13,-76.8218,-43.7374
106.9,7,2,23,6,0,-200,0
106.9,8,1,23,6,4,-75.972,-40.5405
106.9,9,0,23,24,9,-77.0908,10.016
106.9,10,0,23,6,4,-76.0214,-40.4932
106.9,11,2,23,24,9,-77.0642,8.2999
106.9,12,2,23,6,4,-75.9683,-40.4456
106.9,13,1,23,6,9,-77.0914,5.71997
106.9,14,1,23,6,4,-76.0681,-40.4633
107,0,0,23,6,9,-77.3543,6.24734
107,1,2,23,24,9,-77.2717,8.62442
107,2,1,23,24,9,-77.2672,6.417
107,3,0,23,36,9,-77.1833,10.9872
107,4,2,23,6,9,-77.1575,6.56591
107,5,1,23,12,9,-77.1535,13.7524
107,6,0,23,6,12,-76.8393,-43.7942
107,7,2,23,6,0,-200,0
107,8,1,23,6,3,-76.0055,22.4293
107,9,0,23,24,9,-77.0977,9.95801
107,10,0,23,6,4,-76.0549,-40.548
107,11,2,23,24,9,-77.0746,8.23628
107,12,2,23,6,4,-75.9998,-40.4999
107,13,1,23,6,9,-77.1005,5.67663
107,14,1,23,6,4,-76.101,-40.5183
107.1,0,0,23,6,9,-77.4459,6.29223
107.1,1,2,23,24,9,-77.365,8.67114
107.1,2,1,23,24,9,-77.3784,6.45602
107.1,3,0,23,36,9,-77.2808,11.0444
107.1,4,2,23,6,9,-77.2814,6.58071
107.1,5,1,23,12,9,-77.2471,13.8228
107.1,6,0,23,6,11,-76.9844,-43.6604
107.1,7,2,23,6,0,-200,0
107.1,8,1,23,54,3,-76.0394,22.5143
107.1,9,0,23,24,9,-77.1948,10.0247
107.1,10,0,22,24,3,-76.0886,25.4617
107.1,11,2,23,24,9,-77.178,8.29665
107.1,12,2,23,6,4,-76.0237,-40.5552
107.1,13,1,23,6,9,-77.1996,5.7595
107.1,14,1,23,6,4,-76.1342,-40.5845
107.2,0,0,23,6,9,-77.4472,6.2505
107.2,1,2,23,24,9,-77.367,8.63126
107.2,2,1,23,24,9,-77.3852,6.40746
107.2,3,0,23,36,9,-77.2843,11.016
107.2,4,2,23,6,9,-77.2907,6.50954
107.2,5,1,23,12,9,-77.25,13.811
107.2,6,0,23,6,10,-76.9999,-43.6936
107.2,7,2,23,6,0,-200,0
107.2,8,1,23,54,3,-76.0735,22.5756
107.2,9,0,23,24,9,-77.2002,9.96237
107.2,10,0,22,24,3,-76.1228,25.5427
107.2,11,2,23,24,9,-77.1866,8.22755
107.2,12,2,23,6,4,-76.0521,-40.631
107.2,13,1,23,6,9,-77.2077,5.71463
107.2,14,1,23,6,3,-76.1497,22.5004
107.3,0,0,23,6,9,-77.4472,6.21049
107.3,1,2,23,24,9,-77.3677,8.59359
107.3,2,1,23,24,9,-77.3907,6.35966
107.3,3,0,23,36,9,-77.2866,10.9891
107.3,4,2,23,6,9,-77.2982,6.44043
107.3,5,1,23,12,9,-77.2517,13.8041
107.3,6,0,23,6,9,-77.0353,5.8655
107.3,7,2,23,6,0,-200,0
107.3,8,1,23,54,3,-76.1078,22.6542
107.3,9,0,23,24,9,-77.2045,9.9187
107.3,10,0,22,24,3,-76.1571,25.6224
107.3,11,2,23,24,9,-77.1939,8.17634
107.3,12,2,23,6,3,-76.0733,27.2603
107.3,13,1,23,6,9,-77.2148,5.68888
107.3,14,1,23,6,3,-76.1832,22.5798
107.4,0,0,23,6,9,-77.446,6.17216
107.4,1,2,23,24,9,-77.3673,8.55672
107.4,2,1,23,24,9,-77.3949,6.31263
107.4,3,0,23,36,9,-77.311,10.9642
107.4,4,2,23,6,9,-77.3037,6.37306
107.4,5,1,23,12,9,-77.2522,13.8012
107.4,6,0,23,6,9,-77.0471,5.81039
107.4,7,2,23,6,0,-200,0
107.4,8,1,23,54,3,-76.1423,22.7276
107.4,9,0,23,24,9,-77.2078,9.85021
107.4,10,0,22,24,3,-76.1915,25.6985
107.4,11,2,23,24,9,-77.1999,8.10014
107.4,12,2,23,6,3,-76.0877,27.2327
107.4,13,1,23,6,9,-77.2209,5.63938
107.4,14,1,23,6,3,-76.2169,22.654
107.5,0,0,23,6,9,-77.4452,6.13712
107.5,1,2,23,24,9,-77.3675,8.52276
107.5,2,1,23,24,9,-77.3998,6.26755
107.5,3,0,23,36,9,-77.3126,10.9417
107.5,4,2,23,6,9,-77.3099,6.30939
107.5,5,1,23,12,9,-77.2534,13.8041
107.5,6,0,23,6,9,-77.06,5.75573
107.5,7,2,23,6,0,-200,0
107.5,8,1,23,54,3,-76.1771,22.7984
107.5,9,0,23,24,9,-77.2116,9.78278
107.5,10,0,22,24,3,-76.2262,25.7749
107.5,11,2,23,24,9,-77.2064,8.02304
107.5,12,2,23,6,3,-76.0926,27.2013
107.5,13,1,23,6,9,-77.2277,5.59079
107.5,14,1,23,6,3,-76.2506,22.7259
107.6,0,0,23,9,9,-77.6807,6.3367
107.6,1,1,23,24,9,-77.6073,8.72371
107.6,2,2,23,24,9,-77.6815,6.45656
107.6,3,2,23,36,9,-77.5618,11.1543
107.6,4,1,23,6,9,-77.6235,6.48127
107.6,5,0,23,12,9,-77.4919,14.0439
107.6,6,0,23,6,9,-77.4295,5.93404
107.6,7,2,23,6,0,-200,0
107.6,8,1,23,54,3,-76.1938,22.8679
107.6,9,2,23,24,9,-77.4541,10.0647
107.6,10,0,21.0839,24,3,-76.2426,24.9161
107.6,11,1,23,24,9,-77.4556,8.29577
107.6,12,2,22,24,3,-76.1088,26.1337
107.6,13,0,23,6,9,-77.4714,5.89287
107.6,14,1,22.1109,18,3,-76.2845,21.8891
107.7,0,0,23,9,9,-77.6762,6.30113
107.7,1,1,23,24,9,-77.6038,8.68883
107.7,2,2,23,24,9,-77.6821,6.40987
107.7,3,2,23,36,9,-77.5595,11.1314
107.7,4,1,23,6,9,-77.6258,6.41843
107.7,5,0,23,12,9,-77.4894,14.05
107.7,6,0,23,6,9,-77.4379,5.87461
107.7,7,2,23,6,0,-200,0
107.7,8,1,23,54,3,-76.2285,22.9354
107.7,9,2,23,24,9,-77.4542,9.99116
107.7,10,0,21.0839,24,3,-76.2772,24.9898
107.7,11,1,23,24,9,-77.4574,8.21168
107.7,12,2,22,24,3,-76.1191,26.062
107.7,13,0,23,6,9,-77.4744,5.83877
107.7,14,1,22.1109,18,3,-76.3185,21.9575
107.8,0,0,23,9,9,-77.6708,6.26538
107.8,1,1,23,24,9,-77.5994,8.65358
107.8,2,2,23,24,9,-77.6818,6.36318
107.8,3,2,23,36,9,-77.5563,11.1078
107.8,4,1,23,6,9,-77.6268,6.35673
107.8,5,0,23,12,9,-77.4862,14.0561
107.8,6,0,23,6,9,-77.445,5.81372
107.8,7,2,23,6,0,-200,0
107.8,8,1,23,54,3,-76.2632,22.9987
107.8,9,2,23,24,9,-77.4532,9.91518
107.8,10,0,21.0839,24,3,-76.3118,24.8567
107.8,11,1,23,24,9,-77.458,8.12425
107.8,12,2,22,24,3,-76.1241,25.9581
107.8,13,0,23,6,9,-77.4764,5.78288
107.8,14,1,22.1109,18,3,-76.3524,22.0215
107.9,0,0,23,9,9,-77.6662,6.23093
107.9,1,1,23,24,9,-77.5957,8.61944
107.9,2,2,23,24,9,-77.6823,6.31686
107.9,3,2,23,36,9,-77.5538,11.085
107.9,4,1,23,6,9,-77.629,6.29645
107.9,5,0,23,12,9,-77.4836,14.064
107.9,6,0,23,6,9,-77.4536,5.75237
107.9,7,2,23,6,0,-200,0
107.9,8,1,23,54,3,-76.2979,23.0601
107.9,9,2,23,24,9,-77.4528,9.84082
107.9,10,0,21.0839,24,3,-76.3464,24.7483
107.9,11,1,23,24,9,-77.4591,8.03767
107.9,12,2,22,24,3,-76.1406,25.8675
107.9,13,0,23,6,9,-77.4788,5.72753
107.9,14,1,22.1109,18,3,-76.3865,22.0836
108,0,0,23,9,9,-77.6608,6.1958
108,1,1,23,24,9,-77.5912,8.58436
108,2,2,23,24,9,-77.6819,6.27011
108,3,2,23,36,9,-77.5505,11.0609
108,4,1,23,6,9,-77.6301,6.23611
108,5,0,23,12,9,-77.4801,14.0706
108,6,0,23,6,9,-77.4609,5.68917
108,7,2,23,6,0,-200,0
108,8,1,23,54,3,-76.3327,23.1197
108,9,2,23,24,9,-77.4515,9.76415
108,10,0,21.0839,24,3,-76.381,24.6114
108,11,1,23,24,9,-77.4591,7.94851
108,12,2,22,24,3,-76.1524,25.7532
108,13,0,23,6,9,-77.4802,5.67012
108,14,1,22.1109,18,3,-76.4205,22.144
108.1,0,0,23,6,9,-77.7878,6.28979
108.1,1,1,23,24,9,-77.7212,8.67842
108.1,2,2,23,24,9,-77.8385,6.35266
108.1,3,2,23,36,9,-77.686,11.1657
108.1,4,1,23,6,9,-77.8108,6.30602
108.1,5,0,23,12,9,-77.6352,14.2068
108.1,6,0,23,6,9,-77.6772,5.75502
108.1,7,2,23,6,0,-200,0
108.1,8,1,23,54,3,-76.3485,23.1785
108.1,9,2,23,24,9,-77.5835,9.8934
108.1,10,0,20.8627,24,3,-76.4155,24.2211
108.1,11,1,23,24,9,-77.593,8.06414
108.1,12,2,21,18,3,-76.1599,24.6106
108.1,13,0,23,6,9,-77.6134,5.81765
108.1,14,1,21.5184,18,3,-76.4543,21.5925
108.2,0,0,23,6,9,-77.7803,6.25185
108.2,1,1,23,24,9,-77.7144,8.63986
108.2,2,2,23,24,9,-77.8357,6.30302
108.2,3,2,23,36,9,-77.6801,11.1376
108.2,4,1,23,6,9,-77.8102,6.24456
108.2,5,0,23,12,9,-77.6294,14.2089
108.2,6,0,23,6,9,-77.6821,5.68757
108.2,7,2,23,6,0,-200,0
108.2,8,1,23,54,3,-76.3828,23.2348
108.2,9,2,23,24,9,-77.5795,9.81387
108.2,10,0,20.8627,24,3,-76.45,24.0206
108.2,11,1,23,24,9,-77.5898,7.97087
108.2,12,2,21,18,3,-76.164,24.4401
108.2,13,0,23,6,9,-77.6118,5.75653
108.2,14,1,21.5184,18,3,-76.4882,21.6493
108.3,0,0,23,6,9,-77.7722,6.21136
108.3,1,1,23,24,9,-77.7069,8.59883
108.3,2,2,23,24,9,-77.8323,6.25157
108.3,3,2,23,36,9,-77.6735,11.1069
108.3,4,1,23,6,9,-77.8091,6.18195
108.3,5,0,23,12,9,-77.623,14.1496
108.3,6,0,23,6,9,-77.6861,5.61802
108.3,7,2,23,6,0,-200,0
108.3,8,1,23,54,3,-76.4169,23.2905
108.3,9,2,23,24,9,-77.5747,9.73366
108.3,10,0,20.8627,24,3,-76.4844,23.7899
108.3,11,1,23,24,9,-77.5857,7.87638
108.3,12,2,21,18,3,-76.1653,24.242
108.3,13,0,23,6,9,-77.6093,5.69335
108.3,14,1,21.5184,18,3,-76.5219,21.7053
108.4,0,0,23,6,9,-77.7648,6.17087
108.4,1,1,23,24,9,-77.7001,8.55746
108.4,2,2,23,24,9,-77.8298,6.20016
108.4,3,2,23,36,9,-77.6676,11.0747
108.4,4,1,23,6,9,-77.8093,6.11984
108.4,5,0,23,12,9,-77.6172,14.0643
108.4,6,0,23,6,9,-77.6916,5.5479
108.4,7,2,23,6,0,-200,0
108.4,8,1,23,54,3,-76.451,23.3452
108.4,9,2,23,24,9,-77.5704,9.65468
108.4,10,0,20.8627,24,3,-76.5186,23.6199
108.4,11,1,23,24,9,-77.582,7.78299
108.4,12,2,21,18,3,-76.1801,24.0911
108.4,13,0,23,6,9,-77.6071,5.63083
108.4,14,1,21.5184,18,3,-76.5556,21.7604
108.5,0,0,23,6,9,-77.7569,6.12812
108.5,1,1,23,24,9,-77.6927,8.51385
108.5,2,2,23,24,9,-77.8267,6.14693
108.5,3,2,23,36,9,-77.661,11.0387
108.5,4,1,23,6,9,-77.809,6.05637
108.5,5,0,23,12,9,-77.6108,13.9798
108.5,6,0,23,6,9,-77.6965,5.47596
108.5,7,2,23,6,0,-200,0
108.5,8,1,23,54,3,-76.485,23.3988
108.5,9,2,23,24,9,-77.5654,9.57535
108.5,10,0,20.8627,24,3,-76.5528,23.4314
108.5,11,1,23,24,9,-77.5775,7.68861
108.5,12,2,21,18,3,-76.1927,23.9238
108.5,13,0,23,6,9,-77.6041,5.56668
108.5,14,1,21.5184,18,3,-76.5891,21.8146
108.6,0,0,23,6,9,-77.8464,6.17622
108.6,1,1,23,24,9,-77.7838,8.56074
108.6,2,2,23,6,9,-77.9403,6.18513
108.6,3,2,23,36,9,-77.7557,11.0924
108.6,4,1,23,6,9,-77.9458,6.0851
108.6,5,0,23,12,9,-77.7023,14.0538
108.6,6,0,23,6,9,-77.8614,5.49562
108.6,7,2,23,6,0,-200,0
108.6,8,1,23,48,3,-76.5188,23.4522
108.6,9,2,23,24,9,-77.6563,9.65341
108.6,10,0,21.2461,24,3,-76.5866,23.6166
108.6,11,1,23,24,9,-77.6683,7.75171
108.6,12,2,20,18,3,-76.2036,22.7483
108.6,13,0,23,6,9,-77.6948,5.65912
108.6,14,1,20.5184,12,3,-76.6224,20.8684
108.7,0,0,23,6,9,-77.8369,6.12815
108.7,1,1,23,24,9,-77.7746,8.51151
108.7,2,2,23,6,9,-77.9357,6.12778
108.7,3,2,23,36,9,-77.7471,11.048
108.7,4,1,23,6,9,-77.9448,6.01808
108.7,5,0,23,12,9,-77.6942,13.9702
108.7,6,0,23,6,9,-77.8648,5.41937
108.7,7,2,23,6,0,-200,0
108.7,8,1,23,48,3,-76.5524,23.5062
108.7,9,2,23,24,9,-77.6491,9.57291
108.7,10,0,21.2461,24,3,-76.6202,23.4128
108.7,11,1,23,24,9,-77.6613,7.65641
108.7,12,2,20,18,3,-76.2135,22.5678
108.7,13,0,23,6,9,-77.6891,5.59178
108.7,14,1,20.5184,12,3,-76.6558,20.9227
108.8,0,0,23,6,9,-77.8279,6.07769
108.8,1,1,23,24,9,-77.7658,8.46021
108.8,2,2,23,6,9,-77.9317,6.06908
108.8,3,2,23,36,9,-77.7387,11.0002
108.8,4,1,23,6,9,-77.9447,5.95041
108.8,5,0,23,12,9,-77.6863,13.8888
108.8,6,0,23,6,9,-77.8694,5.3422
108.8,7,2,23,6,0,-200,0
108.8,8,1,23,48,3,-76.5858,23.5587
108.8,9,2,23,24,9,-77.6421,9.49336
108.8,10,0,21.2461,24,3,-76.6538,23.2898
108.8,11,1,23,24,9,-77.6545,7.56236
108.8,12,2,20,18,3,-76.236,22.4557
108.8,13,0,23,6,9,-77.6835,5.52457
108.8,14,1,20.5184,12,3,-76.6888,20.9756
108.9,0,0,23,6,9,-77.8183,6.02473
108.9,1,1,23,24,9,-77.7564,8.40569
108.9,2,2,23,6,9,-77.9274,6.00831
108.9,3,2,23,36,9,-77.7298,10.9486
108.9,4,1,23,6,9,-77.9443,5.88101
108.9,5,0,23,12,9,-77.6779,13.8077
108.9,6,0,23,6,9,-77.8735,5.26296
108.9,7,2,23,6,0,-200,0
108.9,8,1,23,48,3,-76.619,23.6133
108.9,9,2,23,24,9,-77.6345,9.41289
108.9,10,0,21.2461,24,3,-76.6869,23.1704
108.9,11,1,23,24,9,-77.6471,7.46767
108.9,12,2,20,18,3,-76.2578,22.3474
108.9,13,0,23,6,9,-77.6772,5.4556
108.9,14,1,20.5184,12,3,-76.7217,21.0305
109,0,0,23,6,9,-77.8091,5.96858
109,1,1,23,24,9,-77.7472,8.34812
109,2,2,23,6,9,-77.9236,5.94505
109,3,2,23,36,9,-77.7209,10.8939
109,4,1,23,6,9,-77.9447,5.8097
109,5,0,23,12,9,-77.6697,13.728
109,6,0,23,6,9,-77.8785,5.18206
109,7,2,23,6,0,-200,0
109,8,1,23,48,3,-76.6521,23.6671
109,9,2,23,24,9,-77.6268,9.33295
109,10,0,21.2461,24,3,-76.7199,23.1213
109,11,1,23,24,9,-77.6397,7.37396
109,12,2,20,18,3,-76.2898,22.2993
109,13,0,23,6,9,-77.6707,5.38592
109,14,1,20.5184,12,3,-76.7544,21.0846
109.1,0,0,23,6,9,-77.6289,5.7447
109.1,1,1,23,24,9,-77.5642,8.12273
109.1,2,2,23,6,9,-77.7138,5.71527
109.1,3,2,23,6,9,-77.5332,10.6708
109.1,4,1,23,6,9,-77.6993,5.57153
109.1,5,0,23,12,9,-77.4869,13.366
109.1,6,0,23,6,9,-77.5963,4.93458
109.1,7,2,23,6,0,-200,0
109.1,8,1,23,48,3,-76.6848,23.719
109.1,9,2,23,24,9,-77.4478,8.97045
109.1,10,0,21.6801,24,3,-76.7527,23.566
109.1,11,1,23,24,9,-77.4626,6.99791
109.1,12,2,22.6972,48,3,-76.3299,25
109.1,13,0,23,6,9,-77.4965,5.03264
109.1,14,1,19.5184,12,3,-76.7869,20.1368
109.2,0,0,23,6,9,-77.6219,5.68477
109.2,1,1,23,24,9,-77.5573,8.06112
109.2,2,2,23,6,9,-77.7129,5.64963
109.2,3,2,23,6,9,-77.5267,10.6114
109.2,4,1,23,6,9,-77.703,5.49861
109.2,5,0,23,12,9,-77.4809,13.2897
109.2,6,0,23,6,9,-77.6048,4.85232
109.2,7,2,23,6,0,-200,0
109.2,8,1,23,48,3,-76.7174,23.7722
109.2,9,2,23,24,9,-77.4425,8.89282
109.2,10,0,21.6801,24,3,-76.7852,23.6204
109.2,11,1,23,24,9,-77.4578,6.90696
109.2,12,2,22.6972,48,3,-76.376,25.0409
109.2,13,0,23,6,9,-77.4924,4.96279
109.2,14,1,19.5184,12,3,-76.8192,20.1903
109.3,0,0,23,6,9,-77.6149,5.62171
109.3,1,1,23,24,9,-77.5503,7.99633
109.3,2,2,23,6,9,-77.7122,5.58207
109.3,3,2,23,6,9,-77.5201,10.5488
109.3,4,1,23,6,9,-77.7071,5.42332
109.3,5,0,23,12,9,-77.4748,13.2139
109.3,6,0,23,6,9,-77.6138,4.7683
109.3,7,2,23,6,0,-200,0
109.3,8,1,23,48,3,-76.7496,23.825
109.3,9,2,23,24,9,-77.437,8.81569
109.3,10,0,21.6801,24,3,-76.8174,23.707
109.3,11,1,23,24,9,-77.4526,6.8173
109.3,12,2,22.6972,48,3,-76.4261,25.1099
109.3,13,0,23,6,9,-77.488,4.89191
109.3,14,1,19.5184,12,3,-76.8512,20.2433
109.4,0,0,23,6,9,-77.6077,5.55448
109.4,1,1,23,24,9,-77.543,7.92703
109.4,2,2,23,6,9,-77.7114,5.51087
109.4,3,2,23,6,9,-77.5131,10.4813
109.4,4,1,23,6,9,-77.7114,5.34507
109.4,5,0,23,12,9,-77.4683,13.139
109.4,6,0,23,6,9,-77.623,4.68206
109.4,7,2,23,6,0,-200,0
109.4,8,1,23,48,3,-76.7816,23.879
109.4,9,2,23,24,9,-77.4311,8.73849
109.4,10,0,21.6801,24,3,-76.8496,23.8125
109.4,11,1,23,24,9,-77.4472,6.72819
109.4,12,2,22.6972,48,3,-76.4787,25.1951
109.4,13,0,23,6,9,-77.4832,4.8194
109.4,14,1,19.5184,12,3,-76.883,20.2976
109.5,0,0,23,6,9,-77.6002,5.48363
109.5,1,1,23,24,9,-77.5354,7.85433
109.5,2,2,23,6,9,-77.7105,5.4374
109.5,3,2,23,6,9,-77.5057,10.4105
109.5,4,1,23,6,9,-77.7157,5.26453
109.5,5,0,23,12,9,-77.4616,13.063
109.5,6,0,23,6,9,-77.6321,4.59392
109.5,7,2,23,6,0,-200,0
109.5,8,1,23,48,3,-76.8148,24.0524
109.5,9,2,23,24,9,-77.4251,8.66094
109.5,10,0,21.6801,24,3,-76.8814,23.9305
109.5,11,1,23,24,9,-77.4416,6.63947
109.5,12,2,22.6972,48,3,-76.5325,25.2914
109.5,13,0,23,6,9,-77.4783,4.74505
109.5,14,1,19.5184,12,3,-76.9146,20.4725
109.6,0,0,23,6,9,-77.5957,5.41172
109.6,1,1,23,24,9,-77.5306,7.78046
109.6,2,2,23,6,9,-77.7134,5.36346
109.6,3,2,23,6,9,-77.501,10.3383
109.6,4,1,23,6,9,-77.7246,5.18404
109.6,5,0,23,12,9,-77.4574,12.9919
109.6,6,0,23,6,9,-77.6463,4.50615
109.6,7,2,23,6,0,-200,0
109.6,8,1,23,54,3,-76.847,24.2212
109.6,9,2,23,24,9,-77.4213,8.58681
109.6,10,0,21.6528,24,3,-76.913,24.0273
109.6,11,1,23,24,9,-77.4382,6.55586
109.6,12,2,23,54,3,-76.5867,25.6959
109.6,13,0,23,6,9,-77.4754,4.67403
109.6,14,1,18.6974,12,3,-76.946,19.821
109.7,0,0,23,6,9,-77.5873,5.33327
109.7,1,1,23,24,9,-77.522,7.70026
109.7,2,2,23,6,9,-77.7119,5.28365
109.7,3,2,23,6,9,-77.4924,10.2587
109.7,4,1,23,6,9,-77.7286,5.09812
109.7,5,0,23,12,9,-77.4494,12.9158
109.7,6,0,23,6,9,-77.655,4.41383
109.7,7,2,23,6,0,-200,0
109.7,8,1,23,54,3,-76.8784,24.3853
109.7,9,2,23,24,9,-77.414,8.50624
109.7,10,0,21.6528,24,3,-76.9444,24.1497
109.7,11,1,23,24,9,-77.4315,6.46708
109.7,12,2,23,54,3,-76.6405,25.7963
109.7,13,0,23,6,9,-77.4693,4.59615
109.7,14,1,18.6974,12,3,-76.977,19.9856
109.8,0,0,23,6,9,-77.5782,5.25119
109.8,1,1,23,24,9,-77.5126,7.61709
109.8,2,2,23,6,9,-77.7099,5.20121
109.8,3,2,23,6,9,-77.483,10.1759
109.8,4,1,23,6,9,-77.7321,5.0094
109.8,5,0,23,12,9,-77.4408,12.8383
109.8,6,0,23,6,9,-77.6631,4.31943
109.8,7,2,23,6,0,-200,0
109.8,8,1,23,54,3,-76.9093,24.5399
109.8,9,2,23,24,9,-77.43,8.42441
109.8,10,0,21.6528,24,3,-76.9755,24.2695
109.8,11,1,23,24,9,-77.4242,6.37875
109.8,12,2,23,54,3,-76.6934,25.8946
109.8,13,0,23,6,9,-77.4627,4.51633
109.8,14,1,18.6974,12,3,-77.008,20.1401
109.9,0,0,23,6,9,-77.5686,5.16527
109.9,1,1,23,24,9,-77.5025,7.53031
109.9,2,2,23,6,9,-77.7074,5.11558
109.9,3,2,23,6,9,-77.4728,10.0888
109.9,4,1,23,6,9,-77.7352,4.91776
109.9,5,0,23,12,9,-77.4314,12.7603
109.9,6,0,23,6,9,-77.6707,4.22284
109.9,7,2,23,6,0,-200,0
109.9,8,1,23,54,3,-76.9399,24.6907
109.9,9,2,23,24,9,-77.4213,8.34116
109.9,10,0,21.6528,24,3,-77.0065,24.3863
109.9,11,1,23,24,9,-77.4162,6.28974
109.9,12,2,23,54,3,-76.745,25.991
109.9,13,0,23,6,9,-77.4553,4.43441
109.9,14,1,18.6974,12,3,-77.0386,20.2909
110,0,0,23,6,9,-77.5583,5.07599
110,1,1,23,24,9,-77.4918,7.4416
110,2,2,23,6,9,-77.7043,5.02762
110,3,2,23,6,9,-77.4619,9.99874
110,4,1,23,6,9,-77.7378,4.82431
110,5,0,23,12,9,-77.4213,12.682
110,6,0,23,6,9,-77.6778,4.12501
110,7,2,23,6,0,-200,0
110,8,1,23,54,3,-76.9701,24.7071
110,9,2,23,24,9,-77.4119,8.25704
110,10,0,21.6528,24,3,-77.0372,24.4975
110,11,1,23,24,9,-77.4078,6.20077
110,12,2,23,54,3,-76.795,26.0831
110,13,0,23,6,9,-77.4475,4.3512
110,14,1,18.6974,12,3,-77.0704,20.3057
110.1,0,0,23,6,9,-77.5831,5.01724
110.1,1,1,23,24,9,-77.5164,7.383
110.1,2,2,23,6,9,-77.7447,4.97017
110.1,3,2,23,6,9,-77.4869,9.93782
110.1,4,1,23,6,9,-77.7929,4.76152
110.1,5,0,23,9,9,-77.4465,12.6647
110.1,6,0,23,6,9,-77.7467,4.05889
110.1,7,2,23,6,0,-200,0
110.1,8,1,23,54,3,-77.0001,24.7147
110.1,9,2,23,24,9,-77.437,8.23302
110.1,10,0,21.351,24,3,-77.0677,24.3018
110.1,11,1,23,24,9,-77.433,6.17339
110.1,12,2,23,54,3,-76.8436,26.1715
110.1,13,0,23,6,9,-77.473,4.32769
110.1,14,1,18.0411,12,3,-77.1013,19.6562
110.2,0,0,23,6,9,-77.5711,4.92202
110.2,1,1,23,24,9,-77.5038,7.28868
110.2,2,2,23,6,9,-77.7402,4.87731
110.2,3,2,23,6,9,-77.4741,9.84134
110.2,4,1,23,6,9,-77.7941,4.66356
110.2,5,0,23,9,9,-77.4346,12.5838
110.2,6,0,23,6,9,-77.7523,3.95808
110.2,7,2,23,6,0,-200,0
110.2,8,1,23,54,3,-77.0297,24.712
110.2,9,2,23,24,9,-77.426,8.1466
110.2,10,0,21.351,24,3,-77.0991,24.5107
110.2,11,1,23,24,9,-77.4231,6.0842
110.2,12,2,23,54,3,-76.8902,26.3653
110.2,13,0,23,6,9,-77.4638,4.24138
110.2,14,1,18.0411,12,3,-77.1316,19.6528
110.3,0,0,23,6,9,-77.5583,4.82423
110.3,1,1,23,24,9,-77.4905,7.19211
110.3,2,2,23,6,9,-77.7351,4.78227
110.3,3,2,23,6,9,-77.4604,9.74145
110.3,4,1,23,6,9,-77.7946,4.56353
110.3,5,0,23,9,9,-77.4218,12.5023
110.3,6,0,23,6,9,-77.7573,3.8562
110.3,7,2,23,6,0,-200,0
110.3,8,1,23,54,3,-77.0593,24.6762
110.3,9,2,23,24,9,-77.4144,8.05948
110.3,10,0,21.351,24,3,-77.1297,24.71
110.3,11,1,23,24,9,-77.4125,5.99532
110.3,12,2,23,54,3,-76.9353,26.5503
110.3,13,0,23,6,9,-77.4541,4.15394
110.3,14,1,18.0411,12,3,-77.1389,19.639
110.4,0,0,23,6,9,-77.5449,4.72361
110.4,1,1,23,24,9,-77.4765,7.09268
110.4,2,2,23,6,9,-77.7294,4.68468
110.4,3,2,23,6,9,-77.446,9.63873
110.4,4,1,23,6,9,-77.7945,4.46143
110.4,5,0,23,9,9,-77.4083,12.4195
110.4,6,0,23,6,9,-77.7617,3.75292
110.4,7,2,23,6,0,-200,0
110.4,8,1,23,54,3,-77.0887,24.6475
110.4,9,2,23,24,9,-77.402,7.97149
110.4,10,0,21.351,24,3,-77.1599,24.8921
110.4,11,1,23,24,9,-77.4013,5.90647
110.4,12,2,23,54,3,-76.9786,26.7195
110.4,13,0,23,6,9,-77.4438,4.06506
110.4,14,1,18.0411,12,3,-77.1681,19.6105
110.5,0,0,23,6,9,-77.5308,4.62125
110.5,1,1,23,24,9,-77.4618,6.99193
110.5,2,2,23,6,9,-77.7231,4.58604
110.5,3,2,23,6,9,-77.4309,9.53457
110.5,4,1,23,6,9,-77.7938,4.35801
110.5,5,0,23,9,9,-77.394,12.3362
110.5,6,0,23,6,9,-77.7655,3.64895
110.5,7,2,23,6,0,-200,0
110.5,8,1,23,54,3,-77.1179,24.6036
110.5,9,2,23,24,9,-77.389,7.88269
110.5,10,0,21.351,24,3,-77.1896,25.0607
110.5,11,1,23,24,9,-77.3895,5.81721
110.5,12,2,23,54,3,-77.0204,26.8761
110.5,13,0,23,6,9,-77.4331,3.97542
110.5,14,1,18.0411,12,3,-77.1967,19.5672
110.6,0,0,23,6,9,-77.5633,4.55999
110.6,1,1,23,24,9,-77.494,6.93258
110.6,2,2,23,6,9,-77.7754,4.52884
110.6,3,2,23,6,9,-77.4632,9.47102
110.6,4,1,23,6,9,-77.8644,4.2967
110.6,5,0,23,36,9,-77.4267,12.3365
110.6,6,0,23,18,9,-77.8546,3.58799
110.6,7,2,23,6,0,-200,0
110.6,8,1,23,54,3,-77.147,24.5418
110.6,9,2,23,24,9,-77.4219,7.87828
110.6,10,0,20.7446,24,3,-77.2191,24.6064
110.6,11,1,23,18,9,-77.4226,5.8126
110.6,12,2,23,54,3,-77.061,27.0174
110.6,13,0,23,18,9,-77.4664,3.96906
110.6,14,1,17.288,9,3,-77.225,18.7531
110.7,0,0,23,6,9,-77.5474,4.45284
110.7,1,1,23,24,9,-77.4774,6.82708
110.7,2,2,23,6,9,-77.7675,4.42579
110.7,3,2,23,6,9,-77.446,9.36149
110.7,4,1,23,6,9,-77.8621,4.18924
110.7,5,0,23,36,9,-77.4104,12.2504
110.7,6,0,23,18,9,-77.857,3.4814
110.7,7,2,23,6,0,-200,0
110.7,8,1,23,54,3,-77.1759,24.462
110.7,9,2,23,24,9,-77.4071,7.78747
110.7,10,0,20.7446,24,3,-77.2484,24.7442
110.7,11,1,23,18,9,-77.4332,5.72275
110.7,12,2,23,54,3,-77.1001,27.1455
110.7,13,0,23,18,9,-77.4543,3.87684
110.7,14,1,17.288,9,3,-77.2527,18.6746
110.8,0,0,23,6,9,-77.5309,4.34325
110.8,1,1,23,24,9,-77.4602,6.71978
110.8,2,2,23,6,9,-77.7591,4.3209
110.8,3,2,23,6,9,-77.4282,9.24989
110.8,4,1,23,6,9,-77.8594,4.08038
110.8,5,0,23,36,9,-77.3935,12.1639
110.8,6,0,23,18,9,-77.8591,3.37408
110.8,7,2,23,6,0,-200,0
110.8,8,1,23,54,3,-77.2048,24.359
110.8,9,2,23,24,9,-77.3919,7.69636
110.8,10,0,20.7446,24,3,-77.2776,24.8677
110.8,11,1,23,18,9,-77.4192,5.63267
110.8,12,2,23,54,3,-77.1382,27.2602
110.8,13,0,23,18,9,-77.4418,3.78383
110.8,14,1,17.288,9,3,-77.2797,18.5734
110.9,0,0,23,6,9,-77.5138,4.23221
110.9,1,1,23,24,9,-77.4426,6.61
110.9,2,2,23,6,9,-77.7502,4.21523
110.9,3,2,23,6,9,-77.4099,9.1366
110.9,4,1,23,6,9,-77.8562,3.97007
110.9,5,0,23,36,9,-77.3761,12.0764
110.9,6,0,23,18,9,-77.8608,3.26592
110.9,7,2,23,6,0,-200,0
110.9,8,1,23,54,3,-77.2335,24.2326
110.9,9,2,23,24,9,-77.3763,7.6045
110.9,10,0,20.7446,24,3,-77.3066,24.8713
110.9,11,1,23,18,9,-77.405,5.54174
110.9,12,2,23,54,3,-77.1765,27.2547
110.9,13,0,23,18,9,-77.4293,3.68965
110.9,14,1,17.288,9,3,-77.3061,18.4492
111,0,0,23,6,9,-77.4956,4.119
111,1,1,23,24,9,-77.4239,6.49706
111,2,2,23,6,9,-77.74,4.10797
111,3,2,23,6,9,-77.3904,9.02093
111,4,1,23,6,9,-77.8515,3.85797
111,5,0,23,36,9,-77.3575,11.987
111,6,0,23,18,9,-77.861,3.15642
111,7,2,23,6,0,-200,0
111,8,1,23,54,3,-77.2621,24.0817
111,9,2,23,24,9,-77.3597,7.51072
111,10,0,20.7446,24,3,-77.3355,24.8549
111,11,1,23,18,9,-77.3899,5.44979
111,12,2,23,54,3,-77.2082,27.2354
111,13,0,23,18,9,-77.4159,3.59343
111,14,1,17.288,9,3,-77.3316,18.3014
111.1,0,0,23,6,9,-77.5114,4.036
111.1,1,1,23,6,9,-77.4393,6.41406
111.1,2,2,23,6,9,-77.7731,4.03147
111.1,3,2,23,6,9,-77.4051,8.93573
111.1,4,1,23,6,9,-77.9002,3.77605
111.1,5,0,23,6,9,-77.3728,11.9608
111.1,6,0,23,18,9,-77.9258,3.07771
111.1,7,2,23,6,0,-200,0
111.1,8,1,23,54,3,-77.2904,23.9039
111.1,9,2,23,24,9,-77.3761,7.48016
111.1,10,0,20.3364,24,3,-77.3642,24.4083
111.1,11,1,23,18,9,-77.4072,5.42116
111.1,12,2,23,54,3,-77.2334,27.2005
111.1,13,0,23,18,9,-77.4343,3.56023
111.1,14,1,16.288,6,3,-77.356,17.1275
111.2,0,0,23,6,9,-77.4907,3.91901
111.2,1,1,23,6,9,-77.4183,6.29616
111.2,2,2,23,6,9,-77.76,3.921
111.2,3,2,23,6,9,-77.383,8.81644
111.2,4,1,23,6,9,-77.8926,3.66027
111.2,5,0,23,6,9,-77.3516,11.8675
111.2,6,0,23,18,9,-77.9228,2.96553
111.2,7,2,23,6,0,-200,0
111.2,8,1,23,54,3,-77.3187,23.696
111.2,9,2,23,24,9,-77.3571,7.38289
111.2,10,0,20.3364,24,3,-77.3929,24.349
111.2,11,1,23,18,9,-77.3899,5.3256
111.2,12,2,23,54,3,-77.2527,27.1505
111.2,13,0,23,18,9,-77.4191,3.46001
111.2,14,1,16.288,6,3,-77.3792,16.9246
111.3,0,0,23,6,9,-77.469,3.80039
111.3,1,1,23,6,9,-77.3963,6.17646
111.3,2,2,23,6,9,-77.7459,3.80967
111.3,3,2,23,6,9,-77.36,8.69586
111.3,4,1,23,6,9,-77.8838,3.54299
111.3,5,0,23,6,9,-77.3293,11.7729
111.3,6,0,23,18,9,-77.9184,2.85261
111.3,7,2,23,6,0,-200,0
111.3,8,1,23,54,3,-77.3469,23.4587
111.3,9,2,23,24,9,-77.3373,7.28425
111.3,10,0,20.3364,24,3,-77.4214,24.2693
111.3,11,1,23,18,9,-77.3718,5.22921
111.3,12,2,23,54,3,-77.2662,27.0855
111.3,13,0,23,18,9,-77.4032,3.35843
111.3,14,1,16.288,6,3,-77.4008,16.6937
111.4,0,0,23,6,9,-77.4464,3.68055
111.4,1,1,23,6,9,-77.3735,6.05503
111.4,2,2,23,6,9,-77.7306,3.69731
111.4,3,2,23,6,9,-77.3359,8.57407
111.4,4,1,23,6,9,-77.874,3.42485
111.4,5,0,23,6,9,-77.3062,11.6768
111.4,6,0,23,18,9,-77.9128,2.73884
111.4,7,2,23,6,0,-200,0
111.4,8,1,23,54,3,-77.3749,23.1919
111.4,9,2,23,24,9,-77.3165,7.18405
111.4,10,0,20.3364,24,3,-77.4499,24.1636
111.4,11,1,23,18,9,-77.3529,5.13109
111.4,12,2,23,54,3,-77.2748,26.9994
111.4,13,0,23,18,9,-77.3867,3.25543
111.4,14,1,16.288,6,3,-77.4207,16.4349
111.5,0,0,23,6,9,-77.423,3.56018
111.5,1,1,23,6,9,-77.3499,5.93262
111.5,2,2,23,6,9,-77.7144,3.58429
111.5,3,2,23,6,9,-77.311,8.45153
111.5,4,1,23,6,9,-77.8631,3.30609
111.5,5,0,23,6,9,-77.2821,11.5798
111.5,6,0,23,18,9,-77.9061,2.62469
111.5,7,2,23,6,0,-200,0
111.5,8,1,23,54,3,-77.4029,22.8917
111.5,9,2,23,24,9,-77.2951,7.08305
111.5,10,0,20.3364,24,3,-77.4783,24.0292
111.5,11,1,23,18,9,-77.3332,5.03224
111.5,12,2,23,54,3,-77.2787,26.8891
111.5,13,0,23,18,9,-77.3696,3.15147
111.5,14,1,16.288,6,3,-77.4385,16.1447
111.6,0,0,23,6,9,-77.3949,3.43511
111.6,1,1,23,6,9,-77.3216,5.80542
111.6,2,2,23,6,9,-77.6922,3.46669
111.6,3,2,23,24,9,-77.2813,8.32471
111.6,4,1,23,6,9,-77.8451,3.18262
111.6,5,0,23,6,9,-77.2532,11.4734
111.6,6,0,23,18,9,-77.8907,2.50608
111.6,7,2,23,6,0,-200,0
111.6,8,1,23,54,3,-77.4308,22.562
111.6,9,2,23,24,9,-77.269,6.97355
111.6,10,0,20.404,24,3,-77.5067,23.9323
111.6,11,1,23,18,9,-77.3091,4.92498
111.6,12,2,23,54,3,-77.2788,26.7523
111.6,13,0,23,18,9,-77.3483,3.03874
111.6,14,1,16.3743,6,3,-77.4538,15.9137
111.7,0,0,23,6,9,-77.3699,3.31381
111.7,1,1,23,6,9,-77.2965,5.68164
111.7,2,2,23,6,9,-77.6743,3.35228
111.7,3,2,23,24,9,-77.2549,8.20173
111.7,4,1,23,6,9,-77.8324,3.06246
111.7,5,0,23,6,9,-77.2275,11.3473
111.7,6,0,23,18,9,-77.882,2.3912
111.7,7,2,23,6,0,-200,0
111.7,8,1,23,54,3,-77.4586,22.1995
111.7,9,2,23,24,9,-77.246,6.87123
111.7,10,0,20.404,24,3,-77.5349,23.7458
111.7,11,1,23,18,9,-77.2881,4.82453
111.7,12,2,23,54,3,-77.2756,26.5966
111.7,13,0,23,18,9,-77.3301,2.93323
111.7,14,1,16.3743,6,3,-77.4664,15.5662
111.8,0,0,23,6,9,-77.3442,3.19178
111.8,1,1,23,6,9,-77.2707,5.55706
111.8,2,2,23,6,9,-77.6555,3.23728
111.8,3,2,23,24,9,-77.2277,8.07816
111.8,4,1,23,6,9,-77.819,2.94181
111.8,5,0,23,6,9,-77.201,11.221
111.8,6,0,23,18,9,-77.8725,2.27581
111.8,7,2,23,6,0,-200,0
111.8,8,1,23,54,3,-77.4863,21.8095
111.8,9,2,23,24,9,-77.2224,6.76775
111.8,10,0,20.404,24,3,-77.5877,23.3893
111.8,11,1,23,18,9,-77.2665,4.72336
111.8,12,2,23,54,3,-77.2699,26.4462
111.8,13,0,23,18,9,-77.3114,2.82688
111.8,14,1,16.3743,6,3,-77.4759,15.194
111.9,0,0,23,6,9,-77.318,3.07027
111.9,1,1,23,6,9,-77.2443,5.43242
111.9,2,2,23,6,9,-77.636,3.12222
111.9,3,2,23,24,9,-77.1998,7.95523
111.9,4,1,23,6,9,-77.805,2.8215
111.9,5,0,23,6,9,-77.1739,11.0959
111.9,6,0,23,18,9,-77.8623,2.16094
111.9,7,2,23,6,0,-200,0
111.9,8,1,23,54,3,-77.5139,21.3982
111.9,9,2,23,24,9,-77.198,6.66485
111.9,10,0,20.404,24,3,-77.6156,22.8835
111.9,11,1,23,18,9,-77.2444,4.62244
111.9,12,2,23,54,3,-77.2626,26.2544
111.9,13,0,23,18,9,-77.2923,2.72085
111.9,14,1,16.3743,6,3,-77.4823,14.8035
112,0,0,23,6,9,-77.2916,2.97211
112,1,1,23,6,9,-77.2178,5.33148
112,2,2,23,6,9,-77.6166,3.03058
112,3,2,23,24,9,-77.1719,7.85599
112,4,1,23,6,9,-77.7912,2.72469
112,5,0,23,6,9,-77.1467,10.9945
112,6,0,23,18,9,-77.8527,2.06944
112,7,2,23,6,0,-200,0
112,8,1,23,54,3,-77.5415,20.9653
112,9,2,23,24,9,-77.1737,6.56272
112,10,0,20.404,24,3,-77.6435,22.3559
112,11,1,23,18,9,-77.2222,4.52184
112,12,2,23,54,3,-77.2604,26.0368
112,13,0,23,18,9,-77.2965,2.61569
112,14,1,16.3743,6,3,-77.4854,14.3948
112.1,0,0,23,6,9,-77.2618,2.85083
112.1,1,1,23,6,9,-77.1881,5.20725
112.1,2,2,23,6,9,-77.5927,2.91517
112.1,3,2,23,24,9,-77.141,7.73363
112.1,4,1,23,6,9,-77.7721,2.60408
112.1,5,0,23,6,9,-77.1167,10.8707
112.1,6,0,23,12,9,-77.8364,1.95445
112.1,7,2,23,6,0,-200,0
112.1,8,1,23,48,3,-77.5689,20.5194
112.1,9,2,23,18,9,-77.1472,6.45508
112.1,10,0,19.9961,18,3,-77.6711,21.4079
112.1,11,1,23,18,9,-77.1981,4.4162
112.1,12,2,23,54,3,-77.2622,25.7988
112.1,13,0,23,12,9,-77.2756,2.50533
112.1,14,1,17.3865,6,3,-77.4855,14.9878
112.2,0,0,23,6,9,-77.2347,2.73171
112.2,1,1,23,6,9,-77.161,5.08459
112.2,2,2,23,6,9,-77.5728,2.80134
112.2,3,2,23,24,9,-77.1125,7.6131
112.2,4,1,23,6,9,-77.7581,2.4857
112.2,5,0,23,6,9,-77.0889,10.7486
112.2,6,0,23,12,9,-77.8268,1.84098
112.2,7,2,23,6,0,-200,0
112.2,8,1,23,48,3,-77.5962,20.0587
112.2,9,2,23,18,9,-77.1224,6.35386
112.2,10,0,19.9961,18,3,-77.6987,20.8513
112.2,11,1,23,18,9,-77.1755,4.31673
112.2,12,2,23,54,3,-77.2668,25.5369
112.2,13,0,23,12,9,-77.2563,2.40145
112.2,14,1,17.3865,6,3,-77.483,14.5564
112.3,0,0,23,6,9,-77.2073,2.61329
112.3,1,1,23,6,9,-77.1335,4.96303
112.3,2,2,23,6,9,-77.5524,2.6879
112.3,3,2,23,24,9,-77.0837,7.49382
112.3,4,1,23,6,9,-77.744,2.36788
112.3,5,0,23,6,9,-77.0606,10.6285
112.3,6,0,23,12,9,-77.8171,1.72819
112.3,7,2,23,6,0,-200,0
112.3,8,1,23,48,3,-77.6235,19.585
112.3,9,2,23,18,9,-77.0973,6.25362
112.3,10,0,19.9961,18,3,-77.7261,20.2811
112.3,11,1,23,18,9,-77.1527,4.21788
112.3,12,2,23,54,3,-77.2735,25.2556
112.3,13,0,23,12,9,-77.2366,2.29846
112.3,14,1,17.3865,6,3,-77.4782,14.1142
112.4,0,0,23,6,9,-77.1797,2.4953
112.4,1,1,23,6,9,-77.1057,4.84195
112.4,2,2,23,6,9,-77.5319,2.5745
112.4,3,2,23,24,9,-77.0545,7.37498
112.4,4,1,23,6,9,-77.7297,2.25011
112.4,5,0,23,6,9,-77.032,10.5092
112.4,6,0,23,12,9,-77.8074,1.6158
112.4,7,2,23,6,0,-200,0
112.4,8,1,23,48,3,-77.6505,19.1007
112.4,9,2,23,18,9,-77.0718,6.15379
112.4,10,0,19.9961,18,3,-77.7535,19.6987
112.4,11,1,23,18,9,-77.1295,4.1194
112.4,12,2,23,54,3,-77.282,24.9585
112.4,13,0,23,12,9,-77.2167,2.19614
112.4,14,1,17.3865,6,3,-77.4716,13.663
112.5,0,0,23,6,9,-77.1516,2.37817
112.5,1,1,23,6,9,-77.0775,4.72156
112.5,2,2,23,6,9,-77.511,2.46141
112.5,3,2,23,24,9,-77.0249,7.2573
112.5,4,1,23,6,9,-77.7153,2.13315
112.5,5,0,23,6,9,-77.0029,10.3908
112.5,6,0,23,12,9,-77.7978,1.50343
112.5,7,2,23,6,0,-200,0
112.5,8,1,23,48,3,-77.6773,18.6327
112.5,9,2,23,18,9,-77.0458,6.05377
112.5,10,0,19.9961,18,3,-77.7807,19.1298
112.5,11,1,23,18,9,-77.1059,4.02065
112.5,12,2,23,54,3,-77.2925,24.6557
112.5,13,0,23,12,9,-77.1965,2.09418
112.5,14,1,17.3865,6,3,-77.4878,13.2053
112.6,0,0,23,12,9,-77.0443,2.18907
112.6,1,1,23,6,9,-76.9696,4.52951
112.6,2,2,23,6,9,-77.3863,2.27596
112.6,3,2,23,24,9,-76.9163,7.06797
112.6,4,1,23,6,9,-77.571,1.94404
112.6,5,0,23,6,9,-76.8955,10.2012
112.6,6,0,23,12,9,-77.6251,1.31901
112.6,7,2,23,6,0,-200,0
112.6,8,1,23,36,3,-77.704,18.1307
112.6,9,2,23,18,9,-76.9434,5.79439
112.6,10,0,21.2326,18,3,-77.808,19.7635
112.6,11,1,23,18,9,-77.0072,3.76227
112.6,12,2,23,54,3,-77.3053,24.3536
112.6,13,0,23,12,9,-77.1027,1.83249
112.6,14,1,19.0172,6,3,-77.4787,14.3693
112.7,0,0,23,12,9,-77.0161,2.07226
112.7,1,1,23,6,9,-76.9412,4.40958
112.7,2,2,23,6,9,-77.3656,2.16227
112.7,3,2,23,24,9,-76.8867,6.95088
112.7,4,1,23,6,9,-77.5571,1.82718
112.7,5,0,23,6,9,-76.8665,10.0841
112.7,6,0,23,12,9,-77.616,1.20645
112.7,7,2,23,6,0,-200,0
112.7,8,1,23,36,3,-77.7306,17.6168
112.7,9,2,23,18,9,-76.9178,5.69381
112.7,10,0,21.2326,18,3,-77.8087,19.1492
112.7,11,1,23,18,9,-76.9841,3.66278
112.7,12,2,23,54,3,-77.3203,24.0339
112.7,13,0,23,12,9,-77.0833,1.73017
112.7,14,1,19.0172,6,3,-77.4685,13.8915
112.8,0,0,23,12,9,-76.9873,1.95323
112.8,1,1,23,6,9,-76.9124,4.28761
112.8,2,2,23,6,9,-77.3446,2.04615
112.8,3,2,23,24,9,-76.857,6.83188
112.8,4,1,23,6,9,-77.5433,1.70793
112.8,5,0,23,6,9,-76.8376,9.96525
112.8,6,0,23,12,9,-77.6072,1.09166
112.8,7,2,23,6,0,-200,0
112.8,8,1,23,36,3,-77.7564,17.089
112.8,9,2,23,18,9,-76.8928,5.5903
112.8,10,0,21.2326,18,3,-77.8348,18.5229
112.8,11,1,23,18,9,-76.962,3.56
112.8,12,2,23,54,3,-77.3373,23.757
112.8,13,0,23,12,9,-77.0651,1.62464
112.8,14,1,19.0172,6,3,-77.4566,13.4006
112.9,0,0,23,12,9,-76.9578,1.82549
112.9,1,1,23,6,9,-76.8834,4.15562
112.9,2,2,23,6,9,-77.3235,1.92183
112.9,3,2,23,24,9,-76.8274,6.701
112.9,4,1,23,6,9,-77.5296,1.58238
112.9,5,0,23,6,9,-76.8092,9.83125
112.9,6,0,23,12,9,-77.5988,0.971662
112.9,7,2,23,6,0,-200,0
112.9,8,1,23,36,3,-77.781,16.5411
112.9,9,2,23,18,9,-76.8691,5.48207
112.9,10,0,21.2326,18,3,-77.8596,17.88
112.9,11,1,23,18,9,-76.9436,3.44698
112.9,12,2,23,54,3,-77.3561,23.2614
112.9,13,0,23,12,9,-77.051,1.51024
112.9,14,1,19.0172,6,3,-77.4423,12.891
113,0,0,23,12,9,-76.9277,1.69146
113,1,1,23,6,9,-76.854,4.01648
113,2,2,23,6,9,-77.3021,1.79157
113,3,2,23,24,9,-76.798,6.56124
113,4,1,23,6,9,-77.516,1.45215
113,5,0,23,6,9,-76.7815,9.68774
113,6,0,23,12,9,-77.5907,0.848314
113,7,2,23,6,0,-200,0
113,8,1,23,36,3,-77.8041,15.9695
113,9,2,23,18,9,-76.8493,5.36621
113,10,0,21.2326,18,3,-77.8828,17.2177
113,11,1,23,18,9,-76.9292,3.3261
113,12,2,23,54,3,-77.3765,22.8079
113,13,0,23,12,9,-77.0413,1.38854
113,14,1,19.0172,6,3,-77.4243,12.3597
113.1,0,0,23,12,9,-76.7807,1.4468
113.1,1,1,23,6,9,-76.7076,3.76652
113.1,2,2,23,6,9,-77.1265,1.55086
113.1,3,2,23,18,9,-76.6536,6.31098
113.1,4,1,23,6,9,-77.3078,1.21261
113.1,5,0,23,6,9,-76.6406,9.43246
113.1,6,0,23,12,9,-77.3373,0.605596
113.1,7,2,23,6,0,-200,0
113.1,8,1,23,36,3,-77.8251,15.3712
113.1,9,2,23,18,9,-76.7217,4.9878
113.1,10,0,22.4664,12,3,-77.9039,17.7662
113.1,11,1,23,18,9,-76.8091,2.9447
113.1,12,2,23,48,3,-77.3981,22.4006
113.1,13,0,23,6,9,-76.9282,1.00818
113.1,14,1,21.0172,6,3,-77.4014,13.8046
113.2,0,0,23,12,9,-76.7499,1.30307
113.2,1,1,23,6,9,-76.6785,3.61751
113.2,2,2,23,6,9,-77.1052,1.41125
113.2,3,2,23,18,9,-76.6258,6.16028
113.2,4,1,23,6,9,-77.2945,1.07498
113.2,5,0,23,6,9,-76.6157,9.27664
113.2,6,0,23,12,9,-77.3299,0.456085
113.2,7,2,23,6,0,-200,0
113.2,8,1,23,36,3,-77.8446,14.7428
113.2,9,2,23,18,9,-76.7101,4.82957
113.2,10,0,22.4664,12,3,-77.9231,17.0544
113.2,11,1,23,18,9,-76.8034,2.7855
113.2,12,2,23,48,3,-77.4212,22.031
113.2,13,0,23,6,9,-76.9275,0.851991
113.2,14,1,21.0172,6,3,-77.3725,13.2237
113.3,0,0,23,12,9,-76.7386,1.15216
113.3,1,1,23,6,9,-76.649,3.46122
113.3,2,2,23,6,9,-77.0833,1.26479
113.3,3,2,23,18,9,-76.5982,6.00218
113.3,4,1,23,6,9,-77.2807,0.931299
113.3,5,0,23,6,9,-76.5915,9.11269
113.3,6,0,23,12,9,-73.9198,-26.4038
113.3,7,2,23,6,0,-200,0
113.3,8,1,23,36,3,-77.8623,14.0836
113.3,9,2,23,18,9,-76.7021,4.64982
113.3,10,0,22.4664,12,3,-77.94,16.317
113.3,11,1,23,18,9,-76.8014,2.60693
113.3,12,2,23,48,3,-77.4454,21.6871
113.3,13,0,23,6,9,-73.7366,-27.3323
113.3,14,1,21.0172,6,3,-77.3363,12.6174
113.4,0,0,23,12,9,-76.7056,0.993448
113.4,1,1,23,6,9,-76.619,3.29648
113.4,2,2,23,6,9,-77.0607,1.11039
113.4,3,2,23,18,9,-76.5705,5.83514
113.4,4,1,23,6,9,-77.2664,0.780775
113.4,5,0,23,6,9,-76.568,8.93927
113.4,6,0,23,12,9,-74.0141,-26.4998
113.4,7,2,23,6,0,-200,0
113.4,8,1,23,36,3,-77.8783,13.3933
113.4,9,2,23,18,9,-76.6974,4.44906
113.4,10,0,22.4664,12,3,-77.9548,15.5541
113.4,11,1,23,18,9,-76.8031,2.4098
113.4,12,2,23,48,3,-77.4703,21.3595
113.4,13,0,23,6,9,-73.8341,-27.2882
113.4,14,1,21.0172,6,3,-77.2915,11.9869
113.5,0,0,23,12,9,-76.6716,0.825546
113.5,1,1,23,6,9,-76.5882,3.1224
113.5,2,2,23,6,9,-77.0373,0.946877
113.5,3,2,23,18,9,-76.5428,5.65785
113.5,4,1,23,6,9,-77.2513,0.622342
113.5,5,0,23,6,9,-76.545,8.75479
113.5,6,0,23,12,9,-74.114,-26.6151
113.5,7,2,23,6,0,-200,0
113.5,8,1,23,36,3,-77.8928,12.6704
113.5,9,2,23,18,9,-76.6958,4.22687
113.5,10,0,22.4664,12,3,-77.9672,14.7657
113.5,11,1,23,18,9,-76.8081,2.19362
113.5,12,2,23,48,3,-77.4951,21.0363
113.5,13,0,23,6,9,-73.9396,-27.2211
113.5,14,1,21.0172,6,3,-77.2365,11.3323
113.6,0,0,23,9,9,-76.5607,0.578169
113.6,1,1,23,6,9,-76.4811,2.86825
113.6,2,2,23,6,9,-76.9326,0.703983
113.6,3,2,23,18,9,-76.4406,5.39903
113.6,4,1,23,6,9,-77.1035,0.385665
113.6,5,0,23,6,9,-76.4491,8.4353
113.6,6,0,23,6,9,-74.1299,-26.7388
113.6,7,2,23,6,0,-200,0
113.6,8,1,23,24,3,-77.908,12.0198
113.6,9,2,23,18,9,-76.6249,3.82412
113.6,10,0,23,9,3,-77.9777,14.5527
113.6,11,1,23,12,9,-76.746,1.79879
113.6,12,2,22,9,3,-77.5199,19.8103
113.6,13,0,23,6,9,-74.014,-27.1788
113.6,14,1,23,6,3,-77.1755,12.7394
113.7,0,0,23,9,9,-73.482,-25.6336
113.7,1,1,23,6,9,-76.4476,2.66382
113.7,2,2,23,6,9,-76.9055,0.511283
113.7,3,2,23,18,9,-76.4106,5.18926
113.7,4,1,23,6,9,-73.8471,-25.9221
113.7,5,0,23,6,9,-76.4243,8.21663
113.7,6,0,23,6,9,-74.2264,-26.8688
113.7,7,2,23,6,0,-200,0
113.7,8,1,23,24,3,-77.9221,11.3957
113.7,9,2,23,18,9,-76.6242,3.56927
113.7,10,0,23,9,3,-77.9867,13.8525
113.7,11,1,23,12,9,-76.7529,1.55431
113.7,12,2,22,9,3,-77.5441,19.5754
113.7,13,0,23,6,9,-70.8124,-31.2599
113.7,14,1,23,6,3,-77.1093,12.1942
113.8,0,0,23,9,9,-73.5738,-25.7745
113.8,1,1,23,6,9,-76.4127,2.44562
113.8,2,2,23,6,9,-73.7011,-25.632
113.8,3,2,23,18,9,-76.3793,4.96514
113.8,4,1,23,6,9,-73.9576,-26.0465
113.8,5,0,23,6,9,-76.3983,7.99494
113.8,6,0,23,6,9,-74.3222,-27.0018
113.8,7,2,23,6,0,-200,0
113.8,8,1,23,24,3,-77.9356,10.7977
113.8,9,2,23,18,9,-76.6221,3.30002
113.8,10,0,23,9,3,-77.9945,13.1961
113.8,11,1,23,12,9,-76.7592,1.29759
113.8,12,2,22,9,3,-77.5674,19.3254
113.8,13,0,23,6,9,-69.9179,-31.3321
113.8,14,1,23,6,3,-77.038,11.6796
113.9,0,0,23,9,9,-73.6653,-25.9132
113.9,1,1,23,6,9,-76.3765,2.21707
113.9,2,2,23,6,9,-73.8043,-25.7667
113.9,3,2,23,18,9,-76.3464,4.73049
113.9,4,1,23,6,9,-74.0581,-26.1699
113.9,5,0,23,6,9,-76.3698,7.75369
113.9,6,0,23,6,10,-74.4151,-28.7441
113.9,7,2,23,6,0,-200,0
113.9,8,1,23,24,3,-77.9493,10.2226
113.9,9,2,23,18,9,-76.6178,3.02078
113.9,10,0,23,9,3,-78.0014,12.5818
113.9,11,1,23,12,9,-76.7637,1.03264
113.9,12,2,22,9,3,-77.5894,19.028
113.9,13,0,23,6,9,-70.1023,-31.381
113.9,14,1,23,6,4,-76.9618,-36.2556
114,0,0,23,9,9,-73.7545,-26.0493
114,1,1,23,6,9,-76.3387,1.98217
114,2,2,23,6,9,-73.9055,-25.8996
114,3,2,23,18,9,-76.3115,4.48977
114,4,1,23,6,9,-74.1564,-26.2917
114,5,0,23,6,9,-76.338,7.51426
114,6,0,23,6,10,-74.5152,-27.9437
114,7,2,23,6,0,-200,0
114,8,1,23,24,3,-77.9634,9.67082
114,9,2,23,18,9,-76.6106,2.75721
114,10,0,23,9,3,-78.007,12.0078
114,11,1,23,12,9,-76.7661,0.784231
114,12,2,22,9,3,-77.6091,18.2296
114,13,0,23,6,9,-70.2879,-31.4383
114,14,1,23,6,4,-76.881,-35.9179
114.1,0,0,23,6,9,-73.8561,-26.1779
114.1,1,2,23,6,9,-76.3279,1.77153
114.1,2,1,23,6,9,-74.0241,-26.0254
114.1,3,0,23,18,9,-76.3034,4.27405
114.1,4,2,23,6,9,-74.2784,-26.407
114.1,5,1,23,6,9,-76.3321,7.29988
114.1,6,0,23,6,10,-74.6344,-27.3641
114.1,7,2,23,6,0,-200,0
114.1,8,1,23,24,3,-77.9778,9.13505
114.1,9,0,23,12,9,-76.6311,2.53148
114.1,10,0,23,6,3,-78.0111,11.4638
114.1,11,2,23,9,9,-76.7965,0.573942
114.1,12,2,21.2536,6,3,-77.6255,16.7464
114.1,13,1,23,6,9,-70.4804,-31.4931
114.1,14,1,23,6,4,-76.8007,-35.5819
114.2,0,0,23,6,9,-73.938,-26.2985
114.2,1,2,23,6,9,-76.2867,1.52806
114.2,2,1,23,6,9,-74.1191,-26.144
114.2,3,0,23,18,9,-76.2645,4.0261
114.2,4,2,23,6,9,-74.3705,-26.5149
114.2,5,1,23,6,9,-76.2943,7.00875
114.2,6,0,23,6,10,-72.5773,-29.2926
114.2,7,2,23,6,0,-200,0
114.2,8,1,23,24,3,-77.9924,8.62071
114.2,9,0,23,12,9,-76.6184,2.23975
114.2,10,0,23,6,3,-78.0131,10.9583
114.2,11,2,23,9,9,-73.7297,-25.2919
114.2,12,2,21.2536,6,3,-77.6373,16.0689
114.2,13,1,23,6,9,-70.665,-31.5427
114.2,14,1,23,6,4,-76.7149,-35.2421
114.3,0,0,23,6,9,-74.0151,-26.4091
114.3,1,2,23,6,9,-76.262,1.28264
114.3,2,1,23,6,9,-74.2096,-26.2532
114.3,3,0,23,18,9,-76.2237,3.77674
114.3,4,2,23,6,9,-74.4578,-26.6138
114.3,5,1,23,6,9,-76.2536,6.70598
114.3,6,0,23,6,10,-72.7125,-29.3716
114.3,7,2,23,6,0,-200,0
114.3,8,1,23,24,3,-78.007,8.10684
114.3,9,0,23,12,9,-76.603,1.94606
114.3,10,0,23,6,3,-78.0139,10.5119
114.3,11,2,23,9,9,-73.8474,-25.367
114.3,12,2,21.2536,6,3,-77.6439,15.4336
114.3,13,1,23,6,9,-70.8476,-31.5868
114.3,14,1,23,6,4,-76.6039,-34.8954
114.4,0,0,23,6,9,-74.0867,-26.5097
114.4,1,2,23,6,9,-76.2171,1.03515
114.4,2,1,23,6,9,-74.2948,-26.3527
114.4,3,0,23,18,9,-76.1807,3.52636
114.4,4,2,23,6,9,-74.5398,-26.7038
114.4,5,1,23,6,9,-76.21,6.39506
114.4,6,0,23,6,10,-72.8404,-29.4402
114.4,7,2,23,6,0,-200,0
114.4,8,1,23,24,3,-78.0214,7.61269
114.4,9,0,23,12,9,-76.5845,1.65104
114.4,10,0,23,6,3,-78.011,10.0894
114.4,11,2,23,9,9,-73.9591,-25.4551
114.4,12,2,21.2536,6,3,-77.644,14.8642
114.4,13,1,23,6,9,-71.0268,-31.6231
114.4,14,1,23,6,4,-76.4891,-34.5517
114.5,0,0,23,6,9,-74.1526,-26.5996
114.5,1,2,23,6,9,-76.1705,0.786914
114.5,2,1,23,6,9,-74.3742,-26.442
114.5,3,0,23,18,9,-76.1359,3.27758
114.5,4,2,23,6,9,-72.436,-28.776
114.5,5,1,23,6,9,-76.1637,6.07944
114.5,6,0,23,6,10,-72.9602,-29.4978
114.5,7,2,23,6,0,-200,0
114.5,8,1,23,24,3,-78.0354,7.15643
114.5,9,0,23,12,9,-76.5628,1.35614
114.5,10,0,23,6,3,-78.0048,9.70664
114.5,11,2,23,9,9,-72.0938,-26.9718
114.5,12,2,21.2536,6,3,-77.6617,14.3824
114.5,13,1,23,6,9,-71.2021,-31.6508
114.5,14,1,23,6,4,-76.3899,-34.2093
114.6,0,0,23,6,9,-72.1969,-28.7478
114.6,1,2,23,6,9,-76.0843,0.499549
114.6,2,1,23,6,9,-74.4162,-26.5185
114.6,3,0,23,12,9,-76.0513,2.99135
114.6,4,2,23,6,9,-72.5474,-28.833
114.6,5,1,23,6,9,-76.0791,5.6867
114.6,6,0,23,6,10,-73.0342,-29.5433
114.6,7,2,23,6,0,-200,0
114.6,8,1,23,6,3,-78.0485,6.7166
114.6,9,0,23,9,9,-76.4985,0.973134
114.6,10,0,23,24,3,-77.9955,9.34223
114.6,11,2,23,6,9,-70.8608,-29.5915
114.6,12,2,22.2695,6,3,-77.6455,14.9841
114.6,13,1,23,6,9,-71.3619,-31.6698
114.6,14,1,23,6,4,-76.2863,-33.8671
114.7,0,0,23,6,9,-72.32,-28.8029
114.7,1,2,23,6,9,-73.3199,-24.1651
114.7,2,1,23,6,9,-72.4139,-28.6502
114.7,3,0,23,12,9,-76.0028,2.74708
114.7,4,2,23,6,10,-72.6762,-28.879
114.7,5,1,23,6,9,-76.0308,5.39003
114.7,6,0,23,6,10,-73.1353,-29.5767
114.7,7,2,23,6,0,-200,0
114.7,8,1,23,6,3,-78.06,6.29354
114.7,9,0,23,9,9,-76.471,0.677777
114.7,10,0,23,24,3,-77.9837,8.99287
114.7,11,2,23,6,9,-69.9745,-29.6218
114.7,12,2,22.2695,6,3,-77.6197,14.6422
114.7,13,1,23,6,9,-70.3626,-32.418
114.7,14,1,23,6,5,-76.1788,-38.248
114.8,0,0,23,6,9,-72.4346,-28.8449
114.8,1,2,23,6,9,-73.4027,-24.2257
114.8,2,1,23,6,9,-72.5415,-28.6917
114.8,3,0,23,12,9,-75.9524,2.50477
114.8,4,2,23,6,10,-72.7974,-28.913
114.8,5,1,23,6,9,-75.981,5.10131
114.8,6,0,23,6,10,-73.2271,-29.5972
114.8,7,2,23,6,0,-200,0
114.8,8,1,23,6,3,-78.0699,5.88707
114.8,9,0,23,9,9,-76.4402,0.382753
114.8,10,0,23,24,3,-77.9696,8.65777
114.8,11,2,23,6,9,-70.1549,-29.651
114.8,12,2,22.2695,6,3,-77.5834,14.3733
114.8,13,1,23,6,9,-70.5416,-32.4284
114.8,14,1,23,6,5,-76.0673,-37.8652
114.9,0,0,23,6,9,-72.5414,-28.8777
114.9,1,2,23,6,9,-73.4774,-24.275
114.9,2,1,23,6,9,-72.6614,-28.7246
114.9,3,0,23,12,9,-75.9,2.26526
114.9,4,2,23,6,10,-72.9106,-28.9387
114.9,5,1,23,6,9,-75.9299,4.81917
114.9,6,0,23,6,10,-73.3096,-29.609
114.9,7,2,23,6,0,-200,0
114.9,8,1,23,6,3,-78.0777,5.51287
114.9,9,0,23,9,9,-76.4059,0.0875567
114.9,10,0,23,24,3,-77.9537,8.35074
114.9,11,2,23,6,9,-70.3285,-29.6762
114.9,12,2,22.2695,6,3,-77.5358,14.1966
114.9,13,1,23,6,9,-70.7148,-32.436
114.9,14,1,23,6,5,-75.9689,-37.4771
115,0,0,23,6,9,-72.6398,-28.8957
115,1,2,23,6,9,-73.5445,-24.3071
115,2,1,23,6,9,-72.7733,-28.7435
115,3,0,23,12,9,-75.8461,2.02922
115,4,2,23,6,10,-73.0157,-28.951
115,5,1,23,6,9,-75.8777,4.54302
115,6,0,23,6,10,-71.7092,-30.9853
115,7,2,23,6,0,-200,0
115,8,1,23,6,3,-78.0828,5.13804
115,9,0,23,9,9,-73.5015,-23.9428
115,10,0,23,24,3,-77.9362,8.03783
115,11,2,23,6,9,-70.4944,-29.6993
115,12,2,22.2695,6,3,-77.4855,13.9946
115,13,1,23,6,9,-70.8818,-32.4414
115,14,1,23,6,5,-75.849,-37.0869
115.1,0,0,23,6,9,-72.7148,-28.9074
115.1,1,1,23,6,9,-73.5841,-24.3311
115.1,2,2,23,6,9,-72.857,-28.7569
115.1,3,0,23,9,9,-75.7582,1.74262
115.1,4,1,23,6,10,-73.0846,-28.9582
115.1,5,2,23,6,9,-75.7931,4.1913
115.1,6,0,23,6,10,-71.7926,-30.9601
115.1,7,1,23,6,0,-200,0
115.1,8,2,23,6,3,-78.085,4.77788
115.1,9,1,23,6,9,-73.5649,-24.0395
115.1,10,0,23,18,3,-77.9169,7.73621
115.1,11,0,23,6,9,-70.6452,-29.7214
115.1,12,1,23,24,3,-77.428,14.5276
115.1,13,2,23,6,9,-71.0284,-32.4441
115.1,14,2,23,6,5,-75.7251,-36.6948
115.2,0,0,23,6,9,-72.797,-28.9107
115.2,1,1,23,6,9,-73.6352,-24.3455
115.2,2,2,23,6,9,-72.9525,-28.7625
115.2,3,0,23,9,9,-75.7011,1.51389
115.2,4,1,23,6,10,-73.1721,-28.9584
115.2,5,2,23,6,9,-75.7383,3.92226
115.2,6,0,23,6,10,-71.8932,-30.9242
115.2,7,1,23,6,0,-200,0
115.2,8,2,23,6,3,-78.0841,4.43153
115.2,9,1,23,6,9,-73.6371,-24.1278
115.2,10,0,23,18,3,-77.8958,7.44676
115.2,11,0,23,6,9,-70.7965,-29.7401
115.2,12,1,23,24,3,-77.3634,14.3358
115.2,13,2,23,6,9,-71.1818,-32.4435
115.2,14,2,23,6,5,-75.5971,-36.2996
115.3,0,0,23,6,9,-72.8716,-28.9049
115.3,1,1,23,6,9,-73.6791,-24.3487
115.3,2,2,23,6,9,-73.0402,-28.7597
115.3,3,0,23,9,9,-75.6423,1.2888
115.3,4,1,23,6,10,-73.2515,-28.9508
115.3,5,2,23,6,9,-75.6823,3.65631
115.3,6,0,23,6,11,-71.9843,-30.8762
115.3,7,1,23,6,0,-200,0
115.3,8,2,23,6,3,-78.0803,4.09595
115.3,9,1,23,6,9,-73.701,-24.2082
115.3,10,0,23,18,3,-77.8723,7.17141
115.3,11,0,23,6,9,-70.9405,-29.758
115.3,12,1,23,24,4,-77.292,-34.024
115.3,13,2,23,6,9,-71.3287,-32.4408
115.3,14,2,23,6,5,-75.4652,-35.9035
115.4,0,0,23,6,9,-72.9385,-28.8877
115.4,1,1,23,6,9,-73.7155,-24.3382
115.4,2,2,23,6,9,-73.1199,-28.7461
115.4,3,0,23,9,9,-75.5818,1.06799
115.4,4,1,23,6,10,-73.3222,-28.9332
115.4,5,2,23,6,9,-75.6247,3.39173
115.4,6,0,23,6,11,-72.0656,-30.819
115.4,7,1,23,6,0,-200,0
115.4,8,2,23,6,3,-78.0738,3.76799
115.4,9,1,23,6,9,-73.7569,-24.2779
115.4,10,0,23,18,3,-77.8457,6.91213
115.4,11,0,23,6,9,-71.0766,-29.7717
115.4,12,1,23,24,4,-77.1913,-33.7048
115.4,13,2,23,6,9,-71.4685,-32.4353
115.4,14,2,23,6,5,-75.3291,-35.5047
115.5,0,0,23,6,9,-72.9977,-28.8605
115.5,1,1,23,6,9,-73.745,-24.3158
115.5,2,2,23,6,10,-73.1916,-28.7232
115.5,3,0,23,9,9,-75.5197,0.851798
115.5,4,1,23,6,10,-71.6872,-29.9654
115.5,5,2,23,6,9,-75.5657,3.12844
115.5,6,0,23,6,11,-72.1368,-30.7527
115.5,7,1,23,6,0,-200,0
115.5,8,2,23,6,3,-78.0652,3.44529
115.5,9,1,23,6,9,-71.9671,-25.431
115.5,10,0,23,18,3,-77.815,6.67229
115.5,11,0,23,6,9,-71.2045,-29.7823
115.5,12,1,23,24,4,-77.1302,-33.3759
115.5,13,2,23,6,9,-71.6013,-32.4272
115.5,14,2,23,6,6,-75.1889,-37.396
115.6,0,1,23,6,9,-73.0496,-28.8233
115.6,1,0,23,6,9,-73.7675,-24.2812
115.6,2,2,23,6,10,-73.2554,-28.6909
115.6,3,1,23,6,9,-75.4559,0.639946
115.6,4,1,23,6,10,-71.7855,-29.9012
115.6,5,0,23,6,9,-75.5052,2.86535
115.6,6,0,23,6,11,-72.1976,-30.6786
115.6,7,2,23,6,0,-200,0
115.6,8,2,23,6,3,-78.0551,3.12424
115.6,9,2,23,6,9,-72.0593,-25.4764
115.6,10,0,23,18,3,-77.779,6.45482
115.6,11,1,23,6,9,-71.3244,-29.7898
115.6,12,1,23,6,4,-77.0411,-33.0393
115.6,13,0,23,6,9,-71.7268,-32.4167
115.6,14,2,23,6,6,-75.0445,-37.0231
115.7,0,1,23,6,9,-73.0944,-28.7786
115.7,1,0,23,6,9,-73.7833,-24.2373
115.7,2,2,23,6,10,-73.3115,-28.6514
115.7,3,1,23,6,9,-75.4054,0.43311
115.7,4,1,23,6,10,-71.8746,-29.83
115.7,5,0,23,6,9,-75.4428,2.60167
115.7,6,0,23,6,11,-72.2478,-30.5983
115.7,7,2,23,6,0,-200,0
115.7,8,2,23,6,3,-78.0719,2.80431
115.7,9,2,23,6,9,-72.1421,-25.5125
115.7,10,0,23,18,3,-77.7362,6.26596
115.7,11,1,23,6,9,-71.4363,-29.7938
115.7,12,1,23,6,4,-76.9473,-32.6946
115.7,13,0,23,6,9,-71.8449,-32.4043
115.7,14,2,23,6,6,-74.8961,-36.6521
115.8,0,1,23,6,9,-71.5168,-29.5256
115.8,1,0,23,6,9,-71.9506,-26.6034
115.8,2,2,23,6,10,-71.6756,-29.4409
115.8,3,1,23,6,9,-72.8593,-21.1492
115.8,4,1,23,6,10,-71.9526,-29.7486
115.8,5,0,23,6,9,-75.3787,2.3375
115.8,6,0,23,6,11,-72.2859,-30.5095
115.8,7,2,23,6,0,-200,0
115.8,8,2,23,6,3,-78.06,2.48375
115.8,9,2,23,6,9,-69.8362,-27.6729
115.8,10,0,23,18,3,-77.6889,6.07626
115.8,11,1,23,6,9,-70.3522,-30.3591
115.8,12,1,23,6,4,-76.828,-32.3423
115.8,13,0,23,6,9,-70.6423,-32.5272
115.8,14,2,23,6,6,-74.7435,-36.2824
115.9,0,1,23,6,9,-71.5799,-29.4217
115.9,1,0,23,6,9,-72.0088,-26.5424
115.9,2,2,23,6,10,-71.7518,-29.3487
115.9,3,1,23,6,9,-72.8928,-21.0773
115.9,4,1,23,6,10,-72.0204,-29.6615
115.9,5,0,23,6,9,-75.3127,2.07257
115.9,6,0,23,6,11,-72.3122,-30.416
115.9,7,2,23,6,0,-200,0
115.9,8,2,23,6,3,-78.0478,2.16184
115.9,9,2,23,6,9,-69.9309,-27.6549
115.9,10,0,23,18,3,-77.6373,5.88153
115.9,11,1,23,6,9,-70.4639,-30.3405
115.9,12,1,23,6,4,-76.7262,-31.9855
115.9,13,0,23,6,9,-70.7635,-32.5115
115.9,14,2,23,6,6,-74.5868,-35.9155
116,0,1,23,6,9,-71.6351,-29.3123
116,1,0,23,6,9,-72.0586,-26.4694
116,2,2,23,6,10,-71.819,-29.2514
116,3,1,23,6,9,-72.9191,-20.9912
116,4,1,23,6,10,-72.0785,-29.5708
116,5,0,23,6,9,-75.2448,1.80665
116,6,0,23,6,11,-72.3276,-30.3203
116,7,2,23,6,0,-200,0
116,8,2,23,6,3,-78.0355,1.83776
116,9,2,23,6,9,-70.0152,-27.6294
116,10,0,23,18,3,-77.5809,5.68296
116,11,1,23,6,9,-70.5666,-30.3181
116,12,1,23,6,4,-76.6206,-31.6246
116,13,0,23,6,9,-70.8772,-32.4933
116,14,2,23,6,6,-74.4274,-35.5518
116.1,0,1,23,6,9,-71.6826,-29.1976
116.1,1,0,23,6,9,-72.1004,-26.385
116.1,2,2,23,6,10,-71.8777,-29.1494
116.1,3,1,23,6,9,-72.9381,-20.8914
116.1,4,1,23,6,10,-72.127,-29.4763
116.1,5,0,23,6,9,-75.1749,1.53991
116.1,6,0,23,6,12,-72.332,-32.0739
116.1,7,2,23,6,0,-200,0
116.1,8,2,23,6,3,-78.0228,1.51484
116.1,9,2,23,6,9,-70.0896,-27.5964
116.1,10,0,23,6,4,-77.5193,-32.8154
116.1,11,1,23,6,9,-70.6605,-30.2936
116.1,12,1,23,6,4,-76.5118,-31.2604
116.1,13,0,23,6,9,-70.9833,-32.4743
116.1,14,2,23,6,6,-74.2654,-35.1931
116.2,0,1,23,6,9,-71.7232,-29.0809
116.2,1,0,23,6,9,-72.1347,-26.2893
116.2,2,2,23,6,10,-71.9286,-29.0462
116.2,3,1,23,6,9,-72.9503,-20.7781
116.2,4,1,23,6,11,-72.1667,-29.5991
116.2,5,0,23,6,9,-75.1026,1.27135
116.2,6,0,23,6,12,-72.3261,-31.7569
116.2,7,2,23,6,0,-200,0
116.2,8,2,23,6,3,-78.0095,1.19524
116.2,9,2,23,6,9,-70.1555,-27.559
116.2,10,0,23,6,4,-77.4523,-32.5069
116.2,11,1,23,6,9,-70.7457,-30.2671
116.2,12,1,23,6,5,-76.4001,-35.2438
116.2,13,0,23,6,9,-71.0821,-32.4545
116.2,14,2,23,6,6,-74.1008,-34.8394
116.3,0,1,23,6,9,-71.7568,-28.9615
116.3,1,0,23,6,9,-72.1612,-26.1813
116.3,2,2,23,6,10,-71.9718,-28.9408
116.3,3,1,23,6,9,-72.9557,-20.6496
116.3,4,1,23,6,11,-72.1978,-29.4641
116.3,5,0,23,6,9,-75.0279,1.00117
116.3,6,0,23,6,12,-72.3098,-31.4756
116.3,7,2,23,6,0,-200,0
116.3,8,2,23,6,3,-77.9945,0.883152
116.3,9,2,23,6,9,-70.2131,-27.5167
116.3,10,0,23,6,4,-77.38,-32.1923
116.3,11,1,23,6,9,-70.8216,-30.2376
116.3,12,1,23,6,5,-76.2857,-34.9046
116.3,13,0,23,6,9,-71.1732,-32.4333
116.3,14,2,23,6,6,-73.9338,-34.4904
116.4,0,1,23,6,10,-71.7842,-28.8414
116.4,1,0,23,6,9,-72.1802,-26.0607
116.4,2,2,23,6,10,-72.008,-28.8356
116.4,3,1,23,6,9,-72.9544,-20.5061
116.4,4,1,23,6,11,-72.2207,-29.3282
116.4,5,0,23,6,9,-74.9507,0.729104
116.4,6,0,23,6,12,-72.2836,-31.2305
116.4,7,2,23,6,0,-200,0
116.4,8,2,23,6,3,-77.977,0.582384
116.4,9,2,23,6,9,-70.2635,-27.4717
116.4,10,0,23,6,4,-77.3031,-31.8765
116.4,11,1,23,6,9,-70.8882,-30.2054
116.4,12,1,23,6,5,-76.169,-34.5694
116.4,13,0,23,6,9,-71.2625,-32.4109
116.4,14,2,23,6,7,-73.7643,-35.3362
116.5,0,1,23,6,10,-71.8057,-28.722
116.5,1,0,23,6,10,-72.192,-25.9303
116.5,2,2,23,6,10,-72.0373,-28.731
116.5,3,1,23,6,9,-72.9465,-20.35
116.5,4,1,23,6,11,-72.2356,-29.192
116.5,5,0,23,6,9,-74.8706,0.454859
116.5,6,0,23,6,12,-72.2475,-31.0199
116.5,7,2,23,6,0,-200,0
116.5,8,2,23,6,3,-77.9556,0.297387
116.5,9,2,23,6,9,-70.3071,-27.4235
116.5,10,0,23,6,4,-77.1991,-31.5567
116.5,11,1,23,6,9,-70.9455,-30.1717
116.5,12,1,23,6,5,-76.05,-34.2372
116.5,13,0,23,6,9,-71.3384,-32.3887
116.5,14,2,23,6,8,-73.5926,-35.6653
116.6,0,1,23,6,10,-71.8215,-28.6051
116.6,1,0,23,6,10,-72.1971,-25.7941
116.6,2,2,23,6,10,-72.0602,-28.6295
116.6,3,1,23,6,9,-72.9322,-20.1857
116.6,4,1,23,6,11,-72.243,-29.0562
116.6,5,2,23,6,9,-74.7875,0.17843
116.6,6,0,23,6,12,-72.202,-30.8469
116.6,7,0,23,6,0,-200,0
116.6,8,2,23,6,3,-77.9291,0.0318377
116.6,9,0,23,6,9,-70.3444,-27.375
116.6,10,1,23,6,4,-77.1149,-31.2397
116.6,11,1,23,6,9,-70.9939,-30.135
116.6,12,0,23,6,5,-75.9291,-33.9104
116.6,13,2,23,6,9,-71.4065,-32.3648
116.6,14,2,23,6,8,-73.4185,-35.4054
116.7,0,1,23,6,10,-71.8321,-28.4963
116.7,1,0,23,6,10,-72.1954,-25.6645
116.7,2,2,23,6,10,-72.0769,-28.5349
116.7,3,1,23,6,9,-72.9115,-20.0267
116.7,4,1,23,6,11,-72.2428,-28.9279
116.7,5,2,23,6,9,-74.7013,-0.0998511
116.7,6,0,23,6,12,-72.1469,-30.7143
116.7,7,0,23,6,0,-200,0
116.7,8,2,23,6,3,-77.8956,-0.208987
116.7,9,0,23,6,9,-70.3758,-27.3261
116.7,10,1,23,6,4,-77.0276,-30.9232
116.7,11,1,23,6,9,-71.0337,-30.0953
116.7,12,0,23,6,5,-75.8064,-33.5889
116.7,13,2,23,6,9,-71.4667,-32.3401
116.7,14,2,23,6,8,-73.2423,-35.1504
116.8,0,1,23,6,10,-71.8381,-28.3975
116.8,1,0,23,6,10,-72.1878,-25.5454
116.8,2,2,23,6,10,-72.088,-28.4493
116.8,3,1,23,6,10,-72.8849,-24.5963
116.8,4,1,23,6,11,-72.2356,-28.8537
116.8,5,2,23,6,9,-74.6118,-0.37991
116.8,6,0,23,6,12,-72.0829,-30.5731
116.8,7,0,23,6,0,-200,0
116.8,8,2,23,6,3,-77.8585,-0.449232
116.8,9,0,23,6,9,-70.4018,-27.2774
116.8,10,1,23,6,4,-76.9381,-30.6079
116.8,11,1,23,6,9,-71.0656,-30.0541
116.8,12,0,23,6,5,-75.682,-33.2728
116.8,13,2,23,6,9,-71.5191,-32.3155
116.8,14,2,23,6,9,-73.0638,-34.9004
116.9,0,1,23,6,10,-71.8396,-28.3118
116.9,1,0,23,6,10,-72.1742,-25.4403
116.9,2,2,23,6,10,-72.0938,-28.376
116.9,3,1,23,6,10,-72.8519,-24.473
116.9,4,1,23,6,11,-72.222,-28.7916
116.9,5,2,23,6,9,-74.519,-0.661749
116.9,6,0,23,6,12,-72.0105,-30.4258
116.9,7,0,23,6,0,-200,0
116.9,8,2,23,6,3,-77.8436,-0.686915
116.9,9,0,23,6,9,-70.4226,-27.2299
116.9,10,1,23,6,4,-76.8465,-30.2964
116.9,11,1,23,6,9,-71.0901,-30.0109
116.9,12,0,23,6,5,-75.5565,-32.963
116.9,13,2,23,6,9,-71.5633,-32.2892
116.9,14,2,23,6,9,-72.8833,-34.6547
117,0,1,23,6,10,-71.8372,-28.2395
117,1,0,23,6,10,-72.1556,-25.3515
117,2,2,23,6,10,-72.0948,-28.315
117,3,1,23,6,10,-72.8133,-24.3504
117,4,1,23,6,11,-72.2025,-28.7415
117,5,2,23,6,9,-74.4227,-0.944495
117,6,0,23,6,12,-71.93,-30.2756
117,7,0,23,6,0,-200,0
117,8,2,23,6,3,-77.7713,-0.920323
117,9,0,23,6,9,-70.4386,-27.1838
117,10,1,23,6,4,-76.7536,-29.9896
117,11,1,23,6,9,-71.108,-29.9677
117,12,0,23,6,5,-75.43,-32.6594
117,13,2,23,6,9,-71.6058,-32.2631
117,14,2,23,6,9,-72.7008,-34.4134
117.1,0,1,23,6,10,-71.831,-28.182
117.1,1,0,23,6,10,-72.1319,-25.2802
117.1,2,2,23,6,10,-72.0915,-28.2681
117.1,3,2,23,6,10,-72.7688,-24.2295
117.1,4,1,23,6,11,-72.1773,-28.7048
117.1,5,1,23,6,9,-74.3229,-1.22858
117.1,6,0,23,6,13,-71.8419,-30.1238
117.1,7,0,23,6,0,-200,0
117.1,8,2,23,6,4,-77.721,-31.3517
117.1,9,2,23,6,9,-70.4501,-27.1408
117.1,10,1,23,6,4,-76.6594,-29.6886
117.1,11,0,23,6,9,-71.1195,-29.9238
117.1,12,0,23,6,5,-75.3029,-32.3633
117.1,13,1,23,6,9,-71.6338,-32.2356
117.1,14,2,23,6,9,-72.5166,-34.1772
117.2,0,1,23,6,10,-71.8216,-28.14
117.2,1,0,23,6,10,-72.1037,-25.2301
117.2,2,2,23,6,11,-72.0839,-30.0613
117.2,3,2,23,6,10,-72.7187,-24.1089
117.2,4,1,23,6,12,-72.1467,-31.7889
117.2,5,1,23,6,9,-74.231,-1.51368
117.2,6,0,23,6,13,-71.7465,-29.9709
117.2,7,0,23,6,0,-200,0
117.2,8,2,23,6,4,-77.6667,-31.1072
117.2,9,2,23,6,9,-70.4571,-27.0999
117.2,10,1,23,6,5,-76.5644,-33.8959
117.2,11,0,23,6,9,-71.1253,-29.8814
117.2,12,0,23,6,6,-75.175,-34.6176
117.2,13,1,23,6,9,-71.6534,-32.2081
117.2,14,2,23,6,9,-72.3303,-33.9439
117.3,0,1,23,6,10,-71.8091,-28.1155
117.3,1,0,23,6,10,-72.0711,-25.2019
117.3,2,2,23,6,11,-72.0727,-29.9533
117.3,3,2,23,6,10,-72.6631,-23.9868
117.3,4,1,23,6,12,-72.1111,-31.6715
117.3,5,1,23,6,10,-74.1236,-24.6394
117.3,6,0,23,6,13,-71.6439,-29.8189
117.3,7,0,23,6,0,-200,0
117.3,8,2,23,6,4,-77.6085,-30.865
117.3,9,2,23,6,9,-70.4601,-27.062
117.3,10,1,23,6,5,-76.4687,-33.646
117.3,11,0,23,6,9,-71.1259,-29.8397
117.3,12,0,23,6,6,-75.0468,-34.3673
117.3,13,1,23,6,9,-71.6644,-32.1792
117.3,14,2,23,6,10,-72.1417,-33.7142
117.4,0,1,23,6,10,-71.7938,-28.1049
117.4,1,0,23,6,10,-72.0346,-25.1915
117.4,2,2,23,6,11,-72.058,-29.8443
117.4,3,2,23,6,10,-72.6024,-23.8647
117.4,4,1,23,6,12,-72.0709,-31.5539
117.4,5,1,23,6,10,-74.0128,-24.5281
117.4,6,0,23,6,13,-71.5347,-29.6669
117.4,7,0,23,6,0,-200,0
117.4,8,2,23,6,4,-77.5225,-30.6272
117.4,9,2,23,6,9,-70.459,-27.0284
117.4,10,1,23,6,5,-76.3726,-33.4033
117.4,11,0,23,6,9,-71.1213,-29.7996
117.4,12,0,23,6,6,-74.9183,-34.1239
117.4,13,1,23,6,9,-71.6673,-32.1499
117.4,14,2,23,6,10,-71.9511,-33.4884
117.5,0,1,23,6,10,-71.7762,-28.1031
117.5,1,0,23,6,10,-71.9947,-25.1888
117.5,2,2,23,6,11,-72.0402,-29.7347
117.5,3,2,23,6,10,-72.5371,-23.7448
117.5,4,1,23,6,12,-72.0265,-31.4373
117.5,5,1,23,6,10,-73.8984,-24.4184
117.5,6,0,23,6,13,-73.0831,-29.481
117.5,7,0,23,6,0,-200,0
117.5,8,2,23,6,4,-77.459,-30.4018
117.5,9,2,23,6,9,-70.4545,-27.003
117.5,10,1,23,6,5,-76.2763,-33.172
117.5,11,0,23,6,9,-71.1125,-29.7616
117.5,12,0,23,6,6,-74.7898,-33.887
117.5,13,1,23,6,9,-71.6641,-32.1204
117.5,14,2,23,6,10,-73.5886,-33.227
117.6,0,1,23,6,10,-71.7566,-28.1069
117.6,1,0,23,6,10,-71.9517,-25.1908
117.6,2,2,23,6,11,-72.0198,-29.6276
117.6,3,1,23,6,10,-72.468,-23.6357
117.6,4,1,23,6,12,-71.9785,-31.3211
117.6,5,0,23,6,10,-73.7806,-24.3191
117.6,6,0,23,6,13,-73.0465,-29.5097
117.6,7,0,23,6,0,-200,0
117.6,8,2,23,6,4,-77.3935,-30.1938
117.6,9,2,23,6,9,-70.4464,-26.987
117.6,10,1,23,6,5,-76.18,-32.9529
117.6,11,1,23,6,9,-71.0996,-29.726
117.6,12,0,23,6,6,-74.6616,-33.6569
117.6,13,2,23,6,9,-71.6555,-32.0915
117.6,14,2,23,6,10,-73.4481,-33.0099
117.7,0,1,23,6,10,-71.7357,-28.1186
117.7,1,0,23,6,10,-71.9066,-25.1988
117.7,2,2,23,6,11,-71.9978,-29.524
117.7,3,1,23,6,10,-72.3955,-23.5525
117.7,4,1,23,6,12,-71.9287,-31.1957
117.7,5,0,23,6,10,-73.6599,-24.2446
117.7,6,0,23,6,13,-73.0084,-29.5477
117.7,7,0,23,6,0,-200,0
117.7,8,2,23,6,4,-77.3312,-30.0101
117.7,9,2,23,6,9,-70.4352,-26.9819
117.7,10,1,23,6,5,-76.0843,-32.747
117.7,11,1,23,6,9,-71.0829,-29.6935
117.7,12,0,23,6,6,-74.5339,-33.4335
117.7,13,2,23,6,9,-71.642,-32.0637
117.7,14,2,23,6,10,-73.3122,-32.8006
117.8,0,1,23,6,10,-71.7138,-28.1351
117.8,1,0,23,6,10,-71.8597,-25.2117
117.8,2,2,23,6,11,-71.975,-29.4308
117.8,3,1,23,6,10,-72.3201,-23.5204
117.8,4,1,23,6,12,-71.8787,-31.0726
117.8,5,0,23,6,10,-73.5366,-24.2203
117.8,6,0,23,6,13,-72.9685,-29.5922
117.8,7,0,23,6,0,-200,0
117.8,8,2,23,6,4,-77.2669,-29.8445
117.8,9,2,23,6,9,-70.4205,-26.9863
117.8,10,1,23,6,5,-75.9888,-32.5531
117.8,11,1,23,6,9,-71.0627,-29.6637
117.8,12,0,23,6,6,-74.4068,-33.2163
117.8,13,2,23,6,9,-71.6239,-32.037
117.8,14,2,23,6,10,-73.1869,-32.6051
117.9,0,1,23,6,10,-71.6914,-28.1573
117.9,1,0,23,6,10,-71.8115,-25.2298
117.9,2,2,23,6,11,-71.952,-29.3483
117.9,3,1,23,6,10,-72.2423,-23.5421
117.9,4,1,23,6,12,-71.8294,-30.9517
117.9,5,0,23,6,10,-73.4108,-24.2491
117.9,6,0,23,6,13,-72.9271,-29.6436
117.9,7,0,23,6,0,-200,0
117.9,8,2,23,6,4,-77.2014,-29.6993
117.9,9,2,23,6,9,-70.4027,-27.0027
117.9,10,1,23,6,5,-75.894,-32.3729
117.9,11,1,23,6,9,-71.0393,-29.6375
117.9,12,0,23,6,6,-74.2808,-33.0055
117.9,13,2,23,6,9,-71.6017,-32.0122
117.9,14,2,23,6,10,-73.0731,-32.4238
118,0,1,23,6,10,-71.6685,-28.1845
118,1,0,23,6,10,-71.7617,-25.2531
118,2,2,23,6,11,-71.9288,-29.2775
118,3,1,23,6,10,-72.1619,-23.6186
118,4,1,23,6,12,-71.7816,-30.8339
118,5,0,23,6,10,-73.2821,-24.3318
118,6,0,23,6,13,-72.882,-29.6968
118,7,0,23,6,0,-200,0
118,8,2,23,6,4,-77.1347,-29.5535
118,9,2,23,6,9,-70.381,-27.0204
118,10,1,23,6,5,-75.7997,-32.1973
118,11,1,23,6,9,-71.0123,-29.6175
118,12,0,23,6,6,-74.1556,-32.8011
118,13,2,23,6,9,-71.5754,-31.9891
118,14,2,23,6,10,-72.9714,-32.257
118.1,0,1,23,6,10,-71.6451,-28.2158
118.1,1,0,23,6,10,-71.7108,-25.2801
118.1,2,2,23,6,11,-71.9059,-29.22
118.1,3,1,23,6,10,-72.0795,-23.7471
118.1,4,1,23,6,12,-71.7383,-30.7219
118.1,5,0,23,6,10,-73.1517,-24.4655
118.1,6,0,23,6,13,-72.8364,-29.7551
118.1,7,0,23,6,0,-200,0
118.1,8,2,23,6,4,-77.0678,-29.4094
118.1,9,2,23,6,9,-70.3573,-27.0519
118.1,10,0,23,6,5,-75.707,-32.0357
118.1,11,1,23,6,9,-70.9834,-29.6427
118.1,12,1,23,6,6,-74.0329,-32.6108
118.1,13,2,23,6,9,-71.5469,-31.975
118.1,14,2,23,6,10,-72.8832,-32.105
118.2,0,1,23,6,10,-71.6211,-28.2496
118.2,1,0,23,6,10,-71.6592,-25.3088
118.2,2,2,23,6,11,-71.8862,-29.1788
118.2,3,1,23,6,10,-71.9959,-23.9262
118.2,4,1,23,6,12,-71.7,-30.6142
118.2,5,0,23,6,10,-73.0207,-24.6489
118.2,6,0,23,6,13,-72.7902,-29.8165
118.2,7,0,23,6,0,-200,0
118.2,8,2,23,6,4,-77.0009,-29.2629
118.2,9,2,23,6,9,-70.3332,-27.0819
118.2,10,0,23,6,5,-75.616,-31.8744
118.2,11,1,23,6,9,-70.9543,-29.6654
118.2,12,1,23,6,6,-73.9132,-32.4367
118.2,13,2,23,6,9,-71.5176,-31.9734
118.2,14,2,23,6,10,-72.8092,-31.9667
118.3,0,1,23,6,10,-71.5966,-28.2869
118.3,1,0,23,6,10,-71.6069,-25.3423
118.3,2,2,23,6,11,-71.8695,-29.1561
118.3,3,1,23,6,10,-71.9117,-24.1461
118.3,4,1,23,6,12,-71.6662,-30.5133
118.3,5,0,23,6,10,-72.8905,-24.8722
118.3,6,0,23,6,13,-72.7431,-29.8784
118.3,7,0,23,6,0,-200,0
118.3,8,2,23,6,4,-76.9335,-29.1138
118.3,9,2,23,6,9,-70.3093,-27.1074
118.3,10,0,23,6,5,-75.5265,-31.7113
118.3,11,1,23,6,9,-70.9273,-29.6818
118.3,12,1,23,6,6,-73.797,-32.2778
118.3,13,2,23,6,9,-71.4895,-31.9821
118.3,14,2,23,6,10,-72.7484,-31.8418
118.4,0,1,23,6,10,-71.5718,-28.3245
118.4,1,0,23,6,10,-71.5548,-25.3776
118.4,2,2,23,6,11,-71.8557,-29.1549
118.4,3,1,23,6,10,-71.8278,-24.3988
118.4,4,1,23,6,12,-71.6356,-30.4195
118.4,5,0,23,6,10,-72.7622,-25.1273
118.4,6,0,23,6,13,-72.6944,-29.9381
118.4,7,0,23,6,0,-200,0
118.4,8,2,23,6,4,-76.8654,-28.9621
118.4,9,2,23,6,9,-70.2874,-27.1267
118.4,10,0,23,6,5,-75.4344,-31.5441
118.4,11,1,23,6,9,-70.9029,-29.694
118.4,12,1,23,6,6,-73.6837,-32.1325
118.4,13,2,23,6,9,-71.4632,-32.0014
118.4,14,2,23,6,10,-72.6981,-31.7271
118.5,0,1,23,6,10,-71.5478,-28.3645
118.5,1,0,23,6,10,-71.5032,-25.4179
118.5,2,2,23,6,11,-71.8424,-29.1722
118.5,3,1,23,6,10,-71.7443,-24.7002
118.5,4,1,23,6,12,-71.6107,-30.331
118.5,5,0,23,6,10,-72.6349,-25.4305
118.5,6,0,23,6,13,-72.6459,-29.997
118.5,7,0,23,6,0,-200,0
118.5,8,2,23,6,4,-76.7969,-28.8107
118.5,9,2,23,6,9,-70.2654,-27.1586
118.5,10,0,23,6,5,-75.3436,-31.3897
118.5,11,1,23,6,9,-70.8816,-29.7168
118.5,12,1,23,6,6,-73.573,-31.9992
118.5,13,2,23,6,9,-71.439,-32.0286
118.5,14,2,23,6,10,-72.6603,-31.6241
118.6,0,1,23,6,10,-71.5248,-28.4048
118.6,1,0,23,6,10,-71.4523,-25.4591
118.6,2,2,23,6,11,-71.8305,-29.2163
118.6,3,1,23,6,10,-71.6607,-25.0699
118.6,4,1,23,6,12,-71.5923,-30.2484
118.6,5,0,23,6,10,-72.5075,-25.8013
118.6,6,0,23,6,13,-72.5985,-30.0573
118.6,7,0,23,6,0,-200,0
118.6,8,2,23,6,4,-76.7284,-28.6592
118.6,9,2,23,6,9,-70.2424,-27.2037
118.6,10,0,23,6,5,-75.2544,-31.2488
118.6,11,1,23,6,9,-70.8605,-29.7524
118.6,12,1,23,6,6,-73.4654,-31.8772
118.6,13,2,23,6,9,-71.4155,-32.0648
118.6,14,2,23,6,10,-72.6378,-31.5389
118.7,0,1,23,6,10,-71.5033,-28.4473
118.7,1,0,23,6,10,-71.402,-25.5038
118.7,2,2,23,6,11,-71.8202,-29.2983
118.7,3,1,23,6,10,-71.5765,-25.5338
118.7,4,1,23,6,12,-71.5782,-30.1688
118.7,5,0,23,6,10,-72.3785,-26.2653
118.7,6,0,23,6,13,-72.549,-30.1157
118.7,7,0,23,6,0,-200,0
118.7,8,2,23,6,4,-76.6595,-28.5097
118.7,9,2,23,6,9,-70.2161,-27.2493
118.7,10,0,23,6,5,-75.1657,-31.1105
118.7,11,1,23,6,9,-70.8374,-29.7887
118.7,12,1,23,6,6,-73.359,-31.7567
118.7,13,2,23,6,9,-71.3908,-32.1006
118.7,14,2,23,6,10,-72.6313,-31.4803
118.8,0,1,23,6,11,-71.4831,-31.3533
118.8,1,0,23,6,10,-71.3523,-25.6126
118.8,2,2,23,6,12,-71.8115,-32.0732
118.8,3,1,23,6,10,-71.4913,-26.0995
118.8,4,1,23,6,13,-71.5676,-30.0913
118.8,5,0,23,6,10,-72.2467,-26.8298
118.8,6,0,23,6,13,-72.4972,-30.1703
118.8,7,0,23,6,0,-200,0
118.8,8,2,23,6,5,-76.59,-32.9473
118.8,9,2,23,6,9,-70.185,-27.2949
118.8,10,0,23,6,6,-75.077,-33.5746
118.8,11,1,23,6,9,-70.8109,-29.8258
118.8,12,1,23,6,7,-73.2531,-33.1801
118.8,13,2,23,6,9,-71.3638,-32.1361
118.8,14,2,23,6,10,-72.6388,-31.4328
118.9,0,1,23,6,11,-71.4643,-31.5565
118.9,1,0,23,6,10,-71.303,-26.2928
118.9,2,2,23,6,12,-71.8039,-32.0132
118.9,3,1,23,6,10,-71.4048,-26.7778
118.9,4,1,23,6,13,-71.5601,-30.0167
118.9,5,0,23,6,10,-70.7711,-27.5814
118.9,6,0,23,6,13,-71.0115,-30.2804
118.9,7,0,23,6,0,-200,0
118.9,8,2,23,6,5,-76.5199,-32.8305
118.9,9,2,23,6,9,-70.1485,-27.3402
118.9,10,0,23,6,6,-74.9883,-33.464
118.9,11,1,23,6,9,-70.7807,-29.8632
118.9,12,1,23,6,7,-73.1474,-33.0564
118.9,13,2,23,6,9,-71.3342,-32.1705
118.9,14,2,23,6,10,-72.6596,-31.3968
119,0,1,23,6,11,-71.4468,-31.8401
119,1,0,23,6,11,-71.2541,-31.9403
119,2,2,23,6,12,-71.7973,-31.9558
119,3,1,23,6,10,-71.3173,-27.5807
119,4,1,23,6,13,-71.5551,-29.9449
119,5,0,23,6,10,-70.6893,-28.3679
119,6,0,23,6,13,-70.9912,-30.3268
119,7,0,23,6,0,-200,0
119,8,2,23,6,5,-76.449,-32.7129
119,9,2,23,6,9,-70.1067,-27.3836
119,10,0,23,6,6,-74.8992,-33.352
119,11,1,23,6,9,-70.7463,-29.8993
119,12,1,23,6,8,-73.0414,-33.3565
119,13,2,23,6,9,-71.3021,-32.204
119,14,2,23,6,10,-72.693,-31.3705
119.1,0,1,23,6,11,-71.4301,-32.2307
119.1,1,0,23,6,11,-71.2054,-32.3257
119.1,2,2,23,6,12,-71.7912,-31.8975
119.1,3,1,23,6,10,-71.2284,-28.5443
119.1,4,1,23,6,13,-71.5514,-29.8721
119.1,5,2,23,6,10,-70.6023,-29.3138
119.1,6,0,23,6,13,-70.9653,-30.3695
119.1,7,0,23,6,0,-200,0
119.1,8,2,23,6,5,-76.3771,-32.5944
119.1,9,2,23,6,9,-70.0589,-27.4255
119.1,10,0,23,6,6,-74.8092,-33.2378
119.1,11,1,23,6,9,-70.7071,-29.9389
119.1,12,1,23,6,8,-72.9276,-33.1988
119.1,13,0,23,6,9,-71.2668,-32.2355
119.1,14,2,23,6,10,-72.7381,-31.3551
119.2,0,1,23,6,11,-71.4147,-32.7693
119.2,1,0,23,6,11,-71.1571,-32.8598
119.2,2,2,23,6,12,-71.7857,-31.8441
119.2,3,1,23,6,10,-71.1385,-29.6771
119.2,4,1,23,6,13,-71.5494,-29.8039
119.2,5,2,23,6,10,-70.5104,-30.4289
119.2,6,0,23,6,13,-70.935,-30.4076
119.2,7,0,23,6,0,-200,0
119.2,8,2,23,6,5,-76.3043,-32.4745
119.2,9,2,23,6,9,-70.005,-27.4649
119.2,10,0,23,6,6,-74.7184,-33.1218
119.2,11,1,23,6,9,-70.6631,-29.978
119.2,12,1,23,6,8,-72.8132,-33.0427
119.2,13,0,23,6,9,-71.2286,-32.2657
119.2,14,2,23,6,10,-72.7946,-31.3502
119.3,0,1,23,6,11,-71.4002,-33.5068
119.3,1,0,23,6,11,-71.109,-33.5933
119.3,2,2,23,6,12,-71.7804,-31.7977
119.3,3,1,23,6,11,-71.0476,-33.9238
119.3,4,1,23,6,13,-71.5483,-29.7423
119.3,5,2,23,6,10,-70.4139,-31.7466
119.3,6,0,23,6,12,-70.9006,-30.4423
119.3,7,0,23,6,0,-200,0
119.3,8,2,23,6,5,-76.2302,-32.3521
119.3,9,2,23,6,9,-69.9448,-27.5015
119.3,10,0,23,6,6,-74.6264,-33.0021
119.3,11,1,23,6,9,-70.614,-30.0133
119.3,12,1,23,6,9,-72.6977,-32.8884
119.3,13,0,23,6,8,-71.187,-32.2926
119.3,14,2,23,6,10,-72.8615,-31.3552
119.4,0,1,23,6,11,-71.3867,-34.5129
119.4,1,0,23,6,11,-71.0616,-34.5959
119.4,2,2,23,6,12,-71.7756,-32.4956
119.4,3,1,23,6,11,-70.956,-34.9296
119.4,4,1,23,6,13,-71.5478,-30.075
119.4,5,2,23,6,10,-70.3128,-33.3154
119.4,6,0,23,6,12,-70.8616,-30.472
119.4,7,0,23,6,0,-200,0
119.4,8,2,23,6,5,-76.1548,-32.2273
119.4,9,2,23,6,9,-69.8821,-27.5349
119.4,10,0,23,6,6,-74.533,-32.8795
119.4,11,1,23,6,9,-70.5595,-30.0459
119.4,12,1,23,6,9,-72.5809,-32.7364
119.4,13,0,23,6,8,-71.1421,-32.3174
119.4,14,2,23,6,10,-72.9381,-31.3699
119.5,0,1,23,6,11,-71.3741,-35.8789
119.5,1,0,23,6,11,-71.0146,-35.959
119.5,2,2,23,6,12,-71.7706,-33.8434
119.5,3,1,23,6,11,-70.8635,-36.2965
119.5,4,1,23,6,13,-71.5471,-31.3997
119.5,5,2,23,6,10,-70.2076,-35.203
119.5,6,0,23,6,12,-70.8182,-30.498
119.5,7,0,23,6,0,-200,0
119.5,8,2,23,6,5,-76.0779,-32.0995
119.5,9,2,23,6,9,-69.8085,-27.565
119.5,10,0,23,6,6,-74.438,-32.7538
119.5,11,1,23,6,9,-70.4992,-30.0748
119.5,12,1,23,6,9,-72.4624,-32.5861
119.5,13,0,23,6,8,-71.0936,-32.3394
119.5,14,2,23,6,10,-73.0234,-31.3936
119.6,0,1,23,6,11,-71.3622,-37.7337
119.6,1,0,23,6,11,-70.968,-37.8115
119.6,2,2,23,6,12,-71.7652,-35.6792
119.6,3,1,23,6,11,-70.7704,-38.1533
119.6,4,0,23,6,13,-71.5457,-33.2115
119.6,5,2,23,6,10,-70.0982,-37.517
119.6,6,1,23,6,12,-70.7699,-30.5194
119.6,7,0,23,6,0,-200,0
119.6,8,2,23,6,5,-75.9993,-31.9676
119.6,9,1,23,6,9,-69.7277,-27.5905
119.6,10,1,23,6,6,-74.341,-32.6243
119.6,11,0,23,6,9,-70.4329,-30.0999
119.6,12,0,23,6,9,-72.3419,-32.438
119.6,13,2,23,6,8,-71.0412,-32.3581
119.6,14,2,23,6,10,-73.1168,-31.4266
119.7,0,1,23,6,11,-71.3512,-40.2522
119.7,1,0,23,6,11,-70.922,-40.3283
119.7,2,2,23,6,12,-71.7596,-38.1776
119.7,3,1,23,6,11,-70.6769,-40.6748
119.7,4,0,23,6,13,-71.5431,-35.6849
119.7,5,2,23,6,10,-69.985,-40.4175
119.7,6,1,23,6,12,-70.7169,-30.9491
119.7,7,0,23,6,0,-200,0
119.7,8,2,23,6,5,-75.9191,-31.8325
119.7,9,1,23,6,9,-69.6399,-27.6125
119.7,10,1,23,6,6,-74.2422,-32.4909
119.7,11,0,23,6,9,-70.3605,-30.121
119.7,12,0,23,6,9,-72.2191,-32.291
119.7,13,2,23,6,8,-70.9849,-32.3737
119.7,14,2,23,6,10,-73.2168,-31.468
119.8,0,1,23,6,11,-71.3406,-43.7035
119.8,1,0,23,6,11,-70.8765,-43.7783
119.8,2,2,23,6,12,-71.7529,-41.6076
119.8,3,1,23,6,11,-70.5829,-44.1302
119.8,4,0,23,6,13,-71.5381,-39.0888
119.8,5,2,23,6,10,-69.8682,-44.173
119.8,6,1,23,6,12,-70.6589,-34.7998
119.8,7,0,23,6,0,-200,0
119.8,8,2,23,6,5,-75.837,-31.6936
119.8,9,1,23,6,9,-69.5447,-27.6307
119.8,10,1,23,6,6,-74.1411,-32.3531
119.8,11,0,23,6,9,-70.2817,-30.1376
119.8,12,0,23,6,9,-72.0935,-32.1462
119.8,13,2,23,6,8,-70.9245,-32.3857
119.8,14,2,23,6,10,-73.3213,-31.5157
119.9,0,1,23,6,11,-71.3305,-48.5524
119.9,1,0,23,6,11,-70.8315,-48.6264
119.9,2,2,23,6,12,-71.7451,-46.4341
119.9,3,1,23,6,11,-70.4886,-48.9841
119.9,4,0,23,6,13,-71.53,-43.8879
119.9,5,2,23,6,10,-69.748,-49.2625
119.9,6,1,23,6,12,-70.5956,-39.982
119.9,7,0,23,6,0,-200,0
119.9,8,2,23,6,5,-75.753,-31.5498
119.9,9,1,23,6,9,-69.442,-27.6438
119.9,10,1,23,6,6,-74.0375,-32.2109
119.9,11,0,23,6,9,-70.1962,-30.1497
119.9,12,0,23,6,9,-71.9648,-32.0025
119.9,13,2,23,6,8,-70.8597,-32.394
119.9,14,2,23,6,10,-73.4273,-31.5674
120,0,1,23,6,12,-71.3205,-55.4553
120,1,0,23,6,12,-70.7867,-55.5293
120,2,2,23,6,13,-70.5685,-53.3137
120,3,1,23,6,12,-70.394,-55.8932
120,4,0,23,6,14,-70.6356,-50.7387
120,5,2,23,6,12,-69.6244,-56.4934
120,6,1,23,6,13,-71.1662,-30.7661
120,7,0,23,6,10,-68.6127,-24.7561
120,8,2,23,6,5,-75.448,-31.4151
120,9,1,23,6,10,-69.3318,-27.6531
120,10,1,23,6,6,-73.7336,-32.0798
120,11,0,23,6,10,-70.1039,-30.158
120,12,0,23,6,10,-73.4785,-32.4903
120,13,2,23,6,9,-70.7905,-32.3994
120,14,2,23,6,10,-73.2877,-32.3655
120.1,0,0,23,6,12,-71.3625,-61.6237
120.1,1,1,23,6,12,-70.8157,-61.6993
120.1,2,2,23,6,13,-70.5975,-59.4575
120.1,3,0,23,6,12,-70.3953,-62.0922
120.1,4,0,23,6,14,-70.6456,-56.8526
120.1,5,1,23,6,12,-69.5948,-62.7209
120.1,6,1,23,6,13,-71.159,-30.7664
120.1,7,2,23,6,10,-68.5767,-24.7615
120.1,8,2,23,6,5,-75.3647,-31.2626
120.1,9,0,23,6,10,-69.2756,-27.6581
120.1,10,1,23,6,6,-73.63,-31.9294
120.1,11,2,23,6,10,-70.0482,-30.1617
120.1,12,0,23,6,10,-73.3838,-32.3537
120.1,13,1,23,6,9,-70.7437,-32.4012
120.1,14,2,23,6,10,-73.387,-32.3963
120.2,0,0,23,6,12,-70.2298,-56.1968
120.2,1,1,23,6,12,-69.7959,-56.29
120.2,2,2,23,6,13,-70.625,-54.0346
120.2,3,0,23,6,12,-69.4456,-56.6765
120.2,4,0,23,6,14,-70.6527,-51.4395
120.2,5,1,23,6,11,-69.567,-57.0706
120.2,6,1,23,6,13,-71.1481,-30.7648
120.2,7,2,23,6,10,-67.893,-24.9848
120.2,8,2,23,6,5,-75.2794,-31.1058
120.2,9,0,23,6,10,-68.4691,-27.7998
120.2,10,1,23,6,6,-73.5236,-31.7744
120.2,11,2,23,6,10,-69.1132,-30.2734
120.2,12,0,23,6,10,-73.2825,-32.2116
120.2,13,1,23,6,9,-70.6943,-32.3993
120.2,14,2,23,6,9,-73.4933,-31.913
120.3,0,0,23,6,12,-70.2737,-49.1309
120.3,1,1,23,6,12,-69.8313,-49.2196
120.3,2,2,23,6,13,-70.6499,-46.9773
120.3,3,0,23,6,12,-69.461,-49.6
120.3,4,0,23,6,14,-70.6549,-44.3993
120.3,5,1,23,6,11,-68.7418,-49.7749
120.3,6,1,23,6,13,-71.1336,-30.7597
120.3,7,2,23,6,10,-67.8677,-24.9816
120.3,8,2,23,6,5,-75.192,-30.9442
120.3,9,0,23,6,10,-68.4259,-27.7966
120.3,10,1,23,6,6,-73.4146,-31.6156
120.3,11,2,23,6,10,-69.0715,-30.2689
120.3,12,0,23,6,10,-73.1758,-32.0683
120.3,13,1,23,6,9,-69.6372,-32.4295
120.3,14,2,23,6,9,-73.598,-31.971
120.4,0,0,23,6,12,-70.3168,-44.3392
120.4,1,1,23,6,12,-69.8669,-44.4236
120.4,2,2,23,6,13,-70.6726,-42.1932
120.4,3,0,23,6,12,-69.4776,-44.7982
120.4,4,0,23,6,14,-70.6526,-39.6305
120.4,5,1,23,6,11,-68.7308,-44.6309
120.4,6,1,23,6,13,-70.032,-35.191
120.4,7,2,23,6,10,-67.8417,-24.9751
120.4,8,2,23,6,5,-75.1024,-30.778
120.4,9,0,23,6,10,-68.3805,-27.7902
120.4,10,1,23,6,6,-73.3024,-31.4525
120.4,11,2,23,6,10,-69.0264,-30.2603
120.4,12,0,23,6,10,-73.0679,-31.9277
120.4,13,1,23,6,9,-69.6044,-32.4211
120.4,14,2,23,6,9,-71.8988,-32.0541
120.5,0,0,23,6,12,-70.3585,-41.3624
120.5,1,1,23,6,12,-69.9024,-41.4429
120.5,2,2,23,6,13,-70.6928,-39.2226
120.5,3,0,23,6,12,-69.4956,-41.8118
120.5,4,0,23,6,14,-70.6455,-36.6736
120.5,5,1,23,6,11,-68.7213,-40.9243
120.5,6,1,23,6,13,-70.0463,-31.3345
120.5,7,2,23,6,10,-67.8151,-24.965
120.5,8,2,23,6,5,-75.0106,-30.6079
120.5,9,0,23,6,10,-68.3328,-27.7803
120.5,10,1,23,6,6,-73.1875,-31.2856
120.5,11,2,23,6,10,-68.9779,-30.2482
120.5,12,0,23,6,10,-72.9591,-31.7913
120.5,13,1,23,6,9,-69.5688,-32.4097
120.5,14,2,23,6,9,-72.0113,-32.1068
120.6,0,1,23,6,12,-70.3991,-40.063
120.6,1,0,23,6,12,-69.9377,-40.1399
120.6,2,2,23,6,13,-70.7107,-37.9282
120.6,3,1,23,6,12,-69.5147,-40.5038
120.6,4,0,23,6,14,-70.6338,-35.391
120.6,5,2,23,6,11,-68.7135,-38.1597
120.6,6,1,23,6,13,-70.0541,-30.7316
120.6,7,0,23,6,10,-67.7882,-24.9515
120.6,8,2,23,6,5,-74.9165,-30.4334
120.6,9,1,23,6,10,-68.2831,-27.7671
120.6,10,1,23,6,6,-73.0693,-31.115
120.6,11,0,23,6,10,-68.9262,-30.2331
120.6,12,2,23,6,10,-72.8501,-31.6597
120.6,13,2,23,6,9,-69.5306,-32.3957
120.6,14,0,23,6,9,-72.1164,-32.157
120.7,0,1,23,6,12,-70.4383,-40.2745
120.7,1,0,23,6,12,-69.9727,-40.3484
120.7,2,2,23,6,13,-70.7262,-38.1436
120.7,3,1,23,6,12,-69.5351,-40.7077
120.7,4,0,23,6,13,-70.6175,-35.6163
120.7,5,2,23,6,11,-68.7075,-36.061
120.7,6,1,23,6,13,-70.0554,-32.3339
120.7,7,0,23,6,10,-67.7613,-24.9348
120.7,8,2,23,6,5,-74.82,-30.2546
120.7,9,1,23,6,10,-68.2318,-27.7507
120.7,10,1,23,6,6,-72.9478,-30.9408
120.7,11,0,23,6,10,-68.8713,-30.2146
120.7,12,2,23,6,10,-72.741,-31.5326
120.7,13,2,23,6,8,-69.4896,-32.3789
120.7,14,0,23,6,9,-72.214,-32.2032
120.8,0,1,23,6,12,-70.4762,-41.4568
120.8,1,0,23,6,12,-70.0075,-41.5284
120.8,2,2,23,6,13,-70.7392,-39.5829
120.8,3,1,23,6,11,-69.5566,-33.7552
120.8,4,0,23,6,13,-70.5966,-37.1837
120.8,5,2,23,6,11,-68.7035,-34.4629
120.8,6,1,23,6,13,-70.0504,-34.0091
120.8,7,0,23,6,10,-67.7346,-24.916
120.8,8,2,23,6,5,-74.7213,-30.0728
120.8,9,1,23,6,10,-68.1792,-27.7322
120.8,10,1,23,6,6,-72.8232,-30.7643
120.8,11,0,23,6,10,-68.8134,-30.194
120.8,12,2,23,6,10,-72.6403,-31.4115
120.8,13,2,23,6,8,-69.4461,-32.3607
120.8,14,0,23,6,8,-72.3039,-32.1848
120.9,0,1,23,6,13,-70.5128,-43.1475
120.9,1,0,23,6,13,-70.0421,-43.1225
120.9,2,2,23,6,14,-70.7504,-41.0767
120.9,3,1,23,6,11,-69.5793,-32.5357
120.9,4,0,23,6,13,-70.5721,-38.6449
120.9,5,2,23,6,11,-68.7016,-33.2636
120.9,6,1,23,6,13,-70.039,-35.4981
120.9,7,0,23,6,10,-67.7085,-24.895
120.9,8,2,23,6,6,-74.6202,-32.6117
120.9,9,1,23,6,10,-68.1254,-27.7115
120.9,10,1,23,6,8,-72.695,-32.4426
120.9,11,0,23,6,10,-68.7526,-30.1699
120.9,12,2,23,6,10,-72.5345,-31.2974
120.9,13,2,23,6,8,-69.3999,-32.3394
120.9,14,0,23,6,8,-72.3861,-32.2298
121,0,1,23,6,13,-70.5482,-44.1599
121,1,0,23,6,13,-70.0763,-44.136
121,2,2,23,6,14,-70.7597,-42.0618
121,3,1,23,6,11,-69.6031,-31.6254
121,4,0,23,6,13,-70.5445,-39.5963
121,5,2,23,6,11,-68.7017,-32.3737
121,6,1,23,6,13,-70.0213,-36.4353
121,7,0,23,6,10,-67.6832,-24.8722
121,8,2,23,6,6,-74.5169,-32.4453
121,9,1,23,6,10,-68.0708,-27.6889
121,10,1,23,6,8,-72.5633,-32.3102
121,11,0,23,6,10,-68.6894,-30.1446
121,12,2,23,6,10,-72.4328,-31.1916
121,13,2,23,6,8,-69.3509,-32.3172
121,14,0,23,6,8,-72.4613,-32.271
121.1,0,2,23,6,13,-70.5824,-44.3443
121.1,1,1,23,6,13,-70.1104,-44.4115
121.1,2,0,23,6,14,-70.7675,-42.2175
121.1,3,2,23,6,11,-69.628,-30.9555
121.1,4,2,23,6,13,-70.514,-39.7126
121.1,5,0,23,6,11,-68.7039,-31.7244
121.1,6,1,23,6,13,-69.9976,-36.4923
121.1,7,1,23,6,10,-67.6589,-24.848
121.1,8,0,23,6,6,-74.4111,-32.2757
121.1,9,2,23,6,10,-68.0155,-27.6649
121.1,10,1,23,6,8,-72.428,-32.1772
121.1,11,1,23,6,10,-68.6237,-30.1168
121.1,12,0,23,6,10,-72.3355,-31.0939
121.1,13,0,23,6,8,-69.2993,-32.2926
121.1,14,2,23,6,8,-72.5303,-32.3083
121.2,0,2,23,6,13,-70.6154,-43.7754
121.2,1,1,23,6,13,-70.1442,-43.842
121.2,2,0,23,6,14,-70.7738,-41.6475
121.2,3,2,23,6,12,-69.6539,-43.8557
121.2,4,2,23,6,13,-70.4814,-39.1445
121.2,5,0,23,6,11,-68.7083,-31.2677
121.2,6,1,23,6,13,-69.9681,-35.9342
121.2,7,1,23,6,10,-67.6358,-24.8225
121.2,8,0,23,6,6,-74.303,-32.1049
121.2,9,2,23,6,10,-67.96,-27.6394
121.2,10,1,23,6,9,-72.2889,-32.0439
121.2,11,1,23,6,10,-68.5588,-30.0877
121.2,12,0,23,6,10,-72.2435,-31.0038
121.2,13,0,23,6,8,-69.2451,-32.2671
121.2,14,2,23,6,8,-72.5937,-32.3426
121.3,0,2,23,6,13,-70.6474,-42.6239
121.3,1,1,23,6,12,-70.1775,-42.2733
121.3,2,0,23,6,14,-70.7789,-40.4944
121.3,3,2,23,6,12,-69.6809,-42.5528
121.3,4,2,23,6,13,-70.4468,-37.9923
121.3,5,0,23,6,11,-68.715,-30.966
121.3,6,1,23,6,13,-69.933,-34.7748
121.3,7,1,23,6,11,-67.6141,-31.958
121.3,8,0,23,6,6,-74.1928,-31.933
121.3,9,2,23,6,10,-67.9045,-27.6132
121.3,10,1,23,6,9,-72.1469,-31.9109
121.3,11,1,23,6,10,-68.4888,-30.0581
121.3,12,0,23,6,11,-72.1569,-31.8267
121.3,13,0,23,6,8,-69.1884,-32.2413
121.3,14,2,23,6,7,-72.6517,-31.8533
121.4,0,2,23,6,12,-70.6782,-40.7612
121.4,1,1,23,6,12,-70.2106,-40.7431
121.4,2,0,23,6,14,-70.7829,-39.1416
121.4,3,2,23,6,12,-69.7088,-41.0296
121.4,4,2,23,6,13,-70.4108,-36.6393
121.4,5,0,23,6,11,-68.7237,-30.7983
121.4,6,1,23,6,13,-69.8922,-33.4018
121.4,7,1,23,6,11,-67.594,-31.8066
121.4,8,0,23,6,6,-74.0801,-31.7592
121.4,9,2,23,6,10,-67.8493,-27.5866
121.4,10,1,23,6,9,-72.0019,-31.7781
121.4,11,1,23,6,10,-68.4171,-30.0271
121.4,12,0,23,6,11,-72.0766,-31.7725
121.4,13,0,23,6,8,-69.129,-32.2141
121.4,14,2,23,6,6,-72.7043,-30.266
121.5,0,2,23,6,12,-70.7078,-39.2754
121.5,1,1,23,6,12,-70.2429,-39.2598
121.5,2,0,23,6,14,-70.7858,-37.8904
121.5,3,2,23,6,12,-69.7369,-39.5538
121.5,4,2,23,6,13,-70.3735,-35.3869
121.5,5,0,23,6,11,-68.7337,-30.7416
121.5,6,1,23,6,13,-70.9157,-30.6085
121.5,7,1,23,6,11,-67.575,-31.765
121.5,8,0,23,6,6,-73.9658,-31.5856
121.5,9,2,23,6,10,-67.7939,-27.5598
121.5,10,1,23,6,9,-73.7037,-31.6076
121.5,11,1,23,6,10,-68.3433,-29.9962
121.5,12,0,23,6,11,-72.0024,-31.7253
121.5,13,0,23,6,8,-69.0671,-32.1871
121.5,14,2,23,6,6,-72.7517,-30.2602
121.6,0,1,23,6,12,-70.7359,-37.9295
121.6,1,2,23,6,12,-70.2743,-37.9162
121.6,2,0,23,6,14,-70.7879,-36.8679
121.6,3,1,23,6,12,-69.7655,-38.2177
121.6,4,2,23,6,13,-70.3356,-34.362
121.6,5,2,23,6,11,-68.7463,-30.7752
121.6,6,1,23,6,13,-70.9161,-30.5676
121.6,7,0,23,6,11,-67.5591,-31.8123
121.6,8,0,23,6,6,-73.8499,-31.4118
121.6,9,2,23,6,10,-67.7415,-27.5329
121.6,10,2,23,6,9,-73.5997,-31.4769
121.6,11,1,23,6,10,-68.2738,-29.9648
121.6,12,0,23,6,11,-71.9348,-31.6851
121.6,13,0,23,6,8,-69.0055,-32.1597
121.6,14,1,23,6,6,-72.794,-30.2492
121.7,0,1,23,6,12,-70.7629,-36.7903
121.7,1,2,23,6,12,-70.3052,-36.779
121.7,2,0,23,6,14,-70.7893,-36.1612
121.7,3,1,23,6,12,-69.7953,-37.0875
121.7,4,2,23,6,13,-70.2976,-33.6524
121.7,5,2,23,6,11,-68.7625,-30.8635
121.7,6,1,23,6,13,-70.914,-30.5533
121.7,7,0,23,6,11,-67.5482,-31.9136
121.7,8,0,23,6,6,-73.7326,-31.2396
121.7,9,2,23,6,10,-67.695,-27.5072
121.7,10,2,23,6,9,-73.4953,-31.3473
121.7,11,1,23,6,10,-68.206,-29.9343
121.7,12,0,23,6,11,-71.8741,-31.6521
121.7,13,0,23,6,8,-68.9471,-32.133
121.7,14,1,23,6,6,-72.8325,-30.2359
121.8,0,1,23,6,12,-70.7885,-35.8767
121.8,1,2,23,6,12,-70.336,-35.8663
121.8,2,0,23,6,14,-70.7901,-35.7228
121.8,3,1,23,6,12,-69.8266,-36.181
121.8,4,2,23,6,13,-70.2591,-33.2109
121.8,5,2,23,6,12,-68.7829,-36.775
121.8,6,1,23,6,13,-70.9087,-30.5388
121.8,7,0,23,6,11,-67.5437,-32.0446
121.8,8,0,23,6,6,-73.6107,-31.0676
121.8,9,2,23,6,10,-67.6624,-27.4818
121.8,10,2,23,6,10,-73.3904,-31.6822
121.8,11,1,23,6,10,-68.1503,-29.9058
121.8,12,0,23,6,11,-71.8184,-31.621
121.8,13,0,23,6,8,-68.8973,-32.1084
121.8,14,1,23,6,6,-72.8668,-30.2208
121.9,0,1,23,6,12,-70.8131,-35.1716
121.9,1,2,23,6,12,-70.3662,-35.161
121.9,2,0,23,6,14,-70.7901,-35.4695
121.9,3,1,23,6,12,-69.8594,-35.4807
121.9,4,2,23,6,13,-70.2205,-32.9541
121.9,5,2,23,6,12,-68.8088,-36.0863
121.9,6,1,23,6,13,-70.9032,-30.5287
121.9,7,0,23,6,11,-67.551,-32.1809
121.9,8,0,23,6,6,-73.4883,-30.8987
121.9,9,2,23,6,10,-67.6437,-27.4589
121.9,10,2,23,6,10,-73.2859,-31.5688
121.9,11,1,23,6,10,-68.1067,-29.8792
121.9,12,0,23,6,11,-71.7666,-31.587
121.9,13,0,23,6,8,-68.8563,-32.0858
121.9,14,1,23,6,6,-72.8975,-30.2045
122,0,1,23,6,12,-70.8367,-34.6321
122,1,2,23,6,12,-70.3963,-34.6198
122,2,0,23,6,13,-70.7899,-35.2722
122,3,1,23,6,12,-69.8947,-34.943
122,4,2,23,6,13,-70.1846,-32.7546
122,5,2,23,6,12,-68.8437,-35.5547
122,6,1,23,6,13,-70.8957,-30.5211
122,7,0,23,6,11,-67.57,-32.3099
122,8,0,23,6,6,-73.3653,-30.7367
122,9,2,23,6,10,-67.6388,-27.445
122,10,2,23,6,10,-73.1818,-31.447
122,11,1,23,6,10,-68.0757,-29.8592
122,12,0,23,6,11,-71.7175,-31.5501
122,13,0,23,6,7,-68.8246,-31.4685
122,14,1,23,6,6,-72.9244,-30.1908
122.1,0,1,23,6,12,-70.8605,-34.2156
122.1,1,0,23,6,12,-70.4271,-34.2003
122.1,2,2,23,6,13,-70.7898,-35.0228
122.1,3,1,23,6,12,-69.9319,-34.5261
122.1,4,1,23,6,13,-70.1488,-32.5028
122.1,5,0,23,6,12,-68.8829,-35.1435
122.1,6,0,23,6,13,-70.8878,-30.5173
122.1,7,2,23,6,11,-67.5999,-32.4313
122.1,8,2,23,6,6,-73.2419,-30.5787
122.1,9,0,23,6,10,-67.6479,-27.4348
122.1,10,1,23,6,10,-73.0773,-31.3209
122.1,11,1,23,6,10,-68.055,-29.8439
122.1,12,2,23,6,11,-71.6731,-31.5093
122.1,13,2,23,6,7,-68.8027,-31.4639
122.1,14,0,23,6,6,-72.9478,-30.1769
122.2,0,1,23,6,12,-70.8844,-33.8956
122.2,1,0,23,6,12,-70.4582,-33.877
122.2,2,2,23,6,13,-70.7903,-34.6626
122.2,3,1,23,6,12,-69.9704,-34.2052
122.2,4,1,23,6,13,-71.2768,-32.0811
122.2,5,0,23,6,12,-68.9244,-34.8285
122.2,6,0,23,6,13,-70.8774,-30.5078
122.2,7,2,23,6,11,-67.6333,-32.5603
122.2,8,2,23,6,6,-73.1178,-30.4232
122.2,9,0,23,6,10,-67.6625,-27.4291
122.2,10,1,23,6,10,-72.9728,-31.1939
122.2,11,1,23,6,10,-68.05,-29.8322
122.2,12,2,23,6,11,-73.3979,-31.4608
122.2,13,2,23,6,7,-68.7911,-31.4617
122.2,14,0,23,6,6,-72.9672,-30.161
122.3,0,1,23,6,11,-70.9089,-33.6617
122.3,1,0,23,6,12,-70.4896,-33.64
122.3,2,2,23,6,13,-70.7923,-34.2345
122.3,3,1,23,6,12,-70.0095,-33.9708
122.3,4,1,23,6,13,-71.252,-31.6191
122.3,5,0,23,6,12,-68.9665,-34.6007
122.3,6,0,23,6,13,-70.8642,-30.4999
122.3,7,2,23,6,11,-67.668,-32.7223
122.3,8,2,23,6,6,-72.9931,-30.2697
122.3,9,0,23,6,10,-67.6787,-27.4274
122.3,10,1,23,6,10,-72.8687,-31.0669
122.3,11,1,23,6,10,-68.0469,-29.8246
122.3,12,2,23,6,11,-73.3885,-31.4352
122.3,13,2,23,6,6,-68.7807,-29.8093
122.3,14,0,23,6,6,-72.9821,-30.1423
122.4,0,1,23,6,11,-70.9333,-33.5087
122.4,1,0,23,6,12,-70.5209,-33.4849
122.4,2,2,23,6,13,-70.7948,-33.7486
122.4,3,1,23,6,12,-70.0481,-33.8194
122.4,4,1,23,6,13,-71.2251,-31.0878
122.4,5,0,23,6,12,-69.0077,-34.4569
122.4,6,0,23,6,13,-70.8481,-30.4927
122.4,7,2,23,6,11,-67.7015,-32.9294
122.4,8,2,23,6,6,-72.868,-30.1183
122.4,9,0,23,6,10,-67.6934,-27.4292
122.4,10,1,23,6,10,-72.7646,-30.9415
122.4,11,1,23,6,10,-68.0413,-29.8209
122.4,12,2,23,6,11,-73.3843,-31.4145
122.4,13,2,23,6,6,-68.7677,-29.8156
122.4,14,0,23,6,6,-72.9933,-30.1219
122.5,0,1,23,6,11,-70.9579,-33.4082
122.5,1,0,23,6,12,-70.5516,-33.3814
122.5,2,2,23,6,13,-70.7976,-33.2521
122.5,3,1,23,6,12,-70.0859,-33.7192
122.5,4,1,23,6,13,-71.194,-30.5405
122.5,5,0,23,6,12,-69.0467,-34.365
122.5,6,0,23,6,13,-70.8294,-30.4862
122.5,7,2,23,6,11,-67.7317,-33.1977
122.5,8,2,23,6,6,-72.7423,-29.9677
122.5,9,0,23,6,10,-67.7028,-27.434
122.5,10,1,23,6,10,-72.6515,-30.8068
122.5,11,1,23,6,10,-68.0266,-29.8266
122.5,12,2,23,6,11,-73.3883,-31.4002
122.5,13,2,23,6,6,-68.7465,-29.8218
122.5,14,0,23,6,6,-73.0014,-30.0997
122.6,0,1,23,6,11,-70.9825,-33.4056
122.6,1,0,23,6,12,-70.5821,-33.3773
122.6,2,2,23,6,13,-70.8011,-32.7756
122.6,3,1,23,6,12,-70.1227,-33.7203
122.6,4,1,23,6,13,-71.1604,-30.0076
122.6,5,0,23,6,12,-69.0837,-34.3757
122.6,6,0,23,6,13,-70.8076,-30.4824
122.6,7,2,23,6,11,-67.7585,-33.5519
122.6,8,2,23,6,6,-72.6157,-29.8175
122.6,9,0,23,6,10,-67.7036,-27.4432
122.6,10,1,23,6,10,-72.5389,-30.6775
122.6,11,1,23,6,10,-68.0025,-29.8371
122.6,12,2,23,6,11,-73.399,-31.39
122.6,13,2,23,6,6,-68.7169,-29.8274
122.6,14,0,23,6,6,-73.0065,-30.0757
122.7,0,1,23,6,11,-71.0066,-33.4968
122.7,1,0,23,6,13,-70.6122,-34.4268
122.7,2,2,23,6,13,-70.8051,-32.3275
122.7,3,1,23,6,12,-70.1585,-33.8186
122.7,4,1,23,6,13,-71.124,-29.6106
122.7,5,0,23,6,12,-69.1188,-34.485
122.7,6,0,23,6,13,-70.7828,-30.4791
122.7,7,2,23,6,11,-67.782,-33.9925
122.7,8,2,23,6,7,-72.488,-31.8749
122.7,9,0,23,6,10,-67.6957,-27.4554
122.7,10,1,23,6,10,-72.4342,-30.553
122.7,11,1,23,6,10,-67.969,-29.8494
122.7,12,2,23,6,11,-73.4159,-31.3843
122.7,13,2,23,6,6,-68.6787,-29.8338
122.7,14,0,23,6,6,-73.0094,-30.051
122.8,0,1,23,6,12,-71.0358,-34.1528
122.8,1,0,23,6,13,-70.6414,-34.0286
122.8,2,2,23,6,13,-70.8093,-31.9104
122.8,3,1,23,6,12,-70.1934,-34.0135
122.8,4,1,23,6,13,-71.0854,-29.6072
122.8,5,0,23,6,12,-69.1523,-34.692
122.8,6,0,23,6,13,-70.7553,-30.4775
122.8,7,2,23,6,11,-67.7996,-35.6054
122.8,8,2,23,6,8,-72.3595,-31.7406
122.8,9,0,23,6,10,-67.6796,-27.4702
122.8,10,1,23,6,11,-72.3223,-31.323
122.8,11,1,23,6,10,-67.9259,-29.864
122.8,12,2,23,6,10,-73.439,-30.2976
122.8,13,2,23,6,6,-68.6312,-29.8387
122.8,14,0,23,6,6,-73.0105,-30.0257
122.9,0,1,23,6,12,-71.0585,-33.9635
122.9,1,0,23,6,13,-70.6698,-33.9405
122.9,2,2,23,6,13,-70.8138,-31.5269
122.9,3,1,23,6,13,-70.2273,-34.3082
122.9,4,1,23,6,13,-71.0441,-29.6037
122.9,5,0,23,6,12,-69.1842,-35.0001
122.9,6,0,23,6,13,-70.725,-30.4759
122.9,7,2,23,6,11,-67.8115,-35.9362
122.9,8,2,23,6,9,-72.2298,-31.6073
122.9,9,0,23,6,10,-67.6554,-27.486
122.9,10,1,23,6,11,-72.2105,-31.2372
122.9,11,1,23,6,10,-67.8735,-29.879
122.9,12,2,23,6,10,-73.4681,-30.3014
122.9,13,2,23,6,6,-68.5743,-29.8435
122.9,14,0,23,6,6,-73.0103,-29.9997
123,0,1,23,6,12,-71.0802,-34.3414
123,1,0,23,6,13,-70.6971,-34.3229
123,2,2,23,6,13,-70.8181,-31.6835
123,3,1,23,6,13,-70.2601,-34.7017
123,4,1,23,6,13,-71.0002,-29.6003
123,5,0,23,6,12,-69.2147,-35.4079
123,6,0,23,6,13,-70.6916,-30.4749
123,7,2,23,6,11,-67.8184,-36.3708
123,8,2,23,6,9,-72.0986,-31.4748
123,9,0,23,6,10,-67.6236,-27.5024
123,10,1,23,6,11,-72.0988,-31.1623
123,11,1,23,6,10,-67.8113,-29.894
123,12,2,23,6,10,-73.5027,-30.3129
123,13,2,23,6,6,-68.5076,-29.8475
123,14,0,23,6,6,-73.0089,-29.9732
123.1,0,1,23,6,12,-71.1004,-34.8042
123.1,1,0,23,6,13,-70.7231,-34.7915
123.1,2,2,23,6,13,-70.822,-32.1188
123.1,3,2,23,6,13,-70.2918,-35.1826
123.1,4,1,23,6,13,-70.9532,-29.5968
123.1,5,1,23,6,12,-69.2441,-35.9041
123.1,6,0,23,6,13,-70.6551,-30.474
123.1,7,0,23,6,11,-67.8204,-36.8976
123.1,8,0,23,6,9,-71.9661,-31.344
123.1,9,1,23,6,10,-67.5842,-27.5188
123.1,10,2,23,6,11,-71.987,-31.0987
123.1,11,2,23,6,10,-67.7394,-29.9088
123.1,12,1,23,6,10,-73.5428,-30.3328
123.1,13,0,23,6,6,-68.4306,-29.8504
123.1,14,1,23,6,6,-73.0068,-29.9468
123.2,0,1,23,6,12,-71.1192,-35.3305
123.2,1,0,23,6,13,-70.7479,-35.3249
123.2,2,2,23,6,13,-70.8254,-32.6172
123.2,3,2,23,6,13,-70.3224,-35.7295
123.2,4,1,23,6,13,-69.8425,-29.5948
123.2,5,1,23,6,12,-69.2724,-36.4672
123.2,6,0,23,6,13,-71.95,-30.4712
123.2,7,0,23,6,11,-67.8183,-37.4945
123.2,8,0,23,6,9,-73.703,-31.1762
123.2,9,1,23,6,10,-67.5377,-27.5356
123.2,10,2,23,6,11,-71.8747,-31.0452
123.2,11,2,23,6,10,-67.6578,-29.9234
123.2,12,1,23,6,10,-71.7886,-30.3891
123.2,13,0,23,6,6,-68.3431,-29.8524
123.2,14,1,23,6,6,-73.0044,-29.9207
123.3,0,1,23,6,12,-71.1369,-35.8771
123.3,1,0,23,6,13,-70.7711,-35.8796
123.3,2,2,23,6,13,-70.8279,-33.1357
123.3,3,2,23,6,13,-70.3518,-36.2986
123.3,4,1,23,6,13,-69.8173,-29.7906
123.3,5,1,23,6,12,-69.2998,-37.1736
123.3,6,0,23,6,13,-71.9664,-30.47
123.3,7,0,23,6,11,-67.8167,-38.1132
123.3,8,0,23,6,9,-73.6046,-31.0478
123.3,9,1,23,6,10,-67.4845,-27.5511
123.3,10,2,23,6,11,-71.7618,-30.9973
123.3,11,2,23,6,10,-67.5687,-29.9365
123.3,12,1,23,6,10,-71.8487,-30.4227
123.3,13,0,23,6,6,-68.2446,-29.8529
123.3,14,1,23,6,6,-73.0018,-29.8948
123.4,0,1,23,6,12,-71.1532,-36.3593
123.4,1,0,23,6,13,-70.7929,-36.4302
123.4,2,2,23,6,13,-70.8295,-33.5898
123.4,3,2,23,6,13,-70.3799,-37.0295
123.4,4,1,23,6,13,-69.7912,-30.2
123.4,5,1,23,6,13,-69.3265,-37.9189
123.4,6,0,23,6,13,-71.9821,-30.4692
123.4,7,0,23,6,11,-67.8157,-38.6695
123.4,8,0,23,6,10,-73.5056,-31.206
123.4,9,1,23,6,10,-67.4256,-27.5652
123.4,10,2,23,6,11,-71.6481,-30.955
123.4,11,2,23,6,10,-67.4673,-29.9479
123.4,12,1,23,6,10,-71.9158,-30.4617
123.4,13,0,23,6,6,-68.1348,-29.8519
123.4,14,1,23,6,6,-72.9993,-29.8699
123.5,0,1,23,6,12,-71.1682,-36.7926
123.5,1,0,23,6,13,-70.8131,-36.9968
123.5,2,2,23,6,13,-70.8299,-34.0525
123.5,3,2,23,6,13,-70.4068,-37.588
123.5,4,1,23,6,13,-70.8457,-30.4254
123.5,5,1,23,6,13,-69.3524,-38.4683
123.5,6,0,23,6,13,-71.9971,-30.4697
123.5,7,0,23,6,11,-67.8157,-39.0452
123.5,8,0,23,6,10,-73.4061,-31.1163
123.5,9,1,23,6,10,-67.3623,-27.5779
123.5,10,2,23,6,11,-73.2829,-30.9045
123.5,11,2,23,6,10,-71.0461,-29.9492
123.5,12,1,23,6,10,-71.9885,-30.5046
123.5,13,0,23,6,6,-68.0132,-29.8494
123.5,14,1,23,6,6,-72.997,-29.8453
123.6,0,0,23,6,12,-71.1818,-37.0264
123.6,1,2,23,6,13,-70.8318,-37.2247
123.6,2,1,23,6,13,-70.8283,-34.298
123.6,3,0,23,6,13,-70.4324,-37.8079
123.6,4,2,23,6,13,-70.8596,-30.3182
123.6,5,1,23,6,13,-69.3777,-38.68
123.6,6,0,23,6,13,-72.0115,-30.4757
123.6,7,2,23,6,11,-67.8169,-39.0915
123.6,8,0,23,6,10,-73.3058,-31.0296
123.6,9,1,23,6,10,-67.3018,-27.5876
123.6,10,1,23,6,11,-73.2033,-30.8693
123.6,11,0,23,6,10,-70.9976,-29.9577
123.6,12,2,23,6,10,-72.062,-30.5497
123.6,13,2,23,6,6,-67.8797,-29.8454
123.6,14,1,23,6,6,-72.9951,-29.8218
123.7,0,0,23,6,12,-71.194,-36.9166
123.7,1,2,23,6,13,-70.849,-37.1092
123.7,2,1,23,6,13,-70.8246,-34.1998
123.7,3,0,23,6,13,-70.4564,-37.6844
123.7,4,2,23,6,13,-70.8712,-29.8505
123.7,5,1,23,6,13,-69.4025,-38.5489
123.7,6,0,23,6,13,-72.0252,-30.4875
123.7,7,2,23,6,11,-67.8197,-38.7809
123.7,8,0,23,6,10,-73.2046,-30.9454
123.7,9,1,23,6,10,-70.6827,-27.586
123.7,10,1,23,6,11,-73.1236,-30.8356
123.7,11,0,23,6,10,-70.9432,-29.9646
123.7,12,2,23,6,10,-72.1354,-30.5968
123.7,13,2,23,6,6,-67.7336,-29.8386
123.7,14,1,23,6,6,-72.9939,-29.7993
123.8,0,0,23,6,12,-71.2046,-36.5369
123.8,1,2,23,6,13,-70.8651,-36.7237
123.8,2,1,23,6,13,-70.819,-33.832
123.8,3,0,23,6,13,-70.4796,-37.2907
123.8,4,2,23,6,13,-70.8804,-29.5979
123.8,5,1,23,6,13,-69.4268,-38.1484
123.8,6,0,23,6,13,-72.0384,-30.5042
123.8,7,2,23,6,11,-67.8242,-38.1546
123.8,8,0,23,6,10,-73.1023,-30.8633
123.8,9,1,23,6,10,-70.6508,-27.5895
123.8,10,1,23,6,11,-73.0439,-30.8035
123.8,11,0,23,6,10,-70.8868,-29.9678
123.8,12,2,23,6,10,-72.2088,-30.6453
123.8,13,2,23,6,6,-67.5746,-29.8308
123.8,14,1,23,6,6,-73.0018,-29.778
123.9,0,0,23,6,12,-71.2141,-36.031
123.9,1,2,23,6,13,-70.8799,-36.2121
123.9,2,1,23,6,13,-70.8115,-33.3377
123.9,3,0,23,6,13,-70.5017,-36.7713
123.9,4,2,23,6,13,-70.8872,-29.6157
123.9,5,1,23,6,13,-69.4507,-37.6225
123.9,6,0,23,6,13,-72.0512,-30.5268
123.9,7,2,23,6,11,-67.8307,-37.3125
123.9,8,0,23,6,10,-72.9991,-30.7826
123.9,9,1,23,6,10,-70.6185,-27.5914
123.9,10,1,23,6,11,-72.9642,-30.772
123.9,11,0,23,6,10,-70.8287,-29.9689
123.9,12,2,23,6,10,-72.2815,-30.6941
123.9,13,2,23,6,6,-71.2269,-29.8015
123.9,14,1,23,6,6,-73.0021,-29.7578
124,0,0,23,6,12,-71.2223,-35.5604
124,1,2,23,6,13,-70.8937,-35.7361
124,2,1,23,6,13,-70.802,-32.8787
124,3,0,23,6,13,-70.5228,-36.2875
124,4,2,23,6,13,-70.8911,-29.639
124,5,1,23,6,13,-69.4742,-37.1326
124,6,0,23,6,13,-72.0637,-30.5542
124,7,2,23,6,11,-67.839,-36.3654
124,8,0,23,6,10,-72.8947,-30.7036
124,9,1,23,6,10,-70.586,-27.5905
124,10,1,23,6,11,-72.8845,-30.7412
124,11,0,23,6,10,-70.7696,-29.9672
124,12,2,23,6,10,-72.3455,-30.7438
124,13,2,23,6,6,-71.1502,-29.7893
124,14,1,23,6,6,-73.0032,-29.7388
124.1,0,0,23,6,12,-71.2294,-35.2597
124.1,1,2,23,6,13,-70.9066,-35.4303
124.1,2,1,23,6,13,-70.7906,-32.5894
124.1,3,0,23,6,13,-70.5433,-35.9741
124.1,4,2,23,6,13,-70.8923,-29.6629
124.1,5,1,23,6,13,-69.4978,-36.8127
124.1,6,0,23,6,13,-72.076,-30.5819
124.1,7,2,23,6,11,-67.8495,-35.4119
124.1,8,0,23,6,10,-72.7891,-30.6255
124.1,9,1,23,6,10,-70.5536,-27.588
124.1,10,1,23,6,11,-72.8051,-30.7105
124.1,11,0,23,6,10,-70.7098,-29.9639
124.1,12,2,23,6,10,-72.4152,-30.7931
124.1,13,2,23,6,6,-71.0704,-29.7774
124.1,14,1,23,6,6,-73.0054,-29.7215
124.2,0,0,23,6,12,-71.2354,-35.1843
124.2,1,2,23,6,13,-70.9185,-35.3501
124.2,2,1,23,6,13,-70.7775,-32.5251
124.2,3,0,23,6,13,-70.5633,-35.8867
124.2,4,2,23,6,13,-70.8905,-29.6875
124.2,5,1,23,6,13,-69.5214,-36.7187
124.2,6,0,23,6,13,-72.0882,-30.6099
124.2,7,2,23,6,11,-67.8621,-34.5167
124.2,8,0,23,6,10,-72.6825,-30.5476
124.2,9,1,23,6,10,-70.5216,-27.5835
124.2,10,1,23,6,11,-72.7264,-30.6811
124.2,11,0,23,6,10,-70.6499,-29.9583
124.2,12,2,23,6,10,-72.4828,-30.8409
124.2,13,2,23,6,6,-70.9878,-29.7653
124.2,14,1,23,6,6,-73.0087,-29.7058
124.3,0,0,23,6,12,-71.2403,-35.2993
124.3,1,2,23,6,13,-70.935,-35.4607
124.3,2,1,23,6,13,-70.7626,-32.6508
124.3,3,0,23,6,13,-70.5827,-35.9905
124.3,4,2,23,6,13,-70.8858,-29.7131
124.3,5,1,23,6,13,-69.5454,-36.8154
124.3,6,0,23,6,13,-72.1004,-30.6386
124.3,7,2,23,6,11,-67.8768,-33.7119
124.3,8,0,23,6,10,-72.5747,-30.4706
124.3,9,1,23,6,10,-70.4901,-27.5773
124.3,10,1,23,6,11,-72.6483,-30.6515
124.3,11,0,23,6,10,-70.5904,-29.951
124.3,12,2,23,6,10,-72.5479,-30.8882
124.3,13,2,23,6,6,-70.903,-29.7527
124.3,14,1,23,6,6,-73.013,-29.6914
124.4,0,0,23,6,12,-71.2445,-35.5078
124.4,1,2,23,6,13,-70.9454,-35.665
124.4,2,1,23,6,13,-70.746,-32.8693
124.4,3,0,23,6,13,-70.6016,-36.1886
124.4,4,2,23,6,13,-70.8779,-29.7388
124.4,5,1,23,6,13,-69.5694,-37.0068
124.4,6,0,23,6,13,-72.1125,-30.6669
124.4,7,2,23,6,11,-67.8937,-33.0134
124.4,8,0,23,6,10,-72.4653,-30.3927
124.4,9,1,23,6,10,-70.4593,-27.5704
124.4,10,1,23,6,11,-72.5713,-30.6227
124.4,11,0,23,6,10,-70.5317,-29.9429
124.4,12,2,23,6,10,-72.6105,-30.9335
124.4,13,2,23,6,6,-70.8165,-29.7408
124.4,14,1,23,6,6,-73.0185,-29.678
124.5,0,0,23,6,12,-71.2479,-35.6951
124.5,1,2,23,6,13,-70.9554,-35.8489
124.5,2,1,23,6,13,-70.7336,-33.0664
124.5,3,0,23,6,13,-70.6202,-36.3665
124.5,4,2,23,6,13,-70.867,-29.7644
124.5,5,1,23,6,13,-69.5937,-37.1787
124.5,6,0,23,6,13,-72.1249,-30.6948
124.5,7,2,23,6,11,-67.9126,-32.4316
124.5,8,0,23,6,10,-72.3622,-30.315
124.5,9,1,23,6,10,-70.4294,-27.5624
124.5,10,1,23,6,11,-72.4971,-30.5955
124.5,11,0,23,6,10,-70.4742,-29.9338
124.5,12,2,23,6,10,-72.6704,-30.9777
124.5,13,2,23,6,6,-70.7291,-29.729
124.5,14,1,23,6,6,-73.0253,-29.6668
124.6,0,0,23,6,12,-71.251,-35.7665
124.6,1,2,23,6,13,-70.9651,-35.9168
124.6,2,1,23,6,13,-70.715,-33.1468
124.6,3,0,23,6,13,-70.6387,-36.4292
124.6,4,2,23,6,13,-70.8531,-29.7896
124.6,5,1,23,6,13,-69.6184,-37.2359
124.6,6,0,23,6,13,-72.1374,-30.7222
124.6,7,2,23,6,11,-67.9336,-31.9587
124.6,8,0,23,6,10,-72.2502,-30.2359
124.6,9,1,23,6,10,-70.4004,-27.5531
124.6,10,1,23,6,11,-72.4259,-30.5687
124.6,11,0,23,6,10,-70.4184,-29.9233
124.6,12,2,23,6,10,-72.7277,-31.0192
124.6,13,2,23,6,6,-70.6414,-29.7181
124.6,14,1,23,6,6,-73.0332,-29.6571
124.7,0,0,23,6,12,-71.2536,-35.6753
124.7,1,2,23,6,13,-70.9744,-35.8229
124.7,2,1,23,6,13,-70.6958,-33.0642
124.7,3,0,23,6,13,-70.6569,-36.3302
124.7,4,2,23,6,13,-70.8361,-29.8143
124.7,5,1,23,6,13,-69.6433,-37.1324
124.7,6,0,23,6,13,-72.15,-30.7484
124.7,7,2,23,6,11,-67.9563,-31.5879
124.7,8,0,23,6,10,-72.1369,-30.1566
124.7,9,1,23,6,10,-70.3724,-27.5434
124.7,10,1,23,6,11,-72.3585,-30.5438
124.7,11,0,23,6,10,-70.3642,-29.9124
124.7,12,2,23,6,10,-72.7819,-31.0591
124.7,13,2,23,6,6,-70.5537,-29.7078
124.7,14,1,23,6,6,-73.0421,-29.6487
124.8,0,0,23,6,12,-71.256,-35.4161
124.8,1,2,23,6,13,-70.9836,-35.5611
124.8,2,1,23,6,13,-70.6762,-32.813
124.8,3,0,23,6,13,-70.675,-36.0641
124.8,4,2,23,6,13,-70.816,-29.8385
124.8,5,1,23,6,13,-69.6685,-36.8627
124.8,6,0,23,6,13,-72.1628,-30.7737
124.8,7,2,23,6,12,-67.9807,-36.8396
124.8,8,0,23,6,11,-72.0223,-31.2153
124.8,9,1,23,6,10,-70.3454,-27.5337
124.8,10,1,23,6,11,-72.295,-30.5195
124.8,11,0,23,6,10,-70.3123,-29.9016
124.8,12,2,23,6,10,-72.8333,-31.0965
124.8,13,2,23,6,6,-70.4668,-29.6979
124.8,14,1,23,6,6,-73.0522,-29.6418
124.9,0,0,23,6,12,-71.2583,-35.0247
124.9,1,2,23,6,13,-70.9928,-35.1676
124.9,2,1,23,6,13,-70.6564,-32.4289
124.9,3,0,23,6,13,-70.693,-35.6665
124.9,4,2,23,6,13,-70.7928,-29.8615
124.9,5,1,23,6,13,-69.6939,-36.4625
124.9,6,0,23,6,13,-72.1758,-30.7976
124.9,7,2,23,6,12,-68.0068,-36.3775
124.9,8,0,23,6,11,-71.9063,-31.146
124.9,9,1,23,6,10,-70.3195,-27.5239
124.9,10,1,23,6,11,-72.2358,-30.4962
124.9,11,0,23,6,10,-70.2627,-29.8906
124.9,12,2,23,6,10,-72.8817,-31.1313
124.9,13,2,23,6,6,-70.3813,-29.689
124.9,14,1,23,6,6,-73.0632,-29.6364
125,0,0,23,6,12,-71.2606,-34.5593
125,1,2,23,6,13,-71.0019,-34.7004
125,2,1,23,6,13,-70.6368,-31.9703
125,3,0,23,6,13,-70.711,-35.1959
125,4,2,23,6,13,-70.7666,-29.8837
125,5,1,23,6,13,-69.7194,-35.99
125,6,0,23,6,13,-72.1891,-30.8205
125,7,2,23,6,12,-68.0342,-35.8458
125,8,0,23,6,11,-71.7897,-31.0751
125,9,1,23,6,10,-70.2946,-27.514
125,10,1,23,6,11,-72.1812,-30.4736
125,11,0,23,6,10,-70.2155,-29.8794
125,12,2,23,6,10,-72.9264,-31.1624
125,13,2,23,6,6,-70.2976,-29.6809
125,14,1,23,6,6,-73.0751,-29.6325
125.1,0,1,23,6,12,-71.263,-34.064
125.1,1,0,23,6,13,-71.0112,-34.2036
125.1,2,2,23,6,13,-70.6174,-31.4811
125.1,3,2,23,6,13,-70.7289,-34.6962
125.1,4,1,23,6,13,-70.7375,-29.9046
125.1,5,0,23,6,12,-69.7453,-34.1553
125.1,6,0,23,6,13,-72.2026,-30.8415
125.1,7,1,23,6,12,-68.0629,-35.2968
125.1,8,1,23,6,11,-71.6727,-31.0027
125.1,9,0,23,6,10,-70.2707,-27.5047
125.1,10,2,23,6,11,-72.1314,-30.4515
125.1,11,2,23,6,10,-70.1708,-29.8691
125.1,12,0,23,6,9,-72.9677,-30.3709
125.1,13,1,23,6,6,-70.2163,-29.6738
125.1,14,2,23,6,6,-73.088,-29.6297
125.2,0,1,23,6,12,-71.2655,-33.5727
125.2,1,0,23,6,13,-71.0207,-33.7111
125.2,2,2,23,6,13,-70.5985,-30.9952
125.2,3,2,23,6,13,-70.7469,-34.2013
125.2,4,1,23,6,13,-72.104,-29.9216
125.2,5,0,23,6,12,-69.7712,-33.617
125.2,6,0,23,6,13,-72.2163,-30.8606
125.2,7,1,23,6,12,-68.0926,-34.773
125.2,8,1,23,6,11,-73.3261,-30.9166
125.2,9,0,23,6,10,-70.2476,-27.4953
125.2,10,2,23,6,11,-72.0868,-30.4305
125.2,11,2,23,6,10,-70.1286,-29.8586
125.2,12,0,23,6,9,-73.0056,-30.4015
125.2,13,1,23,6,6,-70.1378,-29.668
125.2,14,2,23,6,6,-73.1016,-29.6284
125.3,0,1,23,6,12,-71.2684,-33.1059
125.3,1,0,23,6,13,-71.0303,-33.2433
125.3,2,2,23,6,13,-70.5802,-30.5331
125.3,3,2,23,6,13,-70.765,-33.7316
125.3,4,1,23,6,13,-72.1263,-29.9395
125.3,5,0,23,6,12,-69.7972,-33.1338
125.3,6,0,23,6,13,-72.23,-30.878
125.3,7,1,23,6,12,-68.1232,-34.3042
125.3,8,1,23,6,11,-73.2409,-30.8417
125.3,9,0,23,6,10,-67.0622,-27.4941
125.3,10,2,23,6,11,-72.0473,-30.4099
125.3,11,2,23,6,10,-70.0889,-29.8495
125.3,12,0,23,6,9,-73.0486,-30.4292
125.3,13,1,23,6,6,-70.0624,-29.6631
125.3,14,2,23,6,6,-73.1158,-29.6281
125.4,0,1,23,6,12,-71.2717,-32.6767
125.4,1,0,23,6,13,-71.04,-32.8135
125.4,2,2,23,6,13,-70.5626,-30.1079
125.4,3,2,23,6,13,-70.7831,-33.3
125.4,4,1,23,6,13,-72.1475,-29.9558
125.4,5,0,23,6,12,-69.8233,-32.7278
125.4,6,0,23,6,13,-72.2441,-30.8936
125.4,7,1,23,6,12,-68.1545,-33.9125
125.4,8,1,23,6,11,-73.1558,-30.7655
125.4,9,0,23,6,10,-67.0936,-27.4861
125.4,10,2,23,6,11,-72.0129,-30.3898
125.4,11,2,23,6,10,-70.0516,-29.8407
125.4,12,0,23,6,9,-73.0794,-30.454
125.4,13,1,23,6,6,-69.9906,-29.659
125.4,14,2,23,6,6,-73.1306,-29.6286
125.5,0,1,23,6,12,-71.2752,-32.2883
125.5,1,0,23,6,13,-71.0501,-32.4249
125.5,2,2,23,6,13,-70.5459,-29.7229
125.5,3,2,23,6,13,-70.8012,-32.9103
125.5,4,1,23,6,13,-72.1674,-29.9708
125.5,5,0,23,6,12,-69.8492,-32.4128
125.5,6,0,23,6,13,-72.2582,-30.9077
125.5,7,1,23,6,12,-68.1863,-33.6112
125.5,8,1,23,6,11,-73.0706,-30.6877
125.5,9,0,23,6,10,-67.1279,-27.479
125.5,10,2,23,6,11,-71.9841,-30.37
125.5,11,2,23,6,10,-70.0165,-29.8329
125.5,12,0,23,6,9,-73.1069,-30.4754
125.5,13,1,23,6,6,-69.9225,-29.6559
125.5,14,2,23,6,6,-73.1458,-29.6305
125.6,0,1,23,6,12,-71.2792,-31.9406
125.6,1,0,23,6,13,-71.0604,-32.0771
125.6,2,2,23,6,13,-70.53,-29.3962
125.6,3,2,23,6,13,-70.8247,-32.5619
125.6,4,1,23,6,13,-72.1862,-29.9838
125.6,5,0,23,6,12,-69.8751,-32.1948
125.6,6,0,23,6,13,-72.2725,-30.9194
125.6,7,1,23,6,12,-68.2185,-33.4065
125.6,8,1,23,6,11,-72.9855,-30.6089
125.6,9,0,23,6,10,-67.165,-27.4732
125.6,10,2,23,6,11,-71.9603,-30.3505
125.6,11,2,23,6,10,-69.9836,-29.8266
125.6,12,0,23,6,9,-73.1311,-30.4933
125.6,13,1,23,6,6,-69.8584,-29.6542
125.6,14,2,23,6,6,-73.1616,-29.6332
125.7,0,1,23,6,12,-71.2836,-31.6297
125.7,1,0,23,6,13,-71.071,-31.7665
125.7,2,2,23,6,13,-70.5151,-29.4096
125.7,3,2,23,6,13,-70.8428,-32.251
125.7,4,1,23,6,13,-72.2039,-29.9955
125.7,5,0,23,6,12,-69.9008,-32.0792
125.7,6,0,23,6,13,-72.2868,-30.9296
125.7,7,1,23,6,12,-68.2508,-33.3039
125.7,8,1,23,6,11,-72.9002,-30.5285
125.7,9,0,23,6,10,-67.2044,-27.4685
125.7,10,2,23,6,11,-71.9418,-30.3313
125.7,11,2,23,6,10,-69.9526,-29.8213
125.7,12,0,23,6,9,-73.1521,-30.5083
125.7,13,1,23,6,6,-69.7983,-29.6534
125.7,14,2,23,6,6,-73.1777,-29.6367
125.8,0,1,23,6,12,-71.2884,-31.3507
125.8,1,0,23,6,13,-71.0817,-31.4881
125.8,2,2,23,6,13,-70.501,-29.4206
125.8,3,2,23,6,13,-70.8608,-31.9727
125.8,4,1,23,6,13,-72.2205,-30.0047
125.8,5,0,23,6,12,-69.9263,-32.0664
125.8,6,0,23,6,12,-72.3011,-28.9863
125.8,7,1,23,6,12,-68.2832,-33.3035
125.8,8,1,23,6,11,-72.8146,-30.4479
125.8,9,0,23,6,10,-67.2456,-27.464
125.8,10,2,23,6,11,-71.9283,-30.3131
125.8,11,2,23,6,9,-69.9231,-29.8166
125.8,12,0,23,6,9,-73.17,-30.5199
125.8,13,1,23,6,6,-69.7422,-29.6532
125.8,14,2,23,6,6,-73.1938,-29.6414
125.9,0,1,23,6,12,-71.2928,-31.0733
125.9,1,0,23,6,13,-71.0916,-31.2115
125.9,2,2,23,6,13,-70.4865,-29.4314
125.9,3,2,23,6,13,-70.8777,-31.6967
125.9,4,1,23,6,13,-72.2359,-30.0135
125.9,5,0,23,6,12,-69.9503,-32.0869
125.9,6,0,23,6,12,-72.3153,-28.9801
125.9,7,1,23,6,12,-68.3144,-33.3361
125.9,8,1,23,6,11,-72.7199,-30.3531
125.9,9,0,23,6,10,-67.287,-27.4617
125.9,10,2,23,6,11,-71.9198,-30.2945
125.9,11,2,23,6,9,-69.8945,-29.814
125.9,12,0,23,6,9,-73.1849,-30.5289
125.9,13,1,23,6,6,-69.6893,-29.6542
125.9,14,2,23,6,6,-73.2099,-29.6462
126,0,1,23,6,12,-71.2973,-30.8247
126,1,0,23,6,13,-71.1013,-30.9644
126,2,2,23,6,13,-70.4727,-29.4397
126,3,2,23,6,13,-69.8316,-31.4845
126,4,1,23,6,13,-72.2497,-30.0197
126,5,0,23,6,12,-69.974,-32.1912
126,6,0,23,6,12,-70.9123,-29.0235
126,7,1,23,6,12,-68.3458,-33.4519
126,8,1,23,6,11,-72.626,-30.2589
126,9,0,23,6,10,-67.3308,-27.4605
126,10,2,23,6,11,-71.9158,-30.2769
126,11,2,23,6,9,-69.8688,-29.8127
126,12,0,23,6,9,-73.1961,-30.534
126,13,1,23,6,6,-69.6434,-29.6563
126,14,2,23,6,6,-73.2258,-29.6513
126.1,0,1,23,6,12,-71.3024,-30.7174
126.1,1,0,23,6,13,-71.1115,-30.759
126.1,2,2,23,6,13,-70.4605,-29.4463
126.1,3,1,23,6,13,-69.8483,-31.3666
126.1,4,0,23,6,13,-72.2694,-30.0231
126.1,5,0,23,6,12,-69.9985,-32.3141
126.1,6,1,23,6,12,-70.9286,-29.0149
126.1,7,2,23,6,12,-68.3784,-33.5859
126.1,8,0,23,6,11,-72.5329,-30.1624
126.1,9,1,23,6,10,-67.3833,-27.4642
126.1,10,2,23,6,11,-71.9198,-30.2636
126.1,11,0,23,6,9,-69.8516,-29.8174
126.1,12,1,23,6,9,-73.2046,-30.5364
126.1,13,2,23,6,6,-69.6103,-29.6589
126.1,14,2,23,6,6,-73.2426,-29.6574
126.2,0,1,23,6,12,-71.3074,-30.7895
126.2,1,0,23,6,13,-71.1216,-30.8333
126.2,2,2,23,6,13,-70.4489,-29.4505
126.2,3,1,23,6,13,-69.8649,-31.4526
126.2,4,0,23,6,13,-72.2804,-30.0239
126.2,5,0,23,6,12,-70.0236,-32.4156
126.2,6,1,23,6,12,-70.9459,-29.0054
126.2,7,2,23,6,12,-68.4145,-33.6937
126.2,8,0,23,6,11,-72.4401,-30.0595
126.2,9,1,23,6,10,-67.4435,-27.4722
126.2,10,2,23,6,11,-71.9284,-30.249
126.2,11,0,23,6,9,-69.8423,-29.8277
126.2,12,1,23,6,9,-73.2105,-30.5348
126.2,13,2,23,6,6,-69.5894,-29.6626
126.2,14,2,23,6,6,-73.2597,-29.6654
126.3,0,1,23,6,12,-71.3125,-30.816
126.3,1,0,23,6,13,-71.1316,-30.8601
126.3,2,2,23,6,13,-70.4378,-29.4548
126.3,3,1,23,6,13,-69.8815,-31.4899
126.3,4,0,23,6,13,-72.2934,-30.0287
126.3,5,0,23,6,12,-70.0504,-32.4617
126.3,6,1,23,6,12,-70.9622,-28.9952
126.3,7,2,23,6,12,-68.4544,-33.7929
126.3,8,0,23,6,11,-72.3466,-29.9474
126.3,9,1,23,6,10,-67.5107,-27.4892
126.3,10,2,23,6,11,-71.939,-30.229
126.3,11,0,23,6,9,-69.8406,-29.8473
126.3,12,1,23,6,9,-73.2143,-30.5292
126.3,13,2,23,6,6,-69.5803,-29.667
126.3,14,2,23,6,6,-73.2763,-29.6788
126.4,0,1,23,6,12,-71.3181,-30.7815
126.4,1,0,23,6,13,-71.142,-30.8249
126.4,2,2,23,6,13,-70.4272,-29.4572
126.4,3,1,23,6,13,-69.8983,-31.4649
126.4,4,0,23,6,13,-72.3048,-30.0308
126.4,5,0,23,6,12,-70.078,-32.4666
126.4,6,1,23,6,12,-70.9797,-28.984
126.4,7,2,23,6,12,-68.4972,-33.94
126.4,8,0,23,6,11,-72.2529,-29.8275
126.4,9,1,23,6,10,-67.584,-27.5113
126.4,10,2,23,6,11,-71.9538,-30.2062
126.4,11,0,23,6,9,-69.8463,-29.8727
126.4,12,1,23,6,9,-73.2151,-30.5189
126.4,13,2,23,6,6,-69.5824,-29.6724
126.4,14,2,23,6,6,-73.2926,-29.6932
126.5,0,1,23,6,12,-71.3242,-30.7331
126.5,1,0,23,6,13,-71.1526,-30.7752
126.5,2,2,23,6,13,-70.4171,-29.4565
126.5,3,1,23,6,13,-69.9149,-31.426
126.5,4,0,23,6,13,-72.3151,-30.0281
126.5,5,0,23,6,12,-70.1051,-32.5978
126.5,6,1,23,6,12,-70.9959,-28.9711
126.5,7,2,23,6,12,-68.5394,-34.0626
126.5,8,0,23,6,11,-72.1598,-29.7078
126.5,9,1,23,6,10,-67.6568,-27.5362
126.5,10,2,23,6,11,-71.9705,-30.1825
126.5,11,0,23,6,9,-69.8588,-29.8992
126.5,12,1,23,6,9,-73.2129,-30.5037
126.5,13,2,23,6,6,-69.5951,-29.6794
126.5,14,2,23,6,6,-73.3076,-29.7071
126.6,0,1,23,6,12,-71.3309,-30.6928
126.6,1,0,23,6,13,-71.1633,-30.7341
126.6,2,2,23,6,13,-70.4073,-29.4571
126.6,3,1,23,6,13,-69.931,-31.4967
126.6,4,0,23,6,13,-72.3238,-30.0265
126.6,5,0,23,6,12,-70.1311,-32.7295
126.6,6,1,23,6,12,-71.0113,-28.9578
126.6,7,2,23,6,12,-68.58,-34.1862
126.6,8,0,23,6,11,-72.0679,-29.5897
126.6,9,1,23,6,10,-67.7261,-27.5636
126.6,10,2,23,6,11,-71.9961,-30.1575
126.6,11,0,23,6,9,-69.8701,-29.9279
126.6,12,1,23,6,9,-73.2062,-30.4836
126.6,13,2,23,6,6,-69.6086,-29.6868
126.6,14,2,23,6,6,-73.3214,-29.7204
126.7,0,1,23,6,12,-71.3378,-30.6706
126.7,1,0,23,6,13,-71.1742,-30.7123
126.7,2,2,23,6,13,-70.3975,-29.4572
126.7,3,1,23,6,13,-69.9466,-31.6438
126.7,4,0,23,6,13,-70.9157,-30.0743
126.7,5,0,23,6,12,-69.244,-32.8979
126.7,6,1,23,6,12,-71.0261,-28.9444
126.7,7,2,23,6,12,-68.618,-34.3229
126.7,8,0,23,6,11,-71.9769,-29.4757
126.7,9,1,23,6,10,-67.7906,-27.5928
126.7,10,2,23,6,11,-72.0164,-30.1327
126.7,11,0,23,6,9,-69.8781,-29.9583
126.7,12,1,23,6,9,-73.1977,-30.4594
126.7,13,2,23,6,6,-69.6193,-29.6951
126.7,14,2,23,6,6,-73.3341,-29.7327
126.8,0,1,23,6,12,-71.3449,-30.6595
126.8,1,0,23,6,13,-71.1849,-30.7956
126.8,2,2,23,6,13,-70.3878,-29.4583
126.8,3,1,23,6,13,-69.9617,-31.7979
126.8,4,0,23,6,13,-70.9253,-30.0724
126.8,5,0,23,6,12,-69.2655,-33.0484
126.8,6,1,23,6,12,-71.0402,-28.9311
126.8,7,2,23,6,12,-68.6538,-34.4671
126.8,8,0,23,6,11,-71.8866,-29.3652
126.8,9,1,23,6,10,-67.8504,-27.6233
126.8,10,2,23,6,11,-72.0383,-30.1077
126.8,11,0,23,6,9,-69.8827,-29.9902
126.8,12,1,23,6,9,-73.1879,-30.4328
126.8,13,2,23,6,6,-69.6274,-29.7038
126.8,14,2,23,6,6,-73.3458,-29.7443
126.9,0,1,23,6,12,-71.3521,-30.6541
126.9,1,0,23,6,13,-71.1953,-30.9579
126.9,2,2,23,6,13,-70.3778,-29.458
126.9,3,1,23,6,13,-69.9761,-31.9544
126.9,4,0,23,6,13,-70.9349,-30.0693
126.9,5,0,23,6,12,-69.2861,-33.2011
126.9,6,1,23,6,12,-71.0536,-28.9172
126.9,7,2,23,6,12,-68.6871,-34.6137
126.9,8,0,23,6,11,-71.7972,-29.26
126.9,9,1,23,6,10,-67.9059,-27.655
126.9,10,2,23,6,11,-72.0618,-30.0841
126.9,11,0,23,6,9,-69.8837,-30.0231
126.9,12,1,23,6,9,-73.1769,-30.404
126.9,13,2,23,6,6,-69.6322,-29.7126
126.9,14,2,23,6,6,-73.3568,-29.755
127,0,1,23,6,12,-71.359,-30.7217
127,1,0,23,6,13,-71.2054,-31.1139
127,2,2,23,6,13,-70.3672,-29.4582
127,3,1,23,6,13,-69.9898,-32.1042
127,4,0,23,6,13,-70.944,-30.0666
127,5,0,23,6,12,-69.3057,-33.3466
127,6,1,23,6,12,-71.0664,-28.9044
127,7,2,23,6,12,-68.7183,-34.7534
127,8,0,23,6,12,-71.708,-30.7239
127,9,1,23,6,11,-67.9568,-35.3055
127,10,2,23,6,11,-72.0865,-30.0606
127,11,0,23,6,9,-69.8808,-30.0554
127,12,1,23,6,9,-73.165,-30.3742
127,13,2,23,6,6,-69.6337,-29.7213
127,14,2,23,6,6,-73.3667,-29.765
127.1,0,1,23,6,12,-71.3655,-30.8625
127.1,1,0,23,6,13,-71.2149,-31.2517
127.1,2,2,23,6,13,-70.356,-29.4575
127.1,3,1,23,6,13,-70.0029,-32.2352
127.1,4,0,23,6,13,-70.9529,-30.063
127.1,5,0,23,6,12,-69.328,-33.4733
127.1,6,2,23,6,12,-71.0785,-28.8912
127.1,7,2,23,6,12,-68.7471,-34.8747
127.1,8,1,23,6,12,-71.6193,-30.6502
127.1,9,1,23,6,11,-68.0037,-35.3448
127.1,10,0,23,6,11,-72.1125,-30.0389
127.1,11,0,23,6,9,-69.874,-30.0875
127.1,12,2,23,6,9,-73.1524,-30.3433
127.1,13,2,23,6,6,-69.6317,-29.7304
127.1,14,1,23,6,6,-73.3759,-29.7738
127.2,0,1,23,6,12,-71.3715,-30.9778
127.2,1,0,23,6,13,-71.2238,-31.3632
127.2,2,2,23,6,13,-70.3438,-29.4563
127.2,3,1,23,6,13,-70.0153,-32.3398
127.2,4,0,23,6,13,-70.9615,-30.059
127.2,5,0,23,6,12,-69.3455,-33.5735
127.2,6,2,23,6,12,-71.0955,-28.8782
127.2,7,2,23,6,12,-68.7736,-34.9697
127.2,8,1,23,6,12,-71.5307,-30.5809
127.2,9,1,23,6,11,-68.0464,-35.3627
127.2,10,0,23,6,11,-72.1394,-30.0189
127.2,11,0,23,6,9,-69.8632,-30.1189
127.2,12,2,23,6,9,-73.1394,-30.3115
127.2,13,2,23,6,6,-69.6258,-29.7396
127.2,14,1,23,6,6,-73.3845,-29.7818
127.3,0,1,23,6,12,-71.3768,-31.0559
127.3,1,0,23,6,13,-71.232,-31.4368
127.3,2,2,23,6,13,-70.3307,-29.4543
127.3,3,1,23,6,13,-70.0269,-32.4065
127.3,4,0,23,6,13,-70.9696,-30.0541
127.3,5,0,23,6,12,-69.362,-33.6357
127.3,6,2,23,6,12,-71.1063,-28.8659
127.3,7,2,23,6,12,-68.798,-35.0268
127.3,8,1,23,6,12,-71.4422,-30.5159
127.3,9,1,23,6,11,-68.0851,-35.346
127.3,10,0,23,6,11,-72.1675,-30.0009
127.3,11,0,23,6,9,-69.8481,-30.149
127.3,12,2,23,6,9,-73.1264,-30.2801
127.3,13,2,23,6,6,-69.616,-29.7484
127.3,14,1,23,6,6,-73.3923,-29.7891
127.4,0,1,23,6,12,-71.3812,-31.0853
127.4,1,0,23,6,13,-71.2394,-31.4611
127.4,2,2,23,6,13,-70.3163,-29.4509
127.4,3,1,23,6,13,-70.0378,-32.4244
127.4,4,0,23,6,13,-70.9775,-30.0481
127.4,5,0,23,6,12,-69.3776,-33.6488
127.4,6,2,23,6,12,-71.1165,-28.8536
127.4,7,2,23,6,12,-68.8203,-35.0351
127.4,8,1,23,6,12,-71.3596,-30.4548
127.4,9,1,23,6,11,-68.12,-35.2823
127.4,10,0,23,6,11,-72.1963,-29.9857
127.4,11,0,23,6,9,-66.924,-30.1821
127.4,12,2,23,6,9,-73.1133,-30.249
127.4,13,2,23,6,6,-69.602,-29.757
127.4,14,1,23,6,6,-73.3998,-29.7955
127.5,0,1,23,6,12,-71.3849,-31.0611
127.5,1,0,23,6,13,-71.2458,-31.4309
127.5,2,2,23,6,13,-70.3006,-29.4471
127.5,3,1,23,6,13,-70.048,-32.3877
127.5,4,0,23,6,13,-70.9849,-30.0417
127.5,5,0,23,6,12,-69.3921,-33.6075
127.5,6,2,23,6,12,-71.126,-28.8425
127.5,7,2,23,6,12,-68.8404,-34.9894
127.5,8,1,23,6,12,-71.271,-30.3986
127.5,9,1,23,6,11,-68.1512,-35.1656
127.5,10,0,23,6,11,-72.2258,-29.9728
127.5,11,0,23,6,9,-66.9718,-30.2079
127.5,12,2,23,6,9,-73.1006,-30.2189
127.5,13,2,23,6,6,-69.5838,-29.7652
127.5,14,1,23,6,6,-73.4066,-29.8008
127.6,0,1,23,6,12,-71.3875,-30.9764
127.6,1,0,23,6,13,-71.2514,-31.3398
127.6,2,2,23,6,13,-70.2834,-29.442
127.6,3,1,23,6,13,-70.0575,-32.291
127.6,4,0,23,6,13,-70.9919,-30.0342
127.6,5,0,23,6,12,-69.4057,-33.506
127.6,6,2,23,6,12,-71.1349,-28.8321
127.6,7,2,23,6,12,-68.8584,-34.8836
127.6,8,1,23,6,12,-71.1822,-30.3468
127.6,9,1,23,6,11,-68.1785,-34.9886
127.6,10,0,23,6,11,-72.2557,-29.9619
127.6,11,0,23,6,9,-67.0154,-30.2323
127.6,12,2,23,6,9,-73.0882,-30.1901
127.6,13,2,23,6,6,-69.5613,-29.773
127.6,14,1,23,6,6,-73.4131,-29.8052
127.7,0,1,23,6,12,-71.389,-30.8287
127.7,1,0,23,6,13,-71.256,-31.1854
127.7,2,2,23,6,13,-71.4741,-29.4332
127.7,3,1,23,6,13,-70.0663,-32.1314
127.7,4,0,23,6,13,-70.9986,-30.026
127.7,5,0,23,6,12,-69.4183,-33.3416
127.7,6,2,23,6,12,-71.1433,-28.8217
127.7,7,2,23,6,12,-68.8744,-34.7149
127.7,8,1,23,6,12,-72.6064,-30.2897
127.7,9,1,23,6,11,-68.2024,-34.7466
127.7,10,0,23,6,11,-72.2861,-29.954
127.7,11,0,23,6,9,-67.0542,-30.254
127.7,12,2,23,6,9,-73.0764,-30.1631
127.7,13,2,23,6,6,-69.5341,-29.7797
127.7,14,1,23,6,6,-73.4193,-29.809
127.8,0,1,23,6,12,-71.3893,-30.6285
127.8,1,0,23,6,13,-71.2596,-30.9779
127.8,2,2,23,6,13,-71.4939,-29.426
127.8,3,1,23,6,13,-70.0744,-31.9195
127.8,4,0,23,6,13,-71.0048,-30.0169
127.8,5,0,23,6,12,-69.43,-33.125
127.8,6,2,23,6,12,-71.1512,-28.8125
127.8,7,2,23,6,12,-68.8884,-34.4945
127.8,8,1,23,6,12,-72.5411,-30.2465
127.8,9,1,23,6,11,-68.2228,-34.4505
127.8,10,0,23,6,11,-72.3163,-29.9487
127.8,11,0,23,6,9,-67.089,-30.2728
127.8,12,2,23,6,9,-73.0652,-30.1372
127.8,13,2,23,6,6,-69.5024,-29.7863
127.8,14,1,23,6,6,-73.4251,-29.8119
127.9,0,1,23,6,12,-71.3885,-30.3805
127.9,1,0,23,6,13,-71.2623,-30.7222
127.9,2,2,23,6,13,-71.5132,-29.4182
127.9,3,1,23,6,13,-70.0818,-31.66
127.9,4,0,23,6,13,-71.0106,-30.0074
127.9,5,0,23,6,12,-69.4408,-32.861
127.9,6,2,23,6,12,-71.1584,-28.8037
127.9,7,2,23,6,12,-68.9004,-34.2266
127.9,8,1,23,6,12,-72.4767,-30.2075
127.9,9,1,23,6,11,-68.2396,-34.1034
127.9,10,0,23,6,11,-72.3464,-29.9457
127.9,11,0,23,6,9,-67.1195,-30.2897
127.9,12,2,23,6,9,-73.055,-30.1131
127.9,13,2,23,6,6,-69.4659,-29.7925
127.9,14,1,23,6,6,-73.4306,-29.8137
128,0,1,23,6,12,-71.3865,-30.0922
128,1,0,23,6,13,-71.264,-30.4263
128,2,2,23,6,13,-71.532,-29.4098
128,3,1,23,6,13,-70.0886,-31.3608
128,4,0,23,6,13,-71.016,-29.9973
128,5,0,23,6,12,-69.4508,-32.5575
128,6,2,23,6,12,-71.1652,-28.7961
128,7,2,23,6,12,-68.9106,-33.9197
128,8,1,23,6,12,-72.4132,-30.1731
128,9,1,23,6,11,-68.2532,-33.7122
128,10,0,23,6,11,-72.376,-29.9447
128,11,0,23,6,9,-67.146,-30.3036
128,12,2,23,6,9,-73.0456,-30.0918
128,13,2,23,6,6,-69.4248,-29.7975
128,14,1,23,6,6,-73.4359,-29.8148
128.1,0,1,23,6,12,-71.3832,-29.7746
128.1,1,0,23,6,13,-71.2647,-30.1006
128.1,2,2,23,6,13,-71.5501,-29.4007
128.1,3,1,23,6,13,-70.0948,-31.0327
128.1,4,0,23,6,13,-71.0213,-29.9869
128.1,5,0,23,6,12,-69.46,-32.2252
128.1,6,2,23,6,12,-71.1715,-28.7892
128.1,7,2,23,6,12,-68.9191,-33.584
128.1,8,1,23,6,12,-72.3507,-30.1429
128.1,9,1,23,6,11,-68.2635,-33.2869
128.1,10,0,23,6,11,-72.4053,-29.9463
128.1,11,0,23,6,9,-67.1683,-30.3147
128.1,12,2,23,6,9,-73.0373,-30.0724
128.1,13,2,23,6,6,-69.3787,-29.8019
128.1,14,1,23,6,6,-73.4411,-29.8151
128.2,0,1,23,6,12,-71.3788,-29.4396
128.2,1,0,23,6,13,-71.2646,-29.7577
128.2,2,2,23,6,13,-71.5674,-29.3908
128.2,3,1,23,6,13,-70.1005,-30.688
128.2,4,0,23,6,13,-71.026,-29.9758
128.2,5,0,23,6,12,-69.4684,-31.8764
128.2,6,2,23,6,12,-71.1774,-28.7835
128.2,7,2,23,6,12,-68.9258,-33.2321
128.2,8,1,23,6,12,-72.289,-30.117
128.2,9,1,23,6,11,-68.2705,-32.8397
128.2,10,0,23,6,11,-72.4338,-29.9507
128.2,11,0,23,6,9,-67.1867,-30.3235
128.2,12,2,23,6,9,-73.0298,-30.0546
128.2,13,2,23,6,6,-69.3277,-29.8054
128.2,14,1,23,6,6,-73.4461,-29.8146
128.3,0,1,23,6,12,-71.3729,-29.2211
128.3,1,0,23,6,13,-71.2634,-29.4088
128.3,2,2,23,6,13,-71.5841,-29.3802
128.3,3,1,23,6,13,-70.1057,-30.3382
128.3,4,0,23,6,13,-71.0306,-29.9642
128.3,5,0,23,6,12,-69.4762,-31.5226
128.3,6,2,23,6,12,-71.1828,-28.7783
128.3,7,2,23,6,12,-68.9309,-32.8755
128.3,8,1,23,6,12,-72.2282,-30.0948
128.3,9,1,23,6,11,-68.2745,-32.383
128.3,10,0,23,6,11,-72.4619,-29.957
128.3,11,0,23,6,9,-67.2011,-30.3293
128.3,12,2,23,6,9,-73.0238,-30.0402
128.3,13,2,23,6,6,-69.2717,-29.8091
128.3,14,1,23,6,6,-73.4511,-29.8142
128.4,0,1,23,6,12,-71.3658,-29.2098
128.4,1,0,23,6,13,-71.2614,-29.0674
128.4,2,2,23,6,13,-71.5999,-29.3687
128.4,3,1,23,6,13,-70.1105,-29.9961
128.4,4,0,23,6,13,-71.0349,-29.9521
128.4,5,0,23,6,12,-69.4833,-31.1767
128.4,6,2,23,6,12,-71.1881,-28.774
128.4,7,2,23,6,12,-68.9344,-32.5268
128.4,8,1,23,6,12,-72.1684,-30.0763
128.4,9,1,23,6,11,-68.2754,-31.9325
128.4,10,0,23,6,11,-72.4892,-29.9661
128.4,11,0,23,6,9,-67.2116,-30.3325
128.4,12,2,23,6,9,-73.0189,-30.0274
128.4,13,2,23,6,6,-69.2105,-29.8116
128.4,14,1,23,6,6,-73.4559,-29.8127
128.5,0,1,23,6,12,-71.3576,-29.1988
128.5,1,0,23,6,13,-71.2586,-29.0446
128.5,2,2,23,6,13,-71.615,-29.358
128.5,3,1,23,6,13,-70.1148,-29.6697
128.5,4,0,23,6,13,-71.0389,-29.9408
128.5,5,0,23,6,12,-69.4898,-30.8467
128.5,6,2,23,6,12,-71.1927,-28.7709
128.5,7,2,23,6,12,-68.9366,-32.1942
128.5,8,1,23,6,12,-72.1096,-30.062
128.5,9,1,23,6,11,-68.2734,-31.4995
128.5,10,0,23,6,11,-72.5158,-29.9772
128.5,11,0,23,6,9,-67.2179,-30.3343
128.5,12,2,23,6,9,-73.0152,-30.0172
128.5,13,2,23,6,6,-69.1442,-29.8131
128.5,14,1,23,6,6,-73.4606,-29.8103
128.6,0,1,23,6,12,-71.3482,-29.1875
128.6,1,0,23,6,13,-71.255,-29.1027
128.6,2,2,23,6,13,-71.6293,-29.3469
128.6,3,1,23,6,13,-70.1188,-29.726
128.6,4,0,23,6,13,-71.0429,-29.9295
128.6,5,0,23,6,12,-69.4958,-30.5405
128.6,6,2,23,6,12,-71.1973,-28.769
128.6,7,2,23,6,12,-68.9374,-31.8856
128.6,8,1,23,6,12,-72.0517,-30.0515
128.6,9,1,23,6,11,-68.2686,-31.0983
128.6,10,0,23,6,11,-72.5413,-29.99
128.6,11,0,23,6,9,-67.2203,-30.3335
128.6,12,2,23,6,9,-73.0127,-30.0093
128.6,13,2,23,6,6,-69.0728,-29.8141
128.6,14,1,23,6,6,-73.4655,-29.8079
128.7,0,1,23,6,12,-71.3376,-29.1757
128.7,1,0,23,6,13,-71.2506,-29.1634
128.7,2,2,23,6,13,-71.6427,-29.3357
128.7,3,1,23,6,13,-70.1224,-29.7877
128.7,4,0,23,6,13,-71.0465,-29.9182
128.7,5,0,23,6,12,-69.5014,-30.2625
128.7,6,2,23,6,12,-71.2015,-28.7681
128.7,7,2,23,6,12,-68.9404,-31.6052
128.7,8,1,23,6,12,-71.9948,-30.0445
128.7,9,1,23,6,11,-68.2609,-30.7388
128.7,10,0,23,6,11,-72.5659,-30.0047
128.7,11,0,23,6,9,-67.2185,-30.3305
128.7,12,2,23,6,9,-73.0113,-30.0036
128.7,13,2,23,6,6,-68.996,-29.8142
128.7,14,1,23,6,6,-73.47,-29.8043
128.8,0,1,23,6,12,-71.3262,-29.1638
128.8,1,0,23,6,13,-71.2459,-29.2238
128.8,2,2,23,6,13,-71.6552,-29.3244
128.8,3,1,23,6,13,-70.126,-29.8489
128.8,4,0,23,6,13,-71.0501,-29.9071
128.8,5,0,23,6,12,-69.5066,-30.018
128.8,6,2,23,6,12,-71.2113,-28.7676
128.8,7,2,23,6,12,-68.939,-31.3585
128.8,8,1,23,6,12,-71.94,-30.0405
128.8,9,1,23,6,11,-68.2507,-30.4332
128.8,10,0,23,6,11,-72.5895,-30.0211
128.8,11,0,23,6,9,-67.2127,-30.3261
128.8,12,2,23,6,9,-73.0112,-30.0005
128.8,13,2,23,6,6,-68.914,-29.8136
128.8,14,1,23,6,6,-73.4748,-29.8008
128.9,0,1,23,6,12,-71.3142,-29.1525
128.9,1,0,23,6,13,-71.2408,-29.2826
128.9,2,2,23,6,13,-71.667,-29.3139
128.9,3,1,23,6,13,-70.1294,-29.9082
128.9,4,0,23,6,13,-71.0536,-29.897
128.9,5,0,23,6,12,-69.5115,-29.8066
128.9,6,2,23,6,12,-71.215,-28.7684
128.9,7,2,23,6,12,-68.9399,-31.145
128.9,8,1,23,6,12,-71.894,-30.04
128.9,9,1,23,6,11,-68.2379,-30.1879
128.9,10,0,23,6,11,-72.6119,-30.0386
128.9,11,0,23,6,9,-67.2026,-30.3195
128.9,12,2,23,6,9,-73.0123,-29.9994
128.9,13,2,23,6,6,-68.8267,-29.8128
128.9,14,1,23,6,6,-73.4794,-29.7967
129,0,1,23,6,12,-71.3018,-29.1413
129,1,0,23,6,13,-71.2356,-29.3394
129,2,2,23,6,13,-71.6779,-29.3036
129,3,1,23,6,13,-70.1328,-29.9651
129,4,0,23,6,13,-71.057,-29.8872
129,5,0,23,6,12,-69.5162,-29.6274
129,6,2,23,6,12,-71.2186,-28.77
129,7,2,23,6,12,-68.9365,-30.9638
129,8,1,23,6,12,-71.8437,-30.0424
129,9,1,23,6,11,-68.2228,-30.0045
129,10,0,23,6,11,-72.6331,-30.0577
129,11,0,23,6,9,-67.1884,-30.312
129,12,2,23,6,9,-73.0145,-30.0002
129,13,2,23,6,6,-68.734,-29.811
129,14,1,23,6,6,-73.484,-29.7924
129.1,0,1,23,6,12,-71.2892,-29.1913
129.1,1,0,23,6,13,-71.2305,-29.3925
129.1,2,2,23,6,13,-71.6878,-29.2937
129.1,3,1,23,6,13,-70.1363,-30.0181
129.1,4,0,23,6,13,-71.0602,-29.8779
129.1,5,0,23,6,12,-69.5206,-29.477
129.1,6,2,23,6,12,-71.2221,-28.773
129.1,7,2,23,6,12,-68.9325,-30.8114
129.1,8,1,23,6,12,-71.7964,-30.0479
129.1,9,1,23,6,11,-68.2054,-29.8829
129.1,10,0,23,6,11,-72.6531,-30.0779
129.1,11,0,23,6,9,-67.17,-30.303
129.1,12,2,23,6,9,-73.0178,-30.0024
129.1,13,2,23,6,6,-68.6359,-29.8089
129.1,14,1,23,6,6,-73.4887,-29.788
129.2,0,1,23,6,12,-71.2766,-29.2395
129.2,1,0,23,6,13,-71.2255,-29.441
129.2,2,2,23,6,13,-71.6971,-29.2848
129.2,3,1,23,6,13,-70.1399,-30.0662
129.2,4,0,23,6,13,-71.0635,-29.8698
129.2,5,0,23,6,12,-69.525,-29.35
129.2,6,2,23,6,12,-71.2253,-28.7764
129.2,7,2,23,6,12,-68.9278,-30.6826
129.2,8,1,23,6,12,-71.7518,-30.0553
129.2,9,1,23,6,11,-68.186,-29.8176
129.2,10,0,23,6,11,-72.6717,-30.0986
129.2,11,0,23,6,9,-67.1473,-30.2926
129.2,12,2,23,6,9,-73.0222,-30.0071
129.2,13,2,23,6,6,-68.5325,-29.8061
129.2,14,1,23,6,6,-73.4933,-29.7831
129.3,0,1,23,6,12,-71.264,-29.2828
129.3,1,0,23,6,13,-71.2207,-29.4844
129.3,2,2,23,6,13,-71.7055,-29.2762
129.3,3,1,23,6,13,-70.1436,-30.1093
129.3,4,0,23,6,13,-71.0667,-29.8621
129.3,5,0,23,6,12,-69.5294,-29.2434
129.3,6,2,23,6,12,-71.2286,-28.7805
129.3,7,2,23,6,12,-68.9226,-30.5744
129.3,8,1,23,6,12,-71.7105,-30.0647
129.3,9,1,23,6,11,-68.1646,-29.8022
129.3,10,0,23,6,11,-72.689,-30.1203
129.3,11,0,23,6,9,-67.1204,-30.2817
129.3,12,2,23,6,9,-73.0274,-30.0128
129.3,13,2,23,6,6,-68.4238,-29.8033
129.3,14,1,23,6,6,-73.498,-29.778
129.4,0,1,23,6,12,-71.2517,-29.3212
129.4,1,0,23,6,13,-71.2161,-29.523
129.4,2,2,23,6,13,-71.7129,-29.2689
129.4,3,1,23,6,13,-70.1473,-30.1471
129.4,4,0,23,6,13,-71.0697,-29.856
129.4,5,0,23,6,12,-69.5332,-29.1531
129.4,6,2,23,6,12,-71.2315,-28.7854
129.4,7,2,23,6,12,-68.9163,-30.4827
129.4,8,1,23,6,12,-71.6723,-30.0758
129.4,9,1,23,6,11,-68.1407,-29.8282
129.4,10,0,23,6,11,-72.705,-30.1422
129.4,11,0,23,6,9,-67.0883,-30.2698
129.4,12,2,23,6,9,-73.0334,-30.0202
129.4,13,2,23,6,6,-68.3091,-29.8
129.4,14,1,23,6,6,-73.5025,-29.7731
129.5,0,1,23,6,12,-71.2398,-29.353
129.5,1,0,23,6,13,-71.2118,-29.5546
129.5,2,2,23,6,13,-71.7195,-29.2618
129.5,3,1,23,6,13,-70.151,-30.1778
129.5,4,0,23,6,13,-71.0728,-29.8502
129.5,5,0,23,6,12,-69.5371,-29.0736
129.5,6,2,23,6,12,-71.2344,-28.7911
129.5,7,2,23,6,12,-68.9102,-30.4021
129.5,8,1,23,6,12,-71.6373,-30.0883
129.5,9,1,23,6,11,-68.1164,-29.8882
129.5,10,0,23,6,11,-72.7193,-30.1644
129.5,11,0,23,6,9,-67.0545,-30.257
129.5,12,2,23,6,9,-73.0404,-30.0285
129.5,13,2,23,6,6,-68.1934,-29.7959
129.5,14,1,23,6,6,-73.5069,-29.7683
129.6,0,1,23,6,12,-71.228,-29.3762
129.6,1,0,23,6,13,-71.2076,-29.5783
129.6,2,2,23,6,13,-71.7249,-29.2593
129.6,3,1,23,6,13,-70.1548,-30.2013
129.6,4,0,23,6,13,-71.0756,-29.8487
129.6,5,0,23,6,12,-69.5412,-29.0026
129.6,6,2,23,6,12,-71.237,-28.7972
129.6,7,2,23,6,12,-68.9052,-30.3306
129.6,8,1,23,6,12,-71.6053,-30.1018
129.6,9,1,23,6,11,-68.094,-29.9732
129.6,10,0,23,6,11,-72.7321,-30.1873
129.6,11,0,23,6,9,-67.0224,-30.2448
129.6,12,2,23,6,9,-73.0483,-30.0392
129.6,13,2,23,6,6,-68.0878,-29.7905
129.6,14,1,23,6,6,-73.5113,-29.7631
129.7,0,1,23,6,12,-71.2162,-29.3931
129.7,1,0,23,6,13,-71.2036,-29.5958
129.7,2,2,23,6,13,-71.7291,-29.2538
129.7,3,1,23,6,13,-70.1595,-30.2184
129.7,4,0,23,6,13,-71.078,-29.8443
129.7,5,0,23,6,12,-69.5465,-28.9366
129.7,6,2,23,6,12,-71.2417,-28.8051
129.7,7,2,23,6,12,-68.9028,-30.2643
129.7,8,1,23,6,12,-71.5777,-30.1172
129.7,9,1,23,6,11,-68.0792,-30.0709
129.7,10,0,23,6,11,-72.7428,-30.2113
129.7,11,0,23,6,9,-66.9988,-30.235
129.7,12,2,23,6,9,-73.056,-30.0501
129.7,13,2,23,6,6,-65.9042,-29.7904
129.7,14,1,23,6,6,-73.5159,-29.759
129.8,0,1,23,6,12,-71.2049,-29.4043
129.8,1,0,23,6,13,-71.2006,-29.6068
129.8,2,2,23,6,13,-71.7325,-29.2468
129.8,3,1,23,6,13,-70.1657,-30.2286
129.8,4,0,23,6,13,-71.0895,-29.8427
129.8,5,0,23,6,12,-69.5554,-28.871
129.8,6,2,23,6,12,-71.2475,-28.8128
129.8,7,2,23,6,12,-68.9066,-30.195
129.8,8,1,23,6,12,-71.5532,-30.1326
129.8,9,1,23,6,11,-68.0739,-30.1751
129.8,10,0,23,6,11,-72.7514,-30.2297
129.8,11,0,23,6,9,-66.9859,-30.2323
129.8,12,2,23,6,9,-73.0645,-30.0595
129.8,13,2,23,6,6,-65.9231,-29.785
129.8,14,1,23,6,6,-73.5209,-29.7605
129.9,0,1,23,6,12,-71.1938,-29.4114
129.9,1,0,23,6,13,-71.1981,-29.6125
129.9,2,2,23,6,13,-71.7354,-29.2392
129.9,3,1,23,6,13,-70.1725,-30.2324
129.9,4,0,23,6,13,-71.0964,-29.844
129.9,5,0,23,6,12,-69.5706,-28.8013
129.9,6,2,23,6,12,-71.2523,-28.819
129.9,7,2,23,6,12,-68.9162,-30.1251
129.9,8,1,23,6,12,-71.5296,-30.1459
129.9,9,1,23,6,11,-68.0777,-30.2825
129.9,10,0,23,6,11,-72.7571,-30.239
129.9,11,0,23,6,9,-66.9827,-30.2375
129.9,12,2,23,6,9,-73.0722,-30.0682
129.9,13,2,23,6,6,-65.9507,-29.7809
129.9,14,1,23,6,6,-73.5252,-29.7672
130,0,1,23,6,12,-71.1835,-29.4126
130,1,0,23,6,13,-71.1967,-29.6119
130,2,2,23,6,13,-71.737,-29.2311
130,3,1,23,6,13,-70.1803,-30.2298
130,4,0,23,6,13,-71.1023,-29.8437
130,5,0,23,6,12,-69.5831,-28.732
130,6,2,23,6,12,-71.2578,-28.8241
130,7,2,23,6,12,-68.9299,-30.052
130,8,1,23,6,12,-71.5099,-30.1588
130,9,1,23,6,11,-68.0888,-30.3839
130,10,0,23,6,11,-72.7682,-30.2419
130,11,0,23,6,9,-66.9883,-30.2464
130,12,2,23,6,9,-73.079,-30.0737
130,13,2,23,6,6,-65.9856,-29.7772
130,14,1,23,6,6,-73.5289,-29.7744
130.1,0,1,23,6,12,-71.1743,-29.406
130.1,1,0,23,6,13,-71.1958,-29.604
130.1,2,2,23,6,13,-71.7377,-29.2214
130.1,3,1,23,6,13,-70.1888,-30.2206
130.1,4,0,23,6,13,-71.1076,-29.8403
130.1,5,0,23,6,12,-69.5964,-28.6652
130.1,6,2,23,6,12,-71.2651,-28.8313
130.1,7,2,23,6,12,-68.9451,-29.9826
130.1,8,1,23,6,12,-71.4925,-30.1693
130.1,9,1,23,6,11,-68.1062,-30.471
130.1,10,0,23,6,11,-72.7685,-30.2458
130.1,11,0,23,6,9,-67.0023,-30.259
130.1,12,2,23,6,9,-73.0849,-30.0771
130.1,13,2,23,6,6,-68.3391,-29.7598
130.1,14,1,23,6,6,-73.5324,-29.781
130.2,0,1,23,6,12,-71.1664,-29.3886
130.2,1,0,23,6,13,-71.1961,-29.5864
130.2,2,2,23,6,13,-71.7375,-29.2143
130.2,3,1,23,6,13,-70.1974,-30.2027
130.2,4,0,23,6,13,-71.1125,-29.8385
130.2,5,0,23,6,12,-69.6099,-28.5977
130.2,6,2,23,6,12,-71.2711,-28.8376
130.2,7,2,23,6,12,-68.9602,-29.9142
130.2,8,1,23,6,12,-71.4778,-30.1791
130.2,9,1,23,6,11,-68.1251,-30.5533
130.2,10,0,23,6,11,-72.7659,-30.2487
130.2,11,0,23,6,9,-67.0143,-30.2728
130.2,12,2,23,6,9,-73.0904,-30.0791
130.2,13,2,23,6,6,-68.4606,-29.7562
130.2,14,1,23,6,6,-73.5343,-29.7865
130.3,0,1,23,6,12,-71.1604,-29.3678
130.3,1,0,23,6,13,-71.1976,-29.5654
130.3,2,2,23,6,13,-71.7372,-29.2098
130.3,3,1,23,6,13,-70.2063,-30.1816
130.3,4,0,23,6,13,-71.1175,-29.8385
130.3,5,0,23,6,12,-69.6229,-28.5324
130.3,6,2,23,6,12,-71.2765,-28.8441
130.3,7,2,23,6,12,-68.974,-29.8491
130.3,8,1,23,6,12,-71.4664,-30.1892
130.3,9,1,23,6,11,-68.1374,-30.6238
130.3,10,0,23,6,11,-72.7619,-30.2496
130.3,11,0,23,6,9,-67.02,-30.288
130.3,12,2,23,6,9,-73.0955,-30.0794
130.3,13,2,23,6,6,-68.5743,-29.7525
130.3,14,1,23,6,6,-73.5356,-29.7909
130.4,0,1,23,6,12,-71.1558,-29.3446
130.4,1,0,23,6,13,-71.2001,-29.542
130.4,2,2,23,6,13,-71.7368,-29.2098
130.4,3,1,23,6,13,-70.215,-30.1583
130.4,4,0,23,6,13,-71.1223,-29.8424
130.4,5,0,23,6,12,-69.6351,-28.4706
130.4,6,2,23,6,12,-71.2812,-28.851
130.4,7,2,23,6,12,-68.9857,-29.7884
130.4,8,1,23,6,12,-71.4574,-30.1991
130.4,9,1,23,6,11,-68.1442,-30.6831
130.4,10,0,23,6,11,-72.7566,-30.2493
130.4,11,0,23,6,9,-67.0159,-30.3033
130.4,12,2,23,6,9,-73.0999,-30.0776
130.4,13,2,23,6,6,-68.6761,-29.7492
130.4,14,1,23,6,6,-73.5361,-29.7945
130.5,0,1,23,6,12,-71.1527,-29.3197
130.5,1,0,23,6,13,-71.2035,-29.5169
130.5,2,2,23,6,13,-71.7361,-29.2142
130.5,3,1,23,6,13,-70.2237,-30.1333
130.5,4,0,23,6,13,-71.127,-29.8499
130.5,5,0,23,6,12,-69.6465,-28.4125
130.5,6,2,23,6,12,-71.2852,-28.8575
130.5,7,2,23,6,12,-68.9954,-29.7318
130.5,8,1,23,6,12,-71.4511,-30.2084
130.5,9,1,23,6,11,-68.1455,-30.7291
130.5,10,0,23,6,11,-72.7505,-30.2484
130.5,11,0,23,6,9,-70.0875,-30.3123
130.5,12,2,23,6,9,-73.113,-30.0744
130.5,13,2,23,6,6,-68.7669,-29.7447
130.5,14,1,23,6,6,-73.546,-29.7977
130.6,0,1,23,6,12,-71.151,-29.2924
130.6,1,0,23,6,13,-71.2078,-29.4894
130.6,2,2,23,6,13,-71.7351,-29.2226
130.6,3,1,23,6,13,-70.2321,-30.106
130.6,4,0,23,6,13,-71.1314,-29.8614
130.6,5,0,23,6,12,-69.6571,-28.3567
130.6,6,2,23,6,12,-71.2887,-28.8664
130.6,7,2,23,6,12,-69.0032,-29.6783
130.6,8,1,23,6,12,-71.4534,-30.2196
130.6,9,1,23,6,11,-68.1419,-30.7618
130.6,10,0,23,6,11,-72.7434,-30.2468
130.6,11,0,23,6,9,-70.1394,-30.3277
130.6,12,2,23,6,9,-73.1169,-30.0709
130.6,13,2,23,6,6,-68.8477,-29.7395
130.6,14,1,23,6,6,-73.5459,-29.8001
130.7,0,1,23,6,12,-71.156,-29.2653
130.7,1,0,23,6,13,-71.2125,-29.4621
130.7,2,2,23,6,13,-71.734,-29.2347
130.7,3,1,23,6,13,-70.2402,-30.0789
130.7,4,0,23,6,13,-71.1355,-29.877
130.7,5,0,23,6,12,-69.6668,-28.3052
130.7,6,2,23,6,12,-71.2914,-28.8776
130.7,7,2,23,6,12,-69.0093,-29.6295
130.7,8,1,23,6,12,-71.452,-30.2328
130.7,9,1,23,6,11,-68.1335,-30.782
130.7,10,0,23,6,11,-72.736,-30.2452
130.7,11,0,23,6,9,-70.1849,-30.3417
130.7,12,2,23,6,9,-73.1298,-30.0679
130.7,13,2,23,6,6,-68.9194,-29.7337
130.7,14,1,23,6,6,-73.5454,-29.802
130.8,0,1,23,6,12,-71.1564,-29.2369
130.8,1,0,23,6,13,-71.2175,-29.4334
130.8,2,2,23,6,13,-71.7454,-29.2482
130.8,3,1,23,6,13,-70.2524,-30.0502
130.8,4,0,23,6,13,-71.1449,-29.8939
130.8,5,0,23,6,12,-69.6759,-28.2571
130.8,6,2,23,6,12,-71.2996,-28.8939
130.8,7,2,23,6,12,-69.0138,-29.5845
130.8,8,1,23,6,12,-71.453,-30.2507
130.8,9,1,23,6,11,-68.1176,-30.7926
130.8,10,0,23,6,11,-72.7363,-30.2467
130.8,11,0,23,6,9,-70.2243,-30.3542
130.8,12,2,23,6,9,-73.1337,-30.0649
130.8,13,2,23,6,6,-68.9822,-29.7266
130.8,14,1,23,6,6,-73.5451,-29.8028
130.9,0,1,23,6,12,-71.1584,-29.2084
130.9,1,0,23,6,13,-71.2229,-29.4047
130.9,2,2,23,6,13,-71.7434,-29.2622
130.9,3,1,23,6,13,-70.2597,-30.0216
130.9,4,0,23,6,13,-71.148,-29.9114
130.9,5,0,23,6,12,-69.6841,-28.2173
130.9,6,2,23,6,12,-71.3014,-28.9147
130.9,7,2,23,6,12,-69.0168,-29.548
130.9,8,1,23,6,12,-71.4572,-30.271
130.9,9,1,23,6,11,-68.0947,-30.7845
130.9,10,0,23,6,11,-72.7283,-30.2518
130.9,11,0,23,6,9,-70.2577,-30.3648
130.9,12,2,23,6,9,-73.1378,-30.0622
130.9,13,2,23,6,6,-69.0365,-29.7189
130.9,14,1,23,6,6,-73.5449,-29.8037
131,0,1,23,6,12,-71.162,-29.1803
131,1,0,23,6,13,-71.2285,-29.376
131,2,2,23,6,13,-71.7411,-29.2764
131,3,1,23,6,13,-70.2666,-29.9929
131,4,0,23,6,13,-71.151,-29.9295
131,5,0,23,6,12,-69.6917,-28.1863
131,6,2,23,6,12,-71.3027,-28.9407
131,7,2,23,6,12,-69.0187,-29.5202
131,8,1,23,6,12,-71.4646,-30.2944
131,9,1,23,6,11,-68.065,-30.759
131,10,0,23,6,11,-72.7203,-30.2615
131,11,0,23,6,9,-70.2854,-30.3729
131,12,2,23,6,9,-73.1422,-30.0605
131,13,2,23,6,6,-69.0827,-29.7104
131,14,1,23,6,6,-73.5449,-29.8036
131.1,0,1,23,6,12,-71.1672,-29.1528
131.1,1,0,23,6,13,-71.2344,-29.3481
131.1,2,2,23,6,13,-71.7383,-29.2917
131.1,3,1,23,6,13,-70.2732,-29.9649
131.1,4,0,23,6,13,-71.1534,-29.949
131.1,5,0,23,6,12,-69.6986,-28.1652
131.1,6,2,23,6,12,-71.3037,-28.9709
131.1,7,2,23,6,12,-69.0194,-29.5026
131.1,8,1,23,6,12,-71.475,-30.32
131.1,9,1,23,6,11,-68.0295,-30.7179
131.1,10,0,23,6,11,-72.7125,-30.2746
131.1,11,0,23,6,9,-70.3076,-30.3781
131.1,12,2,23,6,9,-73.1469,-30.0603
131.1,13,2,23,6,6,-69.1208,-29.7003
131.1,14,1,23,6,6,-73.5452,-29.8033
131.2,0,1,23,6,12,-71.1729,-29.126
131.2,1,0,23,6,13,-71.2465,-29.3208
131.2,2,2,23,6,13,-71.7352,-29.31
131.2,3,1,23,6,13,-70.2798,-29.9371
131.2,4,0,23,6,13,-71.1553,-29.9707
131.2,5,0,23,6,12,-69.7051,-28.1493
131.2,6,2,23,6,12,-71.304,-28.9993
131.2,7,2,23,6,12,-69.0194,-29.4901
131.2,8,1,23,6,12,-71.4873,-30.344
131.2,9,1,23,6,11,-67.9927,-30.6704
131.2,10,0,23,6,11,-72.7047,-30.2884
131.2,11,0,23,6,9,-70.3271,-30.3803
131.2,12,2,23,6,9,-73.1519,-30.0612
131.2,13,2,23,6,6,-69.1507,-29.6896
131.2,14,1,23,6,6,-73.5456,-29.802
131.3,0,1,23,6,12,-71.1849,-29.1276
131.3,1,0,23,6,13,-71.2533,-29.2941
131.3,2,2,23,6,13,-71.7318,-29.3324
131.3,3,1,23,6,13,-70.2864,-29.91
131.3,4,0,23,6,13,-71.1565,-29.9957
131.3,5,0,23,6,12,-69.7112,-28.1403
131.3,6,2,23,6,12,-71.3039,-29.0255
131.3,7,2,23,6,12,-69.0189,-29.4843
131.3,8,1,23,6,12,-71.5014,-30.3663
131.3,9,1,23,6,11,-67.9551,-30.6178
131.3,10,0,23,6,11,-72.6971,-30.3018
131.3,11,0,23,6,9,-70.3439,-30.3789
131.3,12,2,23,6,9,-73.1569,-30.0634
131.3,13,2,23,6,6,-69.1727,-29.6774
131.3,14,1,23,6,6,-73.5463,-29.8007
131.4,0,1,23,6,12,-71.1916,-29.1463
131.4,1,0,23,6,13,-71.2606,-29.2684
131.4,2,2,23,6,13,-71.7282,-29.3547
131.4,3,1,23,6,13,-70.2935,-29.8837
131.4,4,0,23,6,13,-71.1573,-30.0201
131.4,5,0,23,6,12,-69.7174,-28.1373
131.4,6,2,23,6,12,-71.3034,-29.05
131.4,7,2,23,6,12,-69.018,-29.4844
131.4,8,1,23,6,12,-71.5171,-30.3875
131.4,9,1,23,6,11,-67.9171,-30.5624
131.4,10,0,23,6,11,-72.6898,-30.3149
131.4,11,0,23,6,9,-70.3583,-30.375
131.4,12,2,23,6,9,-73.1624,-30.067
131.4,13,2,23,6,6,-69.1904,-29.6664
131.4,14,1,23,6,6,-73.5473,-29.799
131.5,0,1,23,6,12,-71.1986,-29.1645
131.5,1,0,23,6,13,-71.2683,-29.244
131.5,2,2,23,6,13,-71.7243,-29.3761
131.5,3,1,23,6,13,-70.3009,-29.8586
131.5,4,0,23,6,13,-71.1576,-30.0431
131.5,5,0,23,6,12,-69.7238,-28.1416
131.5,6,2,23,6,12,-71.3026,-29.0717
131.5,7,2,23,6,12,-69.017,-29.4916
131.5,8,1,23,6,12,-71.5343,-30.4061
131.5,9,1,23,6,11,-67.8793,-30.5065
131.5,10,0,23,6,11,-72.6829,-30.3286
131.5,11,0,23,6,9,-70.3704,-30.3681
131.5,12,2,23,6,9,-73.1681,-30.0719
131.5,13,2,23,6,6,-69.2034,-29.6563
131.5,14,1,23,6,6,-73.5485,-29.7968
131.6,0,1,23,6,12,-71.2059,-29.1827
131.6,1,0,23,6,13,-71.2764,-29.2204
131.6,2,2,23,6,13,-71.7203,-29.3971
131.6,3,1,23,6,13,-70.3087,-29.8341
131.6,4,0,23,6,13,-71.1574,-30.065
131.6,5,0,23,6,12,-69.7305,-28.1519
131.6,6,2,23,6,12,-71.3014,-29.0912
131.6,7,2,23,6,12,-69.0161,-29.5047
131.6,8,1,23,6,12,-71.5527,-30.423
131.6,9,1,23,6,11,-67.8419,-30.4522
131.6,10,0,23,6,11,-72.6763,-30.341
131.6,11,0,23,6,9,-70.3851,-30.3584
131.6,12,2,23,6,9,-73.1741,-30.0789
131.6,13,2,23,6,6,-69.2114,-29.6464
131.6,14,1,23,6,6,-73.5501,-29.7938
131.7,0,1,23,6,12,-71.219,-29.2006
131.7,1,0,23,6,13,-71.285,-29.1985
131.7,2,2,23,6,13,-71.7161,-29.4175
131.7,3,1,23,6,13,-70.3168,-29.8113
131.7,4,0,23,6,13,-71.1568,-30.0859
131.7,5,0,23,6,12,-69.7374,-28.1703
131.7,6,2,23,6,12,-71.2999,-29.1083
131.7,7,2,23,6,12,-69.0154,-29.5256
131.7,8,1,23,6,12,-71.5723,-30.4383
131.7,9,1,23,6,11,-67.8056,-30.3999
131.7,10,0,23,6,11,-72.6702,-30.354
131.7,11,0,23,6,9,-70.3932,-30.3467
131.7,12,2,23,6,9,-73.1802,-30.0863
131.7,13,2,23,6,6,-69.2144,-29.6378
131.7,14,1,23,6,6,-73.552,-29.7907
131.8,0,1,23,6,12,-71.2265,-29.2183
131.8,1,0,23,6,13,-71.294,-29.1784
131.8,2,2,23,6,13,-71.7118,-29.4371
131.8,3,1,23,6,13,-70.3255,-29.7902
131.8,4,0,23,6,13,-71.1557,-30.1055
131.8,5,0,23,6,12,-69.7449,-28.1951
131.8,6,2,23,6,12,-71.2982,-29.1231
131.8,7,2,23,6,12,-69.0152,-29.5525
131.8,8,1,23,6,12,-71.5928,-30.4518
131.8,9,1,23,6,11,-67.7704,-30.3519
131.8,10,0,23,6,11,-72.6647,-30.3653
131.8,11,0,23,6,9,-70.3995,-30.3325
131.8,12,2,23,6,9,-73.1866,-30.0962
131.8,13,2,23,6,6,-69.212,-29.63
131.8,14,1,23,6,6,-73.5543,-29.7873
131.9,0,1,23,6,12,-71.2338,-29.2349
131.9,1,0,23,6,13,-71.3032,-29.1593
131.9,2,2,23,6,13,-71.7074,-29.4554
131.9,3,1,23,6,13,-70.3346,-29.7699
131.9,4,0,23,6,13,-71.1542,-30.1233
131.9,5,0,23,6,12,-69.7528,-28.2273
131.9,6,2,23,6,12,-71.2964,-29.1353
131.9,7,2,23,6,12,-69.0156,-29.5865
131.9,8,1,23,6,12,-71.6141,-30.4632
131.9,9,1,23,6,11,-67.7371,-30.3098
131.9,10,0,23,6,11,-72.6597,-30.3769
131.9,11,0,23,6,9,-70.4044,-30.316
131.9,12,2,23,6,9,-73.1931,-30.1066
131.9,13,2,23,6,6,-69.2041,-29.6235
131.9,14,1,23,6,6,-73.5667,-29.7839
132,0,1,23,6,12,-71.241,-29.2508
132,1,0,23,6,13,-71.3126,-29.1423
132,2,2,23,6,13,-71.7029,-29.4727
132,3,1,23,6,13,-70.3442,-29.7516
132,4,0,23,6,13,-71.1524,-30.1398
132,5,0,23,6,12,-69.7613,-28.2652
132,6,2,23,6,12,-71.2944,-29.145
132,7,2,23,6,12,-69.0168,-29.6261
132,8,1,23,6,12,-71.636,-30.4727
132,9,1,23,6,11,-67.7057,-30.2744
132,10,0,23,6,11,-72.6554,-30.3871
132,11,0,23,6,9,-70.4079,-30.2975
132,12,2,23,6,9,-73.1999,-30.1189
132,13,2,23,6,6,-69.1908,-29.6181
132,14,1,23,6,6,-73.5695,-29.78
132.1,0,1,23,6,12,-71.248,-29.2658
132.1,1,0,23,6,13,-71.3282,-29.1268
132.1,2,2,23,6,13,-71.6982,-29.4887
132.1,3,1,23,6,13,-70.3544,-29.7349
132.1,4,0,23,6,13,-71.1504,-30.1547
132.1,5,0,23,6,12,-69.7706,-28.309
132.1,6,2,23,6,12,-71.2924,-29.1524
132.1,7,2,23,6,12,-69.0189,-29.671
132.1,8,1,23,6,12,-71.6583,-30.4805
132.1,9,1,23,6,11,-67.6768,-30.2461
132.1,10,0,23,6,11,-72.6515,-30.3968
132.1,11,0,23,6,9,-70.4105,-30.2779
132.1,12,2,23,6,9,-73.2069,-30.1318
132.1,13,2,23,6,6,-69.1718,-29.6138
132.1,14,1,23,6,6,-73.5726,-29.7756
132.2,0,1,23,6,12,-71.2546,-29.2795
132.2,1,0,23,6,13,-71.3379,-29.1129
132.2,2,2,23,6,13,-71.6935,-29.5031
132.2,3,1,23,6,13,-70.3648,-29.7195
132.2,4,0,23,6,13,-71.1479,-30.1676
132.2,5,0,23,6,12,-69.7804,-28.3578
132.2,6,2,23,6,12,-71.2903,-29.1578
132.2,7,2,23,6,12,-69.0222,-29.7209
132.2,8,1,23,6,12,-71.6805,-30.4866
132.2,9,1,23,6,11,-67.6504,-30.2256
132.2,10,0,23,6,11,-72.6483,-30.4056
132.2,11,0,23,6,9,-70.4123,-30.2562
132.2,12,2,23,6,9,-73.2138,-30.1456
132.2,13,2,23,6,6,-69.1473,-29.6103
132.2,14,1,23,6,6,-73.5759,-29.7714
132.3,0,1,23,6,12,-71.2607,-29.2928
132.3,1,0,23,6,13,-71.3479,-29.1005
132.3,2,2,23,6,13,-71.6888,-29.5169
132.3,3,1,23,6,13,-70.3758,-29.7057
132.3,4,0,23,6,13,-71.1452,-30.1797
132.3,5,0,23,6,12,-69.7909,-28.411
132.3,6,2,23,6,12,-71.2881,-29.1604
132.3,7,2,23,6,12,-69.0265,-29.7748
132.3,8,1,23,6,12,-71.703,-30.4906
132.3,9,1,23,6,11,-67.627,-30.2122
132.3,10,0,23,6,11,-72.6456,-30.4134
132.3,11,0,23,6,9,-70.4135,-30.2342
132.3,12,2,23,6,9,-73.2208,-30.1602
132.3,13,2,23,6,6,-69.1177,-29.608
132.3,14,1,23,6,6,-73.5796,-29.7667
132.4,0,1,23,6,12,-71.2663,-29.3047
132.4,1,0,23,6,13,-71.3578,-29.0895
132.4,2,2,23,6,13,-71.6838,-29.5288
132.4,3,1,23,6,13,-70.3873,-29.6934
132.4,4,0,23,6,13,-71.1421,-30.1896
132.4,5,0,23,6,12,-69.8021,-28.4677
132.4,6,2,23,6,12,-71.2858,-29.1609
132.4,7,2,23,6,12,-69.0321,-29.8318
132.4,8,1,23,6,12,-71.7252,-30.493
132.4,9,1,23,6,11,-71.2195,-30.2018
132.4,10,0,23,6,11,-72.6435,-30.42
132.4,11,0,23,6,9,-70.4145,-30.2108
132.4,12,2,23,6,9,-73.2276,-30.1753
132.4,13,2,23,6,6,-69.0827,-29.6073
132.4,14,1,23,6,6,-73.5833,-29.762
132.5,0,1,23,6,12,-71.2713,-29.315
132.5,1,0,23,6,13,-71.3676,-29.0803
132.5,2,2,23,6,13,-71.6788,-29.539
132.5,3,1,23,6,13,-70.399,-29.6828
132.5,4,0,23,6,13,-71.1388,-30.1978
132.5,5,0,23,6,12,-69.814,-28.5267
132.5,6,2,23,6,12,-71.2834,-29.1594
132.5,7,2,23,6,12,-69.0391,-29.891
132.5,8,1,23,6,12,-71.7467,-30.4937
132.5,9,1,23,6,11,-71.233,-30.2017
132.5,10,0,23,6,11,-72.6419,-30.4257
132.5,11,0,23,6,9,-70.4155,-30.1878
132.5,12,2,23,6,9,-73.2343,-30.1912
132.5,13,2,23,6,6,-69.0433,-29.6073
132.5,14,1,23,6,6,-73.5872,-29.7574
132.6,0,1,23,6,12,-71.2755,-29.3247
132.6,1,0,23,6,13,-71.3774,-29.0721
132.6,2,2,23,6,13,-71.6736,-29.5484
132.6,3,1,23,6,13,-70.411,-29.6732
132.6,4,0,23,6,13,-71.1352,-30.2047
132.6,5,0,23,6,12,-69.8266,-28.5876
132.6,6,2,23,6,12,-71.2811,-29.1556
132.6,7,2,23,6,12,-69.0474,-29.9518
132.6,8,1,23,6,12,-71.7678,-30.4926
132.6,9,1,23,6,11,-71.247,-30.2077
132.6,10,0,23,6,11,-72.6409,-30.4304
132.6,11,0,23,6,9,-70.4167,-30.1634
132.6,12,2,23,6,9,-73.2408,-30.2066
132.6,13,2,23,6,6,-68.9994,-29.6082
132.6,14,1,23,6,6,-73.5913,-29.753
132.7,0,1,23,6,12,-71.2791,-29.3329
132.7,1,0,23,6,13,-71.387,-29.0657
132.7,2,2,23,6,13,-71.6683,-29.5559
132.7,3,1,23,6,13,-70.4234,-29.6654
132.7,4,0,23,6,13,-71.1313,-30.2098
132.7,5,0,23,6,12,-69.8399,-28.6486
132.7,6,2,23,6,12,-71.2786,-29.1504
132.7,7,2,23,6,12,-69.0572,-30.0127
132.7,8,1,23,6,12,-71.7881,-30.4902
132.7,9,1,23,6,11,-71.2613,-30.2188
132.7,10,0,23,6,11,-72.6401,-30.4335
132.7,11,0,23,6,9,-70.4184,-30.1394
132.7,12,2,23,6,9,-73.2471,-30.2225
132.7,13,2,23,6,6,-68.9551,-29.6102
132.7,14,1,23,6,6,-73.5952,-29.7483
132.8,0,1,23,6,12,-71.2817,-29.3401
132.8,1,0,23,6,13,-71.3963,-29.0603
132.8,2,2,23,6,13,-71.6628,-29.5624
132.8,3,1,23,6,13,-70.436,-29.6588
132.8,4,0,23,6,13,-71.1272,-30.2137
132.8,5,0,23,6,12,-69.8539,-28.7093
132.8,6,2,23,6,12,-71.2761,-29.1431
132.8,7,2,23,6,12,-69.0684,-30.0728
132.8,8,1,23,6,12,-71.8074,-30.486
132.8,9,1,23,6,11,-71.2761,-30.2329
132.8,10,0,23,6,11,-72.6399,-30.436
132.8,11,0,23,6,9,-70.4208,-30.116
132.8,12,2,23,6,9,-73.253,-30.2383
132.8,13,2,23,6,6,-68.9042,-29.6132
132.8,14,1,23,6,6,-73.5992,-29.7437
132.9,0,1,23,6,12,-71.2835,-29.3458
132.9,1,0,23,6,13,-71.4053,-29.0562
132.9,2,2,23,6,13,-71.657,-29.5671
132.9,3,1,23,6,13,-70.4488,-29.6533
132.9,4,0,23,6,13,-71.1228,-30.2156
132.9,5,0,23,6,12,-69.8684,-28.7682
132.9,6,2,23,6,12,-71.2735,-29.1342
132.9,7,2,23,6,12,-69.081,-30.1313
132.9,8,1,23,6,12,-71.8255,-30.4802
132.9,9,1,23,6,11,-71.2913,-30.2503
132.9,10,0,23,6,11,-72.6399,-30.4374
132.9,11,0,23,6,9,-70.4241,-30.0925
132.9,12,2,23,6,9,-73.2585,-30.2536
132.9,13,2,23,6,6,-68.8503,-29.6171
132.9,14,1,23,6,6,-73.603,-29.7393
133,0,1,23,6,12,-71.2844,-29.35
133,1,0,23,6,13,-71.4138,-29.053
133,2,2,23,6,13,-71.6509,-29.57
133,3,1,23,6,13,-70.4614,-29.649
133,4,0,23,6,13,-71.1179,-30.2159
133,5,0,23,6,12,-69.8832,-28.8252
133,6,2,23,6,12,-71.2706,-29.1241
133,7,2,23,6,12,-69.0944,-30.1875
133,8,1,23,6,12,-71.8423,-30.4735
133,9,1,23,6,11,-71.3066,-30.2688
133,10,0,23,6,11,-72.64,-30.4376
133,11,0,23,6,9,-70.4276,-30.0703
133,12,2,23,6,9,-73.2634,-30.2687
133,13,2,23,6,6,-68.7932,-29.6215
133,14,1,23,6,6,-73.6067,-29.7349
133.1,0,1,23,6,12,-71.2841,-29.3536
133.1,1,0,23,6,13,-71.4218,-29.051
133.1,2,2,23,6,13,-71.6445,-29.5724
133.1,3,1,23,6,13,-70.474,-29.646
133.1,4,0,23,6,13,-71.1128,-30.2153
133.1,5,0,23,6,12,-69.8984,-28.8791
133.1,6,2,23,6,12,-71.2675,-29.1126
133.1,7,2,23,6,12,-69.109,-30.2407
133.1,8,1,23,6,12,-71.8576,-30.4654
133.1,9,1,23,6,11,-71.3226,-30.2889
133.1,10,0,23,6,11,-72.6402,-30.4364
133.1,11,0,23,6,9,-70.4333,-30.0488
133.1,12,2,23,6,9,-73.2679,-30.283
133.1,13,2,23,6,6,-68.7383,-29.627
133.1,14,1,23,6,6,-73.61,-29.7309
133.2,0,1,23,6,12,-71.2824,-29.3547
133.2,1,0,23,6,13,-71.435,-29.0465
133.2,2,2,23,6,13,-71.6371,-29.5712
133.2,3,1,23,6,13,-70.4864,-29.6408
133.2,4,0,23,6,13,-71.107,-30.2107
133.2,5,0,23,6,12,-69.9141,-28.9293
133.2,6,2,23,6,12,-71.2638,-29.0998
133.2,7,2,23,6,12,-69.1256,-30.2905
133.2,8,1,23,6,12,-71.8709,-30.4577
133.2,9,1,23,6,11,-71.3398,-30.3123
133.2,10,0,23,6,11,-72.64,-30.4362
133.2,11,0,23,6,9,-70.4453,-30.0276
133.2,12,2,23,6,9,-73.271,-30.2958
133.2,13,2,23,6,6,-68.695,-29.6329
133.2,14,1,23,6,6,-73.6129,-29.7271
133.3,0,1,23,6,12,-71.279,-29.3529
133.3,1,0,23,6,13,-71.4411,-29.0402
133.3,2,2,23,6,13,-71.6284,-29.5669
133.3,3,1,23,6,13,-70.4988,-29.634
133.3,4,0,23,6,13,-71.0999,-30.2027
133.3,5,0,23,6,12,-69.9305,-28.9747
133.3,6,2,23,6,12,-71.261,-29.0854
133.3,7,2,23,6,12,-69.145,-30.3311
133.3,8,1,23,6,12,-71.8818,-30.4454
133.3,9,1,23,6,11,-71.3586,-30.3307
133.3,10,0,23,6,11,-72.6387,-30.4307
133.3,11,0,23,6,9,-70.4632,-30.0115
133.3,12,2,23,6,9,-73.2728,-30.3078
133.3,13,2,23,6,6,-68.664,-29.6385
133.3,14,1,23,6,6,-73.6157,-29.7245
133.4,0,1,23,6,12,-71.2741,-29.3489
133.4,1,0,23,6,13,-71.4462,-29.0313
133.4,2,2,23,6,13,-71.6184,-29.5606
133.4,3,1,23,6,13,-70.5155,-29.6237
133.4,4,0,23,6,13,-71.0932,-30.1966
133.4,5,0,23,6,12,-69.9462,-29.0078
133.4,6,2,23,6,12,-71.2571,-29.07
133.4,7,2,23,6,12,-69.1671,-30.3626
133.4,8,1,23,6,12,-71.889,-30.4291
133.4,9,1,23,6,11,-71.3791,-30.3445
133.4,10,0,23,6,11,-72.6355,-30.4183
133.4,11,0,23,6,9,-70.4868,-30.004
133.4,12,2,23,6,9,-73.274,-30.3183
133.4,13,2,23,6,6,-68.6463,-29.6455
133.4,14,1,23,6,6,-73.6185,-29.7291
133.5,0,1,23,6,12,-71.268,-29.3434
133.5,1,0,23,6,13,-71.45,-29.0191
133.5,2,2,23,6,13,-71.6079,-29.5537
133.5,3,1,23,6,13,-70.5262,-29.6092
133.5,4,0,23,6,13,-71.0871,-30.1933
133.5,5,0,23,6,12,-69.9616,-29.0307
133.5,6,2,23,6,12,-71.2517,-29.0539
133.5,7,2,23,6,12,-69.192,-30.3869
133.5,8,1,23,6,12,-71.8921,-30.4093
133.5,9,1,23,6,11,-71.4016,-30.3544
133.5,10,0,23,6,11,-72.63,-30.3993
133.5,11,0,23,6,9,-70.516,-30.0063
133.5,12,2,23,6,9,-73.2737,-30.3251
133.5,13,2,23,6,6,-68.6418,-29.6531
133.5,14,1,23,6,6,-73.6208,-29.7389
133.6,0,1,23,6,12,-71.2607,-29.337
133.6,1,0,23,6,13,-71.453,-29.0047
133.6,2,2,23,6,13,-71.5962,-29.5455
133.6,3,1,23,6,13,-70.5365,-29.5919
133.6,4,0,23,6,13,-71.0832,-30.1924
133.6,5,0,23,6,12,-69.9786,-29.0477
133.6,6,2,23,6,12,-71.246,-29.0369
133.6,7,2,23,6,12,-69.2192,-30.4023
133.6,8,1,23,6,12,-71.8919,-30.3857
133.6,9,1,23,6,11,-71.426,-30.3595
133.6,10,0,23,6,11,-72.6227,-30.3745
133.6,11,0,23,6,9,-70.5503,-30.0185
133.6,12,2,23,6,9,-73.2723,-30.327
133.6,13,2,23,6,6,-68.6508,-29.6609
133.6,14,1,23,6,6,-73.6226,-29.7548
133.7,0,1,23,6,12,-71.2521,-29.3299
133.7,1,0,23,6,13,-71.4553,-28.9882
133.7,2,2,23,6,13,-71.5838,-29.536
133.7,3,1,23,6,13,-70.547,-29.5733
133.7,4,0,23,6,13,-71.078,-30.1882
133.7,5,0,23,6,12,-69.996,-29.0593
133.7,6,2,23,6,12,-71.2416,-29.0208
133.7,7,2,23,6,12,-69.2475,-30.4131
133.7,8,1,23,6,12,-71.8886,-30.3596
133.7,9,1,23,6,11,-71.4518,-30.3576
133.7,10,0,23,6,11,-72.614,-30.3514
133.7,11,0,23,6,9,-70.5895,-30.0376
133.7,12,2,23,6,9,-73.2691,-30.3241
133.7,13,2,23,6,6,-68.6729,-29.6699
133.7,14,1,23,6,6,-73.624,-29.7708
133.8,0,1,23,6,12,-71.2421,-29.3238
133.8,1,0,23,6,13,-71.457,-28.9693
133.8,2,2,23,6,13,-71.5704,-29.5274
133.8,3,1,23,6,13,-70.5571,-29.5534
133.8,4,0,23,6,13,-71.0718,-30.1838
133.8,5,0,23,6,12,-70.0138,-29.066
133.8,6,2,23,6,12,-71.2358,-29.0043
133.8,7,2,23,6,12,-69.2761,-30.4204
133.8,8,1,23,6,12,-71.8823,-30.3354
133.8,9,1,23,6,11,-71.4783,-30.3596
133.8,10,0,23,6,11,-72.6038,-30.3295
133.8,11,0,23,6,9,-70.6292,-30.0604
133.8,12,2,23,6,9,-73.263,-30.3171
133.8,13,2,23,6,6,-68.7075,-29.6786
133.8,14,1,23,6,6,-73.6231,-29.7843
133.9,0,1,23,6,12,-71.2314,-29.3188
133.9,1,0,23,6,13,-71.4584,-28.9521
133.9,2,2,23,6,13,-71.557,-29.5197
133.9,3,1,23,6,13,-70.567,-29.5359
133.9,4,0,23,6,13,-71.065,-30.1794
133.9,5,0,23,6,12,-70.0316,-29.0692
133.9,6,2,23,6,12,-71.2291,-28.9882
133.9,7,2,23,6,12,-69.3043,-30.4247
133.9,8,1,23,6,12,-71.874,-30.3121
133.9,9,1,23,6,11,-71.5049,-30.3602
133.9,10,0,23,6,11,-72.5932,-30.3067
133.9,11,0,23,6,9,-70.6673,-30.0854
133.9,12,2,23,6,9,-73.2557,-30.3063
133.9,13,2,23,6,6,-68.738,-29.6881
133.9,14,1,23,6,6,-73.6212,-29.7973
134,0,1,23,6,12,-71.2199,-29.3152
134,1,0,23,6,13,-71.4594,-28.9368
134,2,2,23,6,13,-71.5434,-29.5138
134,3,1,23,6,13,-70.5766,-29.5205
134,4,0,23,6,13,-71.0579,-30.1759
134,5,0,23,6,12,-70.0493,-29.0693
134,6,2,23,6,12,-71.2218,-28.9719
134,7,2,23,6,12,-69.3317,-30.426
134,8,1,23,6,12,-71.8641,-30.2888
134,9,1,23,6,11,-67.8401,-30.365
134,10,0,23,6,11,-72.5821,-30.2832
134,11,0,23,6,9,-70.7021,-30.1115
134,12,2,23,6,9,-73.2473,-30.2929
134,13,2,23,6,6,-68.759,-29.6978
134,14,1,23,6,6,-73.6179,-29.809
134.1,0,1,23,6,12,-71.2076,-29.3122
134.1,1,0,23,6,13,-71.46,-28.9227
134.1,2,2,23,6,13,-71.5294,-29.5082
134.1,3,1,23,6,13,-70.5859,-29.5069
134.1,4,0,23,6,13,-71.05,-30.172
134.1,5,0,23,6,12,-70.0669,-29.0667
134.1,6,2,23,6,12,-71.2139,-28.9555
134.1,7,2,23,6,12,-69.3583,-30.4251
134.1,8,1,23,6,12,-71.8528,-30.2661
134.1,9,1,23,6,11,-67.8753,-30.3643
134.1,10,0,23,6,11,-72.5708,-30.2596
134.1,11,0,23,6,9,-70.7341,-30.1394
134.1,12,2,23,6,9,-73.238,-30.2775
134.1,13,2,23,6,6,-68.7707,-29.7078
134.1,14,1,23,6,6,-73.614,-29.8195
134.2,0,1,23,6,12,-71.1943,-29.3101
134.2,1,0,23,6,13,-71.46,-28.911
134.2,2,2,23,6,13,-71.5151,-29.504
134.2,3,1,23,6,13,-70.5947,-29.4958
134.2,4,0,23,6,13,-71.0415,-30.1687
134.2,5,0,23,6,12,-70.0844,-29.0615
134.2,6,2,23,6,12,-71.2053,-28.9399
134.2,7,2,23,6,12,-69.3845,-30.4219
134.2,8,1,23,6,12,-71.8404,-30.245
134.2,9,1,23,6,11,-67.9082,-30.3631
134.2,10,0,23,6,11,-72.5595,-30.2365
134.2,11,0,23,6,9,-70.7634,-30.1669
134.2,12,2,23,6,9,-73.228,-30.2609
134.2,13,2,23,6,6,-68.7741,-29.7174
134.2,14,1,23,6,6,-73.6091,-29.8289
134.3,0,1,23,6,12,-71.18,-29.3079
134.3,1,0,23,6,13,-71.4594,-28.9014
134.3,2,2,23,6,13,-71.5063,-29.4996
134.3,3,1,23,6,13,-70.6032,-29.4872
134.3,4,0,23,6,13,-71.032,-30.1645
134.3,5,0,23,6,12,-70.1017,-29.0538
134.3,6,2,23,6,12,-71.196,-28.9246
134.3,7,2,23,6,12,-69.4103,-30.4163
134.3,8,1,23,6,12,-71.8269,-30.2249
134.3,9,1,23,6,11,-67.9397,-30.3604
134.3,10,0,23,6,11,-72.5482,-30.2138
134.3,11,0,23,6,9,-70.7906,-30.1943
134.3,12,2,23,6,9,-73.2174,-30.2439
134.3,13,2,23,6,6,-68.7696,-29.7271
134.3,14,1,23,6,6,-73.6036,-29.8369
134.4,0,1,23,6,12,-71.1645,-29.3063
134.4,1,0,23,6,13,-71.4581,-28.893
134.4,2,2,23,6,13,-71.4908,-29.4961
134.4,3,1,23,6,13,-70.6111,-29.48
134.4,4,0,23,6,13,-71.0217,-30.1607
134.4,5,0,23,6,12,-70.1188,-29.0439
134.4,6,2,23,6,12,-71.186,-28.91
134.4,7,2,23,6,12,-69.4357,-30.4085
134.4,8,1,23,6,12,-71.8125,-30.2064
134.4,9,1,23,6,11,-67.9698,-30.3568
134.4,10,0,23,6,11,-72.5371,-30.1921
134.4,11,0,23,6,9,-70.8159,-30.2201
134.4,12,2,23,6,9,-73.2064,-30.2259
134.4,13,2,23,6,6,-68.7581,-29.7369
134.4,14,1,23,6,6,-73.5978,-29.8445
134.5,0,1,23,6,12,-71.1478,-29.3047
134.5,1,0,23,6,13,-71.4558,-28.8871
134.5,2,2,23,6,13,-71.4744,-29.4925
134.5,3,1,23,6,13,-70.6187,-29.4754
134.5,4,0,23,6,13,-71.0103,-30.1563
134.5,5,0,23,6,12,-70.1357,-29.0313
134.5,6,2,23,6,12,-71.1754,-28.8955
134.5,7,2,23,6,12,-69.4609,-30.398
134.5,8,1,23,6,12,-71.7971,-30.1887
134.5,9,1,23,6,11,-67.9993,-30.3514
134.5,10,0,23,6,11,-72.5261,-30.1718
134.5,11,0,23,6,9,-70.8396,-30.2451
134.5,12,2,23,6,9,-73.195,-30.209
134.5,13,2,23,6,6,-68.7406,-29.7461
134.5,14,1,23,6,6,-73.5914,-29.8504
134.6,0,1,23,6,12,-71.1299,-29.3028
134.6,1,0,23,6,13,-71.4528,-28.8839
134.6,2,2,23,6,13,-71.4574,-29.489
134.6,3,1,23,6,13,-70.6257,-29.4735
134.6,4,0,23,6,13,-70.9979,-30.1514
134.6,5,0,23,6,12,-70.1524,-29.0166
134.6,6,2,23,6,12,-71.1641,-28.8819
134.6,7,2,23,6,12,-69.486,-30.3853
134.6,8,1,23,6,12,-71.7811,-30.1727
134.6,9,1,23,6,11,-68.0285,-30.3446
134.6,10,0,23,6,11,-72.5156,-30.1527
134.6,11,0,23,6,9,-70.862,-30.268
134.6,12,2,23,6,9,-73.1836,-30.1927
134.6,13,2,23,6,6,-68.7173,-29.7548
134.6,14,1,23,6,6,-73.5847,-29.8552
134.7,0,1,23,6,12,-71.1106,-29.302
134.7,1,0,23,6,13,-71.4486,-28.8824
134.7,2,2,23,6,13,-71.4394,-29.4876
134.7,3,1,23,6,13,-70.6367,-29.4736
134.7,4,0,23,6,13,-70.9846,-30.1493
134.7,5,0,23,6,12,-70.1685,-29.0008
134.7,6,2,23,6,12,-71.152,-28.872
134.7,7,2,23,6,12,-69.5111,-30.3713
134.7,8,1,23,6,12,-71.7646,-30.1615
134.7,9,1,23,6,11,-68.058,-30.3369
134.7,10,0,23,6,11,-72.5055,-30.1357
134.7,11,0,23,6,9,-70.882,-30.2891
134.7,12,2,23,6,9,-73.1722,-30.1771
134.7,13,2,23,6,6,-68.6848,-29.7625
134.7,14,1,23,6,6,-73.5779,-29.8592
134.8,0,1,23,6,12,-71.0899,-29.3032
134.8,1,0,23,6,13,-71.4433,-28.8829
134.8,2,2,23,6,13,-71.4204,-29.489
134.8,3,1,23,6,13,-70.6418,-29.4757
134.8,4,0,23,6,13,-70.97,-30.1501
134.8,5,0,23,6,12,-70.1887,-28.9836
134.8,6,2,23,6,12,-71.1395,-28.8665
134.8,7,2,23,6,12,-69.5363,-30.3558
134.8,8,1,23,6,12,-71.7478,-30.1553
134.8,9,1,23,6,11,-68.0882,-30.328
134.8,10,0,23,6,11,-72.4959,-30.1205
134.8,11,0,23,6,9,-70.9001,-30.3077
134.8,12,2,23,6,9,-73.1607,-30.1632
134.8,13,2,23,6,6,-68.6444,-29.7679
134.8,14,1,23,6,6,-73.5709,-29.8614
134.9,0,1,23,6,12,-71.0677,-29.3061
134.9,1,0,23,6,13,-71.4368,-28.8855
134.9,2,2,23,6,13,-71.4003,-29.4932
134.9,3,1,23,6,13,-70.6457,-29.4798
134.9,4,0,23,6,13,-70.9544,-30.1543
134.9,5,0,23,6,12,-70.2038,-28.9654
134.9,6,2,23,6,12,-71.1264,-28.8662
134.9,7,2,23,6,12,-69.5617,-30.3388
134.9,8,1,23,6,12,-71.7306,-30.1552
134.9,9,1,23,6,11,-68.1191,-30.3179
134.9,10,0,23,6,11,-72.4869,-30.1076
134.9,11,0,23,6,9,-70.917,-30.3234
134.9,12,2,23,6,9,-73.1494,-30.1508
134.9,13,2,23,6,6,-68.5981,-29.7713
134.9,14,1,23,6,6,-73.5641,-29.8632
135,0,1,23,6,12,-71.0442,-29.3121
135,1,0,23,6,13,-71.4292,-28.8902
135,2,2,23,6,13,-71.3793,-29.5003
135,3,1,23,6,13,-70.649,-29.486
135,4,0,23,6,13,-70.9377,-30.1609
135,5,0,23,6,12,-70.2182,-28.9457
135,6,2,23,6,12,-71.1127,-28.867
135,7,2,23,6,12,-69.5873,-30.3203
135,8,1,23,6,12,-71.713,-30.1567
135,9,1,23,6,11,-68.1516,-30.3064
135,10,0,23,6,11,-72.4786,-30.0972
135,11,0,23,6,9,-70.935,-30.3357
135,12,2,23,6,9,-73.1384,-30.14
135,13,2,23,6,6,-68.5481,-29.7722
135,14,1,23,6,6,-73.5573,-29.8638
135.1,0,1,23,6,12,-71.0376,-29.3341
135.1,1,0,23,6,13,-71.4252,-28.8966
135.1,2,2,23,6,13,-71.3747,-29.5236
135.1,3,1,23,6,13,-70.6453,-29.4937
135.1,4,0,23,6,13,-70.9325,-30.1831
135.1,5,0,23,6,12,-70.2136,-28.9254
135.1,6,2,23,6,12,-71.1075,-28.8716
135.1,7,2,23,6,12,-69.5748,-30.301
135.1,8,1,23,6,12,-71.7015,-30.1629
135.1,9,1,23,6,11,-68.1112,-30.2952
135.1,10,0,23,6,11,-72.4753,-30.0893
135.1,11,0,23,6,9,-70.8941,-30.3445
135.1,12,2,23,6,9,-73.1307,-30.1315
135.1,13,2,23,6,6,-68.3641,-29.7708
135.1,14,1,23,6,6,-73.5521,-29.8631
135.2,0,1,23,6,12,-71.0308,-29.3548
135.2,1,0,23,6,13,-71.4209,-28.9051
135.2,2,2,23,6,13,-71.3701,-29.5452
135.2,3,1,23,6,13,-70.6415,-29.5037
135.2,4,0,23,6,13,-70.9271,-30.2035
135.2,5,0,23,6,12,-70.2094,-28.9054
135.2,6,2,23,6,12,-71.1023,-28.8768
135.2,7,2,23,6,12,-69.5631,-30.2814
135.2,8,1,23,6,12,-71.6902,-30.1704
135.2,9,1,23,6,11,-68.0729,-30.2829
135.2,10,0,23,6,11,-72.4731,-30.0842
135.2,11,0,23,6,9,-70.8541,-30.3498
135.2,12,2,23,6,9,-73.1232,-30.1242
135.2,13,2,23,6,6,-68.1784,-29.769
135.2,14,1,23,6,6,-73.5471,-29.8615
135.3,0,1,23,6,12,-71.0239,-29.3744
135.3,1,0,23,6,13,-71.4164,-28.9154
135.3,2,2,23,6,13,-71.3655,-29.5659
135.3,3,1,23,6,13,-70.6378,-29.5152
135.3,4,0,23,6,13,-70.9213,-30.2224
135.3,5,0,23,6,12,-70.2053,-28.8848
135.3,6,2,23,6,12,-71.097,-28.8819
135.3,7,2,23,6,12,-69.5523,-30.2611
135.3,8,1,23,6,12,-71.6792,-30.1785
135.3,9,1,23,6,11,-68.0371,-30.2699
135.3,10,0,23,6,11,-72.4715,-30.0809
135.3,11,0,23,6,9,-70.8156,-30.3523
135.3,12,2,23,6,9,-73.1163,-30.1193
135.3,13,2,23,6,6,-67.9932,-29.7666
135.3,14,1,23,6,6,-73.5423,-29.8591
135.4,0,1,23,6,12,-71.0169,-29.3925
135.4,1,0,23,6,13,-71.4118,-28.9269
135.4,2,2,23,6,13,-71.3608,-29.5849
135.4,3,1,23,6,13,-70.6342,-29.5278
135.4,4,0,23,6,13,-70.9153,-30.2396
135.4,5,0,23,6,12,-70.2014,-28.865
135.4,6,2,23,6,12,-71.0918,-28.8871
135.4,7,2,23,6,12,-69.5425,-30.2413
135.4,8,1,23,6,12,-71.6687,-30.1872
135.4,9,1,23,6,11,-68.004,-30.2574
135.4,10,0,23,6,11,-72.4706,-30.0794
135.4,11,0,23,6,9,-70.779,-30.3519
135.4,12,2,23,6,9,-73.1097,-30.1161
135.4,13,2,23,6,6,-67.8106,-29.7642
135.4,14,1,23,6,6,-73.5377,-29.855
135.5,0,1,23,6,12,-71.0097,-29.409
135.5,1,0,23,6,13,-71.4071,-28.9399
135.5,2,2,23,6,13,-71.3562,-29.6023
135.5,3,1,23,6,13,-70.6308,-29.5418
135.5,4,0,23,6,13,-70.9091,-30.255
135.5,5,0,23,6,12,-70.198,-28.8451
135.5,6,2,23,6,12,-71.0868,-28.8924
135.5,7,2,23,6,12,-69.5338,-30.2213
135.5,8,1,23,6,12,-71.6586,-30.1962
135.5,9,1,23,6,11,-67.9741,-30.2448
135.5,10,0,23,6,11,-72.4704,-30.08
135.5,11,0,23,6,9,-70.745,-30.348
135.5,12,2,23,6,9,-73.1038,-30.1152
135.5,13,2,23,6,6,-67.6335,-29.7612
135.5,14,1,23,6,6,-73.5335,-29.8505
135.6,0,1,23,6,12,-71.0024,-29.424
135.6,1,0,23,6,13,-71.4022,-28.9545
135.6,2,2,23,6,13,-71.3516,-29.6181
135.6,3,1,23,6,13,-70.6274,-29.5574
135.6,4,0,23,6,13,-70.9027,-30.2686
135.6,5,0,23,6,12,-70.1949,-28.8263
135.6,6,2,23,6,12,-71.0816,-28.898
135.6,7,2,23,6,12,-69.5263,-30.202
135.6,8,1,23,6,12,-71.6489,-30.2062
135.6,9,1,23,6,11,-67.9476,-30.2322
135.6,10,0,23,6,11,-72.4709,-30.0827
135.6,11,0,23,6,9,-70.7139,-30.3418
135.6,12,2,23,6,9,-73.0982,-30.1157
135.6,13,2,23,6,6,-67.4646,-29.7577
135.6,14,1,23,6,6,-73.5293,-29.8452
135.7,0,1,23,6,12,-70.9951,-29.4362
135.7,1,0,23,6,13,-71.3973,-28.9692
135.7,2,2,23,6,13,-71.3469,-29.6312
135.7,3,1,23,6,13,-70.6244,-29.5728
135.7,4,0,23,6,13,-70.8961,-30.2793
135.7,5,0,23,6,12,-70.1924,-28.8084
135.7,6,2,23,6,12,-71.0766,-28.9022
135.7,7,2,23,6,12,-69.5201,-30.1831
135.7,8,1,23,6,12,-71.6397,-30.215
135.7,9,1,23,6,11,-67.925,-30.2205
135.7,10,0,23,6,11,-72.4717,-30.0871
135.7,11,0,23,6,9,-70.6861,-30.3331
135.7,12,2,23,6,9,-73.0932,-30.1177
135.7,13,2,23,6,6,-67.3061,-29.7549
135.7,14,1,23,6,6,-73.5256,-29.8395
135.8,0,1,23,6,12,-70.9878,-29.4468
135.8,1,0,23,6,13,-71.3923,-28.9858
135.8,2,2,23,6,13,-71.3423,-29.6423
135.8,3,1,23,6,13,-70.6215,-29.59
135.8,4,0,23,6,13,-70.8894,-30.2881
135.8,5,0,23,6,12,-70.1902,-28.7911
135.8,6,2,23,6,12,-71.0717,-28.907
135.8,7,2,23,6,12,-69.5152,-30.165
135.8,8,1,23,6,12,-71.631,-30.2248
135.8,9,1,23,6,11,-71.7098,-30.2043
135.8,10,0,23,6,11,-72.4733,-30.0933
135.8,11,0,23,6,9,-70.6619,-30.3216
135.8,12,2,23,6,9,-73.0888,-30.1217
135.8,13,2,23,6,6,-67.1607,-29.7511
135.8,14,1,23,6,6,-73.5219,-29.8327
135.9,0,1,23,6,12,-70.9804,-29.4551
135.9,1,0,23,6,13,-71.3874,-29.0028
135.9,2,2,23,6,13,-71.3376,-29.6514
135.9,3,1,23,6,13,-70.6189,-29.6075
135.9,4,0,23,6,13,-70.8825,-30.2947
135.9,5,0,23,6,12,-70.1885,-28.7756
135.9,6,2,23,6,12,-71.0669,-28.9113
135.9,7,2,23,6,12,-69.5116,-30.1482
135.9,8,1,23,6,12,-71.623,-30.2343
135.9,9,1,23,6,11,-71.705,-30.1935
135.9,10,0,23,6,11,-72.4753,-30.1008
135.9,11,0,23,6,9,-70.6417,-30.3085
135.9,12,2,23,6,9,-73.0847,-30.1271
135.9,13,2,23,6,6,-67.0308,-29.7477
135.9,14,1,23,6,6,-73.5186,-29.8259
136,0,1,23,6,12,-70.9731,-29.4608
136,1,0,23,6,13,-71.3825,-29.0726
136,2,2,23,6,13,-71.3329,-29.6576
136,3,1,23,6,13,-70.6167,-29.6254
136,4,0,23,6,13,-70.8757,-30.2986
136,5,0,23,6,12,-70.1873,-28.761
136,6,2,23,6,12,-71.0623,-28.9153
136,7,2,23,6,12,-69.5095,-30.1322
136,8,1,23,6,12,-71.6154,-30.2435
136,9,1,23,6,11,-71.7008,-30.1836
136,10,0,23,6,11,-72.4776,-30.1097
136,11,0,23,6,9,-70.6257,-30.2929
136,12,2,23,6,9,-73.081,-30.1335
136,13,2,23,6,6,-66.9182,-29.7446
136,14,1,23,6,6,-73.5154,-29.8182
136.1,0,1,23,6,12,-70.9659,-29.4641
136.1,1,0,23,6,13,-71.3775,-29.1334
136.1,2,2,23,6,13,-71.3281,-29.6615
136.1,3,1,23,6,13,-70.6145,-29.6434
136.1,4,0,23,6,13,-70.8688,-30.3001
136.1,5,0,23,6,12,-70.1866,-28.7484
136.1,6,2,23,6,12,-71.0576,-28.9187
136.1,7,2,23,6,12,-69.5126,-30.118
136.1,8,1,23,6,12,-71.6083,-30.2523
136.1,9,1,23,6,11,-71.6972,-30.1738
136.1,10,0,23,6,11,-72.4802,-30.12
136.1,11,0,23,6,9,-70.6138,-30.2765
136.1,12,2,23,6,9,-73.0776,-30.1414
136.1,13,2,23,6,6,-66.8249,-29.7413
136.1,14,1,23,6,6,-73.5126,-29.8102
136.2,0,1,23,6,12,-70.9587,-29.4657
136.2,1,0,23,6,13,-71.3727,-29.1805
136.2,2,2,23,6,13,-71.3232,-29.6636
136.2,3,1,23,6,13,-70.6128,-29.6617
136.2,4,0,23,6,13,-70.8671,-30.2997
136.2,5,0,23,6,12,-70.1865,-28.7364
136.2,6,2,23,6,12,-71.0531,-28.9219
136.2,7,2,23,6,12,-69.5132,-30.1043
136.2,8,1,23,6,12,-71.6018,-30.2609
136.2,9,1,23,6,11,-71.6943,-30.1655
136.2,10,0,23,6,11,-72.4829,-30.1313
136.2,11,0,23,6,9,-70.6063,-30.2582
136.2,12,2,23,6,9,-73.0748,-30.1499
136.2,13,2,23,6,6,-66.7525,-29.7386
136.2,14,1,23,6,6,-73.5097,-29.8023
136.3,0,1,23,6,12,-70.9516,-29.4646
136.3,1,0,23,6,13,-71.3679,-29.2124
136.3,2,2,23,6,13,-71.3184,-29.6629
136.3,3,1,23,6,13,-70.6113,-29.6796
136.3,4,0,23,6,13,-70.8601,-30.2967
136.3,5,0,23,6,12,-70.1868,-28.7261
136.3,6,2,23,6,12,-71.0486,-28.9242
136.3,7,2,23,6,12,-69.5152,-30.0922
136.3,8,1,23,6,12,-71.5958,-30.2686
136.3,9,1,23,6,11,-71.6921,-30.1574
136.3,10,0,23,6,11,-72.4858,-30.1438
136.3,11,0,23,6,9,-70.6031,-30.2392
136.3,12,2,23,6,9,-73.0723,-30.1598
136.3,13,2,23,6,6,-66.7011,-29.7353
136.3,14,1,23,6,6,-73.5071,-29.7936
136.4,0,1,23,6,12,-70.9445,-29.4616
136.4,1,0,23,6,13,-71.3631,-29.2292
136.4,2,2,23,6,13,-71.3133,-29.6602
136.4,3,1,23,6,13,-70.6101,-29.6974
136.4,4,0,23,6,13,-70.8531,-30.2917
136.4,5,0,23,6,12,-70.1878,-28.7169
136.4,6,2,23,6,12,-71.0443,-28.9263
136.4,7,2,23,6,12,-69.5185,-30.0811
136.4,8,1,23,6,12,-71.5902,-30.276
136.4,9,1,23,6,11,-67.8805,-30.1553
136.4,10,0,23,6,11,-72.4886,-30.1566
136.4,11,0,23,6,9,-70.6041,-30.2193
136.4,12,2,23,6,9,-73.0699,-30.1703
136.4,13,2,23,6,6,-66.6715,-29.7322
136.4,14,1,23,6,6,-73.5046,-29.7851
136.5,0,1,23,6,12,-70.9376,-29.4567
136.5,1,0,23,6,13,-71.3585,-29.231
136.5,2,2,23,6,13,-71.3083,-29.6557
136.5,3,1,23,6,13,-70.6091,-29.7149
136.5,4,0,23,6,13,-70.8462,-30.2851
136.5,5,0,23,6,12,-70.1891,-28.7096
136.5,6,2,23,6,12,-71.04,-28.9279
136.5,7,2,23,6,12,-69.5231,-30.0718
136.5,8,1,23,6,12,-71.5852,-30.2829
136.5,9,1,23,6,11,-67.8906,-30.1487
136.5,10,0,23,6,11,-72.4915,-30.1704
136.5,11,0,23,6,9,-70.6091,-30.1992
136.5,12,2,23,6,9,-73.0678,-30.1811
136.5,13,2,23,6,6,-66.6637,-29.7299
136.5,14,1,23,6,6,-73.5021,-29.7766
136.6,0,1,23,6,12,-70.9308,-29.4498
136.6,1,0,23,6,13,-71.354,-29.22
136.6,2,2,23,6,13,-71.3032,-29.6491
136.6,3,1,23,6,13,-70.6084,-29.7316
136.6,4,0,23,6,13,-70.8392,-30.2763
136.6,5,0,23,6,12,-70.1907,-28.7033
136.6,6,2,23,6,12,-71.0357,-28.9285
136.6,7,2,23,6,12,-69.5284,-30.0636
136.6,8,1,23,6,12,-71.5804,-30.2885
136.6,9,1,23,6,11,-67.9034,-30.1433
136.6,10,0,23,6,11,-72.4942,-30.1844
136.6,11,0,23,6,9,-70.6172,-30.1784
136.6,12,2,23,6,9,-73.0657,-30.1923
136.6,13,2,23,6,6,-66.6739,-29.7276
136.6,14,1,23,6,6,-73.4997,-29.7682
136.7,0,1,23,6,12,-70.9244,-29.4415
136.7,1,0,23,6,13,-71.3495,-29.1965
136.7,2,2,23,6,13,-71.298,-29.641
136.7,3,1,23,6,13,-70.6077,-29.748
136.7,4,0,23,6,13,-70.8324,-30.2662
136.7,5,0,23,6,12,-70.1926,-28.6979
136.7,6,2,23,6,12,-71.0313,-28.9292
136.7,7,2,23,6,12,-69.5346,-30.0565
136.7,8,1,23,6,12,-71.5758,-30.2942
136.7,9,1,23,6,11,-67.9188,-30.138
136.7,10,0,23,6,11,-72.4965,-30.1989
136.7,11,0,23,6,9,-70.6281,-30.1583
136.7,12,2,23,6,9,-73.0725,-30.2039
136.7,13,2,23,6,6,-66.7021,-29.7249
136.7,14,1,23,6,6,-73.4971,-29.7595
136.8,0,1,23,6,12,-70.9178,-29.4327
136.8,1,0,23,6,13,-71.345,-29.161
136.8,2,2,23,6,13,-71.2921,-29.6316
136.8,3,1,23,6,13,-70.6069,-29.7613
136.8,4,0,23,6,13,-70.8249,-30.2542
136.8,5,0,23,6,12,-70.1945,-28.6966
136.8,6,2,23,6,12,-71.0264,-28.9318
136.8,7,2,23,6,12,-69.5412,-30.0538
136.8,8,1,23,6,12,-71.571,-30.3013
136.8,9,1,23,6,11,-67.9364,-30.1365
136.8,10,0,23,6,11,-72.4975,-30.2146
136.8,11,0,23,6,9,-70.6417,-30.1368
136.8,12,2,23,6,9,-73.0696,-30.215
136.8,13,2,23,6,6,-66.7465,-29.7228
136.8,14,1,23,6,6,-73.4941,-29.7514
136.9,0,1,23,6,12,-70.9108,-29.4219
136.9,1,0,23,6,13,-71.3403,-29.1659
136.9,2,2,23,6,13,-71.285,-29.6198
136.9,3,1,23,6,13,-70.6064,-29.7718
136.9,4,0,23,6,13,-70.8165,-30.2398
136.9,5,0,23,6,12,-70.1969,-28.6934
136.9,6,2,23,6,12,-71.022,-28.9328
136.9,7,2,23,6,12,-69.5473,-30.0448
136.9,8,1,23,6,12,-71.5653,-30.3053
136.9,9,1,23,6,11,-67.9558,-30.132
136.9,10,0,23,6,11,-72.4968,-30.2271
136.9,11,0,23,6,9,-70.6569,-30.1192
136.9,12,2,23,6,9,-73.0659,-30.2251
136.9,13,2,23,6,6,-66.8018,-29.7202
136.9,14,1,23,6,6,-73.491,-29.7447
137,0,1,23,6,12,-70.9036,-29.4089
137,1,0,23,6,13,-71.3351,-29.1734
137,2,2,23,6,13,-71.2771,-29.6062
137,3,1,23,6,13,-70.6057,-29.7789
137,4,0,23,6,13,-70.808,-30.2272
137,5,0,23,6,12,-70.198,-28.6821
137,6,2,23,6,12,-71.0161,-28.9325
137,7,2,23,6,12,-69.5535,-30.0308
137,8,1,23,6,12,-71.5575,-30.3062
137,9,1,23,6,11,-67.9768,-30.1245
137,10,0,23,6,11,-72.4939,-30.2326
137,11,0,23,6,9,-70.6734,-30.1106
137,12,2,23,6,9,-73.0613,-30.2348
137,13,2,23,6,6,-66.8633,-29.7189
137,14,1,23,6,6,-73.4876,-29.7429
137.1,0,1,23,6,12,-70.896,-29.3943
137.1,1,0,23,6,13,-71.3298,-29.1772
137.1,2,2,23,6,13,-71.2686,-29.5905
137.1,3,1,23,6,13,-70.6055,-29.7823
137.1,4,0,23,6,13,-70.799,-30.212
137.1,5,0,23,6,12,-70.1996,-28.6698
137.1,6,2,23,6,12,-71.0109,-28.9317
137.1,7,2,23,6,12,-69.5605,-30.0165
137.1,8,1,23,6,12,-71.5489,-30.305
137.1,9,1,23,6,11,-67.9986,-30.1146
137.1,10,0,23,6,11,-72.4891,-30.2389
137.1,11,0,23,6,9,-70.6905,-30.108
137.1,12,2,23,6,9,-73.0554,-30.2419
137.1,13,2,23,6,6,-66.9275,-29.7179
137.1,14,1,23,6,6,-73.4841,-29.7424
137.2,0,1,23,6,12,-70.8886,-29.3823
137.2,1,0,23,6,13,-71.3247,-29.178
137.2,2,2,23,6,13,-71.2597,-29.5775
137.2,3,1,23,6,13,-70.6052,-29.7835
137.2,4,0,23,6,13,-70.7898,-30.199
137.2,5,0,23,6,12,-70.2015,-28.6629
137.2,6,2,23,6,12,-71.0048,-28.9308
137.2,7,2,23,6,12,-69.5679,-30.0086
137.2,8,1,23,6,12,-71.5396,-30.3034
137.2,9,1,23,6,11,-68.0204,-30.1108
137.2,10,0,23,6,11,-72.4825,-30.245
137.2,11,0,23,6,9,-70.7079,-30.1076
137.2,12,2,23,6,9,-73.0481,-30.2462
137.2,13,2,23,6,6,-66.992,-29.7173
137.2,14,1,23,6,6,-73.4791,-29.7412
137.3,0,1,23,6,12,-70.8816,-29.3705
137.3,1,0,23,6,13,-71.3201,-29.1769
137.3,2,2,23,6,13,-71.2508,-29.5644
137.3,3,1,23,6,13,-70.6051,-29.7829
137.3,4,0,23,6,13,-70.7808,-30.1858
137.3,5,0,23,6,12,-70.2038,-28.6578
137.3,6,2,23,6,12,-70.9983,-28.9284
137.3,7,2,23,6,12,-69.5759,-30.0032
137.3,8,1,23,6,12,-71.5304,-30.3003
137.3,9,1,23,6,11,-68.0452,-30.1098
137.3,10,0,23,6,11,-72.4747,-30.2497
137.3,11,0,23,6,9,-70.7257,-30.11
137.3,12,2,23,6,9,-73.0401,-30.2476
137.3,13,2,23,6,6,-67.057,-29.7167
137.3,14,1,23,6,6,-73.4733,-29.7401
137.4,0,1,23,6,12,-70.875,-29.3585
137.4,1,0,23,6,13,-71.3158,-29.1753
137.4,2,2,23,6,13,-71.2423,-29.5516
137.4,3,1,23,6,13,-70.6051,-29.782
137.4,4,0,23,6,13,-70.7724,-30.1724
137.4,5,0,23,6,12,-70.2113,-28.654
137.4,6,2,23,6,12,-70.9919,-28.9259
137.4,7,2,23,6,12,-69.5846,-29.9994
137.4,8,1,23,6,12,-71.5211,-30.2967
137.4,9,1,23,6,11,-68.068,-30.1101
137.4,10,0,23,6,11,-72.4664,-30.2527
137.4,11,0,23,6,9,-70.7443,-30.1145
137.4,12,2,23,6,9,-73.0318,-30.2469
137.4,13,2,23,6,6,-67.1246,-29.7175
137.4,14,1,23,6,6,-73.4672,-29.7391
137.5,0,1,23,6,12,-70.8688,-29.3468
137.5,1,0,23,6,13,-71.3118,-29.1734
137.5,2,2,23,6,13,-71.234,-29.5389
137.5,3,1,23,6,13,-70.6053,-29.781
137.5,4,0,23,6,13,-70.7644,-30.1591
137.5,5,0,23,6,12,-70.2145,-28.6516
137.5,6,2,23,6,12,-70.9852,-28.922
137.5,7,2,23,6,12,-69.594,-29.9974
137.5,8,1,23,6,12,-71.5122,-30.2921
137.5,9,1,23,6,11,-68.092,-30.1113
137.5,10,0,23,6,11,-72.4577,-30.2554
137.5,11,0,23,6,9,-70.7638,-30.1208
137.5,12,2,23,6,9,-73.0233,-30.2442
137.5,13,2,23,6,6,-67.1966,-29.7183
137.5,14,1,23,6,6,-73.4606,-29.7382
137.6,0,1,23,6,12,-70.8628,-29.3349
137.6,1,0,23,6,13,-71.3082,-29.171
137.6,2,2,23,6,13,-71.226,-29.5258
137.6,3,1,23,6,13,-70.6057,-29.7794
137.6,4,0,23,6,13,-70.7568,-30.1453
137.6,5,0,23,6,12,-70.2183,-28.6505
137.6,6,2,23,6,12,-70.9785,-28.9183
137.6,7,2,23,6,12,-69.6042,-29.9972
137.6,8,1,23,6,12,-71.5034,-30.2871
137.6,9,1,23,6,11,-68.117,-30.1143
137.6,10,0,23,6,11,-72.4486,-30.2565
137.6,11,0,23,6,9,-70.7846,-30.1279
137.6,12,2,23,6,9,-73.0147,-30.2406
137.6,13,2,23,6,6,-67.2732,-29.7195
137.6,14,1,23,6,6,-73.4536,-29.7369
137.7,0,1,23,6,12,-70.8571,-29.3227
137.7,1,0,23,6,13,-71.3047,-29.1677
137.7,2,2,23,6,13,-71.2182,-29.5128
137.7,3,1,23,6,13,-70.6062,-29.7769
137.7,4,0,23,6,13,-70.7496,-30.1313
137.7,5,0,23,6,12,-70.2224,-28.6502
137.7,6,2,23,6,12,-70.9773,-28.9142
137.7,7,2,23,6,12,-69.6153,-29.998
137.7,8,1,23,6,12,-71.4949,-30.2817
137.7,9,1,23,6,11,-68.1436,-30.1181
137.7,10,0,23,6,11,-72.4391,-30.2577
137.7,11,0,23,6,9,-70.8067,-30.1363
137.7,12,2,23,6,9,-73.006,-30.2353
137.7,13,2,23,6,6,-67.3564,-29.7214
137.7,14,1,23,6,6,-73.4465,-29.7362
137.8,0,1,23,6,12,-70.8516,-29.3106
137.8,1,0,23,6,13,-71.3016,-29.1645
137.8,2,2,23,6,13,-71.2107,-29.4999
137.8,3,1,23,6,13,-70.6068,-29.7745
137.8,4,0,23,6,13,-70.7428,-30.1175
137.8,5,0,23,6,12,-70.227,-28.6516
137.8,6,2,23,6,12,-70.9704,-28.9097
137.8,7,2,23,6,12,-69.6271,-30.0006
137.8,8,1,23,6,12,-71.4868,-30.2762
137.8,9,1,23,6,11,-68.1718,-30.1225
137.8,10,0,23,6,11,-72.4296,-30.258
137.8,11,0,23,6,9,-70.8304,-30.1451
137.8,12,2,23,6,9,-72.9974,-30.2294
137.8,13,2,23,6,6,-67.446,-29.7231
137.8,14,1,23,6,6,-73.4392,-29.7355
137.9,0,1,23,6,12,-70.8464,-29.2975
137.9,1,0,23,6,13,-71.2987,-29.1608
137.9,2,2,23,6,13,-71.2033,-29.4862
137.9,3,1,23,6,13,-70.6075,-29.7716
137.9,4,0,23,6,13,-70.7362,-30.1027
137.9,5,0,23,6,12,-70.232,-28.6537
137.9,6,2,23,6,12,-70.9637,-28.9047
137.9,7,2,23,6,12,-69.6398,-30.0041
137.9,8,1,23,6,12,-71.4793,-30.2701
137.9,9,1,23,6,11,-68.2019,-30.1271
137.9,10,0,23,6,11,-72.42,-30.2582
137.9,11,0,23,6,9,-70.8557,-30.1538
137.9,12,2,23,6,9,-72.989,-30.2231
137.9,13,2,23,6,6,-67.5427,-29.7256
137.9,14,1,23,6,6,-73.4321,-29.7349
138,0,1,23,6,12,-70.8413,-29.2848
138,1,0,23,6,13,-71.2959,-29.1571
138,2,2,23,6,13,-71.1961,-29.4728
138,3,1,23,6,13,-70.6082,-29.7689
138,4,0,23,6,13,-70.7299,-30.0882
138,5,0,23,6,12,-70.2372,-28.6565
138,6,2,23,6,12,-70.9569,-28.8998
138,7,2,23,6,12,-69.6532,-30.0082
138,8,1,23,6,12,-71.472,-30.2642
138,9,1,23,6,11,-68.2339,-30.1322
138,10,0,23,6,11,-72.4104,-30.2578
138,11,0,23,6,9,-70.8827,-30.1628
138,12,2,23,6,9,-72.9808,-30.2165
138,13,2,23,6,6,-67.647,-29.7278
138,14,1,23,6,6,-73.4248,-29.7341
138.1,0,1,23,6,12,-70.8364,-29.2721
138.1,1,0,23,6,13,-71.2933,-29.1532
138.1,2,2,23,6,13,-71.189,-29.4595
138.1,3,1,23,6,13,-70.6092,-29.7656
138.1,4,0,23,6,13,-70.7238,-30.0739
138.1,5,0,23,6,12,-70.2428,-28.6603
138.1,6,2,23,6,12,-70.9503,-28.8946
138.1,7,2,23,6,12,-69.6675,-30.0136
138.1,8,1,23,6,12,-71.4652,-30.2579
138.1,9,1,23,6,11,-68.2679,-30.138
138.1,10,0,23,6,11,-72.4009,-30.2572
138.1,11,0,23,6,9,-70.9114,-30.171
138.1,12,2,23,6,9,-72.9729,-30.2099
138.1,13,2,23,6,6,-67.759,-29.7308
138.1,14,1,23,6,6,-73.4176,-29.7337
138.2,0,1,23,6,12,-70.8317,-29.2591
138.2,1,0,23,6,13,-71.2908,-29.1496
138.2,2,2,23,6,13,-71.1822,-29.446
138.2,3,1,23,6,13,-70.6101,-29.7627
138.2,4,0,23,6,13,-70.7181,-30.0595
138.2,5,0,23,6,12,-70.2486,-28.6642
138.2,6,2,23,6,12,-70.9436,-28.8895
138.2,7,2,23,6,12,-69.6826,-30.0191
138.2,8,1,23,6,12,-71.4588,-30.2518
138.2,9,1,23,6,11,-68.3039,-30.1432
138.2,10,0,23,6,11,-72.3917,-30.257
138.2,11,0,23,6,9,-70.9417,-30.1789
138.2,12,2,23,6,9,-72.9654,-30.2035
138.2,13,2,23,6,6,-67.8781,-29.7327
138.2,14,1,23,6,6,-73.4105,-29.7333
138.3,0,1,23,6,12,-70.8271,-29.2457
138.3,1,0,23,6,13,-71.2884,-29.1461
138.3,2,2,23,6,13,-71.1754,-29.4321
138.3,3,1,23,6,13,-70.6111,-29.7597
138.3,4,0,23,6,13,-70.7124,-30.0445
138.3,5,0,23,6,12,-70.2547,-28.6696
138.3,6,2,23,6,12,-70.937,-28.884
138.3,7,2,23,6,12,-69.6984,-30.0258
138.3,8,1,23,6,12,-71.453,-30.2457
138.3,9,1,23,6,11,-68.3421,-30.1484
138.3,10,0,23,6,11,-72.3827,-30.2572
138.3,11,0,23,6,9,-70.9736,-30.1856
138.3,12,2,23,6,9,-72.9582,-30.1972
138.3,13,2,23,6,6,-68.0042,-29.7353
138.3,14,1,23,6,6,-73.4037,-29.7332
138.4,0,1,23,6,12,-70.8226,-29.2325
138.4,1,0,23,6,13,-71.286,-29.1419
138.4,2,2,23,6,13,-71.1688,-29.4187
138.4,3,1,23,6,13,-70.612,-29.756
138.4,4,0,23,6,13,-70.707,-30.0301
138.4,5,0,23,6,12,-70.261,-28.6747
138.4,6,2,23,6,12,-70.9305,-28.8792
138.4,7,2,23,6,12,-69.715,-30.0324
138.4,8,1,23,6,12,-71.4476,-30.2403
138.4,9,1,23,6,11,-68.3823,-30.1539
138.4,10,0,23,6,11,-72.3738,-30.257
138.4,11,0,23,6,9,-71.007,-30.1918
138.4,12,2,23,6,9,-72.9514,-30.1919
138.4,13,2,23,6,6,-68.1364,-29.7373
138.4,14,1,23,6,6,-73.3972,-29.7328
138.5,0,1,23,6,12,-70.8182,-29.2191
138.5,1,0,23,6,13,-71.2839,-29.1387
138.5,2,2,23,6,13,-71.1623,-29.4051
138.5,3,1,23,6,13,-70.6131,-29.7532
138.5,4,0,23,6,13,-70.7017,-30.0158
138.5,5,0,23,6,12,-70.2676,-28.6804
138.5,6,2,23,6,12,-70.9241,-28.8743
138.5,7,2,23,6,12,-69.7323,-30.0395
138.5,8,1,23,6,12,-71.4428,-30.2348
138.5,9,1,23,6,11,-68.4245,-30.1588
138.5,10,0,23,6,11,-72.3653,-30.2568
138.5,11,0,23,6,9,-71.0473,-30.1971
138.5,12,2,23,6,9,-72.9452,-30.1869
138.5,13,2,23,6,6,-68.2741,-29.7401
138.5,14,1,23,6,6,-73.3909,-29.733
138.6,0,1,23,6,12,-70.814,-29.2059
138.6,1,0,23,6,13,-71.2817,-29.1358
138.6,2,2,23,6,13,-71.1559,-29.3916
138.6,3,1,23,6,13,-70.6142,-29.7504
138.6,4,0,23,6,13,-70.6966,-30.0014
138.6,5,0,23,6,12,-70.2743,-28.6865
138.6,6,2,23,6,12,-70.9178,-28.8694
138.6,7,2,23,6,12,-69.7504,-30.0469
138.6,8,1,23,6,12,-71.4385,-30.2296
138.6,9,1,23,6,11,-68.4687,-30.1634
138.6,10,0,23,6,11,-72.3572,-30.2574
138.6,11,0,23,6,9,-71.0833,-30.2013
138.6,12,2,23,6,9,-72.9393,-30.1829
138.6,13,2,23,6,6,-68.4165,-29.7415
138.6,14,1,23,6,6,-73.3849,-29.7328
138.7,0,1,23,6,12,-70.8097,-29.1932
138.7,1,0,23,6,13,-71.2797,-29.133
138.7,2,2,23,6,13,-71.1496,-29.3788
138.7,3,1,23,6,13,-70.6154,-29.7477
138.7,4,0,23,6,13,-70.6915,-29.9879
138.7,5,0,23,6,12,-70.2811,-28.6929
138.7,6,2,23,6,12,-70.9116,-28.8649
138.7,7,2,23,6,12,-69.769,-30.0546
138.7,8,1,23,6,12,-71.4344,-30.2249
138.7,9,1,23,6,11,-68.5146,-30.1682
138.7,10,0,23,6,11,-72.3494,-30.2576
138.7,11,0,23,6,9,-71.1204,-30.2037
138.7,12,2,23,6,9,-72.9339,-30.1797
138.7,13,2,23,6,6,-68.5624,-29.7438
138.7,14,1,23,6,6,-73.3791,-29.7332
138.8,0,1,23,6,12,-70.8056,-29.1801
138.8,1,0,23,6,13,-71.2776,-29.1302
138.8,2,2,23,6,13,-71.1434,-29.3657
138.8,3,1,23,6,13,-70.6166,-29.7451
138.8,4,0,23,6,13,-70.6866,-29.9742
138.8,5,0,23,6,12,-70.2882,-28.7002
138.8,6,2,23,6,12,-70.9056,-28.8608
138.8,7,2,23,6,12,-69.7882,-30.0629
138.8,8,1,23,6,12,-71.431,-30.2205
138.8,9,1,23,6,11,-68.5623,-30.1724
138.8,10,0,23,6,11,-72.342,-30.2587
138.8,11,0,23,6,9,-71.1583,-30.2056
138.8,12,2,23,6,9,-72.9288,-30.1767
138.8,13,2,23,6,6,-68.7106,-29.7454
138.8,14,1,23,6,6,-73.3736,-29.7332
138.9,0,1,23,6,12,-70.8015,-29.1676
138.9,1,0,23,6,13,-71.2756,-29.1281
138.9,2,2,23,6,13,-71.1373,-29.3532
138.9,3,1,23,6,13,-70.6177,-29.7429
138.9,4,0,23,6,13,-70.6818,-29.9612
138.9,5,0,23,6,12,-70.2953,-28.7072
138.9,6,2,23,6,12,-70.8995,-28.8567
138.9,7,2,23,6,12,-69.808,-30.0707
138.9,8,1,23,6,12,-71.4279,-30.2167
138.9,9,1,23,6,11,-68.6116,-30.1761
138.9,10,0,23,6,11,-72.335,-30.2597
138.9,11,0,23,6,9,-71.1969,-30.2064
138.9,12,2,23,6,9,-72.9242,-30.1751
138.9,13,2,23,6,6,-68.8603,-29.7467
138.9,14,1,23,6,6,-73.3685,-29.7335
139,0,1,23,6,12,-70.7974,-29.1555
139,1,0,23,6,13,-71.2736,-29.1262
139,2,2,23,6,13,-71.1312,-29.3412
139,3,1,23,6,13,-70.619,-29.7408
139,4,0,23,6,13,-70.677,-29.9487
139,5,0,23,6,12,-70.3024,-28.7139
139,6,2,23,6,12,-70.8938,-28.8528
139,7,2,23,6,12,-69.8282,-30.0782
139,8,1,23,6,12,-71.425,-30.2128
139,9,1,23,6,11,-68.6623,-30.1796
139,10,0,23,6,11,-72.3284,-30.2609
139,11,0,23,6,9,-71.236,-30.2054
139,12,2,23,6,9,-72.9201,-30.1744
139,13,2,23,6,6,-69.0105,-29.7479
139,14,1,23,6,6,-73.3636,-29.7341
139.1,0,1,23,6,12,-70.7934,-29.1437
139.1,1,0,23,6,13,-71.2715,-29.1246
139.1,2,2,23,6,13,-71.1253,-29.3296
139.1,3,1,23,6,13,-70.6201,-29.739
139.1,4,0,23,6,13,-70.6723,-29.9366
139.1,5,0,23,6,12,-70.3097,-28.7211
139.1,6,2,23,6,12,-70.888,-28.8497
139.1,7,2,23,6,12,-69.8488,-30.0861
139.1,8,1,23,6,12,-71.4286,-30.2102
139.1,9,1,23,6,11,-68.7144,-30.1827
139.1,10,0,23,6,11,-72.3221,-30.2627
139.1,11,0,23,6,9,-71.2752,-30.2034
139.1,12,2,23,6,9,-72.9163,-30.1741
139.1,13,2,23,6,6,-69.16,-29.7489
139.1,14,1,23,6,6,-73.359,-29.7348
139.2,0,1,23,6,12,-70.7894,-29.1322
139.2,1,0,23,6,13,-71.2696,-29.1231
139.2,2,2,23,6,13,-71.1194,-29.3183
139.2,3,1,23,6,13,-70.6213,-29.7372
139.2,4,0,23,6,13,-70.6677,-29.9253
139.2,5,0,23,6,12,-70.317,-28.7286
139.2,6,2,23,6,12,-70.8824,-28.8465
139.2,7,2,23,6,12,-69.8698,-30.094
139.2,8,1,23,6,12,-71.4265,-30.2077
139.2,9,1,23,6,11,-68.7676,-30.1854
139.2,10,0,23,6,11,-72.3162,-30.2646
139.2,11,0,23,6,9,-71.3145,-30.2007
139.2,12,2,23,6,9,-72.9128,-30.1747
139.2,13,2,23,6,6,-69.3077,-29.7499
139.2,14,1,23,6,6,-73.3548,-29.7354
139.3,0,1,23,6,12,-70.7854,-29.1218
139.3,1,0,23,6,13,-71.2676,-29.1222
139.3,2,2,23,6,13,-71.1135,-29.308
139.3,3,1,23,6,13,-70.6224,-29.7358
139.3,4,0,23,6,13,-70.663,-29.9148
139.3,5,0,23,6,12,-70.3243,-28.7353
139.3,6,2,23,6,12,-70.8768,-28.8441
139.3,7,2,23,6,12,-69.8911,-30.1012
139.3,8,1,23,6,12,-71.4245,-30.2057
139.3,9,1,23,6,11,-68.8215,-30.188
139.3,10,0,23,6,11,-72.3106,-30.2662
139.3,11,0,23,6,9,-71.3537,-30.1969
139.3,12,2,23,6,9,-72.9097,-30.176
139.3,13,2,23,6,6,-69.4532,-29.7506
139.3,14,1,23,6,6,-73.3506,-29.7359
139.4,0,1,23,6,12,-70.7814,-29.1116
139.4,1,0,23,6,13,-71.2656,-29.1219
139.4,2,2,23,6,13,-71.1078,-29.2982
139.4,3,1,23,6,13,-70.6236,-29.7351
139.4,4,0,23,6,13,-70.6584,-29.9048
139.4,5,0,23,6,12,-70.3317,-28.7428
139.4,6,2,23,6,12,-70.8715,-28.8416
139.4,7,2,23,6,12,-69.9126,-30.109
139.4,8,1,23,6,12,-71.4228,-30.2039
139.4,9,1,23,6,11,-68.8763,-30.19
139.4,10,0,23,6,11,-72.3054,-30.2685
139.4,11,0,23,6,9,-71.3924,-30.192
139.4,12,2,23,6,9,-72.9067,-30.1783
139.4,13,2,23,6,6,-69.5953,-29.7504
139.4,14,1,23,6,6,-73.3468,-29.7366
139.5,0,1,23,6,12,-70.7774,-29.1018
139.5,1,0,23,6,13,-71.2635,-29.1213
139.5,2,2,23,6,13,-71.102,-29.2886
139.5,3,1,23,6,13,-70.6246,-29.7338
139.5,4,0,23,6,13,-70.6539,-29.8954
139.5,5,0,23,6,12,-70.3391,-28.7495
139.5,6,2,23,6,12,-70.8661,-28.8401
139.5,7,2,23,6,12,-69.9342,-30.1157
139.5,8,1,23,6,12,-71.4212,-30.2033
139.5,9,1,23,6,11,-68.9317,-30.1922
139.5,10,0,23,6,11,-72.3004,-30.271
139.5,11,0,23,6,9,-71.4306,-30.1861
139.5,12,2,23,6,9,-72.9041,-30.1806
139.5,13,2,23,6,6,-69.7337,-29.7509
139.5,14,1,23,6,6,-73.3432,-29.7374
139.6,0,1,23,6,12,-70.7733,-29.0932
139.6,1,0,23,6,13,-71.2615,-29.1217
139.6,2,2,23,6,13,-71.0963,-29.2805
139.6,3,1,23,6,13,-70.6257,-29.7336
139.6,4,0,23,6,13,-70.6493,-29.8872
139.6,5,0,23,6,12,-70.3463,-28.7557
139.6,6,2,23,6,12,-70.8609,-28.8382
139.6,7,2,23,6,12,-69.956,-30.1219
139.6,8,1,23,6,12,-71.4196,-30.2022
139.6,9,1,23,6,11,-68.9875,-30.1932
139.6,10,0,23,6,11,-72.2958,-30.2733
139.6,11,0,23,6,9,-71.4682,-30.1803
139.6,12,2,23,6,9,-72.9017,-30.184
139.6,13,2,23,6,6,-69.872,-29.7508
139.6,14,1,23,6,6,-73.3397,-29.7381
139.7,0,1,23,6,12,-70.7692,-29.0849
139.7,1,0,23,6,13,-71.2594,-29.1219
139.7,2,2,23,6,13,-71.0906,-29.2725
139.7,3,1,23,6,13,-70.6268,-29.7332
139.7,4,0,23,6,13,-70.6446,-29.8794
139.7,5,0,23,6,12,-70.3535,-28.7624
139.7,6,2,23,6,12,-70.8557,-28.8368
139.7,7,2,23,6,12,-69.9778,-30.1285
139.7,8,1,23,6,12,-71.4182,-30.202
139.7,9,1,23,6,11,-69.0435,-30.1943
139.7,10,0,23,6,11,-72.2913,-30.276
139.7,11,0,23,6,9,-71.5049,-30.1733
139.7,12,2,23,6,9,-72.8994,-30.1878
139.7,13,2,23,6,6,-70.0014,-29.7506
139.7,14,1,23,6,6,-73.3364,-29.7392
139.8,0,1,23,6,12,-70.7651,-29.0773
139.8,1,0,23,6,13,-71.2572,-29.1222
139.8,2,2,23,6,13,-71.0849,-29.2654
139.8,3,1,23,6,13,-70.6277,-29.7327
139.8,4,0,23,6,13,-70.6401,-29.8725
139.8,5,0,23,6,12,-70.3608,-28.7688
139.8,6,2,23,6,12,-70.8507,-28.8365
139.8,7,2,23,6,12,-69.9997,-30.1348
139.8,8,1,23,6,12,-71.4168,-30.2026
139.8,9,1,23,6,11,-69.0995,-30.1955
139.8,10,0,23,6,11,-72.287,-30.2784
139.8,11,0,23,6,9,-71.5406,-30.1658
139.8,12,2,23,6,9,-72.8971,-30.1921
139.8,13,2,23,6,6,-70.1255,-29.7501
139.8,14,1,23,6,6,-73.3332,-29.7401
139.9,0,1,23,6,12,-70.7609,-29.0704
139.9,1,0,23,6,13,-71.2549,-29.1227
139.9,2,2,23,6,13,-71.0792,-29.2588
139.9,3,1,23,6,13,-70.6286,-29.7325
139.9,4,0,23,6,13,-70.6354,-29.8662
139.9,5,0,23,6,12,-70.3678,-28.7743
139.9,6,2,23,6,12,-70.8456,-28.8354
139.9,7,2,23,6,12,-70.0214,-30.1399
139.9,8,1,23,6,12,-71.4153,-30.2026
139.9,9,1,23,6,11,-69.1555,-30.1958
139.9,10,0,23,6,11,-72.2828,-30.2812
139.9,11,0,23,6,9,-71.5753,-30.1581
139.9,12,2,23,6,9,-72.895,-30.1966
139.9,13,2,23,6,6,-70.2444,-29.7492
139.9,14,1,23,6,6,-73.3302,-29.7413
140,0,1,23,6,12,-70.7567,-29.0645
140,1,0,23,6,13,-71.2526,-29.124
140,2,2,23,6,13,-71.0735,-29.2535
140,3,1,23,6,13,-70.6295,-29.7332
140,4,0,23,6,13,-70.6307,-29.8613
140,5,0,23,6,12,-70.3748,-28.7797
140,6,2,23,6,12,-70.8405,-28.835
140,7,2,23,6,12,-70.043,-30.145
140,8,1,23,6,12,-71.4138,-30.2033
140,9,1,23,6,11,-69.2113,-30.1965
140,10,0,23,6,11,-72.2788,-30.2834
140,11,0,23,6,9,-71.609,-30.1502
140,12,2,23,6,9,-72.8928,-30.2015
140,13,2,23,6,6,-70.3579,-29.7487
140,14,1,23,6,6,-73.327,-29.7418
140.1,0,1,23,6,12,-70.7526,-29.059
140.1,1,0,23,6,13,-71.2503,-29.1252
140.1,2,2,23,6,13,-71.068,-29.2483
140.1,3,1,23,6,13,-70.6302,-29.7336
140.1,4,0,23,6,13,-70.626,-29.8564
140.1,5,0,23,6,12,-70.3815,-28.7848
140.1,6,2,23,6,12,-70.8355,-28.8351
140.1,7,2,23,6,12,-70.0644,-30.1498
140.1,8,1,23,6,12,-71.4121,-30.2046
140.1,9,1,23,6,11,-69.2664,-30.1962
140.1,10,0,23,6,11,-72.2749,-30.286
140.1,11,0,23,6,9,-71.6411,-30.1419
140.1,12,2,23,6,9,-72.8905,-30.2061
140.1,13,2,23,6,6,-70.4656,-29.7477
140.1,14,1,23,6,6,-73.3239,-29.7428
140.2,0,1,23,6,12,-70.7485,-29.0542
140.2,1,0,23,6,13,-71.2479,-29.1264
140.2,2,2,23,6,13,-71.0623,-29.2442
140.2,3,1,23,6,13,-70.6308,-29.734
140.2,4,0,23,6,13,-70.6211,-29.8527
140.2,5,0,23,6,12,-70.3879,-28.7891
140.2,6,2,23,6,12,-70.8303,-28.8352
140.2,7,2,23,6,11,-70.0894,-28.4106
140.2,8,1,23,6,12,-71.4099,-30.2056
140.2,9,1,23,6,11,-69.3196,-30.1964
140.2,10,0,23,6,10,-72.2706,-28.9417
140.2,11,0,23,6,9,-71.6713,-30.1343
140.2,12,2,23,6,9,-72.888,-30.2111
140.2,13,2,23,6,6,-70.565,-29.7467
140.2,14,1,23,6,6,-73.3206,-29.7439
140.3,0,1,23,6,12,-70.7439,-29.0519
140.3,1,0,23,6,13,-71.2452,-29.1251
140.3,2,2,23,6,13,-71.0561,-29.2413
140.3,3,1,23,6,13,-70.631,-29.7327
140.3,4,0,23,6,13,-70.6155,-29.8496
140.3,5,0,23,6,12,-70.394,-28.7918
140.3,6,2,23,6,12,-70.8244,-28.8376
140.3,7,2,23,6,11,-70.109,-28.4162
140.3,8,1,23,6,12,-71.4066,-30.2116
140.3,9,1,23,6,11,-69.3701,-30.2014
140.3,10,0,23,6,10,-72.2655,-28.9462
140.3,11,0,23,6,9,-71.6974,-30.1247
140.3,12,2,23,6,9,-72.8846,-30.2159
140.3,13,2,23,6,6,-70.6518,-29.745
140.3,14,1,23,6,6,-73.3168,-29.7446
140.4,0,1,23,6,12,-70.7388,-29.0493
140.4,1,0,23,6,13,-71.2419,-29.1211
140.4,2,2,23,6,13,-71.0487,-29.2379
140.4,3,1,23,6,13,-70.6311,-29.7283
140.4,4,0,23,6,13,-70.6086,-29.8454
140.4,5,0,23,6,12,-70.3997,-28.7917
140.4,6,2,23,6,12,-70.8183,-28.8391
140.4,7,2,23,6,11,-70.1254,-28.4153
140.4,8,1,23,6,12,-71.4015,-30.2148
140.4,9,1,23,6,11,-69.4156,-30.2022
140.4,10,0,23,6,10,-72.2586,-28.952
140.4,11,0,23,6,9,-71.7202,-30.1195
140.4,12,2,23,6,9,-72.8799,-30.2199
140.4,13,2,23,6,6,-70.7274,-29.7432
140.4,14,1,23,6,6,-73.313,-29.7466
140.5,0,1,23,6,12,-70.7336,-29.0466
140.5,1,0,23,6,13,-71.2388,-29.1149
140.5,2,2,23,6,13,-71.0409,-29.2347
140.5,3,1,23,6,13,-70.6316,-29.7212
140.5,4,0,23,6,13,-70.6014,-29.8457
140.5,5,0,23,6,12,-70.4037,-28.7817
140.5,6,2,23,6,12,-70.8112,-28.8404
140.5,7,2,23,6,12,-70.1409,-30.1404
140.5,8,1,23,6,12,-71.3941,-30.2152
140.5,9,1,23,6,11,-69.459,-30.1997
140.5,10,0,23,6,11,-72.2575,-30.2843
140.5,11,0,23,6,9,-71.7411,-30.1223
140.5,12,2,23,6,9,-72.875,-30.224
140.5,13,2,23,6,6,-70.795,-29.7418
140.5,14,1,23,6,6,-73.3094,-29.7547
140.6,0,1,23,6,12,-70.7284,-29.0447
140.6,1,0,23,6,13,-71.2353,-29.1055
140.6,2,2,23,6,13,-71.0327,-29.2327
140.6,3,1,23,6,13,-70.6313,-29.71
140.6,4,0,23,6,13,-70.5939,-29.8506
140.6,5,0,23,6,12,-70.406,-28.7635
140.6,6,2,23,6,12,-70.8023,-28.8417
140.6,7,2,23,6,12,-70.1551,-30.1242
140.6,8,1,23,6,12,-71.3837,-30.2135
140.6,9,1,23,6,11,-69.4991,-30.1946
140.6,10,0,23,6,11,-72.2466,-30.2702
140.6,11,0,23,6,9,-67.7636,-30.14
140.6,12,2,23,6,9,-72.8689,-30.2254
140.6,13,2,23,6,6,-70.8547,-29.7414
140.6,14,1,23,6,6,-73.3054,-29.7683
140.7,0,1,23,6,12,-70.723,-29.0425
140.7,1,0,23,6,13,-71.2316,-29.0937
140.7,2,2,23,6,13,-71.0237,-29.2305
140.7,3,1,23,6,13,-70.6309,-29.6961
140.7,4,0,23,6,13,-70.5877,-29.8589
140.7,5,0,23,6,12,-70.4096,-28.7429
140.7,6,2,23,6,12,-70.7928,-28.8423
140.7,7,2,23,6,12,-70.1676,-30.1017
140.7,8,1,23,6,12,-71.371,-30.209
140.7,9,1,23,6,11,-69.5353,-30.1865
140.7,10,0,23,6,11,-72.2339,-30.2525
140.7,11,0,23,6,9,-67.8367,-30.1611
140.7,12,2,23,6,9,-72.8621,-30.2218
140.7,13,2,23,6,6,-70.9066,-29.7418
140.7,14,1,23,6,6,-73.301,-29.7864
140.8,0,1,23,6,12,-70.7172,-29.0418
140.8,1,0,23,6,13,-71.2277,-29.0787
140.8,2,2,23,6,13,-71.0143,-29.2287
140.8,3,1,23,6,13,-70.6309,-29.6795
140.8,4,0,23,6,13,-70.5806,-29.8654
140.8,5,0,23,6,12,-70.414,-28.7223
140.8,6,2,23,6,12,-70.784,-28.8444
140.8,7,2,23,6,12,-70.1806,-30.0803
140.8,8,1,23,6,12,-71.3568,-30.204
140.8,9,1,23,6,11,-69.5675,-30.1764
140.8,10,0,23,6,11,-72.2195,-30.237
140.8,11,0,23,6,9,-67.9012,-30.1871
140.8,12,2,23,6,9,-72.8533,-30.2149
140.8,13,2,23,6,6,-70.9516,-29.7416
140.8,14,1,23,6,6,-73.2963,-29.804
140.9,0,1,23,6,12,-70.7117,-29.0422
140.9,1,0,23,6,13,-71.224,-29.0626
140.9,2,2,23,6,13,-71.0047,-29.2282
140.9,3,1,23,6,13,-70.6309,-29.6633
140.9,4,0,23,6,13,-70.5731,-29.8722
140.9,5,0,23,6,12,-70.4186,-28.7095
140.9,6,2,23,6,12,-70.7744,-28.8468
140.9,7,2,23,6,12,-70.1945,-30.0682
140.9,8,1,23,6,12,-71.3419,-30.1995
140.9,9,1,23,6,11,-69.5994,-30.1734
140.9,10,0,23,6,11,-72.2037,-30.2231
140.9,11,0,23,6,9,-67.9638,-30.2146
140.9,12,2,23,6,9,-72.8427,-30.2049
140.9,13,2,23,6,6,-70.9944,-29.7419
140.9,14,1,23,6,6,-73.2896,-29.8192
141,0,1,23,6,12,-70.7065,-29.0446
141,1,0,23,6,13,-71.2208,-29.0478
141,2,2,23,6,13,-70.9956,-29.2297
141,3,1,23,6,13,-70.6311,-29.6487
141,4,0,23,6,13,-70.5659,-29.8798
141,5,0,23,6,12,-70.4238,-28.6984
141,6,2,23,6,12,-70.7648,-28.8488
141,7,2,23,6,12,-70.2092,-30.0582
141,8,1,23,6,12,-71.3268,-30.1947
141,9,1,23,6,11,-69.6322,-30.1728
141,10,0,23,6,11,-72.1877,-30.2085
141,11,0,23,6,9,-68.0276,-30.2434
141,12,2,23,6,9,-72.8315,-30.192
141,13,2,23,6,6,-71.0374,-29.742
141,14,1,23,6,6,-73.2821,-29.8332
141.1,0,1,23,6,12,-70.7017,-29.0478
141.1,1,0,23,6,13,-71.2179,-29.0339
141.1,2,2,23,6,13,-70.9872,-29.232
141.1,3,1,23,6,13,-70.6314,-29.6353
141.1,4,0,23,6,13,-70.5592,-29.8876
141.1,5,0,23,6,12,-70.4295,-28.6896
141.1,6,2,23,6,12,-70.7555,-28.851
141.1,7,2,23,6,12,-70.2252,-30.051
141.1,8,1,23,6,12,-71.3121,-30.1905
141.1,9,1,23,6,11,-69.6668,-30.1739
141.1,10,0,23,6,11,-72.1721,-30.1938
141.1,11,0,23,6,9,-68.0955,-30.2723
141.1,12,2,23,6,9,-72.8198,-30.1775
141.1,13,2,23,6,6,-71.0826,-29.7419
141.1,14,1,23,6,6,-73.2742,-29.8454
141.2,0,1,23,6,12,-70.697,-29.0536
141.2,1,0,23,6,13,-71.2152,-29.0207
141.2,2,2,23,6,13,-70.9793,-29.2373
141.2,3,1,23,6,13,-70.6316,-29.6229
141.2,4,0,23,6,13,-70.553,-29.8973
141.2,5,0,23,6,12,-70.4354,-28.6823
141.2,6,2,23,6,12,-70.7465,-28.8527
141.2,7,2,23,6,12,-70.2421,-30.0454
141.2,8,1,23,6,12,-71.2979,-30.1863
141.2,9,1,23,6,11,-69.7033,-30.177
141.2,10,0,23,6,11,-72.1568,-30.1794
141.2,11,0,23,6,9,-68.1675,-30.301
141.2,12,2,23,6,9,-72.8082,-30.1616
141.2,13,2,23,6,6,-71.1311,-29.7412
141.2,14,1,23,6,6,-73.2752,-29.8561
141.3,0,1,23,6,12,-70.6925,-29.0618
141.3,1,0,23,6,13,-71.2125,-29.0087
141.3,2,2,23,6,13,-70.9719,-29.2455
141.3,3,1,23,6,13,-70.6315,-29.6117
141.3,4,0,23,6,13,-70.547,-29.9097
141.3,5,0,23,6,12,-70.4413,-28.6767
141.3,6,2,23,6,12,-70.7378,-28.8567
141.3,7,2,23,6,12,-70.2598,-30.0419
141.3,8,1,23,6,12,-71.284,-30.1849
141.3,9,1,23,6,11,-69.7414,-30.1811
141.3,10,0,23,6,11,-72.1421,-30.1653
141.3,11,0,23,6,9,-68.2462,-30.3292
141.3,12,2,23,6,9,-72.7964,-30.1455
141.3,13,2,23,6,6,-71.1823,-29.7398
141.3,14,1,23,6,6,-73.2668,-29.8656
141.4,0,1,23,6,12,-70.688,-29.0714
141.4,1,0,23,6,13,-71.2096,-28.9984
141.4,2,2,23,6,13,-70.9649,-29.2559
141.4,3,1,23,6,13,-70.6309,-29.6026
141.4,4,0,23,6,13,-70.5412,-29.924
141.4,5,0,23,6,12,-70.447,-28.6719
141.4,6,2,23,6,12,-70.7294,-28.8633
141.4,7,2,23,6,12,-70.2781,-30.0394
141.4,8,1,23,6,12,-71.2708,-30.1865
141.4,9,1,23,6,11,-69.781,-30.186
141.4,10,0,23,6,11,-72.1281,-30.1521
141.4,11,0,23,6,9,-68.3315,-30.3555
141.4,12,2,23,6,9,-72.7852,-30.1296
141.4,13,2,23,6,6,-71.2355,-29.7371
141.4,14,1,23,6,6,-73.2582,-29.8742
141.5,0,1,23,6,12,-70.6837,-29.0825
141.5,1,0,23,6,13,-71.2067,-28.99
141.5,2,2,23,6,13,-70.9582,-29.2686
141.5,3,1,23,6,13,-70.6299,-29.5952
141.5,4,0,23,6,13,-70.5356,-29.9405
141.5,5,0,23,6,12,-70.4527,-28.6693
141.5,6,2,23,6,12,-70.7214,-28.8727
141.5,7,2,23,6,12,-70.2969,-30.039
141.5,8,1,23,6,12,-71.2585,-30.1916
141.5,9,1,23,6,11,-69.8222,-30.1909
141.5,10,0,23,6,11,-72.1151,-30.1408
141.5,11,0,23,6,9,-68.4229,-30.38
141.5,12,2,23,6,9,-72.774,-30.1145
141.5,13,2,23,6,6,-71.29,-29.7331
141.5,14,1,23,6,6,-73.2496,-29.8805
141.6,0,1,23,6,12,-70.679,-29.092
141.6,1,0,23,6,13,-71.2032,-28.9824
141.6,2,2,23,6,13,-70.9517,-29.2807
141.6,3,1,23,6,13,-70.6283,-29.5886
141.6,4,0,23,6,13,-70.5301,-29.9562
141.6,5,0,23,6,12,-70.4579,-28.6672
141.6,6,1,23,6,12,-70.7137,-28.8855
141.6,7,2,23,6,12,-70.3158,-30.039
141.6,8,0,23,6,11,-71.2469,-28.3728
141.6,9,1,23,6,10,-69.8662,-28.8973
141.6,10,2,23,6,11,-72.1028,-30.1335
141.6,11,0,23,6,9,-68.5197,-30.4017
141.6,12,1,23,6,9,-72.7634,-30.1001
141.6,13,2,23,6,6,-71.3451,-29.7282
141.6,14,0,23,6,6,-73.2414,-29.8862
141.7,0,1,23,6,12,-70.6742,-29.099
141.7,1,0,23,6,13,-71.199,-28.9761
141.7,2,2,23,6,13,-70.9455,-29.2907
141.7,3,1,23,6,13,-70.6261,-29.5835
141.7,4,0,23,6,13,-70.5246,-29.9698
141.7,5,0,23,6,12,-70.4626,-28.6663
141.7,6,1,23,6,12,-70.7063,-28.9032
141.7,7,2,23,6,12,-70.335,-30.04
141.7,8,0,23,6,11,-71.2362,-28.3726
141.7,9,1,23,6,10,-69.9128,-28.9108
141.7,10,2,23,6,11,-72.0917,-30.132
141.7,11,0,23,6,9,-68.6218,-30.4205
141.7,12,1,23,6,9,-72.7534,-30.0873
141.7,13,2,23,6,6,-71.4002,-29.7221
141.7,14,0,23,6,6,-73.2335,-29.8907
141.8,0,1,23,6,12,-70.6692,-29.104
141.8,1,0,23,6,13,-71.194,-28.9717
141.8,2,2,23,6,13,-70.9394,-29.2994
141.8,3,1,23,6,13,-70.6233,-29.5803
141.8,4,0,23,6,13,-70.5192,-29.9822
141.8,5,0,23,6,12,-70.4669,-28.6661
141.8,6,1,23,6,12,-70.6994,-28.9252
141.8,7,2,23,6,12,-70.3542,-30.0416
141.8,8,0,23,6,11,-71.2264,-28.3777
141.8,9,1,23,6,10,-69.9617,-28.9247
141.8,10,2,23,6,11,-72.0817,-30.1359
141.8,11,0,23,6,9,-68.7281,-30.4359
141.8,12,1,23,6,9,-72.7522,-30.0765
141.8,13,2,23,6,6,-71.4545,-29.7141
141.8,14,0,23,6,6,-73.2258,-29.8939
141.9,0,1,23,6,12,-70.664,-29.1056
141.9,1,0,23,6,13,-71.1884,-28.9689
141.9,2,2,23,6,13,-70.9333,-29.3055
141.9,3,1,23,6,13,-70.6199,-29.5783
141.9,4,0,23,6,13,-70.5137,-29.9922
141.9,5,0,23,6,12,-70.4706,-28.6666
141.9,6,1,23,6,12,-70.6928,-28.9508
141.9,7,2,23,6,12,-70.3731,-30.0437
141.9,8,0,23,6,11,-71.2176,-28.3882
141.9,9,1,23,6,10,-70.0124,-28.938
141.9,10,2,23,6,11,-72.0728,-30.1455
141.9,11,0,23,6,9,-68.8381,-30.4475
141.9,12,1,23,6,9,-72.7435,-30.0674
141.9,13,2,23,6,6,-71.5074,-29.705
141.9,14,0,23,6,6,-73.2186,-29.8956
142,0,1,23,6,12,-70.6587,-29.1049
142,1,0,23,6,13,-71.1826,-28.9677
142,2,2,23,6,13,-70.9274,-29.3099
142,3,1,23,6,13,-70.616,-29.578
142,4,0,23,6,13,-70.5082,-30.0004
142,5,0,23,6,12,-70.474,-28.668
142,6,1,23,6,12,-70.6864,-28.9783
142,7,2,23,6,12,-70.3918,-30.0463
142,8,0,23,6,11,-71.2095,-28.4
142,9,1,23,6,10,-70.0625,-28.9491
142,10,2,23,6,11,-72.065,-30.1571
142,11,0,23,6,9,-68.9502,-30.4554
142,12,1,23,6,9,-72.7354,-30.0603
142,13,2,23,6,6,-71.5569,-29.6964
142,14,0,23,6,6,-73.2118,-29.8964
142.1,0,1,23,6,12,-70.6536,-29.1035
142.1,1,0,23,6,13,-71.177,-28.968
142.1,2,2,23,6,13,-70.9218,-29.3129
142.1,3,1,23,6,13,-70.6122,-29.5791
142.1,4,0,23,6,13,-70.5026,-30.0066
142.1,5,0,23,6,12,-70.4773,-28.6694
142.1,6,1,23,6,12,-70.6802,-29.0036
142.1,7,2,23,6,12,-70.4101,-30.0488
142.1,8,0,23,6,11,-71.2024,-28.4118
142.1,9,1,23,6,10,-70.1118,-28.9587
142.1,10,2,23,6,11,-72.0582,-30.1689
142.1,11,0,23,6,9,-69.0597,-30.4594
142.1,12,1,23,6,9,-72.728,-30.0558
142.1,13,2,23,6,6,-71.603,-29.6884
142.1,14,0,23,6,6,-73.2053,-29.8955
142.2,0,1,23,6,12,-70.6488,-29.1015
142.2,1,0,23,6,13,-71.1715,-28.9698
142.2,2,2,23,6,13,-70.9164,-29.315
142.2,3,1,23,6,13,-70.6083,-29.5813
142.2,4,0,23,6,13,-70.497,-30.0107
142.2,5,0,23,6,12,-70.4802,-28.672
142.2,6,1,23,6,12,-70.6744,-29.0266
142.2,7,2,23,6,12,-70.4281,-30.0522
142.2,8,0,23,6,11,-71.1962,-28.424
142.2,9,1,23,6,10,-70.1601,-28.9653
142.2,10,2,23,6,11,-72.0525,-30.1816
142.2,11,0,23,6,9,-69.1664,-30.4591
142.2,12,1,23,6,9,-72.7213,-30.0533
142.2,13,2,23,6,6,-71.6458,-29.6806
142.2,14,0,23,6,6,-73.1993,-29.8939
142.3,0,1,23,6,12,-70.6439,-29.0982
142.3,1,0,23,6,13,-71.1662,-28.9725
142.3,2,2,23,6,13,-70.9111,-29.3155
142.3,3,1,23,6,13,-70.6047,-29.5846
142.3,4,0,23,6,13,-70.4913,-30.0126
142.3,5,0,23,6,12,-70.483,-28.6751
142.3,6,1,23,6,12,-70.6688,-29.0468
142.3,7,2,23,6,12,-70.4453,-30.0557
142.3,8,0,23,6,11,-71.1908,-28.4365
142.3,9,1,23,6,10,-70.2073,-28.9703
142.3,10,2,23,6,11,-72.0477,-30.1947
142.3,11,0,23,6,9,-69.2698,-30.4556
142.3,12,1,23,6,9,-72.7152,-30.0532
142.3,13,2,23,6,6,-67.8178,-29.6801
142.3,14,0,23,6,6,-73.1937,-29.8911
142.4,0,1,23,6,12,-70.6394,-29.0945
142.4,1,0,23,6,13,-71.1611,-28.9776
142.4,2,2,23,6,13,-70.9062,-29.315
142.4,3,1,23,6,13,-70.6013,-29.5899
142.4,4,0,23,6,13,-70.4857,-30.0127
142.4,5,0,23,6,12,-70.4856,-28.6784
142.4,6,1,23,6,12,-70.6636,-29.0649
142.4,7,2,23,6,12,-70.462,-30.0589
142.4,8,0,23,6,11,-71.1863,-28.4487
142.4,9,1,23,6,10,-70.2532,-28.9732
142.4,10,2,23,6,11,-72.044,-30.2081
142.4,11,0,23,6,9,-69.3697,-30.448
142.4,12,1,23,6,9,-72.71,-30.0554
142.4,13,2,23,6,6,-67.9878,-29.674
142.4,14,0,23,6,6,-73.1884,-29.8873
142.5,0,1,23,6,12,-70.6349,-29.0897
142.5,1,0,23,6,13,-71.1563,-28.9832
142.5,2,2,23,6,13,-70.9014,-29.313
142.5,3,1,23,6,13,-70.5981,-29.5957
142.5,4,0,23,6,13,-70.48,-30.0108
142.5,5,0,23,6,12,-70.488,-28.6819
142.5,6,1,23,6,12,-70.6586,-29.0796
142.5,7,2,23,6,12,-70.4778,-30.0622
142.5,8,0,23,6,11,-71.1825,-28.4607
142.5,9,1,23,6,10,-70.2975,-28.9746
142.5,10,2,23,6,11,-72.0412,-30.2217
142.5,11,0,23,6,9,-69.4659,-30.4375
142.5,12,1,23,6,9,-72.7052,-30.0596
142.5,13,2,23,6,6,-68.1515,-29.6686
142.5,14,0,23,6,6,-73.1836,-29.8823
142.6,0,1,23,6,12,-70.6307,-29.0841
142.6,1,0,23,6,13,-71.1518,-28.9902
142.6,2,2,23,6,13,-70.8968,-29.3097
142.6,3,1,23,6,13,-70.5951,-29.6026
142.6,4,0,23,6,13,-70.4743,-30.007
142.6,5,0,23,6,12,-70.4901,-28.6866
142.6,6,1,23,6,12,-70.6539,-29.092
142.6,7,2,23,6,12,-70.4929,-30.0664
142.6,8,0,23,6,11,-71.1797,-28.4732
142.6,9,1,23,6,10,-70.3402,-28.9736
142.6,10,2,23,6,11,-72.0394,-30.236
142.6,11,0,23,6,9,-69.5582,-30.4242
142.6,12,1,23,6,9,-72.7011,-30.0656
142.6,13,2,23,6,6,-68.3088,-29.664
142.6,14,0,23,6,6,-73.1793,-29.8767
142.7,0,1,23,6,12,-70.6268,-29.0785
142.7,1,0,23,6,13,-71.1477,-28.9981
142.7,2,2,23,6,13,-70.8924,-29.306
142.7,3,1,23,6,13,-70.5924,-29.6104
142.7,4,0,23,6,13,-70.4686,-30.0022
142.7,5,0,23,6,12,-70.4921,-28.6911
142.7,6,1,23,6,12,-70.6496,-29.1013
142.7,7,2,23,6,12,-70.5072,-30.07
142.7,8,0,23,6,11,-71.1776,-28.4846
142.7,9,1,23,6,10,-70.3859,-28.971
142.7,10,2,23,6,11,-72.0384,-30.2494
142.7,11,0,23,6,9,-69.6465,-30.4076
142.7,12,1,23,6,9,-72.6977,-30.0738
142.7,13,2,23,6,6,-68.4593,-29.6602
142.7,14,0,23,6,6,-73.1753,-29.8701
142.8,0,1,23,6,12,-70.623,-29.0716
142.8,1,0,23,6,13,-71.1438,-29.0071
142.8,2,2,23,6,13,-70.8883,-29.3007
142.8,3,1,23,6,13,-70.59,-29.6191
142.8,4,0,23,6,13,-70.463,-29.9953
142.8,5,0,23,6,12,-70.4938,-28.6954
142.8,6,1,23,6,12,-70.6454,-29.1084
142.8,7,2,23,6,12,-70.5205,-30.0733
142.8,8,0,23,6,11,-71.1761,-28.4959
142.8,9,1,23,6,10,-70.4251,-28.9671
142.8,10,2,23,6,11,-72.0381,-30.263
142.8,11,0,23,6,9,-69.7309,-30.3889
142.8,12,1,23,6,9,-72.695,-30.0839
142.8,13,2,23,6,6,-68.6032,-29.6576
142.8,14,0,23,6,6,-73.1718,-29.8631
142.9,0,1,23,6,12,-70.6195,-29.0642
142.9,1,0,23,6,13,-71.1403,-29.0167
142.9,2,2,23,6,13,-70.8844,-29.2946
142.9,3,1,23,6,13,-70.588,-29.6283
142.9,4,0,23,6,13,-70.4576,-29.9872
142.9,5,0,23,6,12,-70.4955,-28.7008
142.9,6,1,23,6,12,-70.6417,-29.1123
142.9,7,2,23,6,12,-70.533,-30.0772
142.9,8,0,23,6,11,-71.1754,-28.5068
142.9,9,1,23,6,10,-70.4625,-28.9618
142.9,10,2,23,6,11,-72.0386,-30.2764
142.9,11,0,23,6,9,-69.8111,-30.3679
142.9,12,1,23,6,9,-72.6926,-30.0951
142.9,13,2,23,6,6,-68.7405,-29.6556
142.9,14,0,23,6,6,-73.1687,-29.855
143,0,1,23,6,12,-70.6163,-29.0562
143,1,0,23,6,13,-71.1371,-29.0274
143,2,2,23,6,13,-70.8806,-29.2874
143,3,1,23,6,13,-70.5861,-29.6385
143,4,0,23,6,13,-70.4521,-29.9776
143,5,0,23,6,12,-70.497,-28.7062
143,6,1,23,6,12,-70.6381,-29.1145
143,7,2,23,6,12,-70.5445,-30.081
143,8,0,23,6,11,-71.1752,-28.517
143,9,1,23,6,10,-70.4979,-28.9552
143,10,2,23,6,11,-72.0396,-30.2893
143,11,0,23,6,9,-69.8873,-30.3451
143,12,1,23,6,9,-72.6908,-30.108
143,13,2,23,6,6,-68.8711,-29.6546
143,14,0,23,6,6,-73.1658,-29.8465
143.1,0,1,23,6,12,-70.6132,-29.0485
143.1,1,0,23,6,13,-71.1344,-29.0388
143.1,2,2,23,6,13,-70.8771,-29.2803
143.1,3,1,23,6,13,-70.5847,-29.6494
143.1,4,0,23,6,13,-70.4467,-29.9677
143.1,5,0,23,6,12,-70.4984,-28.7113
143.1,6,1,23,6,12,-70.6349,-29.1139
143.1,7,2,23,6,12,-70.5551,-30.0843
143.1,8,0,23,6,11,-71.1754,-28.526
143.1,9,1,23,6,10,-70.5314,-28.9482
143.1,10,2,23,6,11,-72.0413,-30.3013
143.1,11,0,23,6,9,-69.9596,-30.3209
143.1,12,1,23,6,9,-72.6895,-30.1221
143.1,13,2,23,6,6,-68.9953,-29.6543
143.1,14,0,23,6,6,-73.1632,-29.8375
143.2,0,1,23,6,12,-70.6105,-29.0397
143.2,1,0,23,6,13,-71.1319,-29.0503
143.2,2,2,23,6,13,-70.8736,-29.2716
143.2,3,1,23,6,13,-70.5835,-29.6602
143.2,4,0,23,6,13,-70.4413,-29.956
143.2,5,0,23,6,12,-70.4995,-28.7173
143.2,6,1,23,6,12,-70.6317,-29.1108
143.2,7,2,23,6,12,-70.5647,-30.0884
143.2,8,0,23,6,11,-71.1761,-28.5345
143.2,9,1,23,6,10,-70.5629,-28.9395
143.2,10,2,23,6,11,-72.0433,-30.3128
143.2,11,0,23,6,9,-70.0279,-30.2953
143.2,12,1,23,6,9,-72.6884,-30.1374
143.2,13,2,23,6,6,-69.1134,-29.6548
143.2,14,0,23,6,6,-73.1698,-29.828
143.3,0,1,23,6,12,-70.6079,-29.0308
143.3,1,0,23,6,13,-71.1299,-29.0624
143.3,2,2,23,6,13,-70.8703,-29.2628
143.3,3,1,23,6,13,-70.5828,-29.6715
143.3,4,0,23,6,13,-70.4361,-29.9437
143.3,5,0,23,6,12,-70.5006,-28.7226
143.3,6,1,23,6,12,-70.6288,-29.1051
143.3,7,2,23,6,12,-70.5733,-30.0917
143.3,8,0,23,6,11,-71.1771,-28.542
143.3,9,1,23,6,10,-70.5925,-28.9306
143.3,10,2,23,6,11,-72.0457,-30.3234
143.3,11,0,23,6,9,-70.0924,-30.2692
143.3,12,1,23,6,9,-72.6878,-30.1532
143.3,13,2,23,6,6,-69.2252,-29.6564
143.3,14,0,23,6,6,-73.1676,-29.8185
143.4,0,1,23,6,12,-70.6056,-29.0218
143.4,1,0,23,6,13,-71.1281,-29.0747
143.4,2,2,23,6,13,-70.8672,-29.2534
143.4,3,1,23,6,13,-70.5823,-29.683
143.4,4,0,23,6,13,-70.4309,-29.9308
143.4,5,0,23,6,12,-70.5016,-28.7288
143.4,6,1,23,6,12,-70.626,-29.0975
143.4,7,2,23,6,12,-70.5811,-30.0957
143.4,8,0,23,6,11,-71.1785,-28.5489
143.4,9,1,23,6,10,-70.6202,-28.9207
143.4,10,2,23,6,11,-72.0484,-30.3334
143.4,11,0,23,6,9,-70.1533,-30.2423
143.4,12,1,23,6,9,-72.6872,-30.1697
143.4,13,2,23,6,6,-69.3311,-29.6586
143.4,14,0,23,6,6,-73.1656,-29.8088
143.5,0,1,23,6,12,-70.6035,-29.0124
143.5,1,0,23,6,13,-71.1268,-29.0874
143.5,2,2,23,6,13,-70.8641,-29.2433
143.5,3,1,23,6,13,-70.582,-29.6947
143.5,4,0,23,6,13,-70.4259,-29.9171
143.5,5,0,23,6,12,-70.5025,-28.7344
143.5,6,1,23,6,12,-70.6234,-29.0884
143.5,7,2,23,6,12,-70.588,-30.099
143.5,8,0,23,6,11,-71.1799,-28.5549
143.5,9,1,23,6,10,-70.6461,-28.9107
143.5,10,2,23,6,11,-72.0512,-30.3426
143.5,11,0,23,6,9,-70.2105,-30.2156
143.5,12,1,23,6,9,-72.687,-30.1864
143.5,13,2,23,6,6,-69.4315,-29.6611
143.5,14,0,23,6,6,-73.1636,-29.7988
143.6,0,1,23,6,12,-70.6016,-29.0033
143.6,1,0,23,6,13,-71.1257,-29.1
143.6,2,2,23,6,13,-70.8611,-29.2334
143.6,3,1,23,6,13,-70.5821,-29.7064
143.6,4,0,23,6,13,-70.4209,-29.9033
143.6,5,0,23,6,12,-70.5033,-28.7403
143.6,6,1,23,6,12,-70.6208,-29.0769
143.6,7,2,23,6,12,-70.594,-30.1028
143.6,8,0,23,6,11,-71.1815,-28.5599
143.6,9,1,23,6,10,-70.6701,-28.9007
143.6,10,2,23,6,11,-72.054,-30.3506
143.6,11,0,23,6,9,-70.2644,-30.1888
143.6,12,1,23,6,9,-72.6866,-30.2033
143.6,13,2,23,6,6,-69.5262,-29.6647
143.6,14,0,23,6,6,-73.1617,-29.7888
143.7,0,1,23,6,12,-70.6001,-28.9939
143.7,1,0,23,6,13,-71.125,-29.1124
143.7,2,2,23,6,13,-70.8584,-29.2228
143.7,3,1,23,6,13,-70.5825,-29.718
143.7,4,0,23,6,13,-70.4161,-29.8889
143.7,5,0,23,6,12,-70.5039,-28.7459
143.7,6,1,23,6,12,-70.6184,-29.0638
143.7,7,2,23,6,11,-70.599,-28.3729
143.7,8,0,23,6,11,-71.183,-28.5637
143.7,9,1,23,6,10,-70.6923,-28.89
143.7,10,2,23,6,10,-72.0568,-28.9447
143.7,11,0,23,6,9,-70.3149,-30.1623
143.7,12,1,23,6,9,-72.6865,-30.2203
143.7,13,2,23,6,6,-69.6158,-29.669
143.7,14,0,23,6,6,-73.1598,-29.7796
143.8,0,1,23,6,12,-70.5989,-28.9847
143.8,1,0,23,6,13,-71.1247,-29.1242
143.8,2,2,23,6,13,-70.8558,-29.2124
143.8,3,1,23,6,13,-70.583,-29.7289
143.8,4,0,23,6,13,-70.4111,-29.8743
143.8,5,0,23,6,12,-70.5044,-28.752
143.8,6,1,23,6,12,-70.6157,-29.0492
143.8,7,2,23,6,11,-70.6032,-28.3718
143.8,8,0,23,6,11,-71.1843,-28.567
143.8,9,1,23,6,10,-70.7123,-28.8798
143.8,10,2,23,6,10,-72.0591,-28.9617
143.8,11,0,23,6,9,-70.3611,-30.1362
143.8,12,1,23,6,9,-72.6858,-30.2366
143.8,13,2,23,6,6,-69.6982,-29.6734
143.8,14,0,23,6,6,-73.1577,-29.7703
143.9,0,1,23,6,12,-70.5976,-28.9771
143.9,1,0,23,6,13,-71.1245,-29.1337
143.9,2,2,23,6,13,-70.8527,-29.2026
143.9,3,1,23,6,13,-70.5837,-29.7381
143.9,4,0,23,6,13,-70.4057,-29.86
143.9,5,0,23,6,12,-70.5049,-28.7556
143.9,6,1,23,6,12,-70.6122,-29.0349
143.9,7,2,23,6,11,-70.6067,-28.3749
143.9,8,0,23,6,11,-71.1839,-28.5712
143.9,9,1,23,6,10,-70.7301,-28.8747
143.9,10,2,23,6,10,-72.0599,-28.9789
143.9,11,0,23,6,9,-70.401,-30.1111
143.9,12,1,23,6,9,-72.6843,-30.2527
143.9,13,2,23,6,6,-69.7701,-29.6779
143.9,14,0,23,6,6,-73.1549,-29.7607
144,0,1,23,6,12,-70.5962,-28.9687
144,1,0,23,6,13,-71.1241,-29.1401
144,2,2,23,6,13,-70.8487,-29.1918
144,3,1,23,6,13,-70.5848,-29.7439
144,4,0,23,6,13,-70.3991,-29.8444
144,5,0,23,6,12,-70.5055,-28.7566
144,6,1,23,6,12,-70.6081,-29.0177
144,7,2,23,6,11,-70.6077,-28.3721
144,8,0,23,6,11,-71.1814,-28.5713
144,9,1,23,6,10,-70.7447,-28.8728
144,10,2,23,6,10,-72.0588,-28.9974
144,11,0,23,6,9,-70.4355,-30.0902
144,12,1,23,6,9,-72.6815,-30.2678
144,13,2,23,6,6,-69.8328,-29.6825
144,14,0,23,6,6,-73.1523,-29.7527
144.1,0,1,23,6,12,-70.5948,-28.9597
144.1,1,0,23,6,13,-71.1238,-29.1432
144.1,2,2,23,6,13,-70.8441,-29.1805
144.1,3,1,23,6,13,-70.5859,-29.746
144.1,4,0,23,6,13,-70.3915,-29.8324
144.1,5,2,23,6,12,-70.5045,-28.7482
144.1,6,1,23,6,12,-70.602,-29.0001
144.1,7,0,23,6,11,-70.6076,-28.3635
144.1,8,2,23,6,11,-71.176,-28.5659
144.1,9,1,23,6,10,-70.7572,-28.8687
144.1,10,0,23,6,10,-72.0552,-29.008
144.1,11,2,23,6,9,-70.4654,-30.0788
144.1,12,1,23,6,9,-72.678,-30.2816
144.1,13,0,23,6,6,-69.8875,-29.6877
144.1,14,2,23,6,6,-73.1496,-29.7514
144.2,0,1,23,6,12,-70.5933,-28.9556
144.2,1,0,23,6,13,-71.1231,-29.1433
144.2,2,2,23,6,13,-70.839,-29.1711
144.2,3,1,23,6,13,-70.5863,-29.7437
144.2,4,0,23,6,13,-70.3831,-29.8255
144.2,5,2,23,6,12,-70.5021,-28.7317
144.2,6,1,23,6,12,-70.5935,-28.9821
144.2,7,0,23,6,11,-70.6068,-28.3506
144.2,8,2,23,6,11,-71.1672,-28.5543
144.2,9,1,23,6,10,-70.7681,-28.8643
144.2,10,0,23,6,10,-72.049,-29.0105
144.2,11,2,23,6,9,-70.4916,-30.076
144.2,12,1,23,6,9,-72.6731,-30.2923
144.2,13,0,23,6,6,-69.9353,-29.6938
144.2,14,2,23,6,6,-73.1462,-29.7556
144.3,0,1,23,6,12,-70.5919,-28.9546
144.3,1,0,23,6,13,-71.1224,-29.1398
144.3,2,2,23,6,13,-70.8332,-29.1612
144.3,3,1,23,6,13,-70.5867,-29.7378
144.3,4,0,23,6,13,-70.3739,-29.8216
144.3,5,2,23,6,12,-70.4987,-28.7063
144.3,6,1,23,6,12,-70.5829,-28.9623
144.3,7,0,23,6,12,-70.6057,-30.057
144.3,8,2,23,6,11,-71.155,-28.5364
144.3,9,1,23,6,10,-70.7778,-28.8587
144.3,10,0,23,6,11,-72.0399,-30.3312
144.3,11,2,23,6,9,-70.5144,-30.0837
144.3,12,1,23,6,9,-72.6672,-30.3002
144.3,13,0,23,6,6,-69.977,-29.7004
144.3,14,2,23,6,6,-73.1426,-29.7666
144.4,0,1,23,6,12,-70.5904,-28.9501
144.4,1,0,23,6,13,-71.122,-29.1332
144.4,2,2,23,6,13,-70.8272,-29.1516
144.4,3,1,23,6,13,-70.5877,-29.7291
144.4,4,0,23,6,13,-70.3643,-29.8163
144.4,5,2,23,6,12,-70.4966,-28.6811
144.4,6,1,23,6,12,-70.572,-28.9437
144.4,7,0,23,6,12,-70.6059,-30.0351
144.4,8,2,23,6,11,-71.1407,-28.5219
144.4,9,1,23,6,10,-70.7863,-28.8599
144.4,10,0,23,6,11,-72.0285,-30.3125
144.4,11,2,23,6,9,-70.5345,-30.0989
144.4,12,1,23,6,9,-72.6593,-30.3023
144.4,13,0,23,6,6,-70.0127,-29.7079
144.4,14,2,23,6,6,-73.1384,-29.7775
144.5,0,1,23,6,12,-70.5893,-28.9405
144.5,1,0,23,6,13,-71.122,-29.1226
144.5,2,2,23,6,13,-70.8207,-29.1448
144.5,3,1,23,6,13,-70.589,-29.7177
144.5,4,0,23,6,13,-70.3545,-29.8127
144.5,5,2,23,6,12,-70.4953,-28.664
144.5,6,1,23,6,12,-70.5605,-28.9253
144.5,7,0,23,6,12,-70.6073,-30.0221
144.5,8,2,23,6,11,-71.1256,-28.5061
144.5,9,1,23,6,10,-70.7953,-28.8641
144.5,10,0,23,6,11,-72.0145,-30.2946
144.5,11,2,23,6,9,-70.554,-30.1167
144.5,12,1,23,6,9,-72.6491,-30.3004
144.5,13,0,23,6,6,-70.0432,-29.7146
144.5,14,2,23,6,6,-73.1322,-29.7863
144.6,0,1,23,6,12,-70.5887,-28.9308
144.6,1,0,23,6,13,-71.1227,-29.1121
144.6,2,2,23,6,13,-70.8147,-29.139
144.6,3,1,23,6,13,-70.5904,-29.707
144.6,4,0,23,6,13,-70.3453,-29.8093
144.6,5,0,23,6,12,-70.4948,-28.6499
144.6,6,1,23,6,12,-70.5489,-28.9064
144.6,7,2,23,6,12,-70.6095,-30.0122
144.6,8,0,23,6,11,-71.1102,-28.4899
144.6,9,1,23,6,10,-70.8049,-28.8701
144.6,10,2,23,6,11,-71.9999,-30.2759
144.6,11,0,23,6,9,-70.5738,-30.1368
144.6,12,1,23,6,9,-72.638,-30.2939
144.6,13,2,23,6,6,-70.0741,-29.7219
144.6,14,0,23,6,6,-73.1251,-29.7948
144.7,0,1,23,6,12,-70.5886,-28.9254
144.7,1,0,23,6,13,-71.1238,-29.1019
144.7,2,2,23,6,13,-70.8093,-29.1337
144.7,3,1,23,6,13,-70.592,-29.6967
144.7,4,0,23,6,13,-70.3371,-29.8053
144.7,5,0,23,6,12,-70.495,-28.6375
144.7,6,1,23,6,12,-70.5378,-28.8873
144.7,7,2,23,6,12,-70.6125,-30.004
144.7,8,0,23,6,11,-71.095,-28.4735
144.7,9,1,23,6,10,-70.8152,-28.8786
144.7,10,2,23,6,11,-71.9851,-30.2572
144.7,11,0,23,6,9,-70.5949,-30.1587
144.7,12,1,23,6,9,-72.6266,-30.2844
144.7,13,2,23,6,6,-70.1072,-29.7293
144.7,14,0,23,6,6,-73.1173,-29.8024
144.8,0,1,23,6,12,-70.5888,-28.924
144.8,1,0,23,6,13,-71.1253,-29.0924
144.8,2,2,23,6,13,-70.8046,-29.1298
144.8,3,1,23,6,13,-70.5936,-29.6876
144.8,4,0,23,6,13,-70.3295,-29.802
144.8,5,0,23,6,12,-70.4956,-28.6284
144.8,6,1,23,6,12,-70.5272,-28.8683
144.8,7,2,23,6,12,-70.6159,-29.9989
144.8,8,0,23,6,11,-71.0803,-28.4567
144.8,9,1,23,6,10,-70.8259,-28.888
144.8,10,2,23,6,11,-71.9706,-30.2382
144.8,11,0,23,6,9,-70.6168,-30.1815
144.8,12,1,23,6,9,-72.6149,-30.2725
144.8,13,2,23,6,6,-70.1423,-29.7366
144.8,14,0,23,6,6,-73.109,-29.8092
144.9,0,1,23,6,12,-70.5893,-28.9232
144.9,1,0,23,6,13,-71.1272,-29.0829
144.9,2,2,23,6,13,-70.8002,-29.1266
144.9,3,1,23,6,13,-70.5954,-29.6785
144.9,4,0,23,6,13,-70.3226,-29.7987
144.9,5,0,23,6,12,-70.4965,-28.6209
144.9,6,1,23,6,12,-70.517,-28.8494
144.9,7,2,23,6,12,-70.6195,-29.9956
144.9,8,0,23,6,11,-71.0661,-28.4396
144.9,9,1,23,6,10,-70.8368,-28.8984
144.9,10,2,23,6,11,-71.956,-30.2187
144.9,11,0,23,6,9,-70.6393,-30.2046
144.9,12,1,23,6,9,-72.6033,-30.2595
144.9,13,2,23,6,6,-70.1791,-29.7447
144.9,14,0,23,6,6,-73.1003,-29.8157
145,0,1,23,6,12,-70.5901,-28.9229
145,1,0,23,6,13,-71.1294,-29.0744
145,2,2,23,6,13,-70.7963,-29.1239
145,3,1,23,6,13,-70.5971,-29.6709
145,4,0,23,6,13,-70.3164,-29.7955
145,5,0,23,6,12,-70.4978,-28.6157
145,6,1,23,6,12,-70.5074,-28.8307
145,7,2,23,6,12,-70.6232,-29.994
145,8,0,23,6,11,-71.0527,-28.4233
145,9,1,23,6,10,-70.8478,-28.9089
145,10,2,23,6,11,-71.942,-30.2002
145,11,0,23,6,9,-70.6622,-30.2279
145,12,1,23,6,9,-72.5917,-30.245
145,13,2,23,6,6,-70.2173,-29.7521
145,14,0,23,6,6,-73.0915,-29.821
145.1,0,1,23,6,12,-70.591,-28.9226
145.1,1,0,23,6,13,-71.1317,-29.067
145.1,2,2,23,6,13,-70.7928,-29.1214
145.1,3,1,23,6,13,-70.5988,-29.6642
145.1,4,0,23,6,13,-70.3107,-29.7918
145.1,5,0,23,6,12,-70.4991,-28.612
145.1,6,1,23,6,12,-70.4982,-28.8125
145.1,7,2,23,6,12,-70.6268,-29.9938
145.1,8,0,23,6,11,-71.0398,-28.4079
145.1,9,1,23,6,10,-70.8583,-28.9199
145.1,10,2,23,6,11,-71.9284,-30.183
145.1,11,0,23,6,9,-70.6903,-30.2499
145.1,12,1,23,6,9,-72.5803,-30.2304
145.1,13,2,23,6,6,-70.2565,-29.7596
145.1,14,0,23,6,6,-73.0824,-29.8259
145.2,0,1,23,6,12,-70.5921,-28.9235
145.2,1,0,23,6,13,-71.1342,-29.0602
145.2,2,2,23,6,13,-70.7896,-29.1202
145.2,3,1,23,6,13,-70.6004,-29.6584
145.2,4,0,23,6,13,-70.3054,-29.789
145.2,5,0,23,6,12,-70.5005,-28.6102
145.2,6,1,23,6,12,-70.4895,-28.7948
145.2,7,2,23,6,12,-70.6301,-29.9951
145.2,8,0,23,6,11,-71.0277,-28.3929
145.2,9,1,23,6,10,-70.8685,-28.9306
145.2,10,2,23,6,11,-71.9155,-30.1664
145.2,11,0,23,6,9,-70.7131,-30.2713
145.2,12,1,23,6,9,-72.5691,-30.2155
145.2,13,2,23,6,6,-70.2961,-29.7666
145.2,14,0,23,6,6,-73.0734,-29.8294
145.3,0,1,23,6,12,-70.5933,-28.9272
145.3,1,0,23,6,13,-71.1368,-29.0543
145.3,2,2,23,6,13,-70.7867,-29.1219
145.3,3,1,23,6,13,-70.6019,-29.6535
145.3,4,0,23,6,13,-70.3005,-29.7886
145.3,5,0,23,6,12,-70.5016,-28.6099
145.3,6,1,23,6,12,-70.4814,-28.7782
145.3,7,2,23,6,12,-70.633,-29.9978
145.3,8,0,23,6,11,-71.0165,-28.3788
145.3,9,1,23,6,10,-70.878,-28.9402
145.3,10,2,23,6,11,-71.9032,-30.1511
145.3,11,0,23,6,9,-70.7355,-30.2906
145.3,12,1,23,6,9,-72.5586,-30.2018
145.3,13,2,23,6,6,-70.3375,-29.772
145.3,14,0,23,6,6,-73.0645,-29.833
145.4,0,1,23,6,12,-70.5945,-28.9341
145.4,1,0,23,6,13,-71.1393,-29.0495
145.4,2,2,23,6,13,-70.7839,-29.127
145.4,3,1,23,6,13,-70.6031,-29.6497
145.4,4,0,23,6,13,-70.2959,-29.7914
145.4,5,0,23,6,12,-70.5022,-28.611
145.4,6,1,23,6,12,-70.4737,-28.7626
145.4,7,2,23,6,12,-70.6354,-30.0013
145.4,8,0,23,6,11,-71.0061,-28.3659
145.4,9,1,23,6,10,-70.8866,-28.9495
145.4,10,2,23,6,11,-71.8917,-30.137
145.4,11,0,23,6,9,-70.7572,-30.3082
145.4,12,1,23,6,9,-72.5483,-30.189
145.4,13,2,23,6,6,-70.3796,-29.7763
145.4,14,0,23,6,6,-73.0558,-29.8352
145.5,0,1,23,6,12,-70.5959,-28.9459
145.5,1,0,23,6,13,-71.1419,-29.0454
145.5,2,2,23,6,13,-70.7814,-29.1369
145.5,3,1,23,6,13,-70.6041,-29.6467
145.5,4,0,23,6,13,-70.2917,-29.7986
145.5,5,0,23,6,12,-70.5024,-28.6139
145.5,6,1,23,6,12,-70.4664,-28.7479
145.5,7,2,23,6,12,-70.6371,-30.0062
145.5,8,0,23,6,11,-70.9968,-28.3541
145.5,9,1,23,6,10,-70.8943,-28.957
145.5,10,2,23,6,11,-71.881,-30.1242
145.5,11,0,23,6,9,-70.7778,-30.3235
145.5,12,1,23,6,9,-72.5387,-30.1768
145.5,13,2,23,6,6,-70.4218,-29.7779
145.5,14,0,23,6,6,-73.0473,-29.8368
145.6,0,1,23,6,12,-70.5973,-28.9612
145.6,1,0,23,6,13,-71.1444,-29.0428
145.6,2,2,23,6,13,-70.7791,-29.1507
145.6,3,1,23,6,13,-70.6049,-29.6451
145.6,4,0,23,6,13,-70.2876,-29.8094
145.6,5,0,23,6,12,-70.502,-28.617
145.6,6,1,23,6,12,-70.4597,-28.7346
145.6,7,2,23,6,12,-70.6383,-30.0111
145.6,8,0,23,6,11,-70.9882,-28.3436
145.6,9,1,23,6,10,-70.9008,-28.9637
145.6,10,2,23,6,11,-71.8712,-30.1133
145.6,11,0,23,6,9,-70.7973,-30.3365
145.6,12,1,23,6,9,-72.5298,-30.1666
145.6,13,2,23,6,6,-70.4634,-29.7778
145.6,14,0,23,6,6,-73.0391,-29.8379
145.7,0,1,23,6,12,-70.5988,-28.9813
145.7,1,0,23,6,13,-71.1469,-29.041
145.7,2,2,23,6,13,-70.777,-29.1693
145.7,3,1,23,6,13,-70.6055,-29.6442
145.7,4,0,23,6,13,-70.2838,-29.8249
145.7,5,0,23,6,12,-70.501,-28.6218
145.7,6,1,23,6,12,-70.4533,-28.7228
145.7,7,2,23,6,12,-70.6386,-30.017
145.7,8,0,23,6,11,-70.9807,-28.3346
145.7,9,1,23,6,10,-70.9062,-28.9688
145.7,10,2,23,6,11,-71.8623,-30.1041
145.7,11,0,23,6,9,-70.8152,-30.3464
145.7,12,1,23,6,9,-72.5215,-30.1577
145.7,13,2,23,6,6,-70.5037,-29.7758
145.7,14,0,23,6,6,-73.0313,-29.8381
145.8,0,1,23,6,12,-70.6004,-29.0006
145.8,1,0,23,6,13,-71.1495,-29.0399
145.8,2,2,23,6,13,-70.7749,-29.1874
145.8,3,1,23,6,13,-70.6062,-29.6441
145.8,4,0,23,6,13,-70.2801,-29.8397
145.8,5,0,23,6,12,-70.4998,-28.6271
145.8,6,1,23,6,12,-70.4475,-28.7122
145.8,7,2,23,6,12,-70.6383,-30.0233
145.8,8,0,23,6,11,-70.974,-28.327
145.8,9,1,23,6,10,-70.9101,-28.9725
145.8,10,2,23,6,11,-71.8542,-30.0965
145.8,11,0,23,6,9,-70.8316,-30.354
145.8,12,1,23,6,9,-72.5139,-30.1506
145.8,13,2,23,6,6,-70.5409,-29.7732
145.8,14,0,23,6,6,-73.0239,-29.8375
145.9,0,1,23,6,12,-70.602,-29.0189
145.9,1,0,23,6,13,-71.1521,-29.0403
145.9,2,2,23,6,13,-70.7731,-29.2046
145.9,3,1,23,6,13,-70.6067,-29.6451
145.9,4,0,23,6,13,-70.2765,-29.8534
145.9,5,0,23,6,12,-70.4984,-28.6336
145.9,6,1,23,6,12,-70.442,-28.7025
145.9,7,2,23,6,12,-70.6371,-30.0302
145.9,8,0,23,6,11,-70.9681,-28.3205
145.9,9,1,23,6,10,-70.9127,-28.9749
145.9,10,2,23,6,11,-71.8471,-30.0905
145.9,11,0,23,6,9,-70.846,-30.3584
145.9,12,1,23,6,9,-72.5067,-30.1452
145.9,13,2,23,6,6,-70.5749,-29.7699
145.9,14,0,23,6,6,-73.0168,-29.8363
146,0,1,23,6,12,-70.6037,-29.0356
146,1,0,23,6,13,-71.1547,-29.0417
146,2,2,23,6,13,-70.7713,-29.2202
146,3,1,23,6,13,-70.6073,-29.6472
146,4,0,23,6,13,-70.2731,-29.8658
146,5,0,23,6,12,-70.4969,-28.6405
146,6,1,23,6,12,-70.4369,-28.694
146,7,2,23,6,12,-70.6352,-30.0371
146,8,0,23,6,11,-70.9632,-28.316
146,9,1,23,6,10,-70.9136,-28.9751
146,10,2,23,6,11,-71.8409,-30.0867
146,11,0,23,6,9,-70.8585,-30.3606
146,12,1,23,6,9,-72.5005,-30.1417
146,13,2,23,6,6,-70.6056,-29.7667
146,14,0,23,6,6,-73.0102,-29.8345
146.1,0,1,23,6,12,-70.6056,-29.0519
146.1,1,0,23,6,13,-71.1575,-29.0439
146.1,2,2,23,6,13,-70.7698,-29.2356
146.1,3,1,23,6,13,-70.608,-29.6499
146.1,4,0,23,6,13,-70.2698,-29.8779
146.1,5,0,23,6,12,-70.4953,-28.6482
146.1,6,1,23,6,12,-70.4322,-28.6869
146.1,7,2,23,6,12,-70.6326,-30.0445
146.1,8,0,23,6,11,-70.9591,-28.3128
146.1,9,1,23,6,10,-70.9131,-28.9741
146.1,10,2,23,6,11,-71.8355,-30.0844
146.1,11,0,23,6,9,-70.8687,-30.3596
146.1,12,1,23,6,9,-72.4948,-30.1399
146.1,13,2,23,6,6,-70.6327,-29.7633
146.1,14,0,23,6,6,-73.004,-29.8321
146.2,0,1,23,6,12,-70.6075,-29.0662
146.2,1,0,23,6,13,-71.1603,-29.0468
146.2,2,2,23,6,13,-70.7683,-29.2492
146.2,3,1,23,6,13,-70.6089,-29.6532
146.2,4,0,23,6,13,-70.2665,-29.8881
146.2,5,0,23,6,12,-70.4937,-28.6559
146.2,6,1,23,6,12,-70.4278,-28.6814
146.2,7,2,23,6,12,-70.6293,-30.0516
146.2,8,0,23,6,11,-70.9557,-28.3111
146.2,9,1,23,6,10,-70.9111,-28.9721
146.2,10,2,23,6,11,-71.8308,-30.0838
146.2,11,0,23,6,9,-70.8766,-30.3561
146.2,12,1,23,6,9,-72.4897,-30.1399
146.2,13,2,23,6,6,-70.6563,-29.7595
146.2,14,0,23,6,6,-72.9983,-29.8289
146.3,0,1,23,6,12,-70.6095,-29.0792
146.3,1,0,23,6,13,-71.1633,-29.051
146.3,2,2,23,6,13,-70.7669,-29.2617
146.3,3,1,23,6,13,-70.6098,-29.6577
146.3,4,0,23,6,13,-70.2634,-29.8974
146.3,5,0,23,6,12,-70.4921,-28.6642
146.3,6,1,23,6,12,-70.4238,-28.677
146.3,7,2,23,6,12,-70.6252,-30.0586
146.3,8,0,23,6,11,-70.953,-28.3104
146.3,9,1,23,6,10,-70.9076,-28.9685
146.3,10,2,23,6,11,-71.827,-30.0845
146.3,11,0,23,6,9,-70.8821,-30.3502
146.3,12,1,23,6,9,-72.4854,-30.1414
146.3,13,2,23,6,6,-70.6763,-29.7567
146.3,14,0,23,6,6,-72.9929,-29.8253
146.4,0,1,23,6,12,-70.6117,-29.0907
146.4,1,0,23,6,13,-71.1663,-29.0556
146.4,2,2,23,6,13,-70.7657,-29.2728
146.4,3,1,23,6,13,-70.611,-29.6627
146.4,4,0,23,6,13,-70.2603,-29.9054
146.4,5,0,23,6,12,-70.4905,-28.6732
146.4,6,1,23,6,12,-70.42,-28.6738
146.4,7,2,23,6,12,-70.6207,-30.0665
146.4,8,0,23,6,11,-70.9511,-28.3113
146.4,9,1,23,6,10,-70.9025,-28.9631
146.4,10,2,23,6,11,-71.8239,-30.087
146.4,11,0,23,6,9,-70.8851,-30.342
146.4,12,1,23,6,9,-72.4815,-30.1446
146.4,13,2,23,6,6,-70.6926,-29.7533
146.4,14,0,23,6,6,-72.988,-29.8211
146.5,0,1,23,6,12,-70.614,-29.1002
146.5,1,0,23,6,13,-71.1695,-29.0612
146.5,2,2,23,6,13,-70.7645,-29.2819
146.5,3,1,23,6,13,-70.6123,-29.6684
146.5,4,0,23,6,13,-70.2572,-29.9116
146.5,5,0,23,6,12,-70.4891,-28.682
146.5,6,1,23,6,12,-70.4165,-28.6722
146.5,7,2,23,6,12,-70.6156,-30.0737
146.5,8,0,23,6,11,-70.9497,-28.3137
146.5,9,1,23,6,10,-70.8959,-28.9572
146.5,10,2,23,6,11,-71.8214,-30.0911
146.5,11,0,23,6,9,-70.8855,-30.3314
146.5,12,1,23,6,9,-72.4781,-30.1494
146.5,13,2,23,6,6,-70.7052,-29.7497
146.5,14,0,23,6,6,-72.9834,-29.8162
146.6,0,1,23,6,12,-70.6163,-29.1079
146.6,1,0,23,6,13,-71.1727,-29.0674
146.6,2,2,23,6,13,-70.7634,-29.2896
146.6,3,1,23,6,13,-70.6139,-29.6744
146.6,4,0,23,6,13,-70.2541,-29.9165
146.6,5,0,23,6,12,-70.4878,-28.6911
146.6,6,1,23,6,12,-70.4133,-28.6713
146.6,7,2,23,6,12,-70.61,-30.0809
146.6,8,0,23,6,11,-70.9489,-28.3173
146.6,9,1,23,6,10,-70.8878,-28.9496
146.6,10,2,23,6,11,-71.8194,-30.0964
146.6,11,0,23,6,9,-70.8834,-30.3189
146.6,12,1,23,6,9,-72.4753,-30.1558
146.6,13,2,23,6,6,-70.7141,-29.7463
146.6,14,0,23,6,6,-72.9791,-29.8113
146.7,0,1,23,6,12,-70.6187,-29.1144
146.7,1,0,23,6,13,-71.176,-29.0743
146.7,2,2,23,6,13,-70.7624,-29.2959
146.7,3,1,23,6,13,-70.6157,-29.6814
146.7,4,0,23,6,13,-70.2512,-29.9203
146.7,5,0,23,6,12,-70.4867,-28.7001
146.7,6,1,23,6,12,-70.4103,-28.6718
146.7,7,2,23,6,12,-70.6041,-30.0878
146.7,8,0,23,6,11,-70.9483,-28.322
146.7,9,1,23,6,10,-70.8785,-28.9421
146.7,10,2,23,6,11,-71.8181,-30.1032
146.7,11,0,23,6,9,-70.8787,-30.3047
146.7,12,1,23,6,9,-72.4728,-30.1628
146.7,13,2,23,6,6,-70.7194,-29.7432
146.7,14,0,23,6,6,-72.9752,-29.8056
146.8,0,1,23,6,12,-70.6212,-29.1186
146.8,1,0,23,6,13,-71.1796,-29.0811
146.8,2,2,23,6,13,-70.7615,-29.3002
146.8,3,1,23,6,13,-70.6177,-29.688
146.8,4,0,23,6,13,-70.2482,-29.9221
146.8,5,0,23,6,12,-70.4858,-28.7094
146.8,6,1,23,6,12,-70.4074,-28.6738
146.8,7,2,23,6,12,-70.5979,-30.0949
146.8,8,0,23,6,11,-70.9483,-28.3277
146.8,9,1,23,6,10,-70.868,-28.9327
146.8,10,2,23,6,11,-71.8171,-30.1108
146.8,11,0,23,6,9,-70.8714,-30.2889
146.8,12,1,23,6,9,-72.4708,-30.1713
146.8,13,2,23,6,6,-70.7212,-29.7401
146.8,14,0,23,6,6,-72.9717,-29.8005
146.9,0,1,23,6,12,-70.6237,-29.1212
146.9,1,0,23,6,13,-71.1832,-29.0888
146.9,2,2,23,6,13,-70.7606,-29.3031
146.9,3,1,23,6,13,-70.62,-29.6954
146.9,4,0,23,6,13,-70.2452,-29.9229
146.9,5,0,23,6,12,-70.4853,-28.7184
146.9,6,1,23,6,12,-70.4047,-28.6763
146.9,7,2,23,6,12,-70.5915,-30.1014
146.9,8,0,23,6,11,-70.9485,-28.3345
146.9,9,1,23,6,10,-70.8562,-28.9231
146.9,10,2,23,6,11,-71.8165,-30.1197
146.9,11,0,23,6,9,-70.8617,-30.2719
146.9,12,1,23,6,9,-72.4692,-30.1809
146.9,13,2,23,6,6,-70.7194,-29.7377
146.9,14,0,23,6,6,-72.9684,-29.7946
147,0,1,23,6,12,-70.6264,-29.1222
147,1,0,23,6,13,-71.1869,-29.097
147,2,2,23,6,13,-70.7598,-29.3043
147,3,1,23,6,13,-70.6227,-29.7034
147,4,0,23,6,13,-70.2422,-29.922
147,5,0,23,6,12,-70.485,-28.727
147,6,1,23,6,12,-70.4021,-28.68
147,7,2,23,6,11,-70.5851,-28.3903
147,8,0,23,6,11,-70.9488,-28.3418
147,9,1,23,6,10,-70.8435,-28.9134
147,10,2,23,6,10,-71.8163,-28.8897
147,11,0,23,6,9,-70.8495,-30.2534
147,12,1,23,6,9,-72.4677,-30.191
147,13,2,23,6,6,-70.7143,-29.7351
147,14,0,23,6,6,-72.9651,-29.7884
147.1,0,1,23,6,12,-70.6291,-29.1215
147.1,1,0,23,6,13,-71.1908,-29.1048
147.1,2,2,23,6,13,-70.7591,-29.3042
147.1,3,1,23,6,13,-70.6256,-29.7108
147.1,4,0,23,6,13,-70.2393,-29.9201
147.1,5,2,23,6,12,-70.4852,-28.7358
147.1,6,1,23,6,12,-70.3996,-28.6849
147.1,7,0,23,6,11,-70.5786,-28.3916
147.1,8,2,23,6,11,-70.9494,-28.3499
147.1,9,1,23,6,10,-70.8299,-28.9032
147.1,10,0,23,6,10,-71.8161,-28.9014
147.1,11,2,23,6,9,-70.835,-30.2345
147.1,12,1,23,6,9,-72.4664,-30.2017
147.1,13,0,23,6,6,-70.7059,-29.733
147.1,14,2,23,6,6,-72.9623,-29.7823
147.2,0,1,23,6,12,-70.632,-29.1196
147.2,1,0,23,6,13,-71.1949,-29.113
147.2,2,2,23,6,13,-70.7583,-29.3028
147.2,3,1,23,6,13,-70.6288,-29.7186
147.2,4,0,23,6,13,-70.2362,-29.917
147.2,5,2,23,6,12,-70.4857,-28.7447
147.2,6,1,23,6,12,-70.397,-28.6906
147.2,7,0,23,6,11,-70.5723,-28.3926
147.2,8,2,23,6,11,-70.95,-28.3587
147.2,9,1,23,6,10,-70.8155,-28.8928
147.2,10,0,23,6,10,-71.8162,-28.9132
147.2,11,2,23,6,9,-70.8184,-30.2152
147.2,12,1,23,6,9,-72.4651,-30.2127
147.2,13,0,23,6,6,-70.6943,-29.7308
147.2,14,2,23,6,6,-72.9595,-29.7761
147.3,0,1,23,6,12,-70.6351,-29.1155
147.3,1,0,23,6,13,-71.1991,-29.1214
147.3,2,2,23,6,13,-70.7579,-29.2992
147.3,3,1,23,6,13,-70.6323,-29.7266
147.3,4,0,23,6,13,-70.2334,-29.9121
147.3,5,2,23,6,12,-70.4866,-28.753
147.3,6,1,23,6,12,-70.3946,-28.6964
147.3,7,0,23,6,11,-70.5658,-28.393
147.3,8,2,23,6,11,-70.9506,-28.3682
147.3,9,1,23,6,10,-70.8003,-28.8821
147.3,10,0,23,6,10,-71.8163,-28.9254
147.3,11,2,23,6,9,-70.7995,-30.1955
147.3,12,1,23,6,9,-72.464,-30.2236
147.3,13,0,23,6,6,-70.6795,-29.7297
147.3,14,2,23,6,6,-72.9568,-29.77
147.4,0,1,23,6,12,-70.6385,-29.1109
147.4,1,0,23,6,13,-71.2035,-29.1295
147.4,2,2,23,6,13,-70.7575,-29.2952
147.4,3,1,23,6,13,-70.636,-29.7343
147.4,4,0,23,6,13,-70.2305,-29.9069
147.4,5,2,23,6,12,-70.4881,-28.761
147.4,6,1,23,6,12,-70.3919,-28.7038
147.4,7,0,23,6,11,-70.56,-28.3943
147.4,8,2,23,6,11,-70.9507,-28.3781
147.4,9,1,23,6,10,-70.785,-28.8716
147.4,10,0,23,6,10,-71.8158,-28.9375
147.4,11,2,23,6,9,-70.7791,-30.1757
147.4,12,1,23,6,9,-72.4625,-30.2347
147.4,13,0,23,6,6,-70.6672,-29.7279
147.4,14,2,23,6,6,-72.9538,-29.7643
147.5,0,1,23,6,12,-70.6417,-29.1074
147.5,1,0,23,6,13,-71.2078,-29.1352
147.5,2,2,23,6,13,-70.7568,-29.2926
147.5,3,1,23,6,13,-70.64,-29.7399
147.5,4,0,23,6,13,-70.2267,-29.9031
147.5,5,2,23,6,12,-70.4901,-28.767
147.5,6,1,23,6,12,-70.388,-28.7114
147.5,7,0,23,6,11,-70.5552,-28.4
147.5,8,2,23,6,11,-70.9484,-28.3898
147.5,9,1,23,6,10,-70.7706,-28.8666
147.5,10,0,23,6,10,-71.8134,-28.95
147.5,11,2,23,6,9,-70.7584,-30.1575
147.5,12,1,23,6,9,-72.4596,-30.2461
147.5,13,0,23,6,6,-70.6485,-29.7261
147.5,14,2,23,6,6,-72.95,-29.7582
147.6,0,1,23,6,12,-70.6446,-29.1005
147.6,1,0,23,6,13,-71.2119,-29.1382
147.6,2,2,23,6,13,-70.755,-29.286
147.6,3,1,23,6,13,-70.6446,-29.7429
147.6,4,0,23,6,13,-70.2216,-29.8955
147.6,5,2,23,6,12,-70.4932,-28.7701
147.6,6,1,23,6,12,-70.3827,-28.7185
147.6,7,0,23,6,11,-70.5509,-28.3991
147.6,8,2,23,6,11,-70.9433,-28.4
147.6,9,1,23,6,10,-70.7579,-28.8649
147.6,10,0,23,6,10,-71.8085,-28.9642
147.6,11,2,23,6,9,-70.7387,-30.1432
147.6,12,1,23,6,9,-72.455,-30.2556
147.6,13,0,23,6,6,-70.6294,-29.7245
147.6,14,2,23,6,6,-72.946,-29.753
147.7,0,1,23,6,12,-70.6474,-29.0912
147.7,1,0,23,6,13,-71.2158,-29.1375
147.7,2,2,23,6,13,-70.7526,-29.2775
147.7,3,1,23,6,13,-70.6493,-29.7416
147.7,4,0,23,6,13,-70.2149,-29.8898
147.7,5,2,23,6,12,-70.4965,-28.7646
147.7,6,1,23,6,12,-70.3747,-28.7262
147.7,7,0,23,6,11,-70.5488,-28.3938
147.7,8,2,23,6,11,-70.9345,-28.4046
147.7,9,1,23,6,10,-70.7482,-28.8621
147.7,10,0,23,6,10,-71.8005,-28.971
147.7,11,2,23,6,9,-70.721,-30.1374
147.7,12,1,23,6,9,-72.4489,-30.2646
147.7,13,0,23,6,6,-70.6114,-29.7235
147.7,14,2,23,6,6,-72.9416,-29.7539
147.8,0,1,23,6,12,-70.65,-29.0791
147.8,1,0,23,6,13,-71.2197,-29.1345
147.8,2,2,23,6,13,-70.7493,-29.2659
147.8,3,1,23,6,13,-70.6546,-29.7378
147.8,4,0,23,6,13,-70.2069,-29.8804
147.8,5,2,23,6,12,-70.5012,-28.7572
147.8,6,1,23,6,12,-70.3652,-28.7339
147.8,7,0,23,6,11,-70.5481,-28.3838
147.8,8,2,23,6,11,-70.9227,-28.4071
147.8,9,1,23,6,10,-70.7415,-28.8641
147.8,10,0,23,6,10,-71.7897,-28.9773
147.8,11,2,23,6,9,-70.706,-30.1367
147.8,12,1,23,6,9,-72.4408,-30.2704
147.8,13,0,23,6,6,-70.5947,-29.7234
147.8,14,2,23,6,6,-72.9364,-29.7552
147.9,0,1,23,6,12,-70.6524,-29.07
147.9,1,0,23,6,13,-71.2238,-29.1288
147.9,2,2,23,6,13,-70.7457,-29.2572
147.9,3,1,23,6,13,-70.6604,-29.7324
147.9,4,0,23,6,13,-70.1985,-29.8736
147.9,5,2,23,6,12,-70.5071,-28.7496
147.9,6,1,23,6,12,-70.3546,-28.7418
147.9,7,0,23,6,11,-70.5497,-28.3816
147.9,8,2,23,6,11,-70.9082,-28.4101
147.9,9,1,23,6,10,-70.7372,-28.8737
147.9,10,0,23,6,10,-71.7765,-28.9821
147.9,11,2,23,6,9,-70.6929,-30.1391
147.9,12,1,23,6,9,-72.4305,-30.2736
147.9,13,0,23,6,6,-70.5802,-29.7232
147.9,14,2,23,6,6,-72.9295,-29.7558
148,0,1,23,6,12,-70.6553,-29.0596
148,1,0,23,6,13,-71.2285,-29.1227
148,2,2,23,6,13,-70.7427,-29.247
148,3,1,23,6,13,-70.6666,-29.7266
148,4,0,23,6,13,-70.1907,-29.8649
148,5,2,23,6,12,-70.514,-28.7427
148,6,1,23,6,12,-70.3439,-28.75
148,7,0,23,6,11,-70.553,-28.382
148,8,2,23,6,11,-70.8933,-28.4127
148,9,1,23,6,10,-70.7344,-28.8846
148,10,0,23,6,10,-71.7625,-28.9831
148,11,2,23,6,9,-70.6809,-30.1431
148,12,1,23,6,9,-72.4195,-30.2736
148,13,0,23,6,6,-70.5665,-29.7239
148,14,2,23,6,6,-72.9218,-29.7561
148.1,0,1,23,6,12,-70.6587,-29.0489
148.1,1,0,23,6,13,-71.2337,-29.1168
148.1,2,2,23,6,13,-70.7403,-29.2367
148.1,3,1,23,6,13,-70.6732,-29.7211
148.1,4,0,23,6,13,-70.1836,-29.8559
148.1,5,0,23,6,12,-70.5216,-28.7363
148.1,6,1,23,6,12,-70.3337,-28.758
148.1,7,2,23,6,12,-70.5575,-30.0739
148.1,8,0,23,6,11,-70.8787,-28.4142
148.1,9,1,23,6,10,-70.7323,-28.8965
148.1,10,2,23,6,11,-71.7488,-30.1999
148.1,11,0,23,6,9,-70.6688,-30.1492
148.1,12,1,23,6,9,-72.4084,-30.272
148.1,13,2,23,6,6,-70.5523,-29.7248
148.1,14,0,23,6,6,-72.914,-29.7565
148.2,0,1,23,6,12,-70.6626,-29.0381
148.2,1,0,23,6,13,-71.2396,-29.1109
148.2,2,2,23,6,13,-70.7387,-29.2263
148.2,3,1,23,6,13,-70.6802,-29.7161
148.2,4,0,23,6,13,-70.1775,-29.8463
148.2,5,0,23,6,12,-70.53,-28.7308
148.2,6,1,23,6,12,-70.3243,-28.7668
148.2,7,2,23,6,12,-70.563,-30.0659
148.2,8,0,23,6,11,-70.8648,-28.4151
148.2,9,1,23,6,10,-70.7307,-28.9091
148.2,10,2,23,6,11,-71.7354,-30.198
148.2,11,0,23,6,9,-70.6563,-30.1565
148.2,12,1,23,6,9,-72.3975,-30.2683
148.2,13,2,23,6,6,-70.5373,-29.7262
148.2,14,0,23,6,6,-72.9061,-29.7563
148.3,0,1,23,6,12,-70.6668,-29.0268
148.3,1,0,23,6,13,-71.2458,-29.1056
148.3,2,2,23,6,13,-70.7377,-29.2153
148.3,3,1,23,6,13,-70.6876,-29.7115
148.3,4,0,23,6,13,-70.1722,-29.8363
148.3,5,0,23,6,12,-70.5392,-28.7262
148.3,6,1,23,6,12,-70.3155,-28.7758
148.3,7,2,23,6,12,-70.5694,-30.0592
148.3,8,0,23,6,11,-70.8515,-28.4158
148.3,9,1,23,6,10,-70.7294,-28.9217
148.3,10,2,23,6,11,-71.7227,-30.1963
148.3,11,0,23,6,9,-70.6435,-30.1643
148.3,12,1,23,6,9,-72.3869,-30.2632
148.3,13,2,23,6,6,-70.5214,-29.7284
148.3,14,0,23,6,6,-72.8981,-29.7569
148.4,0,1,23,6,12,-70.6713,-29.0153
148.4,1,0,23,6,13,-71.2525,-29.1005
148.4,2,2,23,6,13,-70.7373,-29.2041
148.4,3,1,23,6,13,-70.6955,-29.7073
148.4,4,0,23,6,13,-70.1676,-29.8259
148.4,5,0,23,6,12,-70.5489,-28.722
148.4,6,1,23,6,12,-70.3075,-28.7842
148.4,7,2,23,6,12,-70.5766,-30.0539
148.4,8,0,23,6,11,-70.839,-28.4164
148.4,9,1,23,6,10,-70.7286,-28.9342
148.4,10,2,23,6,11,-71.7106,-30.1947
148.4,11,0,23,6,9,-70.6303,-30.1724
148.4,12,1,23,6,9,-72.3767,-30.2576
148.4,13,2,23,6,6,-70.5042,-29.73
148.4,14,0,23,6,6,-72.8904,-29.7569
148.5,0,1,23,6,12,-70.6761,-29.0045
148.5,1,0,23,6,13,-71.2596,-29.0956
148.5,2,2,23,6,13,-70.7374,-29.1938
148.5,3,1,23,6,13,-70.7036,-29.7032
148.5,4,0,23,6,13,-70.1638,-29.8159
148.5,5,0,23,6,12,-70.5591,-28.7186
148.5,6,1,23,6,12,-70.3002,-28.7925
148.5,7,2,23,6,12,-70.5846,-30.0497
148.5,8,0,23,6,11,-70.8274,-28.4166
148.5,9,1,23,6,10,-70.7283,-28.9464
148.5,10,2,23,6,11,-71.6992,-30.1929
148.5,11,0,23,6,9,-70.6168,-30.1811
148.5,12,1,23,6,9,-72.3669,-30.251
148.5,13,2,23,6,6,-70.4858,-29.7325
148.5,14,0,23,6,6,-72.8828,-29.7571
148.6,0,1,23,6,12,-70.6812,-28.9929
148.6,1,0,23,6,13,-71.2672,-29.0911
148.6,2,2,23,6,13,-70.7381,-29.1827
148.6,3,1,23,6,13,-70.7122,-29.6994
148.6,4,0,23,6,13,-70.1608,-29.8053
148.6,5,0,23,6,12,-70.5701,-28.716
148.6,6,1,23,6,12,-70.2936,-28.8004
148.6,7,2,23,6,12,-70.5933,-30.0468
148.6,8,0,23,6,11,-70.8168,-28.4176
148.6,9,1,23,6,10,-70.7285,-28.9574
148.6,10,2,23,6,11,-71.6887,-30.1921
148.6,11,0,23,6,9,-70.6029,-30.1887
148.6,12,1,23,6,9,-72.3578,-30.2439
148.6,13,2,23,6,6,-70.466,-29.7352
148.6,14,0,23,6,6,-72.8756,-29.7575
148.7,0,1,23,6,12,-70.6867,-28.9818
148.7,1,0,23,6,13,-71.2751,-29.0873
148.7,2,2,23,6,13,-70.7393,-29.172
148.7,3,1,23,6,13,-70.7212,-29.6963
148.7,4,0,23,6,13,-70.1583,-29.7949
148.7,5,0,23,6,12,-70.5815,-28.714
148.7,6,1,23,6,12,-70.2878,-28.8085
148.7,7,2,23,6,12,-70.6028,-30.0447
148.7,8,0,23,6,11,-70.8072,-28.4179
148.7,9,1,23,6,10,-70.7292,-28.9679
148.7,10,2,23,6,11,-71.6792,-30.1912
148.7,11,0,23,6,9,-70.5889,-30.1961
148.7,12,1,23,6,9,-72.3493,-30.2373
148.7,13,2,23,6,6,-70.4448,-29.7373
148.7,14,0,23,6,6,-72.8689,-29.7573
148.8,0,1,23,6,12,-70.6924,-28.9715
148.8,1,0,23,6,13,-71.2834,-29.0842
148.8,2,2,23,6,13,-70.741,-29.1622
148.8,3,1,23,6,13,-70.7304,-29.694
148.8,4,0,23,6,13,-70.1565,-29.7853
148.8,5,0,23,6,12,-70.5934,-28.712
148.8,6,1,23,6,12,-70.2826,-28.8161
148.8,7,2,23,6,12,-70.6131,-30.0433
148.8,8,0,23,6,11,-70.7985,-28.4186
148.8,9,1,23,6,10,-70.7305,-28.9769
148.8,10,2,23,6,11,-71.6706,-30.1908
148.8,11,0,23,6,9,-70.5747,-30.203
148.8,12,1,23,6,9,-72.3417,-30.2307
148.8,13,2,23,6,6,-70.4221,-29.7397
148.8,14,0,23,6,6,-72.8627,-29.7576
148.9,0,1,23,6,12,-70.6984,-28.9612
148.9,1,0,23,6,13,-71.292,-29.0817
148.9,2,2,23,6,13,-70.7431,-29.1524
148.9,3,1,23,6,13,-70.74,-29.6921
148.9,4,0,23,6,13,-70.1552,-29.7756
148.9,5,0,23,6,12,-70.6058,-28.7113
148.9,6,1,23,6,12,-70.2782,-28.8232
148.9,7,2,23,6,12,-70.6239,-30.0431
148.9,8,0,23,6,11,-70.7911,-28.42
148.9,9,1,23,6,10,-70.7325,-28.9842
148.9,10,2,23,6,11,-71.6631,-30.1913
148.9,11,0,23,6,9,-70.5604,-30.2085
148.9,12,1,23,6,9,-72.3348,-30.2247
148.9,13,2,23,6,6,-70.3978,-29.7423
148.9,14,0,23,6,6,-72.857,-29.7576
149,0,1,23,6,12,-70.7046,-28.9513
149,1,0,23,6,13,-71.3009,-29.0795
149,2,2,23,6,13,-70.7456,-29.1428
149,3,1,23,6,13,-70.75,-29.6903
149,4,0,23,6,13,-70.1545,-29.7661
149,5,0,23,6,12,-70.6187,-28.7102
149,6,1,23,6,12,-70.2745,-28.83
149,7,2,23,6,12,-70.6355,-30.0428
149,8,0,23,6,11,-70.7847,-28.4219
149,9,1,23,6,10,-70.7351,-28.9905
149,10,2,23,6,11,-71.6565,-30.1928
149,11,0,23,6,9,-70.5462,-30.2127
149,12,1,23,6,9,-72.3289,-30.219
149,13,2,23,6,6,-70.372,-29.7444
149,14,0,23,6,6,-72.8519,-29.7577
149.1,0,1,23,6,12,-70.711,-28.9423
149.1,1,0,23,6,13,-71.3101,-29.0783
149.1,2,2,23,6,13,-70.7486,-29.1343
149.1,3,1,23,6,13,-70.7604,-29.6897
149.1,4,0,23,6,13,-70.1542,-29.7578
149.1,5,0,23,6,12,-70.6319,-28.7105
149.1,6,1,23,6,12,-70.2713,-28.8355
149.1,7,2,23,6,12,-70.6477,-30.0439
149.1,8,0,23,6,11,-70.7793,-28.4239
149.1,9,1,23,6,10,-70.7386,-28.9947
149.1,10,2,23,6,11,-71.651,-30.1946
149.1,11,0,23,6,9,-70.5323,-30.216
149.1,12,1,23,6,9,-72.3236,-30.214
149.1,13,2,23,6,6,-70.3448,-29.7466
149.1,14,0,23,6,6,-72.8473,-29.7578
149.2,0,1,23,6,12,-70.7177,-28.9336
149.2,1,0,23,6,13,-71.3196,-29.0779
149.2,2,2,23,6,13,-70.7519,-29.126
149.2,3,1,23,6,13,-70.7709,-29.6896
149.2,4,0,23,6,13,-70.1544,-29.7495
149.2,5,0,23,6,12,-70.6456,-28.7108
149.2,6,1,23,6,12,-70.2688,-28.8411
149.2,7,2,23,6,12,-70.6606,-30.0452
149.2,8,0,23,6,11,-70.775,-28.4259
149.2,9,1,23,6,10,-70.743,-28.9975
149.2,10,2,23,6,11,-71.6466,-30.1968
149.2,11,0,23,6,9,-70.5188,-30.2176
149.2,12,1,23,6,9,-72.3192,-30.2101
149.2,13,2,23,6,6,-70.3162,-29.7486
149.2,14,0,23,6,6,-72.8434,-29.7579
149.3,0,1,23,6,12,-70.7246,-28.9259
149.3,1,0,23,6,13,-71.3294,-29.0778
149.3,2,2,23,6,13,-70.7556,-29.1188
149.3,3,1,23,6,13,-70.7819,-29.6896
149.3,4,0,23,6,13,-70.1551,-29.7423
149.3,5,0,23,6,12,-70.6598,-28.7116
149.3,6,1,23,6,12,-70.267,-28.8462
149.3,7,2,23,6,12,-70.6743,-30.047
149.3,8,0,23,6,11,-70.7718,-28.4285
149.3,9,1,23,6,10,-70.7486,-28.9985
149.3,10,2,23,6,11,-71.643,-30.1998
149.3,11,0,23,6,9,-70.5059,-30.2182
149.3,12,1,23,6,9,-72.3157,-30.2069
149.3,13,2,23,6,6,-70.2863,-29.7499
149.3,14,0,23,6,6,-72.8401,-29.7579
149.4,0,1,23,6,12,-70.7317,-28.9183
149.4,1,0,23,6,13,-71.3393,-29.0786
149.4,2,2,23,6,13,-70.7596,-29.1117
149.4,3,1,23,6,13,-70.7931,-29.6905
149.4,4,0,23,6,13,-70.156,-29.735
149.4,5,0,23,6,12,-70.6742,-28.7128
149.4,6,1,23,6,12,-70.2656,-28.8508
149.4,7,2,23,6,12,-70.6886,-30.0492
149.4,8,0,23,6,11,-70.7694,-28.4317
149.4,9,1,23,6,10,-70.755,-28.9978
149.4,10,2,23,6,11,-71.6405,-30.2038
149.4,11,0,23,6,9,-70.4938,-30.2176
149.4,12,1,23,6,9,-72.3129,-30.2042
149.4,13,2,23,6,6,-70.2553,-29.752
149.4,14,0,23,6,6,-72.8374,-29.7584
149.5,0,1,23,6,12,-70.7755,-28.9186
149.5,1,0,23,6,13,-71.3872,-29.0893
149.5,2,2,23,6,13,-70.7966,-29.1124
149.5,3,1,23,6,13,-70.8457,-29.701
149.5,4,0,23,6,13,-70.193,-29.736
149.5,5,0,23,6,12,-70.73,-28.7209
149.5,6,1,23,6,12,-70.3005,-28.8576
149.5,7,2,23,6,11,-70.742,-28.4255
149.5,8,0,23,6,11,-70.8067,-28.4372
149.5,9,1,23,6,10,-70.7921,-28.9921
149.5,10,2,23,6,10,-71.6741,-28.9134
149.5,11,0,23,6,9,-70.5057,-30.2095
149.5,12,1,23,6,9,-72.3447,-30.1933
149.5,13,2,23,6,6,-70.2433,-29.7452
149.5,14,0,23,6,6,-72.8681,-29.7459
149.6,0,1,23,6,12,-70.8271,-28.9142
149.6,1,0,23,6,13,-71.4444,-29.0915
149.6,2,2,23,6,13,-70.842,-29.1083
149.6,3,1,23,6,13,-70.9083,-29.7032
149.6,4,0,23,6,13,-70.2382,-29.7317
149.6,5,2,23,6,12,-70.7943,-28.7229
149.6,6,1,23,6,12,-70.3444,-28.8613
149.6,7,0,23,6,11,-70.8021,-28.4256
149.6,8,2,23,6,11,-70.8507,-28.4413
149.6,9,1,23,6,10,-70.8377,-28.9895
149.6,10,0,23,6,10,-71.718,-28.9145
149.6,11,2,23,6,9,-70.5261,-30.2072
149.6,12,1,23,6,9,-72.39,-30.1937
149.6,13,0,23,6,6,-70.2367,-29.7468
149.6,14,2,23,6,6,-72.9154,-29.7472
149.7,0,1,23,6,12,-70.8799,-28.9107
149.7,1,0,23,6,13,-71.5031,-29.0941
149.7,2,2,23,6,13,-70.8886,-29.1052
149.7,3,1,23,6,13,-70.9725,-29.7056
149.7,4,0,23,6,13,-70.2846,-29.7285
149.7,5,2,23,6,12,-70.8603,-28.7261
149.7,6,1,23,6,12,-70.3897,-28.8646
149.7,7,0,23,6,11,-70.8642,-28.4252
149.7,8,2,23,6,11,-70.8967,-28.4458
149.7,9,1,23,6,10,-70.8856,-28.9849
149.7,10,0,23,6,10,-71.7636,-28.9162
149.7,11,2,23,6,9,-70.5482,-30.204
149.7,12,1,23,6,9,-72.4368,-30.1949
149.7,13,0,23,6,6,-70.2296,-29.7487
149.7,14,2,23,6,6,-72.9642,-29.7487
149.8,0,1,23,6,12,-70.9339,-28.9074
149.8,1,0,23,6,13,-71.5632,-29.097
149.8,2,2,23,6,13,-70.9363,-29.1023
149.8,3,1,23,6,13,-71.0386,-29.7082
149.8,4,0,23,6,13,-70.3323,-29.7256
149.8,5,2,23,6,12,-70.9281,-28.7286
149.8,6,1,23,6,12,-70.4363,-28.8676
149.8,7,0,23,6,11,-70.9282,-28.4246
149.8,8,2,23,6,11,-70.9441,-28.4506
149.8,9,1,23,6,10,-70.9357,-28.9793
149.8,10,0,23,6,10,-71.8107,-28.9192
149.8,11,2,23,6,9,-70.5723,-30.1995
149.8,12,1,23,6,9,-72.4853,-30.1974
149.8,13,0,23,6,6,-70.2224,-29.7502
149.8,14,2,23,6,6,-73.0146,-29.7501
149.9,0,1,23,6,12,-70.9889,-28.907
149.9,1,0,23,6,13,-71.6244,-29.101
149.9,2,2,23,6,13,-70.9848,-29.0998
149.9,3,1,23,6,13,-71.1059,-29.7118
149.9,4,0,23,6,13,-70.3808,-29.7229
149.9,5,2,23,6,12,-70.9975,-28.732
149.9,6,1,23,6,12,-70.484,-28.8695
149.9,7,0,23,6,11,-70.994,-28.4233
149.9,8,2,23,6,11,-70.9929,-28.4557
149.9,9,1,23,6,10,-70.9879,-28.9724
149.9,10,0,23,6,10,-71.8592,-28.923
149.9,11,2,23,6,9,-70.5985,-30.1937
149.9,12,1,23,6,9,-72.535,-30.2007
149.9,13,0,23,6,6,-70.2151,-29.7514
149.9,14,2,23,6,6,-73.0661,-29.7517
150,0,1,23,6,12,-71.0447,-28.9112
150,1,0,23,6,13,-71.6866,-29.105
150,2,2,23,6,13,-71.0341,-29.0986
150,3,1,23,6,13,-71.1745,-29.7153
150,4,0,23,6,13,-70.4301,-29.7217
150,5,2,23,6,12,-71.0681,-28.7363
150,6,1,23,6,12,-70.5326,-28.8715
150,7,0,23,6,11,-71.0615,-28.4218
150,8,2,23,6,11,-71.0429,-28.461
150,9,1,23,6,10,-71.0426,-28.9643
150,10,0,23,6,10,-71.9087,-28.9275
150,11,2,23,6,9,-70.6269,-30.1874
150,12,1,23,6,9,-72.5857,-30.2042
150,13,0,23,6,6,-70.2077,-29.7525
150,14,2,23,6,6,-73.1186,-29.7538
150.1,0,0,23,6,12,-71.0921,-28.9164
150.1,1,2,23,6,13,-71.744,-29.11
150.1,2,1,23,6,13,-71.0669,-29.0974
150.1,3,1,23,6,12,-71.2424,-27.5571
150.1,4,0,23,6,13,-70.4587,-29.7203
150.1,5,0,23,6,12,-71.1415,-28.7404
150.1,6,2,23,6,12,-70.5573,-28.8728
150.1,7,2,23,6,11,-71.1372,-28.4204
150.1,8,1,23,6,11,-71.0686,-28.466
150.1,9,1,23,6,10,-71.1153,-28.9566
150.1,10,0,23,6,10,-71.9357,-28.9324
150.1,11,0,23,6,9,-70.6862,-30.1812
150.1,12,2,23,6,8,-72.6185,-29.9675
150.1,13,2,23,6,6,-70.2405,-29.7532
150.1,14,1,23,6,6,-73.1585,-29.7556
150.2,0,0,23,6,12,-71.1398,-28.9217
150.2,1,2,23,6,13,-71.8018,-29.1151
150.2,2,1,23,6,13,-71.0998,-29.0963
150.2,3,1,23,6,12,-71.3108,-27.5627
150.2,4,0,23,6,12,-70.4871,-27.6645
150.2,5,0,23,6,12,-71.2155,-28.7455
150.2,6,2,23,6,12,-70.5815,-28.873
150.2,7,2,23,6,11,-71.2137,-28.4188
150.2,8,1,23,6,11,-71.0939,-28.4714
150.2,9,1,23,6,10,-71.1894,-28.9474
150.2,10,0,23,6,10,-71.9621,-28.9383
150.2,11,0,23,6,8,-70.7477,-29.9097
150.2,12,2,23,6,8,-72.6509,-29.9741
150.2,13,2,23,6,6,-70.2755,-29.754
150.2,14,1,23,6,6,-73.1981,-29.7581
150.3,0,0,23,6,12,-71.1879,-28.9275
150.3,1,2,23,6,13,-71.8599,-29.1205
150.3,2,1,23,6,13,-71.1327,-29.0963
150.3,3,1,23,6,12,-71.3797,-27.5682
150.3,4,0,23,6,12,-70.5151,-27.6647
150.3,5,0,23,6,12,-71.2897,-28.7502
150.3,6,2,23,6,12,-70.6052,-28.873
150.3,7,2,23,6,11,-71.2908,-28.4175
150.3,8,1,23,6,11,-71.1184,-28.4764
150.3,9,1,23,6,10,-71.2649,-28.9381
150.3,10,0,23,6,10,-71.9877,-28.9446
150.3,11,0,23,6,8,-70.8114,-29.9057
150.3,12,2,23,6,8,-72.6826,-29.9809
150.3,13,2,23,6,6,-70.3125,-29.7546
150.3,14,1,23,6,6,-73.2371,-29.7604
150.4,0,0,23,6,12,-71.2362,-28.9334
150.4,1,2,23,6,13,-71.9181,-29.1261
150.4,2,1,23,6,13,-71.1656,-29.0971
150.4,3,1,23,6,12,-71.4488,-27.5743
150.4,4,0,23,6,12,-70.5426,-27.6643
150.4,5,0,23,6,12,-71.3644,-28.7555
150.4,6,2,23,6,12,-70.6281,-28.8724
150.4,7,2,23,6,11,-71.3687,-28.4154
150.4,8,1,23,6,11,-71.1421,-28.4811
150.4,9,1,23,6,10,-71.3415,-28.9286
150.4,10,0,23,6,10,-72.0123,-28.9512
150.4,11,0,23,6,8,-70.8771,-29.9013
150.4,12,2,23,6,8,-72.7134,-29.9882
150.4,13,2,23,6,6,-70.3517,-29.7547
150.4,14,1,23,6,6,-73.2757,-29.7625
150.5,0,0,23,6,12,-71.2855,-28.9399
150.5,1,2,23,6,13,-71.9777,-29.1322
150.5,2,1,23,6,13,-71.1992,-29.0978
150.5,3,1,23,6,12,-71.5196,-27.5805
150.5,4,0,23,6,12,-70.5706,-27.6637
150.5,5,0,23,6,12,-71.4412,-28.761
150.5,6,2,23,6,12,-70.6514,-28.8718
150.5,7,2,23,6,11,-71.4492,-28.414
150.5,8,1,23,6,11,-71.1664,-28.4859
150.5,9,1,23,6,10,-71.4223,-28.9185
150.5,10,0,23,6,10,-72.0379,-28.9578
150.5,11,0,23,6,8,-70.9482,-29.8968
150.5,12,2,23,6,8,-72.7458,-29.9962
150.5,13,2,23,6,6,-70.3966,-29.7554
150.5,14,1,23,6,6,-73.3163,-29.7647
150.6,0,2,23,6,12,-71.3349,-28.9461
150.6,1,1,23,6,13,-72.0371,-29.1379
150.6,2,0,23,6,13,-71.2326,-29.0992
150.6,3,0,23,6,12,-71.5904,-27.5867
150.6,4,1,23,6,12,-70.5979,-27.6622
150.6,5,2,23,6,12,-71.5179,-28.7662
150.6,6,2,23,6,12,-70.6735,-28.87
150.6,7,1,23,6,11,-71.5302,-28.412
150.6,8,0,23,6,11,-71.1893,-28.4907
150.6,9,0,23,6,10,-71.504,-28.9084
150.6,10,1,23,6,10,-72.0622,-28.9646
150.6,11,2,23,6,8,-71.0214,-29.8924
150.6,12,2,23,6,8,-72.7772,-30.0036
150.6,13,1,23,6,6,-70.4441,-29.7552
150.6,14,0,23,6,6,-73.3564,-29.7668
150.7,0,2,23,6,12,-71.3841,-28.953
150.7,1,1,23,6,13,-72.0964,-29.1447
150.7,2,0,23,6,13,-71.2656,-29.1015
150.7,3,0,23,6,12,-71.661,-27.5933
150.7,4,1,23,6,12,-70.6243,-27.6604
150.7,5,2,23,6,12,-71.5944,-28.7718
150.7,6,2,23,6,12,-70.6943,-28.868
150.7,7,1,23,6,11,-71.6112,-28.4103
150.7,8,0,23,6,11,-71.2106,-28.4951
150.7,9,0,23,6,10,-71.5866,-28.8985
150.7,10,1,23,6,10,-72.0847,-28.9716
150.7,11,2,23,6,8,-71.0964,-29.8883
150.7,12,2,23,6,8,-72.8069,-30.0116
150.7,13,1,23,6,6,-70.4938,-29.7553
150.7,14,0,23,6,6,-73.395,-29.7692
150.8,0,2,23,6,12,-71.4346,-28.9591
150.8,1,1,23,6,13,-72.1562,-29.1504
150.8,2,0,23,6,13,-71.2999,-29.1039
150.8,3,0,23,6,12,-71.7318,-27.6004
150.8,4,1,23,6,12,-70.6514,-27.6583
150.8,5,2,23,6,12,-71.671,-28.7779
150.8,6,2,23,6,12,-70.7153,-28.866
150.8,7,1,23,6,11,-71.6925,-28.4087
150.8,8,0,23,6,11,-71.2321,-28.4994
150.8,9,0,23,6,10,-71.6698,-28.888
150.8,10,1,23,6,10,-72.1063,-28.9788
150.8,11,2,23,6,8,-71.173,-29.8845
150.8,12,2,23,6,8,-72.8353,-30.0189
150.8,13,1,23,6,6,-70.546,-29.7549
150.8,14,0,23,6,6,-73.4325,-29.7719
150.9,0,2,23,6,12,-71.4949,-28.9653
150.9,1,1,23,6,13,-72.2228,-29.1563
150.9,2,0,23,6,13,-71.3457,-29.107
150.9,3,0,23,6,12,-71.8063,-27.6065
150.9,4,1,23,6,12,-70.689,-27.656
150.9,5,2,23,6,12,-71.75,-28.7831
150.9,6,2,23,6,12,-70.7463,-28.8636
150.9,7,1,23,6,11,-71.7757,-28.407
150.9,8,0,23,6,11,-71.2622,-28.5033
150.9,9,0,23,6,10,-71.7551,-28.8786
150.9,10,1,23,6,10,-72.1368,-28.9849
150.9,11,2,23,6,8,-71.2523,-29.8804
150.9,12,2,23,6,8,-72.872,-30.0261
150.9,13,1,23,6,6,-70.6012,-29.7544
150.9,14,0,23,6,6,-73.477,-29.7735
151,0,2,23,6,12,-71.555,-28.9716
151,1,1,23,6,13,-72.2889,-29.1623
151,2,0,23,6,13,-71.391,-29.1103
151,3,0,23,6,12,-71.8803,-27.6132
151,4,1,23,6,12,-70.7257,-27.6536
151,5,2,23,6,12,-71.8287,-28.789
151,6,2,23,6,12,-70.776,-28.8612
151,7,1,23,6,11,-71.8585,-28.4055
151,8,0,23,6,11,-71.2909,-28.5066
151,9,0,23,6,10,-71.8407,-28.8691
151,10,1,23,6,10,-72.1656,-28.9917
151,11,2,23,6,8,-71.3329,-29.8764
151,12,2,23,6,8,-72.9069,-30.0328
151,13,1,23,6,6,-70.6589,-29.7538
151,14,0,23,6,6,-73.52,-29.7754
151.1,0,2,23,6,12,-71.6147,-28.9775
151.1,1,1,23,6,13,-72.3542,-29.1679
151.1,2,0,23,6,13,-71.4359,-29.1154
151.1,3,0,23,6,12,-71.9531,-27.6191
151.1,4,1,23,6,12,-70.7614,-27.6521
151.1,5,2,23,6,12,-71.9061,-28.7938
151.1,6,2,23,6,12,-70.8042,-28.8596
151.1,7,1,23,6,11,-71.9412,-28.4047
151.1,8,0,23,6,11,-71.3174,-28.5097
151.1,9,0,23,6,10,-71.9267,-28.8608
151.1,10,1,23,6,10,-72.1922,-28.9978
151.1,11,2,23,6,8,-71.4117,-29.8699
151.1,12,2,23,6,8,-72.9398,-30.0392
151.1,13,1,23,6,6,-70.716,-29.75
151.1,14,0,23,6,6,-73.5612,-29.777
151.2,0,2,23,6,12,-71.6739,-28.9829
151.2,1,1,23,6,13,-72.4185,-29.1731
151.2,2,0,23,6,13,-71.4801,-29.122
151.2,3,0,23,6,12,-72.0244,-27.6254
151.2,4,1,23,6,12,-70.7962,-27.6515
151.2,5,2,23,6,12,-71.9825,-28.7993
151.2,6,2,23,6,12,-70.8308,-28.8588
151.2,7,1,23,6,11,-72.0234,-28.4037
151.2,8,0,23,6,11,-71.342,-28.5127
151.2,9,0,23,6,10,-72.0126,-28.8524
151.2,10,1,23,6,10,-72.2165,-29.0035
151.2,11,2,23,6,8,-71.4889,-29.8608
151.2,12,2,23,6,8,-72.9707,-30.0453
151.2,13,1,23,6,6,-70.7726,-29.7429
151.2,14,0,23,6,6,-73.6007,-29.7789
151.3,0,2,23,6,12,-71.7327,-28.9887
151.3,1,1,23,6,13,-72.4819,-29.1786
151.3,2,0,23,6,13,-71.5238,-29.13
151.3,3,0,23,6,12,-72.0944,-27.6313
151.3,4,1,23,6,12,-70.83,-27.6524
151.3,5,2,23,6,12,-72.0579,-28.8045
151.3,6,2,23,6,12,-70.8558,-28.8593
151.3,7,1,23,6,11,-72.1052,-28.4034
151.3,8,0,23,6,11,-71.3644,-28.5153
151.3,9,0,23,6,10,-72.0987,-28.8452
151.3,10,1,23,6,10,-72.2383,-29.0087
151.3,11,2,23,6,8,-71.5643,-29.8491
151.3,12,2,23,6,8,-72.9991,-30.0507
151.3,13,1,23,6,6,-70.8287,-29.7331
151.3,14,0,23,6,6,-73.6379,-29.7803
151.4,0,2,23,6,12,-71.7908,-28.9944
151.4,1,1,23,6,13,-72.5442,-29.184
151.4,2,0,23,6,13,-71.5668,-29.1389
151.4,3,0,23,6,12,-72.1629,-27.6374
151.4,4,1,23,6,12,-70.8625,-27.6539
151.4,5,2,23,6,12,-72.1318,-28.8098
151.4,6,2,23,6,12,-70.879,-28.8608
151.4,7,1,23,6,11,-72.1863,-28.4029
151.4,8,0,23,6,11,-71.3843,-28.518
151.4,9,0,23,6,10,-72.1848,-28.8387
151.4,10,1,23,6,10,-72.2577,-29.0134
151.4,11,2,23,6,8,-71.6379,-29.8358
151.4,12,2,23,6,8,-73.025,-30.0557
151.4,13,1,23,6,6,-70.8844,-29.721
151.4,14,0,23,6,6,-73.6731,-29.7822
151.5,0,2,23,6,12,-71.8484,-28.9993
151.5,1,1,23,6,13,-72.6054,-29.1888
151.5,2,0,23,6,13,-71.609,-29.1492
151.5,3,0,23,6,12,-72.2299,-27.6435
151.5,4,1,23,6,12,-70.894,-27.6559
151.5,5,2,23,6,12,-72.2046,-28.8153
151.5,6,2,23,6,12,-70.9005,-28.8624
151.5,7,1,23,6,11,-72.2669,-28.4034
151.5,8,0,23,6,11,-71.4019,-28.5196
151.5,9,0,23,6,10,-72.2706,-28.8329
151.5,10,1,23,6,10,-72.2742,-29.0174
151.5,11,2,23,6,8,-71.7094,-29.8198
151.5,12,2,23,6,8,-73.0484,-30.0601
151.5,13,1,23,6,6,-70.9395,-29.7055
151.5,14,0,23,6,6,-73.706,-29.7837
151.6,0,2,23,6,12,-71.9054,-29.0037
151.6,1,1,23,6,13,-72.6655,-29.1928
151.6,2,0,23,6,13,-71.6506,-29.1598
151.6,3,0,23,6,12,-72.2954,-27.6486
151.6,4,1,23,6,12,-70.9243,-27.6588
151.6,5,2,23,6,12,-72.2762,-28.8199
151.6,6,2,23,6,12,-70.9202,-28.8649
151.6,7,1,23,6,11,-72.3468,-28.4042
151.6,8,0,23,6,11,-71.4169,-28.5214
151.6,9,0,23,6,10,-72.356,-28.8288
151.6,10,1,23,6,10,-72.2879,-29.0209
151.6,11,2,23,6,8,-71.7792,-29.8019
151.6,12,2,23,6,8,-73.0691,-30.0638
151.6,13,1,23,6,6,-70.9943,-29.688
151.6,14,0,23,6,6,-73.7366,-29.7849
151.7,0,2,23,6,12,-71.9616,-29.0081
151.7,1,1,23,6,13,-72.7245,-29.1973
151.7,2,0,23,6,13,-71.6915,-29.171
151.7,3,0,23,6,12,-72.3593,-27.6539
151.7,4,1,23,6,12,-70.9536,-27.6616
151.7,5,2,23,6,12,-72.3464,-28.8249
151.7,6,2,23,6,12,-70.938,-28.8674
151.7,7,1,23,6,11,-72.4259,-28.4054
151.7,8,0,23,6,11,-71.4292,-28.5228
151.7,9,0,23,6,10,-72.441,-28.825
151.7,10,1,23,6,10,-72.299,-29.024
151.7,11,2,23,6,8,-71.847,-29.7828
151.7,12,2,23,6,8,-73.087,-30.0665
151.7,13,1,23,6,6,-71.0486,-29.6673
151.7,14,0,23,6,6,-73.7647,-29.7866
151.8,0,2,23,6,12,-72.0174,-29.0125
151.8,1,1,23,6,13,-72.7825,-29.2015
151.8,2,0,23,6,13,-71.7318,-29.1825
151.8,3,0,23,6,12,-72.4219,-27.6591
151.8,4,1,23,6,12,-70.9818,-27.6644
151.8,5,2,23,6,12,-72.4152,-28.8296
151.8,6,2,23,6,12,-70.9541,-28.8697
151.8,7,1,23,6,11,-72.5042,-28.4071
151.8,8,0,23,6,11,-71.4391,-28.5237
151.8,9,0,23,6,10,-72.5258,-28.8227
151.8,10,1,23,6,10,-72.307,-29.0262
151.8,11,2,23,6,8,-71.913,-29.7616
151.8,12,2,23,6,8,-73.1022,-30.0689
151.8,13,1,23,6,6,-71.1024,-29.6451
151.8,14,0,23,6,6,-73.7904,-29.7879
151.9,0,2,23,6,12,-72.0724,-29.0163
151.9,1,1,23,6,13,-72.839,-29.2052
151.9,2,0,23,6,13,-71.7715,-29.1938
151.9,3,0,23,6,12,-72.4824,-27.6642
151.9,4,1,23,6,12,-71.0087,-27.6677
151.9,5,2,23,6,12,-72.4823,-28.8345
151.9,6,2,23,6,12,-70.9681,-28.8725
151.9,7,1,23,6,11,-72.581,-28.4093
151.9,8,0,23,6,11,-71.446,-28.5239
151.9,9,0,23,6,10,-72.609,-28.8213
151.9,10,1,23,6,10,-72.3117,-29.0276
151.9,11,2,23,6,8,-71.9763,-29.7392
151.9,12,2,23,6,8,-73.1139,-30.07
151.9,13,1,23,6,6,-71.155,-29.6205
151.9,14,0,23,6,6,-73.8127,-29.7892
152,0,2,23,6,12,-72.1265,-29.022
152,1,1,23,6,12,-72.894,-26.7116
152,2,0,23,6,13,-71.8101,-29.2051
152,3,0,23,6,12,-72.5408,-27.6736
152,4,1,23,6,12,-71.0336,-27.6701
152,5,2,23,6,12,-72.5473,-28.8437
152,6,2,23,6,12,-70.9789,-28.8744
152,7,1,23,6,11,-72.6563,-28.4122
152,8,0,23,6,11,-71.4486,-28.5235
152,9,0,23,6,10,-72.6913,-28.8216
152,10,1,23,6,10,-72.3114,-29.0282
152,11,2,23,6,8,-72.038,-29.7159
152,12,2,23,6,7,-73.1189,-29.3306
152,13,1,23,6,6,-71.2081,-29.5945
152,14,0,23,6,6,-73.8297,-29.7893
152.1,0,1,23,6,12,-72.1798,-29.0245
152.1,1,2,23,6,12,-72.9474,-26.7178
152.1,2,0,23,6,13,-71.8476,-29.2139
152.1,3,1,23,6,12,-72.5976,-27.6797
152.1,4,2,23,6,12,-71.0561,-27.6699
152.1,5,2,23,6,12,-72.6109,-28.8505
152.1,6,1,23,6,12,-70.9844,-28.8769
152.1,7,0,23,6,11,-72.7306,-28.4133
152.1,8,0,23,6,11,-71.4434,-28.5266
152.1,9,1,23,6,10,-72.7736,-28.8274
152.1,10,2,23,6,10,-72.3035,-29.0289
152.1,11,2,23,6,8,-72.1004,-29.692
152.1,12,1,23,6,7,-73.117,-29.3291
152.1,13,0,23,6,6,-71.2654,-29.5668
152.1,14,0,23,6,6,-73.8424,-29.7898
152.2,0,1,23,6,12,-72.2321,-29.0264
152.2,1,2,23,6,12,-72.9989,-26.721
152.2,2,0,23,6,13,-71.8834,-29.2216
152.2,3,1,23,6,12,-72.6524,-27.6832
152.2,4,2,23,6,12,-71.0755,-27.6657
152.2,5,2,23,6,12,-72.6725,-28.8547
152.2,6,1,23,6,12,-70.9835,-28.878
152.2,7,0,23,6,11,-72.8023,-28.4088
152.2,8,0,23,6,11,-71.4298,-28.526
152.2,9,1,23,6,10,-72.8553,-28.8368
152.2,10,2,23,6,10,-72.2871,-29.0299
152.2,11,2,23,6,8,-72.1627,-29.6687
152.2,12,1,23,6,7,-73.1079,-29.3277
152.2,13,0,23,6,6,-71.3255,-29.5371
152.2,14,0,23,6,6,-73.8498,-29.7918
152.3,0,1,23,6,12,-72.2821,-29.0331
152.3,1,2,23,6,12,-73.0473,-26.7195
152.3,2,0,23,6,13,-71.9164,-29.2282
152.3,3,1,23,6,12,-72.7031,-27.6813
152.3,4,2,23,6,12,-71.0891,-27.6625
152.3,5,2,23,6,12,-72.7289,-28.8488
152.3,6,1,23,6,12,-70.9738,-28.877
152.3,7,0,23,6,11,-72.8711,-28.3985
152.3,8,0,23,6,11,-71.4059,-28.5171
152.3,9,1,23,6,10,-72.936,-28.846
152.3,10,2,23,6,10,-72.2611,-29.0224
152.3,11,2,23,6,8,-72.224,-29.6516
152.3,12,1,23,6,7,-73.0911,-29.3274
152.3,13,0,23,6,6,-71.388,-29.5077
152.3,14,0,23,6,6,-73.8513,-29.8
152.4,0,1,23,6,12,-72.3299,-29.0389
152.4,1,2,23,6,12,-73.0927,-26.7148
152.4,2,0,23,6,13,-71.9465,-29.2335
152.4,3,1,23,6,12,-72.7508,-27.6766
152.4,4,2,23,6,12,-71.0983,-27.6536
152.4,5,2,23,6,12,-72.7825,-28.8411
152.4,6,1,23,6,12,-70.956,-28.8725
152.4,7,0,23,6,11,-72.9359,-28.383
152.4,8,0,23,6,11,-71.3721,-28.5044
152.4,9,1,23,6,10,-73.0146,-28.8596
152.4,10,2,23,6,10,-72.225,-29.0146
152.4,11,2,23,6,8,-72.2844,-29.6362
152.4,12,1,23,6,7,-73.0654,-29.3254
152.4,13,0,23,6,6,-71.4523,-29.4778
152.4,14,0,23,6,6,-73.846,-29.8089
152.5,0,1,23,6,12,-72.3746,-29.0446
152.5,1,2,23,6,12,-73.1351,-26.7059
152.5,2,0,23,6,13,-71.9738,-29.2379
152.5,3,1,23,6,12,-72.795,-27.6694
152.5,4,2,23,6,12,-71.1042,-27.647
152.5,5,2,23,6,12,-72.8332,-28.8326
152.5,6,1,23,6,12,-70.9332,-28.8691
152.5,7,0,23,6,11,-72.9983,-28.3771
152.5,8,0,23,6,11,-71.3273,-28.4931
152.5,9,1,23,6,10,-73.0906,-28.8818
152.5,10,2,23,6,10,-72.1779,-29.0052
152.5,11,2,23,6,8,-72.3442,-29.6226
152.5,12,1,23,6,7,-73.0294,-29.3208
152.5,13,0,23,6,6,-71.5181,-29.4477
152.5,14,0,23,6,6,-73.8323,-29.8168
152.6,0,1,23,6,12,-72.4171,-29.0509
152.6,1,2,23,6,12,-73.1748,-26.6971
152.6,2,0,23,6,13,-71.9993,-29.2432
152.6,3,1,23,6,12,-72.8362,-27.6626
152.6,4,2,23,6,12,-71.108,-27.6402
152.6,5,2,23,6,12,-72.8809,-28.8252
152.6,6,1,23,6,12,-70.9068,-28.8646
152.6,7,0,23,6,11,-73.0582,-28.3743
152.6,8,0,23,6,11,-71.2775,-28.4808
152.6,9,1,23,6,10,-73.1634,-28.9062
152.6,10,2,23,6,10,-72.1247,-28.9922
152.6,11,2,23,6,8,-72.4003,-29.611
152.6,12,1,23,6,7,-72.9871,-29.3154
152.6,13,0,23,6,6,-71.5809,-29.4182
152.6,14,0,23,6,6,-73.812,-29.8239
152.7,0,1,23,6,12,-72.4572,-29.0577
152.7,1,2,23,6,12,-73.2119,-26.689
152.7,2,0,23,6,13,-72.0229,-29.2487
152.7,3,1,23,6,12,-72.8743,-27.6568
152.7,4,2,23,6,12,-71.1099,-27.6328
152.7,5,2,23,6,12,-72.9257,-28.8193
152.7,6,1,23,6,12,-70.8781,-28.8587
152.7,7,0,23,6,11,-73.1154,-28.374
152.7,8,0,23,6,11,-71.2242,-28.4673
152.7,9,1,23,6,10,-73.2326,-28.9316
152.7,10,2,23,6,10,-72.0668,-28.9774
152.7,11,2,23,6,8,-72.4525,-29.6008
152.7,12,1,23,6,7,-72.9393,-29.3081
152.7,13,0,23,6,6,-71.6394,-29.3883
152.7,14,0,23,6,6,-73.786,-29.8303
152.8,0,1,23,6,12,-72.4949,-29.0637
152.8,1,2,23,6,12,-73.2465,-26.7046
152.8,2,0,23,6,13,-72.0447,-29.2537
152.8,3,1,23,6,12,-72.9094,-27.6513
152.8,4,2,23,6,12,-71.1102,-27.625
152.8,5,2,23,6,12,-72.9676,-28.8143
152.8,6,1,23,6,12,-70.8473,-28.8517
152.8,7,0,23,6,11,-73.1699,-28.3767
152.8,8,0,23,6,11,-71.1673,-28.454
152.8,9,1,23,6,10,-73.2985,-28.9584
152.8,10,2,23,6,10,-72.0043,-28.9604
152.8,11,2,23,6,8,-72.501,-29.5921
152.8,12,1,23,6,7,-72.8866,-29.3003
152.8,13,0,23,6,6,-71.6941,-29.3594
152.8,14,0,23,6,6,-73.7547,-29.8357
152.9,0,1,23,6,12,-72.5302,-29.0686
152.9,1,2,23,6,12,-73.2784,-26.7396
152.9,2,0,23,6,13,-72.0646,-29.2572
152.9,3,1,23,6,12,-72.9416,-27.6468
152.9,4,2,23,6,12,-71.1089,-27.6169
152.9,5,2,23,6,12,-73.0067,-28.8111
152.9,6,1,23,6,12,-70.8144,-28.8439
152.9,7,0,23,6,11,-73.2216,-28.3819
152.9,8,0,23,6,11,-71.1079,-28.4403
152.9,9,1,23,6,10,-73.361,-28.9852
152.9,10,2,23,6,10,-71.9375,-28.9425
152.9,11,2,23,6,8,-72.546,-29.5842
152.9,12,1,23,6,7,-72.8291,-29.2919
152.9,13,0,23,6,6,-71.7453,-29.3311
152.9,14,0,23,6,6,-73.7181,-29.8405
153,0,1,23,6,12,-72.563,-29.0738
153,1,2,23,6,12,-73.3076,-26.7761
153,2,0,23,6,13,-72.0826,-29.2611
153,3,1,23,6,12,-72.9708,-27.6428
153,4,2,23,6,12,-71.1061,-27.6078
153,5,2,23,6,12,-73.043,-28.8089
153,6,1,23,6,12,-70.78,-28.8346
153,7,0,23,6,11,-73.2704,-28.3884
153,8,0,23,6,11,-71.0455,-28.4271
153,9,1,23,6,10,-73.4201,-29.0122
153,10,2,23,6,10,-71.8671,-28.9243
153,11,2,23,6,8,-72.5881,-29.5773
153,12,1,23,6,7,-72.7671,-29.2825
153,13,0,23,6,6,-71.7933,-29.3035
153,14,0,23,6,6,-73.6766,-29.8444
153.1,0,0,23,6,12,-72.5936,-29.0775
153.1,1,2,23,6,12,-73.3345,-26.8105
153.1,2,1,23,6,12,-72.099,-26.6138
153.1,3,0,23,6,12,-72.9974,-27.6397
153.1,4,2,23,6,12,-71.1017,-27.5987
153.1,5,1,23,6,12,-73.0766,-28.8076
153.1,6,0,23,6,12,-70.744,-28.8246
153.1,7,2,23,6,11,-73.3164,-28.3969
153.1,8,1,23,6,11,-70.981,-28.414
153.1,9,0,23,6,10,-73.4758,-29.0392
153.1,10,2,23,6,10,-71.7931,-28.9056
153.1,11,1,23,6,7,-72.6273,-28.8176
153.1,12,0,23,6,7,-72.701,-29.2732
153.1,13,2,23,6,6,-71.8386,-29.277
153.1,14,1,23,6,6,-73.6305,-29.8476
153.2,0,0,23,6,12,-72.6218,-29.0805
153.2,1,2,23,6,12,-73.3587,-26.8443
153.2,2,1,23,6,12,-72.1136,-26.6045
153.2,3,0,23,6,12,-73.0212,-27.6375
153.2,4,2,23,6,12,-71.096,-27.5881
153.2,5,1,23,6,12,-73.1073,-28.8077
153.2,6,0,23,6,12,-70.7068,-28.8129
153.2,7,2,23,6,11,-73.3594,-28.4065
153.2,8,1,23,6,11,-70.9146,-28.4018
153.2,9,0,23,6,10,-73.5282,-29.0646
153.2,10,2,23,6,10,-71.7159,-28.8875
153.2,11,1,23,6,7,-72.664,-28.8028
153.2,12,0,23,6,7,-72.6311,-29.2639
153.2,13,2,23,6,6,-71.8814,-29.2517
153.2,14,1,23,6,6,-73.5799,-29.8503
153.3,0,0,23,6,12,-72.648,-29.0825
153.3,1,2,23,6,12,-73.3807,-26.8772
153.3,2,1,23,6,12,-72.1267,-26.5947
153.3,3,0,23,6,12,-73.0428,-27.6362
153.3,4,2,23,6,12,-71.0889,-27.5771
153.3,5,1,23,6,12,-73.1356,-28.8087
153.3,6,0,23,6,12,-70.6685,-28.8004
153.3,7,2,23,6,11,-73.3996,-28.4172
153.3,8,1,23,6,11,-70.8466,-28.3901
153.3,9,0,23,6,10,-73.5775,-29.0891
153.3,10,2,23,6,10,-71.6359,-28.8695
153.3,11,1,23,6,7,-72.6986,-28.7881
153.3,12,0,23,6,7,-72.5576,-29.254
153.3,13,2,23,6,6,-71.9223,-29.2274
153.3,14,1,23,6,6,-73.5253,-29.8519
153.4,0,0,23,6,12,-72.6719,-29.0821
153.4,1,2,23,6,12,-73.4005,-26.9009
153.4,2,1,23,6,12,-72.1383,-26.5875
153.4,3,0,23,6,12,-73.0618,-27.6353
153.4,4,2,23,6,12,-71.0808,-27.5688
153.4,5,1,23,6,12,-73.1612,-28.8102
153.4,6,0,23,6,12,-70.6293,-28.7903
153.4,7,2,23,6,11,-73.4367,-28.4291
153.4,8,1,23,6,11,-70.7769,-28.3795
153.4,9,0,23,6,10,-73.6237,-29.1123
153.4,10,2,23,6,10,-71.5532,-28.8529
153.4,11,1,23,6,7,-72.7321,-28.7752
153.4,12,0,23,6,7,-72.481,-29.2458
153.4,13,2,23,6,6,-71.9614,-29.2054
153.4,14,1,23,6,6,-73.467,-29.8532
153.5,0,0,23,6,12,-72.6941,-29.0819
153.5,1,2,23,6,12,-73.4183,-26.9195
153.5,2,1,23,6,12,-72.1485,-26.584
153.5,3,0,23,6,12,-73.0786,-27.6359
153.5,4,2,23,6,12,-71.0716,-27.5639
153.5,5,1,23,6,12,-73.1846,-28.8132
153.5,6,0,23,6,12,-70.5897,-28.7833
153.5,7,2,23,6,11,-73.4715,-28.442
153.5,8,1,23,6,11,-70.7067,-28.3703
153.5,9,0,23,6,10,-73.667,-29.133
153.5,10,2,23,6,10,-71.4682,-28.837
153.5,11,1,23,6,7,-72.7648,-28.7622
153.5,12,0,23,6,7,-72.4015,-29.2368
153.5,13,2,23,6,6,-71.9999,-29.1843
153.5,14,1,23,6,6,-73.405,-29.8536
153.6,0,0,23,6,12,-72.7144,-29.0821
153.6,1,2,23,6,12,-73.434,-26.9345
153.6,2,1,23,6,12,-72.1576,-26.5832
153.6,3,0,23,6,12,-73.0932,-27.6368
153.6,4,2,23,6,12,-71.0616,-27.5618
153.6,5,1,23,6,12,-73.2056,-28.8165
153.6,6,0,23,6,12,-70.5496,-28.7791
153.6,7,2,23,6,11,-73.5034,-28.4549
153.6,8,1,23,6,11,-70.6354,-28.3622
153.6,9,0,23,6,10,-73.7074,-29.1526
153.6,10,2,23,6,10,-71.3814,-28.823
153.6,11,1,23,6,7,-72.7968,-28.7508
153.6,12,0,23,6,7,-72.3192,-29.2293
153.6,13,2,23,6,6,-72.0381,-29.1655
153.6,14,1,23,6,6,-73.3397,-29.8536
153.7,0,0,23,6,12,-72.7331,-29.0823
153.7,1,2,23,6,12,-73.4481,-26.9448
153.7,2,1,23,6,12,-72.1655,-26.5858
153.7,3,0,23,6,12,-73.1057,-27.6387
153.7,4,2,23,6,12,-71.0509,-27.563
153.7,5,1,23,6,12,-73.2244,-28.8209
153.7,6,0,23,6,12,-70.5092,-28.7778
153.7,7,2,23,6,11,-73.5326,-28.468
153.7,8,1,23,6,11,-70.5636,-28.3555
153.7,9,0,23,6,10,-73.7451,-29.1691
153.7,10,2,23,6,10,-71.2927,-28.8105
153.7,11,1,23,6,7,-72.829,-28.7397
153.7,12,0,23,6,7,-72.2347,-29.2223
153.7,13,2,23,6,6,-72.0767,-29.1484
153.7,14,1,23,6,6,-73.2714,-29.8532
153.8,0,0,23,6,12,-72.7504,-29.0829
153.8,1,2,23,6,12,-73.4604,-26.9506
153.8,2,1,23,6,12,-72.1726,-26.5914
153.8,3,0,23,6,12,-73.1166,-27.6414
153.8,4,2,23,6,12,-71.0396,-27.5674
153.8,5,1,23,6,12,-73.241,-28.8258
153.8,6,0,23,6,12,-70.4688,-28.7796
153.8,7,2,23,6,11,-73.5595,-28.4814
153.8,8,1,23,6,11,-70.4914,-28.3503
153.8,9,0,23,6,10,-73.7804,-29.1844
153.8,10,2,23,6,10,-71.2027,-28.7994
153.8,11,1,23,6,7,-72.8614,-28.7287
153.8,12,0,23,6,7,-72.148,-29.2154
153.8,13,2,23,6,6,-72.1154,-29.133
153.8,14,1,23,6,6,-73.2006,-29.8518
153.9,0,0,23,6,12,-72.7664,-29.0835
153.9,1,2,23,6,12,-73.4714,-26.9526
153.9,2,1,23,6,12,-72.179,-26.5997
153.9,3,0,23,6,12,-73.1258,-27.6446
153.9,4,2,23,6,12,-71.0279,-27.5742
153.9,5,1,23,6,12,-73.256,-28.8312
153.9,6,0,23,6,12,-70.4285,-28.7841
153.9,7,2,23,6,11,-73.5842,-28.4946
153.9,8,1,23,6,11,-70.4193,-28.3465
153.9,9,0,23,6,10,-73.8133,-29.1966
153.9,10,2,23,6,10,-71.1114,-28.7905
153.9,11,1,23,6,7,-72.8936,-28.7189
153.9,12,0,23,6,7,-72.0595,-29.2102
153.9,13,2,23,6,6,-72.1546,-29.1195
153.9,14,1,23,6,6,-73.1272,-29.8506
154,0,0,23,6,12,-72.7815,-29.0883
154,1,2,23,6,12,-73.4814,-26.9421
154,2,1,23,6,12,-72.1848,-26.6152
154,3,0,23,6,12,-73.1344,-27.6487
154,4,2,23,6,12,-71.0159,-27.5883
154,5,1,23,6,12,-73.269,-28.837
154,6,0,23,6,12,-70.3885,-28.7956
154,7,2,23,6,11,-73.6066,-28.508
154,8,1,23,6,11,-70.3473,-28.3439
154,9,0,23,6,10,-73.8439,-29.2068
154,10,2,23,6,10,-71.0192,-28.783
154,11,1,23,6,7,-72.931,-28.7143
154,12,0,23,6,7,-71.9691,-29.2048
154,13,2,23,6,6,-72.1943,-29.1076
154,14,1,23,6,6,-73.0517,-29.8483
154.1,0,0,23,6,12,-72.7958,-29.0966
154.1,1,2,23,6,12,-73.4909,-26.9182
154.1,2,1,23,6,12,-72.1905,-26.6383
154.1,3,0,23,6,12,-73.1425,-27.6538
154.1,4,2,23,6,12,-71.0041,-27.6095
154.1,5,1,23,6,12,-73.2807,-28.8439
154.1,6,0,23,6,12,-70.3491,-28.8143
154.1,7,2,23,6,11,-73.6269,-28.5204
154.1,8,1,23,6,11,-70.2757,-28.3424
154.1,9,0,23,6,10,-73.8726,-29.2143
154.1,10,2,23,6,10,-70.9263,-28.7778
154.1,11,1,23,6,7,-72.9736,-28.7162
154.1,12,0,23,6,7,-71.8776,-29.2013
154.1,13,2,23,6,6,-72.2351,-29.0974
154.1,14,1,23,6,6,-72.9741,-29.8462
154.2,0,0,23,6,12,-72.8096,-29.1082
154.2,1,2,23,6,12,-73.4998,-26.8816
154.2,2,1,23,6,12,-72.1959,-26.6686
154.2,3,0,23,6,12,-73.1503,-27.6589
154.2,4,2,23,6,12,-70.9924,-27.6378
154.2,5,1,23,6,12,-73.2908,-28.8505
154.2,6,0,23,6,12,-70.3104,-28.8401
154.2,7,2,23,6,11,-73.6456,-28.5333
154.2,8,1,23,6,11,-70.2046,-28.3424
154.2,9,0,23,6,10,-73.8993,-29.2192
154.2,10,2,23,6,10,-70.8329,-28.7736
154.2,11,1,23,6,7,-73.0212,-28.723
154.2,12,0,23,6,7,-71.7849,-29.1984
154.2,13,2,23,6,6,-72.2768,-29.0892
154.2,14,1,23,6,6,-72.8948,-29.8436
154.3,0,0,23,6,12,-72.8228,-29.1226
154.3,1,2,23,6,12,-73.5084,-26.8312
154.3,2,1,23,6,12,-72.2014,-26.7053
154.3,3,0,23,6,12,-73.1579,-27.6653
154.3,4,2,23,6,12,-70.9808,-27.6726
154.3,5,1,23,6,12,-73.2998,-28.8583
154.3,6,0,23,6,12,-70.2723,-28.8725
154.3,7,2,23,6,11,-73.6624,-28.5452
154.3,8,1,23,6,11,-70.1341,-28.3438
154.3,9,0,23,6,10,-73.9245,-29.2222
154.3,10,2,23,6,10,-70.739,-28.772
154.3,11,1,23,6,7,-73.0736,-28.7351
154.3,12,0,23,6,7,-71.6908,-29.1963
154.3,13,2,23,6,6,-72.3196,-29.0822
154.3,14,1,23,6,6,-72.8137,-29.8406
154.4,0,0,23,6,12,-72.836,-29.1386
154.4,1,2,23,6,12,-73.5169,-26.7648
154.4,2,1,23,6,12,-72.2071,-26.7485
154.4,3,0,23,6,12,-73.1654,-27.6718
154.4,4,2,23,6,12,-70.97,-27.7137
154.4,5,1,23,6,12,-73.3078,-28.8658
154.4,6,0,23,6,12,-70.2353,-28.9112
154.4,7,2,23,6,11,-73.6779,-28.5568
154.4,8,1,23,6,11,-70.0645,-28.3461
154.4,9,0,23,6,10,-73.9481,-29.2225
154.4,10,2,23,6,10,-70.6449,-28.7723
154.4,11,1,23,6,7,-73.1314,-28.7518
154.4,12,0,23,6,7,-71.5958,-29.1951
154.4,13,2,23,6,6,-72.3638,-29.0769
154.4,14,1,23,6,6,-72.7313,-29.8373
154.5,0,0,23,6,12,-72.8489,-29.155
154.5,1,2,23,6,12,-73.5251,-26.6838
154.5,2,1,23,6,12,-72.2129,-26.7969
154.5,3,0,23,6,12,-73.173,-27.6789
154.5,4,2,23,6,12,-70.9595,-27.7598
154.5,5,1,23,6,12,-73.3149,-28.8736
154.5,6,0,23,6,12,-70.1991,-28.955
154.5,7,2,23,6,11,-73.6919,-28.5676
154.5,8,1,23,6,11,-69.9956,-28.35
154.5,9,0,23,6,10,-73.9701,-29.2213
154.5,10,2,23,6,10,-70.5505,-28.7738
154.5,11,1,23,6,7,-73.1946,-28.7729
154.5,12,0,23,6,7,-71.5,-29.1949
154.5,13,2,23,6,6,-72.4094,-29.0734
154.5,14,1,23,6,6,-72.6474,-29.8338
154.6,0,0,23,6,12,-72.8618,-29.1738
154.6,1,2,23,6,12,-73.5334,-26.6905
154.6,2,1,23,6,12,-72.2192,-26.8419
154.6,3,0,23,6,12,-73.1808,-27.6869
154.6,4,2,23,6,12,-70.9497,-27.803
154.6,5,1,23,6,12,-73.3215,-28.8822
154.6,6,0,23,6,12,-70.1638,-28.996
154.6,7,2,23,6,11,-73.7048,-28.5778
154.6,8,1,23,6,11,-69.9277,-28.3544
154.6,9,0,23,6,10,-73.9911,-29.2175
154.6,10,2,23,6,10,-70.4562,-28.7774
154.6,11,1,23,6,7,-73.2589,-28.7953
154.6,12,0,23,6,7,-71.4034,-29.195
154.6,13,2,23,6,6,-72.4564,-29.0713
154.6,14,1,23,6,6,-72.5624,-29.83
154.7,0,0,23,6,12,-72.8747,-29.1931
154.7,1,2,23,6,12,-73.5415,-26.6995
154.7,2,1,23,6,12,-72.2259,-26.8829
154.7,3,0,23,6,12,-73.1886,-27.6953
154.7,4,2,23,6,12,-70.9405,-27.8427
154.7,5,1,23,6,12,-73.3274,-28.891
154.7,6,0,23,6,12,-70.1298,-29.0339
154.7,7,2,23,6,11,-73.7167,-28.5877
154.7,8,1,23,6,11,-69.861,-28.3595
154.7,9,0,23,6,10,-74.0111,-29.2122
154.7,10,2,23,6,10,-70.3618,-28.782
154.7,11,1,23,6,7,-73.3239,-28.8197
154.7,12,0,23,6,7,-71.3058,-29.1963
154.7,13,2,23,6,6,-72.505,-29.0711
154.7,14,1,23,6,6,-72.476,-29.8261
154.8,0,0,23,6,12,-72.8877,-29.2127
154.8,1,2,23,6,12,-73.5499,-26.7089
154.8,2,1,23,6,12,-72.2331,-26.9193
154.8,3,0,23,6,12,-73.1967,-27.7037
154.8,4,2,23,6,12,-70.9323,-27.8779
154.8,5,1,23,6,12,-73.3331,-28.8995
154.8,6,0,23,6,12,-70.097,-29.0677
154.8,7,2,23,6,11,-73.7278,-28.5968
154.8,8,1,23,6,11,-69.7952,-28.3653
154.8,9,0,23,6,10,-74.0301,-29.2052
154.8,10,2,23,6,10,-70.2674,-28.788
154.8,11,1,23,6,7,-73.3895,-28.8461
154.8,12,0,23,6,7,-71.2077,-29.199
154.8,13,2,23,6,6,-72.5551,-29.0725
154.8,14,1,23,6,6,-72.3886,-29.8226
154.9,0,0,23,6,12,-72.9011,-29.2325
154.9,1,2,23,6,12,-73.5586,-26.7193
154.9,2,1,23,6,12,-72.2411,-26.9501
154.9,3,0,23,6,12,-73.2055,-27.7131
154.9,4,2,23,6,12,-70.9252,-27.9079
154.9,5,1,23,6,12,-73.3387,-28.9087
154.9,6,0,23,6,12,-70.0656,-29.0963
154.9,7,2,23,6,11,-73.7382,-28.6052
154.9,8,1,23,6,11,-69.7304,-28.3718
154.9,9,0,23,6,10,-74.0484,-29.1964
154.9,10,2,23,6,10,-70.1733,-28.796
154.9,11,1,23,6,7,-73.4555,-28.8728
154.9,12,0,23,6,7,-71.1087,-29.2014
154.9,13,2,23,6,6,-72.6068,-29.0749
154.9,14,1,23,6,6,-72.3001,-29.8186
155,0,0,23,6,12,-72.9149,-29.2515
155,1,2,23,6,12,-73.5677,-26.7307
155,2,1,23,6,12,-72.2499,-26.9759
155,3,0,23,6,12,-73.2146,-27.7231
155,4,2,23,6,12,-70.9189,-27.9331
155,5,1,23,6,12,-73.3442,-28.9184
155,6,0,23,6,12,-70.0353,-29.1203
155,7,2,23,6,11,-73.7482,-28.6134
155,8,1,23,6,11,-69.6669,-28.3788
155,9,0,23,6,10,-74.0661,-29.1862
155,10,2,23,6,10,-70.0792,-28.8042
155,11,1,23,6,7,-73.5215,-28.9008
155,12,0,23,6,7,-71.0093,-29.2051
155,13,2,23,6,6,-72.66,-29.0791
155,14,1,23,6,6,-72.2105,-29.8146
155.1,0,0,23,6,12,-72.9292,-29.2679
155.1,1,2,23,6,12,-73.5772,-26.7417
155.1,2,1,23,6,12,-72.2595,-26.9948
155.1,3,0,23,6,12,-73.2244,-27.7327
155.1,4,2,23,6,12,-70.914,-27.9522
155.1,5,1,23,6,12,-73.35,-28.9276
155.1,6,0,23,6,12,-70.0066,-29.1385
155.1,7,2,23,6,11,-73.7577,-28.6205
155.1,8,1,23,6,11,-69.6047,-28.3863
155.1,9,0,23,6,10,-74.0833,-29.1754
155.1,10,2,23,6,10,-69.9854,-28.8137
155.1,11,1,23,6,7,-73.5873,-28.9291
155.1,12,0,23,6,7,-70.909,-29.2091
155.1,13,2,23,6,6,-72.7145,-29.0852
155.1,14,1,23,6,6,-72.1199,-29.8104
155.2,0,0,23,6,12,-72.9442,-29.2825
155.2,1,2,23,6,12,-73.5874,-26.7539
155.2,2,1,23,6,12,-72.2701,-27.0078
155.2,3,0,23,6,12,-73.2348,-27.7431
155.2,4,2,23,6,12,-70.9103,-27.9653
155.2,5,1,23,6,12,-73.356,-28.9374
155.2,6,0,23,6,12,-69.9795,-29.1513
155.2,7,2,23,6,11,-73.767,-28.627
155.2,8,1,23,6,11,-69.5438,-28.3938
155.2,9,0,23,6,10,-74.1002,-29.1627
155.2,10,2,23,6,10,-69.8919,-28.8241
155.2,11,1,23,6,7,-73.6527,-28.9574
155.2,12,0,23,6,7,-70.808,-29.2132
155.2,13,2,23,6,6,-72.7703,-29.092
155.2,14,1,23,6,6,-72.0283,-29.8069
155.3,0,0,23,6,12,-72.9598,-29.2915
155.3,1,2,23,6,12,-73.5981,-26.766
155.3,2,1,23,6,12,-72.2817,-27.0151
155.3,3,0,23,6,12,-73.2458,-27.7536
155.3,4,2,23,6,12,-70.908,-27.9733
155.3,5,1,23,6,12,-73.3623,-28.9468
155.3,6,0,23,6,12,-69.9539,-29.1586
155.3,7,2,23,6,11,-73.7763,-28.6333
155.3,8,1,23,6,11,-69.4841,-28.4016
155.3,9,0,23,6,10,-74.1171,-29.1502
155.3,10,2,23,6,10,-69.7987,-28.8353
155.3,11,1,23,6,7,-73.7175,-28.9858
155.3,12,0,23,6,7,-70.7063,-29.2179
155.3,13,2,23,6,6,-72.825,-29.0987
155.3,14,1,23,6,6,-71.9355,-29.8024
155.4,0,0,23,6,12,-72.9762,-29.2947
155.4,1,2,23,6,12,-73.6095,-26.7786
155.4,2,1,23,6,12,-72.2948,-27.0151
155.4,3,0,23,6,12,-73.2575,-27.7644
155.4,4,2,23,6,12,-70.9078,-27.9743
155.4,5,1,23,6,12,-73.369,-28.9568
155.4,6,0,23,6,12,-69.9309,-29.1597
155.4,7,2,23,6,11,-73.7855,-28.6391
155.4,8,1,23,6,11,-69.4266,-28.4097
155.4,9,0,23,6,10,-74.1334,-29.1364
155.4,10,2,23,6,10,-69.7062,-28.8474
155.4,11,1,23,6,7,-73.7813,-29.0146
155.4,12,0,23,6,7,-70.6043,-29.2233
155.4,13,2,23,6,6,-72.8781,-29.1044
155.4,14,1,23,6,6,-71.8418,-29.7988
155.5,0,0,23,6,12,-72.9938,-29.2942
155.5,1,2,23,6,12,-73.6218,-26.7917
155.5,2,1,23,6,12,-72.3095,-27.0107
155.5,3,0,23,6,12,-73.2697,-27.7755
155.5,4,2,23,6,12,-70.9091,-27.9713
155.5,5,1,23,6,12,-73.3758,-28.9668
155.5,6,0,23,6,12,-69.9087,-29.1568
155.5,7,2,23,6,11,-73.7945,-28.6445
155.5,8,1,23,6,11,-69.3687,-28.4177
155.5,9,0,23,6,10,-74.1497,-29.1227
155.5,10,2,23,6,10,-69.6112,-28.8589
155.5,11,1,23,6,7,-73.8437,-29.0429
155.5,12,0,23,6,7,-70.4978,-29.2291
155.5,13,2,23,6,6,-72.9317,-29.1121
155.5,14,1,23,6,6,-71.7439,-29.795
155.6,0,0,23,6,12,-73.0124,-29.2901
155.6,1,2,23,6,12,-73.6345,-26.807
155.6,2,1,23,6,12,-72.3251,-27.0024
155.6,3,0,23,6,12,-73.2822,-27.79
155.6,4,2,23,6,12,-70.9114,-27.9644
155.6,5,1,23,6,12,-73.3831,-28.9811
155.6,6,0,23,6,12,-69.8863,-29.1501
155.6,7,2,23,6,11,-73.8036,-28.6526
155.6,8,1,23,6,11,-69.3076,-28.4259
155.6,9,0,23,6,10,-74.1655,-29.109
155.6,10,2,23,6,10,-69.5041,-28.8725
155.6,11,1,23,6,7,-73.9053,-29.0712
155.6,12,0,23,6,7,-70.3795,-29.2334
155.6,13,2,23,6,6,-72.9845,-29.118
155.6,14,1,23,6,6,-71.6365,-29.7911
155.7,0,0,23,6,12,-73.0315,-29.2786
155.7,1,2,23,6,12,-73.6475,-26.8209
155.7,2,1,23,6,12,-72.3417,-26.9846
155.7,3,0,23,6,12,-73.2954,-27.8032
155.7,4,2,23,6,12,-70.9139,-27.9475
155.7,5,1,23,6,12,-73.3902,-28.9941
155.7,6,0,23,6,12,-69.8594,-29.1368
155.7,7,2,23,6,11,-73.81,-28.6549
155.7,8,1,23,6,11,-69.2374,-28.4316
155.7,9,0,23,6,10,-74.1803,-29.0992
155.7,10,2,23,6,10,-69.385,-28.8884
155.7,11,1,23,6,7,-73.9657,-29.0996
155.7,12,0,23,6,7,-70.2492,-29.2377
155.7,13,2,23,6,6,-73.0356,-29.1229
155.7,14,1,23,6,6,-71.5193,-29.7877
155.8,0,0,23,6,12,-73.0522,-29.2601
155.8,1,2,23,6,12,-73.6615,-26.8334
155.8,2,1,23,6,12,-72.3599,-26.9605
155.8,3,0,23,6,12,-73.3095,-27.8149
155.8,4,2,23,6,12,-70.9166,-27.9295
155.8,5,1,23,6,12,-73.3968,-29.0007
155.8,6,0,23,6,12,-69.8288,-29.1189
155.8,7,2,23,6,11,-73.8169,-28.6541
155.8,8,1,23,6,11,-69.1594,-28.4317
155.8,9,0,23,6,10,-74.1956,-29.0882
155.8,10,2,23,6,10,-69.2552,-28.8975
155.8,11,1,23,6,7,-74.026,-29.1292
155.8,12,0,23,6,7,-70.1078,-29.2418
155.8,13,2,23,6,6,-73.0855,-29.1253
155.8,14,1,23,6,6,-71.393,-29.7893
155.9,0,0,23,6,11,-73.0754,-29.2361
155.9,1,2,23,6,12,-73.6774,-26.845
155.9,2,1,23,6,11,-72.3806,-26.9315
155.9,3,0,23,6,12,-73.326,-27.8259
155.9,4,2,23,6,12,-70.9218,-27.9049
155.9,5,1,23,6,12,-73.4058,-29.0076
155.9,6,0,23,6,12,-69.7972,-29.0981
155.9,7,2,23,6,11,-73.8265,-28.6543
155.9,8,1,23,6,11,-69.0748,-28.4346
155.9,9,0,23,6,10,-74.2121,-29.0827
155.9,10,2,23,6,10,-69.1148,-28.9045
155.9,11,1,23,6,7,-74.0863,-29.1585
155.9,12,0,23,6,6,-69.9549,-27.0034
155.9,13,2,23,6,6,-73.1344,-29.126
155.9,14,1,23,6,5,-71.2576,-26.6906
156,0,0,23,6,11,-73.1011,-29.2103
156,1,2,23,6,12,-73.6959,-26.86
156,2,1,23,6,11,-72.4041,-26.9026
156,3,0,23,6,12,-73.3448,-27.8417
156,4,2,23,6,12,-70.9304,-27.88
156,5,1,23,6,12,-73.4172,-29.0209
156,6,0,23,6,12,-69.7691,-29.0761
156,7,2,23,6,11,-73.8393,-28.6595
156,8,1,23,6,11,-68.9921,-28.436
156,9,0,23,6,10,-74.2313,-29.079
156,10,2,23,6,10,-68.9659,-28.9112
156,11,1,23,6,7,-74.1469,-29.1882
156,12,0,23,6,6,-69.7913,-27.0038
156,13,2,23,6,6,-73.1827,-29.1251
156,14,1,23,6,5,-71.1128,-26.6925
156.1,0,0,23,6,11,-73.1297,-29.1819
156.1,1,2,23,6,12,-73.7172,-26.8749
156.1,2,1,23,6,11,-72.4309,-26.871
156.1,3,0,23,6,12,-73.3661,-27.8574
156.1,4,2,23,6,12,-70.9436,-27.852
156.1,5,1,23,6,12,-73.4319,-29.0349
156.1,6,0,23,6,12,-69.7468,-29.0505
156.1,7,2,23,6,11,-73.8553,-28.6655
156.1,8,1,23,6,11,-68.9146,-28.4366
156.1,9,0,23,6,10,-74.2531,-29.0767
156.1,10,2,23,6,10,-74.3069,-28.9002
156.1,11,1,23,6,7,-74.2097,-29.2177
156.1,12,0,23,6,6,-69.6277,-27.0035
156.1,13,2,23,6,6,-73.2317,-29.125
156.1,14,1,23,6,5,-70.9664,-26.6948
156.2,0,0,23,6,11,-73.1613,-29.1526
156.2,1,2,23,6,12,-73.7419,-26.8898
156.2,2,1,23,6,11,-72.4614,-26.8379
156.2,3,0,23,6,12,-73.3904,-27.8731
156.2,4,2,23,6,12,-70.9618,-27.8222
156.2,5,1,23,6,12,-73.45,-29.0494
156.2,6,0,23,6,12,-69.7319,-29.0226
156.2,7,2,23,6,11,-73.8748,-28.6725
156.2,8,1,23,6,11,-68.8456,-28.4361
156.2,9,0,23,6,10,-74.2782,-29.0758
156.2,10,2,23,6,10,-74.2695,-28.9028
156.2,11,1,23,6,7,-74.2726,-29.2479
156.2,12,0,23,6,6,-69.4685,-27.0035
156.2,13,2,23,6,6,-73.2809,-29.1247
156.2,14,1,23,6,5,-70.8224,-26.6964
156.3,0,0,23,6,11,-73.1959,-29.1208
156.3,1,2,23,6,12,-73.7696,-26.9038
156.3,2,1,23,6,11,-72.4953,-26.8037
156.3,3,0,23,6,12,-73.4177,-27.8881
156.3,4,2,23,6,12,-70.9848,-27.791
156.3,5,1,23,6,12,-73.4715,-29.0634
156.3,6,0,23,6,12,-69.7245,-28.9928
156.3,7,2,23,6,11,-73.8977,-28.6799
156.3,8,1,23,6,11,-68.785,-28.4348
156.3,9,0,23,6,10,-74.3061,-29.0763
156.3,10,2,23,6,10,-74.2356,-28.9037
156.3,11,1,23,6,7,-74.3356,-29.2763
156.3,12,0,23,6,6,-69.3147,-27.003
156.3,13,2,23,6,6,-73.3306,-29.125
156.3,14,1,23,6,5,-70.6811,-26.6984
156.4,0,0,23,6,10,-73.2332,-26.6265
156.4,1,2,23,6,12,-73.8002,-26.9184
156.4,2,1,23,6,11,-72.5327,-26.7695
156.4,3,0,23,6,12,-73.4474,-27.9035
156.4,4,2,23,6,12,-71.0127,-27.7595
156.4,5,1,23,6,12,-73.4958,-29.0783
156.4,6,0,23,6,12,-69.7242,-28.9622
156.4,7,2,23,6,11,-73.9242,-28.6876
156.4,8,1,23,6,11,-73.8232,-28.4214
156.4,9,0,23,6,10,-74.3375,-29.077
156.4,10,2,23,6,10,-74.2053,-28.9033
156.4,11,1,23,6,6,-74.3986,-26.9844
156.4,12,0,23,6,6,-69.1664,-27.0023
156.4,13,2,23,6,6,-73.3774,-29.1212
156.4,14,1,23,6,5,-70.543,-26.7001
156.5,0,0,23,6,10,-73.2729,-26.6385
156.5,1,2,23,6,12,-73.833,-26.9317
156.5,2,1,23,6,11,-72.573,-26.7425
156.5,3,0,23,6,12,-73.4786,-27.9173
156.5,4,2,23,6,12,-71.045,-27.7345
156.5,5,1,23,6,12,-73.5221,-29.0919
156.5,6,0,23,6,12,-69.7307,-28.9379
156.5,7,2,23,6,11,-73.9535,-28.6947
156.5,8,1,23,6,11,-73.827,-28.4193
156.5,9,0,23,6,10,-74.3716,-29.0784
156.5,10,2,23,6,10,-74.179,-28.9024
156.5,11,1,23,6,6,-74.4604,-27.0077
156.5,12,0,23,6,6,-74.7177,-26.9402
156.5,13,2,23,6,6,-73.4214,-29.1133
156.5,14,1,23,6,5,-70.408,-26.7024
156.6,0,0,23,6,10,-73.3149,-26.651
156.6,1,2,23,6,12,-73.8681,-26.9452
156.6,2,1,23,6,11,-72.6164,-26.7227
156.6,3,0,23,6,12,-73.5115,-27.9314
156.6,4,2,23,6,12,-71.0818,-27.7162
156.6,5,1,23,6,12,-73.5513,-29.106
156.6,6,0,23,6,12,-69.7441,-28.9202
156.6,7,2,23,6,11,-73.9859,-28.7024
156.6,8,1,23,6,11,-73.8349,-28.4177
156.6,9,0,23,6,10,-74.4083,-29.0799
156.6,10,2,23,6,10,-74.1568,-28.9004
156.6,11,2,23,6,6,-74.521,-27.0277
156.6,12,0,23,6,6,-74.6841,-26.94
156.6,13,1,23,6,6,-73.466,-29.1059
156.6,14,1,23,6,5,-70.2763,-26.7041
156.7,0,0,23,6,10,-73.3594,-26.663
156.7,1,2,23,6,12,-73.9059,-26.9582
156.7,2,1,23,6,11,-72.6627,-26.7086
156.7,3,0,23,6,12,-73.5468,-27.945
156.7,4,2,23,6,12,-71.1226,-27.7034
156.7,5,1,23,6,12,-73.5843,-29.1198
156.7,6,0,23,6,12,-69.7644,-28.9071
156.7,7,2,23,6,11,-74.0205,-28.7091
156.7,8,1,23,6,11,-73.8471,-28.4159
156.7,9,0,23,6,10,-74.4474,-29.0817
156.7,10,2,23,6,10,-74.1389,-28.8987
156.7,11,2,23,6,6,-74.5803,-27.0426
156.7,12,0,23,6,6,-74.6527,-26.9395
156.7,13,1,23,6,6,-73.5183,-29.1052
156.7,14,1,23,6,5,-70.1478,-26.7056
156.8,0,0,23,6,10,-73.4063,-26.6745
156.8,1,2,23,6,12,-73.9461,-26.9702
156.8,2,1,23,6,11,-72.7122,-26.6991
156.8,3,0,23,6,12,-73.5844,-27.9574
156.8,4,2,23,6,12,-71.1675,-27.6944
156.8,5,1,23,6,12,-73.6208,-29.1326
156.8,6,0,23,6,12,-69.7911,-28.8982
156.8,7,2,23,6,11,-74.0576,-28.7153
156.8,8,1,23,6,11,-73.8637,-28.4147
156.8,9,0,23,6,10,-74.4887,-29.0833
156.8,10,2,23,6,10,-74.1257,-28.8968
156.8,11,2,23,6,6,-74.6386,-27.0544
156.8,12,0,23,6,6,-74.624,-26.9392
156.8,13,1,23,6,6,-73.5778,-29.112
156.8,14,1,23,6,5,-70.0226,-26.7066
156.9,0,0,23,6,10,-73.4555,-26.6858
156.9,1,2,23,6,12,-73.9888,-26.9822
156.9,2,1,23,6,11,-72.7644,-26.6945
156.9,3,0,23,6,12,-73.6241,-27.9694
156.9,4,2,23,6,12,-71.2163,-27.69
156.9,5,1,23,6,12,-73.6607,-29.1452
156.9,6,0,23,6,12,-69.824,-28.8936
156.9,7,2,23,6,11,-74.0969,-28.7213
156.9,8,1,23,6,11,-73.8845,-28.4138
156.9,9,0,23,6,10,-74.5321,-29.0841
156.9,10,2,23,6,10,-74.117,-28.8947
156.9,11,2,23,6,6,-74.6959,-27.0625
156.9,12,0,23,6,6,-74.5981,-26.9389
156.9,13,1,23,6,6,-73.6443,-29.1252
156.9,14,1,23,6,5,-69.9013,-26.7077
157,0,0,23,6,10,-73.5069,-26.6967
157,1,2,23,6,12,-74.0338,-26.9935
157,2,1,23,6,11,-72.8192,-26.6932
157,3,0,23,6,12,-73.6661,-27.9808
157,4,2,23,6,12,-71.2688,-27.6889
157,5,1,23,6,12,-73.704,-29.1572
157,6,0,23,6,12,-69.8626,-28.8922
157,7,2,23,6,11,-74.1384,-28.7261
157,8,1,23,6,11,-73.9095,-28.4133
157,9,0,23,6,10,-74.5775,-29.085
157,10,2,23,6,10,-74.1133,-28.8932
157,11,2,23,6,6,-74.7523,-27.0673
157,12,0,23,6,6,-74.5751,-26.9386
157,13,1,23,6,6,-73.7189,-29.1443
157,14,1,23,6,5,-69.7834,-26.7081
157.1,0,0,23,6,10,-73.5605,-26.7071
157.1,1,2,23,6,12,-74.0814,-27.0044
157.1,2,1,23,6,11,-72.8767,-26.6951
157.1,3,0,23,6,12,-73.7104,-27.9915
157.1,4,2,23,6,12,-71.3246,-27.6908
157.1,5,1,23,6,12,-73.7504,-29.1684
157.1,6,0,23,6,12,-69.9067,-28.8936
157.1,7,2,23,6,11,-74.1819,-28.7305
157.1,8,1,23,6,11,-73.9388,-28.4129
157.1,9,0,23,6,10,-74.6251,-29.0857
157.1,10,2,23,6,10,-74.1143,-28.8924
157.1,11,2,23,6,6,-74.8081,-27.0693
157.1,12,0,23,6,6,-74.5552,-26.938
157.1,13,1,23,6,6,-73.8007,-29.1696
157.1,14,1,23,6,5,-69.6698,-26.7084
157.2,0,0,23,6,10,-73.6164,-26.7176
157.2,1,2,23,6,12,-74.1312,-27.015
157.2,2,1,23,6,11,-72.9368,-26.7002
157.2,3,0,23,6,12,-73.7569,-28.0018
157.2,4,2,23,6,12,-71.3839,-27.6958
157.2,5,1,23,6,12,-73.8,-29.1793
157.2,6,0,23,6,12,-69.9561,-28.898
157.2,7,2,23,6,11,-74.2277,-28.7341
157.2,8,1,23,6,11,-73.9723,-28.4137
157.2,9,0,23,6,10,-74.6746,-29.0853
157.2,10,2,23,6,10,-74.1207,-28.8918
157.2,11,2,23,6,6,-74.8632,-27.0688
157.2,12,0,23,6,6,-74.5387,-26.9379
157.2,13,1,23,6,6,-73.8892,-29.2004
157.2,14,1,23,6,5,-69.5598,-26.7082
157.3,0,0,23,6,10,-73.6745,-26.7274
157.3,1,2,23,6,12,-74.1833,-27.0249
157.3,2,1,23,6,11,-72.9994,-26.7073
157.3,3,0,23,6,12,-73.8057,-28.0112
157.3,4,2,23,6,12,-71.4463,-27.7023
157.3,5,1,23,6,12,-73.8526,-29.1893
157.3,6,0,23,6,12,-70.0103,-28.9042
157.3,7,2,23,6,11,-74.2756,-28.737
157.3,8,1,23,6,11,-74.0099,-28.415
157.3,9,0,23,6,10,-74.7258,-29.0845
157.3,10,2,23,6,10,-74.1318,-28.8918
157.3,11,2,23,6,6,-74.918,-27.0657
157.3,12,0,23,6,6,-74.5255,-26.937
157.3,13,1,23,6,6,-73.9842,-29.2364
157.3,14,1,23,6,5,-69.4542,-26.7079
157.4,0,0,23,6,10,-73.7346,-26.737
157.4,1,2,23,6,12,-74.2377,-27.0344
157.4,2,1,23,6,11,-73.0645,-26.7161
157.4,3,0,23,6,12,-73.8568,-28.0201
157.4,4,2,23,6,12,-71.5116,-27.7106
157.4,5,1,23,6,12,-73.9079,-29.1985
157.4,6,0,23,6,12,-70.0692,-28.9121
157.4,7,2,23,6,11,-74.3252,-28.7387
157.4,8,1,23,6,11,-74.0512,-28.4169
157.4,9,0,23,6,10,-74.7788,-29.0829
157.4,10,2,23,6,10,-74.148,-28.8926
157.4,11,2,23,6,6,-74.9729,-27.0609
157.4,12,0,23,6,6,-74.5158,-26.937
157.4,13,1,23,6,6,-74.0854,-29.2773
157.4,14,1,23,6,5,-69.3526,-26.707
157.5,0,0,23,6,10,-73.7966,-26.7456
157.5,1,2,23,6,12,-74.294,-27.0427
157.5,2,1,23,6,11,-73.1316,-26.7264
157.5,3,0,23,6,12,-73.9098,-28.0278
157.5,4,2,23,6,12,-71.5796,-27.7206
157.5,5,1,23,6,12,-73.9659,-29.2068
157.5,6,0,23,6,12,-70.132,-28.9217
157.5,7,2,23,6,11,-74.3767,-28.7402
157.5,8,1,23,6,11,-74.0962,-28.4188
157.5,9,0,23,6,10,-74.8335,-29.0815
157.5,10,2,23,6,10,-74.1687,-28.8939
157.5,11,2,23,6,6,-75.0277,-27.0544
157.5,12,0,23,6,6,-74.5096,-26.9366
157.5,13,1,23,6,6,-74.1926,-29.323
157.5,14,1,23,6,5,-75.2077,-26.6021
157.6,0,0,23,6,10,-73.8606,-26.7548
157.6,1,2,23,6,12,-74.3524,-27.0515
157.6,2,1,23,6,11,-73.2009,-26.7379
157.6,3,0,23,6,12,-73.9651,-28.0358
157.6,4,2,23,6,12,-71.6501,-27.7315
157.6,5,1,23,6,12,-74.0263,-29.2149
157.6,6,0,23,6,12,-70.1989,-28.9325
157.6,7,2,23,6,11,-74.4299,-28.7407
157.6,8,1,23,6,11,-74.1449,-28.4228
157.6,9,0,23,6,10,-74.8895,-29.0781
157.6,10,2,23,6,10,-74.194,-28.8962
157.6,11,2,23,6,6,-75.0824,-27.0458
157.6,12,0,23,6,6,-74.5066,-26.9363
157.6,13,1,23,6,6,-74.3048,-29.3722
157.6,14,1,23,6,5,-75.2015,-26.6011
157.7,0,0,23,6,10,-73.9261,-26.7625
157.7,1,2,23,6,11,-74.4125,-27.0589
157.7,2,1,23,6,11,-73.2719,-26.75
157.7,3,0,23,6,12,-74.0219,-28.0421
157.7,4,2,23,6,12,-71.723,-27.7431
157.7,5,1,23,6,12,-74.0888,-29.2215
157.7,6,0,23,6,12,-70.2691,-28.9439
157.7,7,2,23,6,11,-74.4847,-28.7403
157.7,8,1,23,6,11,-74.1968,-28.4268
157.7,9,0,23,6,10,-74.9469,-29.0748
157.7,10,2,23,6,10,-74.2238,-28.8989
157.7,11,2,23,6,6,-75.1369,-27.0364
157.7,12,0,23,6,6,-74.5071,-26.9362
157.7,13,1,23,6,5,-74.4262,-26.2661
157.7,14,1,23,6,5,-75.1969,-26.6002
157.8,0,0,23,6,10,-73.9934,-26.7706
157.8,1,2,23,6,11,-74.4742,-27.0665
157.8,2,1,23,6,11,-73.3449,-26.7629
157.8,3,0,23,6,12,-74.0802,-28.0485
157.8,4,2,23,6,12,-71.7978,-27.7554
157.8,5,1,23,6,12,-74.1529,-29.228
157.8,6,0,23,6,12,-70.3426,-28.9562
157.8,7,2,23,6,11,-74.5409,-28.739
157.8,8,1,23,6,11,-74.2516,-28.4311
157.8,9,0,23,6,10,-75.0057,-29.0713
157.8,10,2,23,6,10,-74.2575,-28.9026
157.8,11,2,23,6,6,-75.1915,-27.0252
157.8,12,0,23,6,6,-74.5106,-26.9357
157.8,13,1,23,6,5,-74.5493,-26.3169
157.8,14,1,23,6,5,-75.1937,-26.5981
157.9,0,0,23,6,10,-74.0621,-26.7782
157.9,1,2,23,6,11,-74.5374,-27.0734
157.9,2,1,23,6,11,-73.4193,-26.7758
157.9,3,0,23,6,12,-74.1401,-28.0542
157.9,4,2,23,6,12,-71.8746,-27.7679
157.9,5,1,23,6,12,-74.2185,-29.2338
157.9,6,0,23,6,12,-70.4189,-28.9686
157.9,7,2,23,6,11,-74.5985,-28.7374
157.9,8,1,23,6,11,-74.3092,-28.4361
157.9,9,0,23,6,10,-75.0657,-29.0667
157.9,10,2,23,6,10,-74.2951,-28.9067
157.9,11,2,23,6,6,-75.2462,-27.0136
157.9,12,0,23,6,6,-74.5171,-26.9355
157.9,13,1,23,6,5,-74.6717,-26.3665
157.9,14,1,23,6,5,-75.1922,-26.5963
158,0,0,23,6,10,-74.1317,-26.7851
158,1,2,23,6,11,-74.6015,-27.0797
158,2,1,23,6,11,-73.495,-26.7893
158,3,0,23,6,12,-74.2004,-28.0591
158,4,2,23,6,12,-71.953,-27.7808
158,5,1,23,6,12,-74.2832,-29.2386
158,6,0,23,6,12,-70.4977,-28.9816
158,7,2,23,6,11,-74.6573,-28.7348
158,8,1,23,6,11,-74.3692,-28.441
158,9,0,23,6,10,-75.1268,-29.0618
158,10,2,23,6,10,-74.3361,-28.9114
158,11,2,23,6,6,-75.3012,-27.0013
158,12,0,23,6,6,-74.5265,-26.9357
158,13,1,23,6,5,-74.7898,-26.4063
158,14,1,23,6,5,-75.1916,-26.594
158.1,0,0,23,6,10,-74.2025,-26.7921
158.1,1,2,23,6,11,-74.6665,-27.086
158.1,2,1,23,6,11,-73.5719,-26.8037
158.1,3,0,23,6,12,-74.2613,-28.0639
158.1,4,2,23,6,12,-72.0328,-27.7948
158.1,5,1,23,6,12,-74.3472,-29.2432
158.1,6,0,23,6,12,-70.5789,-28.9957
158.1,7,2,23,6,11,-74.7172,-28.7319
158.1,8,1,23,6,11,-74.4315,-28.4469
158.1,9,0,23,6,10,-75.1887,-29.0564
158.1,10,2,23,6,10,-74.3805,-28.9174
158.1,11,1,23,6,6,-75.3564,-26.9881
158.1,12,0,23,6,6,-74.5387,-26.9356
158.1,13,2,23,6,5,-74.9037,-26.4364
158.1,14,1,23,6,5,-75.1924,-26.5912
158.2,0,0,23,6,10,-74.2745,-26.7987
158.2,1,2,23,6,11,-74.7326,-27.0917
158.2,2,1,23,6,11,-73.6499,-26.8184
158.2,3,0,23,6,12,-74.3229,-28.068
158.2,4,2,23,6,12,-72.1139,-27.8089
158.2,5,1,23,6,12,-74.411,-29.2471
158.2,6,0,23,6,12,-70.6618,-29.0102
158.2,7,2,23,6,11,-74.7785,-28.7284
158.2,8,1,23,6,11,-74.496,-28.4527
158.2,9,0,23,6,10,-75.2521,-29.0507
158.2,10,2,23,6,10,-74.4279,-28.9228
158.2,11,1,23,6,6,-75.4119,-26.9753
158.2,12,0,23,6,6,-74.5535,-26.9355
158.2,13,2,23,6,5,-75.0137,-26.4587
158.2,14,1,23,6,5,-75.194,-26.5886
158.3,0,0,23,6,10,-74.3473,-26.8049
158.3,1,2,23,6,11,-74.7995,-27.0969
158.3,2,1,23,6,11,-73.7289,-26.8329
158.3,3,0,23,6,12,-74.3851,-28.0717
158.3,4,2,23,6,12,-72.1962,-27.8229
158.3,5,1,23,6,12,-74.4745,-29.2504
158.3,6,0,23,6,12,-70.7469,-29.0245
158.3,7,2,23,6,11,-74.8407,-28.7243
158.3,8,1,23,6,11,-74.5623,-28.4588
158.3,9,0,23,6,10,-75.3163,-29.0448
158.3,10,2,23,6,10,-74.478,-28.9291
158.3,11,1,23,6,6,-75.4677,-26.9618
158.3,12,0,23,6,6,-74.5706,-26.9353
158.3,13,2,23,6,5,-75.1219,-26.4736
158.3,14,1,23,6,5,-75.1967,-26.5856
158.4,0,0,23,6,10,-74.4207,-26.8108
158.4,1,2,23,6,11,-74.867,-27.102
158.4,2,1,23,6,11,-73.8086,-26.8467
158.4,3,0,23,6,12,-74.4478,-28.0751
158.4,4,2,23,6,12,-72.2795,-27.8364
158.4,5,1,23,6,12,-74.5378,-29.2535
158.4,6,0,23,6,12,-70.8332,-29.0382
158.4,7,2,23,6,11,-74.9038,-28.7196
158.4,8,1,23,6,11,-74.6303,-28.4653
158.4,9,0,23,6,10,-75.3813,-29.0388
158.4,10,2,23,6,10,-74.5305,-28.9355
158.4,11,1,23,6,6,-75.5238,-26.9488
158.4,12,0,23,6,6,-74.5898,-26.9351
158.4,13,2,23,6,5,-75.2261,-26.482
158.4,14,1,23,6,5,-75.2002,-26.5828
158.5,0,0,23,6,10,-74.5071,-26.8163
158.5,1,2,23,6,11,-74.9352,-27.1065
158.5,2,1,23,6,11,-73.8891,-26.8604
158.5,3,0,23,6,12,-74.5109,-28.0779
158.5,4,2,23,6,12,-72.3636,-27.8496
158.5,5,1,23,6,12,-74.6006,-29.2558
158.5,6,0,23,6,12,-70.921,-29.0518
158.5,7,2,23,6,11,-74.9676,-28.715
158.5,8,1,23,6,11,-69.3267,-28.4843
158.5,9,0,23,6,10,-75.4468,-29.0323
158.5,10,2,23,6,10,-74.5853,-28.9419
158.5,11,1,23,6,6,-75.5804,-26.9355
158.5,12,0,23,6,6,-74.6111,-26.9352
158.5,13,2,23,6,5,-75.3265,-26.4855
158.5,14,1,23,6,5,-75.2042,-26.5794
158.6,0,0,23,6,10,-74.5819,-26.8214
158.6,1,2,23,6,11,-75.0039,-27.1105
158.6,2,1,23,6,11,-73.9702,-26.8728
158.6,3,0,23,6,12,-74.5746,-28.0803
158.6,4,2,23,6,12,-72.4485,-27.8617
158.6,5,1,23,6,12,-74.6633,-29.2576
158.6,6,0,23,6,12,-71.0101,-29.0644
158.6,7,2,23,6,11,-75.0318,-28.7099
158.6,8,1,23,6,11,-69.4057,-28.4903
158.6,9,0,23,6,10,-75.5128,-29.0262
158.6,10,2,23,6,10,-74.6421,-28.949
158.6,11,1,23,6,6,-75.6374,-26.9227
158.6,12,0,23,6,6,-74.6343,-26.9351
158.6,13,2,23,6,5,-75.4229,-26.484
158.6,14,1,23,6,5,-75.2086,-26.5761
158.7,0,0,23,6,10,-74.6571,-26.8263
158.7,1,2,23,6,11,-75.0731,-27.1146
158.7,2,1,23,6,11,-74.0627,-26.8841
158.7,3,0,23,6,12,-74.6386,-28.0824
158.7,4,2,23,6,12,-72.5341,-27.8727
158.7,5,1,23,6,12,-74.726,-29.2592
158.7,6,0,23,6,12,-71.1,-29.0756
158.7,7,2,23,6,11,-75.0965,-28.7044
158.7,8,1,23,6,11,-69.4868,-28.4963
158.7,9,0,23,6,10,-75.5791,-29.0194
158.7,10,2,23,6,10,-74.7006,-28.9553
158.7,11,1,23,6,6,-75.6949,-26.9107
158.7,12,0,23,6,6,-74.6589,-26.935
158.7,13,2,23,6,5,-75.5159,-26.4795
158.7,14,1,23,6,5,-75.213,-26.5725
158.8,0,0,23,6,10,-74.7327,-26.8306
158.8,1,2,23,6,11,-75.1426,-27.1176
158.8,2,1,23,6,11,-74.1447,-26.8948
158.8,3,0,23,6,12,-74.7029,-28.0839
158.8,4,2,23,6,12,-72.6278,-27.8827
158.8,5,1,23,6,12,-74.7882,-29.2599
158.8,6,0,23,6,12,-71.1906,-29.0863
158.8,7,2,23,6,11,-75.1617,-28.6992
158.8,8,1,23,6,11,-69.5695,-28.5023
158.8,9,0,23,6,10,-75.6457,-29.0133
158.8,10,2,23,6,10,-74.7604,-28.9617
158.8,11,1,23,6,6,-75.7529,-26.8989
158.8,12,0,23,6,6,-74.6853,-26.9351
158.8,13,2,23,6,5,-75.605,-26.4708
158.8,14,1,23,6,5,-75.2177,-26.5688
158.9,0,0,23,6,10,-74.8084,-26.8348
158.9,1,2,23,6,11,-75.2124,-27.1209
158.9,2,1,23,6,11,-74.2268,-26.9037
158.9,3,0,23,6,12,-74.7673,-28.0853
158.9,4,2,23,6,12,-72.7142,-27.8916
158.9,5,1,23,6,11,-74.8506,-26.8703
158.9,6,0,23,6,12,-71.2878,-29.0954
158.9,7,2,23,6,11,-75.2268,-28.6928
158.9,8,1,23,6,11,-69.6579,-28.5071
158.9,9,0,23,6,10,-75.7125,-29.0064
158.9,10,2,23,6,9,-74.8217,-27.8694
158.9,11,1,23,6,6,-75.8112,-26.8875
158.9,12,0,23,6,6,-74.7256,-26.9355
158.9,13,2,23,6,5,-75.6909,-26.4608
158.9,14,1,23,6,5,-75.2365,-26.5658
159,0,0,23,6,10,-74.8841,-26.8381
159,1,2,23,6,11,-75.2817,-27.123
159,2,1,23,6,11,-74.3089,-26.9102
159,3,0,23,6,12,-74.8322,-28.0858
159,4,2,23,6,12,-72.8007,-27.8978
159,5,1,23,6,11,-74.9128,-26.865
159,6,0,23,6,12,-71.3798,-29.1022
159,7,2,23,6,11,-75.2921,-28.6868
159,8,1,23,6,11,-69.7438,-28.5137
159,9,0,23,6,10,-75.7749,-28.9961
159,10,2,23,6,9,-74.8972,-27.8767
159,11,1,23,6,6,-75.87,-26.8772
159,12,0,23,6,6,-74.7541,-26.9357
159,13,2,23,6,5,-75.7737,-26.4486
159,14,1,23,6,5,-75.2405,-26.5625
159.1,0,1,23,6,10,-74.9592,-26.8414
159.1,1,0,23,6,11,-75.3501,-27.1253
159.1,2,2,23,6,11,-74.3908,-26.9154
159.1,3,1,23,6,12,-74.8967,-28.0864
159.1,4,0,23,6,12,-72.8872,-27.9026
159.1,5,0,23,6,11,-74.9745,-26.8598
159.1,6,1,23,6,11,-71.4723,-26.6769
159.1,7,2,23,6,11,-75.357,-28.681
159.1,8,2,23,6,11,-69.8313,-28.5213
159.1,9,1,23,6,9,-75.8328,-27.7999
159.1,10,0,23,6,9,-74.9605,-27.8839
159.1,11,0,23,6,6,-75.9286,-26.8677
159.1,12,1,23,6,6,-74.7834,-26.9355
159.1,13,2,23,6,5,-75.8528,-26.4356
159.1,14,2,23,6,5,-75.2437,-26.5593
159.2,0,1,23,6,10,-75.0336,-26.8445
159.2,1,0,23,6,11,-75.417,-27.1273
159.2,2,2,23,6,11,-74.4721,-26.922
159.2,3,1,23,6,12,-74.9599,-28.0868
159.2,4,0,23,6,12,-72.9734,-27.9088
159.2,5,0,23,6,11,-75.0353,-26.8548
159.2,6,1,23,6,11,-71.5645,-26.6836
159.2,7,2,23,6,11,-75.4212,-28.6754
159.2,8,2,23,6,11,-69.9187,-28.5301
159.2,9,1,23,6,9,-75.886,-27.7792
159.2,10,0,23,6,9,-75.0224,-27.8901
159.2,11,0,23,6,6,-75.9821,-26.8541
159.2,12,1,23,6,6,-74.8103,-26.9358
159.2,13,2,23,6,5,-75.9283,-26.4206
159.2,14,2,23,6,5,-75.2429,-26.556
159.3,0,1,23,6,10,-75.1067,-26.8441
159.3,1,0,23,6,11,-75.4925,-27.1222
159.3,2,2,23,6,11,-74.5525,-26.9276
159.3,3,1,23,6,12,-75.0217,-28.0859
159.3,4,0,23,6,12,-73.0589,-27.9141
159.3,5,0,23,6,11,-75.0951,-26.8539
159.3,6,1,23,6,11,-71.6558,-26.6916
159.3,7,2,23,6,11,-75.4846,-28.6745
159.3,8,2,23,6,11,-70.0021,-28.5433
159.3,9,1,23,6,9,-75.9335,-27.7566
159.3,10,0,23,6,9,-75.0802,-27.8987
159.3,11,0,23,6,6,-76.0294,-26.8369
159.3,12,1,23,6,6,-74.8305,-26.9369
159.3,13,2,23,6,5,-75.9994,-26.4058
159.3,14,2,23,6,5,-75.2338,-26.5541
159.4,0,1,23,6,10,-75.1785,-26.8409
159.4,1,0,23,6,11,-75.5457,-27.1097
159.4,2,2,23,6,11,-74.6317,-26.9325
159.4,3,1,23,6,12,-75.0822,-28.0824
159.4,4,0,23,6,12,-73.1432,-27.9183
159.4,5,0,23,6,11,-75.1534,-26.8509
159.4,6,1,23,6,11,-71.7459,-26.6997
159.4,7,2,23,6,11,-75.545,-28.6683
159.4,8,2,23,6,11,-70.0815,-28.554
159.4,9,1,23,6,9,-75.9748,-27.7343
159.4,10,0,23,6,9,-75.1332,-27.9086
159.4,11,0,23,6,6,-76.0708,-26.8165
159.4,12,1,23,6,6,-74.8435,-26.9391
159.4,13,2,23,6,5,-76.0663,-26.3915
159.4,14,2,23,6,5,-75.2164,-26.5563
159.5,0,1,23,6,10,-75.2478,-26.8354
159.5,1,0,23,6,11,-75.5914,-27.0909
159.5,2,2,23,6,11,-74.7085,-26.9376
159.5,3,1,23,6,12,-75.139,-28.0755
159.5,4,0,23,6,12,-73.2265,-27.9271
159.5,5,0,23,6,11,-75.2073,-26.8395
159.5,6,1,23,6,11,-71.8329,-26.7037
159.5,7,2,23,6,11,-75.6026,-28.6575
159.5,8,2,23,6,11,-70.1559,-28.5586
159.5,9,1,23,6,9,-76.0101,-27.7183
159.5,10,0,23,6,9,-75.1806,-27.9196
159.5,11,0,23,6,6,-76.1059,-26.7922
159.5,12,1,23,6,6,-74.849,-26.9467
159.5,13,2,23,6,5,-76.1298,-26.3802
159.5,14,2,23,6,5,-75.1897,-26.5648
159.6,0,1,23,6,10,-75.3144,-26.8275
159.6,1,0,23,6,11,-75.6298,-27.0879
159.6,2,2,23,6,11,-74.7826,-26.9394
159.6,3,1,23,6,12,-75.1886,-28.0626
159.6,4,0,23,6,12,-73.3069,-27.9316
159.6,5,0,23,6,11,-75.259,-26.8274
159.6,6,1,23,6,11,-71.9171,-26.7067
159.6,7,2,23,6,11,-75.6558,-28.642
159.6,8,2,23,6,11,-70.2255,-28.5598
159.6,9,1,23,6,9,-76.039,-27.7038
159.6,10,0,23,6,9,-75.2226,-27.9308
159.6,11,0,23,6,6,-76.134,-26.7659
159.6,12,1,23,6,6,-74.8463,-26.9552
159.6,13,2,23,6,5,-76.1886,-26.3699
159.6,14,2,23,6,5,-75.1531,-26.5779
159.7,0,1,23,6,10,-75.3778,-26.8159
159.7,1,0,23,6,11,-75.661,-27.118
159.7,2,2,23,6,11,-74.854,-26.9415
159.7,3,1,23,6,12,-75.2305,-28.0445
159.7,4,0,23,6,12,-73.3853,-27.9358
159.7,5,0,23,6,11,-75.3087,-26.8218
159.7,6,1,23,6,11,-71.9992,-26.7083
159.7,7,2,23,6,11,-75.7078,-28.635
159.7,8,2,23,6,11,-70.2918,-28.5625
159.7,9,1,23,6,9,-76.0628,-27.6902
159.7,10,0,23,6,9,-75.259,-27.9417
159.7,11,0,23,6,6,-76.1561,-26.7373
159.7,12,1,23,6,6,-74.8356,-26.9629
159.7,13,2,23,6,5,-76.2421,-26.3613
159.7,14,2,23,6,5,-75.1053,-26.5912
159.8,0,1,23,6,10,-75.4387,-26.8031
159.8,1,0,23,6,11,-75.6856,-27.1336
159.8,2,2,23,6,11,-74.9228,-26.9448
159.8,3,1,23,6,12,-75.2642,-28.0203
159.8,4,0,23,6,12,-73.4617,-27.9406
159.8,5,0,23,6,11,-75.3568,-26.8173
159.8,6,1,23,6,11,-72.0797,-26.7093
159.8,7,2,23,6,11,-75.7586,-28.6298
159.8,8,2,23,6,11,-70.3593,-28.564
159.8,9,1,23,6,9,-76.0817,-27.6768
159.8,10,0,23,6,9,-75.2944,-27.9498
159.8,11,0,23,6,6,-76.172,-26.7061
159.8,12,1,23,6,6,-74.8234,-26.97
159.8,13,2,23,6,5,-76.2915,-26.3542
159.8,14,2,23,6,5,-75.0522,-26.6046
159.9,0,1,23,6,10,-75.4969,-26.7906
159.9,1,0,23,6,11,-75.704,-27.1339
159.9,2,2,23,6,11,-74.9893,-26.9467
159.9,3,1,23,6,12,-75.2905,-27.9918
159.9,4,0,23,6,12,-73.5351,-27.9434
159.9,5,0,23,6,11,-75.3971,-26.807
159.9,6,1,23,6,11,-72.1586,-26.7121
159.9,7,2,23,6,11,-75.8078,-28.6257
159.9,8,2,23,6,11,-70.4288,-28.5665
159.9,9,1,23,6,9,-76.0962,-27.6622
159.9,10,0,23,6,9,-75.33,-27.9579
159.9,11,0,23,6,6,-76.1829,-26.6724
159.9,12,1,23,6,6,-74.813,-26.9775
159.9,13,2,23,6,5,-76.336,-26.3514
159.9,14,2,23,6,5,-74.9975,-26.6167
160,0,1,23,6,10,-75.552,-26.7772
160,1,0,23,6,11,-75.7155,-27.1517
160,2,2,23,6,11,-75.0527,-26.9494
160,3,1,23,6,12,-75.3081,-27.9576
160,4,0,23,6,12,-73.6052,-27.9466
160,5,0,23,6,11,-75.4261,-26.7903
160,6,1,23,6,11,-72.2352,-26.7173
160,7,2,23,6,11,-75.8554,-28.6226
160,8,2,23,6,11,-70.5,-28.5713
160,9,1,23,6,9,-76.1062,-27.6471
160,10,0,23,6,9,-75.3653,-27.9664
160,11,0,23,6,6,-76.1887,-26.637
160,12,1,23,6,6,-74.8043,-26.9846
160,13,2,23,6,5,-76.3609,-26.337
160,14,2,23,6,5,-74.9419,-26.629
160.1,0,1,23,6,10,-75.6038,-26.764
160.1,1,0,23,6,11,-75.7206,-27.1893
160.1,2,2,23,6,11,-75.1132,-26.952
160.1,3,1,23,6,12,-75.3176,-27.9197
160.1,4,0,23,6,12,-73.6719,-27.9496
160.1,5,0,23,6,11,-75.4447,-26.7686
160.1,6,1,23,6,11,-72.3095,-26.7247
160.1,7,2,23,6,11,-75.9014,-28.6207
160.1,8,2,23,6,11,-70.572,-28.5777
160.1,9,1,23,6,9,-76.112,-27.6307
160.1,10,0,23,6,9,-75.4,-27.9754
160.1,11,0,23,6,6,-76.1899,-26.5989
160.1,12,1,23,6,6,-74.7975,-26.9916
160.1,13,2,23,6,5,-76.3663,-26.3106
160.1,14,2,23,6,5,-74.8854,-26.6402
160.2,0,1,23,6,10,-75.6516,-26.7508
160.2,1,0,23,6,11,-75.7203,-27.2469
160.2,2,2,23,6,11,-75.1698,-26.9615
160.2,3,1,23,6,12,-75.3193,-27.8778
160.2,4,0,23,6,12,-73.7346,-27.9589
160.2,5,0,23,6,11,-75.4529,-26.7415
160.2,6,1,23,6,11,-72.3808,-26.7356
160.2,7,2,23,6,11,-75.9382,-28.6117
160.2,8,2,23,6,11,-70.6444,-28.5872
160.2,9,1,23,6,9,-76.1143,-27.6139
160.2,10,0,23,6,9,-75.434,-27.9847
160.2,11,0,23,6,6,-76.187,-26.5597
160.2,12,1,23,6,6,-74.7922,-26.998
160.2,13,2,23,6,5,-76.3537,-26.2733
160.2,14,2,23,6,5,-74.8282,-26.6505
160.3,0,1,23,6,10,-75.6956,-26.7379
160.3,1,0,23,6,11,-75.7146,-27.3194
160.3,2,2,23,6,11,-75.2226,-26.9783
160.3,3,1,23,6,12,-75.314,-27.8326
160.3,4,0,23,6,12,-73.7933,-27.9748
160.3,5,0,23,6,11,-75.452,-26.7102
160.3,6,1,23,6,11,-72.4493,-26.7509
160.3,7,2,23,6,11,-75.9662,-28.5963
160.3,8,2,23,6,11,-70.7168,-28.6002
160.3,9,1,23,6,9,-76.113,-27.5959
160.3,10,0,23,6,9,-75.4671,-27.9958
160.3,11,0,23,6,6,-76.1803,-26.5176
160.3,12,1,23,6,6,-74.7885,-27.0037
160.3,13,2,23,6,5,-76.326,-26.2286
160.3,14,2,23,6,5,-74.7711,-26.6605
160.4,0,1,23,6,10,-75.7357,-26.7253
160.4,1,0,23,6,11,-75.7046,-27.4015
160.4,2,2,23,6,11,-75.2717,-27.0016
160.4,3,1,23,6,12,-75.3027,-27.7851
160.4,4,0,23,6,12,-73.8482,-27.9971
160.4,5,0,23,6,11,-75.4429,-26.6742
160.4,6,1,23,6,11,-72.5145,-26.7705
160.4,7,2,23,6,11,-75.9857,-28.5741
160.4,8,2,23,6,11,-70.7884,-28.6173
160.4,9,1,23,6,9,-76.1087,-27.5768
160.4,10,0,23,6,9,-75.4991,-28.0086
160.4,11,0,23,6,6,-76.1705,-26.4747
160.4,12,1,23,6,6,-74.7864,-27.0094
160.4,13,2,23,6,5,-76.2861,-26.1795
160.4,14,2,23,6,5,-74.714,-26.6692
160.5,0,1,23,6,10,-75.7725,-26.756
160.5,1,0,23,6,11,-75.6908,-27.4866
160.5,2,2,23,6,11,-75.3174,-27.0321
160.5,3,1,23,6,12,-75.3007,-27.7358
160.5,4,0,23,6,12,-73.8994,-28.0261
160.5,5,0,23,6,11,-75.4268,-26.6348
160.5,6,1,23,6,11,-72.5768,-26.7952
160.5,7,2,23,6,11,-75.997,-28.5459
160.5,8,2,23,6,11,-70.8596,-28.6393
160.5,9,1,23,6,9,-76.1016,-27.5572
160.5,10,0,23,6,9,-75.53,-28.0223
160.5,11,0,23,6,6,-76.1579,-26.4303
160.5,12,1,23,6,6,-74.7861,-27.0139
160.5,13,2,23,6,5,-76.2368,-26.1277
160.5,14,2,23,6,5,-74.6572,-26.6774
160.6,0,1,23,6,10,-75.8064,-26.7955
160.6,1,0,23,6,11,-75.6752,-27.5662
160.6,2,2,23,6,11,-75.3602,-27.0699
160.6,3,1,23,6,12,-75.2795,-27.6852
160.6,4,0,23,6,12,-73.9472,-28.0621
160.6,5,0,23,6,11,-75.4047,-26.5925
160.6,6,1,23,6,11,-72.6362,-26.8256
160.6,7,2,23,6,11,-76.0009,-28.5126
160.6,8,2,23,6,11,-70.9297,-28.6664
160.6,9,1,23,6,9,-76.0981,-27.5422
160.6,10,0,23,6,9,-75.56,-28.0382
160.6,11,0,23,6,6,-76.1431,-26.3855
160.6,12,1,23,6,6,-74.7875,-27.0179
160.6,13,2,23,6,5,-76.1807,-26.0766
160.6,14,2,23,6,5,-74.6012,-26.6847
160.7,0,1,23,6,10,-75.8376,-26.841
160.7,1,0,23,6,12,-75.6579,-28.4008
160.7,2,2,23,6,11,-75.4002,-27.1134
160.7,3,1,23,6,12,-75.2549,-27.634
160.7,4,0,23,6,12,-73.992,-28.1041
160.7,5,0,23,6,11,-75.3778,-26.5475
160.7,6,1,23,6,11,-72.6929,-26.8619
160.7,7,2,23,6,11,-75.9978,-28.4743
160.7,8,2,23,6,11,-70.9986,-28.6994
160.7,9,1,23,6,9,-76.0977,-27.531
160.7,10,0,23,6,9,-75.5889,-28.0559
160.7,11,0,23,6,6,-76.1266,-26.3398
160.7,12,1,23,6,6,-74.7904,-27.0216
160.7,13,2,23,6,6,-76.1198,-29.0007
160.7,14,2,23,6,5,-74.546,-26.6908
160.8,0,1,23,6,10,-75.8663,-26.8921
160.8,1,0,23,6,12,-75.6401,-28.4624
160.8,2,2,23,6,11,-75.4379,-27.163
160.8,3,1,23,6,12,-75.2277,-27.583
160.8,4,0,23,6,12,-74.0338,-28.1518
160.8,5,0,23,6,11,-75.3469,-26.5008
160.8,6,1,23,6,11,-72.747,-26.9034
160.8,7,2,23,6,11,-75.9888,-28.4323
160.8,8,2,23,6,11,-71.0663,-28.7371
160.8,9,1,23,6,9,-76.1005,-27.5231
160.8,10,0,23,6,9,-75.6171,-28.0746
160.8,11,0,23,6,6,-76.1104,-26.2955
160.8,12,1,23,6,6,-74.7949,-27.0249
160.8,13,2,23,6,6,-76.0562,-28.9161
160.8,14,2,23,6,5,-74.492,-26.6957
160.9,0,1,23,6,10,-75.8928,-26.9471
160.9,1,0,23,6,12,-75.6221,-28.4957
160.9,2,2,23,6,11,-75.4732,-27.2168
160.9,3,1,23,6,12,-75.1986,-27.5322
160.9,4,0,23,6,12,-74.0729,-28.2035
160.9,5,0,23,6,11,-75.3133,-26.453
160.9,6,1,23,6,11,-72.7985,-26.9475
160.9,7,2,23,6,11,-75.9742,-28.3869
160.9,8,2,23,6,11,-71.133,-28.7775
160.9,9,1,23,6,9,-76.1064,-27.5184
160.9,10,0,23,6,9,-75.6443,-28.0953
160.9,11,0,23,6,6,-76.0947,-26.2525
160.9,12,1,23,6,6,-74.8007,-27.027
160.9,13,2,23,6,6,-75.9915,-28.8343
160.9,14,2,23,6,5,-74.4393,-26.6995
161,0,1,23,6,10,-75.9173,-27.0033
161,1,0,23,6,12,-75.6044,-28.4987
161,2,2,23,6,11,-75.5064,-27.2717
161,3,1,23,6,12,-75.1684,-27.4824
161,4,0,23,6,12,-74.1097,-28.2568
161,5,0,23,6,11,-75.2779,-26.4043
161,6,1,23,6,11,-72.8476,-26.9933
161,7,2,23,6,11,-75.955,-28.3386
161,8,2,23,6,11,-71.1981,-28.8196
161,9,1,23,6,9,-76.1153,-27.5166
161,10,0,23,6,9,-75.6709,-28.1171
161,11,0,23,6,6,-76.0801,-26.2111
161,12,1,23,6,6,-74.8084,-27.0284
161,13,2,23,6,6,-75.9271,-28.7558
161,14,2,23,6,5,-74.3883,-26.7024
161.1,0,0,23,6,10,-75.9401,-27.0592
161.1,1,2,23,6,12,-75.5876,-28.4688
161.1,2,1,23,6,11,-75.5379,-27.3265
161.1,3,1,23,6,12,-75.138,-27.4351
161.1,4,0,23,6,12,-74.1443,-28.3097
161.1,5,2,23,6,11,-75.2415,-26.3555
161.1,6,2,23,6,11,-72.8948,-27.0398
161.1,7,0,23,6,11,-75.9325,-28.2887
161.1,8,1,23,6,11,-71.262,-28.8624
161.1,9,1,23,6,9,-76.1271,-27.5173
161.1,10,0,23,6,9,-75.6969,-28.1402
161.1,11,0,23,6,6,-76.0677,-26.1721
161.1,12,2,23,6,6,-74.8173,-27.0297
161.1,13,2,23,6,6,-75.8642,-28.682
161.1,14,1,23,6,5,-74.3389,-26.7044
161.2,0,0,23,6,10,-75.9614,-27.1125
161.2,1,2,23,6,12,-75.572,-28.404
161.2,2,1,23,6,11,-75.5676,-27.3788
161.2,3,1,23,6,12,-75.1079,-27.389
161.2,4,0,23,6,12,-74.1769,-28.3603
161.2,5,2,23,6,11,-75.2049,-26.3078
161.2,6,2,23,6,11,-72.94,-27.0835
161.2,7,0,23,6,11,-75.9069,-28.2382
161.2,8,1,23,6,11,-71.3247,-28.9025
161.2,9,1,23,6,9,-76.1414,-27.5198
161.2,10,0,23,6,9,-75.7222,-28.1641
161.2,11,0,23,6,6,-76.0569,-26.1353
161.2,12,2,23,6,6,-74.8278,-27.0298
161.2,13,2,23,6,6,-75.8041,-28.6139
161.2,14,1,23,6,5,-74.2908,-26.7047
161.3,0,0,23,6,10,-75.9814,-27.1607
161.3,1,2,23,6,12,-75.5586,-28.2969
161.3,2,1,23,6,11,-75.596,-27.426
161.3,3,1,23,6,12,-75.0788,-27.3452
161.3,4,0,23,6,12,-74.2079,-28.4062
161.3,5,2,23,6,11,-75.1697,-26.2608
161.3,6,2,23,6,11,-72.9836,-27.1229
161.3,7,0,23,6,11,-75.8792,-28.1868
161.3,8,1,23,6,11,-71.3864,-28.9389
161.3,9,1,23,6,9,-76.1587,-27.5244
161.3,10,0,23,6,9,-75.7473,-28.1889
161.3,11,0,23,6,6,-76.0479,-26.1016
161.3,12,2,23,6,6,-74.8399,-27.03
161.3,13,2,23,6,6,-75.7503,-28.5544
161.3,14,1,23,6,5,-74.2451,-26.7045
161.4,0,0,23,6,10,-76.0003,-27.2024
161.4,1,2,23,6,12,-75.5472,-28.1544
161.4,2,1,23,6,11,-75.6232,-27.4668
161.4,3,1,23,6,12,-75.0514,-27.3048
161.4,4,0,23,6,12,-74.2374,-28.4457
161.4,5,2,23,6,11,-75.1361,-26.2147
161.4,6,2,23,6,11,-73.0258,-27.1572
161.4,7,0,23,6,11,-75.8501,-28.1352
161.4,8,1,23,6,11,-71.4468,-28.9701
161.4,9,1,23,6,9,-76.1781,-27.5303
161.4,10,0,23,6,9,-75.7723,-28.2149
161.4,11,0,23,6,6,-76.0409,-26.0708
161.4,12,2,23,6,6,-74.8532,-27.0293
161.4,13,2,23,6,6,-75.7038,-28.5029
161.4,14,1,23,6,5,-74.2015,-26.7032
161.5,0,0,23,6,10,-76.0179,-27.2317
161.5,1,2,23,6,12,-75.5415,-27.9845
161.5,2,1,23,6,11,-75.6493,-27.4957
161.5,3,1,23,6,12,-75.0265,-27.2666
161.5,4,0,23,6,12,-74.2661,-28.474
161.5,5,2,23,6,11,-75.1048,-26.1712
161.5,6,2,23,6,11,-73.0668,-27.1852
161.5,7,0,23,6,11,-75.8212,-28.087
161.5,8,1,23,6,11,-71.5068,-28.996
161.5,9,1,23,6,9,-76.201,-27.5375
161.5,10,0,23,6,9,-75.7973,-28.236
161.5,11,0,23,6,6,-76.0366,-26.0461
161.5,12,2,23,6,6,-74.8686,-27.0289
161.5,13,2,23,6,6,-75.6637,-28.4622
161.5,14,1,23,6,5,-74.1603,-26.7007
161.6,0,0,23,6,10,-76.0347,-27.2489
161.6,1,2,23,6,12,-75.548,-27.8004
161.6,2,1,23,6,11,-75.6746,-27.5123
161.6,3,1,23,6,12,-75.0068,-27.2345
161.6,4,0,23,6,12,-74.294,-28.4901
161.6,5,2,23,6,11,-75.0787,-26.1318
161.6,6,2,23,6,11,-73.1074,-27.2018
161.6,7,0,23,6,11,-75.793,-28.0415
161.6,8,1,23,6,11,-71.5666,-29.0109
161.6,9,1,23,6,9,-76.2285,-27.546
161.6,10,0,23,6,9,-75.8238,-28.2544
161.6,11,0,23,6,6,-76.0369,-26.0347
161.6,12,2,23,6,6,-74.8859,-27.0274
161.6,13,2,23,6,6,-75.6314,-28.4386
161.6,14,1,23,6,5,-74.1216,-26.6974
161.7,0,0,23,6,10,-76.0509,-27.2528
161.7,1,2,23,6,12,-75.5667,-27.6096
161.7,2,1,23,6,11,-75.6994,-27.5161
161.7,3,1,23,6,12,-74.9928,-27.2082
161.7,4,0,23,6,12,-74.3215,-28.4935
161.7,5,2,23,6,11,-75.059,-26.0966
161.7,6,2,23,6,11,-73.1479,-27.2078
161.7,7,0,23,6,11,-75.766,-27.9989
161.7,8,1,23,6,11,-71.6267,-29.0163
161.7,9,1,23,6,9,-76.26,-27.5549
161.7,10,0,23,6,9,-75.8514,-28.2687
161.7,11,0,23,6,6,-76.0418,-26.0364
161.7,12,2,23,6,6,-74.9054,-27.0266
161.7,13,2,23,6,6,-75.6127,-28.4374
161.7,14,1,23,6,5,-74.0856,-26.693
161.8,0,0,23,6,10,-76.0668,-27.2444
161.8,1,2,23,6,12,-75.597,-27.4179
161.8,2,1,23,6,11,-75.7238,-27.5075
161.8,3,1,23,6,12,-74.9847,-27.1872
161.8,4,0,23,6,12,-74.3489,-28.485
161.8,5,2,23,6,11,-75.0454,-26.0661
161.8,6,2,23,6,11,-73.1883,-27.2028
161.8,7,0,23,6,11,-75.7414,-27.9602
161.8,8,1,23,6,11,-71.6873,-29.0113
161.8,9,1,23,6,9,-76.2956,-27.5643
161.8,10,0,23,6,9,-75.8807,-28.2782
161.8,11,0,23,6,6,-76.0511,-26.0497
161.8,12,2,23,6,6,-74.9272,-27.0252
161.8,13,2,23,6,6,-75.6072,-28.4568
161.8,14,1,23,6,5,-74.0527,-26.6875
161.9,0,0,23,6,10,-76.0824,-27.2245
161.9,1,2,23,6,12,-75.6389,-27.2315
161.9,2,1,23,6,11,-75.7481,-27.4873
161.9,3,1,23,6,12,-74.9823,-27.1711
161.9,4,0,23,6,12,-74.3764,-28.4652
161.9,5,2,23,6,11,-75.038,-26.0397
161.9,6,2,23,6,11,-73.229,-27.1881
161.9,7,0,23,6,11,-75.719,-27.9246
161.9,8,1,23,6,11,-71.7483,-28.9968
161.9,9,1,23,6,9,-76.3348,-27.5738
161.9,10,0,23,6,9,-75.9117,-28.2815
161.9,11,0,23,6,6,-76.0651,-26.0741
161.9,12,2,23,6,6,-74.9513,-27.0245
161.9,13,2,23,6,6,-75.6144,-28.4951
161.9,14,1,23,6,5,-74.0229,-26.6806
162,0,0,23,6,10,-76.0979,-27.1938
162,1,2,23,6,11,-75.6918,-26.7406
162,2,1,23,6,11,-75.7723,-27.4567
162,3,1,23,6,12,-74.9855,-27.1601
162,4,0,23,6,12,-74.4039,-28.4348
162,5,2,23,6,11,-75.0365,-26.0177
162,6,2,23,6,11,-73.27,-27.1645
162,7,0,23,6,11,-75.699,-27.8928
162,8,1,23,6,11,-71.81,-28.9743
162,9,1,23,6,9,-76.3774,-27.5841
162,10,0,23,6,9,-75.9441,-28.278
162,11,0,23,6,6,-76.0838,-26.1077
162,12,2,23,6,6,-74.9776,-27.0232
162,13,2,23,6,5,-75.6338,-25.8583
162,14,1,23,6,5,-73.9965,-26.6738
162.1,0,1,23,6,10,-76.1136,-27.155
162.1,1,0,23,6,11,-75.7551,-26.6256
162.1,2,2,23,6,11,-75.7967,-27.418
162.1,3,1,23,6,12,-74.9941,-27.1538
162.1,4,0,23,6,12,-74.4317,-28.397
162.1,5,0,23,6,11,-75.0408,-25.9996
162.1,6,1,23,6,11,-73.3114,-27.1329
162.1,7,2,23,6,11,-75.6816,-27.8647
162.1,8,2,23,6,11,-71.8723,-28.9444
162.1,9,1,23,6,9,-76.4231,-27.5943
162.1,10,0,23,6,9,-75.9783,-28.2674
162.1,11,0,23,6,6,-76.1067,-26.1488
162.1,12,1,23,6,6,-75.0064,-27.0218
162.1,13,2,23,6,5,-75.6648,-25.8808
162.1,14,2,23,6,5,-73.9731,-26.6655
162.2,0,1,23,6,10,-76.1295,-27.1083
162.2,1,0,23,6,11,-75.8279,-26.5226
162.2,2,2,23,6,11,-75.8212,-27.3714
162.2,3,1,23,6,12,-75.0082,-27.152
162.2,4,0,23,6,12,-74.4601,-28.3512
162.2,5,0,23,6,11,-75.0508,-25.9859
162.2,6,1,23,6,11,-73.3534,-27.0954
162.2,7,2,23,6,11,-75.6669,-27.8403
162.2,8,2,23,6,11,-71.9356,-28.909
162.2,9,1,23,6,9,-76.4714,-27.6046
162.2,10,0,23,6,9,-76.0142,-28.2487
162.2,11,0,23,6,6,-76.134,-26.1957
162.2,12,1,23,6,6,-75.0374,-27.0204
162.2,13,2,23,6,5,-75.7068,-25.9035
162.2,14,2,23,6,5,-73.9538,-26.6571
162.3,0,1,23,6,10,-76.1458,-27.0563
162.3,1,0,23,6,11,-75.9029,-26.4268
162.3,2,2,23,6,11,-75.8461,-27.3199
162.3,3,1,23,6,12,-75.0333,-27.1602
162.3,4,0,23,6,12,-74.489,-28.3006
162.3,5,0,23,6,11,-75.0661,-25.9763
162.3,6,1,23,6,11,-73.3969,-27.0524
162.3,7,2,23,6,11,-75.6554,-27.8202
162.3,8,2,23,6,11,-71.9996,-28.8688
162.3,9,1,23,6,9,-76.5202,-27.6153
162.3,10,0,23,6,9,-69.963,-28.2496
162.3,11,0,23,6,6,-76.1662,-26.2438
162.3,12,1,23,6,6,-75.0707,-27.0179
162.3,13,2,23,6,5,-75.7597,-25.9382
162.3,14,2,23,6,5,-73.9377,-26.6483
162.4,0,1,23,6,10,-76.1624,-26.9999
162.4,1,0,23,6,11,-75.9799,-26.4775
162.4,2,2,23,6,11,-75.8713,-27.2638
162.4,3,1,23,6,12,-75.0694,-27.1782
162.4,4,0,23,6,12,-74.5196,-28.2455
162.4,5,0,23,6,11,-75.0924,-25.9756
162.4,6,1,23,6,11,-73.4425,-27.0028
162.4,7,2,23,6,11,-75.647,-27.8033
162.4,8,2,23,6,11,-72.0648,-28.8223
162.4,9,1,23,6,9,-76.5694,-27.626
162.4,10,0,23,6,9,-70.0367,-28.2332
162.4,11,0,23,6,6,-76.2032,-26.2937
162.4,12,1,23,6,6,-75.1066,-27.0151
162.4,13,2,23,6,5,-75.8247,-25.981
162.4,14,2,23,6,5,-73.9256,-26.639
162.5,0,1,23,6,10,-76.1803,-26.9532
162.5,1,0,23,6,11,-76.0569,-26.5286
162.5,2,2,23,6,11,-75.8976,-27.2173
162.5,3,1,23,6,12,-75.1096,-27.1988
162.5,4,0,23,6,12,-74.552,-28.1989
162.5,5,0,23,6,11,-75.1291,-25.984
162.5,6,1,23,6,11,-73.4896,-26.9559
162.5,7,2,23,6,11,-75.6474,-27.796
162.5,8,2,23,6,11,-72.1308,-28.779
162.5,9,1,23,6,9,-76.6125,-27.6307
162.5,10,0,23,6,9,-70.1117,-28.2161
162.5,11,0,23,6,6,-76.243,-26.3451
162.5,12,1,23,6,6,-75.1449,-27.0118
162.5,13,2,23,6,5,-75.9001,-26.0305
162.5,14,2,23,6,5,-73.9172,-26.6296
162.6,0,1,23,6,10,-76.1989,-26.9163
162.6,1,0,23,6,11,-76.1334,-26.5804
162.6,2,2,23,6,11,-75.9248,-27.1807
162.6,3,1,23,6,12,-75.154,-27.2229
162.6,4,0,23,6,12,-74.5866,-28.1618
162.6,5,0,23,6,11,-75.1756,-26.0013
162.6,6,1,23,6,11,-73.5383,-26.913
162.6,7,2,23,6,11,-75.656,-27.7975
162.6,8,2,23,6,11,-72.1983,-28.7401
162.6,9,1,23,6,9,-76.6493,-27.6295
162.6,10,0,23,6,9,-70.189,-28.1988
162.6,11,0,23,6,6,-76.2854,-26.3973
162.6,12,1,23,6,6,-75.186,-27.0079
162.6,13,2,23,6,5,-75.9853,-26.0861
162.6,14,2,23,6,5,-73.9136,-26.6197
162.7,0,1,23,6,10,-76.2188,-26.89
162.7,1,0,23,6,11,-76.2087,-26.6315
162.7,2,2,23,6,11,-75.953,-27.1548
162.7,3,1,23,6,12,-75.2013,-27.2487
162.7,4,0,23,6,12,-74.6221,-28.135
162.7,5,0,23,6,11,-75.2385,-26.0202
162.7,6,1,23,6,11,-73.5883,-26.8786
162.7,7,2,23,6,11,-75.6727,-27.8069
162.7,8,2,23,6,11,-72.2669,-28.71
162.7,9,1,23,6,9,-76.68,-27.6233
162.7,10,0,23,6,9,-70.2673,-28.182
162.7,11,0,23,6,6,-76.3289,-26.4491
162.7,12,1,23,6,6,-75.2284,-27.0037
162.7,13,2,23,6,5,-76.0716,-26.1432
162.7,14,2,23,6,5,-73.9116,-26.61
162.8,0,1,23,6,10,-76.2387,-26.8742
162.8,1,0,23,6,11,-76.2815,-26.6793
162.8,2,2,23,6,11,-75.9815,-27.1399
162.8,3,1,23,6,12,-75.2495,-27.2738
162.8,4,0,23,6,12,-74.6579,-28.1187
162.8,5,0,23,6,11,-75.2874,-26.045
162.8,6,1,23,6,11,-73.6386,-26.851
162.8,7,2,23,6,11,-75.6957,-27.8281
162.8,8,2,23,6,11,-72.3356,-28.6892
162.8,9,1,23,6,9,-76.7043,-27.613
162.8,10,0,23,6,9,-70.3445,-28.1658
162.8,11,0,23,6,6,-76.3712,-26.4975
162.8,12,1,23,6,6,-75.2692,-26.9983
162.8,13,2,23,6,5,-76.1565,-26.2011
162.8,14,2,23,6,5,-73.906,-26.6004
162.9,0,1,23,6,10,-76.258,-26.8633
162.9,1,0,23,6,11,-76.3513,-26.7231
162.9,2,2,23,6,11,-76.0095,-27.1295
162.9,3,1,23,6,12,-75.2979,-27.2963
162.9,4,0,23,6,12,-74.6937,-28.1071
162.9,5,0,23,6,11,-75.3354,-26.0667
162.9,6,1,23,6,11,-73.69,-26.8311
162.9,7,2,23,6,11,-75.7191,-27.8474
162.9,8,2,23,6,11,-72.4042,-28.6738
162.9,9,1,23,6,9,-76.7217,-27.6018
162.9,10,0,23,6,9,-70.4216,-28.1491
162.9,11,0,23,6,6,-76.4114,-26.5412
162.9,12,1,23,6,6,-75.3094,-26.993
162.9,13,2,23,6,5,-76.2378,-26.2569
162.9,14,2,23,6,5,-73.8991,-26.5956
163,0,1,23,6,10,-76.2763,-26.8567
163,1,0,23,6,11,-76.4179,-26.763
163,2,2,23,6,11,-76.0371,-27.1242
163,3,1,23,6,12,-75.3443,-27.314
163,4,0,23,6,12,-74.732,-28.1049
163,5,0,23,6,11,-75.3824,-26.0845
163,6,1,23,6,11,-73.7422,-26.8173
163,7,2,23,6,11,-75.7423,-27.8639
163,8,2,23,6,11,-72.4729,-28.6623
163,9,1,23,6,9,-76.7332,-27.5944
163,10,0,23,6,9,-70.4987,-28.1292
163,11,0,23,6,6,-76.4491,-26.5796
163,12,1,23,6,6,-75.3497,-26.9941
163,13,2,23,6,5,-76.3149,-26.3101
163,14,2,23,6,5,-73.8915,-26.5977
163.1,0,1,23,6,10,-76.2935,-26.8545
163.1,1,0,23,6,11,-76.4799,-26.7969
163.1,2,2,23,6,11,-76.0642,-27.124
163.1,3,1,23,6,12,-75.3871,-27.3254
163.1,4,0,23,6,12,-74.7725,-28.1123
163.1,5,0,23,6,11,-75.4271,-26.0978
163.1,6,1,23,6,11,-73.7939,-26.809
163.1,7,2,23,6,11,-75.765,-27.878
163.1,8,2,23,6,11,-72.5411,-28.6539
163.1,9,1,23,6,9,-76.7392,-27.5919
163.1,10,0,23,6,9,-70.5762,-28.1043
163.1,11,0,23,6,6,-76.4838,-26.6117
163.1,12,1,23,6,6,-75.3902,-26.9993
163.1,13,2,23,6,5,-76.3867,-26.3592
163.1,14,2,23,6,5,-73.8849,-26.6049
163.2,0,1,23,6,10,-76.3098,-26.855
163.2,1,0,23,6,11,-76.538,-26.8254
163.2,2,2,23,6,11,-76.0906,-27.1268
163.2,3,1,23,6,12,-75.4275,-27.3316
163.2,4,0,23,6,12,-74.8153,-28.1264
163.2,5,0,23,6,11,-75.4703,-26.1064
163.2,6,1,23,6,11,-73.8464,-26.8051
163.2,7,2,23,6,11,-75.7878,-27.8888
163.2,8,2,23,6,11,-72.6095,-28.6476
163.2,9,1,23,6,9,-76.7402,-27.5957
163.2,10,0,23,6,9,-70.6549,-28.0758
163.2,11,0,23,6,6,-76.5159,-26.6376
163.2,12,1,23,6,6,-75.4315,-27.0098
163.2,13,2,23,6,5,-76.4537,-26.4043
163.2,14,2,23,6,5,-73.8799,-26.62
163.3,0,1,23,6,10,-76.3254,-26.8551
163.3,1,0,23,6,11,-76.5925,-26.8485
163.3,2,2,23,6,11,-76.1162,-27.1285
163.3,3,1,23,6,12,-75.4671,-27.3346
163.3,4,0,23,6,12,-74.8569,-28.1372
163.3,5,0,23,6,11,-75.5122,-26.1141
163.3,6,1,23,6,11,-73.9003,-26.8064
163.3,7,2,23,6,11,-75.8115,-27.9
163.3,8,2,23,6,11,-72.6788,-28.6442
163.3,9,1,23,6,9,-76.7364,-27.6002
163.3,10,0,23,6,9,-70.7357,-28.0441
163.3,11,0,23,6,6,-76.5462,-26.6585
163.3,12,1,23,6,6,-75.474,-27.0186
163.3,13,2,23,6,5,-76.517,-26.4447
163.3,14,2,23,6,5,-73.8779,-26.6391
163.4,0,1,23,6,10,-76.341,-26.8573
163.4,1,0,23,6,11,-76.6436,-26.8728
163.4,2,2,23,6,11,-76.1411,-27.132
163.4,3,1,23,6,12,-75.5041,-27.3414
163.4,4,0,23,6,12,-74.8978,-28.1489
163.4,5,0,23,6,11,-75.5534,-26.1279
163.4,6,1,23,6,11,-73.9538,-26.8068
163.4,7,2,23,6,11,-75.8369,-27.9174
163.4,8,2,23,6,11,-72.7491,-28.6402
163.4,9,1,23,6,9,-76.7295,-27.6029
163.4,10,0,23,6,9,-70.8196,-28.0111
163.4,11,0,23,6,6,-76.5748,-26.6738
163.4,12,1,23,6,6,-75.5186,-27.0245
163.4,13,2,23,6,5,-76.5769,-26.4782
163.4,14,2,23,6,5,-73.8802,-26.656
163.5,0,1,23,6,10,-76.357,-26.8556
163.5,1,0,23,6,11,-76.6923,-26.8942
163.5,2,2,23,6,11,-76.1661,-27.1315
163.5,3,1,23,6,12,-75.5392,-27.3461
163.5,4,0,23,6,12,-74.9383,-28.1551
163.5,5,0,23,6,11,-75.5918,-26.1411
163.5,6,1,23,6,11,-74.0071,-26.8096
163.5,7,2,23,6,11,-75.8649,-27.9375
163.5,8,2,23,6,11,-72.8203,-28.6385
163.5,9,1,23,6,9,-76.7198,-27.6034
163.5,10,0,23,6,9,-70.9081,-27.9767
163.5,11,0,23,6,6,-76.6066,-26.6878
163.5,12,1,23,6,6,-75.5674,-27.0295
163.5,13,2,23,6,5,-76.6314,-26.5044
163.5,14,2,23,6,5,-73.893,-26.6721
163.6,0,1,23,6,10,-76.3735,-26.8483
163.6,1,0,23,6,11,-76.7383,-26.9137
163.6,2,2,23,6,11,-76.1914,-27.1246
163.6,3,1,23,6,12,-75.5721,-27.349
163.6,4,0,23,6,12,-74.9791,-28.1539
163.6,5,0,23,6,11,-75.6316,-26.1581
163.6,6,1,23,6,11,-74.0603,-26.8122
163.6,7,2,23,6,11,-75.9126,-27.9607
163.6,8,2,23,6,11,-72.8927,-28.6367
163.6,9,1,23,6,9,-76.7078,-27.6008
163.6,10,0,23,6,9,-71.0006,-27.9413
163.6,11,0,23,6,6,-76.6419,-26.7
163.6,12,1,23,6,6,-75.621,-27.0334
163.6,13,2,23,6,5,-76.6827,-26.5246
163.6,14,2,23,6,5,-73.9185,-26.6873
163.7,0,1,23,6,10,-76.3904,-26.8328
163.7,1,0,23,6,11,-76.7816,-26.9308
163.7,2,2,23,6,11,-76.2168,-27.1093
163.7,3,1,23,6,12,-75.603,-27.3499
163.7,4,0,23,6,12,-75.0198,-28.1431
163.7,5,0,23,6,11,-75.6718,-26.1774
163.7,6,1,23,6,11,-74.1133,-26.8139
163.7,7,2,23,6,11,-75.9454,-27.986
163.7,8,2,23,6,11,-72.9658,-28.6343
163.7,9,1,23,6,9,-76.6942,-27.5959
163.7,10,0,23,6,9,-71.0963,-27.906
163.7,11,0,23,6,6,-76.6798,-26.711
163.7,12,1,23,6,6,-75.6781,-27.0354
163.7,13,2,23,6,5,-76.7301,-26.5385
163.7,14,2,23,6,5,-73.9556,-26.7011
163.8,0,1,23,6,10,-76.4075,-26.8056
163.8,1,0,23,6,11,-76.8221,-26.9454
163.8,2,2,23,6,11,-76.2424,-27.0825
163.8,3,1,23,6,12,-75.6313,-27.3484
163.8,4,0,23,6,12,-75.0597,-28.1207
163.8,5,0,23,6,11,-75.7082,-26.1948
163.8,6,1,23,6,11,-74.1651,-26.8178
163.8,7,2,23,6,11,-75.98,-28.0134
163.8,8,2,23,6,11,-73.0388,-28.6347
163.8,9,1,23,6,9,-76.6801,-27.5895
163.8,10,0,23,6,9,-71.1945,-27.8711
163.8,11,0,23,6,6,-76.7201,-26.7211
163.8,12,1,23,6,6,-75.738,-27.0374
163.8,13,2,23,6,5,-76.7728,-26.5459
163.8,14,2,23,6,5,-74.0028,-26.7141
163.9,0,1,23,6,10,-76.4247,-26.7662
163.9,1,0,23,6,11,-76.8597,-26.9582
163.9,2,2,23,6,11,-76.2679,-27.0439
163.9,3,1,23,6,12,-75.6571,-27.3456
163.9,4,0,23,6,12,-75.0984,-28.0866
163.9,5,0,23,6,11,-75.7409,-26.2099
163.9,6,1,23,6,11,-74.2161,-26.8235
163.9,7,2,23,6,11,-76.0156,-28.0424
163.9,8,2,23,6,11,-73.1114,-28.6371
163.9,9,1,23,6,9,-76.6661,-27.5811
163.9,10,0,23,6,9,-71.2939,-27.837
163.9,11,0,23,6,6,-76.762,-26.7304
163.9,12,1,23,6,6,-75.7998,-27.0383
163.9,13,2,23,6,5,-76.8104,-26.5471
163.9,14,2,23,6,5,-74.0586,-26.725
164,0,1,23,6,10,-76.4418,-26.7149
164,1,0,23,6,11,-76.8944,-26.9682
164,2,2,23,6,11,-76.2933,-26.9935
164,3,1,23,6,12,-75.6801,-27.3401
164,4,0,23,6,12,-75.1359,-28.0406
164,5,0,23,6,11,-75.7695,-26.2224
164,6,1,23,6,11,-74.2654,-26.8303
164,7,2,23,6,11,-76.0518,-28.0721
164,8,2,23,6,11,-73.1835,-28.6409
164,9,1,23,6,9,-76.6526,-27.5711
164,10,0,23,6,9,-71.3945,-27.8045
164,11,0,23,6,6,-76.8051,-26.7388
164,12,1,23,6,6,-75.8631,-27.0389
164,13,2,23,6,5,-76.8429,-26.5425
164,14,2,23,6,5,-74.1217,-26.7343
164.1,0,1,23,6,10,-76.4587,-26.6549
164.1,1,0,23,6,11,-76.9263,-26.9765
164.1,2,2,23,6,11,-76.3182,-26.9346
164.1,3,1,23,6,12,-75.7003,-27.3329
164.1,4,0,23,6,12,-75.1715,-27.9862
164.1,5,0,23,6,11,-75.7938,-26.232
164.1,6,1,23,6,11,-74.3131,-26.8368
164.1,7,2,23,6,11,-76.0854,-28.0979
164.1,8,2,23,6,11,-73.2545,-28.6451
164.1,9,1,23,6,9,-76.6403,-27.56
164.1,10,0,23,6,9,-71.4953,-27.7736
164.1,11,0,23,6,6,-76.849,-26.7467
164.1,12,1,23,6,6,-75.927,-27.0385
164.1,13,2,23,6,5,-76.8701,-26.532
164.1,14,2,23,6,5,-74.1913,-26.7429
164.2,0,1,23,6,10,-76.4754,-26.587
164.2,1,0,23,6,11,-76.9551,-26.9831
164.2,2,2,23,6,11,-76.3426,-26.8682
164.2,3,1,23,6,12,-75.7177,-27.3243
164.2,4,0,23,6,12,-75.2056,-27.9242
164.2,5,0,23,6,11,-75.8142,-26.2384
164.2,6,1,23,6,11,-74.3591,-26.8448
164.2,7,2,23,6,11,-76.1161,-28.119
164.2,8,2,23,6,11,-73.3244,-28.6511
164.2,9,1,23,6,9,-76.6286,-27.5473
164.2,10,0,23,6,9,-71.5957,-27.7446
164.2,11,0,23,6,6,-76.8934,-26.7539
164.2,12,1,23,6,6,-75.991,-27.0378
164.2,13,2,23,6,5,-76.892,-26.5152
164.2,14,2,23,6,5,-74.266,-26.7498
164.3,0,1,23,6,10,-76.4917,-26.5143
164.3,1,0,23,6,11,-76.9813,-26.988
164.3,2,2,23,6,11,-76.3662,-26.7969
164.3,3,1,23,6,12,-75.7323,-27.3136
164.3,4,0,23,6,12,-75.238,-27.8576
164.3,5,0,23,6,11,-75.8303,-26.242
164.3,6,1,23,6,11,-74.4032,-26.8543
164.3,7,2,23,6,11,-76.1434,-28.1362
164.3,8,2,23,6,11,-73.3929,-28.6588
164.3,9,1,23,6,9,-76.6177,-27.5329
164.3,10,0,23,6,9,-71.6955,-27.7177
164.3,11,0,23,6,6,-76.9379,-26.7607
164.3,12,1,23,6,6,-76.0548,-27.0366
164.3,13,2,23,6,5,-76.9089,-26.4937
164.3,14,2,23,6,5,-74.3445,-26.7552
164.4,0,1,23,6,10,-76.508,-26.4869
164.4,1,0,23,6,11,-77.0047,-26.9905
164.4,2,2,23,6,11,-76.3896,-26.7241
164.4,3,1,23,6,12,-75.7444,-27.3011
164.4,4,0,23,6,12,-75.2687,-27.789
164.4,5,0,23,6,11,-75.8423,-26.243
164.4,6,1,23,6,11,-74.4456,-26.8666
164.4,7,2,23,6,11,-76.1679,-28.1496
164.4,8,2,23,6,11,-73.46,-28.6693
164.4,9,1,23,6,9,-76.6081,-27.517
164.4,10,0,23,6,9,-71.7947,-27.6931
164.4,11,0,23,6,6,-76.982,-26.7667
164.4,12,1,23,6,6,-76.1179,-27.0348
164.4,13,2,23,6,5,-76.9204,-26.4659
164.4,14,2,23,6,5,-74.4262,-26.7587
164.5,0,1,23,6,10,-76.5238,-26.4792
164.5,1,0,23,6,11,-77.0254,-26.9918
164.5,2,2,23,6,11,-76.4122,-26.6497
164.5,3,1,23,6,12,-75.7602,-27.2937
164.5,4,0,23,6,12,-75.2976,-27.7192
164.5,5,0,23,6,11,-75.8503,-26.2408
164.5,6,1,23,6,11,-74.4874,-26.8812
164.5,7,2,23,6,11,-76.1889,-28.1584
164.5,8,2,23,6,11,-73.5261,-28.6823
164.5,9,1,23,6,9,-76.5994,-27.4996
164.5,10,0,23,6,9,-71.8925,-27.6763
164.5,11,0,23,6,6,-77.0271,-26.7758
164.5,12,1,23,6,6,-76.1805,-27.0324
164.5,13,2,23,6,5,-76.9281,-26.4395
164.5,14,2,23,6,5,-74.5106,-26.7605
164.6,0,1,23,6,10,-76.5395,-26.4725
164.6,1,0,23,6,11,-77.0438,-26.9915
164.6,2,2,23,6,11,-76.4345,-26.5783
164.6,3,1,23,6,12,-75.7794,-27.2906
164.6,4,0,23,6,12,-75.325,-27.6521
164.6,5,0,23,6,11,-75.8545,-26.2361
164.6,6,1,23,6,11,-74.5282,-26.8992
164.6,7,2,23,6,11,-76.2066,-28.1632
164.6,8,2,23,6,11,-73.591,-28.6995
164.6,9,1,23,6,9,-76.5923,-27.4812
164.6,10,0,23,6,9,-71.9894,-27.6654
164.6,11,0,23,6,6,-77.0729,-26.7872
164.6,12,1,23,6,6,-76.2423,-27.0296
164.6,13,2,23,6,5,-76.9316,-26.4119
164.6,14,2,23,6,5,-74.5963,-26.7606
164.7,0,1,23,6,10,-76.5548,-26.467
164.7,1,0,23,6,11,-77.0598,-26.9899
164.7,2,2,23,6,11,-76.4561,-26.5108
164.7,3,1,23,6,12,-75.802,-27.2921
164.7,4,0,23,6,12,-75.3509,-27.5892
164.7,5,0,23,6,11,-75.8553,-26.2291
164.7,6,1,23,6,11,-74.5686,-26.9201
164.7,7,2,23,6,11,-76.2212,-28.1642
164.7,8,2,23,6,11,-73.6548,-28.7196
164.7,9,1,23,6,9,-76.5868,-27.4619
164.7,10,0,23,6,9,-72.0848,-27.6616
164.7,11,0,23,6,6,-77.1189,-26.8016
164.7,12,1,23,6,6,-76.3033,-27.0263
164.7,13,2,23,6,5,-76.9317,-26.3853
164.7,14,2,23,6,5,-74.6835,-26.7592
164.8,0,1,23,6,10,-76.5702,-26.4627
164.8,1,0,23,6,11,-77.0744,-26.9863
164.8,2,2,23,6,11,-76.4775,-26.4637
164.8,3,1,23,6,12,-75.8272,-27.2969
164.8,4,0,23,6,12,-75.3754,-27.5327
164.8,5,0,23,6,11,-75.8527,-26.219
164.8,6,1,23,6,11,-74.6081,-26.9453
164.8,7,2,23,6,11,-76.2328,-28.1605
164.8,8,2,23,6,11,-73.7175,-28.7442
164.8,9,1,23,6,9,-76.5835,-27.4419
164.8,10,0,23,6,9,-72.179,-27.6593
164.8,11,0,23,6,6,-77.1651,-26.8214
164.8,12,1,23,6,6,-76.3634,-27.0231
164.8,13,2,23,6,5,-76.9286,-26.3539
164.8,14,2,23,6,5,-74.7711,-26.7563
164.9,0,1,23,6,10,-76.5853,-26.459
164.9,1,0,23,6,11,-77.0877,-26.9807
164.9,2,2,23,6,11,-76.4986,-26.4516
164.9,3,1,23,6,12,-75.855,-27.3048
164.9,4,0,23,6,12,-75.3986,-27.4845
164.9,5,0,23,6,11,-75.8472,-26.2071
164.9,6,1,23,6,11,-74.6471,-26.9739
164.9,7,2,23,6,11,-76.2415,-28.1538
164.9,8,2,23,6,11,-73.7791,-28.7724
164.9,9,1,23,6,9,-76.5825,-27.4207
164.9,10,0,23,6,9,-72.2716,-27.6587
164.9,11,0,23,6,6,-77.2109,-26.8464
164.9,12,1,23,6,6,-76.4222,-27.0204
164.9,13,2,23,6,5,-76.9226,-26.319
164.9,14,2,23,6,5,-74.8591,-26.7515
165,0,1,23,6,10,-76.6004,-26.4574
165,1,0,23,6,11,-77.0997,-26.9745
165,2,2,23,6,11,-76.5193,-26.4414
165,3,1,23,6,12,-75.8851,-27.317
165,4,0,23,6,12,-75.4204,-27.4454
165,5,0,23,6,11,-75.8389,-26.1932
165,6,1,23,6,11,-74.6853,-27.006
165,7,2,23,6,11,-76.2474,-28.1435
165,8,2,23,6,11,-73.8396,-28.8047
165,9,1,23,6,9,-76.5838,-27.3997
165,10,0,23,6,9,-72.3628,-27.6598
165,11,0,23,6,6,-77.2564,-26.8753
165,12,1,23,6,6,-69.9399,-27.0386
165,13,2,23,6,5,-76.9143,-26.2805
165,14,2,23,6,5,-74.9467,-26.7455
165.1,0,1,23,6,10,-76.6155,-26.4566
165.1,1,0,23,6,11,-77.1113,-26.9672
165.1,2,2,23,6,11,-76.539,-26.4355
165.1,3,1,23,6,12,-75.9179,-27.3318
165.1,4,0,23,6,12,-75.4395,-27.4165
165.1,5,0,23,6,11,-75.83,-26.1778
165.1,6,1,23,6,11,-74.7193,-27.0419
165.1,7,2,23,6,11,-76.2535,-28.1303
165.1,8,2,23,6,11,-73.891,-28.8405
165.1,9,1,23,6,9,-76.592,-27.378
165.1,10,0,23,6,9,-72.4376,-27.6609
165.1,11,0,23,6,6,-77.3078,-26.9071
165.1,12,1,23,6,6,-70.0359,-27.0357
165.1,13,2,23,6,5,-76.9135,-26.2384
165.1,14,2,23,6,5,-75.0143,-26.7381
165.2,0,1,23,6,10,-76.6308,-26.4576
165.2,1,0,23,6,11,-77.1219,-26.9597
165.2,2,2,23,6,11,-76.5589,-26.4311
165.2,3,1,23,6,12,-75.9524,-27.3499
165.2,4,0,23,6,12,-75.4579,-27.3987
165.2,5,0,23,6,11,-75.8192,-26.1609
165.2,6,1,23,6,11,-74.7531,-27.0811
165.2,7,2,23,6,11,-76.2576,-28.1142
165.2,8,2,23,6,11,-73.9419,-28.8799
165.2,9,1,23,6,9,-76.6024,-27.3567
165.2,10,0,23,6,9,-72.5117,-27.6619
165.2,11,0,23,6,6,-77.3816,-26.9405
165.2,12,1,23,6,6,-70.1318,-27.0324
165.2,13,2,23,6,5,-76.9107,-26.1919
165.2,14,2,23,6,5,-75.0822,-26.7288
165.3,0,1,23,6,10,-76.646,-26.4585
165.3,1,0,23,6,11,-77.1315,-26.9503
165.3,2,2,23,6,11,-76.5786,-26.4273
165.3,3,1,23,6,12,-75.9884,-27.3693
165.3,4,0,23,6,12,-75.4755,-27.3916
165.3,5,0,23,6,11,-75.8066,-26.1428
165.3,6,1,23,6,11,-74.7866,-27.1224
165.3,7,2,23,6,11,-76.2596,-28.0956
165.3,8,2,23,6,11,-73.9923,-28.9217
165.3,9,1,23,6,9,-76.6349,-27.3357
165.3,10,0,23,6,9,-72.5852,-27.6624
165.3,11,0,23,6,6,-77.4304,-26.9756
165.3,12,1,23,6,6,-70.2269,-27.0298
165.3,13,2,23,6,5,-76.9073,-26.1431
165.3,14,2,23,6,5,-75.1506,-26.7192
165.4,0,1,23,6,10,-76.6614,-26.4608
165.4,1,0,23,6,11,-77.1407,-26.941
165.4,2,2,23,6,11,-76.5981,-26.4249
165.4,3,1,23,6,12,-76.0255,-27.3909
165.4,4,0,23,6,12,-75.4931,-27.3948
165.4,5,0,23,6,11,-75.7959,-26.1271
165.4,6,1,23,6,11,-74.8202,-27.1621
165.4,7,2,23,6,11,-76.2601,-28.075
165.4,8,2,23,6,11,-74.0425,-28.9622
165.4,9,1,23,6,9,-76.6495,-27.3155
165.4,10,0,23,6,9,-72.6581,-27.6646
165.4,11,0,23,6,6,-77.4777,-27.0109
165.4,12,1,23,6,6,-70.3218,-27.0263
165.4,13,2,23,6,5,-76.9041,-26.0942
165.4,14,2,23,6,5,-75.2191,-26.7082
165.5,0,1,23,6,10,-76.6763,-26.4633
165.5,1,0,23,6,11,-77.1484,-26.9309
165.5,2,2,23,6,11,-76.6172,-26.4237
165.5,3,1,23,6,12,-76.0619,-27.4139
165.5,4,0,23,6,12,-75.5103,-27.4171
165.5,5,0,23,6,11,-75.787,-26.1136
165.5,6,1,23,6,11,-74.8537,-27.2008
165.5,7,2,23,6,11,-76.2592,-28.0526
165.5,8,2,23,6,11,-74.0924,-29.0018
165.5,9,1,23,6,9,-76.6662,-27.2955
165.5,10,0,23,6,9,-72.7302,-27.6677
165.5,11,0,23,6,6,-77.5125,-27.0365
165.5,12,1,23,6,6,-70.4159,-27.023
165.5,13,2,23,6,5,-76.9012,-26.0452
165.5,14,2,23,6,5,-75.2875,-26.6959
165.6,0,1,23,6,10,-76.6908,-26.4666
165.6,1,0,23,6,11,-77.1548,-26.9206
165.6,2,2,23,6,11,-76.6359,-26.4229
165.6,3,1,23,6,12,-76.0974,-27.4381
165.6,4,0,23,6,12,-75.5273,-27.456
165.6,5,0,23,6,11,-75.7803,-26.1024
165.6,6,1,23,6,11,-74.8871,-27.2366
165.6,7,2,23,6,11,-76.2569,-28.0286
165.6,8,2,23,6,11,-74.1417,-29.0386
165.6,9,1,23,6,9,-76.685,-27.2767
165.6,10,0,23,6,9,-72.8018,-27.6722
165.6,11,0,23,6,6,-77.5347,-27.0531
165.6,12,1,23,6,6,-70.5097,-27.0197
165.6,13,2,23,6,5,-76.8992,-25.9979
165.6,14,2,23,6,5,-75.356,-26.683
165.7,0,1,23,6,10,-76.7051,-26.4701
165.7,1,0,23,6,11,-77.1601,-26.9098
165.7,2,2,23,6,11,-76.6542,-26.4231
165.7,3,1,23,6,12,-76.1318,-27.4631
165.7,4,0,23,6,12,-75.544,-27.5089
165.7,5,0,23,6,11,-75.7758,-26.0932
165.7,6,1,23,6,11,-74.9205,-27.2694
165.7,7,2,23,6,11,-76.2538,-28.0034
165.7,8,2,23,6,11,-74.1909,-29.0726
165.7,9,1,23,6,9,-76.7057,-27.259
165.7,10,0,23,6,9,-72.8728,-27.6782
165.7,11,0,23,6,6,-77.5446,-27.0582
165.7,12,1,23,6,6,-70.6029,-27.0161
165.7,13,2,23,6,5,-76.8968,-25.9518
165.7,14,2,23,6,5,-75.4245,-26.6693
165.8,0,1,23,6,10,-76.719,-26.4743
165.8,1,0,23,6,11,-77.1641,-26.8989
165.8,2,2,23,6,11,-76.6719,-26.4789
165.8,3,1,23,6,12,-76.1646,-27.4887
165.8,4,0,23,6,12,-75.5606,-27.5727
165.8,5,0,23,6,11,-75.7733,-26.0858
165.8,6,1,23,6,11,-74.9537,-27.2991
165.8,7,2,23,6,11,-76.2501,-27.9772
165.8,8,2,23,6,11,-74.2395,-29.1038
165.8,9,1,23,6,9,-76.7283,-27.2429
165.8,10,0,23,6,9,-72.9431,-27.6844
165.8,11,0,23,6,6,-77.5433,-27.0533
165.8,12,1,23,6,6,-70.6959,-27.0123
165.8,13,2,23,6,5,-76.8939,-25.9065
165.8,14,2,23,6,5,-75.4928,-26.6553
165.9,0,1,23,6,10,-76.7327,-26.478
165.9,1,0,23,6,11,-77.1673,-26.888
165.9,2,2,23,6,11,-76.6896,-26.5482
165.9,3,1,23,6,12,-76.1965,-27.5142
165.9,4,0,23,6,12,-75.5775,-27.6385
165.9,5,0,23,6,11,-75.7732,-26.0811
165.9,6,1,23,6,11,-74.9869,-27.3229
165.9,7,2,23,6,11,-76.2478,-27.9534
165.9,8,2,23,6,11,-74.2881,-29.1295
165.9,9,1,23,6,9,-76.7526,-27.2284
165.9,10,0,23,6,9,-73.0133,-27.6937
165.9,11,0,23,6,6,-77.5323,-27.0376
165.9,12,1,23,6,6,-70.7885,-27.0086
165.9,13,2,23,6,5,-76.8913,-25.8656
165.9,14,2,23,6,5,-75.561,-26.6411
166,0,1,23,6,10,-76.7464,-26.4827
166,1,0,23,6,11,-77.1694,-26.878
166,2,2,23,6,11,-76.7073,-26.6161
166,3,1,23,6,12,-76.2272,-27.5406
166,4,0,23,6,12,-75.5944,-27.7028
166,5,0,23,6,11,-75.7755,-26.0784
166,6,1,23,6,11,-75.0203,-27.3408
166,7,2,23,6,11,-76.2469,-27.932
166,8,2,23,6,11,-74.3365,-29.1496
166,9,1,23,6,9,-76.7783,-27.2151
166,10,0,23,6,9,-73.0832,-27.7064
166,11,0,23,6,6,-77.5132,-27.0115
166,12,1,23,6,6,-70.8809,-27.0044
166,13,2,23,6,5,-76.8893,-25.8296
166,14,2,23,6,5,-75.6291,-26.6258
166.1,0,1,23,6,10,-76.7602,-26.4873
166.1,1,0,23,6,11,-77.1709,-26.8677
166.1,2,2,23,6,11,-76.7251,-26.6797
166.1,3,1,23,6,12,-76.2568,-27.5663
166.1,4,0,23,6,12,-75.6117,-27.7626
166.1,5,0,23,6,11,-75.7802,-26.0774
166.1,6,1,23,6,11,-75.0537,-27.3528
166.1,7,2,23,6,11,-76.2476,-27.9125
166.1,8,2,23,6,11,-74.3849,-29.1643
166.1,9,1,23,6,9,-76.8054,-27.204
166.1,10,0,23,6,9,-73.1527,-27.7207
166.1,11,0,23,6,6,-77.4874,-26.977
166.1,12,1,23,6,6,-70.9733,-26.9994
166.1,13,2,23,6,5,-76.888,-25.7968
166.1,14,2,23,6,5,-75.6973,-26.6109
166.2,0,1,23,6,10,-76.7738,-26.4914
166.2,1,0,23,6,11,-77.1721,-26.8574
166.2,2,2,23,6,11,-76.7429,-26.7373
166.2,3,1,23,6,12,-76.2854,-27.5915
166.2,4,0,23,6,12,-75.6295,-27.8164
166.2,5,0,23,6,11,-75.7875,-26.0787
166.2,6,1,23,6,11,-75.0875,-27.3582
166.2,7,2,23,6,11,-76.2499,-27.8958
166.2,8,2,23,6,11,-74.4335,-29.1728
166.2,9,1,23,6,9,-76.834,-27.1947
166.2,10,0,23,6,9,-73.2227,-27.7369
166.2,11,0,23,6,6,-77.4563,-26.9352
166.2,12,1,23,6,6,-71.0663,-26.9947
166.2,13,2,23,6,5,-76.8898,-25.7704
166.2,14,2,23,6,5,-75.7658,-26.5957
166.3,0,1,23,6,10,-76.7876,-26.4952
166.3,1,0,23,6,11,-77.1729,-26.9415
166.3,2,2,23,6,11,-76.7607,-26.786
166.3,3,1,23,6,12,-76.3129,-27.6159
166.3,4,0,23,6,12,-75.6471,-27.8614
166.3,5,0,23,6,11,-75.7941,-26.0784
166.3,6,1,23,6,11,-75.1211,-27.3594
166.3,7,2,23,6,11,-76.2533,-27.8801
166.3,8,2,23,6,11,-74.4822,-29.1771
166.3,9,1,23,6,9,-76.8626,-27.1865
166.3,10,0,23,6,9,-73.2929,-27.752
166.3,11,0,23,6,6,-77.4213,-26.8867
166.3,12,1,23,6,6,-71.1602,-26.9898
166.3,13,2,23,6,5,-76.8919,-25.7456
166.3,14,2,23,6,5,-75.8349,-26.581
166.4,0,1,23,6,10,-76.8006,-26.4999
166.4,1,0,23,6,11,-77.1727,-27.0246
166.4,2,2,23,6,11,-76.778,-26.827
166.4,3,1,23,6,12,-76.3389,-27.6369
166.4,4,0,23,6,12,-75.6644,-27.8982
166.4,5,0,23,6,11,-75.8011,-26.0813
166.4,6,1,23,6,11,-75.1544,-27.3543
166.4,7,2,23,6,11,-76.257,-27.8692
166.4,8,2,23,6,11,-74.532,-29.1778
166.4,9,1,23,6,9,-76.8895,-27.1788
166.4,10,0,23,6,9,-73.3648,-27.7686
166.4,11,0,23,6,6,-77.383,-26.8328
166.4,12,1,23,6,6,-71.2562,-26.9843
166.4,13,2,23,6,5,-76.8942,-25.7243
166.4,14,2,23,6,5,-75.9051,-26.5671
166.5,0,1,23,6,10,-76.8131,-26.5328
166.5,1,0,23,6,11,-77.1717,-27.0963
166.5,2,2,23,6,11,-76.7949,-26.8597
166.5,3,1,23,6,12,-76.3641,-27.6543
166.5,4,0,23,6,12,-75.6813,-27.9267
166.5,5,0,23,6,11,-75.8084,-26.0808
166.5,6,1,23,6,11,-75.1898,-27.3467
166.5,7,2,23,6,11,-76.2602,-27.8565
166.5,8,2,23,6,11,-74.5826,-29.1736
166.5,9,1,23,6,9,-76.9145,-27.175
166.5,10,0,23,6,9,-73.438,-27.7854
166.5,11,0,23,6,6,-77.3422,-26.775
166.5,12,1,23,6,6,-71.3544,-26.9789
166.5,13,2,23,6,5,-76.9002,-25.7091
166.5,14,2,23,6,5,-75.977,-26.558
166.6,0,1,23,6,10,-76.8248,-26.5592
166.6,1,0,23,6,11,-77.1697,-27.1532
166.6,2,2,23,6,11,-76.8116,-26.8861
166.6,3,1,23,6,12,-76.3876,-27.667
166.6,4,0,23,6,12,-75.701,-27.9534
166.6,5,0,23,6,11,-75.8162,-26.0759
166.6,6,1,23,6,11,-75.2258,-27.3388
166.6,7,2,23,6,11,-76.2636,-27.8421
166.6,8,2,23,6,11,-74.6331,-29.1673
166.6,9,1,23,6,9,-76.9372,-27.1785
166.6,10,0,23,6,9,-73.5118,-27.7984
166.6,11,0,23,6,6,-77.3006,-26.7148
166.6,12,1,23,6,6,-71.4543,-26.9793
166.6,13,2,23,6,5,-76.9092,-25.6985
166.6,14,2,23,6,5,-76.0503,-26.5549
166.7,0,1,23,6,10,-76.8359,-26.5784
166.7,1,0,23,6,11,-77.1671,-27.1921
166.7,2,2,23,6,11,-76.8279,-26.905
166.7,3,1,23,6,12,-76.4101,-27.6746
166.7,4,0,23,6,12,-75.7203,-27.9719
166.7,5,0,23,6,11,-75.8245,-26.0676
166.7,6,1,23,6,11,-75.263,-27.3291
166.7,7,2,23,6,11,-76.2669,-27.8261
166.7,8,2,23,6,11,-74.6837,-29.157
166.7,9,1,23,6,9,-76.9582,-27.1876
166.7,10,0,23,6,9,-73.5868,-27.8092
166.7,11,0,23,6,6,-77.2606,-26.6529
166.7,12,1,23,6,6,-71.5565,-26.9792
166.7,13,2,23,6,5,-76.9222,-25.6936
166.7,14,2,23,6,5,-76.125,-26.5573
166.8,0,1,23,6,10,-76.8468,-26.5921
166.8,1,0,23,6,11,-77.1648,-27.209
166.8,2,2,23,6,11,-76.8438,-26.9172
166.8,3,1,23,6,12,-76.4318,-27.68
166.8,4,0,23,6,12,-75.7392,-27.9826
166.8,5,0,23,6,11,-75.8349,-26.0654
166.8,6,1,23,6,11,-75.2996,-27.3132
166.8,7,2,23,6,11,-76.272,-27.8184
166.8,8,2,23,6,11,-74.7352,-29.1431
166.8,9,1,23,6,9,-76.9785,-27.1981
166.8,10,0,23,6,9,-73.6635,-27.8191
166.8,11,0,23,6,6,-77.2224,-26.5911
166.8,12,1,23,6,6,-71.6618,-26.9781
166.8,13,2,23,6,5,-76.9414,-25.6971
166.8,14,2,23,6,5,-76.2014,-26.5596
166.9,0,1,23,6,10,-76.8581,-26.6014
166.9,1,0,23,6,11,-77.1633,-27.2
166.9,2,2,23,6,11,-76.8602,-26.9247
166.9,3,1,23,6,12,-76.4534,-27.6839
166.9,4,0,23,6,12,-75.758,-27.9878
166.9,5,0,23,6,11,-75.8465,-26.063
166.9,6,1,23,6,11,-75.3353,-27.2968
166.9,7,2,23,6,11,-76.2796,-27.8141
166.9,8,2,23,6,11,-74.7861,-29.1284
166.9,9,1,23,6,9,-76.9975,-27.2092
166.9,10,0,23,6,9,-73.7402,-27.8242
166.9,11,0,23,6,6,-77.1644,-26.5307
166.9,12,1,23,6,6,-71.7685,-26.9768
166.9,13,2,23,6,5,-76.969,-25.7088
166.9,14,2,23,6,5,-76.2783,-26.562
167,0,1,23,6,10,-76.8699,-26.6073
167,1,0,23,6,11,-77.1627,-27.1596
167,2,2,23,6,11,-76.8769,-26.9284
167,3,1,23,6,12,-76.4748,-27.6866
167,4,0,23,6,12,-75.778,-27.989
167,5,0,23,6,11,-75.8634,-26.0639
167,6,1,23,6,11,-75.3708,-27.2792
167,7,2,23,6,11,-76.2897,-27.8132
167,8,2,23,6,11,-74.8363,-29.112
167,9,1,23,6,9,-77.0152,-27.2205
167,10,0,23,6,9,-73.8167,-27.8282
167,11,0,23,6,6,-77.1326,-26.4717
167,12,1,23,6,6,-71.8755,-26.9752
167,13,2,23,6,5,-77.0077,-25.7323
167,14,2,23,6,5,-76.3548,-26.5643
167.1,0,1,23,6,10,-76.8822,-26.609
167.1,1,0,23,6,11,-77.1633,-27.0874
167.1,2,2,23,6,11,-76.8941,-26.9281
167.1,3,1,23,6,12,-76.496,-27.6895
167.1,4,0,23,6,12,-75.7987,-27.9859
167.1,5,0,23,6,11,-75.8842,-26.0673
167.1,6,1,23,6,11,-75.4059,-27.2592
167.1,7,2,23,6,11,-76.3019,-27.8148
167.1,8,2,23,6,11,-74.8857,-29.0932
167.1,9,1,23,6,9,-77.034,-27.2345
167.1,10,0,23,6,9,-73.8925,-27.8313
167.1,11,0,23,6,6,-77.1039,-26.4145
167.1,12,1,23,6,6,-71.9825,-26.9727
167.1,13,2,23,6,5,-77.0553,-25.7655
167.1,14,2,23,6,5,-76.4307,-26.5673
167.2,0,1,23,6,10,-76.8947,-26.6071
167.2,1,0,23,6,11,-77.1651,-26.9832
167.2,2,2,23,6,11,-76.9115,-26.9243
167.2,3,1,23,6,12,-76.5166,-27.6913
167.2,4,0,23,6,12,-75.82,-27.9795
167.2,5,0,23,6,11,-75.9087,-26.0729
167.2,6,1,23,6,11,-75.4405,-27.2375
167.2,7,2,23,6,11,-76.3158,-27.8186
167.2,8,2,23,6,11,-74.9343,-29.0723
167.2,9,1,23,6,9,-77.0537,-27.2496
167.2,10,0,23,6,9,-73.9673,-27.8341
167.2,11,0,23,6,6,-77.0784,-26.3598
167.2,12,1,23,6,6,-72.0884,-26.971
167.2,13,2,23,6,5,-77.1112,-25.8075
167.2,14,2,23,6,5,-76.5051,-26.5699
167.3,0,1,23,6,10,-76.9075,-26.6023
167.3,1,0,23,6,11,-77.1679,-26.85
167.3,2,2,23,6,11,-76.9293,-26.9181
167.3,3,1,23,6,12,-76.5368,-27.6927
167.3,4,0,23,6,12,-75.8419,-27.9706
167.3,5,0,23,6,11,-75.9363,-26.0807
167.3,6,1,23,6,11,-75.4747,-27.2147
167.3,7,2,23,6,11,-76.3314,-27.8246
167.3,8,2,23,6,11,-74.9819,-29.05
167.3,9,1,23,6,9,-77.0739,-27.2659
167.3,10,0,23,6,9,-74.0411,-27.8372
167.3,11,0,23,6,6,-77.0561,-26.3073
167.3,12,1,23,6,6,-72.1935,-26.969
167.3,13,2,23,6,5,-77.1743,-25.8577
167.3,14,2,23,6,5,-76.5778,-26.5725
167.4,0,1,23,6,10,-76.9205,-26.5949
167.4,1,0,23,6,11,-77.1722,-26.698
167.4,2,2,23,6,11,-76.9474,-26.9096
167.4,3,1,23,6,12,-76.5571,-27.6934
167.4,4,0,23,6,12,-75.8644,-27.9596
167.4,5,0,23,6,11,-75.9669,-26.0908
167.4,6,1,23,6,11,-75.5084,-27.191
167.4,7,2,23,6,11,-76.3481,-27.8326
167.4,8,2,23,6,11,-75.0287,-29.0271
167.4,9,1,23,6,9,-77.0941,-27.2824
167.4,10,0,23,6,9,-74.1137,-27.8414
167.4,11,0,23,6,6,-77.042,-26.2629
167.4,12,1,23,6,6,-72.2971,-26.9667
167.4,13,2,23,6,5,-77.2452,-25.9163
167.4,14,2,23,6,5,-76.6488,-26.5751
167.5,0,1,23,6,10,-76.934,-26.5872
167.5,1,0,23,6,11,-77.1779,-26.5944
167.5,2,2,23,6,11,-76.9658,-26.9009
167.5,3,1,23,6,12,-76.5775,-27.6934
167.5,4,0,23,6,12,-75.8892,-27.9483
167.5,5,0,23,6,11,-76.0075,-26.1093
167.5,6,1,23,6,11,-75.5427,-27.1627
167.5,7,2,23,6,11,-76.366,-27.8414
167.5,8,2,23,6,11,-75.0752,-28.9997
167.5,9,1,23,6,9,-77.1141,-27.299
167.5,10,0,23,6,9,-74.1853,-27.8518
167.5,11,0,23,6,6,-77.0357,-26.2259
167.5,12,1,23,6,6,-72.3992,-26.965
167.5,13,2,23,6,5,-77.3247,-25.9864
167.5,14,2,23,6,5,-76.7185,-26.5782
167.6,0,1,23,6,10,-76.9475,-26.5801
167.6,1,0,23,6,11,-77.1845,-26.5786
167.6,2,2,23,6,11,-76.9845,-26.8934
167.6,3,1,23,6,12,-76.5975,-27.693
167.6,4,0,23,6,12,-75.9161,-27.9379
167.6,5,0,23,6,11,-76.0567,-26.1371
167.6,6,1,23,6,11,-75.5773,-27.13
167.6,7,2,23,6,11,-76.3848,-27.8519
167.6,8,2,23,6,11,-75.1214,-28.968
167.6,9,1,23,6,9,-77.1334,-27.3141
167.6,10,0,23,6,9,-74.2559,-27.8683
167.6,11,0,23,6,6,-77.0368,-26.1968
167.6,12,1,23,6,6,-72.4996,-26.9628
167.6,13,2,23,6,5,-77.4303,-26.0634
167.6,14,2,23,6,5,-76.7863,-26.5802
167.7,0,1,23,6,10,-76.9609,-26.5772
167.7,1,0,23,6,11,-77.1921,-26.5647
167.7,2,2,23,6,11,-77.0029,-26.8897
167.7,3,1,23,6,12,-76.6171,-27.6922
167.7,4,0,23,6,12,-75.9443,-27.93
167.7,5,0,23,6,11,-76.1131,-26.1728
167.7,6,1,23,6,11,-75.6119,-27.0926
167.7,7,2,23,6,11,-76.4043,-27.8637
167.7,8,2,23,6,11,-75.167,-28.9319
167.7,9,1,23,6,9,-77.1499,-27.326
167.7,10,0,23,6,9,-74.3253,-27.8901
167.7,11,0,23,6,6,-77.0451,-26.1751
167.7,12,1,23,6,6,-72.5985,-26.9606
167.7,13,2,23,6,5,-77.5136,-26.1463
167.7,14,2,23,6,5,-70.097,-26.6065
167.8,0,1,23,6,10,-76.9744,-26.5791
167.8,1,0,23,6,11,-77.2003,-26.5525
167.8,2,2,23,6,11,-77.0214,-26.8903
167.8,3,1,23,6,12,-76.6363,-27.6912
167.8,4,0,23,6,12,-75.973,-27.9259
167.8,5,0,23,6,11,-76.1707,-26.2087
167.8,6,1,23,6,11,-75.646,-27.0564
167.8,7,2,23,6,11,-76.4244,-27.8758
167.8,8,2,23,6,11,-75.2117,-28.897
167.8,9,1,23,6,9,-77.1638,-27.3343
167.8,10,0,23,6,9,-74.3934,-27.9122
167.8,11,0,23,6,6,-77.0603,-26.1605
167.8,12,1,23,6,6,-72.6952,-26.9588
167.8,13,2,23,6,5,-77.5959,-26.2286
167.8,14,2,23,6,5,-70.2246,-26.608
167.9,0,1,23,6,10,-76.9877,-26.5854
167.9,1,0,23,6,11,-77.2093,-26.5425
167.9,2,2,23,6,11,-77.0397,-26.8948
167.9,3,1,23,6,12,-76.6549,-27.6899
167.9,4,0,23,6,12,-76.0015,-27.9252
167.9,5,0,23,6,11,-76.2288,-26.2448
167.9,6,1,23,6,11,-75.6793,-27.0217
167.9,7,2,23,6,11,-76.4451,-27.8891
167.9,8,2,23,6,11,-75.2554,-28.8639
167.9,9,1,23,6,9,-77.1749,-27.3385
167.9,10,0,23,6,9,-74.46,-27.9344
167.9,11,0,23,6,6,-77.1041,-26.1532
167.9,12,1,23,6,6,-72.79,-26.9571
167.9,13,2,23,6,5,-77.6769,-26.3098
167.9,14,2,23,6,5,-70.3499,-26.6089
168,0,1,23,6,10,-77.0008,-26.5952
168,1,0,23,6,11,-77.2192,-26.5342
168,2,2,23,6,11,-77.0578,-26.9027
168,3,1,23,6,12,-76.673,-27.6882
168,4,0,23,6,12,-76.0301,-27.9274
168,5,0,23,6,11,-76.2872,-26.2815
168,6,1,23,6,11,-75.7119,-26.9875
168,7,2,23,6,11,-76.4661,-27.9032
168,8,2,23,6,11,-75.2982,-28.8313
168,9,1,23,6,9,-77.1834,-27.3395
168,10,0,23,6,9,-74.5253,-27.9556
168,11,0,23,6,6,-77.132,-26.1533
168,12,1,23,6,6,-72.8831,-26.9555
168,13,2,23,6,5,-77.7563,-26.3889
168,14,2,23,6,5,-70.4731,-26.6099
168.1,0,1,23,6,10,-77.0138,-26.608
168.1,1,0,23,6,11,-77.2298,-26.527
168.1,2,2,23,6,11,-77.0757,-26.9133
168.1,3,1,23,6,12,-76.6908,-27.6862
168.1,4,0,23,6,12,-76.0587,-27.9323
168.1,5,0,23,6,11,-76.345,-26.3172
168.1,6,1,23,6,11,-75.7437,-26.9531
168.1,7,2,23,6,11,-76.4871,-27.9171
168.1,8,2,23,6,11,-75.3404,-28.7992
168.1,9,1,23,6,9,-77.1897,-27.3372
168.1,10,0,23,6,9,-74.5893,-27.9763
168.1,11,0,23,6,6,-77.1661,-26.1599
168.1,12,1,23,6,6,-72.9742,-26.9544
168.1,13,2,23,6,5,-77.8331,-26.4646
168.1,14,2,23,6,5,-70.5939,-26.6105
168.2,0,1,23,6,10,-77.0269,-26.6236
168.2,1,0,23,6,11,-77.2411,-26.522
168.2,2,2,23,6,11,-77.0938,-26.9264
168.2,3,1,23,6,12,-76.7079,-27.6841
168.2,4,0,23,6,12,-76.0871,-27.939
168.2,5,0,23,6,11,-76.4022,-26.3526
168.2,6,1,23,6,11,-75.7748,-26.9191
168.2,7,2,23,6,11,-76.5085,-27.9318
168.2,8,2,23,6,11,-75.3816,-28.7673
168.2,9,1,23,6,9,-77.194,-27.3312
168.2,10,0,23,6,9,-74.6521,-27.9955
168.2,11,0,23,6,6,-77.206,-26.1733
168.2,12,1,23,6,6,-73.0636,-26.9534
168.2,13,2,23,6,5,-77.9073,-26.5363
168.2,14,2,23,6,5,-70.7124,-26.6105
168.3,0,1,23,6,10,-77.0398,-26.6391
168.3,1,0,23,6,11,-77.2533,-26.5187
168.3,2,2,23,6,11,-77.1115,-26.9393
168.3,3,1,23,6,12,-76.7248,-27.6822
168.3,4,0,23,6,12,-76.1151,-27.9455
168.3,5,0,23,6,11,-76.4583,-26.3876
168.3,6,1,23,6,11,-75.8052,-26.8845
168.3,7,2,23,6,11,-76.5298,-27.947
168.3,8,2,23,6,11,-75.4223,-28.7355
168.3,9,1,23,6,9,-77.1966,-27.3224
168.3,10,0,23,6,9,-74.7136,-28.0121
168.3,11,0,23,6,6,-77.2519,-26.1939
168.3,12,1,23,6,6,-73.1512,-26.952
168.3,13,2,23,6,5,-77.9785,-26.6032
168.3,14,2,23,6,5,-70.8286,-26.6103
168.4,0,1,23,6,10,-77.0519,-26.6551
168.4,1,0,23,6,11,-77.2649,-26.517
168.4,2,2,23,6,11,-77.1285,-26.9527
168.4,3,1,23,6,12,-76.7395,-27.68
168.4,4,0,23,6,12,-76.1426,-27.9525
168.4,5,0,23,6,11,-76.5112,-26.4209
168.4,6,1,23,6,11,-75.8346,-26.8502
168.4,7,2,23,6,11,-76.5509,-27.9616
168.4,8,2,23,6,11,-75.462,-28.7041
168.4,9,1,23,6,9,-77.1976,-27.3113
168.4,10,0,23,6,9,-74.7739,-28.0268
168.4,11,0,23,6,6,-77.298,-26.2153
168.4,12,1,23,6,6,-73.2371,-26.9513
168.4,13,2,23,6,5,-78.035,-26.6546
168.4,14,2,23,6,5,-70.943,-26.6099
168.5,0,1,23,6,10,-77.0635,-26.6676
168.5,1,0,23,6,11,-77.2762,-26.5172
168.5,2,2,23,6,11,-77.1449,-26.963
168.5,3,1,23,6,12,-76.752,-27.6781
168.5,4,0,23,6,12,-76.1694,-27.9572
168.5,5,0,23,6,11,-76.5601,-26.453
168.5,6,1,23,6,11,-75.8631,-26.8173
168.5,7,2,23,6,11,-76.5716,-27.9758
168.5,8,2,23,6,11,-75.5008,-28.6741
168.5,9,1,23,6,9,-77.1988,-27.2993
168.5,10,0,23,6,9,-74.833,-28.0394
168.5,11,0,23,6,6,-77.3443,-26.2382
168.5,12,1,23,6,6,-73.3215,-26.9505
168.5,13,2,23,6,5,-78.0755,-26.6892
168.5,14,2,23,6,5,-71.0554,-26.6095
168.6,0,1,23,6,10,-77.0741,-26.681
168.6,1,0,23,6,11,-77.2869,-26.5184
168.6,2,2,23,6,11,-77.1602,-26.9747
168.6,3,1,23,6,12,-76.7623,-27.676
168.6,4,0,23,6,12,-76.1952,-27.964
168.6,5,0,23,6,11,-76.6052,-26.484
168.6,6,1,23,6,11,-75.8901,-26.7854
168.6,7,2,23,6,11,-76.5898,-27.9867
168.6,8,2,23,6,11,-75.5387,-28.6452
168.6,9,1,23,6,9,-77.2001,-27.2865
168.6,10,0,23,6,9,-74.891,-28.0497
168.6,11,0,23,6,6,-77.3906,-26.2617
168.6,12,1,23,6,6,-73.4043,-26.9506
168.6,13,2,23,6,5,-78.1001,-26.7071
168.6,14,2,23,6,5,-71.1661,-26.6086
168.7,0,1,23,6,10,-77.0839,-26.6946
168.7,1,0,23,6,11,-77.2973,-26.5214
168.7,2,2,23,6,11,-77.1745,-26.9872
168.7,3,1,23,6,12,-76.7707,-27.6742
168.7,4,0,23,6,12,-76.22,-27.9723
168.7,5,0,23,6,11,-76.6466,-26.5136
168.7,6,1,23,6,11,-75.9162,-26.755
168.7,7,2,23,6,11,-76.6051,-27.9939
168.7,8,2,23,6,11,-75.5756,-28.6174
168.7,9,1,23,6,9,-77.202,-27.2735
168.7,10,0,23,6,9,-74.9476,-28.0565
168.7,11,0,23,6,6,-77.4366,-26.286
168.7,12,1,23,6,6,-73.4858,-26.9504
168.7,13,2,23,6,5,-78.1096,-26.7074
168.7,14,2,23,6,5,-71.2753,-26.6072
168.8,0,1,23,6,10,-77.0931,-26.7081
168.8,1,0,23,6,11,-77.3071,-26.5252
168.8,2,2,23,6,11,-77.188,-26.9999
168.8,3,1,23,6,12,-76.7771,-27.6723
168.8,4,0,23,6,12,-76.2437,-27.9815
168.8,5,0,23,6,11,-76.6841,-26.5414
168.8,6,1,23,6,11,-75.9412,-26.7264
168.8,7,2,23,6,11,-76.6179,-27.9976
168.8,8,2,23,6,11,-75.6117,-28.5913
168.8,9,1,23,6,9,-77.2043,-27.2602
168.8,10,0,23,6,9,-75.0033,-28.0613
168.8,11,0,23,6,6,-77.4822,-26.3102
168.8,12,1,23,6,6,-73.5658,-26.9502
168.8,13,2,23,6,5,-78.1057,-26.6932
168.8,14,2,23,6,5,-71.3828,-26.6056
168.9,0,1,23,6,10,-77.1028,-26.7178
168.9,1,0,23,6,11,-77.3166,-26.5306
168.9,2,2,23,6,11,-77.2018,-27.0094
168.9,3,1,23,6,12,-76.782,-27.6709
168.9,4,0,23,6,12,-76.267,-27.9881
168.9,5,0,23,6,11,-76.718,-26.5674
168.9,6,1,23,6,11,-75.9655,-26.7027
168.9,7,2,23,6,11,-76.634,-28.004
168.9,8,2,23,6,11,-75.6473,-28.5701
168.9,9,1,23,6,9,-77.2072,-27.2464
168.9,10,0,23,6,9,-75.0581,-28.0628
168.9,11,0,23,6,6,-77.5267,-26.3346
168.9,12,1,23,6,6,-73.6448,-26.9507
168.9,13,2,23,6,5,-78.0908,-26.6658
168.9,14,2,23,6,5,-71.4891,-26.6033
169,0,1,23,6,10,-77.113,-26.7226
169,1,0,23,6,11,-77.326,-26.5368
169,2,2,23,6,11,-77.2156,-27.0142
169,3,1,23,6,12,-76.7852,-27.6689
169,4,0,23,6,12,-76.2902,-27.9913
169,5,0,23,6,11,-76.749,-26.5914
169,6,1,23,6,11,-75.9893,-26.6838
169,7,2,23,6,11,-76.6529,-28.0124
169,8,2,23,6,11,-75.6824,-28.5533
169,9,1,23,6,9,-77.2109,-27.2336
169,10,0,23,6,9,-75.1121,-28.0618
169,11,0,23,6,6,-77.5696,-26.3584
169,12,1,23,6,6,-73.7226,-26.9508
169,13,2,23,6,5,-78.0672,-26.6282
169,14,2,23,6,5,-71.5942,-26.6015
169.1,0,1,23,6,10,-77.1237,-26.7216
169.1,1,0,23,6,11,-77.3349,-26.5436
169.1,2,2,23,6,11,-77.2299,-27.0137
169.1,3,1,23,6,12,-76.7872,-27.6672
169.1,4,0,23,6,12,-76.3127,-27.9896
169.1,5,0,23,6,11,-76.7769,-26.614
169.1,6,1,23,6,11,-76.0125,-26.6697
169.1,7,2,23,6,11,-76.6748,-28.0236
169.1,8,2,23,6,11,-75.717,-28.5413
169.1,9,1,23,6,9,-77.2153,-27.2206
169.1,10,0,23,6,9,-75.1654,-28.0584
169.1,11,0,23,6,6,-77.609,-26.38
169.1,12,1,23,6,6,-73.7996,-26.951
169.1,13,2,23,6,5,-78.0367,-26.5818
169.1,14,2,23,6,5,-71.6983,-26.599
169.2,0,1,23,6,10,-77.1356,-26.7181
169.2,1,0,23,6,11,-77.3452,-26.5517
169.2,2,2,23,6,11,-77.2451,-27.011
169.2,3,1,23,6,12,-76.7879,-27.666
169.2,4,0,23,6,12,-76.3354,-27.9869
169.2,5,0,23,6,11,-76.802,-26.6343
169.2,6,1,23,6,11,-76.0357,-26.6597
169.2,7,2,23,6,11,-76.6992,-28.0363
169.2,8,2,23,6,11,-75.7513,-28.5328
169.2,9,1,23,6,9,-77.2279,-27.2156
169.2,10,0,23,6,9,-75.2182,-28.0529
169.2,11,0,23,6,6,-77.6451,-26.3993
169.2,12,1,23,6,6,-73.8759,-26.9517
169.2,13,2,23,6,5,-78.0013,-26.5286
169.2,14,2,23,6,5,-71.8018,-26.5965
169.3,0,1,23,6,10,-77.1492,-26.7111
169.3,1,0,23,6,11,-77.3574,-26.5599
169.3,2,2,23,6,11,-77.2616,-27.0051
169.3,3,1,23,6,12,-76.7885,-27.6646
169.3,4,0,23,6,12,-76.3581,-27.9817
169.3,5,0,23,6,11,-76.8244,-26.6521
169.3,6,1,23,6,11,-76.0586,-26.6535
169.3,7,2,23,6,10,-76.7258,-26.2833
169.3,8,2,23,6,10,-75.7857,-26.9787
169.3,9,1,23,6,9,-77.2481,-27.2181
169.3,10,0,23,6,9,-75.2707,-28.0455
169.3,11,0,23,6,6,-77.6826,-26.4215
169.3,12,1,23,6,6,-73.9514,-26.9519
169.3,13,2,23,6,5,-77.9624,-26.4706
169.3,14,2,23,6,5,-71.9043,-26.5939
169.4,0,1,23,6,10,-77.1639,-26.7009
169.4,1,0,23,6,11,-77.3709,-26.5694
169.4,2,2,23,6,11,-77.2787,-26.9958
169.4,3,1,23,6,12,-76.7892,-27.6637
169.4,4,0,23,6,12,-76.381,-27.9737
169.4,5,0,23,6,11,-76.8445,-26.6689
169.4,6,1,23,6,11,-76.0814,-26.6491
169.4,7,2,23,6,10,-76.7545,-26.2906
169.4,8,2,23,6,10,-75.8198,-26.9733
169.4,9,1,23,6,9,-77.2718,-27.224
169.4,10,0,23,6,9,-75.3225,-28.0359
169.4,11,0,23,6,6,-77.7211,-26.4453
169.4,12,1,23,6,6,-74.0264,-26.952
169.4,13,2,23,6,5,-77.9215,-26.4088
169.4,14,2,23,6,5,-72.0066,-26.5912
169.5,0,1,23,6,10,-77.1797,-26.6876
169.5,1,0,23,6,11,-77.386,-26.5786
169.5,2,2,23,6,11,-77.297,-26.9834
169.5,3,1,23,6,12,-76.7908,-27.6624
169.5,4,0,23,6,12,-76.4038,-27.9624
169.5,5,0,23,6,11,-76.8636,-26.6833
169.5,6,1,23,6,11,-76.104,-26.6464
169.5,7,2,23,6,10,-76.7847,-26.2988
169.5,8,2,23,6,10,-75.8537,-26.9668
169.5,9,1,23,6,9,-77.2982,-27.2325
169.5,10,0,23,6,9,-75.3741,-28.0247
169.5,11,0,23,6,6,-77.7605,-26.472
169.5,12,1,23,6,6,-74.101,-26.9532
169.5,13,2,23,6,5,-77.8874,-26.3518
169.5,14,2,23,6,5,-72.1083,-26.5884
169.6,0,2,23,6,10,-77.1968,-26.6731
169.6,1,0,23,6,11,-77.4028,-26.5882
169.6,2,1,23,6,11,-77.3163,-26.9696
169.6,3,1,23,6,12,-76.7934,-27.6615
169.6,4,0,23,6,12,-76.4266,-27.9499
169.6,5,2,23,6,11,-76.8817,-26.6956
169.6,6,2,23,6,11,-76.1267,-26.6452
169.6,7,0,23,6,10,-76.8166,-26.3092
169.6,8,1,23,6,10,-75.8876,-26.9585
169.6,9,1,23,6,9,-77.3275,-27.2438
169.6,10,0,23,6,9,-75.4254,-28.0125
169.6,11,2,23,6,6,-77.8006,-26.5002
169.6,12,2,23,6,6,-74.1751,-26.9533
169.6,13,0,23,6,5,-77.8612,-26.3005
169.6,14,1,23,6,5,-72.2096,-26.5852
169.7,0,2,23,6,10,-77.2148,-26.6562
169.7,1,0,23,6,11,-77.4207,-26.598
169.7,2,1,23,6,11,-77.3362,-26.9533
169.7,3,1,23,6,12,-76.7968,-27.6604
169.7,4,0,23,6,12,-76.4494,-27.9351
169.7,5,2,23,6,11,-76.8988,-26.706
169.7,6,2,23,6,11,-76.1492,-26.6459
169.7,7,0,23,6,10,-76.8496,-26.3203
169.7,8,1,23,6,10,-75.9211,-26.9501
169.7,9,1,23,6,9,-77.3593,-27.258
169.7,10,0,23,6,9,-75.4762,-27.999
169.7,11,2,23,6,6,-77.8411,-26.5297
169.7,12,2,23,6,6,-74.2486,-26.9539
169.7,13,0,23,6,5,-77.8419,-26.2536
169.7,14,1,23,6,5,-72.3105,-26.5824
169.8,0,2,23,6,10,-77.2339,-26.6387
169.8,1,0,23,6,11,-77.4402,-26.608
169.8,2,1,23,6,11,-77.3568,-26.9362
169.8,3,1,23,6,12,-76.8012,-27.6595
169.8,4,0,23,6,12,-76.472,-27.9195
169.8,5,2,23,6,11,-76.9149,-26.715
169.8,6,2,23,6,11,-76.1714,-26.6468
169.8,7,0,23,6,10,-76.8835,-26.3329
169.8,8,1,23,6,10,-75.9545,-26.941
169.8,9,1,23,6,9,-77.3936,-27.2743
169.8,10,0,23,6,9,-75.5268,-27.9862
169.8,11,2,23,6,6,-77.8818,-26.5607
169.8,12,2,23,6,6,-74.3217,-26.9537
169.8,13,0,23,6,5,-77.8304,-26.215
169.8,14,1,23,6,5,-72.4111,-26.5793
169.9,0,2,23,6,10,-77.2534,-26.6202
169.9,1,0,23,6,11,-77.4607,-26.6182
169.9,2,1,23,6,11,-77.3779,-26.9178
169.9,3,1,23,6,12,-76.8066,-27.6592
169.9,4,0,23,6,12,-76.4943,-27.9027
169.9,5,2,23,6,11,-76.9297,-26.7214
169.9,6,2,23,6,11,-76.1936,-26.6493
169.9,7,0,23,6,10,-76.9181,-26.3457
169.9,8,1,23,6,10,-75.9876,-26.9336
169.9,9,1,23,6,9,-77.4295,-27.2931
169.9,10,0,23,6,9,-75.5767,-27.9745
169.9,11,2,23,6,6,-77.9223,-26.5923
169.9,12,2,23,6,6,-74.3939,-26.9545
169.9,13,0,23,6,5,-77.8265,-26.1845
169.9,14,1,23,6,5,-72.5107,-26.5768
170,0,2,23,6,10,-77.2739,-26.6012
170,1,0,23,6,11,-77.4821,-26.628
170,2,1,23,6,11,-77.3996,-26.8987
170,3,1,23,6,12,-76.8128,-27.6584
170,4,0,23,6,12,-76.5165,-27.8852
170,5,2,23,6,11,-76.9437,-26.727
170,6,2,23,6,11,-76.2155,-26.6526
170,7,0,23,6,10,-76.9532,-26.36
170,8,1,23,6,10,-76.0204,-26.9248
170,9,1,23,6,9,-77.467,-27.3134
170,10,0,23,6,9,-75.6261,-27.9617
170,11,2,23,6,6,-77.9627,-26.6239
170,12,2,23,6,6,-74.4657,-26.9545
170,13,0,23,6,5,-77.8298,-26.1599
170,14,1,23,6,5,-72.6096,-26.5735
170.1,0,2,23,6,10,-77.2947,-26.5822
170.1,1,0,23,6,11,-77.5044,-26.6371
170.1,2,1,23,6,11,-77.4217,-26.8797
170.1,3,1,23,6,12,-76.8199,-27.6574
170.1,4,0,23,6,12,-76.5377,-27.8675
170.1,5,2,23,6,11,-76.9556,-26.7283
170.1,6,2,23,6,11,-76.2369,-26.6523
170.1,7,0,23,6,10,-76.9885,-26.3751
170.1,8,1,23,6,10,-76.0523,-26.9114
170.1,9,1,23,6,9,-77.5057,-27.3359
170.1,10,0,23,6,9,-75.6746,-27.9512
170.1,11,2,23,6,6,-78.0028,-26.6565
170.1,12,2,23,6,6,-74.5364,-26.9552
170.1,13,0,23,6,5,-77.8408,-26.1448
170.1,14,1,23,6,5,-72.7076,-26.5709
170.2,0,2,23,6,10,-77.316,-26.5635
170.2,1,0,23,6,11,-77.5273,-26.6463
170.2,2,1,23,6,11,-77.4441,-26.8608
170.2,3,1,23,6,12,-76.8277,-27.6564
170.2,4,0,23,6,12,-76.5568,-27.8496
170.2,5,2,23,6,11,-76.9635,-26.7232
170.2,6,2,23,6,11,-76.257,-26.6498
170.2,7,0,23,6,10,-77.0238,-26.3908
170.2,8,1,23,6,10,-76.0836,-26.8916
170.2,9,1,23,6,9,-77.545,-27.3596
170.2,10,0,23,6,9,-75.7223,-27.9423
170.2,11,2,23,6,6,-78.0421,-26.689
170.2,12,2,23,6,6,-74.6058,-26.9551
170.2,13,0,23,6,5,-77.8591,-26.1386
170.2,14,1,23,6,5,-72.8045,-26.5682
170.3,0,2,23,6,10,-77.3374,-26.5456
170.3,1,0,23,6,11,-77.5508,-26.6551
170.3,2,1,23,6,11,-77.4665,-26.8425
170.3,3,1,23,6,12,-76.8365,-27.6558
170.3,4,0,23,6,12,-76.5758,-27.8322
170.3,5,2,23,6,11,-76.9717,-26.7189
170.3,6,2,23,6,11,-76.2771,-26.6444
170.3,7,0,23,6,10,-77.059,-26.407
170.3,8,1,23,6,10,-76.1142,-26.8716
170.3,9,1,23,6,9,-77.5851,-27.3848
170.3,10,0,23,6,9,-75.7691,-27.935
170.3,11,2,23,6,6,-78.0805,-26.7207
170.3,12,2,23,6,6,-74.6743,-26.9555
170.3,13,0,23,6,5,-77.8847,-26.1406
170.3,14,1,23,6,5,-72.9001,-26.5656
170.4,0,2,23,6,10,-77.3588,-26.5272
170.4,1,0,23,6,11,-77.5745,-26.6637
170.4,2,1,23,6,11,-77.4888,-26.8237
170.4,3,1,23,6,12,-76.8459,-27.6554
170.4,4,0,23,6,12,-76.5944,-27.8141
170.4,5,2,23,6,11,-76.9803,-26.7141
170.4,6,2,23,6,11,-76.2968,-26.6368
170.4,7,0,23,6,10,-77.0936,-26.4234
170.4,8,1,23,6,10,-76.1443,-26.8516
170.4,9,1,23,6,9,-77.6251,-27.4114
170.4,10,0,23,6,9,-75.8149,-27.9295
170.4,11,2,23,6,6,-78.1181,-26.7522
170.4,12,2,23,6,6,-74.7418,-26.9557
170.4,13,0,23,6,5,-77.917,-26.1514
170.4,14,1,23,6,5,-72.9942,-26.5636
170.5,0,2,23,6,10,-77.3801,-26.5097
170.5,1,0,23,6,11,-77.5983,-26.6712
170.5,2,1,23,6,11,-77.5109,-26.8057
170.5,3,1,23,6,12,-76.8558,-27.6543
170.5,4,0,23,6,12,-76.6126,-27.7965
170.5,5,2,23,6,11,-76.9887,-26.7103
170.5,6,2,23,6,11,-76.3162,-26.627
170.5,7,0,23,6,10,-77.1276,-26.4408
170.5,8,1,23,6,10,-76.1738,-26.8319
170.5,9,1,23,6,9,-77.6654,-27.4387
170.5,10,0,23,6,9,-75.8599,-27.9248
170.5,11,2,23,6,6,-78.1545,-26.7832
170.5,12,2,23,6,6,-74.8077,-26.9556
170.5,13,0,23,6,5,-77.9512,-26.166
170.5,14,1,23,6,5,-73.0869,-26.5613
170.6,0,2,23,6,10,-77.4011,-26.4926
170.6,1,0,23,6,11,-77.6218,-26.6787
170.6,2,1,23,6,11,-77.5326,-26.7878
170.6,3,1,23,6,12,-76.8656,-27.6536
170.6,4,0,23,6,12,-76.6304,-27.7789
170.6,5,2,23,6,11,-76.9968,-26.7066
170.6,6,2,23,6,11,-76.3351,-26.6151
170.6,7,0,23,6,10,-77.1608,-26.4581
170.6,8,1,23,6,10,-76.2022,-26.8129
170.6,9,1,23,6,9,-77.7053,-27.4671
170.6,10,0,23,6,9,-75.9037,-27.9212
170.6,11,2,23,6,6,-78.1896,-26.8129
170.6,12,2,23,6,6,-74.8722,-26.9553
170.6,13,0,23,6,5,-77.9868,-26.1841
170.6,14,1,23,6,5,-73.1775,-26.5597
170.7,0,2,23,6,10,-77.4215,-26.4755
170.7,1,0,23,6,11,-77.6449,-26.6853
170.7,2,1,23,6,11,-77.5537,-26.77
170.7,3,1,23,6,12,-76.8757,-27.6528
170.7,4,0,23,6,12,-76.6476,-27.7612
170.7,5,2,23,6,11,-77.0048,-26.7035
170.7,6,2,23,6,11,-76.3534,-26.6019
170.7,7,0,23,6,10,-77.193,-26.4753
170.7,8,1,23,6,10,-76.2299,-26.7936
170.7,9,1,23,6,9,-77.7447,-27.4956
170.7,10,0,23,6,9,-75.9462,-27.9176
170.7,11,2,23,6,6,-78.2235,-26.842
170.7,12,2,23,6,6,-74.9351,-26.955
170.7,13,0,23,6,5,-78.0242,-26.2047
170.7,14,1,23,6,5,-73.2664,-26.558
170.8,0,2,23,6,10,-77.4414,-26.4592
170.8,1,0,23,6,11,-77.6676,-26.6909
170.8,2,1,23,6,11,-77.5742,-26.7527
170.8,3,1,23,6,12,-76.8859,-27.6515
170.8,4,0,23,6,12,-76.6642,-27.7439
170.8,5,2,23,6,11,-77.0124,-26.7007
170.8,6,2,23,6,11,-76.3713,-26.5871
170.8,7,0,23,6,10,-77.2241,-26.4931
170.8,8,1,23,6,10,-76.2568,-26.7745
170.8,9,1,23,6,9,-77.7834,-27.5244
170.8,10,0,23,6,9,-75.9875,-27.9148
170.8,11,2,23,6,6,-78.2558,-26.8698
170.8,12,2,23,6,6,-74.9963,-26.9546
170.8,13,0,23,6,5,-78.0635,-26.2282
170.8,14,1,23,6,5,-73.3532,-26.5566
170.9,0,2,23,6,10,-77.4606,-26.4434
170.9,1,0,23,6,11,-77.6897,-26.6965
170.9,2,1,23,6,11,-77.5941,-26.736
170.9,3,1,23,6,12,-76.8961,-27.6506
170.9,4,0,23,6,12,-76.6802,-27.7269
170.9,5,2,23,6,11,-77.0198,-26.6987
170.9,6,2,23,6,11,-76.3885,-26.5728
170.9,7,0,23,6,10,-77.254,-26.5107
170.9,8,1,23,6,10,-76.2825,-26.7571
170.9,9,1,23,6,9,-77.8211,-27.5531
170.9,10,0,23,6,9,-76.0275,-27.9125
170.9,11,2,23,6,6,-78.2865,-26.8963
170.9,12,2,23,6,6,-75.0559,-26.9542
170.9,13,0,23,6,5,-78.1034,-26.2541
170.9,14,1,23,6,5,-73.4378,-26.5548
171,0,2,23,6,10,-77.4791,-26.434
171,1,0,23,6,11,-77.711,-26.7008
171,2,1,23,6,11,-77.6131,-26.7196
171,3,1,23,6,12,-76.9062,-27.6493
171,4,0,23,6,12,-76.6957,-27.7102
171,5,2,23,6,11,-77.027,-26.6968
171,6,2,23,6,11,-76.4051,-26.5633
171,7,0,23,6,10,-77.2825,-26.5279
171,8,1,23,6,10,-76.3073,-26.7477
171,9,1,23,6,9,-77.8578,-27.5822
171,10,0,23,6,9,-76.0661,-27.9118
171,11,2,23,6,6,-78.3156,-26.9212
171,12,2,23,6,6,-75.1136,-26.9538
171,13,0,23,6,5,-78.1438,-26.2831
171,14,1,23,6,5,-73.5201,-26.5539
171.1,0,2,23,6,10,-77.4967,-26.4351
171.1,1,0,23,6,11,-77.7314,-26.7045
171.1,2,1,23,6,11,-77.6313,-26.7032
171.1,3,1,23,6,12,-76.9163,-27.6481
171.1,4,0,23,6,12,-76.7104,-27.6933
171.1,5,2,23,6,11,-77.0338,-26.6953
171.1,6,2,23,6,11,-76.4212,-26.5525
171.1,7,0,23,6,10,-77.3095,-26.545
171.1,8,1,23,6,10,-76.331,-26.7391
171.1,9,1,23,6,9,-77.893,-27.6109
171.1,10,0,23,6,9,-76.1032,-27.9124
171.1,11,2,23,6,6,-78.3431,-26.9447
171.1,12,2,23,6,6,-75.1693,-26.9533
171.1,13,0,23,6,5,-78.1841,-26.3142
171.1,14,1,23,6,5,-73.5999,-26.5532
171.2,0,2,23,6,10,-77.5135,-26.4357
171.2,1,0,23,6,11,-77.751,-26.7077
171.2,2,1,23,6,11,-77.6487,-26.6876
171.2,3,1,23,6,12,-76.9262,-27.6468
171.2,4,0,23,6,12,-76.7244,-27.677
171.2,5,2,23,6,11,-77.0404,-26.6944
171.2,6,2,23,6,11,-76.4364,-26.541
171.2,7,0,23,6,10,-77.3349,-26.5618
171.2,8,1,23,6,10,-76.3536,-26.7297
171.2,9,1,23,6,9,-77.9268,-27.6388
171.2,10,0,23,6,9,-76.1388,-27.913
171.2,11,2,23,6,6,-78.3687,-26.967
171.2,12,2,23,6,6,-75.223,-26.9523
171.2,13,0,23,6,5,-78.2244,-26.347
171.2,14,1,23,6,5,-73.6771,-26.5524
171.3,0,2,23,6,10,-77.5293,-26.4359
171.3,1,0,23,6,11,-77.7698,-26.7103
171.3,2,1,23,6,11,-77.6652,-26.6725
171.3,3,1,23,6,12,-76.936,-27.6456
171.3,4,0,23,6,12,-76.7371,-27.6611
171.3,5,2,23,6,11,-77.0449,-26.6903
171.3,6,2,23,6,11,-76.4508,-26.5283
171.3,7,0,23,6,10,-77.3588,-26.5781
171.3,8,1,23,6,10,-76.375,-26.7174
171.3,9,1,23,6,9,-77.9592,-27.6664
171.3,10,0,23,6,9,-76.1729,-27.9141
171.3,11,2,23,6,6,-78.3925,-26.9873
171.3,12,2,23,6,6,-75.2749,-26.9516
171.3,13,0,23,6,5,-78.2642,-26.3801
171.3,14,1,23,6,5,-73.7519,-26.5522
171.4,0,2,23,6,10,-77.544,-26.4356
171.4,1,0,23,6,11,-77.7862,-26.7122
171.4,2,1,23,6,11,-77.6805,-26.6719
171.4,3,1,23,6,12,-76.9454,-27.6445
171.4,4,0,23,6,12,-76.7479,-27.6598
171.4,5,2,23,6,11,-77.0464,-26.6832
171.4,6,2,23,6,11,-76.4638,-26.5152
171.4,7,0,23,6,10,-77.3811,-26.5941
171.4,8,1,23,6,10,-76.3949,-26.7017
171.4,9,1,23,6,9,-77.9897,-27.693
171.4,10,0,23,6,9,-76.2053,-27.9151
171.4,11,2,23,6,6,-78.4126,-26.9966
171.4,12,2,23,6,6,-75.3244,-26.9506
171.4,13,0,23,6,5,-78.3031,-26.4138
171.4,14,1,23,6,5,-73.8238,-26.552
171.5,0,2,23,6,10,-77.5573,-26.4344
171.5,1,0,23,6,11,-77.8015,-26.7131
171.5,2,1,23,6,11,-77.6945,-26.673
171.5,3,1,23,6,12,-76.9544,-27.6428
171.5,4,0,23,6,12,-76.7576,-27.6599
171.5,5,2,23,6,11,-77.0472,-26.6761
171.5,6,2,23,6,11,-76.4759,-26.5019
171.5,7,0,23,6,10,-77.4017,-26.6095
171.5,8,1,23,6,10,-76.4135,-26.6857
171.5,9,1,23,6,9,-78.0183,-27.7188
171.5,10,0,23,6,9,-76.236,-27.9153
171.5,11,2,23,6,6,-78.4292,-27.0033
171.5,12,2,23,6,6,-75.3719,-26.95
171.5,13,0,23,6,5,-78.3412,-26.447
171.5,14,1,23,6,5,-73.8929,-26.5521
171.6,0,2,23,6,10,-77.5695,-26.4326
171.6,1,0,23,6,11,-77.816,-26.7135
171.6,2,1,23,6,11,-77.7076,-26.6819
171.6,3,1,23,6,12,-76.9629,-27.6411
171.6,4,0,23,6,12,-76.7667,-27.6673
171.6,5,2,23,6,11,-77.0474,-26.6683
171.6,6,2,23,6,11,-76.4874,-26.4966
171.6,7,0,23,6,10,-77.4202,-26.624
171.6,8,1,23,6,10,-76.4309,-26.6698
171.6,9,1,23,6,9,-78.0452,-27.7434
171.6,10,0,23,6,9,-76.2652,-27.9147
171.6,11,2,23,6,6,-78.4451,-27.0093
171.6,12,2,23,6,6,-75.4172,-26.9492
171.6,13,0,23,6,5,-78.378,-26.4786
171.6,14,1,23,6,5,-73.9592,-26.5524
171.7,0,2,23,6,10,-77.5809,-26.4308
171.7,1,0,23,6,11,-77.8294,-26.7134
171.7,2,1,23,6,11,-77.7198,-26.6956
171.7,3,1,23,6,12,-76.9709,-27.6397
171.7,4,0,23,6,12,-76.775,-27.6793
171.7,5,2,23,6,11,-77.0471,-26.6606
171.7,6,2,23,6,11,-76.4981,-26.4955
171.7,7,0,23,6,10,-77.4372,-26.638
171.7,8,1,23,6,10,-76.4474,-26.653
171.7,9,1,23,6,9,-78.0703,-27.7672
171.7,10,0,23,6,9,-76.2929,-27.9132
171.7,11,2,23,6,6,-78.4599,-27.0154
171.7,12,2,23,6,6,-75.4606,-26.9485
171.7,13,0,23,6,5,-78.4137,-26.5094
171.7,14,1,23,6,5,-74.0229,-26.5529
171.8,0,2,23,6,10,-77.5913,-26.4283
171.8,1,0,23,6,11,-77.8418,-26.7126
171.8,2,1,23,6,11,-77.7311,-26.7075
171.8,3,1,23,6,12,-76.9785,-27.6381
171.8,4,0,23,6,12,-76.7826,-27.6896
171.8,5,2,23,6,11,-77.0462,-26.6532
171.8,6,2,23,6,11,-76.5082,-26.4938
171.8,7,0,23,6,10,-77.4526,-26.6515
171.8,8,1,23,6,10,-76.4629,-26.6363
171.8,9,1,23,6,9,-78.0932,-27.7899
171.8,10,0,23,6,9,-76.3191,-27.911
171.8,11,2,23,6,6,-78.4738,-27.0206
171.8,12,2,23,6,6,-75.5017,-26.9471
171.8,13,0,23,6,5,-78.4476,-26.5386
171.8,14,1,23,6,5,-74.0836,-26.5534
171.9,0,2,23,6,10,-77.6007,-26.4361
171.9,1,0,23,6,11,-77.8531,-26.7107
171.9,2,1,23,6,11,-77.7414,-26.7174
171.9,3,1,23,6,12,-76.9856,-27.636
171.9,4,0,23,6,12,-76.7897,-27.698
171.9,5,2,23,6,11,-77.045,-26.6457
171.9,6,2,23,6,11,-76.5177,-26.492
171.9,7,0,23,6,10,-77.4662,-26.6643
171.9,8,1,23,6,10,-76.4773,-26.6196
171.9,9,1,23,6,9,-78.1141,-27.8104
171.9,10,0,23,6,9,-76.3439,-27.9073
171.9,11,2,23,6,6,-78.4866,-27.0252
171.9,12,2,23,6,6,-75.5409,-26.9461
171.9,13,0,23,6,5,-78.4798,-26.5653
171.9,14,1,23,6,5,-74.1416,-26.5537
172,0,2,23,6,10,-77.6091,-26.4458
172,1,0,23,6,11,-77.8635,-26.7092
172,2,1,23,6,11,-77.7507,-26.7261
172,3,1,23,6,12,-76.9921,-27.6346
172,4,0,23,6,12,-76.796,-27.705
172,5,2,23,6,11,-77.0434,-26.6385
172,6,2,23,6,11,-76.5266,-26.4887
172,7,0,23,6,10,-77.4778,-26.6756
172,8,1,23,6,10,-76.4907,-26.6029
172,9,1,23,6,9,-78.133,-27.8301
172,10,0,23,6,9,-76.3672,-27.9031
172,11,2,23,6,6,-78.4981,-27.0299
172,12,2,23,6,6,-75.578,-26.9452
172,13,0,23,6,5,-78.5103,-26.5909
172,14,1,23,6,5,-74.1968,-26.5548
172.1,0,2,23,6,10,-77.6166,-26.4549
172.1,1,0,23,6,11,-77.8725,-26.7067
172.1,2,1,23,6,11,-77.7593,-26.7342
172.1,3,1,23,6,12,-76.9982,-27.6328
172.1,4,0,23,6,12,-76.8018,-27.7113
172.1,5,2,23,6,11,-77.0414,-26.631
172.1,6,2,23,6,11,-76.5348,-26.4855
172.1,7,0,23,6,10,-77.4881,-26.6867
172.1,8,1,23,6,10,-76.5031,-26.5866
172.1,9,1,23,6,9,-78.1498,-27.8489
172.1,10,0,23,6,9,-76.3892,-27.8979
172.1,11,2,23,6,6,-78.5087,-27.033
172.1,12,2,23,6,6,-75.6131,-26.9439
172.1,13,0,23,6,5,-78.539,-26.6137
172.1,14,1,23,6,5,-74.2492,-26.5563
172.2,0,2,23,6,10,-77.623,-26.4624
172.2,1,0,23,6,11,-77.8788,-26.7037
172.2,2,1,23,6,11,-77.7669,-26.7408
172.2,3,1,23,6,12,-77.0038,-27.6309
172.2,4,0,23,6,12,-76.807,-27.7165
172.2,5,2,23,6,11,-77.0391,-26.624
172.2,6,2,23,6,11,-76.5424,-26.4818
172.2,7,0,23,6,10,-77.4967,-26.6967
172.2,8,1,23,6,10,-76.5145,-26.5708
172.2,9,1,23,6,9,-78.1626,-27.8654
172.2,10,0,23,6,9,-76.4098,-27.8919
172.2,11,2,23,6,6,-78.5184,-27.0363
172.2,12,2,23,6,6,-75.6463,-26.9432
172.2,13,0,23,6,5,-78.5658,-26.6348
172.2,14,1,23,6,5,-74.299,-26.5571
172.3,0,2,23,6,10,-77.628,-26.4643
172.3,1,0,23,6,11,-77.8845,-26.7008
172.3,2,1,23,6,11,-77.7731,-26.7421
172.3,3,1,23,6,12,-77.0088,-27.6292
172.3,4,0,23,6,12,-76.8114,-27.7171
172.3,5,2,23,6,11,-77.0367,-26.6176
172.3,6,2,23,6,11,-76.5493,-26.4785
172.3,7,0,23,6,10,-77.5035,-26.706
172.3,8,1,23,6,10,-76.5251,-26.5566
172.3,9,1,23,6,9,-78.1727,-27.8786
172.3,10,0,23,6,9,-76.429,-27.8849
172.3,11,2,23,6,6,-78.5269,-27.0388
172.3,12,2,23,6,6,-75.6775,-26.942
172.3,13,0,23,6,5,-78.5905,-26.6537
172.3,14,1,23,6,5,-74.3459,-26.5586
172.4,0,2,23,6,10,-77.6317,-26.4612
172.4,1,0,23,6,11,-77.8894,-26.6972
172.4,2,1,23,6,11,-77.7782,-26.7391
172.4,3,1,23,6,12,-77.0134,-27.6275
172.4,4,0,23,6,12,-76.8152,-27.7137
172.4,5,2,23,6,11,-77.0341,-26.6113
172.4,6,2,23,6,11,-76.5558,-26.4758
172.4,7,0,23,6,10,-77.5087,-26.7147
172.4,8,1,23,6,10,-76.5347,-26.5451
172.4,9,1,23,6,9,-78.1804,-27.8887
172.4,10,0,23,6,9,-76.447,-27.878
172.4,11,2,23,6,6,-78.534,-27.0405
172.4,12,2,23,6,6,-75.707,-26.9406
172.4,13,0,23,6,5,-78.6131,-26.6701
172.4,14,1,23,6,5,-74.3904,-26.56
172.5,0,2,23,6,10,-77.6346,-26.4562
172.5,1,0,23,6,11,-77.8937,-26.6931
172.5,2,1,23,6,11,-77.7827,-26.7346
172.5,3,1,23,6,12,-77.0174,-27.6256
172.5,4,0,23,6,12,-76.8186,-27.7092
172.5,5,2,23,6,11,-77.0314,-26.605
172.5,6,2,23,6,11,-76.5617,-26.4734
172.5,7,0,23,6,10,-77.5124,-26.7222
172.5,8,1,23,6,10,-76.5436,-26.5351
172.5,9,1,23,6,9,-78.1876,-27.8986
172.5,10,0,23,6,9,-76.4637,-27.87
172.5,11,2,23,6,6,-78.5404,-27.0421
172.5,12,2,23,6,6,-75.7345,-26.9399
172.5,13,0,23,6,5,-78.6338,-26.6844
172.5,14,1,23,6,5,-74.4321,-26.5612
172.6,0,2,23,6,10,-77.6367,-26.4504
172.6,1,0,23,6,11,-77.8975,-26.6889
172.6,2,1,23,6,11,-77.7864,-26.7296
172.6,3,1,23,6,12,-77.021,-27.6237
172.6,4,0,23,6,12,-76.8218,-27.7049
172.6,5,2,23,6,11,-77.0288,-26.5995
172.6,6,2,23,6,11,-76.5673,-26.4719
172.6,7,0,23,6,10,-77.5146,-26.7292
172.6,8,1,23,6,10,-76.5518,-26.5271
172.6,9,1,23,6,9,-78.1944,-27.9093
172.6,10,0,23,6,9,-76.4794,-27.8618
172.6,11,2,23,6,6,-78.5455,-27.0431
172.6,12,2,23,6,6,-75.7604,-26.9387
172.6,13,0,23,6,5,-78.6524,-26.6964
172.6,14,1,23,6,5,-74.4715,-26.5628
172.7,0,2,23,6,10,-77.6381,-26.4427
172.7,1,0,23,6,11,-77.9006,-26.6844
172.7,2,1,23,6,11,-77.7895,-26.7231
172.7,3,1,23,6,12,-77.0242,-27.6218
172.7,4,0,23,6,12,-76.8244,-27.6993
172.7,5,2,23,6,11,-77.0249,-26.5939
172.7,6,2,23,6,11,-76.5725,-26.4703
172.7,7,0,23,6,10,-77.5154,-26.7353
172.7,8,1,23,6,10,-76.5594,-26.5213
172.7,9,1,23,6,9,-78.2007,-27.9199
172.7,10,0,23,6,9,-76.4939,-27.8534
172.7,11,2,23,6,6,-78.5497,-27.0434
172.7,12,2,23,6,6,-75.7846,-26.9376
172.7,13,0,23,6,5,-78.6678,-26.7067
172.7,14,1,23,6,5,-74.5083,-26.5643
172.8,0,2,23,6,10,-77.6384,-26.435
172.8,1,0,23,6,11,-77.9025,-26.68
172.8,2,1,23,6,11,-77.7916,-26.7169
172.8,3,1,23,6,12,-77.0271,-27.6202
172.8,4,0,23,6,12,-76.8266,-27.6945
172.8,5,2,23,6,11,-77.021,-26.589
172.8,6,2,23,6,11,-76.5772,-26.4706
172.8,7,0,23,6,10,-77.515,-26.7406
172.8,8,1,23,6,10,-76.5663,-26.5162
172.8,9,1,23,6,9,-78.2063,-27.93
172.8,10,0,23,6,9,-76.5075,-27.8448
172.8,11,2,23,6,6,-78.5507,-27.0437
172.8,12,2,23,6,6,-75.8072,-26.9363
172.8,13,0,23,6,5,-78.6798,-26.7146
172.8,14,1,23,6,5,-74.543,-26.5657
172.9,0,2,23,6,10,-77.6379,-26.4279
172.9,1,0,23,6,11,-77.9035,-26.6754
172.9,2,1,23,6,11,-77.7929,-26.7117
172.9,3,1,23,6,12,-77.0295,-27.6187
172.9,4,0,23,6,12,-76.8282,-27.6909
172.9,5,2,23,6,11,-77.0174,-26.5845
172.9,6,2,23,6,11,-76.5813,-26.4756
172.9,7,0,23,6,10,-77.5137,-26.7448
172.9,8,1,23,6,10,-76.5723,-26.5158
172.9,9,1,23,6,9,-78.2114,-27.9403
172.9,10,0,23,6,9,-76.5199,-27.836
172.9,11,2,23,6,6,-78.5502,-27.0413
172.9,12,2,23,6,6,-75.8282,-26.9355
172.9,13,0,23,6,5,-78.6884,-26.7206
172.9,14,1,23,6,5,-74.5753,-26.5675
173,0,2,23,6,10,-77.637,-26.4204
173,1,0,23,6,11,-77.9036,-26.6705
173,2,1,23,6,11,-77.7937,-26.7061
173,3,1,23,6,12,-77.0315,-27.6169
173,4,0,23,6,12,-76.8295,-27.6871
173,5,2,23,6,11,-77.014,-26.5803
173,6,2,23,6,11,-76.5852,-26.4818
173,7,0,23,6,10,-77.5114,-26.7482
173,8,1,23,6,10,-76.5779,-26.5166
173,9,1,23,6,9,-78.2159,-27.9499
173,10,0,23,6,9,-76.5313,-27.8269
173,11,2,23,6,6,-78.5478,-27.0327
173,12,2,23,6,6,-75.8477,-26.9345
173,13,0,23,6,5,-78.695,-26.7212
173,14,1,23,6,5,-74.6054,-26.5687
173.1,0,2,23,6,10,-77.6358,-26.4125
173.1,1,0,23,6,11,-77.9033,-26.6659
173.1,2,1,23,6,11,-77.7942,-26.7004
173.1,3,1,23,6,12,-77.0325,-27.6156
173.1,4,0,23,6,12,-76.8308,-27.6835
173.1,5,2,23,6,11,-77.0109,-26.5766
173.1,6,2,23,6,11,-76.5886,-26.4884
173.1,7,0,23,6,10,-77.5082,-26.7501
173.1,8,1,23,6,10,-76.583,-26.5187
173.1,9,1,23,6,9,-78.2197,-27.9589
173.1,10,0,23,6,9,-76.542,-27.8182
173.1,11,2,23,6,6,-78.5444,-27.0235
173.1,12,2,23,6,6,-75.866,-26.9338
173.1,13,0,23,6,5,-78.6999,-26.7133
173.1,14,1,23,6,5,-74.6336,-26.5701
173.2,0,2,23,6,10,-77.6342,-26.4044
173.2,1,0,23,6,11,-77.9026,-26.6611
173.2,2,1,23,6,11,-77.7943,-26.6944
173.2,3,1,23,6,12,-77.0333,-27.614
173.2,4,0,23,6,12,-76.8318,-27.6803
173.2,5,2,23,6,11,-77.0081,-26.5732
173.2,6,2,23,6,11,-76.5919,-26.4959
173.2,7,0,23,6,10,-77.5043,-26.7518
173.2,8,1,23,6,10,-76.5876,-26.5215
173.2,9,1,23,6,9,-78.2229,-27.9675
173.2,10,0,23,6,9,-76.5519,-27.8094
173.2,11,2,23,6,6,-78.5402,-27.0142
173.2,12,2,23,6,6,-75.8829,-26.9329
173.2,13,0,23,6,5,-78.7042,-26.7052
173.2,14,1,23,6,5,-74.6596,-26.5714
