# ==========================================
# v3.1 轨迹 | v_formation | dt=0.1
# 0,0,30 -> 0,500,30
# time(s),nodeId,x(m),y(m),z(m)
# ==========================================
0.000,0,0.000,0.470,30.000
0.000,1,-12.000,-11.530,30.000
0.000,2,12.000,-11.530,30.000
0.000,3,-24.000,-23.530,30.000
0.000,4,24.000,-23.530,30.000
0.000,5,-36.000,-35.530,30.000
0.000,6,36.000,-35.530,30.000
0.000,7,-48.000,-47.530,30.000
0.000,8,48.000,-47.530,30.000
0.000,9,-60.000,-59.530,30.000
0.000,10,60.000,-59.530,30.000
0.000,11,-72.000,-71.530,30.000
0.000,12,72.000,-71.530,30.000
0.000,13,-84.000,-83.530,30.000
0.000,14,84.000,-83.530,30.000
0.100,0,0.001,0.961,30.001
0.100,1,-12.000,-11.038,30.001
0.100,2,12.000,-11.039,30.001
0.100,3,-24.000,-23.038,30.001
0.100,4,24.000,-23.040,30.001
0.100,5,-36.001,-35.037,30.001
0.100,6,35.999,-35.040,30.001
0.100,7,-48.001,-47.037,30.001
0.100,8,47.999,-47.041,30.001
0.100,9,-60.002,-59.036,30.001
0.100,10,59.998,-59.041,30.001
0.100,11,-72.002,-71.036,30.001
0.100,12,71.998,-71.042,30.001
0.100,13,-84.003,-83.035,30.001
0.100,14,83.997,-83.042,30.001
0.200,0,0.002,1.477,30.001
0.200,1,-12.000,-10.521,30.001
0.200,2,12.000,-10.524,30.001
0.200,3,-24.001,-22.520,30.001
0.200,4,23.999,-22.526,30.001
0.200,5,-36.002,-34.518,30.001
0.200,6,35.998,-34.527,30.001
0.200,7,-48.004,-46.517,30.001
0.200,8,47.996,-46.529,30.001
0.200,9,-60.005,-58.515,30.001
0.200,10,59.995,-58.530,30.001
0.200,11,-72.006,-70.514,30.001
0.200,12,71.994,-70.532,30.001
0.200,13,-84.008,-82.513,30.001
0.200,14,83.992,-82.533,30.001
0.300,0,0.003,2.019,30.002
0.300,1,-12.000,-9.978,30.002
0.300,2,12.000,-9.984,30.002
0.300,3,-24.002,-21.975,30.002
0.300,4,23.998,-21.987,30.002
0.300,5,-36.005,-33.972,30.002
0.300,6,35.995,-33.989,30.002
0.300,7,-48.007,-45.969,30.002
0.300,8,47.993,-45.992,30.002
0.300,9,-60.010,-57.966,30.002
0.300,10,59.990,-57.995,30.002
0.300,11,-72.013,-69.964,30.002
0.300,12,71.987,-69.998,30.002
0.300,13,-84.015,-81.961,30.002
0.300,14,83.985,-82.001,30.002
0.400,0,0.005,2.589,30.004
0.400,1,-12.000,-9.407,30.004
0.400,2,12.000,-9.416,30.004
0.400,3,-24.004,-21.402,30.004
0.400,4,23.996,-21.421,30.004
0.400,5,-36.008,-33.397,30.004
0.400,6,35.992,-33.425,30.004
0.400,7,-48.012,-45.393,30.004
0.400,8,47.988,-45.430,30.004
0.400,9,-60.016,-57.388,30.004
0.400,10,59.984,-57.435,30.004
0.400,11,-72.020,-69.383,30.004
0.400,12,71.979,-69.439,30.004
0.400,13,-84.025,-81.379,30.004
0.400,14,83.975,-81.444,30.004
0.500,0,0.007,3.187,30.005
0.500,1,-11.999,-8.806,30.005
0.500,2,12.001,-8.820,30.005
0.500,3,-24.005,-20.799,30.005
0.500,4,23.995,-20.826,30.005
0.500,5,-36.011,-32.792,30.005
0.500,6,35.989,-32.833,30.005
0.500,7,-48.017,-44.786,30.005
0.500,8,47.982,-44.840,30.005
0.500,9,-60.023,-56.779,30.005
0.500,10,59.976,-56.847,30.005
0.500,11,-72.029,-68.772,30.005
0.500,12,71.970,-68.854,30.005
0.500,13,-84.035,-80.765,30.005
0.500,14,83.964,-80.860,30.005
0.600,0,0.009,3.815,30.007
0.600,1,-11.999,-8.176,30.007
0.600,2,12.001,-8.194,30.007
0.600,3,-24.007,-20.166,30.007
0.600,4,23.993,-20.203,30.007
0.600,5,-36.015,-32.157,30.007
0.600,6,35.985,-32.213,30.007
0.600,7,-48.023,-44.148,30.007
0.600,8,47.977,-44.222,30.007
0.600,9,-60.031,-56.138,30.007
0.600,10,59.968,-56.231,30.007
0.600,11,-72.039,-68.129,30.007
0.600,12,71.960,-68.240,30.007
0.600,13,-84.047,-80.120,30.007
0.600,14,83.952,-80.250,30.007
0.700,0,0.012,4.473,30.009
0.700,1,-11.999,-7.515,30.009
0.700,2,12.001,-7.539,30.009
0.700,3,-24.009,-19.502,30.009
0.700,4,23.991,-19.551,30.009
0.700,5,-36.019,-31.490,30.009
0.700,6,35.981,-31.563,30.009
0.700,7,-48.030,-43.478,30.009
0.700,8,47.970,-43.575,30.009
0.700,9,-60.040,-55.466,30.009
0.700,10,59.960,-55.587,30.009
0.700,11,-72.050,-67.454,30.009
0.700,12,71.950,-67.599,30.009
0.700,13,-84.060,-79.442,30.009
0.700,14,83.939,-79.611,30.009
0.800,0,0.014,5.162,30.012
0.800,1,-11.998,-6.823,30.012
0.800,2,12.002,-6.853,30.012
0.800,3,-24.011,-18.808,30.012
0.800,4,23.989,-18.868,30.012
0.800,5,-36.023,-30.793,30.012
0.800,6,35.976,-30.883,30.012
0.800,7,-48.036,-42.778,30.012
0.800,8,47.964,-42.898,30.012
0.800,9,-60.049,-54.762,30.012
0.800,10,59.951,-54.913,30.012
0.800,11,-72.061,-66.747,30.012
0.800,12,71.938,-66.928,30.012
0.800,13,-84.074,-78.732,30.012
0.800,14,83.925,-78.943,30.012
0.900,0,0.018,5.882,30.014
0.900,1,-11.997,-6.100,30.014
0.900,2,12.002,-6.137,30.014
0.900,3,-24.013,-18.082,30.014
0.900,4,23.987,-18.155,30.014
0.900,5,-36.028,-30.064,30.014
0.900,6,35.972,-30.173,30.014
0.900,7,-48.043,-42.045,30.014
0.900,8,47.957,-42.191,30.014
0.900,9,-60.058,-54.027,30.014
0.900,10,59.942,-54.209,30.014
0.900,11,-72.073,-66.009,30.014
0.900,12,71.926,-66.228,30.014
0.900,13,-84.088,-77.990,30.014
0.900,14,83.911,-78.246,30.014
1.000,0,0.021,6.631,30.017
1.000,1,-11.997,-5.347,30.017
1.000,2,12.003,-5.390,30.017
1.000,3,-24.014,-17.325,30.017
1.000,4,23.986,-17.412,30.017
1.000,5,-36.032,-29.304,30.017
1.000,6,35.968,-29.433,30.017
1.000,7,-48.050,-41.282,30.017
1.000,8,47.950,-41.455,30.017
1.000,9,-60.067,-53.260,30.017
1.000,10,59.932,-53.476,30.017
1.000,11,-72.085,-65.239,30.017
1.000,12,71.914,-65.498,30.017
1.000,13,-84.103,-77.217,30.017
1.000,14,83.896,-77.519,30.017
1.100,0,0.025,7.411,30.021
1.100,1,-11.995,-4.564,30.021
1.100,2,12.005,-4.614,30.021
1.100,3,-24.016,-16.539,30.021
1.100,4,23.984,-16.639,30.021
1.100,5,-36.036,-28.513,30.021
1.100,6,35.964,-28.664,30.021
1.100,7,-48.056,-40.488,30.021
1.100,8,47.943,-40.689,30.021
1.100,9,-60.077,-52.463,30.021
1.100,10,59.923,-52.714,30.021
1.100,11,-72.097,-64.438,30.021
1.100,12,71.902,-64.739,30.021
1.100,13,-84.117,-76.413,30.021
1.100,14,83.882,-76.764,30.021
1.200,0,0.029,8.220,30.024
1.200,1,-11.994,-3.751,30.024
1.200,2,12.006,-3.809,30.024
1.200,3,-24.017,-15.722,30.024
1.200,4,23.983,-15.837,30.024
1.200,5,-36.040,-27.694,30.024
1.200,6,35.960,-27.866,30.024
1.200,7,-48.063,-39.665,30.024
1.200,8,47.937,-39.894,30.024
1.200,9,-60.086,-51.636,30.024
1.200,10,59.913,-51.923,30.024
1.200,11,-72.109,-63.608,30.024
1.200,12,71.890,-63.952,30.024
1.200,13,-84.132,-75.579,30.024
1.200,14,83.867,-75.980,30.024
1.300,0,0.033,9.057,30.028
1.300,1,-11.992,-2.910,30.028
1.300,2,12.007,-2.975,30.028
1.300,3,-24.018,-14.878,30.028
1.300,4,23.982,-15.007,30.028
1.300,5,-36.043,-26.846,30.028
1.300,6,35.956,-27.040,30.028
1.300,7,-48.069,-38.813,30.028
1.300,8,47.930,-39.072,30.028
1.300,9,-60.095,-50.781,30.028
1.300,10,59.904,-51.104,30.028
1.300,11,-72.120,-62.749,30.028
1.300,12,71.879,-63.136,30.028
1.300,13,-84.146,-74.716,30.028
1.300,14,83.853,-75.169,30.028
1.400,0,0.038,9.922,30.032
1.400,1,-11.990,-2.042,30.032
1.400,2,12.009,-2.114,30.032
1.400,3,-24.019,-14.006,30.032
1.400,4,23.981,-14.150,30.032
1.400,5,-36.047,-25.970,30.032
1.400,6,35.953,-26.186,30.032
1.400,7,-48.075,-37.934,30.032
1.400,8,47.924,-38.222,30.032
1.400,9,-60.103,-49.898,30.032
1.400,10,59.896,-50.258,30.032
1.400,11,-72.131,-61.862,30.032
1.400,12,71.867,-62.294,30.032
1.400,13,-84.160,-73.826,30.032
1.400,14,83.839,-74.330,30.032
1.500,0,0.042,10.812,30.036
1.500,1,-11.988,-1.148,30.036
1.500,2,12.011,-1.227,30.036
1.500,3,-24.019,-13.109,30.036
1.500,4,23.980,-13.267,30.036
1.500,5,-36.050,-25.069,30.036
1.500,6,35.949,-25.307,30.036
1.500,7,-48.081,-37.029,30.036
1.500,8,47.918,-37.346,30.036
1.500,9,-60.111,-48.990,30.036
1.500,10,59.887,-49.386,30.036
1.500,11,-72.142,-60.950,30.036
1.500,12,71.856,-61.425,30.036
1.500,13,-84.173,-72.910,30.036
1.500,14,83.825,-73.465,30.036
1.600,0,0.047,11.727,30.041
1.600,1,-11.986,-0.230,30.041
1.600,2,12.014,-0.316,30.041
1.600,3,-24.019,-12.186,30.041
1.600,4,23.980,-12.359,30.041
1.600,5,-36.053,-24.143,30.041
1.600,6,35.947,-24.402,30.041
1.600,7,-48.086,-36.100,30.041
1.600,8,47.913,-36.446,30.041
1.600,9,-60.119,-48.056,30.041
1.600,10,59.880,-48.489,30.041
1.600,11,-72.152,-60.013,30.041
1.600,12,71.846,-60.532,30.041
1.600,13,-84.186,-71.970,30.041
1.600,14,83.813,-72.575,30.041
1.700,0,0.052,12.665,30.045
1.700,1,-11.983,0.712,30.045
1.700,2,12.016,0.618,30.045
1.700,3,-24.019,-11.241,30.045
1.700,4,23.980,-11.428,30.045
1.700,5,-36.055,-23.194,30.045
1.700,6,35.944,-23.475,30.045
1.700,7,-48.091,-35.148,30.045
1.700,8,47.908,-35.522,30.045
1.700,9,-60.126,-47.101,30.045
1.700,10,59.872,-47.569,30.045
1.700,11,-72.162,-59.054,30.045
1.700,12,71.836,-59.615,30.045
1.700,13,-84.198,-71.007,30.045
1.700,14,83.800,-71.662,30.045
1.800,0,0.057,13.625,30.050
1.800,1,-11.981,1.675,30.050
1.800,2,12.019,1.574,30.050
1.800,3,-24.019,-10.275,30.050
1.800,4,23.981,-10.476,30.050
1.800,5,-36.057,-22.225,30.050
1.800,6,35.942,-22.526,30.050
1.800,7,-48.095,-34.174,30.050
1.800,8,47.904,-34.576,30.050
1.800,9,-60.133,-46.124,30.050
1.800,10,59.865,-46.626,30.050
1.800,11,-72.171,-58.074,30.050
1.800,12,71.827,-58.676,30.050
1.800,13,-84.209,-70.023,30.050
1.800,14,83.789,-70.727,30.050
1.900,0,0.063,14.604,30.055
1.900,1,-11.978,2.657,30.055
1.900,2,12.022,2.550,30.055
1.900,3,-24.018,-9.289,30.055
1.900,4,23.981,-9.503,30.055
1.900,5,-36.058,-21.235,30.055
1.900,6,35.941,-21.557,30.055
1.900,7,-48.099,-33.182,30.055
1.900,8,47.900,-33.610,30.055
1.900,9,-60.139,-45.128,30.055
1.900,10,59.859,-45.664,30.055
1.900,11,-72.179,-57.075,30.055
1.900,12,71.819,-57.717,30.055
1.900,13,-84.220,-69.021,30.055
1.900,14,83.778,-69.771,30.055
2.000,0,0.068,15.601,30.060
2.000,1,-11.974,3.658,30.060
2.000,2,12.025,3.544,30.060
2.000,3,-24.017,-8.286,30.060
2.000,4,23.982,-8.513,30.060
2.000,5,-36.059,-20.229,30.060
2.000,6,35.940,-20.569,30.060
2.000,7,-48.102,-32.172,30.060
2.000,8,47.897,-32.626,30.060
2.000,9,-60.144,-44.115,30.060
2.000,10,59.854,-44.683,30.060
2.000,11,-72.187,-56.058,30.060
2.000,12,71.811,-56.739,30.060
2.000,13,-84.230,-68.001,30.060
2.000,14,83.768,-68.796,30.060
2.100,0,0.074,16.614,30.065
2.100,1,-11.971,4.674,30.065
2.100,2,12.029,4.554,30.065
2.100,3,-24.015,-7.266,30.065
2.100,4,23.984,-7.505,30.065
2.100,5,-36.060,-19.206,30.065
2.100,6,35.939,-19.565,30.065
2.100,7,-48.105,-31.147,30.065
2.100,8,47.894,-31.625,30.065
2.100,9,-60.149,-43.087,30.065
2.100,10,59.849,-43.685,30.065
2.100,11,-72.194,-55.027,30.065
2.100,12,71.804,-55.744,30.065
2.100,13,-84.239,-66.967,30.065
2.100,14,83.759,-67.804,30.065
2.200,0,0.079,17.641,30.071
2.200,1,-11.967,5.704,30.071
2.200,2,12.032,5.579,30.071
2.200,3,-24.014,-6.233,30.071
2.200,4,23.985,-6.484,30.071
2.200,5,-36.060,-18.170,30.071
2.200,6,35.938,-18.546,30.071
2.200,7,-48.107,-30.108,30.071
2.200,8,47.892,-30.609,30.071
2.200,9,-60.154,-42.045,30.071
2.200,10,59.845,-42.672,30.071
2.200,11,-72.200,-53.982,30.071
2.200,12,71.798,-54.734,30.071
2.200,13,-84.247,-65.919,30.071
2.200,14,83.751,-66.797,30.071
2.300,0,0.085,18.681,30.076
2.300,1,-11.963,6.747,30.076
2.300,2,12.036,6.616,30.076
2.300,3,-24.012,-5.188,30.076
2.300,4,23.987,-5.449,30.076
2.300,5,-36.060,-17.123,30.076
2.300,6,35.939,-17.515,30.076
2.300,7,-48.109,-29.057,30.076
2.300,8,47.890,-29.580,30.076
2.300,9,-60.157,-40.992,30.076
2.300,10,59.841,-41.645,30.076
2.300,11,-72.205,-52.926,30.076
2.300,12,71.792,-53.710,30.076
2.300,13,-84.254,-64.861,30.076
2.300,14,83.743,-65.776,30.076
2.400,0,0.091,19.731,30.082
2.400,1,-11.959,7.799,30.082
2.400,2,12.040,7.664,30.082
2.400,3,-24.009,-4.133,30.082
2.400,4,23.990,-4.404,30.082
2.400,5,-36.060,-16.065,30.082
2.400,6,35.939,-16.472,30.082
2.400,7,-48.110,-27.997,30.082
2.400,8,47.888,-28.540,30.082
2.400,9,-60.160,-39.929,30.082
2.400,10,59.838,-40.607,30.082
2.400,11,-72.210,-51.861,30.082
2.400,12,71.787,-52.675,30.082
2.400,13,-84.260,-63.793,30.082
2.400,14,83.737,-64.743,30.082
2.500,0,0.097,20.790,30.088
2.500,1,-11.955,8.861,30.088
2.500,2,12.044,8.720,30.088
2.500,3,-24.007,-3.069,30.088
2.500,4,23.992,-3.350,30.088
2.500,5,-36.059,-14.999,30.088
2.500,6,35.940,-15.420,30.088
2.500,7,-48.111,-26.929,30.088
2.500,8,47.888,-27.490,30.088
2.500,9,-60.162,-38.859,30.088
2.500,10,59.836,-39.560,30.088
2.500,11,-72.214,-50.789,30.088
2.500,12,71.783,-51.630,30.088
2.500,13,-84.266,-62.718,30.088
2.500,14,83.731,-63.700,30.088
2.600,0,0.102,21.856,30.093
2.600,1,-11.951,9.928,30.093
2.600,2,12.049,9.784,30.093
2.600,3,-24.004,-1.999,30.093
2.600,4,23.995,-2.288,30.093
2.600,5,-36.057,-13.927,30.093
2.600,6,35.941,-14.360,30.093
2.600,7,-48.111,-25.855,30.093
2.600,8,47.888,-26.432,30.093
2.600,9,-60.164,-37.783,30.093
2.600,10,59.834,-38.504,30.093
2.600,11,-72.217,-49.710,30.093
2.600,12,71.780,-50.576,30.093
2.600,13,-84.271,-61.638,30.093
2.600,14,83.726,-62.648,30.093
2.700,0,0.108,22.927,30.099
2.700,1,-11.946,11.001,30.099
2.700,2,12.053,10.853,30.099
2.700,3,-24.001,-0.925,30.099
2.700,4,23.998,-1.221,30.099
2.700,5,-36.056,-12.851,30.099
2.700,6,35.943,-13.295,30.099
2.700,7,-48.110,-24.777,30.099
2.700,8,47.888,-25.369,30.099
2.700,9,-60.165,-36.703,30.099
2.700,10,59.833,-37.443,30.099
2.700,11,-72.220,-48.629,30.099
2.700,12,71.777,-49.516,30.099
2.700,13,-84.274,-60.555,30.099
2.700,14,83.722,-61.590,30.099
2.800,0,0.114,24.001,30.105
2.800,1,-11.942,12.077,30.105
2.800,2,12.058,11.925,30.105
2.800,3,-23.998,0.152,30.105
2.800,4,24.001,-0.150,30.105
2.800,5,-36.054,-11.772,30.105
2.800,6,35.945,-12.226,30.105
2.800,7,-48.110,-23.696,30.105
2.800,8,47.888,-24.301,30.105
2.800,9,-60.166,-35.621,30.105
2.800,10,59.832,-36.377,30.105
2.800,11,-72.222,-47.545,30.105
2.800,12,71.776,-48.452,30.105
2.800,13,-84.277,-59.469,30.105
2.800,14,83.719,-60.528,30.105
2.900,0,0.120,25.077,30.111
2.900,1,-11.937,13.154,30.111
2.900,2,12.062,13.000,30.111
2.900,3,-23.994,1.231,30.111
2.900,4,24.005,0.923,30.111
2.900,5,-36.051,-10.692,30.111
2.900,6,35.947,-11.154,30.111
2.900,7,-48.108,-22.615,30.111
2.900,8,47.890,-23.231,30.111
2.900,9,-60.166,-34.538,30.111
2.900,10,59.832,-35.308,30.111
2.900,11,-72.223,-46.461,30.111
2.900,12,71.774,-47.385,30.111
2.900,13,-84.280,-58.384,30.111
2.900,14,83.717,-59.461,30.111
3.000,0,0.126,26.153,30.116
3.000,1,-11.932,14.231,30.116
3.000,2,12.067,14.075,30.116
3.000,3,-23.990,2.309,30.116
3.000,4,24.009,1.997,30.116
3.000,5,-36.049,-9.613,30.116
3.000,6,35.950,-10.081,30.116
3.000,7,-48.107,-21.534,30.116
3.000,8,47.891,-22.159,30.116
3.000,9,-60.165,-33.456,30.116
3.000,10,59.833,-34.238,30.116
3.000,11,-72.223,-45.378,30.116
3.000,12,71.774,-46.316,30.116
3.000,13,-84.281,-57.300,30.116
3.000,14,83.715,-58.394,30.116
3.100,0,0.132,27.227,30.122
3.100,1,-11.927,15.306,30.122
3.100,2,12.072,15.148,30.122
3.100,3,-23.987,3.386,30.122
3.100,4,24.012,3.069,30.122
3.100,5,-36.046,-8.535,30.122
3.100,6,35.953,-9.010,30.122
3.100,7,-48.105,-20.456,30.122
3.100,8,47.893,-21.089,30.122
3.100,9,-60.164,-32.377,30.122
3.100,10,59.834,-33.168,30.122
3.100,11,-72.223,-44.298,30.122
3.100,12,71.774,-45.247,30.122
3.100,13,-84.282,-56.219,30.122
3.100,14,83.714,-57.326,30.122
3.200,0,0.137,28.299,30.128
3.200,1,-11.923,16.379,30.128
3.200,2,12.077,16.219,30.128
3.200,3,-23.983,4.459,30.128
3.200,4,24.016,4.140,30.128
3.200,5,-36.042,-7.461,30.128
3.200,6,35.956,-7.940,30.128
3.200,7,-48.102,-19.381,30.128
3.200,8,47.896,-20.020,30.128
3.200,9,-60.162,-31.301,30.128
3.200,10,59.835,-32.099,30.128
3.200,11,-72.222,-43.222,30.128
3.200,12,71.775,-44.179,30.128
3.200,13,-84.282,-55.142,30.128
3.200,14,83.714,-56.259,30.128
3.300,0,0.143,29.367,30.134
3.300,1,-11.918,17.447,30.134
3.300,2,12.082,17.287,30.134
3.300,3,-23.978,5.528,30.134
3.300,4,24.021,5.206,30.134
3.300,5,-36.039,-6.392,30.134
3.300,6,35.960,-6.874,30.134
3.300,7,-48.100,-18.311,30.134
3.300,8,47.898,-18.954,30.134
3.300,9,-60.160,-30.231,30.134
3.300,10,59.837,-31.034,30.134
3.300,11,-72.221,-42.151,30.134
3.300,12,71.776,-43.115,30.134
3.300,13,-84.282,-54.070,30.134
3.300,14,83.715,-55.195,30.134
3.400,0,0.149,30.429,30.139
3.400,1,-11.913,18.510,30.139
3.400,2,12.087,18.349,30.139
3.400,3,-23.974,6.591,30.139
3.400,4,24.025,6.268,30.139
3.400,5,-36.035,-5.328,30.139
3.400,6,35.963,-5.812,30.139
3.400,7,-48.097,-17.248,30.139
3.400,8,47.901,-17.893,30.139
3.400,9,-60.158,-29.167,30.139
3.400,10,59.839,-29.973,30.139
3.400,11,-72.219,-41.086,30.139
3.400,12,71.778,-42.054,30.139
3.400,13,-84.281,-53.005,30.139
3.400,14,83.716,-54.134,30.139
3.500,0,0.154,31.486,30.145
3.500,1,-11.908,19.567,30.145
3.500,2,12.092,19.405,30.145
3.500,3,-23.969,7.647,30.145
3.500,4,24.030,7.324,30.145
3.500,5,-36.031,-4.272,30.145
3.500,6,35.967,-4.756,30.145
3.500,7,-48.093,-16.191,30.145
3.500,8,47.905,-16.837,30.145
3.500,9,-60.155,-28.110,30.145
3.500,10,59.842,-28.918,30.145
3.500,11,-72.217,-40.029,30.145
3.500,12,71.780,-40.998,30.145
3.500,13,-84.279,-51.948,30.145
3.500,14,83.717,-53.079,30.145
3.600,0,0.160,32.535,30.151
3.600,1,-11.902,20.616,30.151
3.600,2,12.097,20.454,30.151
3.600,3,-23.965,8.696,30.151
3.600,4,24.034,8.374,30.151
3.600,5,-36.027,-3.223,30.151
3.600,6,35.971,-3.707,30.151
3.600,7,-48.090,-15.142,30.151
3.600,8,47.908,-15.788,30.151
3.600,9,-60.152,-27.061,30.151
3.600,10,59.845,-27.868,30.151
3.600,11,-72.215,-38.980,30.151
3.600,12,71.782,-39.949,30.151
3.600,13,-84.277,-50.900,30.151
3.600,14,83.720,-52.029,30.151
3.700,0,0.166,33.576,30.156
3.700,1,-11.897,21.656,30.156
3.700,2,12.102,21.495,30.156
3.700,3,-23.960,9.737,30.156
3.700,4,24.039,9.415,30.156
3.700,5,-36.023,-2.182,30.156
3.700,6,35.975,-2.665,30.156
3.700,7,-48.086,-14.102,30.156
3.700,8,47.912,-14.746,30.156
3.700,9,-60.149,-26.021,30.156
3.700,10,59.849,-26.826,30.156
3.700,11,-72.212,-37.941,30.156
3.700,12,71.785,-38.906,30.156
3.700,13,-84.274,-49.860,30.156
3.700,14,83.722,-50.987,30.156
3.800,0,0.171,34.608,30.162
3.800,1,-11.892,22.688,30.162
3.800,2,12.107,22.528,30.162
3.800,3,-23.955,10.768,30.162
3.800,4,24.044,10.448,30.162
3.800,5,-36.019,-1.151,30.162
3.800,6,35.980,-1.632,30.162
3.800,7,-48.082,-13.071,30.162
3.800,8,47.916,-13.712,30.162
3.800,9,-60.145,-24.991,30.162
3.800,10,59.853,-25.792,30.162
3.800,11,-72.208,-36.911,30.162
3.800,12,71.789,-37.872,30.162
3.800,13,-84.271,-48.831,30.162
3.800,14,83.725,-49.952,30.162
3.900,0,0.176,35.631,30.167
3.900,1,-11.887,23.711,30.167
3.900,2,12.112,23.552,30.167
3.900,3,-23.951,11.790,30.167
3.900,4,24.048,11.472,30.167
3.900,5,-36.014,-0.130,30.167
3.900,6,35.984,-0.607,30.167
3.900,7,-48.078,-12.050,30.167
3.900,8,47.921,-12.687,30.167
3.900,9,-60.141,-23.971,30.167
3.900,10,59.857,-24.766,30.167
3.900,11,-72.205,-35.891,30.167
3.900,12,71.793,-36.845,30.167
3.900,13,-84.268,-47.811,30.167
3.900,14,83.729,-48.925,30.167
4.000,0,0.182,36.644,30.173
4.000,1,-11.882,24.723,30.173
4.000,2,12.117,24.565,30.173
4.000,3,-23.946,12.802,30.173
4.000,4,24.053,12.487,30.173
4.000,5,-36.009,0.881,30.173
4.000,6,35.989,0.408,30.173
4.000,7,-48.073,-11.040,30.173
4.000,8,47.925,-11.671,30.173
4.000,9,-60.137,-22.961,30.173
4.000,10,59.861,-23.750,30.173
4.000,11,-72.201,-34.882,30.173
4.000,12,71.797,-35.828,30.173
4.000,13,-84.264,-46.803,30.173
4.000,14,83.733,-47.907,30.173
4.100,0,0.187,37.647,30.178
4.100,1,-11.877,25.725,30.178
4.100,2,12.123,25.569,30.178
4.100,3,-23.941,13.803,30.178
4.100,4,24.058,13.491,30.178
4.100,5,-36.005,1.881,30.178
4.100,6,35.994,1.413,30.178
4.100,7,-48.069,-10.041,30.178
4.100,8,47.930,-10.665,30.178
4.100,9,-60.132,-21.962,30.178
4.100,10,59.865,-22.743,30.178
4.100,11,-72.196,-33.884,30.178
4.100,12,71.801,-34.821,30.178
4.100,13,-84.260,-45.806,30.178
4.100,14,83.737,-46.899,30.178
4.200,0,0.192,38.639,30.183
4.200,1,-11.872,26.716,30.183
4.200,2,12.128,26.562,30.183
4.200,3,-23.936,14.794,30.183
4.200,4,24.063,14.485,30.183
4.200,5,-36.000,2.871,30.183
4.200,6,35.999,2.408,30.183
4.200,7,-48.064,-9.052,30.183
4.200,8,47.934,-9.669,30.183
4.200,9,-60.128,-20.975,30.183
4.200,10,59.870,-21.746,30.183
4.200,11,-72.192,-32.897,30.183
4.200,12,71.806,-33.823,30.183
4.200,13,-84.256,-44.820,30.183
4.200,14,83.741,-45.900,30.183
4.300,0,0.197,39.620,30.188
4.300,1,-11.867,27.697,30.188
4.300,2,12.133,27.544,30.188
4.300,3,-23.931,15.773,30.188
4.300,4,24.068,15.468,30.188
4.300,5,-35.995,3.849,30.188
4.300,6,36.004,3.392,30.188
4.300,7,-48.059,-8.074,30.188
4.300,8,47.939,-8.684,30.188
4.300,9,-60.123,-19.998,30.188
4.300,10,59.875,-20.760,30.188
4.300,11,-72.187,-31.922,30.188
4.300,12,71.810,-32.836,30.188
4.300,13,-84.251,-43.846,30.188
4.300,14,83.746,-44.912,30.188
4.400,0,0.202,40.591,30.193
4.400,1,-11.862,28.666,30.193
4.400,2,12.138,28.516,30.193
4.400,3,-23.926,16.742,30.193
4.400,4,24.073,16.441,30.193
4.400,5,-35.990,4.817,30.193
4.400,6,36.009,4.366,30.193
4.400,7,-48.054,-7.108,30.193
4.400,8,47.944,-7.709,30.193
4.400,9,-60.118,-19.033,30.193
4.400,10,59.880,-19.783,30.193
4.400,11,-72.182,-30.958,30.193
4.400,12,71.815,-31.858,30.193
4.400,13,-84.246,-42.882,30.193
4.400,14,83.751,-43.933,30.193
4.500,0,0.207,41.551,30.198
4.500,1,-11.857,29.625,30.198
4.500,2,12.143,29.477,30.198
4.500,3,-23.921,17.699,30.198
4.500,4,24.078,17.404,30.198
4.500,5,-35.985,5.773,30.198
4.500,6,36.014,5.330,30.198
4.500,7,-48.049,-6.153,30.198
4.500,8,47.949,-6.744,30.198
4.500,9,-60.113,-18.079,30.198
4.500,10,59.885,-18.818,30.198
4.500,11,-72.177,-30.005,30.198
4.500,12,71.820,-30.892,30.198
4.500,13,-84.241,-41.930,30.198
4.500,14,83.756,-42.965,30.198
4.600,0,0.212,42.500,30.203
4.600,1,-11.852,30.573,30.203
4.600,2,12.147,30.428,30.203
4.600,3,-23.916,18.646,30.203
4.600,4,24.083,18.355,30.203
4.600,5,-35.980,6.719,30.203
4.600,6,36.019,6.283,30.203
4.600,7,-48.044,-5.208,30.203
4.600,8,47.954,-5.790,30.203
4.600,9,-60.108,-17.135,30.203
4.600,10,59.890,-17.862,30.203
4.600,11,-72.172,-29.062,30.203
4.600,12,71.826,-29.935,30.203
4.600,13,-84.236,-40.990,30.203
4.600,14,83.761,-42.008,30.203
4.700,0,0.217,43.439,30.208
4.700,1,-11.847,31.511,30.208
4.700,2,12.152,31.368,30.208
4.700,3,-23.911,19.583,30.208
4.700,4,24.088,19.297,30.208
4.700,5,-35.975,7.654,30.208
4.700,6,36.024,7.225,30.208
4.700,7,-48.039,-4.274,30.208
4.700,8,47.959,-4.846,30.208
4.700,9,-60.103,-16.203,30.208
4.700,10,59.895,-16.917,30.208
4.700,11,-72.167,-28.131,30.208
4.700,12,71.831,-28.989,30.208
4.700,13,-84.231,-40.059,30.208
4.700,14,83.767,-41.060,30.208
4.800,0,0.221,44.368,30.213
4.800,1,-11.842,32.438,30.213
4.800,2,12.157,32.298,30.213
4.800,3,-23.906,20.509,30.213
4.800,4,24.093,20.228,30.213
4.800,5,-35.970,8.579,30.213
4.800,6,36.029,8.158,30.213
4.800,7,-48.034,-3.351,30.213
4.800,8,47.965,-3.912,30.213
4.800,9,-60.098,-15.280,30.213
4.800,10,59.900,-15.982,30.213
4.800,11,-72.161,-27.210,30.213
4.800,12,71.836,-28.052,30.213
4.800,13,-84.225,-39.140,30.213
4.800,14,83.772,-40.122,30.213
4.900,0,0.226,45.287,30.218
4.900,1,-11.838,33.356,30.218
4.900,2,12.162,33.218,30.218
4.900,3,-23.901,21.425,30.218
4.900,4,24.098,21.149,30.218
4.900,5,-35.965,9.494,30.218
4.900,6,36.034,9.080,30.218
4.900,7,-48.029,-2.437,30.218
4.900,8,47.970,-2.988,30.218
4.900,9,-60.092,-14.368,30.218
4.900,10,59.906,-15.057,30.218
4.900,11,-72.156,-26.299,30.218
4.900,12,71.842,-27.126,30.218
4.900,13,-84.220,-38.230,30.218
4.900,14,83.778,-39.195,30.218
5.000,0,0.231,46.196,30.222
5.000,1,-11.833,34.264,30.222
5.000,2,12.167,34.129,30.222
5.000,3,-23.896,22.332,30.222
5.000,4,24.103,22.061,30.222
5.000,5,-35.960,10.399,30.222
5.000,6,36.039,9.994,30.222
5.000,7,-48.024,-1.533,30.222
5.000,8,47.975,-2.074,30.222
5.000,9,-60.087,-13.465,30.222
5.000,10,59.911,-14.141,30.222
5.000,11,-72.151,-25.397,30.222
5.000,12,71.847,-26.209,30.222
5.000,13,-84.214,-37.329,30.222
5.000,14,83.783,-38.276,30.222
5.100,0,0.235,47.096,30.227
5.100,1,-11.828,35.163,30.227
5.100,2,12.171,35.030,30.227
5.100,3,-23.892,23.229,30.227
5.100,4,24.108,22.964,30.227
5.100,5,-35.955,11.296,30.227
5.100,6,36.044,10.898,30.227
5.100,7,-48.018,-0.638,30.227
5.100,8,47.980,-1.168,30.227
5.100,9,-60.082,-12.571,30.227
5.100,10,59.917,-13.235,30.227
5.100,11,-72.145,-24.505,30.227
5.100,12,71.853,-25.301,30.227
5.100,13,-84.208,-36.438,30.227
5.100,14,83.789,-37.367,30.227
5.200,0,0.240,47.988,30.232
5.200,1,-11.824,36.054,30.232
5.200,2,12.176,35.923,30.232
5.200,3,-23.887,24.119,30.232
5.200,4,24.113,23.858,30.232
5.200,5,-35.950,12.184,30.232
5.200,6,36.049,11.794,30.232
5.200,7,-48.013,0.249,30.232
5.200,8,47.985,-0.271,30.232
5.200,9,-60.076,-11.686,30.232
5.200,10,59.922,-12.336,30.232
5.200,11,-72.140,-23.620,30.232
5.200,12,71.858,-24.401,30.232
5.200,13,-84.203,-35.555,30.232
5.200,14,83.795,-36.466,30.232
5.300,0,0.244,48.872,30.236
5.300,1,-11.819,36.936,30.236
5.300,2,12.181,36.809,30.236
5.300,3,-23.882,25.000,30.236
5.300,4,24.117,24.745,30.236
5.300,5,-35.945,13.064,30.236
5.300,6,36.054,12.681,30.236
5.300,7,-48.008,1.128,30.236
5.300,8,47.991,0.618,30.236
5.300,9,-60.071,-10.808,30.236
5.300,10,59.927,-11.446,30.236
5.300,11,-72.134,-22.744,30.236
5.300,12,71.864,-23.510,30.236
5.300,13,-84.197,-34.680,30.236
5.300,14,83.801,-35.574,30.236
5.400,0,0.248,49.749,30.240
5.400,1,-11.814,37.812,30.240
5.400,2,12.185,37.686,30.240
5.400,3,-23.877,25.874,30.240
5.400,4,24.122,25.624,30.240
5.400,5,-35.940,13.937,30.240
5.400,6,36.059,13.561,30.240
5.400,7,-48.003,2.000,30.240
5.400,8,47.996,1.499,30.240
5.400,9,-60.066,-9.937,30.240
5.400,10,59.933,-10.564,30.240
5.400,11,-72.129,-21.874,30.240
5.400,12,71.870,-22.626,30.240
5.400,13,-84.191,-33.812,30.240
5.400,14,83.806,-34.688,30.240
5.500,0,0.253,50.619,30.245
5.500,1,-11.810,38.680,30.245
5.500,2,12.190,38.557,30.245
5.500,3,-23.873,26.742,30.245
5.500,4,24.127,26.496,30.245
5.500,5,-35.935,14.804,30.245
5.500,6,36.064,14.435,30.245
5.500,7,-47.998,2.865,30.245
5.500,8,48.001,2.373,30.245
5.500,9,-60.060,-9.073,30.245
5.500,10,59.938,-9.688,30.245
5.500,11,-72.123,-21.011,30.245
5.500,12,71.875,-21.749,30.245
5.500,13,-84.186,-32.950,30.245
5.500,14,83.812,-33.811,30.245
5.600,0,0.257,51.482,30.249
5.600,1,-11.805,39.543,30.249
5.600,2,12.194,39.422,30.249
5.600,3,-23.868,27.604,30.249
5.600,4,24.132,27.362,30.249
5.600,5,-35.930,15.664,30.249
5.600,6,36.069,15.302,30.249
5.600,7,-47.993,3.725,30.249
5.600,8,48.006,3.242,30.249
5.600,9,-60.055,-8.215,30.249
5.600,10,59.943,-8.819,30.249
5.600,11,-72.118,-20.154,30.249
5.600,12,71.881,-20.879,30.249
5.600,13,-84.180,-32.094,30.249
5.600,14,83.818,-32.939,30.249
5.700,0,0.261,52.341,30.253
5.700,1,-11.801,40.400,30.253
5.700,2,12.199,40.282,30.253
5.700,3,-23.863,28.460,30.253
5.700,4,24.136,28.222,30.253
5.700,5,-35.925,16.519,30.253
5.700,6,36.074,16.163,30.253
5.700,7,-47.988,4.579,30.253
5.700,8,48.011,4.104,30.253
5.700,9,-60.050,-7.362,30.253
5.700,10,59.949,-7.955,30.253
5.700,11,-72.112,-19.302,30.253
5.700,12,71.886,-20.014,30.253
5.700,13,-84.174,-31.243,30.253
5.700,14,83.824,-32.073,30.253
5.800,0,0.266,53.194,30.258
5.800,1,-11.796,41.253,30.258
5.800,2,12.203,41.136,30.258
5.800,3,-23.859,29.311,30.258
5.800,4,24.141,29.078,30.258
5.800,5,-35.921,17.370,30.258
5.800,6,36.079,17.020,30.258
5.800,7,-47.983,5.428,30.258
5.800,8,48.016,4.962,30.258
5.800,9,-60.045,-6.513,30.258
5.800,10,59.954,-7.097,30.258
5.800,11,-72.107,-18.455,30.258
5.800,12,71.892,-19.155,30.258
5.800,13,-84.169,-30.396,30.258
5.800,14,83.829,-31.213,30.258
5.900,0,0.270,54.044,30.262
5.900,1,-11.792,42.101,30.262
5.900,2,12.208,41.986,30.262
5.900,3,-23.854,30.159,30.262
5.900,4,24.146,29.929,30.262
5.900,5,-35.916,18.216,30.262
5.900,6,36.083,17.872,30.262
5.900,7,-47.978,6.274,30.262
5.900,8,48.021,5.815,30.262
5.900,9,-60.039,-5.668,30.262
5.900,10,59.959,-6.243,30.262
5.900,11,-72.101,-17.611,30.262
5.900,12,71.897,-18.300,30.262
5.900,13,-84.163,-29.553,30.262
5.900,14,83.835,-30.357,30.262
6.000,0,0.274,54.890,30.266
6.000,1,-11.788,42.946,30.266
6.000,2,12.212,42.833,30.266
6.000,3,-23.849,31.003,30.266
6.000,4,24.150,30.777,30.266
6.000,5,-35.911,19.060,30.266
6.000,6,36.088,18.720,30.266
6.000,7,-47.973,7.116,30.266
6.000,8,48.026,6.664,30.266
6.000,9,-60.034,-4.827,30.266
6.000,10,59.964,-5.392,30.266
6.000,11,-72.096,-16.770,30.266
6.000,12,71.902,-17.449,30.266
6.000,13,-84.158,-28.713,30.266
6.000,14,83.841,-29.505,30.266
6.100,0,0.278,55.733,30.270
6.100,1,-11.783,43.789,30.270
6.100,2,12.216,43.677,30.270
6.100,3,-23.845,31.845,30.270
6.100,4,24.155,31.621,30.270
6.100,5,-35.906,19.900,30.270
6.100,6,36.093,19.566,30.270
6.100,7,-47.968,7.956,30.270
6.100,8,48.031,7.510,30.270
6.100,9,-60.029,-3.988,30.270
6.100,10,59.970,-4.545,30.270
6.100,11,-72.091,-15.932,30.270
6.100,12,71.908,-16.601,30.270
6.100,13,-84.152,-27.876,30.270
6.100,14,83.846,-28.657,30.270
6.200,0,0.282,56.574,30.275
6.200,1,-11.779,44.629,30.275
6.200,2,12.221,44.519,30.275
6.200,3,-23.840,32.684,30.275
6.200,4,24.159,32.464,30.275
6.200,5,-35.902,20.739,30.275
6.200,6,36.098,20.409,30.275
6.200,7,-47.963,8.795,30.275
6.200,8,48.036,8.354,30.275
6.200,9,-60.024,-3.150,30.275
6.200,10,59.975,-3.701,30.275
6.200,11,-72.085,-15.095,30.275
6.200,12,71.913,-15.756,30.275
6.200,13,-84.147,-27.040,30.275
6.200,14,83.852,-27.811,30.275
6.300,0,0.286,57.413,30.279
6.300,1,-11.775,45.467,30.279
6.300,2,12.225,45.359,30.279
6.300,3,-23.836,33.522,30.279
6.300,4,24.164,33.304,30.279
6.300,5,-35.897,21.577,30.279
6.300,6,36.102,21.250,30.279
6.300,7,-47.958,9.631,30.279
6.300,8,48.041,9.196,30.279
6.300,9,-60.019,-2.314,30.279
6.300,10,59.980,-2.859,30.279
6.300,11,-72.080,-14.259,30.279
6.300,12,71.918,-14.913,30.279
6.300,13,-84.141,-26.205,30.279
6.300,14,83.857,-26.967,30.279
6.400,0,0.291,58.251,30.283
6.400,1,-11.770,46.305,30.283
6.400,2,12.229,46.197,30.283
6.400,3,-23.831,34.359,30.283
6.400,4,24.168,34.144,30.283
6.400,5,-35.892,22.413,30.283
6.400,6,36.107,22.090,30.283
6.400,7,-47.953,10.468,30.283
6.400,8,48.046,10.036,30.283
6.400,9,-60.014,-1.478,30.283
6.400,10,59.985,-2.018,30.283
6.400,11,-72.075,-13.424,30.283
6.400,12,71.923,-14.071,30.283
6.400,13,-84.136,-25.370,30.283
6.400,14,83.862,-26.125,30.283
6.500,0,0.295,59.089,30.287
6.500,1,-11.766,47.143,30.287
6.500,2,12.234,47.036,30.287
6.500,3,-23.827,35.196,30.287
6.500,4,24.173,34.983,30.287
6.500,5,-35.888,23.250,30.287
6.500,6,36.112,22.929,30.287
6.500,7,-47.948,11.304,30.287
6.500,8,48.051,10.876,30.287
6.500,9,-60.009,-0.643,30.287
6.500,10,59.990,-1.177,30.287
6.500,11,-72.070,-12.589,30.287
6.500,12,71.929,-13.231,30.287
6.500,13,-84.131,-24.535,30.287
6.500,14,83.868,-25.284,30.287
6.600,0,0.299,59.927,30.291
6.600,1,-11.762,47.980,30.291
6.600,2,12.238,47.874,30.291
6.600,3,-23.822,36.034,30.291
6.600,4,24.177,35.821,30.291
6.600,5,-35.883,24.087,30.291
6.600,6,36.116,23.768,30.291
6.600,7,-47.944,12.140,30.291
6.600,8,48.055,11.716,30.291
6.600,9,-60.004,0.193,30.291
6.600,10,59.995,-0.337,30.291
6.600,11,-72.065,-11.753,30.291
6.600,12,71.934,-12.390,30.291
6.600,13,-84.126,-23.700,30.291
6.600,14,83.873,-24.443,30.291
6.700,0,0.303,60.766,30.295
6.700,1,-11.758,48.819,30.295
6.700,2,12.242,48.713,30.295
6.700,3,-23.818,36.872,30.295
6.700,4,24.182,36.661,30.295
6.700,5,-35.879,24.925,30.295
6.700,6,36.121,24.608,30.295
6.700,7,-47.939,12.978,30.295
6.700,8,48.060,12.556,30.295
6.700,9,-60.000,1.031,30.295
6.700,10,59.999,0.503,30.295
6.700,11,-72.060,-10.916,30.295
6.700,12,71.939,-11.550,30.295
6.700,13,-84.120,-22.863,30.295
6.700,14,83.878,-23.602,30.295
6.800,0,0.307,61.606,30.299
6.800,1,-11.753,49.659,30.299
6.800,2,12.246,49.553,30.299
6.800,3,-23.814,37.711,30.299
6.800,4,24.186,37.501,30.299
6.800,5,-35.874,25.764,30.299
6.800,6,36.125,25.449,30.299
6.800,7,-47.934,13.817,30.299
6.800,8,48.065,13.396,30.299
6.800,9,-59.995,1.869,30.299
6.800,10,60.004,1.344,30.299
6.800,11,-72.055,-10.078,30.299
6.800,12,71.944,-10.708,30.299
6.800,13,-84.115,-22.025,30.299
6.800,14,83.883,-22.761,30.299
6.900,0,0.311,62.447,30.304
6.900,1,-11.749,50.500,30.304
6.900,2,12.251,50.395,30.304
6.900,3,-23.809,38.552,30.304
6.900,4,24.190,38.343,30.304
6.900,5,-35.869,26.605,30.304
6.900,6,36.130,26.291,30.304
6.900,7,-47.930,14.657,30.304
6.900,8,48.069,14.238,30.304
6.900,9,-59.990,2.710,30.304
6.900,10,60.009,2.186,30.304
6.900,11,-72.050,-9.237,30.304
6.900,12,71.949,-9.866,30.304
6.900,13,-84.110,-21.185,30.304
6.900,14,83.888,-21.918,30.304
7.000,0,0.315,63.291,30.308
7.000,1,-11.745,51.343,30.308
7.000,2,12.255,51.238,30.308
7.000,3,-23.805,39.396,30.308
7.000,4,24.195,39.186,30.308
7.000,5,-35.865,27.448,30.308
7.000,6,36.134,27.134,30.308
7.000,7,-47.925,15.501,30.308
7.000,8,48.074,15.082,30.308
7.000,9,-59.985,3.553,30.308
7.000,10,60.014,3.030,30.308
7.000,11,-72.045,-8.395,30.308
7.000,12,71.953,-9.022,30.308
7.000,13,-84.105,-20.342,30.308
7.000,14,83.893,-21.074,30.308
7.100,0,0.320,64.136,30.312
7.100,1,-11.740,52.189,30.312
7.100,2,12.259,52.084,30.312
7.100,3,-23.800,40.241,30.312
7.100,4,24.199,40.032,30.312
7.100,5,-35.860,28.294,30.312
7.100,6,36.139,27.980,30.312
7.100,7,-47.920,16.346,30.312
7.100,8,48.079,15.928,30.312
7.100,9,-59.980,4.399,30.312
7.100,10,60.018,3.876,30.312
7.100,11,-72.040,-7.549,30.312
7.100,12,71.958,-8.176,30.312
7.100,13,-84.100,-19.497,30.312
7.100,14,83.898,-20.228,30.312
7.200,0,0.324,64.985,30.316
7.200,1,-11.736,53.037,30.316
7.200,2,12.264,52.933,30.316
7.200,3,-23.796,41.090,30.316
7.200,4,24.203,40.880,30.316
7.200,5,-35.856,29.142,30.316
7.200,6,36.143,28.828,30.316
7.200,7,-47.916,17.195,30.316
7.200,8,48.083,16.776,30.316
7.200,9,-59.976,5.247,30.316
7.200,10,60.023,4.724,30.316
7.200,11,-72.036,-6.700,30.316
7.200,12,71.963,-7.328,30.316
7.200,13,-84.096,-18.648,30.316
7.200,14,83.903,-19.380,30.316
7.300,0,0.328,65.836,30.320
7.300,1,-11.732,53.889,30.320
7.300,2,12.268,53.784,30.320
7.300,3,-23.792,41.941,30.320
7.300,4,24.208,41.731,30.320
7.300,5,-35.851,29.994,30.320
7.300,6,36.148,29.679,30.320
7.300,7,-47.911,18.046,30.320
7.300,8,48.088,17.627,30.320
7.300,9,-59.971,6.099,30.320
7.300,10,60.028,5.575,30.320
7.300,11,-72.031,-5.848,30.320
7.300,12,71.968,-6.478,30.320
7.300,13,-84.091,-17.796,30.320
7.300,14,83.908,-18.530,30.320
7.400,0,0.332,66.690,30.325
7.400,1,-11.728,54.743,30.325
7.400,2,12.272,54.638,30.325
7.400,3,-23.787,42.796,30.325
7.400,4,24.212,42.586,30.325
7.400,5,-35.847,30.849,30.325
7.400,6,36.152,30.533,30.325
7.400,7,-47.907,18.901,30.325
7.400,8,48.092,18.481,30.325
7.400,9,-59.966,6.954,30.325
7.400,10,60.032,6.428,30.325
7.400,11,-72.026,-4.993,30.325
7.400,12,71.972,-5.624,30.325
7.400,13,-84.086,-16.940,30.325
7.400,14,83.913,-17.676,30.325
7.500,0,0.336,67.548,30.329
7.500,1,-11.723,55.601,30.329
7.500,2,12.276,55.496,30.329
7.500,3,-23.783,43.654,30.329
7.500,4,24.217,43.443,30.329
7.500,5,-35.843,31.707,30.329
7.500,6,36.157,31.390,30.329
7.500,7,-47.902,19.760,30.329
7.500,8,48.097,19.338,30.329
7.500,9,-59.962,7.813,30.329
7.500,10,60.037,7.285,30.329
7.500,11,-72.021,-4.134,30.329
7.500,12,71.977,-4.767,30.329
7.500,13,-84.081,-16.081,30.329
7.500,14,83.917,-16.820,30.329
7.600,0,0.341,68.410,30.333
7.600,1,-11.719,56.463,30.333
7.600,2,12.281,56.357,30.333
7.600,3,-23.779,44.516,30.333
7.600,4,24.221,44.304,30.333
7.600,5,-35.838,32.569,30.333
7.600,6,36.161,32.251,30.333
7.600,7,-47.898,20.622,30.333
7.600,8,48.101,20.198,30.333
7.600,9,-59.957,8.676,30.333
7.600,10,60.042,8.145,30.333
7.600,11,-72.017,-3.271,30.333
7.600,12,71.982,-3.908,30.333
7.600,13,-84.076,-15.218,30.333
7.600,14,83.922,-15.961,30.333
7.700,0,0.345,69.275,30.337
7.700,1,-11.715,57.328,30.337
7.700,2,12.285,57.221,30.337
7.700,3,-23.774,45.382,30.337
7.700,4,24.225,45.168,30.337
7.700,5,-35.834,33.435,30.337
7.700,6,36.166,33.115,30.337
7.700,7,-47.893,21.489,30.337
7.700,8,48.106,21.062,30.337
7.700,9,-59.953,9.542,30.337
7.700,10,60.046,9.009,30.337
7.700,11,-72.012,-2.404,30.337
7.700,12,71.986,-3.044,30.337
7.700,13,-84.072,-14.351,30.337
7.700,14,83.927,-15.098,30.337
7.800,0,0.349,70.143,30.341
7.800,1,-11.710,58.197,30.341
7.800,2,12.289,58.090,30.341
7.800,3,-23.770,46.251,30.341
7.800,4,24.230,46.036,30.341
7.800,5,-35.829,34.305,30.341
7.800,6,36.170,33.983,30.341
7.800,7,-47.889,22.359,30.341
7.800,8,48.110,21.929,30.341
7.800,9,-59.948,10.413,30.341
7.800,10,60.051,9.876,30.341
7.800,11,-72.008,-1.534,30.341
7.800,12,71.991,-2.178,30.341
7.800,13,-84.067,-13.480,30.341
7.800,14,83.931,-14.231,30.341
7.900,0,0.353,71.016,30.346
7.900,1,-11.706,59.070,30.346
7.900,2,12.294,58.962,30.346
7.900,3,-23.765,47.124,30.346
7.900,4,24.234,46.908,30.346
7.900,5,-35.825,35.179,30.346
7.900,6,36.175,34.854,30.346
7.900,7,-47.884,23.233,30.346
7.900,8,48.115,22.800,30.346
7.900,9,-59.944,11.287,30.346
7.900,10,60.055,10.747,30.346
7.900,11,-72.003,-0.659,30.346
7.900,12,71.996,-1.307,30.346
7.900,13,-84.062,-12.605,30.346
7.900,14,83.936,-13.361,30.346
8.000,0,0.358,71.892,30.350
8.000,1,-11.702,59.947,30.350
8.000,2,12.298,59.838,30.350
8.000,3,-23.761,48.001,30.350
8.000,4,24.239,47.784,30.350
8.000,5,-35.820,36.056,30.350
8.000,6,36.179,35.729,30.350
8.000,7,-47.880,24.111,30.350
8.000,8,48.119,23.675,30.350
8.000,9,-59.939,12.165,30.350
8.000,10,60.060,11.621,30.350
8.000,11,-71.998,0.220,30.350
8.000,12,72.000,-0.433,30.350
8.000,13,-84.058,-11.726,30.350
8.000,14,83.941,-12.488,30.350
8.100,0,0.362,72.772,30.354
8.100,1,-11.697,60.827,30.354
8.100,2,12.303,60.718,30.354
8.100,3,-23.756,48.882,30.354
8.100,4,24.243,48.663,30.354
8.100,5,-35.816,36.937,30.354
8.100,6,36.183,36.608,30.354
8.100,7,-47.875,24.992,30.354
8.100,8,48.124,24.554,30.354
8.100,9,-59.934,13.047,30.354
8.100,10,60.064,12.499,30.354
8.100,11,-71.994,1.102,30.354
8.100,12,72.005,0.444,30.354
8.100,13,-84.053,-10.843,30.354
8.100,14,83.945,-11.610,30.354
8.200,0,0.367,73.656,30.359
8.200,1,-11.693,61.712,30.359
8.200,2,12.307,61.601,30.359
8.200,3,-23.752,49.767,30.359
8.200,4,24.247,49.546,30.359
8.200,5,-35.811,37.823,30.359
8.200,6,36.188,37.491,30.359
8.200,7,-47.871,25.878,30.359
8.200,8,48.128,25.436,30.359
8.200,9,-59.930,13.933,30.359
8.200,10,60.069,13.381,30.359
8.200,11,-71.989,1.989,30.359
8.200,12,72.009,1.326,30.359
8.200,13,-84.049,-9.956,30.359
8.200,14,83.950,-10.729,30.359
8.300,0,0.371,74.544,30.363
8.300,1,-11.688,62.600,30.363
8.300,2,12.311,62.488,30.363
8.300,3,-23.748,50.655,30.363
8.300,4,24.252,50.433,30.363
8.300,5,-35.807,38.711,30.363
8.300,6,36.192,38.377,30.363
8.300,7,-47.866,26.767,30.363
8.300,8,48.133,26.322,30.363
8.300,9,-59.925,14.823,30.363
8.300,10,60.073,14.266,30.363
8.300,11,-71.985,2.879,30.363
8.300,12,72.014,2.210,30.363
8.300,13,-84.044,-9.065,30.363
8.300,14,83.954,-9.845,30.363
8.400,0,0.375,75.435,30.367
8.400,1,-11.684,63.491,30.367
8.400,2,12.316,63.379,30.367
8.400,3,-23.743,51.547,30.367
8.400,4,24.256,51.323,30.367
8.400,5,-35.802,39.604,30.367
8.400,6,36.197,39.267,30.367
8.400,7,-47.862,27.660,30.367
8.400,8,48.137,27.211,30.367
8.400,9,-59.921,15.716,30.367
8.400,10,60.078,15.155,30.367
8.400,11,-71.980,3.773,30.367
8.400,12,72.018,3.099,30.367
8.400,13,-84.039,-8.171,30.367
8.400,14,83.959,-8.957,30.367
8.500,0,0.380,76.329,30.372
8.500,1,-11.679,64.386,30.372
8.500,2,12.320,64.273,30.372
8.500,3,-23.739,52.443,30.372
8.500,4,24.261,52.216,30.372
8.500,5,-35.798,40.500,30.372
8.500,6,36.201,40.160,30.372
8.500,7,-47.857,28.556,30.372
8.500,8,48.142,28.104,30.372
8.500,9,-59.916,16.613,30.372
8.500,10,60.082,16.047,30.372
8.500,11,-71.976,4.670,30.372
8.500,12,72.023,3.991,30.372
8.500,13,-84.035,-7.273,30.372
8.500,14,83.963,-8.066,30.372
8.600,0,0.384,77.227,30.376
8.600,1,-11.675,65.284,30.376
8.600,2,12.325,65.170,30.376
8.600,3,-23.734,53.342,30.376
8.600,4,24.265,53.113,30.376
8.600,5,-35.793,41.399,30.376
8.600,6,36.206,41.056,30.376
8.600,7,-47.853,29.456,30.376
8.600,8,48.146,28.999,30.376
8.600,9,-59.912,17.513,30.376
8.600,10,60.087,16.943,30.376
8.600,11,-71.971,5.570,30.376
8.600,12,72.027,4.886,30.376
8.600,13,-84.030,-6.372,30.376
8.600,14,83.968,-7.171,30.376
8.700,0,0.389,78.128,30.381
8.700,1,-11.671,66.186,30.381
8.700,2,12.329,66.071,30.381
8.700,3,-23.730,54.243,30.381
8.700,4,24.270,54.013,30.381
8.700,5,-35.789,42.301,30.381
8.700,6,36.210,41.956,30.381
8.700,7,-47.848,30.359,30.381
8.700,8,48.151,29.899,30.381
8.700,9,-59.907,18.416,30.381
8.700,10,60.091,17.841,30.381
8.700,11,-71.967,6.474,30.381
8.700,12,72.032,5.784,30.381
8.700,13,-84.026,-5.468,30.381
8.700,14,83.972,-6.274,30.381
8.800,0,0.393,79.032,30.385
8.800,1,-11.666,67.090,30.385
8.800,2,12.334,66.974,30.385
8.800,3,-23.725,55.148,30.385
8.800,4,24.274,54.916,30.385
8.800,5,-35.784,43.206,30.385
8.800,6,36.215,42.858,30.385
8.800,7,-47.844,31.264,30.385
8.800,8,48.155,30.801,30.385
8.800,9,-59.903,19.322,30.385
8.800,10,60.096,18.743,30.385
8.800,11,-71.962,7.380,30.385
8.800,12,72.036,6.685,30.385
8.800,13,-84.021,-4.561,30.385
8.800,14,83.977,-5.373,30.385
8.900,0,0.398,79.938,30.390
8.900,1,-11.662,67.997,30.390
8.900,2,12.338,67.880,30.390
8.900,3,-23.721,56.055,30.390
8.900,4,24.279,55.822,30.390
8.900,5,-35.780,44.114,30.390
8.900,6,36.219,43.764,30.390
8.900,7,-47.839,32.172,30.390
8.900,8,48.160,31.705,30.390
8.900,9,-59.898,20.231,30.390
8.900,10,60.100,19.647,30.390
8.900,11,-71.958,8.290,30.390
8.900,12,72.041,7.589,30.390
8.900,13,-84.017,-3.652,30.390
8.900,14,83.981,-4.469,30.390
9.000,0,0.402,80.847,30.394
9.000,1,-11.657,68.906,30.394
9.000,2,12.343,68.789,30.394
9.000,3,-23.716,56.965,30.394
9.000,4,24.283,56.730,30.394
9.000,5,-35.775,45.024,30.394
9.000,6,36.224,44.671,30.394
9.000,7,-47.835,33.083,30.394
9.000,8,48.164,32.613,30.394
9.000,9,-59.894,21.142,30.394
9.000,10,60.105,20.554,30.394
9.000,11,-71.953,9.201,30.394
9.000,12,72.045,8.495,30.394
9.000,13,-84.012,-2.740,30.394
9.000,14,83.986,-3.563,30.394
9.100,0,0.407,81.759,30.399
9.100,1,-11.652,69.818,30.399
9.100,2,12.347,69.700,30.399
9.100,3,-23.712,57.877,30.399
9.100,4,24.288,57.641,30.399
9.100,5,-35.771,45.937,30.399
9.100,6,36.228,45.582,30.399
9.100,7,-47.830,33.996,30.399
9.100,8,48.169,33.522,30.399
9.100,9,-59.889,22.055,30.399
9.100,10,60.109,21.463,30.399
9.100,11,-71.949,10.115,30.399
9.100,12,72.050,9.404,30.399
9.100,13,-84.008,-1.826,30.399
9.100,14,83.990,-2.655,30.399
9.200,0,0.411,82.672,30.403
9.200,1,-11.648,70.732,30.403
9.200,2,12.352,70.613,30.403
9.200,3,-23.707,58.792,30.403
9.200,4,24.292,58.553,30.403
9.200,5,-35.766,46.851,30.403
9.200,6,36.233,46.494,30.403
9.200,7,-47.826,34.911,30.403
9.200,8,48.173,34.434,30.403
9.200,9,-59.885,22.971,30.403
9.200,10,60.114,22.375,30.403
9.200,11,-71.944,11.031,30.403
9.200,12,72.054,10.315,30.403
9.200,13,-84.003,-0.910,30.403
9.200,14,83.995,-1.744,30.403
9.300,0,0.416,83.587,30.408
9.300,1,-11.643,71.647,30.408
9.300,2,12.356,71.528,30.408
9.300,3,-23.703,59.708,30.408
9.300,4,24.297,59.468,30.408
9.300,5,-35.762,47.768,30.408
9.300,6,36.237,47.408,30.408
9.300,7,-47.821,35.828,30.408
9.300,8,48.178,35.348,30.408
9.300,9,-59.880,23.888,30.408
9.300,10,60.118,23.288,30.408
9.300,11,-71.940,11.948,30.408
9.300,12,72.059,11.229,30.408
9.300,13,-83.999,0.008,30.408
9.300,14,83.999,-0.831,30.408
9.400,0,0.420,84.504,30.412
9.400,1,-11.639,72.565,30.412
9.400,2,12.361,72.444,30.412
9.400,3,-23.698,60.625,30.412
9.400,4,24.301,60.384,30.412
9.400,5,-35.757,48.686,30.412
9.400,6,36.242,48.324,30.412
9.400,7,-47.817,36.746,30.412
9.400,8,48.182,36.264,30.412
9.400,9,-59.876,24.806,30.412
9.400,10,60.123,24.204,30.412
9.400,11,-71.935,12.867,30.412
9.400,12,72.063,12.143,30.412
9.400,13,-83.994,0.927,30.412
9.400,14,84.004,0.083,30.412
9.500,0,0.425,85.423,30.417
9.500,1,-11.634,73.483,30.417
9.500,2,12.365,73.362,30.417
9.500,3,-23.694,61.544,30.417
9.500,4,24.306,61.302,30.417
9.500,5,-35.753,49.605,30.417
9.500,6,36.246,49.241,30.417
9.500,7,-47.812,37.666,30.417
9.500,8,48.187,37.181,30.417
9.500,9,-59.871,25.726,30.417
9.500,10,60.127,25.120,30.417
9.500,11,-71.931,13.787,30.417
9.500,12,72.068,13.060,30.417
9.500,13,-83.990,1.848,30.417
9.500,14,84.008,0.999,30.417
9.600,0,0.429,86.342,30.421
9.600,1,-11.630,74.403,30.421
9.600,2,12.370,74.281,30.421
9.600,3,-23.689,62.464,30.421
9.600,4,24.310,62.220,30.421
9.600,5,-35.748,50.525,30.421
9.600,6,36.251,50.160,30.421
9.600,7,-47.808,38.586,30.421
9.600,8,48.191,38.099,30.421
9.600,9,-59.867,26.647,30.421
9.600,10,60.132,26.038,30.421
9.600,11,-71.926,14.708,30.421
9.600,12,72.072,13.977,30.421
9.600,13,-83.985,2.769,30.421
9.600,14,84.012,1.917,30.421
9.700,0,0.434,87.262,30.426
9.700,1,-11.625,75.324,30.426
9.700,2,12.374,75.201,30.426
9.700,3,-23.684,63.385,30.426
9.700,4,24.315,63.140,30.426
9.700,5,-35.744,51.446,30.426
9.700,6,36.255,51.079,30.426
9.700,7,-47.803,39.507,30.426
9.700,8,48.196,39.018,30.426
9.700,9,-59.862,27.569,30.426
9.700,10,60.136,26.957,30.426
9.700,11,-71.922,15.630,30.426
9.700,12,72.077,14.896,30.426
9.700,13,-83.981,3.691,30.426
9.700,14,84.017,2.835,30.426
9.800,0,0.439,88.183,30.430
9.800,1,-11.621,76.245,30.430
9.800,2,12.379,76.122,30.430
9.800,3,-23.680,64.306,30.430
9.800,4,24.319,64.061,30.430
9.800,5,-35.739,52.368,30.430
9.800,6,36.260,51.999,30.430
9.800,7,-47.798,40.429,30.430
9.800,8,48.200,39.938,30.430
9.800,9,-59.858,28.491,30.430
9.800,10,60.141,27.877,30.430
9.800,11,-71.917,16.553,30.430
9.800,12,72.081,15.816,30.430
9.800,13,-83.976,4.614,30.430
9.800,14,84.021,3.754,30.430
9.900,0,0.443,89.105,30.435
9.900,1,-11.616,77.166,30.435
9.900,2,12.384,77.043,30.435
9.900,3,-23.675,65.228,30.435
9.900,4,24.324,64.982,30.435
9.900,5,-35.735,53.290,30.435
9.900,6,36.264,52.920,30.435
9.900,7,-47.794,41.352,30.435
9.900,8,48.205,40.859,30.435
9.900,9,-59.853,29.414,30.435
9.900,10,60.145,28.797,30.435
9.900,11,-71.913,17.475,30.435
9.900,12,72.086,16.736,30.435
9.900,13,-83.972,5.537,30.435
9.900,14,84.026,4.674,30.435
10.000,0,0.448,90.026,30.439
10.000,1,-11.611,78.088,30.439
10.000,2,12.388,77.965,30.439
10.000,3,-23.671,66.150,30.439
10.000,4,24.329,65.903,30.439
10.000,5,-35.730,54.212,30.439
10.000,6,36.269,53.842,30.439
10.000,7,-47.789,42.274,30.439
10.000,8,48.209,41.780,30.439
10.000,9,-59.849,30.336,30.439
10.000,10,60.150,29.718,30.439
10.000,11,-71.908,18.398,30.439
10.000,12,72.090,17.657,30.439
10.000,13,-83.967,6.460,30.439
10.000,14,84.030,5.595,30.439
10.100,0,0.452,90.948,30.444
10.100,1,-11.607,79.010,30.444
10.100,2,12.393,78.887,30.444
10.100,3,-23.666,67.073,30.444
10.100,4,24.333,66.825,30.444
10.100,5,-35.726,55.135,30.444
10.100,6,36.273,54.763,30.444
10.100,7,-47.785,43.197,30.444
10.100,8,48.214,42.701,30.444
10.100,9,-59.844,31.259,30.444
10.100,10,60.154,30.639,30.444
10.100,11,-71.904,19.321,30.444
10.100,12,72.095,18.578,30.444
10.100,13,-83.963,7.383,30.444
10.100,14,84.035,6.516,30.444
10.200,0,0.457,91.870,30.448
10.200,1,-11.602,79.932,30.448
10.200,2,12.397,79.808,30.448
10.200,3,-23.662,67.995,30.448
10.200,4,24.338,67.746,30.448
10.200,5,-35.721,56.057,30.448
10.200,6,36.278,55.684,30.448
10.200,7,-47.780,44.119,30.448
10.200,8,48.218,43.622,30.448
10.200,9,-59.840,32.181,30.448
10.200,10,60.159,31.560,30.448
10.200,11,-71.899,20.243,30.448
10.200,12,72.099,19.498,30.448
10.200,13,-83.958,8.306,30.448
10.200,14,84.039,7.437,30.448
10.300,0,0.462,92.792,30.453
10.300,1,-11.598,80.854,30.453
10.300,2,12.402,80.729,30.453
10.300,3,-23.657,68.916,30.453
10.300,4,24.342,68.667,30.453
10.300,5,-35.716,56.978,30.453
10.300,6,36.283,56.605,30.453
10.300,7,-47.776,45.041,30.453
10.300,8,48.223,44.543,30.453
10.300,9,-59.835,33.103,30.453
10.300,10,60.163,32.481,30.453
10.300,11,-71.895,21.165,30.453
10.300,12,72.103,20.419,30.453
10.300,13,-83.954,9.228,30.453
10.300,14,84.044,8.357,30.453
10.400,0,0.466,93.713,30.458
10.400,1,-11.593,81.775,30.458
10.400,2,12.406,81.650,30.458
10.400,3,-23.653,69.837,30.458
10.400,4,24.347,69.588,30.458
10.400,5,-35.712,57.900,30.458
10.400,6,36.287,57.526,30.458
10.400,7,-47.771,45.962,30.458
10.400,8,48.227,45.464,30.458
10.400,9,-59.831,34.024,30.458
10.400,10,60.168,33.402,30.458
10.400,11,-71.890,22.087,30.458
10.400,12,72.108,21.340,30.458
10.400,13,-83.949,10.149,30.458
10.400,14,84.048,9.278,30.458
10.500,0,0.471,94.633,30.462
10.500,1,-11.589,82.695,30.462
10.500,2,12.411,82.571,30.462
10.500,3,-23.648,70.758,30.462
10.500,4,24.351,70.509,30.462
10.500,5,-35.707,58.820,30.462
10.500,6,36.292,58.446,30.462
10.500,7,-47.767,46.883,30.462
10.500,8,48.232,46.384,30.462
10.500,9,-59.826,34.945,30.462
10.500,10,60.172,34.322,30.462
10.500,11,-71.886,23.007,30.462
10.500,12,72.112,22.260,30.462
10.500,13,-83.945,11.070,30.462
10.500,14,84.053,10.198,30.462
10.600,0,0.475,95.553,30.467
10.600,1,-11.584,83.615,30.467
10.600,2,12.416,83.490,30.467
10.600,3,-23.643,71.677,30.467
10.600,4,24.356,71.428,30.467
10.600,5,-35.703,59.740,30.467
10.600,6,36.296,59.366,30.467
10.600,7,-47.762,47.802,30.467
10.600,8,48.236,47.304,30.467
10.600,9,-59.822,35.865,30.467
10.600,10,60.177,35.242,30.467
10.600,11,-71.881,23.927,30.467
10.600,12,72.117,23.180,30.467
10.600,13,-83.940,11.990,30.467
10.600,14,84.057,11.117,30.467
10.700,0,0.480,96.471,30.471
10.700,1,-11.580,84.534,30.471
10.700,2,12.420,84.409,30.471
10.700,3,-23.639,72.596,30.471
10.700,4,24.360,72.347,30.471
10.700,5,-35.698,60.659,30.471
10.700,6,36.301,60.285,30.471
10.700,7,-47.758,48.721,30.471
10.700,8,48.241,48.223,30.471
10.700,9,-59.817,36.784,30.471
10.700,10,60.181,36.160,30.471
10.700,11,-71.877,24.846,30.471
10.700,12,72.121,24.098,30.471
10.700,13,-83.936,12.909,30.471
10.700,14,84.062,12.036,30.471
10.800,0,0.484,97.389,30.476
10.800,1,-11.575,85.452,30.476
10.800,2,12.425,85.327,30.476
10.800,3,-23.634,73.514,30.476
10.800,4,24.365,73.265,30.476
10.800,5,-35.694,61.576,30.476
10.800,6,36.305,61.203,30.476
10.800,7,-47.753,49.639,30.476
10.800,8,48.245,49.141,30.476
10.800,9,-59.813,37.701,30.476
10.800,10,60.186,37.078,30.476
10.800,11,-71.872,25.764,30.476
10.800,12,72.126,25.016,30.476
10.800,13,-83.932,13.826,30.476
10.800,14,84.066,12.954,30.476
10.900,0,0.489,98.306,30.480
10.900,1,-11.570,86.368,30.480
10.900,2,12.429,86.244,30.480
10.900,3,-23.630,74.431,30.480
10.900,4,24.369,74.182,30.480
10.900,5,-35.689,62.493,30.480
10.900,6,36.310,62.120,30.480
10.900,7,-47.749,50.556,30.480
10.900,8,48.250,50.058,30.480
10.900,9,-59.808,38.618,30.480
10.900,10,60.190,37.995,30.480
10.900,11,-71.868,26.680,30.480
10.900,12,72.130,25.933,30.480
10.900,13,-83.927,14.743,30.480
10.900,14,84.071,13.871,30.480
11.000,0,0.494,99.222,30.485
11.000,1,-11.566,87.284,30.485
11.000,2,12.434,87.160,30.485
11.000,3,-23.625,75.346,30.485
11.000,4,24.374,75.097,30.485
11.000,5,-35.685,63.409,30.485
11.000,6,36.314,63.035,30.485
11.000,7,-47.744,51.471,30.485
11.000,8,48.254,50.973,30.485
11.000,9,-59.804,39.533,30.485
11.000,10,60.195,38.911,30.485
11.000,11,-71.863,27.596,30.485
11.000,12,72.135,26.849,30.485
11.000,13,-83.923,15.658,30.485
11.000,14,84.075,14.787,30.485
11.100,0,0.498,100.136,30.490
11.100,1,-11.561,88.198,30.490
11.100,2,12.438,88.074,30.490
11.100,3,-23.621,76.260,30.490
11.100,4,24.379,76.012,30.490
11.100,5,-35.680,64.323,30.490
11.100,6,36.319,63.950,30.490
11.100,7,-47.740,52.385,30.490
11.100,8,48.259,51.888,30.490
11.100,9,-59.799,40.447,30.490
11.100,10,60.199,39.826,30.490
11.100,11,-71.859,28.509,30.490
11.100,12,72.139,27.764,30.490
11.100,13,-83.918,16.572,30.490
11.100,14,84.080,15.702,30.490
11.200,0,0.503,101.049,30.494
11.200,1,-11.557,89.111,30.494
11.200,2,12.443,88.987,30.494
11.200,3,-23.616,77.173,30.494
11.200,4,24.383,76.925,30.494
11.200,5,-35.676,65.236,30.494
11.200,6,36.323,64.864,30.494
11.200,7,-47.735,53.298,30.494
11.200,8,48.263,52.802,30.494
11.200,9,-59.795,41.360,30.494
11.200,10,60.204,40.740,30.494
11.200,11,-71.854,29.422,30.494
11.200,12,72.144,28.678,30.494
11.200,13,-83.914,17.484,30.494
11.200,14,84.084,16.616,30.494
11.300,0,0.507,101.961,30.499
11.300,1,-11.552,90.023,30.499
11.300,2,12.447,89.899,30.499
11.300,3,-23.612,78.085,30.499
11.300,4,24.388,77.837,30.499
11.300,5,-35.671,66.147,30.499
11.300,6,36.328,65.776,30.499
11.300,7,-47.731,54.209,30.499
11.300,8,48.268,53.714,30.499
11.300,9,-59.790,42.271,30.499
11.300,10,60.208,41.652,30.499
11.300,11,-71.850,30.333,30.499
11.300,12,72.148,29.590,30.499
11.300,13,-83.909,18.395,30.499
11.300,14,84.089,17.529,30.499
11.400,0,0.512,102.872,30.503
11.400,1,-11.548,90.933,30.503
11.400,2,12.452,90.810,30.503
11.400,3,-23.607,78.995,30.503
11.400,4,24.392,78.748,30.503
11.400,5,-35.667,67.057,30.503
11.400,6,36.332,66.687,30.503
11.400,7,-47.726,55.119,30.503
11.400,8,48.272,54.625,30.503
11.400,9,-59.786,43.181,30.503
11.400,10,60.213,42.563,30.503
11.400,11,-71.845,31.243,30.503
11.400,12,72.153,30.502,30.503
11.400,13,-83.905,19.305,30.503
11.400,14,84.093,18.440,30.503
11.500,0,0.516,103.781,30.508
11.500,1,-11.543,91.843,30.508
11.500,2,12.456,91.719,30.508
11.500,3,-23.603,79.904,30.508
11.500,4,24.397,79.658,30.508
11.500,5,-35.662,67.966,30.508
11.500,6,36.337,67.596,30.508
11.500,7,-47.722,56.028,30.508
11.500,8,48.277,55.535,30.508
11.500,9,-59.781,44.090,30.508
11.500,10,60.217,43.473,30.508
11.500,11,-71.841,32.152,30.508
11.500,12,72.157,31.412,30.508
11.500,13,-83.900,20.213,30.508
11.500,14,84.098,19.350,30.508
11.600,0,0.521,104.689,30.512
11.600,1,-11.539,92.750,30.512
11.600,2,12.461,92.627,30.512
11.600,3,-23.598,80.812,30.512
11.600,4,24.401,80.566,30.512
11.600,5,-35.658,68.874,30.512
11.600,6,36.341,68.504,30.512
11.600,7,-47.717,56.935,30.512
11.600,8,48.281,56.443,30.512
11.600,9,-59.777,44.997,30.512
11.600,10,60.222,44.382,30.512
11.600,11,-71.836,33.059,30.512
11.600,12,72.162,32.320,30.512
11.600,13,-83.896,21.120,30.512
11.600,14,84.102,20.259,30.512
11.700,0,0.525,105.595,30.517
11.700,1,-11.534,93.657,30.517
11.700,2,12.465,93.534,30.517
11.700,3,-23.594,81.718,30.517
11.700,4,24.406,81.473,30.517
11.700,5,-35.653,69.780,30.517
11.700,6,36.346,69.411,30.517
11.700,7,-47.713,57.841,30.517
11.700,8,48.286,57.350,30.517
11.700,9,-59.772,45.903,30.517
11.700,10,60.226,45.289,30.517
11.700,11,-71.832,33.964,30.517
11.700,12,72.166,33.228,30.517
11.700,13,-83.891,22.026,30.517
11.700,14,84.106,21.167,30.517
11.800,0,0.530,106.500,30.521
11.800,1,-11.530,94.562,30.521
11.800,2,12.470,94.439,30.521
11.800,3,-23.589,82.623,30.521
11.800,4,24.410,82.378,30.521
11.800,5,-35.649,70.684,30.521
11.800,6,36.350,70.317,30.521
11.800,7,-47.708,58.746,30.521
11.800,8,48.290,58.256,30.521
11.800,9,-59.768,46.807,30.521
11.800,10,60.231,46.195,30.521
11.800,11,-71.827,34.868,30.521
11.800,12,72.171,34.134,30.521
11.800,13,-83.887,22.930,30.521
11.800,14,84.111,22.073,30.521
11.900,0,0.534,107.404,30.526
11.900,1,-11.525,95.465,30.526
11.900,2,12.474,95.343,30.526
11.900,3,-23.585,83.527,30.526
11.900,4,24.415,83.282,30.526
11.900,5,-35.644,71.588,30.526
11.900,6,36.355,71.222,30.526
11.900,7,-47.704,59.649,30.526
11.900,8,48.295,59.161,30.526
11.900,9,-59.763,47.710,30.526
11.900,10,60.235,47.100,30.526
11.900,11,-71.823,35.771,30.526
11.900,12,72.175,35.039,30.526
11.900,13,-83.882,23.833,30.526
11.900,14,84.115,22.978,30.526
12.000,0,0.539,108.307,30.530
12.000,1,-11.521,96.368,30.530
12.000,2,12.479,96.246,30.530
12.000,3,-23.580,84.429,30.530
12.000,4,24.419,84.185,30.530
12.000,5,-35.640,72.490,30.530
12.000,6,36.359,72.125,30.530
12.000,7,-47.699,60.551,30.530
12.000,8,48.299,60.064,30.530
12.000,9,-59.759,48.612,30.530
12.000,10,60.240,48.003,30.530
12.000,11,-71.818,36.673,30.530
12.000,12,72.180,35.942,30.530
12.000,13,-83.878,24.734,30.530
12.000,14,84.120,23.882,30.530
12.100,0,0.543,109.208,30.535
12.100,1,-11.516,97.269,30.535
12.100,2,12.483,97.148,30.535
12.100,3,-23.576,85.330,30.535
12.100,4,24.424,85.087,30.535
12.100,5,-35.635,73.391,30.535
12.100,6,36.364,73.027,30.535
12.100,7,-47.695,61.452,30.535
12.100,8,48.304,60.966,30.535
12.100,9,-59.754,49.513,30.535
12.100,10,60.244,48.906,30.535
12.100,11,-71.814,37.574,30.535
12.100,12,72.184,36.845,30.535
12.100,13,-83.874,25.635,30.535
12.100,14,84.124,24.784,30.535
12.200,0,0.548,110.109,30.539
12.200,1,-11.512,98.170,30.539
12.200,2,12.488,98.048,30.539
12.200,3,-23.571,86.230,30.539
12.200,4,24.428,85.988,30.539
12.200,5,-35.631,74.291,30.539
12.200,6,36.368,73.928,30.539
12.200,7,-47.690,62.352,30.539
12.200,8,48.308,61.867,30.539
12.200,9,-59.750,50.412,30.539
12.200,10,60.248,49.807,30.539
12.200,11,-71.810,38.473,30.539
12.200,12,72.189,37.746,30.539
12.200,13,-83.869,26.534,30.539
12.200,14,84.129,25.686,30.539
12.300,0,0.552,111.008,30.544
12.300,1,-11.507,99.069,30.544
12.300,2,12.492,98.948,30.544
12.300,3,-23.567,87.129,30.544
12.300,4,24.433,86.888,30.544
12.300,5,-35.626,75.190,30.544
12.300,6,36.373,74.827,30.544
12.300,7,-47.686,63.250,30.544
12.300,8,48.313,62.767,30.544
12.300,9,-59.746,51.311,30.544
12.300,10,60.253,50.707,30.544
12.300,11,-71.805,39.372,30.544
12.300,12,72.193,38.647,30.544
12.300,13,-83.865,27.432,30.544
12.300,14,84.133,26.586,30.544
12.400,0,0.557,111.906,30.548
12.400,1,-11.503,99.967,30.548
12.400,2,12.497,99.846,30.548
12.400,3,-23.562,88.027,30.548
12.400,4,24.437,87.786,30.548
12.400,5,-35.622,76.088,30.548
12.400,6,36.377,75.726,30.548
12.400,7,-47.682,64.148,30.548
12.400,8,48.317,63.666,30.548
12.400,9,-59.741,52.209,30.548
12.400,10,60.257,51.606,30.548
12.400,11,-71.801,40.269,30.548
12.400,12,72.198,39.546,30.548
12.400,13,-83.860,28.329,30.548
12.400,14,84.138,27.486,30.548
12.500,0,0.561,112.804,30.553
12.500,1,-11.498,100.864,30.553
12.500,2,12.501,100.744,30.553
12.500,3,-23.558,88.924,30.553
12.500,4,24.441,88.684,30.553
12.500,5,-35.618,76.985,30.553
12.500,6,36.382,76.624,30.553
12.500,7,-47.677,65.045,30.553
12.500,8,48.322,64.564,30.553
12.500,9,-59.737,53.105,30.553
12.500,10,60.262,52.504,30.553
12.500,11,-71.796,41.165,30.553
12.500,12,72.202,40.444,30.553
12.500,13,-83.856,29.226,30.553
12.500,14,84.142,28.384,30.553
12.600,0,0.566,113.700,30.557
12.600,1,-11.494,101.760,30.557
12.600,2,12.506,101.640,30.557
12.600,3,-23.553,89.821,30.557
12.600,4,24.446,89.581,30.557
12.600,5,-35.613,77.881,30.557
12.600,6,36.386,77.521,30.557
12.600,7,-47.673,65.941,30.557
12.600,8,48.326,65.461,30.557
12.600,9,-59.732,54.001,30.557
12.600,10,60.266,53.401,30.557
12.600,11,-71.792,42.061,30.557
12.600,12,72.206,41.341,30.557
12.600,13,-83.851,30.121,30.557
12.600,14,84.147,29.282,30.557
12.700,0,0.570,114.596,30.562
12.700,1,-11.489,102.656,30.562
12.700,2,12.510,102.536,30.562
12.700,3,-23.549,90.716,30.562
12.700,4,24.450,90.477,30.562
12.700,5,-35.609,78.776,30.562
12.700,6,36.391,78.417,30.562
12.700,7,-47.668,66.836,30.562
12.700,8,48.331,66.357,30.562
12.700,9,-59.728,54.896,30.562
12.700,10,60.271,54.298,30.562
12.700,11,-71.787,42.956,30.562
12.700,12,72.211,42.238,30.562
12.700,13,-83.847,31.016,30.562
12.700,14,84.151,30.178,30.562
12.800,0,0.575,115.491,30.566
12.800,1,-11.485,103.551,30.566
12.800,2,12.515,103.431,30.566
12.800,3,-23.545,91.611,30.566
12.800,4,24.455,91.372,30.566
12.800,5,-35.604,79.671,30.566
12.800,6,36.395,79.312,30.566
12.800,7,-47.664,67.730,30.566
12.800,8,48.335,67.253,30.566
12.800,9,-59.723,55.790,30.566
12.800,10,60.275,55.193,30.566
12.800,11,-71.783,43.850,30.566
12.800,12,72.215,43.134,30.566
12.800,13,-83.842,31.910,30.566
12.800,14,84.155,31.074,30.566
12.900,0,0.579,116.385,30.571
12.900,1,-11.481,104.445,30.571
12.900,2,12.519,104.326,30.571
12.900,3,-23.540,92.505,30.571
12.900,4,24.459,92.267,30.571
12.900,5,-35.600,80.565,30.571
12.900,6,36.399,80.207,30.571
12.900,7,-47.659,68.624,30.571
12.900,8,48.340,68.148,30.571
12.900,9,-59.719,56.684,30.571
12.900,10,60.280,56.088,30.571
12.900,11,-71.778,44.744,30.571
12.900,12,72.220,44.029,30.571
12.900,13,-83.838,32.803,30.571
12.900,14,84.160,31.969,30.571
13.000,0,0.583,117.279,30.575
13.000,1,-11.476,105.339,30.575
13.000,2,12.524,105.220,30.575
13.000,3,-23.536,93.398,30.575
13.000,4,24.464,93.161,30.575
13.000,5,-35.595,81.458,30.575
13.000,6,36.404,81.101,30.575
13.000,7,-47.655,69.518,30.575
13.000,8,48.344,69.042,30.575
13.000,9,-59.714,57.577,30.575
13.000,10,60.284,56.983,30.575
13.000,11,-71.774,45.637,30.575
13.000,12,72.224,44.923,30.575
13.000,13,-83.834,33.696,30.575
13.000,14,84.164,32.864,30.575
13.100,0,0.588,118.173,30.580
13.100,1,-11.472,106.232,30.580
13.100,2,12.528,106.113,30.580
13.100,3,-23.531,94.292,30.580
13.100,4,24.468,94.054,30.580
13.100,5,-35.591,82.351,30.580
13.100,6,36.408,81.995,30.580
13.100,7,-47.650,70.411,30.580
13.100,8,48.348,69.936,30.580
13.100,9,-59.710,58.470,30.580
13.100,10,60.289,57.877,30.580
13.100,11,-71.770,46.530,30.580
13.100,12,72.229,45.817,30.580
13.100,13,-83.829,34.589,30.580
13.100,14,84.169,33.758,30.580
13.200,0,0.592,119.066,30.584
13.200,1,-11.467,107.125,30.584
13.200,2,12.532,107.007,30.584
13.200,3,-23.527,95.184,30.584
13.200,4,24.473,94.947,30.584
13.200,5,-35.586,83.244,30.584
13.200,6,36.413,82.888,30.584
13.200,7,-47.646,71.303,30.584
13.200,8,48.353,70.829,30.584
13.200,9,-59.706,59.363,30.584
13.200,10,60.293,58.770,30.584
13.200,11,-71.765,47.422,30.584
13.200,12,72.233,46.711,30.584
13.200,13,-83.825,35.481,30.584
13.200,14,84.173,34.652,30.584
13.300,0,0.597,119.958,30.588
13.300,1,-11.463,108.018,30.588
13.300,2,12.537,107.899,30.588
13.300,3,-23.522,96.077,30.588
13.300,4,24.477,95.840,30.588
13.300,5,-35.582,84.136,30.588
13.300,6,36.417,83.781,30.588
13.300,7,-47.642,72.196,30.588
13.300,8,48.357,71.722,30.588
13.300,9,-59.701,60.255,30.588
13.300,10,60.297,59.663,30.588
13.300,11,-71.761,48.314,30.588
13.300,12,72.238,47.604,30.588
13.300,13,-83.820,36.374,30.588
13.300,14,84.178,35.545,30.588
13.400,0,0.601,120.851,30.593
13.400,1,-11.458,108.910,30.593
13.400,2,12.541,108.792,30.593
13.400,3,-23.518,96.969,30.593
13.400,4,24.482,96.733,30.593
13.400,5,-35.577,85.029,30.593
13.400,6,36.422,84.674,30.593
13.400,7,-47.637,73.088,30.593
13.400,8,48.362,72.615,30.593
13.400,9,-59.697,61.147,30.593
13.400,10,60.302,60.556,30.593
13.400,11,-71.756,49.206,30.593
13.400,12,72.242,48.497,30.593
13.400,13,-83.816,37.265,30.593
13.400,14,84.182,36.438,30.593
13.500,0,0.606,121.743,30.597
13.500,1,-11.454,109.802,30.597
13.500,2,12.546,109.684,30.597
13.500,3,-23.513,97.862,30.597
13.500,4,24.486,97.626,30.597
13.500,5,-35.573,85.921,30.597
13.500,6,36.426,85.567,30.597
13.500,7,-47.633,73.980,30.597
13.500,8,48.366,73.508,30.597
13.500,9,-59.692,62.039,30.597
13.500,10,60.306,61.449,30.597
13.500,11,-71.752,50.098,30.597
13.500,12,72.246,49.390,30.597
13.500,13,-83.811,38.157,30.597
13.500,14,84.187,37.331,30.597
13.600,0,0.610,122.636,30.602
13.600,1,-11.449,110.695,30.602
13.600,2,12.550,110.577,30.602
13.600,3,-23.509,98.754,30.602
13.600,4,24.490,98.518,30.602
13.600,5,-35.569,86.813,30.602
13.600,6,36.431,86.459,30.602
13.600,7,-47.628,74.872,30.602
13.600,8,48.371,74.400,30.602
13.600,9,-59.688,62.931,30.602
13.600,10,60.311,62.342,30.602
13.600,11,-71.747,50.990,30.602
13.600,12,72.251,50.283,30.602
13.600,13,-83.807,39.049,30.602
13.600,14,84.191,38.224,30.602
13.700,0,0.615,123.528,30.606
13.700,1,-11.445,111.587,30.606
13.700,2,12.555,111.469,30.606
13.700,3,-23.505,99.646,30.606
13.700,4,24.495,99.410,30.606
13.700,5,-35.564,87.705,30.606
13.700,6,36.435,87.352,30.606
13.700,7,-47.624,75.764,30.606
13.700,8,48.375,75.293,30.606
13.700,9,-59.683,63.823,30.606
13.700,10,60.315,63.234,30.606
13.700,11,-71.743,51.882,30.606
13.700,12,72.255,51.175,30.606
13.700,13,-83.802,39.941,30.606
13.700,14,84.195,39.117,30.606
13.800,0,0.619,124.420,30.611
13.800,1,-11.441,112.479,30.611
13.800,2,12.559,112.361,30.611
13.800,3,-23.500,100.538,30.611
13.800,4,24.499,100.303,30.611
13.800,5,-35.560,88.597,30.611
13.800,6,36.439,88.244,30.611
13.800,7,-47.619,76.656,30.611
13.800,8,48.380,76.185,30.611
13.800,9,-59.679,64.715,30.611
13.800,10,60.320,64.127,30.611
13.800,11,-71.738,52.774,30.611
13.800,12,72.260,52.068,30.611
13.800,13,-83.798,40.833,30.611
13.800,14,84.200,40.009,30.611
13.900,0,0.623,125.313,30.615
13.900,1,-11.436,113.372,30.615
13.900,2,12.564,113.254,30.615
13.900,3,-23.496,101.431,30.615
13.900,4,24.504,101.195,30.615
13.900,5,-35.555,89.490,30.615
13.900,6,36.444,89.137,30.615
13.900,7,-47.615,77.548,30.615
13.900,8,48.384,77.078,30.615
13.900,9,-59.674,65.607,30.615
13.900,10,60.324,65.019,30.615
13.900,11,-71.734,53.666,30.615
13.900,12,72.264,52.961,30.615
13.900,13,-83.794,41.725,30.615
13.900,14,84.204,40.902,30.615
14.000,0,0.628,126.205,30.620
14.000,1,-11.432,114.264,30.620
14.000,2,12.568,114.147,30.620
14.000,3,-23.491,102.323,30.620
14.000,4,24.508,102.088,30.620
14.000,5,-35.551,90.382,30.620
14.000,6,36.448,90.029,30.620
14.000,7,-47.610,78.441,30.620
14.000,8,48.388,77.971,30.620
14.000,9,-59.670,66.500,30.620
14.000,10,60.329,65.912,30.620
14.000,11,-71.730,54.559,30.620
14.000,12,72.269,53.853,30.620
14.000,13,-83.789,42.618,30.620
14.000,14,84.209,41.795,30.620
14.100,0,0.632,127.098,30.624
14.100,1,-11.427,115.157,30.624
14.100,2,12.572,115.039,30.624
14.100,3,-23.487,103.216,30.624
14.100,4,24.513,102.981,30.624
14.100,5,-35.546,91.275,30.624
14.100,6,36.453,90.922,30.624
14.100,7,-47.606,79.334,30.624
14.100,8,48.393,78.864,30.624
14.100,9,-59.666,67.393,30.624
14.100,10,60.333,66.805,30.624
14.100,11,-71.725,55.452,30.624
14.100,12,72.273,54.746,30.624
14.100,13,-83.785,43.511,30.624
14.100,14,84.213,42.688,30.624
14.200,0,0.637,127.991,30.629
14.200,1,-11.423,116.050,30.629
14.200,2,12.577,115.933,30.629
14.200,3,-23.482,104.109,30.629
14.200,4,24.517,103.874,30.629
14.200,5,-35.542,92.168,30.629
14.200,6,36.457,91.815,30.629
14.200,7,-47.602,80.227,30.629
14.200,8,48.397,79.757,30.629
14.200,9,-59.661,68.286,30.629
14.200,10,60.337,67.698,30.629
14.200,11,-71.721,56.345,30.629
14.200,12,72.278,55.639,30.629
14.200,13,-83.780,44.404,30.629
14.200,14,84.218,43.581,30.629
14.300,0,0.641,128.885,30.633
14.300,1,-11.418,116.944,30.633
14.300,2,12.581,116.826,30.633
14.300,3,-23.478,105.003,30.633
14.300,4,24.521,104.767,30.633
14.300,5,-35.538,93.062,30.633
14.300,6,36.462,92.709,30.633
14.300,7,-47.597,81.120,30.633
14.300,8,48.402,80.650,30.633
14.300,9,-59.657,69.179,30.633
14.300,10,60.342,68.592,30.633
14.300,11,-71.716,57.238,30.633
14.300,12,72.282,56.533,30.633
14.300,13,-83.776,45.297,30.633
14.300,14,84.222,44.474,30.633
14.400,0,0.646,129.779,30.638
14.400,1,-11.414,117.837,30.638
14.400,2,12.586,117.720,30.638
14.400,3,-23.473,105.896,30.638
14.400,4,24.526,105.661,30.638
14.400,5,-35.533,93.955,30.638
14.400,6,36.466,93.603,30.638
14.400,7,-47.593,82.014,30.638
14.400,8,48.406,81.544,30.638
14.400,9,-59.652,70.073,30.638
14.400,10,60.346,69.485,30.638
14.400,11,-71.712,58.132,30.638
14.400,12,72.286,57.427,30.638
14.400,13,-83.771,46.191,30.638
14.400,14,84.227,45.368,30.638
14.500,0,0.650,130.673,30.642
14.500,1,-11.409,118.732,30.642
14.500,2,12.590,118.614,30.642
14.500,3,-23.469,106.791,30.642
14.500,4,24.530,106.555,30.642
14.500,5,-35.529,94.850,30.642
14.500,6,36.471,94.497,30.642
14.500,7,-47.588,82.909,30.642
14.500,8,48.411,82.438,30.642
14.500,9,-59.648,70.968,30.642
14.500,10,60.351,70.379,30.642
14.500,11,-71.707,59.026,30.642
14.500,12,72.291,58.321,30.642
14.500,13,-83.767,47.085,30.642
14.500,14,84.231,46.262,30.642
14.600,0,0.655,131.567,30.646
14.600,1,-11.405,119.626,30.646
14.600,2,12.595,119.509,30.646
14.600,3,-23.465,107.685,30.646
14.600,4,24.535,107.450,30.646
14.600,5,-35.524,95.744,30.646
14.600,6,36.475,95.391,30.646
14.600,7,-47.584,83.803,30.646
14.600,8,48.415,83.333,30.646
14.600,9,-59.643,71.862,30.646
14.600,10,60.355,71.274,30.646
14.600,11,-71.703,59.921,30.646
14.600,12,72.295,59.215,30.646
14.600,13,-83.762,47.980,30.646
14.600,14,84.236,47.157,30.646
14.700,0,0.659,132.462,30.651
14.700,1,-11.401,120.521,30.651
14.700,2,12.599,120.404,30.651
14.700,3,-23.460,108.580,30.651
14.700,4,24.539,108.345,30.651
14.700,5,-35.520,96.639,30.651
14.700,6,36.479,96.286,30.651
14.700,7,-47.579,84.698,30.651
14.700,8,48.420,84.228,30.651
14.700,9,-59.639,72.757,30.651
14.700,10,60.360,72.169,30.651
14.700,11,-71.698,60.816,30.651
14.700,12,72.300,60.110,30.651
14.700,13,-83.758,48.875,30.651
14.700,14,84.240,48.051,30.651
14.800,0,0.663,133.358,30.655
14.800,1,-11.396,121.417,30.655
14.800,2,12.604,121.299,30.655
14.800,3,-23.456,109.476,30.655
14.800,4,24.544,109.240,30.655
14.800,5,-35.515,97.535,30.655
14.800,6,36.484,97.182,30.655
14.800,7,-47.575,85.594,30.655
14.800,8,48.424,85.123,30.655
14.800,9,-59.634,73.653,30.655
14.800,10,60.364,73.064,30.655
14.800,11,-71.694,61.712,30.655
14.800,12,72.304,61.005,30.655
14.800,13,-83.754,49.771,30.655
14.800,14,84.244,48.947,30.655
14.900,0,0.668,134.254,30.660
14.900,1,-11.392,122.313,30.660
14.900,2,12.608,122.195,30.660
14.900,3,-23.451,110.372,30.660
14.900,4,24.548,110.136,30.660
14.900,5,-35.511,98.431,30.660
14.900,6,36.488,98.077,30.660
14.900,7,-47.570,86.490,30.660
14.900,8,48.429,86.019,30.660
14.900,9,-59.630,74.549,30.660
14.900,10,60.369,73.960,30.660
14.900,11,-71.689,62.608,30.660
14.900,12,72.309,61.901,30.660
14.900,13,-83.749,50.667,30.660
14.900,14,84.249,49.842,30.660
15.000,0,0.672,135.150,30.664
15.000,1,-11.387,123.209,30.664
15.000,2,12.613,123.091,30.664
15.000,3,-23.447,111.268,30.664
15.000,4,24.553,111.033,30.664
15.000,5,-35.506,99.328,30.664
15.000,6,36.493,98.974,30.664
15.000,7,-47.566,87.387,30.664
15.000,8,48.433,86.915,30.664
15.000,9,-59.625,75.446,30.664
15.000,10,60.373,74.856,30.664
15.000,11,-71.685,63.505,30.664
15.000,12,72.313,62.797,30.664
15.000,13,-83.745,51.564,30.664
15.000,14,84.253,50.738,30.664
15.100,0,0.677,136.047,30.669
15.100,1,-11.383,124.106,30.669
15.100,2,12.617,123.988,30.669
15.100,3,-23.442,112.165,30.669
15.100,4,24.557,111.929,30.669
15.100,5,-35.502,100.225,30.669
15.100,6,36.497,99.870,30.669
15.100,7,-47.561,88.284,30.669
15.100,8,48.437,87.812,30.669
15.100,9,-59.621,76.343,30.669
15.100,10,60.378,75.753,30.669
15.100,11,-71.681,64.402,30.669
15.100,12,72.318,63.694,30.669
15.100,13,-83.740,52.461,30.669
15.100,14,84.258,51.635,30.669
15.200,0,0.681,136.944,30.673
15.200,1,-11.378,125.004,30.673
15.200,2,12.621,124.886,30.673
15.200,3,-23.438,113.063,30.673
15.200,4,24.562,112.827,30.673
15.200,5,-35.497,101.122,30.673
15.200,6,36.502,100.768,30.673
15.200,7,-47.557,89.181,30.673
15.200,8,48.442,88.709,30.673
15.200,9,-59.616,77.241,30.673
15.200,10,60.382,76.650,30.673
15.200,11,-71.676,65.300,30.673
15.200,12,72.322,64.591,30.673
15.200,13,-83.736,53.359,30.673
15.200,14,84.262,52.532,30.673
15.300,0,0.686,137.842,30.678
15.300,1,-11.374,125.902,30.678
15.300,2,12.626,125.783,30.678
15.300,3,-23.433,113.961,30.678
15.300,4,24.566,113.724,30.678
15.300,5,-35.493,102.020,30.678
15.300,6,36.506,101.665,30.678
15.300,7,-47.552,90.079,30.678
15.300,8,48.446,89.606,30.678
15.300,9,-59.612,78.139,30.678
15.300,10,60.387,77.547,30.678
15.300,11,-71.672,66.198,30.678
15.300,12,72.327,65.488,30.678
15.300,13,-83.731,54.257,30.678
15.300,14,84.267,53.429,30.678
15.400,0,0.690,138.741,30.682
15.400,1,-11.369,126.800,30.682
15.400,2,12.630,126.682,30.682
15.400,3,-23.429,114.859,30.682
15.400,4,24.571,114.623,30.682
15.400,5,-35.488,102.919,30.682
15.400,6,36.511,102.563,30.682
15.400,7,-47.548,90.978,30.682
15.400,8,48.451,90.504,30.682
15.400,9,-59.608,79.037,30.682
15.400,10,60.391,78.445,30.682
15.400,11,-71.667,67.097,30.682
15.400,12,72.331,66.386,30.682
15.400,13,-83.727,55.156,30.682
15.400,14,84.271,54.327,30.682
15.500,0,0.695,139.639,30.687
15.500,1,-11.365,127.699,30.687
15.500,2,12.635,127.580,30.687
15.500,3,-23.424,115.758,30.687
15.500,4,24.575,115.521,30.687
15.500,5,-35.484,103.817,30.687
15.500,6,36.515,103.462,30.687
15.500,7,-47.544,91.877,30.687
15.500,8,48.455,91.403,30.687
15.500,9,-59.603,79.936,30.687
15.500,10,60.395,79.344,30.687
15.500,11,-71.663,67.996,30.687
15.500,12,72.336,67.285,30.687
15.500,13,-83.722,56.055,30.687
15.500,14,84.276,55.226,30.687
15.600,0,0.699,140.538,30.691
15.600,1,-11.360,128.598,30.691
15.600,2,12.639,128.479,30.691
15.600,3,-23.420,116.657,30.691
15.600,4,24.579,116.420,30.691
15.600,5,-35.479,104.717,30.691
15.600,6,36.520,104.361,30.691
15.600,7,-47.539,92.776,30.691
15.600,8,48.460,92.302,30.691
15.600,9,-59.599,80.836,30.691
15.600,10,60.400,80.243,30.691
15.600,11,-71.658,68.895,30.691
15.600,12,72.340,68.184,30.691
15.600,13,-83.718,56.955,30.691
15.600,14,84.280,56.124,30.691
15.700,0,0.704,141.438,30.696
15.700,1,-11.356,129.498,30.696
15.700,2,12.644,129.379,30.696
15.700,3,-23.415,117.557,30.696
15.700,4,24.584,117.320,30.696
15.700,5,-35.475,105.617,30.696
15.700,6,36.524,105.260,30.696
15.700,7,-47.535,93.676,30.696
15.700,8,48.464,93.201,30.696
15.700,9,-59.594,81.736,30.696
15.700,10,60.404,81.142,30.696
15.700,11,-71.654,69.795,30.696
15.700,12,72.345,69.083,30.696
15.700,13,-83.713,57.855,30.696
15.700,14,84.285,57.024,30.696
15.800,0,0.708,142.338,30.700
15.800,1,-11.351,130.398,30.700
15.800,2,12.648,130.279,30.700
15.800,3,-23.411,118.457,30.700
15.800,4,24.588,118.219,30.700
15.800,5,-35.471,106.517,30.700
15.800,6,36.529,106.160,30.700
15.800,7,-47.530,94.576,30.700
15.800,8,48.469,94.101,30.700
15.800,9,-59.590,82.636,30.700
15.800,10,60.409,82.042,30.700
15.800,11,-71.649,70.695,30.700
15.800,12,72.349,69.982,30.700
15.800,13,-83.709,58.755,30.700
15.800,14,84.289,57.923,30.700
15.900,0,0.713,143.238,30.704
15.900,1,-11.347,131.298,30.704
15.900,2,12.653,131.179,30.704
15.900,3,-23.406,119.358,30.704
15.900,4,24.593,119.120,30.704
15.900,5,-35.466,107.417,30.704
15.900,6,36.533,107.060,30.704
15.900,7,-47.526,95.477,30.704
15.900,8,48.473,95.001,30.704
15.900,9,-59.585,83.536,30.704
15.900,10,60.413,82.942,30.704
15.900,11,-71.645,71.596,30.704
15.900,12,72.354,70.882,30.704
15.900,13,-83.704,59.656,30.704
15.900,14,84.294,58.823,30.704
16.000,0,0.717,144.139,30.709
16.000,1,-11.342,132.199,30.709
16.000,2,12.657,132.080,30.709
16.000,3,-23.402,120.258,30.709
16.000,4,24.597,120.020,30.709
16.000,5,-35.462,108.318,30.709
16.000,6,36.538,107.961,30.709
16.000,7,-47.521,96.378,30.709
16.000,8,48.478,95.902,30.709
16.000,9,-59.581,84.437,30.709
16.000,10,60.418,83.842,30.709
16.000,11,-71.640,72.497,30.709
16.000,12,72.358,71.783,30.709
16.000,13,-83.700,60.557,30.709
16.000,14,84.298,59.723,30.709
16.100,0,0.722,145.040,30.713
16.100,1,-11.338,133.100,30.713
16.100,2,12.662,132.981,30.713
16.100,3,-23.398,121.159,30.713
16.100,4,24.602,120.921,30.713
16.100,5,-35.457,109.219,30.713
16.100,6,36.542,108.862,30.713
16.100,7,-47.517,97.279,30.713
16.100,8,48.482,96.802,30.713
16.100,9,-59.576,85.339,30.713
16.100,10,60.422,84.743,30.713
16.100,11,-71.636,73.398,30.713
16.100,12,72.362,72.684,30.713
16.100,13,-83.695,61.458,30.713
16.100,14,84.303,60.624,30.713
16.200,0,0.726,145.941,30.718
16.200,1,-11.333,134.001,30.718
16.200,2,12.666,133.882,30.718
16.200,3,-23.393,122.061,30.718
16.200,4,24.606,121.822,30.718
16.200,5,-35.453,110.121,30.718
16.200,6,36.547,109.763,30.718
16.200,7,-47.512,98.180,30.718
16.200,8,48.487,97.703,30.718
16.200,9,-59.572,86.240,30.718
16.200,10,60.427,85.644,30.718
16.200,11,-71.631,74.300,30.718
16.200,12,72.367,73.585,30.718
16.200,13,-83.691,62.360,30.718
16.200,14,84.307,61.525,30.718
16.300,0,0.731,146.843,30.722
16.300,1,-11.329,134.903,30.722
16.300,2,12.671,134.783,30.722
16.300,3,-23.389,122.963,30.722
16.300,4,24.611,122.724,30.722
16.300,5,-35.448,111.022,30.722
16.300,6,36.551,110.664,30.722
16.300,7,-47.508,99.082,30.722
16.300,8,48.491,98.605,30.722
16.300,9,-59.567,87.142,30.722
16.300,10,60.431,86.545,30.722
16.300,11,-71.627,75.202,30.722
16.300,12,72.371,74.486,30.722
16.300,13,-83.686,63.262,30.722
16.300,14,84.312,62.426,30.722
16.400,0,0.735,147.745,30.727
16.400,1,-11.325,135.805,30.727
16.400,2,12.675,135.685,30.727
16.400,3,-23.384,123.864,30.727
16.400,4,24.615,123.626,30.727
16.400,5,-35.444,111.924,30.727
16.400,6,36.556,111.566,30.727
16.400,7,-47.503,99.984,30.727
16.400,8,48.496,99.506,30.727
16.400,9,-59.563,88.044,30.727
16.400,10,60.436,87.447,30.727
16.400,11,-71.622,76.104,30.727
16.400,12,72.376,75.387,30.727
16.400,13,-83.682,64.164,30.727
16.400,14,84.316,63.328,30.727
16.500,0,0.740,148.647,30.731
16.500,1,-11.320,136.707,30.731
16.500,2,12.680,136.587,30.731
16.500,3,-23.380,124.767,30.731
16.500,4,24.620,124.528,30.731
16.500,5,-35.439,112.826,30.731
16.500,6,36.560,112.468,30.731
16.500,7,-47.499,100.886,30.731
16.500,8,48.500,100.408,30.731
16.500,9,-59.558,88.946,30.731
16.500,10,60.440,88.349,30.731
16.500,11,-71.618,77.006,30.731
16.500,12,72.380,76.289,30.731
16.500,13,-83.677,65.066,30.731
16.500,14,84.321,64.229,30.731
16.600,0,0.744,149.549,30.736
16.600,1,-11.316,137.609,30.736
16.600,2,12.684,137.489,30.736
16.600,3,-23.375,125.669,30.736
16.600,4,24.624,125.430,30.736
16.600,5,-35.435,113.729,30.736
16.600,6,36.564,113.370,30.736
16.600,7,-47.494,101.789,30.736
16.600,8,48.505,101.310,30.736
16.600,9,-59.554,89.849,30.736
16.600,10,60.445,89.251,30.736
16.600,11,-71.613,77.909,30.736
16.600,12,72.385,77.191,30.736
16.600,13,-83.673,65.969,30.736
16.600,14,84.325,65.131,30.736
16.700,0,0.749,150.451,30.740
16.700,1,-11.311,138.511,30.740
16.700,2,12.689,138.392,30.740
16.700,3,-23.371,126.571,30.740
16.700,4,24.629,126.332,30.740
16.700,5,-35.430,114.631,30.740
16.700,6,36.569,114.272,30.740
16.700,7,-47.490,102.691,30.740
16.700,8,48.509,102.213,30.740
16.700,9,-59.549,90.751,30.740
16.700,10,60.449,90.153,30.740
16.700,11,-71.609,78.811,30.740
16.700,12,72.389,78.093,30.740
16.700,13,-83.668,66.871,30.740
16.700,14,84.330,66.033,30.740
16.800,0,0.753,151.354,30.745
16.800,1,-11.307,139.414,30.745
16.800,2,12.693,139.294,30.745
16.800,3,-23.366,127.474,30.745
16.800,4,24.633,127.234,30.745
16.800,5,-35.426,115.534,30.745
16.800,6,36.573,115.175,30.745
16.800,7,-47.485,103.594,30.745
16.800,8,48.514,103.115,30.745
16.800,9,-59.545,91.654,30.745
16.800,10,60.454,91.055,30.745
16.800,11,-71.604,79.714,30.745
16.800,12,72.394,78.995,30.745
16.800,13,-83.664,67.774,30.745
16.800,14,84.334,66.936,30.745
16.900,0,0.757,152.256,30.749
16.900,1,-11.302,140.316,30.749
16.900,2,12.698,140.197,30.749
16.900,3,-23.362,128.376,30.749
16.900,4,24.638,128.137,30.749
16.900,5,-35.421,116.436,30.749
16.900,6,36.578,116.077,30.749
16.900,7,-47.481,104.497,30.749
16.900,8,48.518,104.017,30.749
16.900,9,-59.540,92.557,30.749
16.900,10,60.458,91.958,30.749
16.900,11,-71.600,80.617,30.749
16.900,12,72.398,79.898,30.749
16.900,13,-83.659,68.677,30.749
16.900,14,84.339,67.838,30.749
17.000,0,0.762,153.159,30.754
17.000,1,-11.298,141.219,30.754
17.000,2,12.702,141.099,30.754
17.000,3,-23.357,129.279,30.754
17.000,4,24.642,129.039,30.754
17.000,5,-35.417,117.339,30.754
17.000,6,36.582,116.980,30.754
17.000,7,-47.476,105.399,30.754
17.000,8,48.523,104.920,30.754
17.000,9,-59.536,93.459,30.754
17.000,10,60.463,92.860,30.754
17.000,11,-71.595,81.519,30.754
17.000,12,72.403,80.800,30.754
17.000,13,-83.655,69.579,30.754
17.000,14,84.343,68.740,30.754
17.100,0,0.766,154.062,30.758
17.100,1,-11.293,142.122,30.758
17.100,2,12.707,142.002,30.758
17.100,3,-23.353,130.182,30.758
17.100,4,24.647,129.942,30.758
17.100,5,-35.412,118.242,30.758
17.100,6,36.587,117.882,30.758
17.100,7,-47.472,106.302,30.758
17.100,8,48.527,105.822,30.758
17.100,9,-59.531,94.362,30.758
17.100,10,60.467,93.763,30.758
17.100,11,-71.591,82.422,30.758
17.100,12,72.407,81.703,30.758
17.100,13,-83.650,70.482,30.758
17.100,14,84.348,69.643,30.758
17.200,0,0.771,154.964,30.763
17.200,1,-11.289,143.024,30.763
17.200,2,12.711,142.904,30.763
17.200,3,-23.348,131.085,30.763
17.200,4,24.651,130.845,30.763
17.200,5,-35.408,119.145,30.763
17.200,6,36.591,118.785,30.763
17.200,7,-47.467,107.205,30.763
17.200,8,48.532,106.725,30.763
17.200,9,-59.527,95.265,30.763
17.200,10,60.472,94.665,30.763
17.200,11,-71.586,83.325,30.763
17.200,12,72.412,82.605,30.763
17.200,13,-83.646,71.385,30.763
17.200,14,84.352,70.546,30.763
17.300,0,0.775,155.867,30.767
17.300,1,-11.284,143.927,30.767
17.300,2,12.716,143.807,30.767
17.300,3,-23.344,131.987,30.767
17.300,4,24.656,131.747,30.767
17.300,5,-35.403,120.047,30.767
17.300,6,36.596,119.687,30.767
17.300,7,-47.463,108.108,30.767
17.300,8,48.536,107.628,30.767
17.300,9,-59.522,96.168,30.767
17.300,10,60.476,95.568,30.767
17.300,11,-71.582,84.228,30.767
17.300,12,72.416,83.508,30.767
17.300,13,-83.641,72.288,30.767
17.300,14,84.357,71.448,30.767
17.400,0,0.780,156.770,30.772
17.400,1,-11.280,144.830,30.772
17.400,2,12.720,144.710,30.772
17.400,3,-23.339,132.890,30.772
17.400,4,24.660,132.650,30.772
17.400,5,-35.399,120.950,30.772
17.400,6,36.600,120.590,30.772
17.400,7,-47.458,109.010,30.772
17.400,8,48.541,108.530,30.772
17.400,9,-59.518,97.070,30.772
17.400,10,60.481,96.470,30.772
17.400,11,-71.577,85.131,30.772
17.400,12,72.421,84.411,30.772
17.400,13,-83.637,73.191,30.772
17.400,14,84.361,72.351,30.772
17.500,0,0.784,157.672,30.776
17.500,1,-11.275,145.732,30.776
17.500,2,12.725,145.612,30.776
17.500,3,-23.335,133.793,30.776
17.500,4,24.665,133.553,30.776
17.500,5,-35.394,121.853,30.776
17.500,6,36.605,121.493,30.776
17.500,7,-47.454,109.913,30.776
17.500,8,48.545,109.433,30.776
17.500,9,-59.513,97.973,30.776
17.500,10,60.485,97.373,30.776
17.500,11,-71.573,86.033,30.776
17.500,12,72.425,85.313,30.776
17.500,13,-83.632,74.093,30.776
17.500,14,84.365,73.253,30.776
17.600,0,0.789,158.575,30.781
17.600,1,-11.271,146.635,30.781
17.600,2,12.729,146.515,30.781
17.600,3,-23.330,134.695,30.781
17.600,4,24.669,134.455,30.781
17.600,5,-35.390,122.755,30.781
17.600,6,36.609,122.395,30.781
17.600,7,-47.449,110.815,30.781
17.600,8,48.550,110.335,30.781
17.600,9,-59.509,98.876,30.781
17.600,10,60.490,98.275,30.781
17.600,11,-71.568,86.936,30.781
17.600,12,72.430,86.216,30.781
17.600,13,-83.628,74.996,30.781
17.600,14,84.370,74.156,30.781
17.700,0,0.793,159.477,30.785
17.700,1,-11.266,147.537,30.785
17.700,2,12.734,147.417,30.785
17.700,3,-23.326,135.598,30.785
17.700,4,24.674,135.358,30.785
17.700,5,-35.385,123.658,30.785
17.700,6,36.614,123.298,30.785
17.700,7,-47.445,111.718,30.785
17.700,8,48.554,111.238,30.785
17.700,9,-59.504,99.778,30.785
17.700,10,60.494,99.178,30.785
17.700,11,-71.564,87.838,30.785
17.700,12,72.434,87.118,30.785
17.700,13,-83.623,75.898,30.785
17.700,14,84.374,75.058,30.785
17.800,0,0.798,160.380,30.790
17.800,1,-11.262,148.440,30.790
17.800,2,12.738,148.320,30.790
17.800,3,-23.321,136.500,30.790
17.800,4,24.678,136.260,30.790
17.800,5,-35.381,124.560,30.790
17.800,6,36.618,124.200,30.790
17.800,7,-47.440,112.620,30.790
17.800,8,48.559,112.140,30.790
17.800,9,-59.500,100.680,30.790
17.800,10,60.499,100.080,30.790
17.800,11,-71.559,88.741,30.790
17.800,12,72.439,88.020,30.790
17.800,13,-83.619,76.801,30.790
17.800,14,84.379,75.960,30.790
17.900,0,0.802,161.282,30.794
17.900,1,-11.257,149.342,30.794
17.900,2,12.743,149.222,30.794
17.900,3,-23.317,137.402,30.794
17.900,4,24.683,137.162,30.794
17.900,5,-35.376,125.462,30.794
17.900,6,36.623,125.102,30.794
17.900,7,-47.436,113.523,30.794
17.900,8,48.563,113.042,30.794
17.900,9,-59.495,101.583,30.794
17.900,10,60.503,100.982,30.794
17.900,11,-71.555,89.643,30.794
17.900,12,72.443,88.923,30.794
17.900,13,-83.614,77.703,30.794
17.900,14,84.383,76.863,30.794
18.000,0,0.807,162.184,30.799
18.000,1,-11.253,150.244,30.799
18.000,2,12.747,150.124,30.799
18.000,3,-23.312,138.304,30.799
18.000,4,24.687,138.064,30.799
18.000,5,-35.372,126.364,30.799
18.000,6,36.627,126.004,30.799
18.000,7,-47.431,114.425,30.799
18.000,8,48.567,113.944,30.799
18.000,9,-59.491,102.485,30.799
18.000,10,60.508,101.885,30.799
18.000,11,-71.550,90.545,30.799
18.000,12,72.448,89.825,30.799
18.000,13,-83.610,78.605,30.799
18.000,14,84.388,77.765,30.799
18.100,0,0.811,163.086,30.803
18.100,1,-11.248,151.146,30.803
18.100,2,12.752,151.026,30.803
18.100,3,-23.308,139.206,30.803
18.100,4,24.692,138.966,30.803
18.100,5,-35.367,127.266,30.803
18.100,6,36.632,126.906,30.803
18.100,7,-47.427,115.327,30.803
18.100,8,48.572,114.846,30.803
18.100,9,-59.486,103.387,30.803
18.100,10,60.512,102.787,30.803
18.100,11,-71.546,91.447,30.803
18.100,12,72.452,90.727,30.803
18.100,13,-83.605,79.507,30.803
18.100,14,84.392,78.667,30.803
18.200,0,0.816,163.988,30.808
18.200,1,-11.244,152.048,30.808
18.200,2,12.756,151.928,30.808
18.200,3,-23.303,140.108,30.808
18.200,4,24.696,139.868,30.808
18.200,5,-35.363,128.168,30.808
18.200,6,36.636,127.808,30.808
18.200,7,-47.422,116.228,30.808
18.200,8,48.576,115.748,30.808
18.200,9,-59.482,104.288,30.808
18.200,10,60.517,103.688,30.808
18.200,11,-71.541,92.349,30.808
18.200,12,72.457,91.629,30.808
18.200,13,-83.601,80.409,30.808
18.200,14,84.397,79.569,30.808
18.300,0,0.820,164.889,30.812
18.300,1,-11.239,152.950,30.812
18.300,2,12.760,152.830,30.812
18.300,3,-23.299,141.010,30.812
18.300,4,24.701,140.770,30.812
18.300,5,-35.358,129.070,30.812
18.300,6,36.641,128.710,30.812
18.300,7,-47.418,117.130,30.812
18.300,8,48.581,116.650,30.812
18.300,9,-59.477,105.190,30.812
18.300,10,60.521,104.590,30.812
18.300,11,-71.537,93.250,30.812
18.300,12,72.461,92.530,30.812
18.300,13,-83.596,81.310,30.812
18.300,14,84.401,80.470,30.812
18.400,0,0.825,165.791,30.816
18.400,1,-11.235,153.851,30.816
18.400,2,12.765,153.731,30.816
18.400,3,-23.294,141.911,30.816
18.400,4,24.705,141.671,30.816
18.400,5,-35.354,129.971,30.816
18.400,6,36.645,129.611,30.816
18.400,7,-47.413,118.031,30.816
18.400,8,48.585,117.552,30.816
18.400,9,-59.473,106.092,30.816
18.400,10,60.526,105.492,30.816
18.400,11,-71.532,94.152,30.816
18.400,12,72.466,93.432,30.816
18.400,13,-83.592,82.212,30.816
18.400,14,84.406,81.372,30.816
18.500,0,0.829,166.692,30.821
18.500,1,-11.230,154.752,30.821
18.500,2,12.769,154.632,30.821
18.500,3,-23.290,142.812,30.821
18.500,4,24.710,142.573,30.821
18.500,5,-35.349,130.873,30.821
18.500,6,36.650,130.513,30.821
18.500,7,-47.409,118.933,30.821
18.500,8,48.590,118.453,30.821
18.500,9,-59.468,106.993,30.821
18.500,10,60.530,106.393,30.821
18.500,11,-71.528,95.053,30.821
18.500,12,72.470,94.333,30.821
18.500,13,-83.588,83.113,30.821
18.500,14,84.410,82.274,30.821
18.600,0,0.834,167.593,30.825
18.600,1,-11.226,155.654,30.825
18.600,2,12.774,155.534,30.825
18.600,3,-23.285,143.714,30.825
18.600,4,24.714,143.474,30.825
18.600,5,-35.345,131.774,30.825
18.600,6,36.654,131.414,30.825
18.600,7,-47.404,119.834,30.825
18.600,8,48.594,119.354,30.825
18.600,9,-59.464,107.894,30.825
18.600,10,60.535,107.294,30.825
18.600,11,-71.523,95.954,30.825
18.600,12,72.475,95.235,30.825
18.600,13,-83.583,84.014,30.825
18.600,14,84.415,83.175,30.825
18.700,0,0.838,168.494,30.830
18.700,1,-11.221,156.555,30.830
18.700,2,12.778,156.435,30.830
18.700,3,-23.281,144.615,30.830
18.700,4,24.719,144.375,30.830
18.700,5,-35.340,132.675,30.830
18.700,6,36.659,132.315,30.830
18.700,7,-47.400,120.735,30.830
18.700,8,48.599,120.255,30.830
18.700,9,-59.459,108.795,30.830
18.700,10,60.539,108.196,30.830
18.700,11,-71.519,96.855,30.830
18.700,12,72.479,96.136,30.830
18.700,13,-83.579,84.915,30.830
18.700,14,84.419,84.076,30.830
18.800,0,0.843,169.395,30.834
18.800,1,-11.217,157.455,30.834
18.800,2,12.783,157.336,30.834
18.800,3,-23.276,145.515,30.834
18.800,4,24.723,145.276,30.834
18.800,5,-35.336,133.575,30.834
18.800,6,36.663,133.216,30.834
18.800,7,-47.395,121.636,30.834
18.800,8,48.603,121.156,30.834
18.800,9,-59.455,109.696,30.834
18.800,10,60.544,109.096,30.834
18.800,11,-71.515,97.756,30.834
18.800,12,72.484,97.037,30.834
18.800,13,-83.574,85.816,30.834
18.800,14,84.424,84.977,30.834
18.900,0,0.847,170.296,30.839
18.900,1,-11.212,158.356,30.839
18.900,2,12.787,158.236,30.839
18.900,3,-23.272,146.416,30.839
18.900,4,24.728,146.176,30.839
18.900,5,-35.331,134.476,30.839
18.900,6,36.668,134.117,30.839
18.900,7,-47.391,122.536,30.839
18.900,8,48.608,122.057,30.839
18.900,9,-59.451,110.596,30.839
18.900,10,60.548,109.997,30.839
18.900,11,-71.510,98.656,30.839
18.900,12,72.488,97.937,30.839
18.900,13,-83.570,86.716,30.839
18.900,14,84.428,85.878,30.839
19.000,0,0.852,171.196,30.843
19.000,1,-11.208,159.257,30.843
19.000,2,12.792,159.137,30.843
19.000,3,-23.267,147.317,30.843
19.000,4,24.732,147.077,30.843
19.000,5,-35.327,135.377,30.843
19.000,6,36.672,135.017,30.843
19.000,7,-47.386,123.437,30.843
19.000,8,48.612,122.958,30.843
19.000,9,-59.446,111.497,30.843
19.000,10,60.552,110.898,30.843
19.000,11,-71.506,99.557,30.843
19.000,12,72.493,98.838,30.843
19.000,13,-83.565,87.617,30.843
19.000,14,84.433,86.778,30.843
19.100,0,0.856,172.097,30.848
19.100,1,-11.203,160.157,30.848
19.100,2,12.796,160.037,30.848
19.100,3,-23.263,148.217,30.848
19.100,4,24.737,147.977,30.848
19.100,5,-35.322,136.277,30.848
19.100,6,36.677,135.918,30.848
19.100,7,-47.382,124.337,30.848
19.100,8,48.617,123.858,30.848
19.100,9,-59.442,112.397,30.848
19.100,10,60.557,111.798,30.848
19.100,11,-71.501,100.457,30.848
19.100,12,72.497,99.739,30.848
19.100,13,-83.561,88.517,30.848
19.100,14,84.437,87.679,30.848
19.200,0,0.861,172.997,30.852
19.200,1,-11.199,161.057,30.852
19.200,2,12.801,160.937,30.852
19.200,3,-23.258,149.117,30.852
19.200,4,24.741,148.878,30.852
19.200,5,-35.318,137.177,30.852
19.200,6,36.681,136.818,30.852
19.200,7,-47.378,125.237,30.852
19.200,8,48.621,124.758,30.852
19.200,9,-59.437,113.297,30.852
19.200,10,60.561,112.699,30.852
19.200,11,-71.497,101.357,30.852
19.200,12,72.502,100.639,30.852
19.200,13,-83.556,89.417,30.852
19.200,14,84.442,88.579,30.852
19.300,0,0.865,173.897,30.857
19.300,1,-11.194,161.957,30.857
19.300,2,12.805,161.837,30.857
19.300,3,-23.254,150.017,30.857
19.300,4,24.745,149.778,30.857
19.300,5,-35.313,138.077,30.857
19.300,6,36.686,137.718,30.857
19.300,7,-47.373,126.137,30.857
19.300,8,48.626,125.658,30.857
19.300,9,-59.433,114.197,30.857
19.300,10,60.566,113.599,30.857
19.300,11,-71.492,102.257,30.857
19.300,12,72.506,101.539,30.857
19.300,13,-83.552,90.317,30.857
19.300,14,84.446,89.479,30.857
19.400,0,0.870,174.797,30.861
19.400,1,-11.190,162.857,30.861
19.400,2,12.810,162.737,30.861
19.400,3,-23.249,150.917,30.861
19.400,4,24.750,150.678,30.861
19.400,5,-35.309,138.977,30.861
19.400,6,36.690,138.618,30.861
19.400,7,-47.369,127.037,30.861
19.400,8,48.630,126.558,30.861
19.400,9,-59.428,115.097,30.861
19.400,10,60.570,114.499,30.861
19.400,11,-71.488,103.157,30.861
19.400,12,72.511,102.439,30.861
19.400,13,-83.547,91.217,30.861
19.400,14,84.451,90.380,30.861
19.500,0,0.874,175.697,30.866
19.500,1,-11.185,163.757,30.866
19.500,2,12.814,163.637,30.866
19.500,3,-23.245,151.817,30.866
19.500,4,24.754,151.578,30.866
19.500,5,-35.305,139.877,30.866
19.500,6,36.695,139.518,30.866
19.500,7,-47.364,127.937,30.866
19.500,8,48.635,127.458,30.866
19.500,9,-59.424,115.997,30.866
19.500,10,60.575,115.399,30.866
19.500,11,-71.483,104.056,30.866
19.500,12,72.515,103.339,30.866
19.500,13,-83.543,92.116,30.866
19.500,14,84.455,91.279,30.866
19.600,0,0.879,176.597,30.870
19.600,1,-11.181,164.656,30.870
19.600,2,12.819,164.537,30.870
19.600,3,-23.241,152.716,30.870
19.600,4,24.759,152.477,30.870
19.600,5,-35.300,140.776,30.870
19.600,6,36.699,140.418,30.870
19.600,7,-47.360,128.836,30.870
19.600,8,48.639,128.358,30.870
19.600,9,-59.419,116.896,30.870
19.600,10,60.579,116.299,30.870
19.600,11,-71.479,104.956,30.870
19.600,12,72.519,104.239,30.870
19.600,13,-83.538,93.016,30.870
19.600,14,84.460,92.179,30.870
19.700,0,0.883,177.496,30.875
19.700,1,-11.176,165.556,30.875
19.700,2,12.823,165.437,30.875
19.700,3,-23.236,153.616,30.875
19.700,4,24.763,153.377,30.875
19.700,5,-35.296,141.676,30.875
19.700,6,36.704,141.317,30.875
19.700,7,-47.355,129.736,30.875
19.700,8,48.644,129.258,30.875
19.700,9,-59.415,117.796,30.875
19.700,10,60.584,117.198,30.875
19.700,11,-71.474,105.855,30.875
19.700,12,72.524,105.139,30.875
19.700,13,-83.534,93.915,30.875
19.700,14,84.464,93.079,30.875
19.800,0,0.888,178.396,30.879
19.800,1,-11.172,166.455,30.879
19.800,2,12.828,166.336,30.879
19.800,3,-23.232,154.515,30.879
19.800,4,24.768,154.276,30.879
19.800,5,-35.291,142.575,30.879
19.800,6,36.708,142.217,30.879
19.800,7,-47.351,130.635,30.879
19.800,8,48.648,130.157,30.879
19.800,9,-59.410,118.695,30.879
19.800,10,60.588,118.098,30.879
19.800,11,-71.470,106.755,30.879
19.800,12,72.528,106.038,30.879
19.800,13,-83.529,94.815,30.879
19.800,14,84.469,93.979,30.879
19.900,0,0.892,179.295,30.884
19.900,1,-11.168,167.355,30.884
19.900,2,12.832,167.235,30.884
19.900,3,-23.227,155.415,30.884
19.900,4,24.772,155.176,30.884
19.900,5,-35.287,143.475,30.884
19.900,6,36.712,143.116,30.884
19.900,7,-47.346,131.534,30.884
19.900,8,48.653,131.057,30.884
19.900,9,-59.406,119.594,30.884
19.900,10,60.593,118.997,30.884
19.900,11,-71.465,107.654,30.884
19.900,12,72.533,106.938,30.884
19.900,13,-83.525,95.714,30.884
19.900,14,84.473,94.878,30.884
20.000,0,0.896,180.194,30.888
20.000,1,-11.163,168.254,30.888
20.000,2,12.837,168.135,30.888
20.000,3,-23.223,156.314,30.888
20.000,4,24.777,156.075,30.888
20.000,5,-35.282,144.374,30.888
20.000,6,36.717,144.016,30.888
20.000,7,-47.342,132.434,30.888
20.000,8,48.657,131.956,30.888
20.000,9,-59.401,120.494,30.888
20.000,10,60.597,119.897,30.888
20.000,11,-71.461,108.553,30.888
20.000,12,72.537,107.837,30.888
20.000,13,-83.520,96.613,30.888
20.000,14,84.478,95.778,30.888
20.100,0,0.901,181.094,30.893
20.100,1,-11.159,169.153,30.893
20.100,2,12.841,169.034,30.893
20.100,3,-23.218,157.213,30.893
20.100,4,24.781,156.975,30.893
20.100,5,-35.278,145.273,30.893
20.100,6,36.721,144.915,30.893
20.100,7,-47.337,133.333,30.893
20.100,8,48.662,132.855,30.893
20.100,9,-59.397,121.393,30.893
20.100,10,60.602,120.796,30.893
20.100,11,-71.456,109.452,30.893
20.100,12,72.542,108.736,30.893
20.100,13,-83.516,97.512,30.893
20.100,14,84.482,96.677,30.893
20.200,0,0.905,181.993,30.897
20.200,1,-11.154,170.053,30.897
20.200,2,12.846,169.933,30.897
20.200,3,-23.214,158.112,30.897
20.200,4,24.786,157.874,30.897
20.200,5,-35.273,146.172,30.897
20.200,6,36.726,145.814,30.897
20.200,7,-47.333,134.232,30.897
20.200,8,48.666,133.755,30.897
20.200,9,-59.392,122.292,30.897
20.200,10,60.606,121.695,30.897
20.200,11,-71.452,110.352,30.897
20.200,12,72.546,109.636,30.897
20.200,13,-83.511,98.411,30.897
20.200,14,84.486,97.576,30.897
20.300,0,0.910,182.892,30.902
20.300,1,-11.150,170.952,30.902
20.300,2,12.850,170.832,30.902
20.300,3,-23.209,159.011,30.902
20.300,4,24.790,158.773,30.902
20.300,5,-35.269,147.071,30.902
20.300,6,36.730,146.713,30.902
20.300,7,-47.328,135.131,30.902
20.300,8,48.671,134.654,30.902
20.300,9,-59.388,123.191,30.902
20.300,10,60.611,122.594,30.902
20.300,11,-71.447,111.251,30.902
20.300,12,72.551,110.535,30.902
20.300,13,-83.507,99.310,30.902
20.300,14,84.491,98.475,30.902
20.400,0,0.914,183.791,30.906
20.400,1,-11.145,171.851,30.906
20.400,2,12.855,171.731,30.906
20.400,3,-23.205,159.911,30.906
20.400,4,24.795,159.672,30.906
20.400,5,-35.264,147.970,30.906
20.400,6,36.735,147.612,30.906
20.400,7,-47.324,136.030,30.906
20.400,8,48.675,135.553,30.906
20.400,9,-59.383,124.090,30.906
20.400,10,60.615,123.494,30.906
20.400,11,-71.443,112.150,30.906
20.400,12,72.555,111.434,30.906
20.400,13,-83.502,100.209,30.906
20.400,14,84.495,99.375,30.906
20.500,0,0.919,184.690,30.911
20.500,1,-11.141,172.750,30.911
20.500,2,12.859,172.631,30.911
20.500,3,-23.200,160.810,30.911
20.500,4,24.799,160.571,30.911
20.500,5,-35.260,148.869,30.911
20.500,6,36.739,148.512,30.911
20.500,7,-47.319,136.929,30.911
20.500,8,48.679,136.452,30.911
20.500,9,-59.379,124.989,30.911
20.500,10,60.620,124.393,30.911
20.500,11,-71.438,113.049,30.911
20.500,12,72.560,112.333,30.911
20.500,13,-83.498,101.108,30.911
20.500,14,84.500,100.274,30.911
20.600,0,0.923,185.589,30.915
20.600,1,-11.136,173.649,30.915
20.600,2,12.863,173.530,30.915
20.600,3,-23.196,161.709,30.915
20.600,4,24.804,161.470,30.915
20.600,5,-35.255,149.768,30.915
20.600,6,36.744,149.411,30.915
20.600,7,-47.315,137.828,30.915
20.600,8,48.684,137.351,30.915
20.600,9,-59.374,125.888,30.915
20.600,10,60.624,125.292,30.915
20.600,11,-71.434,113.948,30.915
20.600,12,72.564,113.232,30.915
20.600,13,-83.494,102.007,30.915
20.600,14,84.504,101.173,30.915
20.700,0,0.928,186.488,30.920
20.700,1,-11.132,174.548,30.920
20.700,2,12.868,174.429,30.920
20.700,3,-23.191,162.608,30.920
20.700,4,24.808,162.369,30.920
20.700,5,-35.251,150.667,30.920
20.700,6,36.748,150.310,30.920
20.700,7,-47.310,138.727,30.920
20.700,8,48.688,138.250,30.920
20.700,9,-59.370,126.787,30.920
20.700,10,60.629,126.191,30.920
20.700,11,-71.430,114.847,30.920
20.700,12,72.569,114.131,30.920
20.700,13,-83.489,102.906,30.920
20.700,14,84.509,102.072,30.920
20.800,0,0.932,187.387,30.924
20.800,1,-11.127,175.447,30.924
20.800,2,12.872,175.328,30.924
20.800,3,-23.187,163.507,30.924
20.800,4,24.813,163.268,30.924
20.800,5,-35.246,151.566,30.924
20.800,6,36.753,151.209,30.924
20.800,7,-47.306,139.626,30.924
20.800,8,48.693,139.149,30.924
20.800,9,-59.365,127.686,30.924
20.800,10,60.633,127.090,30.924
20.800,11,-71.425,115.746,30.924
20.800,12,72.573,115.030,30.924
20.800,13,-83.485,103.805,30.924
20.800,14,84.513,102.971,30.924
20.900,0,0.937,188.286,30.928
20.900,1,-11.123,176.346,30.928
20.900,2,12.877,176.227,30.928
20.900,3,-23.182,164.406,30.928
20.900,4,24.817,164.167,30.928
20.900,5,-35.242,152.465,30.928
20.900,6,36.757,152.108,30.928
20.900,7,-47.301,140.525,30.928
20.900,8,48.697,140.048,30.928
20.900,9,-59.361,128.585,30.928
20.900,10,60.638,127.989,30.928
20.900,11,-71.421,116.645,30.928
20.900,12,72.578,115.929,30.928
20.900,13,-83.480,104.704,30.928
20.900,14,84.518,103.870,30.928
21.000,0,0.941,189.185,30.933
21.000,1,-11.118,177.245,30.933
21.000,2,12.881,177.126,30.933
21.000,3,-23.178,165.305,30.933
21.000,4,24.822,165.066,30.933
21.000,5,-35.237,153.364,30.933
21.000,6,36.762,153.007,30.933
21.000,7,-47.297,141.424,30.933
21.000,8,48.702,140.947,30.933
21.000,9,-59.357,129.484,30.933
21.000,10,60.642,128.888,30.933
21.000,11,-71.416,117.544,30.933
21.000,12,72.582,116.828,30.933
21.000,13,-83.476,105.603,30.933
21.000,14,84.522,104.769,30.933
21.100,0,0.946,190.084,30.937
21.100,1,-11.114,178.144,30.937
21.100,2,12.886,178.025,30.937
21.100,3,-23.173,166.204,30.937
21.100,4,24.826,165.965,30.937
21.100,5,-35.233,154.263,30.937
21.100,6,36.766,153.906,30.937
21.100,7,-47.293,142.323,30.937
21.100,8,48.706,141.846,30.937
21.100,9,-59.352,130.383,30.937
21.100,10,60.646,129.787,30.937
21.100,11,-71.412,118.443,30.937
21.100,12,72.587,117.728,30.937
21.100,13,-83.471,106.502,30.937
21.100,14,84.527,105.668,30.937
21.200,0,0.950,190.983,30.942
21.200,1,-11.109,179.043,30.942
21.200,2,12.890,178.924,30.942
21.200,3,-23.169,167.103,30.942
21.200,4,24.830,166.864,30.942
21.200,5,-35.228,155.162,30.942
21.200,6,36.771,154.805,30.942
21.200,7,-47.288,143.222,30.942
21.200,8,48.711,142.746,30.942
21.200,9,-59.348,131.282,30.942
21.200,10,60.651,130.686,30.942
21.200,11,-71.407,119.342,30.942
21.200,12,72.591,118.627,30.942
21.200,13,-83.467,107.401,30.942
21.200,14,84.531,106.567,30.942
21.300,0,0.955,191.882,30.946
21.300,1,-11.105,179.942,30.946
21.300,2,12.895,179.823,30.946
21.300,3,-23.164,168.002,30.946
21.300,4,24.835,167.764,30.946
21.300,5,-35.224,156.062,30.946
21.300,6,36.775,155.704,30.946
21.300,7,-47.284,144.121,30.946
21.300,8,48.715,143.645,30.946
21.300,9,-59.343,132.181,30.946
21.300,10,60.655,131.585,30.946
21.300,11,-71.403,120.241,30.946
21.300,12,72.596,119.526,30.946
21.300,13,-83.462,108.301,30.946
21.300,14,84.536,107.466,30.946
21.400,0,0.959,192.782,30.951
21.400,1,-11.100,180.841,30.951
21.400,2,12.899,180.722,30.951
21.400,3,-23.160,168.901,30.951
21.400,4,24.839,168.663,30.951
21.400,5,-35.220,156.961,30.951
21.400,6,36.780,156.603,30.951
21.400,7,-47.279,145.021,30.951
21.400,8,48.720,144.544,30.951
21.400,9,-59.339,133.080,30.951
21.400,10,60.660,132.484,30.951
21.400,11,-71.398,121.140,30.951
21.400,12,72.600,120.425,30.951
21.400,13,-83.458,109.200,30.951
21.400,14,84.540,108.365,30.951
21.500,0,0.964,193.681,30.955
21.500,1,-11.096,181.740,30.955
21.500,2,12.904,181.621,30.955
21.500,3,-23.156,169.800,30.955
21.500,4,24.844,169.562,30.955
21.500,5,-35.215,157.860,30.955
21.500,6,36.784,157.502,30.955
21.500,7,-47.275,145.920,30.955
21.500,8,48.724,145.443,30.955
21.500,9,-59.334,133.979,30.955
21.500,10,60.664,133.384,30.955
21.500,11,-71.394,122.039,30.955
21.500,12,72.604,121.324,30.955
21.500,13,-83.453,110.099,30.955
21.500,14,84.545,109.265,30.955
21.600,0,0.968,194.580,30.960
21.600,1,-11.091,182.640,30.960
21.600,2,12.908,182.521,30.960
21.600,3,-23.151,170.699,30.960
21.600,4,24.848,170.461,30.960
21.600,5,-35.211,158.759,30.960
21.600,6,36.789,158.402,30.960
21.600,7,-47.270,146.819,30.960
21.600,8,48.729,146.342,30.960
21.600,9,-59.330,134.879,30.960
21.600,10,60.669,134.283,30.960
21.600,11,-71.389,122.938,30.960
21.600,12,72.609,122.223,30.960
21.600,13,-83.449,110.998,30.960
21.600,14,84.549,110.164,30.960
21.700,0,0.973,195.479,30.964
21.700,1,-11.087,183.539,30.964
21.700,2,12.913,183.420,30.964
21.700,3,-23.147,171.599,30.964
21.700,4,24.853,171.360,30.964
21.700,5,-35.206,159.659,30.964
21.700,6,36.793,159.301,30.964
21.700,7,-47.266,147.718,30.964
21.700,8,48.733,147.242,30.964
21.700,9,-59.325,135.778,30.964
21.700,10,60.673,135.182,30.964
21.700,11,-71.385,123.838,30.964
21.700,12,72.613,123.123,30.964
21.700,13,-83.444,111.897,30.964
21.700,14,84.554,111.063,30.964
21.800,0,0.977,196.379,30.969
21.800,1,-11.083,184.438,30.969
21.800,2,12.917,184.319,30.969
21.800,3,-23.142,172.498,30.969
21.800,4,24.857,172.260,30.969
21.800,5,-35.202,160.558,30.969
21.800,6,36.797,160.200,30.969
21.800,7,-47.261,148.618,30.969
21.800,8,48.738,148.141,30.969
21.800,9,-59.321,136.677,30.969
21.800,10,60.678,136.081,30.969
21.800,11,-71.380,124.737,30.969
21.800,12,72.618,124.022,30.969
21.800,13,-83.440,112.797,30.969
21.800,14,84.558,111.963,30.969
21.900,0,0.981,197.278,30.973
21.900,1,-11.078,185.338,30.973
21.900,2,12.922,185.219,30.973
21.900,3,-23.138,173.398,30.973
21.900,4,24.862,173.159,30.973
21.900,5,-35.197,161.457,30.973
21.900,6,36.802,161.100,30.973
21.900,7,-47.257,149.517,30.973
21.900,8,48.742,149.040,30.973
21.900,9,-59.316,137.577,30.973
21.900,10,60.682,136.981,30.973
21.900,11,-71.376,125.637,30.973
21.900,12,72.622,124.921,30.973
21.900,13,-83.435,113.696,30.973
21.900,14,84.563,112.862,30.973
22.000,0,0.986,198.178,30.978
22.000,1,-11.074,186.237,30.978
22.000,2,12.926,186.118,30.978
22.000,3,-23.133,174.297,30.978
22.000,4,24.866,174.059,30.978
22.000,5,-35.193,162.357,30.978
22.000,6,36.806,161.999,30.978
22.000,7,-47.252,150.417,30.978
22.000,8,48.747,149.940,30.978
22.000,9,-59.312,138.476,30.978
22.000,10,60.687,137.880,30.978
22.000,11,-71.371,126.536,30.978
22.000,12,72.627,125.821,30.978
22.000,13,-83.431,114.596,30.978
22.000,14,84.567,113.761,30.978
22.100,0,0.990,199.077,30.982
22.100,1,-11.069,187.137,30.982
22.100,2,12.931,187.018,30.982
22.100,3,-23.129,175.197,30.982
22.100,4,24.871,174.958,30.982
22.100,5,-35.188,163.256,30.982
22.100,6,36.811,162.899,30.982
22.100,7,-47.248,151.316,30.982
22.100,8,48.751,150.839,30.982
22.100,9,-59.307,139.376,30.982
22.100,10,60.691,138.780,30.982
22.100,11,-71.367,127.436,30.982
22.100,12,72.631,126.720,30.982
22.100,13,-83.426,115.495,30.982
22.100,14,84.571,114.661,30.982
22.200,0,0.995,199.977,30.987
22.200,1,-11.065,188.036,30.987
22.200,2,12.935,187.917,30.987
22.200,3,-23.124,176.096,30.987
22.200,4,24.875,175.858,30.987
22.200,5,-35.184,164.156,30.987
22.200,6,36.815,163.798,30.987
22.200,7,-47.243,152.216,30.987
22.200,8,48.756,151.739,30.987
22.200,9,-59.303,140.275,30.987
22.200,10,60.696,139.679,30.987
22.200,11,-71.362,128.335,30.987
22.200,12,72.636,127.620,30.987
22.200,13,-83.422,116.395,30.987
22.200,14,84.576,115.560,30.987
22.300,0,0.999,200.876,30.991
22.300,1,-11.060,188.936,30.991
22.300,2,12.940,188.817,30.991
22.300,3,-23.120,176.996,30.991
22.300,4,24.880,176.757,30.991
22.300,5,-35.179,165.056,30.991
22.300,6,36.820,164.698,30.991
22.300,7,-47.239,153.115,30.991
22.300,8,48.760,152.638,30.991
22.300,9,-59.298,141.175,30.991
22.300,10,60.700,140.579,30.991
22.300,11,-71.358,129.235,30.991
22.300,12,72.640,128.519,30.991
22.300,13,-83.417,117.295,30.991
22.300,14,84.580,116.460,30.991
22.400,0,1.004,201.776,30.996
22.400,1,-11.056,189.836,30.996
22.400,2,12.944,189.716,30.996
22.400,3,-23.115,177.895,30.996
22.400,4,24.884,177.657,30.996
22.400,5,-35.175,165.955,30.996
22.400,6,36.824,165.597,30.996
22.400,7,-47.234,154.015,30.996
22.400,8,48.764,153.538,30.996
22.400,9,-59.294,142.075,30.996
22.400,10,60.705,141.479,30.996
22.400,11,-71.353,130.135,30.996
22.400,12,72.645,129.419,30.996
22.400,13,-83.413,118.194,30.996
22.400,14,84.585,117.360,30.996
22.500,0,1.008,202.676,31.000
22.500,1,-11.051,190.735,31.000
22.500,2,12.948,190.616,31.000
22.500,3,-23.111,178.795,31.000
22.500,4,24.889,178.557,31.000
22.500,5,-35.170,166.855,31.000
22.500,6,36.829,166.497,31.000
22.500,7,-47.230,154.915,31.000
22.500,8,48.769,154.438,31.000
22.500,9,-59.289,142.975,31.000
22.500,10,60.709,142.378,31.000
22.500,11,-71.349,131.034,31.000
22.500,12,72.649,130.319,31.000
22.500,13,-83.409,119.094,31.000
22.500,14,84.589,118.259,31.000
22.600,0,1.013,203.575,31.005
22.600,1,-11.047,191.635,31.005
22.600,2,12.953,191.516,31.005
22.600,3,-23.106,179.695,31.005
22.600,4,24.893,179.456,31.005
22.600,5,-35.166,167.755,31.005
22.600,6,36.833,167.397,31.005
22.600,7,-47.225,155.815,31.005
22.600,8,48.773,155.338,31.005
22.600,9,-59.285,143.874,31.005
22.600,10,60.714,143.278,31.005
22.600,11,-71.345,131.934,31.005
22.600,12,72.654,131.219,31.005
22.600,13,-83.404,119.994,31.005
22.600,14,84.594,119.159,31.005
22.700,0,1.017,204.475,31.009
22.700,1,-11.042,192.535,31.009
22.700,2,12.957,192.416,31.009
22.700,3,-23.102,180.595,31.009
22.700,4,24.898,180.356,31.009
22.700,5,-35.161,168.655,31.009
22.700,6,36.838,168.297,31.009
22.700,7,-47.221,156.715,31.009
22.700,8,48.778,156.237,31.009
22.700,9,-59.280,144.774,31.009
22.700,10,60.718,144.178,31.009
22.700,11,-71.340,132.834,31.009
22.700,12,72.658,132.118,31.009
22.700,13,-83.400,120.894,31.009
22.700,14,84.598,120.059,31.009
22.800,0,1.022,205.375,31.014
22.800,1,-11.038,193.435,31.014
22.800,2,12.962,193.316,31.014
22.800,3,-23.097,181.495,31.014
22.800,4,24.902,181.256,31.014
22.800,5,-35.157,169.555,31.014
22.800,6,36.842,169.197,31.014
22.800,7,-47.216,157.614,31.014
22.800,8,48.782,157.137,31.014
22.800,9,-59.276,145.674,31.014
22.800,10,60.723,145.078,31.014
22.800,11,-71.336,133.734,31.014
22.800,12,72.663,133.018,31.014
22.800,13,-83.395,121.794,31.014
22.800,14,84.603,120.959,31.014
22.900,0,1.026,206.275,31.018
22.900,1,-11.033,194.335,31.018
22.900,2,12.966,194.216,31.018
22.900,3,-23.093,182.395,31.018
22.900,4,24.907,182.156,31.018
22.900,5,-35.152,170.455,31.018
22.900,6,36.847,170.097,31.018
22.900,7,-47.212,158.514,31.018
22.900,8,48.787,158.037,31.018
22.900,9,-59.272,146.574,31.018
22.900,10,60.727,145.978,31.018
22.900,11,-71.331,134.634,31.018
22.900,12,72.667,133.918,31.018
22.900,13,-83.391,122.694,31.018
22.900,14,84.607,121.859,31.018
23.000,0,1.031,207.175,31.022
23.000,1,-11.029,195.235,31.022
23.000,2,12.971,195.116,31.022
23.000,3,-23.088,183.295,31.022
23.000,4,24.911,183.056,31.022
23.000,5,-35.148,171.355,31.022
23.000,6,36.851,170.997,31.022
23.000,7,-47.207,159.414,31.022
23.000,8,48.791,158.937,31.022
23.000,9,-59.267,147.474,31.022
23.000,10,60.731,146.878,31.022
23.000,11,-71.327,135.534,31.022
23.000,12,72.672,134.818,31.022
23.000,13,-83.386,123.594,31.022
23.000,14,84.612,122.759,31.022
23.100,0,1.035,208.075,31.027
23.100,1,-11.024,196.135,31.027
23.100,2,12.975,196.016,31.027
23.100,3,-23.084,184.195,31.027
23.100,4,24.916,183.956,31.027
23.100,5,-35.143,172.255,31.027
23.100,6,36.856,171.897,31.027
23.100,7,-47.203,160.315,31.027
23.100,8,48.796,159.837,31.027
23.100,9,-59.263,148.374,31.027
23.100,10,60.736,147.778,31.027
23.100,11,-71.322,136.434,31.027
23.100,12,72.676,135.718,31.027
23.100,13,-83.382,124.494,31.027
23.100,14,84.616,123.659,31.027
23.200,0,1.040,208.975,31.031
23.200,1,-11.020,197.035,31.031
23.200,2,12.980,196.916,31.031
23.200,3,-23.079,185.095,31.031
23.200,4,24.920,184.856,31.031
23.200,5,-35.139,173.155,31.031
23.200,6,36.860,172.797,31.031
23.200,7,-47.199,161.215,31.031
23.200,8,48.800,160.737,31.031
23.200,9,-59.258,149.275,31.031
23.200,10,60.740,148.678,31.031
23.200,11,-71.318,137.334,31.031
23.200,12,72.681,136.618,31.031
23.200,13,-83.377,125.394,31.031
23.200,14,84.621,124.559,31.031
23.300,0,1.044,209.875,31.036
23.300,1,-11.015,197.935,31.036
23.300,2,12.984,197.816,31.036
23.300,3,-23.075,185.995,31.036
23.300,4,24.924,185.756,31.036
23.300,5,-35.135,174.055,31.036
23.300,6,36.865,173.697,31.036
23.300,7,-47.194,162.115,31.036
23.300,8,48.805,161.637,31.036
23.300,9,-59.254,150.175,31.036
23.300,10,60.745,149.578,31.036
23.300,11,-71.313,138.235,31.036
23.300,12,72.685,137.518,31.036
23.300,13,-83.373,126.294,31.036
23.300,14,84.625,125.459,31.036
23.400,0,1.049,210.776,31.040
23.400,1,-11.011,198.836,31.040
23.400,2,12.989,198.716,31.040
23.400,3,-23.070,186.895,31.040
23.400,4,24.929,186.657,31.040
23.400,5,-35.130,174.955,31.040
23.400,6,36.869,174.597,31.040
23.400,7,-47.190,163.015,31.040
23.400,8,48.809,162.537,31.040
23.400,9,-59.249,151.075,31.040
23.400,10,60.749,150.478,31.040
23.400,11,-71.309,139.135,31.040
23.400,12,72.690,138.418,31.040
23.400,13,-83.368,127.195,31.040
23.400,14,84.630,126.359,31.040
23.500,0,1.053,211.676,31.045
23.500,1,-11.006,199.736,31.045
23.500,2,12.993,199.616,31.045
23.500,3,-23.066,187.796,31.045
23.500,4,24.933,187.557,31.045
23.500,5,-35.126,175.855,31.045
23.500,6,36.874,175.497,31.045
23.500,7,-47.185,163.915,31.045
23.500,8,48.814,163.438,31.045
23.500,9,-59.245,151.975,31.045
23.500,10,60.754,151.378,31.045
23.500,11,-71.304,140.035,31.045
23.500,12,72.694,139.319,31.045
23.500,13,-83.364,128.095,31.045
23.500,14,84.634,127.259,31.045
23.600,0,1.058,212.576,31.049
23.600,1,-11.002,200.636,31.049
23.600,2,12.998,200.517,31.049
23.600,3,-23.062,188.696,31.049
23.600,4,24.938,188.457,31.049
23.600,5,-35.121,176.756,31.049
23.600,6,36.878,176.397,31.049
23.600,7,-47.181,164.815,31.049
23.600,8,48.818,164.338,31.049
23.600,9,-59.240,152.875,31.049
23.600,10,60.758,152.278,31.049
23.600,11,-71.300,140.935,31.049
23.600,12,72.698,140.219,31.049
23.600,13,-83.359,128.995,31.049
23.600,14,84.639,128.159,31.049
23.700,0,1.062,213.476,31.054
23.700,1,-10.997,201.536,31.054
23.700,2,13.002,201.417,31.054
23.700,3,-23.057,189.596,31.054
23.700,4,24.942,189.357,31.054
23.700,5,-35.117,177.656,31.054
23.700,6,36.883,177.298,31.054
23.700,7,-47.176,165.716,31.054
23.700,8,48.823,165.238,31.054
23.700,9,-59.236,153.776,31.054
23.700,10,60.763,153.179,31.054
23.700,11,-71.295,141.835,31.054
23.700,12,72.703,141.119,31.054
23.700,13,-83.355,129.895,31.054
23.700,14,84.643,129.059,31.054
23.800,0,1.067,214.377,31.058
23.800,1,-10.993,202.436,31.058
23.800,2,13.007,202.317,31.058
23.800,3,-23.053,190.496,31.058
23.800,4,24.947,190.257,31.058
23.800,5,-35.112,178.556,31.058
23.800,6,36.887,178.198,31.058
23.800,7,-47.172,166.616,31.058
23.800,8,48.827,166.138,31.058
23.800,9,-59.231,154.676,31.058
23.800,10,60.767,154.079,31.058
23.800,11,-71.291,142.736,31.058
23.800,12,72.707,142.019,31.058
23.800,13,-83.350,130.796,31.058
23.800,14,84.648,129.960,31.058
23.900,0,1.071,215.277,31.063
23.900,1,-10.989,203.337,31.063
23.900,2,13.011,203.217,31.063
23.900,3,-23.048,191.397,31.063
23.900,4,24.951,191.158,31.063
23.900,5,-35.108,179.456,31.063
23.900,6,36.891,179.098,31.063
23.900,7,-47.167,167.516,31.063
23.900,8,48.832,167.039,31.063
23.900,9,-59.227,155.576,31.063
23.900,10,60.772,154.979,31.063
23.900,11,-71.286,143.636,31.063
23.900,12,72.712,142.919,31.063
23.900,13,-83.346,131.696,31.063
23.900,14,84.652,130.860,31.063
24.000,0,1.076,216.177,31.067
24.000,1,-10.984,204.237,31.067
24.000,2,13.016,204.118,31.067
24.000,3,-23.044,192.297,31.067
24.000,4,24.956,192.058,31.067
24.000,5,-35.103,180.357,31.067
24.000,6,36.896,179.998,31.067
24.000,7,-47.163,168.417,31.067
24.000,8,48.836,167.939,31.067
24.000,9,-59.222,156.477,31.067
24.000,10,60.776,155.879,31.067
24.000,11,-71.282,144.536,31.067
24.000,12,72.716,143.820,31.067
24.000,13,-83.341,132.596,31.067
24.000,14,84.657,131.760,31.067
24.100,0,1.080,217.077,31.072
24.100,1,-10.980,205.137,31.072
24.100,2,13.020,205.018,31.072
24.100,3,-23.039,193.197,31.072
24.100,4,24.960,192.958,31.072
24.100,5,-35.099,181.257,31.072
24.100,6,36.900,180.899,31.072
24.100,7,-47.158,169.317,31.072
24.100,8,48.841,168.839,31.072
24.100,9,-59.218,157.377,31.072
24.100,10,60.781,156.780,31.072
24.100,11,-71.277,145.437,31.072
24.100,12,72.721,144.720,31.072
24.100,13,-83.337,133.497,31.072
24.100,14,84.661,132.660,31.072
24.200,0,1.084,217.978,31.076
24.200,1,-10.975,206.038,31.076
24.200,2,13.025,205.918,31.076
24.200,3,-23.035,194.098,31.076
24.200,4,24.965,193.859,31.076
24.200,5,-35.094,182.157,31.076
24.200,6,36.905,181.799,31.076
24.200,7,-47.154,170.217,31.076
24.200,8,48.845,169.739,31.076
24.200,9,-59.213,158.277,31.076
24.200,10,60.785,157.680,31.076
24.200,11,-71.273,146.337,31.076
24.200,12,72.725,145.620,31.076
24.200,13,-83.332,134.397,31.076
24.200,14,84.666,133.561,31.076
24.300,0,1.089,218.878,31.081
24.300,1,-10.971,206.938,31.081
24.300,2,13.029,206.819,31.081
24.300,3,-23.030,194.998,31.081
24.300,4,24.969,194.759,31.081
24.300,5,-35.090,183.058,31.081
24.300,6,36.909,182.699,31.081
24.300,7,-47.149,171.118,31.081
24.300,8,48.850,170.640,31.081
24.300,9,-59.209,159.178,31.081
24.300,10,60.790,158.580,31.081
24.300,11,-71.268,147.237,31.081
24.300,12,72.730,146.521,31.081
24.300,13,-83.328,135.297,31.081
24.300,14,84.670,134.461,31.081
24.400,0,1.093,219.778,31.085
24.400,1,-10.966,207.838,31.085
24.400,2,13.034,207.719,31.085
24.400,3,-23.026,195.898,31.085
24.400,4,24.974,195.659,31.085
24.400,5,-35.085,183.958,31.085
24.400,6,36.914,183.600,31.085
24.400,7,-47.145,172.018,31.085
24.400,8,48.854,171.540,31.085
24.400,9,-59.204,160.078,31.085
24.400,10,60.794,159.480,31.085
24.400,11,-71.264,148.138,31.085
24.400,12,72.734,147.421,31.085
24.400,13,-83.323,136.198,31.085
24.400,14,84.674,135.361,31.085
24.500,0,1.098,220.679,31.090
24.500,1,-10.962,208.739,31.090
24.500,2,13.038,208.619,31.090
24.500,3,-23.021,196.799,31.090
24.500,4,24.978,196.560,31.090
24.500,5,-35.081,184.858,31.090
24.500,6,36.918,184.500,31.090
24.500,7,-47.140,172.918,31.090
24.500,8,48.859,172.440,31.090
24.500,9,-59.200,160.978,31.090
24.500,10,60.799,160.381,31.090
24.500,11,-71.259,149.038,31.090
24.500,12,72.739,148.321,31.090
24.500,13,-83.319,137.098,31.090
24.500,14,84.679,136.262,31.090
24.600,0,1.102,221.579,31.094
24.600,1,-10.957,209.639,31.094
24.600,2,13.043,209.519,31.094
24.600,3,-23.017,197.699,31.094
24.600,4,24.983,197.460,31.094
24.600,5,-35.076,185.759,31.094
24.600,6,36.923,185.400,31.094
24.600,7,-47.136,173.819,31.094
24.600,8,48.863,173.341,31.094
24.600,9,-59.195,161.878,31.094
24.600,10,60.803,161.281,31.094
24.600,11,-71.255,149.938,31.094
24.600,12,72.743,149.221,31.094
24.600,13,-83.314,137.998,31.094
24.600,14,84.683,137.162,31.094
24.700,0,1.107,222.479,31.099
24.700,1,-10.953,210.539,31.099
24.700,2,13.047,210.420,31.099
24.700,3,-23.012,198.599,31.099
24.700,4,24.987,198.360,31.099
24.700,5,-35.072,186.659,31.099
24.700,6,36.927,186.301,31.099
24.700,7,-47.131,174.719,31.099
24.700,8,48.867,174.241,31.099
24.700,9,-59.191,162.779,31.099
24.700,10,60.808,162.181,31.099
24.700,11,-71.250,150.839,31.099
24.700,12,72.748,150.122,31.099
24.700,13,-83.310,138.899,31.099
24.700,14,84.688,138.062,31.099
24.800,0,1.111,223.380,31.103
24.800,1,-10.948,211.440,31.103
24.800,2,13.051,211.320,31.103
24.800,3,-23.008,199.499,31.103
24.800,4,24.992,199.260,31.103
24.800,5,-35.067,187.559,31.103
24.800,6,36.932,187.201,31.103
24.800,7,-47.127,175.619,31.103
24.800,8,48.872,175.141,31.103
24.800,9,-59.186,163.679,31.103
24.800,10,60.812,163.082,31.103
24.800,11,-71.246,151.739,31.103
24.800,12,72.752,151.022,31.103
24.800,13,-83.306,139.799,31.103
24.800,14,84.692,138.962,31.103
24.900,0,1.116,224.280,31.108
24.900,1,-10.944,212.340,31.108
24.900,2,13.056,212.220,31.108
24.900,3,-23.003,200.400,31.108
24.900,4,24.996,200.161,31.108
24.900,5,-35.063,188.460,31.108
24.900,6,36.936,188.101,31.108
24.900,7,-47.122,176.519,31.108
24.900,8,48.876,176.042,31.108
24.900,9,-59.182,164.579,31.108
24.900,10,60.817,163.982,31.108
24.900,11,-71.241,152.639,31.108
24.900,12,72.757,151.922,31.108
24.900,13,-83.301,140.699,31.108
24.900,14,84.697,139.863,31.108
25.000,0,1.120,225.180,31.112
25.000,1,-10.939,213.240,31.112
25.000,2,13.060,213.121,31.112
25.000,3,-22.999,201.300,31.112
25.000,4,25.001,201.061,31.112
25.000,5,-35.058,189.360,31.112
25.000,6,36.941,189.001,31.112
25.000,7,-47.118,177.420,31.112
25.000,8,48.881,176.942,31.112
25.000,9,-59.177,165.480,31.112
25.000,10,60.821,164.882,31.112
25.000,11,-71.237,153.539,31.112
25.000,12,72.761,152.823,31.112
25.000,13,-83.297,141.599,31.112
25.000,14,84.701,140.763,31.112
25.100,0,1.125,226.080,31.116
25.100,1,-10.935,214.140,31.116
25.100,2,13.065,214.021,31.116
25.100,3,-22.994,202.200,31.116
25.100,4,25.005,201.961,31.116
25.100,5,-35.054,190.260,31.116
25.100,6,36.945,189.902,31.116
25.100,7,-47.113,178.320,31.116
25.100,8,48.885,177.842,31.116
25.100,9,-59.173,166.380,31.116
25.100,10,60.826,165.782,31.116
25.100,11,-71.233,154.440,31.116
25.100,12,72.766,153.723,31.116
25.100,13,-83.292,142.500,31.116
25.100,14,84.706,141.663,31.116
25.200,0,1.129,226.981,31.121
25.200,1,-10.930,215.041,31.121
25.200,2,13.069,214.921,31.121
25.200,3,-22.990,203.100,31.121
25.200,4,25.010,202.861,31.121
25.200,5,-35.049,191.160,31.121
25.200,6,36.950,190.802,31.121
25.200,7,-47.109,179.220,31.121
25.200,8,48.890,178.742,31.121
25.200,9,-59.169,167.280,31.121
25.200,10,60.830,166.683,31.121
25.200,11,-71.228,155.340,31.121
25.200,12,72.770,154.623,31.121
25.200,13,-83.288,143.400,31.121
25.200,14,84.710,142.563,31.121
25.300,0,1.134,227.881,31.125
25.300,1,-10.926,215.941,31.125
25.300,2,13.074,215.821,31.125
25.300,3,-22.985,204.001,31.125
25.300,4,25.014,203.762,31.125
25.300,5,-35.045,192.061,31.125
25.300,6,36.954,191.702,31.125
25.300,7,-47.104,180.120,31.125
25.300,8,48.894,179.642,31.125
25.300,9,-59.164,168.180,31.125
25.300,10,60.834,167.583,31.125
25.300,11,-71.224,156.240,31.125
25.300,12,72.775,155.523,31.125
25.300,13,-83.283,144.300,31.125
25.300,14,84.715,143.464,31.125
25.400,0,1.138,228.781,31.130
25.400,1,-10.921,216.841,31.130
25.400,2,13.078,216.721,31.130
25.400,3,-22.981,204.901,31.130
25.400,4,25.019,204.662,31.130
25.400,5,-35.040,192.961,31.130
25.400,6,36.959,192.602,31.130
25.400,7,-47.100,181.021,31.130
25.400,8,48.899,180.543,31.130
25.400,9,-59.160,169.080,31.130
25.400,10,60.839,168.483,31.130
25.400,11,-71.219,157.140,31.130
25.400,12,72.779,156.424,31.130
25.400,13,-83.279,145.200,31.130
25.400,14,84.719,144.364,31.130
25.500,0,1.143,229.681,31.134
25.500,1,-10.917,217.741,31.134
25.500,2,13.083,217.622,31.134
25.500,3,-22.976,205.801,31.134
25.500,4,25.023,205.562,31.134
25.500,5,-35.036,193.861,31.134
25.500,6,36.963,193.502,31.134
25.500,7,-47.096,181.921,31.134
25.500,8,48.903,181.443,31.134
25.500,9,-59.155,169.981,31.134
25.500,10,60.843,169.383,31.134
25.500,11,-71.215,158.041,31.134
25.500,12,72.784,157.324,31.134
25.500,13,-83.274,146.100,31.134
25.500,14,84.724,145.264,31.134
25.600,0,1.147,230.581,31.139
25.600,1,-10.912,218.641,31.139
25.600,2,13.087,218.522,31.139
25.600,3,-22.972,206.701,31.139
25.600,4,25.027,206.462,31.139
25.600,5,-35.031,194.761,31.139
25.600,6,36.968,194.403,31.139
25.600,7,-47.091,182.821,31.139
25.600,8,48.908,182.343,31.139
25.600,9,-59.151,170.881,31.139
25.600,10,60.848,170.283,31.139
25.600,11,-71.210,158.941,31.139
25.600,12,72.788,158.224,31.139
25.600,13,-83.270,147.001,31.139
25.600,14,84.728,146.164,31.139
25.700,0,1.152,231.482,31.143
25.700,1,-10.908,219.541,31.143
25.700,2,13.092,219.422,31.143
25.700,3,-22.967,207.601,31.143
25.700,4,25.032,207.362,31.143
25.700,5,-35.027,195.661,31.143
25.700,6,36.972,195.303,31.143
25.700,7,-47.087,183.721,31.143
25.700,8,48.912,183.243,31.143
25.700,9,-59.146,171.781,31.143
25.700,10,60.852,171.184,31.143
25.700,11,-71.206,159.841,31.143
25.700,12,72.793,159.124,31.143
25.700,13,-83.265,147.901,31.143
25.700,14,84.733,147.064,31.143
25.800,0,1.156,232.382,31.148
25.800,1,-10.903,220.441,31.148
25.800,2,13.096,220.322,31.148
25.800,3,-22.963,208.501,31.148
25.800,4,25.036,208.262,31.148
25.800,5,-35.023,196.561,31.148
25.800,6,36.977,196.203,31.148
25.800,7,-47.082,184.621,31.148
25.800,8,48.917,184.143,31.148
25.800,9,-59.142,172.681,31.148
25.800,10,60.857,172.084,31.148
25.800,11,-71.201,160.741,31.148
25.800,12,72.797,160.024,31.148
25.800,13,-83.261,148.801,31.148
25.800,14,84.737,147.965,31.148
25.900,0,1.161,233.282,31.152
25.900,1,-10.899,221.342,31.152
25.900,2,13.101,221.222,31.152
25.900,3,-22.958,209.401,31.152
25.900,4,25.041,209.163,31.152
25.900,5,-35.018,197.461,31.152
25.900,6,36.981,197.103,31.152
25.900,7,-47.078,185.521,31.152
25.900,8,48.921,185.043,31.152
25.900,9,-59.137,173.581,31.152
25.900,10,60.861,172.984,31.152
25.900,11,-71.197,161.641,31.152
25.900,12,72.802,160.924,31.152
25.900,13,-83.256,149.701,31.152
25.900,14,84.742,148.865,31.152
26.000,0,1.165,234.182,31.157
26.000,1,-10.894,222.242,31.157
26.000,2,13.105,222.122,31.157
26.000,3,-22.954,210.302,31.157
26.000,4,25.045,210.063,31.157
26.000,5,-35.014,198.361,31.157
26.000,6,36.986,198.003,31.157
26.000,7,-47.073,186.421,31.157
26.000,8,48.926,185.943,31.157
26.000,9,-59.133,174.481,31.157
26.000,10,60.866,173.884,31.157
26.000,11,-71.192,162.541,31.157
26.000,12,72.806,161.824,31.157
26.000,13,-83.252,150.601,31.157
26.000,14,84.746,149.765,31.157
26.100,0,1.170,235.082,31.161
26.100,1,-10.890,223.142,31.161
26.100,2,13.110,223.022,31.161
26.100,3,-22.950,211.202,31.161
26.100,4,25.050,210.963,31.161
26.100,5,-35.009,199.261,31.161
26.100,6,36.990,198.903,31.161
26.100,7,-47.069,187.321,31.161
26.100,8,48.930,186.844,31.161
26.100,9,-59.128,175.381,31.161
26.100,10,60.870,174.784,31.161
26.100,11,-71.188,163.441,31.161
26.100,12,72.810,162.724,31.161
26.100,13,-83.247,151.501,31.161
26.100,14,84.751,150.665,31.161
26.200,0,1.174,235.982,31.166
26.200,1,-10.886,224.042,31.166
26.200,2,13.114,223.922,31.166
26.200,3,-22.945,212.102,31.166
26.200,4,25.054,211.863,31.166
26.200,5,-35.005,200.161,31.166
26.200,6,36.994,199.803,31.166
26.200,7,-47.064,188.221,31.166
26.200,8,48.935,187.744,31.166
26.200,9,-59.124,176.281,31.166
26.200,10,60.875,175.684,31.166
26.200,11,-71.183,164.341,31.166
26.200,12,72.815,163.624,31.166
26.200,13,-83.243,152.401,31.166
26.200,14,84.755,151.565,31.166
26.300,0,1.179,236.882,31.170
26.300,1,-10.881,224.942,31.170
26.300,2,13.119,224.822,31.170
26.300,3,-22.941,213.002,31.170
26.300,4,25.059,212.763,31.170
26.300,5,-35.000,201.061,31.170
26.300,6,36.999,200.703,31.170
26.300,7,-47.060,189.121,31.170
26.300,8,48.939,188.644,31.170
26.300,9,-59.119,177.181,31.170
26.300,10,60.879,176.584,31.170
26.300,11,-71.179,165.241,31.170
26.300,12,72.819,164.524,31.170
26.300,13,-83.238,153.301,31.170
26.300,14,84.760,152.465,31.170
26.400,0,1.183,237.782,31.175
26.400,1,-10.877,225.842,31.175
26.400,2,13.123,225.722,31.175
26.400,3,-22.936,213.902,31.175
26.400,4,25.063,213.663,31.175
26.400,5,-34.996,201.961,31.175
26.400,6,37.003,201.603,31.175
26.400,7,-47.055,190.021,31.175
26.400,8,48.944,189.544,31.175
26.400,9,-59.115,178.081,31.175
26.400,10,60.884,177.484,31.175
26.400,11,-71.174,166.141,31.175
26.400,12,72.824,165.424,31.175
26.400,13,-83.234,154.201,31.175
26.400,14,84.764,153.365,31.175
26.500,0,1.187,238.682,31.179
26.500,1,-10.872,226.742,31.179
26.500,2,13.128,226.622,31.179
26.500,3,-22.932,214.802,31.179
26.500,4,25.068,214.563,31.179
26.500,5,-34.991,202.861,31.179
26.500,6,37.008,202.503,31.179
26.500,7,-47.051,190.921,31.179
26.500,8,48.948,190.444,31.179
26.500,9,-59.110,178.981,31.179
26.500,10,60.888,178.384,31.179
26.500,11,-71.170,167.041,31.179
26.500,12,72.828,166.324,31.179
26.500,13,-83.229,155.101,31.179
26.500,14,84.769,154.265,31.179
26.600,0,1.192,239.582,31.184
26.600,1,-10.868,227.642,31.184
26.600,2,13.132,227.522,31.184
26.600,3,-22.927,215.702,31.184
26.600,4,25.072,215.463,31.184
26.600,5,-34.987,203.761,31.184
26.600,6,37.012,203.403,31.184
26.600,7,-47.046,191.821,31.184
26.600,8,48.953,191.344,31.184
26.600,9,-59.106,179.881,31.184
26.600,10,60.893,179.284,31.184
26.600,11,-71.165,167.941,31.184
26.600,12,72.833,167.224,31.184
26.600,13,-83.225,156.001,31.184
26.600,14,84.773,155.165,31.184
26.700,0,1.196,240.482,31.188
26.700,1,-10.863,228.542,31.188
26.700,2,13.137,228.422,31.188
26.700,3,-22.923,216.601,31.188
26.700,4,25.077,216.363,31.188
26.700,5,-34.982,204.661,31.188
26.700,6,37.017,204.303,31.188
26.700,7,-47.042,192.721,31.188
26.700,8,48.957,192.244,31.188
26.700,9,-59.101,180.781,31.188
26.700,10,60.897,180.184,31.188
26.700,11,-71.161,168.841,31.188
26.700,12,72.837,168.124,31.188
26.700,13,-83.220,156.901,31.188
26.700,14,84.777,156.065,31.188
26.800,0,1.201,241.382,31.193
26.800,1,-10.859,229.442,31.193
26.800,2,13.141,229.322,31.193
26.800,3,-22.918,217.501,31.193
26.800,4,25.081,217.263,31.193
26.800,5,-34.978,205.561,31.193
26.800,6,37.021,205.203,31.193
26.800,7,-47.037,193.621,31.193
26.800,8,48.962,193.143,31.193
26.800,9,-59.097,181.681,31.193
26.800,10,60.902,181.084,31.193
26.800,11,-71.156,169.741,31.193
26.800,12,72.842,169.024,31.193
26.800,13,-83.216,157.801,31.193
26.800,14,84.782,156.965,31.193
26.900,0,1.205,242.282,31.197
26.900,1,-10.854,230.341,31.197
26.900,2,13.146,230.222,31.197
26.900,3,-22.914,218.401,31.197
26.900,4,25.086,218.162,31.197
26.900,5,-34.973,206.461,31.197
26.900,6,37.026,206.103,31.197
26.900,7,-47.033,194.521,31.197
26.900,8,48.966,194.043,31.197
26.900,9,-59.092,182.581,31.197
26.900,10,60.906,181.984,31.197
26.900,11,-71.152,170.641,31.197
26.900,12,72.846,169.924,31.197
26.900,13,-83.211,158.701,31.197
26.900,14,84.786,157.865,31.197
27.000,0,1.210,243.182,31.202
27.000,1,-10.850,231.241,31.202
27.000,2,13.150,231.122,31.202
27.000,3,-22.909,219.301,31.202
27.000,4,25.090,219.062,31.202
27.000,5,-34.969,207.361,31.202
27.000,6,37.030,207.003,31.202
27.000,7,-47.028,195.421,31.202
27.000,8,48.970,194.943,31.202
27.000,9,-59.088,183.481,31.202
27.000,10,60.911,182.884,31.202
27.000,11,-71.147,171.541,31.202
27.000,12,72.851,170.824,31.202
27.000,13,-83.207,159.600,31.202
27.000,14,84.791,158.765,31.202
27.100,0,1.214,244.081,31.206
27.100,1,-10.845,232.141,31.206
27.100,2,13.154,232.022,31.206
27.100,3,-22.905,220.201,31.206
27.100,4,25.095,219.962,31.206
27.100,5,-34.964,208.261,31.206
27.100,6,37.035,207.903,31.206
27.100,7,-47.024,196.321,31.206
27.100,8,48.975,195.843,31.206
27.100,9,-59.083,184.381,31.206
27.100,10,60.915,183.784,31.206
27.100,11,-71.143,172.441,31.206
27.100,12,72.855,171.724,31.206
27.100,13,-83.203,160.500,31.206
27.100,14,84.795,159.665,31.206
27.200,0,1.219,244.981,31.211
27.200,1,-10.841,233.041,31.211
27.200,2,13.159,232.922,31.211
27.200,3,-22.900,221.101,31.211
27.200,4,25.099,220.862,31.211
27.200,5,-34.960,209.161,31.211
27.200,6,37.039,208.803,31.211
27.200,7,-47.019,197.221,31.211
27.200,8,48.979,196.743,31.211
27.200,9,-59.079,185.281,31.211
27.200,10,60.920,184.684,31.211
27.200,11,-71.139,173.340,31.211
27.200,12,72.860,172.624,31.211
27.200,13,-83.198,161.400,31.211
27.200,14,84.800,160.564,31.211
27.300,0,1.223,245.881,31.215
27.300,1,-10.836,233.941,31.215
27.300,2,13.163,233.822,31.215
27.300,3,-22.896,222.001,31.215
27.300,4,25.104,221.762,31.215
27.300,5,-34.955,210.061,31.215
27.300,6,37.044,209.703,31.215
27.300,7,-47.015,198.121,31.215
27.300,8,48.984,197.643,31.215
27.300,9,-59.074,186.180,31.215
27.300,10,60.924,185.583,31.215
27.300,11,-71.134,174.240,31.215
27.300,12,72.864,173.524,31.215
27.300,13,-83.194,162.300,31.215
27.300,14,84.804,161.464,31.215
27.400,0,1.228,246.781,31.219
27.400,1,-10.832,234.841,31.219
27.400,2,13.168,234.722,31.219
27.400,3,-22.891,222.901,31.219
27.400,4,25.108,222.662,31.219
27.400,5,-34.951,210.961,31.219
27.400,6,37.048,210.602,31.219
27.400,7,-47.010,199.020,31.219
27.400,8,48.988,198.543,31.219
27.400,9,-59.070,187.080,31.219
27.400,10,60.929,186.483,31.219
27.400,11,-71.130,175.140,31.219
27.400,12,72.869,174.424,31.219
27.400,13,-83.189,163.200,31.219
27.400,14,84.809,162.364,31.219
27.500,0,1.232,247.681,31.224
27.500,1,-10.827,235.741,31.224
27.500,2,13.172,235.621,31.224
27.500,3,-22.887,223.801,31.224
27.500,4,25.113,223.562,31.224
27.500,5,-34.946,211.860,31.224
27.500,6,37.053,211.502,31.224
27.500,7,-47.006,199.920,31.224
27.500,8,48.993,199.443,31.224
27.500,9,-59.066,187.980,31.224
27.500,10,60.933,187.383,31.224
27.500,11,-71.125,176.040,31.224
27.500,12,72.873,175.324,31.224
27.500,13,-83.185,164.100,31.224
27.500,14,84.813,163.264,31.224
27.600,0,1.237,248.581,31.228
27.600,1,-10.823,236.641,31.228
27.600,2,13.177,236.521,31.228
27.600,3,-22.882,224.700,31.228
27.600,4,25.117,224.462,31.228
27.600,5,-34.942,212.760,31.228
27.600,6,37.057,212.402,31.228
27.600,7,-47.001,200.820,31.228
27.600,8,48.997,200.343,31.228
27.600,9,-59.061,188.880,31.228
27.600,10,60.937,188.283,31.228
27.600,11,-71.121,176.940,31.228
27.600,12,72.878,176.224,31.228
27.600,13,-83.180,165.000,31.228
27.600,14,84.818,164.164,31.228
27.700,0,1.241,249.481,31.233
27.700,1,-10.818,237.540,31.233
27.700,2,13.181,237.421,31.233
27.700,3,-22.878,225.600,31.233
27.700,4,25.121,225.362,31.233
27.700,5,-34.937,213.660,31.233
27.700,6,37.062,213.302,31.233
27.700,7,-46.997,201.720,31.233
27.700,8,49.002,201.242,31.233
27.700,9,-59.057,189.780,31.233
27.700,10,60.942,189.183,31.233
27.700,11,-71.116,177.840,31.233
27.700,12,72.882,177.123,31.233
27.700,13,-83.176,165.900,31.233
27.700,14,84.822,165.064,31.233
27.800,0,1.246,250.381,31.237
27.800,1,-10.814,238.440,31.237
27.800,2,13.186,238.321,31.237
27.800,3,-22.873,226.500,31.237
27.800,4,25.126,226.261,31.237
27.800,5,-34.933,214.560,31.237
27.800,6,37.066,214.202,31.237
27.800,7,-46.993,202.620,31.237
27.800,8,49.006,202.142,31.237
27.800,9,-59.052,190.680,31.237
27.800,10,60.946,190.083,31.237
27.800,11,-71.112,178.740,31.237
27.800,12,72.887,178.023,31.237
27.800,13,-83.171,166.799,31.237
27.800,14,84.827,165.964,31.237
27.900,0,1.250,251.280,31.242
27.900,1,-10.809,239.340,31.242
27.900,2,13.190,239.221,31.242
27.900,3,-22.869,227.400,31.242
27.900,4,25.130,227.161,31.242
27.900,5,-34.929,215.460,31.242
27.900,6,37.071,215.102,31.242
27.900,7,-46.988,203.520,31.242
27.900,8,49.011,203.042,31.242
27.900,9,-59.048,191.580,31.242
27.900,10,60.951,190.983,31.242
27.900,11,-71.107,179.639,31.242
27.900,12,72.891,178.923,31.242
27.900,13,-83.167,167.699,31.242
27.900,14,84.831,166.864,31.242
28.000,0,1.255,252.180,31.246
28.000,1,-10.805,240.240,31.246
28.000,2,13.195,240.121,31.246
28.000,3,-22.864,228.300,31.246
28.000,4,25.135,228.061,31.246
28.000,5,-34.924,216.360,31.246
28.000,6,37.075,216.002,31.246
28.000,7,-46.984,204.420,31.246
28.000,8,49.015,203.942,31.246
28.000,9,-59.043,192.479,31.246
28.000,10,60.955,191.883,31.246
28.000,11,-71.103,180.539,31.246
28.000,12,72.896,179.823,31.246
28.000,13,-83.162,168.599,31.246
28.000,14,84.836,167.763,31.246
28.100,0,1.259,253.080,31.251
28.100,1,-10.800,241.140,31.251
28.100,2,13.199,241.021,31.251
28.100,3,-22.860,229.200,31.251
28.100,4,25.139,228.961,31.251
28.100,5,-34.920,217.260,31.251
28.100,6,37.080,216.901,31.251
28.100,7,-46.979,205.319,31.251
28.100,8,49.020,204.842,31.251
28.100,9,-59.039,193.379,31.251
28.100,10,60.960,192.782,31.251
28.100,11,-71.098,181.439,31.251
28.100,12,72.900,180.723,31.251
28.100,13,-83.158,169.499,31.251
28.100,14,84.840,168.663,31.251
28.200,0,1.264,253.980,31.255
28.200,1,-10.796,242.040,31.255
28.200,2,13.204,241.920,31.255
28.200,3,-22.856,230.100,31.255
28.200,4,25.144,229.861,31.255
28.200,5,-34.915,218.159,31.255
28.200,6,37.084,217.801,31.255
28.200,7,-46.975,206.219,31.255
28.200,8,49.024,205.742,31.255
28.200,9,-59.034,194.279,31.255
28.200,10,60.964,193.682,31.255
28.200,11,-71.094,182.339,31.255
28.200,12,72.904,181.623,31.255
28.200,13,-83.153,170.399,31.255
28.200,14,84.845,169.563,31.255
28.300,0,1.268,254.880,31.260
28.300,1,-10.791,242.940,31.260
28.300,2,13.208,242.820,31.260
28.300,3,-22.851,230.999,31.260
28.300,4,25.148,230.761,31.260
28.300,5,-34.911,219.059,31.260
28.300,6,37.089,218.701,31.260
28.300,7,-46.970,207.119,31.260
28.300,8,49.029,206.642,31.260
28.300,9,-59.030,195.179,31.260
28.300,10,60.969,194.582,31.260
28.300,11,-71.089,183.239,31.260
28.300,12,72.909,182.523,31.260
28.300,13,-83.149,171.299,31.260
28.300,14,84.849,170.463,31.260
28.400,0,1.273,255.780,31.264
28.400,1,-10.787,243.840,31.264
28.400,2,13.213,243.720,31.264
28.400,3,-22.847,231.899,31.264
28.400,4,25.153,231.661,31.264
28.400,5,-34.906,219.959,31.264
28.400,6,37.093,219.601,31.264
28.400,7,-46.966,208.019,31.264
28.400,8,49.033,207.542,31.264
28.400,9,-59.025,196.079,31.264
28.400,10,60.973,195.482,31.264
28.400,11,-71.085,184.139,31.264
28.400,12,72.913,183.422,31.264
28.400,13,-83.144,172.199,31.264
28.400,14,84.854,171.363,31.264
28.500,0,1.277,256.680,31.269
28.500,1,-10.783,244.739,31.269
28.500,2,13.217,244.620,31.269
28.500,3,-22.842,232.799,31.269
28.500,4,25.157,232.560,31.269
28.500,5,-34.902,220.859,31.269
28.500,6,37.097,220.501,31.269
28.500,7,-46.961,208.919,31.269
28.500,8,49.038,208.441,31.269
28.500,9,-59.021,196.979,31.269
28.500,10,60.978,196.382,31.269
28.500,11,-71.080,185.039,31.269
28.500,12,72.918,184.322,31.269
28.500,13,-83.140,173.098,31.269
28.500,14,84.858,172.263,31.269
28.600,0,1.281,257.579,31.273
28.600,1,-10.778,245.639,31.273
28.600,2,13.222,245.520,31.273
28.600,3,-22.838,233.699,31.273
28.600,4,25.162,233.460,31.273
28.600,5,-34.897,221.759,31.273
28.600,6,37.102,221.401,31.273
28.600,7,-46.957,209.819,31.273
28.600,8,49.042,209.341,31.273
28.600,9,-59.016,197.879,31.273
28.600,10,60.982,197.282,31.273
28.600,11,-71.076,185.938,31.273
28.600,12,72.922,185.222,31.273
28.600,13,-83.135,173.998,31.273
28.600,14,84.863,173.163,31.273
28.700,0,1.286,258.479,31.278
28.700,1,-10.774,246.539,31.278
28.700,2,13.226,246.420,31.278
28.700,3,-22.833,234.599,31.278
28.700,4,25.166,234.360,31.278
28.700,5,-34.893,222.659,31.278
28.700,6,37.106,222.301,31.278
28.700,7,-46.952,210.719,31.278
28.700,8,49.047,210.241,31.278
28.700,9,-59.012,198.779,31.278
28.700,10,60.987,198.182,31.278
28.700,11,-71.071,186.838,31.278
28.700,12,72.927,186.122,31.278
28.700,13,-83.131,174.898,31.278
28.700,14,84.867,174.063,31.278
28.800,0,1.290,259.379,31.282
28.800,1,-10.769,247.439,31.282
28.800,2,13.231,247.320,31.282
28.800,3,-22.829,235.499,31.282
28.800,4,25.171,235.260,31.282
28.800,5,-34.888,223.559,31.282
28.800,6,37.111,223.201,31.282
28.800,7,-46.948,211.619,31.282
28.800,8,49.051,211.141,31.282
28.800,9,-59.007,199.678,31.282
28.800,10,60.991,199.082,31.282
28.800,11,-71.067,187.738,31.282
28.800,12,72.931,187.022,31.282
28.800,13,-83.126,175.798,31.282
28.800,14,84.871,174.962,31.282
28.900,0,1.295,260.279,31.287
28.900,1,-10.765,248.339,31.287
28.900,2,13.235,248.220,31.287
28.900,3,-22.824,236.399,31.287
28.900,4,25.175,236.160,31.287
28.900,5,-34.884,224.459,31.287
28.900,6,37.115,224.100,31.287
28.900,7,-46.943,212.518,31.287
28.900,8,49.056,212.041,31.287
28.900,9,-59.003,200.578,31.287
28.900,10,60.996,199.981,31.287
28.900,11,-71.062,188.638,31.287
28.900,12,72.936,187.922,31.287
28.900,13,-83.122,176.698,31.287
28.900,14,84.876,175.862,31.287
29.000,0,1.299,261.179,31.291
29.000,1,-10.760,249.239,31.291
29.000,2,13.240,249.119,31.291
29.000,3,-22.820,237.299,31.291
29.000,4,25.180,237.060,31.291
29.000,5,-34.879,225.359,31.291
29.000,6,37.120,225.000,31.291
29.000,7,-46.939,213.418,31.291
29.000,8,49.060,212.941,31.291
29.000,9,-58.998,201.478,31.291
29.000,10,61.000,200.881,31.291
29.000,11,-71.058,189.538,31.291
29.000,12,72.940,188.822,31.291
29.000,13,-83.117,177.598,31.291
29.000,14,84.880,176.762,31.291
29.100,0,1.304,262.079,31.296
29.100,1,-10.756,250.139,31.296
29.100,2,13.244,250.019,31.296
29.100,3,-22.815,238.199,31.296
29.100,4,25.184,237.960,31.296
29.100,5,-34.875,226.258,31.296
29.100,6,37.124,225.900,31.296
29.100,7,-46.934,214.318,31.296
29.100,8,49.064,213.841,31.296
29.100,9,-58.994,202.378,31.296
29.100,10,61.005,201.781,31.296
29.100,11,-71.053,190.438,31.296
29.100,12,72.945,189.722,31.296
29.100,13,-83.113,178.498,31.296
29.100,14,84.885,177.662,31.296
29.200,0,1.308,262.979,31.300
29.200,1,-10.751,251.039,31.300
29.200,2,13.249,250.919,31.300
29.200,3,-22.811,239.099,31.300
29.200,4,25.189,238.860,31.300
29.200,5,-34.870,227.158,31.300
29.200,6,37.129,226.800,31.300
29.200,7,-46.930,215.218,31.300
29.200,8,49.069,214.741,31.300
29.200,9,-58.989,203.278,31.300
29.200,10,61.009,202.681,31.300
29.200,11,-71.049,191.338,31.300
29.200,12,72.949,190.622,31.300
29.200,13,-83.109,179.398,31.300
29.200,14,84.889,178.562,31.300
29.300,0,1.313,263.879,31.305
29.300,1,-10.747,251.939,31.305
29.300,2,13.253,251.819,31.305
29.300,3,-22.806,239.998,31.305
29.300,4,25.193,239.760,31.305
29.300,5,-34.866,228.058,31.305
29.300,6,37.133,227.700,31.305
29.300,7,-46.925,216.118,31.305
29.300,8,49.073,215.641,31.305
29.300,9,-58.985,204.178,31.305
29.300,10,61.014,203.581,31.305
29.300,11,-71.044,192.238,31.305
29.300,12,72.954,191.522,31.305
29.300,13,-83.104,180.298,31.305
29.300,14,84.894,179.462,31.305
29.400,0,1.317,264.779,31.309
29.400,1,-10.742,252.839,31.309
29.400,2,13.257,252.719,31.309
29.400,3,-22.802,240.898,31.309
29.400,4,25.198,240.660,31.309
29.400,5,-34.861,228.958,31.309
29.400,6,37.138,228.600,31.309
29.400,7,-46.921,217.018,31.309
29.400,8,49.078,216.541,31.309
29.400,9,-58.980,205.078,31.309
29.400,10,61.018,204.481,31.309
29.400,11,-71.040,193.138,31.309
29.400,12,72.958,192.421,31.309
29.400,13,-83.100,181.198,31.309
29.400,14,84.898,180.362,31.309
29.500,0,1.322,265.679,31.314
29.500,1,-10.738,253.738,31.314
29.500,2,13.262,253.619,31.314
29.500,3,-22.797,241.798,31.314
29.500,4,25.202,241.560,31.314
29.500,5,-34.857,229.858,31.314
29.500,6,37.142,229.500,31.314
29.500,7,-46.916,217.918,31.314
29.500,8,49.082,217.440,31.314
29.500,9,-58.976,205.978,31.314
29.500,10,61.023,205.381,31.314
29.500,11,-71.036,194.038,31.314
29.500,12,72.963,193.321,31.314
29.500,13,-83.095,182.098,31.314
29.500,14,84.903,181.262,31.314
29.600,0,1.326,266.579,31.318
29.600,1,-10.733,254.638,31.318
29.600,2,13.266,254.519,31.318
29.600,3,-22.793,242.698,31.318
29.600,4,25.207,242.460,31.318
29.600,5,-34.852,230.758,31.318
29.600,6,37.147,230.400,31.318
29.600,7,-46.912,218.818,31.318
29.600,8,49.087,218.340,31.318
29.600,9,-58.971,206.878,31.318
29.600,10,61.027,206.281,31.318
29.600,11,-71.031,194.938,31.318
29.600,12,72.967,194.221,31.318
29.600,13,-83.091,182.997,31.318
29.600,14,84.907,182.162,31.318
29.700,0,1.331,267.479,31.322
29.700,1,-10.729,255.538,31.322
29.700,2,13.271,255.419,31.322
29.700,3,-22.788,243.598,31.322
29.700,4,25.211,243.359,31.322
29.700,5,-34.848,231.658,31.322
29.700,6,37.151,231.300,31.322
29.700,7,-46.907,219.718,31.322
29.700,8,49.091,219.240,31.322
29.700,9,-58.967,207.778,31.322
29.700,10,61.031,207.181,31.322
29.700,11,-71.027,195.838,31.322
29.700,12,72.972,195.121,31.322
29.700,13,-83.086,183.897,31.322
29.700,14,84.912,183.062,31.322
29.800,0,1.335,268.379,31.327
29.800,1,-10.724,256.438,31.327
29.800,2,13.275,256.319,31.327
29.800,3,-22.784,244.498,31.327
29.800,4,25.216,244.259,31.327
29.800,5,-34.843,232.558,31.327
29.800,6,37.156,232.200,31.327
29.800,7,-46.903,220.618,31.327
29.800,8,49.096,220.140,31.327
29.800,9,-58.963,208.678,31.327
29.800,10,61.036,208.081,31.327
29.800,11,-71.022,196.738,31.327
29.800,12,72.976,196.021,31.327
29.800,13,-83.082,184.797,31.327
29.800,14,84.916,183.962,31.327
29.900,0,1.340,269.278,31.331
29.900,1,-10.720,257.338,31.331
29.900,2,13.280,257.219,31.331
29.900,3,-22.779,245.398,31.331
29.900,4,25.220,245.159,31.331
29.900,5,-34.839,233.458,31.331
29.900,6,37.160,233.100,31.331
29.900,7,-46.899,221.518,31.331
29.900,8,49.100,221.040,31.331
29.900,9,-58.958,209.578,31.331
29.900,10,61.040,208.981,31.331
29.900,11,-71.018,197.638,31.331
29.900,12,72.981,196.921,31.331
29.900,13,-83.077,185.697,31.331
29.900,14,84.921,184.862,31.331
30.000,0,1.344,270.178,31.336
30.000,1,-10.715,258.238,31.336
30.000,2,13.284,258.119,31.336
30.000,3,-22.775,246.298,31.336
30.000,4,25.224,246.059,31.336
30.000,5,-34.834,234.358,31.336
30.000,6,37.165,234.000,31.336
30.000,7,-46.894,222.418,31.336
30.000,8,49.105,221.940,31.336
30.000,9,-58.954,210.478,31.336
30.000,10,61.045,209.881,31.336
30.000,11,-71.013,198.538,31.336
30.000,12,72.985,197.821,31.336
30.000,13,-83.073,186.597,31.336
30.000,14,84.925,185.762,31.336
30.100,0,1.349,271.078,31.340
30.100,1,-10.711,259.138,31.340
30.100,2,13.289,259.019,31.340
30.100,3,-22.770,247.198,31.340
30.100,4,25.229,246.959,31.340
30.100,5,-34.830,235.258,31.340
30.100,6,37.169,234.900,31.340
30.100,7,-46.890,223.318,31.340
30.100,8,49.109,222.840,31.340
30.100,9,-58.949,211.378,31.340
30.100,10,61.049,210.781,31.340
30.100,11,-71.009,199.438,31.340
30.100,12,72.990,198.721,31.340
30.100,13,-83.068,187.497,31.340
30.100,14,84.930,186.662,31.340
30.200,0,1.353,271.978,31.345
30.200,1,-10.706,260.038,31.345
30.200,2,13.293,259.919,31.345
30.200,3,-22.766,248.098,31.345
30.200,4,25.233,247.859,31.345
30.200,5,-34.826,236.158,31.345
30.200,6,37.174,235.800,31.345
30.200,7,-46.885,224.218,31.345
30.200,8,49.114,223.740,31.345
30.200,9,-58.945,212.278,31.345
30.200,10,61.054,211.681,31.345
30.200,11,-71.004,200.337,31.345
30.200,12,72.994,199.621,31.345
30.200,13,-83.064,188.397,31.345
30.200,14,84.934,187.562,31.345
30.300,0,1.358,272.878,31.349
30.300,1,-10.702,260.938,31.349
30.300,2,13.298,260.819,31.349
30.300,3,-22.762,248.998,31.349
30.300,4,25.238,248.759,31.349
30.300,5,-34.821,237.058,31.349
30.300,6,37.178,236.700,31.349
30.300,7,-46.881,225.118,31.349
30.300,8,49.118,224.640,31.349
30.300,9,-58.940,213.178,31.349
30.300,10,61.058,212.581,31.349
30.300,11,-71.000,201.237,31.349
30.300,12,72.999,200.521,31.349
30.300,13,-83.059,189.297,31.349
30.300,14,84.939,188.462,31.349
30.400,0,1.362,273.778,31.354
30.400,1,-10.697,261.838,31.354
30.400,2,13.302,261.719,31.354
30.400,3,-22.757,249.898,31.354
30.400,4,25.242,249.659,31.354
30.400,5,-34.817,237.958,31.354
30.400,6,37.183,237.600,31.354
30.400,7,-46.876,226.018,31.354
30.400,8,49.123,225.540,31.354
30.400,9,-58.936,214.078,31.354
30.400,10,61.063,213.481,31.354
30.400,11,-70.995,202.137,31.354
30.400,12,73.003,201.421,31.354
30.400,13,-83.055,190.197,31.354
30.400,14,84.943,189.362,31.354
30.500,0,1.367,274.678,31.358
30.500,1,-10.693,262.738,31.358
30.500,2,13.307,262.619,31.358
30.500,3,-22.753,250.798,31.358
30.500,4,25.247,250.559,31.358
30.500,5,-34.812,238.858,31.358
30.500,6,37.187,238.500,31.358
30.500,7,-46.872,226.918,31.358
30.500,8,49.127,226.440,31.358
30.500,9,-58.931,214.978,31.358
30.500,10,61.067,214.381,31.358
30.500,11,-70.991,203.037,31.358
30.500,12,73.007,202.321,31.358
30.500,13,-83.050,191.097,31.358
30.500,14,84.948,190.262,31.358
30.600,0,1.371,275.578,31.363
30.600,1,-10.689,263.638,31.363
30.600,2,13.311,263.519,31.363
30.600,3,-22.748,251.698,31.363
30.600,4,25.251,251.459,31.363
30.600,5,-34.808,239.758,31.363
30.600,6,37.191,239.400,31.363
30.600,7,-46.867,227.818,31.363
30.600,8,49.132,227.340,31.363
30.600,9,-58.927,215.878,31.363
30.600,10,61.072,215.281,31.363
30.600,11,-70.986,203.937,31.363
30.600,12,73.012,203.221,31.363
30.600,13,-83.046,191.997,31.363
30.600,14,84.952,191.162,31.363
30.700,0,1.376,276.478,31.367
30.700,1,-10.684,264.538,31.367
30.700,2,13.316,264.419,31.367
30.700,3,-22.744,252.598,31.367
30.700,4,25.256,252.359,31.367
30.700,5,-34.803,240.658,31.367
30.700,6,37.196,240.300,31.367
30.700,7,-46.863,228.718,31.367
30.700,8,49.136,228.240,31.367
30.700,9,-58.922,216.778,31.367
30.700,10,61.076,216.181,31.367
30.700,11,-70.982,204.838,31.367
30.700,12,73.016,204.121,31.367
30.700,13,-83.041,192.897,31.367
30.700,14,84.957,192.062,31.367
30.800,0,1.380,277.378,31.372
30.800,1,-10.680,265.438,31.372
30.800,2,13.320,265.319,31.372
30.800,3,-22.739,253.498,31.372
30.800,4,25.260,253.259,31.372
30.800,5,-34.799,241.558,31.372
30.800,6,37.200,241.200,31.372
30.800,7,-46.858,229.618,31.372
30.800,8,49.141,229.140,31.372
30.800,9,-58.918,217.678,31.372
30.800,10,61.081,217.081,31.372
30.800,11,-70.977,205.738,31.372
30.800,12,73.021,205.021,31.372
30.800,13,-83.037,193.797,31.372
30.800,14,84.961,192.962,31.372
30.900,0,1.384,278.278,31.376
30.900,1,-10.675,266.338,31.376
30.900,2,13.325,266.219,31.376
30.900,3,-22.735,254.398,31.376
30.900,4,25.265,254.159,31.376
30.900,5,-34.794,242.458,31.376
30.900,6,37.205,242.100,31.376
30.900,7,-46.854,230.518,31.376
30.900,8,49.145,230.040,31.376
30.900,9,-58.913,218.578,31.376
30.900,10,61.085,217.981,31.376
30.900,11,-70.973,206.638,31.376
30.900,12,73.025,205.921,31.376
30.900,13,-83.032,194.697,31.376
30.900,14,84.966,193.862,31.376
31.000,0,1.389,279.178,31.381
31.000,1,-10.671,267.238,31.381
31.000,2,13.329,267.119,31.381
31.000,3,-22.730,255.298,31.381
31.000,4,25.269,255.059,31.381
31.000,5,-34.790,243.358,31.381
31.000,6,37.209,243.000,31.381
31.000,7,-46.849,231.418,31.381
31.000,8,49.150,230.940,31.381
31.000,9,-58.909,219.478,31.381
31.000,10,61.090,218.881,31.381
31.000,11,-70.968,207.538,31.381
31.000,12,73.030,206.821,31.381
31.000,13,-83.028,195.597,31.381
31.000,14,84.970,194.762,31.381
31.100,0,1.393,280.078,31.385
31.100,1,-10.666,268.138,31.385
31.100,2,13.334,268.019,31.385
31.100,3,-22.726,256.198,31.385
31.100,4,25.274,255.959,31.385
31.100,5,-34.785,244.258,31.385
31.100,6,37.214,243.900,31.385
31.100,7,-46.845,232.318,31.385
31.100,8,49.154,231.840,31.385
31.100,9,-58.904,220.378,31.385
31.100,10,61.094,219.781,31.385
31.100,11,-70.964,208.438,31.385
31.100,12,73.034,207.721,31.385
31.100,13,-83.023,196.497,31.385
31.100,14,84.974,195.662,31.385
31.200,0,1.398,280.978,31.390
31.200,1,-10.662,269.038,31.390
31.200,2,13.338,268.919,31.390
31.200,3,-22.721,257.098,31.390
31.200,4,25.278,256.859,31.390
31.200,5,-34.781,245.158,31.390
31.200,6,37.218,244.800,31.390
31.200,7,-46.840,233.218,31.390
31.200,8,49.159,232.740,31.390
31.200,9,-58.900,221.278,31.390
31.200,10,61.099,220.681,31.390
31.200,11,-70.959,209.338,31.390
31.200,12,73.039,208.621,31.390
31.200,13,-83.019,197.397,31.390
31.200,14,84.979,196.562,31.390
31.300,0,1.402,281.879,31.394
31.300,1,-10.657,269.938,31.394
31.300,2,13.343,269.819,31.394
31.300,3,-22.717,257.998,31.394
31.300,4,25.283,257.759,31.394
31.300,5,-34.776,246.058,31.394
31.300,6,37.223,245.700,31.394
31.300,7,-46.836,234.118,31.394
31.300,8,49.163,233.640,31.394
31.300,9,-58.895,222.178,31.394
31.300,10,61.103,221.581,31.394
31.300,11,-70.955,210.238,31.394
31.300,12,73.043,209.521,31.394
31.300,13,-83.014,198.297,31.394
31.300,14,84.983,197.462,31.394
31.400,0,1.407,282.779,31.399
31.400,1,-10.653,270.838,31.399
31.400,2,13.347,270.719,31.399
31.400,3,-22.712,258.898,31.399
31.400,4,25.287,258.659,31.399
31.400,5,-34.772,246.958,31.399
31.400,6,37.227,246.600,31.399
31.400,7,-46.831,235.018,31.399
31.400,8,49.167,234.540,31.399
31.400,9,-58.891,223.078,31.399
31.400,10,61.108,222.481,31.399
31.400,11,-70.950,211.138,31.399
31.400,12,73.048,210.421,31.399
31.400,13,-83.010,199.197,31.399
31.400,14,84.988,198.362,31.399
31.500,0,1.411,283.679,31.403
31.500,1,-10.648,271.738,31.403
31.500,2,13.351,271.619,31.403
31.500,3,-22.708,259.798,31.403
31.500,4,25.292,259.559,31.403
31.500,5,-34.767,247.858,31.403
31.500,6,37.232,247.500,31.403
31.500,7,-46.827,235.918,31.403
31.500,8,49.172,235.440,31.403
31.500,9,-58.886,223.978,31.403
31.500,10,61.112,223.381,31.403
31.500,11,-70.946,212.038,31.403
31.500,12,73.052,211.321,31.403
31.500,13,-83.006,200.098,31.403
31.500,14,84.992,199.262,31.403
31.600,0,1.416,284.579,31.408
31.600,1,-10.644,272.638,31.408
31.600,2,13.356,272.519,31.408
31.600,3,-22.703,260.698,31.408
31.600,4,25.296,260.459,31.408
31.600,5,-34.763,248.758,31.408
31.600,6,37.236,248.400,31.408
31.600,7,-46.822,236.818,31.408
31.600,8,49.176,236.340,31.408
31.600,9,-58.882,224.878,31.408
31.600,10,61.117,224.281,31.408
31.600,11,-70.941,212.938,31.408
31.600,12,73.057,212.221,31.408
31.600,13,-83.001,200.998,31.408
31.600,14,84.997,200.162,31.408
31.700,0,1.420,285.479,31.412
31.700,1,-10.639,273.538,31.412
31.700,2,13.360,273.419,31.412
31.700,3,-22.699,261.598,31.412
31.700,4,25.301,261.359,31.412
31.700,5,-34.758,249.658,31.412
31.700,6,37.241,249.300,31.412
31.700,7,-46.818,237.718,31.412
31.700,8,49.181,237.240,31.412
31.700,9,-58.877,225.778,31.412
31.700,10,61.121,225.181,31.412
31.700,11,-70.937,213.838,31.412
31.700,12,73.061,213.121,31.412
31.700,13,-82.997,201.898,31.412
31.700,14,85.001,201.062,31.412
31.800,0,1.425,286.379,31.416
31.800,1,-10.635,274.438,31.416
31.800,2,13.365,274.319,31.416
31.800,3,-22.694,262.498,31.416
31.800,4,25.305,262.259,31.416
31.800,5,-34.754,250.558,31.416
31.800,6,37.245,250.200,31.416
31.800,7,-46.813,238.618,31.416
31.800,8,49.185,238.140,31.416
31.800,9,-58.873,226.678,31.416
31.800,10,61.126,226.081,31.416
31.800,11,-70.933,214.738,31.416
31.800,12,73.066,214.021,31.416
31.800,13,-82.992,202.798,31.416
31.800,14,85.006,201.962,31.416
31.900,0,1.429,287.279,31.421
31.900,1,-10.630,275.338,31.421
31.900,2,13.369,275.219,31.421
31.900,3,-22.690,263.398,31.421
31.900,4,25.310,263.160,31.421
31.900,5,-34.749,251.458,31.421
31.900,6,37.250,251.100,31.421
31.900,7,-46.809,239.518,31.421
31.900,8,49.190,239.040,31.421
31.900,9,-58.869,227.578,31.421
31.900,10,61.130,226.981,31.421
31.900,11,-70.928,215.638,31.421
31.900,12,73.070,214.921,31.421
31.900,13,-82.988,203.698,31.421
31.900,14,85.010,202.862,31.421
32.000,0,1.434,288.179,31.425
32.000,1,-10.626,276.238,31.425
32.000,2,13.374,276.119,31.425
32.000,3,-22.685,264.298,31.425
32.000,4,25.314,264.060,31.425
32.000,5,-34.745,252.358,31.425
32.000,6,37.254,252.000,31.425
32.000,7,-46.804,240.418,31.425
32.000,8,49.194,239.940,31.425
32.000,9,-58.864,228.478,31.425
32.000,10,61.134,227.881,31.425
32.000,11,-70.924,216.538,31.425
32.000,12,73.075,215.821,31.425
32.000,13,-82.983,204.598,31.425
32.000,14,85.015,203.762,31.425
32.100,0,1.438,289.079,31.430
32.100,1,-10.621,277.138,31.430
32.100,2,13.378,277.019,31.430
32.100,3,-22.681,265.198,31.430
32.100,4,25.319,264.960,31.430
32.100,5,-34.740,253.258,31.430
32.100,6,37.259,252.900,31.430
32.100,7,-46.800,241.318,31.430
32.100,8,49.199,240.840,31.430
32.100,9,-58.860,229.378,31.430
32.100,10,61.139,228.781,31.430
32.100,11,-70.919,217.438,31.430
32.100,12,73.079,216.721,31.430
32.100,13,-82.979,205.498,31.430
32.100,14,85.019,204.662,31.430
32.200,0,1.443,289.979,31.434
32.200,1,-10.617,278.039,31.434
32.200,2,13.383,277.919,31.434
32.200,3,-22.676,266.098,31.434
32.200,4,25.323,265.860,31.434
32.200,5,-34.736,254.158,31.434
32.200,6,37.263,253.800,31.434
32.200,7,-46.796,242.218,31.434
32.200,8,49.203,241.740,31.434
32.200,9,-58.855,230.278,31.434
32.200,10,61.143,229.681,31.434
32.200,11,-70.915,218.338,31.434
32.200,12,73.084,217.621,31.434
32.200,13,-82.974,206.398,31.434
32.200,14,85.024,205.562,31.434
32.300,0,1.447,290.879,31.439
32.300,1,-10.612,278.939,31.439
32.300,2,13.387,278.819,31.439
32.300,3,-22.672,266.998,31.439
32.300,4,25.327,266.760,31.439
32.300,5,-34.731,255.058,31.439
32.300,6,37.268,254.700,31.439
32.300,7,-46.791,243.118,31.439
32.300,8,49.208,242.640,31.439
32.300,9,-58.851,231.178,31.439
32.300,10,61.148,230.581,31.439
32.300,11,-70.910,219.238,31.439
32.300,12,73.088,218.521,31.439
32.300,13,-82.970,207.298,31.439
32.300,14,85.028,206.462,31.439
32.400,0,1.452,291.779,31.443
32.400,1,-10.608,279.839,31.443
32.400,2,13.392,279.719,31.443
32.400,3,-22.667,267.898,31.443
32.400,4,25.332,267.660,31.443
32.400,5,-34.727,255.958,31.443
32.400,6,37.272,255.600,31.443
32.400,7,-46.787,244.018,31.443
32.400,8,49.212,243.540,31.443
32.400,9,-58.846,232.078,31.443
32.400,10,61.152,231.481,31.443
32.400,11,-70.906,220.138,31.443
32.400,12,73.093,219.421,31.443
32.400,13,-82.965,208.198,31.443
32.400,14,85.033,207.362,31.443
32.500,0,1.456,292.679,31.448
32.500,1,-10.603,280.739,31.448
32.500,2,13.396,280.619,31.448
32.500,3,-22.663,268.798,31.448
32.500,4,25.336,268.560,31.448
32.500,5,-34.723,256.858,31.448
32.500,6,37.277,256.500,31.448
32.500,7,-46.782,244.918,31.448
32.500,8,49.217,244.440,31.448
32.500,9,-58.842,232.978,31.448
32.500,10,61.157,232.381,31.448
32.500,11,-70.901,221.038,31.448
32.500,12,73.097,220.321,31.448
32.500,13,-82.961,209.098,31.448
32.500,14,85.037,208.262,31.448
32.600,0,1.461,293.579,31.452
32.600,1,-10.599,281.639,31.452
32.600,2,13.401,281.519,31.452
32.600,3,-22.659,269.698,31.452
32.600,4,25.341,269.460,31.452
32.600,5,-34.718,257.758,31.452
32.600,6,37.281,257.400,31.452
32.600,7,-46.778,245.818,31.452
32.600,8,49.221,245.340,31.452
32.600,9,-58.837,233.878,31.452
32.600,10,61.161,233.281,31.452
32.600,11,-70.897,221.938,31.452
32.600,12,73.101,221.221,31.452
32.600,13,-82.956,209.998,31.452
32.600,14,85.042,209.162,31.452
32.700,0,1.465,294.479,31.457
32.700,1,-10.594,282.539,31.457
32.700,2,13.405,282.419,31.457
32.700,3,-22.654,270.598,31.457
32.700,4,25.345,270.360,31.457
32.700,5,-34.714,258.658,31.457
32.700,6,37.286,258.300,31.457
32.700,7,-46.773,246.718,31.457
32.700,8,49.226,246.240,31.457
32.700,9,-58.833,234.778,31.457
32.700,10,61.166,234.181,31.457
32.700,11,-70.892,222.838,31.457
32.700,12,73.106,222.121,31.457
32.700,13,-82.952,210.898,31.457
32.700,14,85.046,210.062,31.457
32.800,0,1.470,295.379,31.461
32.800,1,-10.590,283.439,31.461
32.800,2,13.410,283.319,31.461
32.800,3,-22.650,271.498,31.461
32.800,4,25.350,271.260,31.461
32.800,5,-34.709,259.558,31.461
32.800,6,37.290,259.200,31.461
32.800,7,-46.769,247.618,31.461
32.800,8,49.230,247.140,31.461
32.800,9,-58.828,235.678,31.461
32.800,10,61.170,235.081,31.461
32.800,11,-70.888,223.738,31.461
32.800,12,73.110,223.021,31.461
32.800,13,-82.947,211.798,31.461
32.800,14,85.051,210.962,31.461
32.900,0,1.474,296.279,31.466
32.900,1,-10.586,284.339,31.466
32.900,2,13.414,284.219,31.466
32.900,3,-22.645,272.398,31.466
32.900,4,25.354,272.160,31.466
32.900,5,-34.705,260.458,31.466
32.900,6,37.294,260.100,31.466
32.900,7,-46.764,248.518,31.466
32.900,8,49.235,248.040,31.466
32.900,9,-58.824,236.578,31.466
32.900,10,61.175,235.981,31.466
32.900,11,-70.883,224.638,31.466
32.900,12,73.115,223.921,31.466
32.900,13,-82.943,212.698,31.466
32.900,14,85.055,211.862,31.466
33.000,0,1.479,297.179,31.470
33.000,1,-10.581,285.239,31.470
33.000,2,13.419,285.119,31.470
33.000,3,-22.641,273.298,31.470
33.000,4,25.359,273.060,31.470
33.000,5,-34.700,261.358,31.470
33.000,6,37.299,261.000,31.470
33.000,7,-46.760,249.418,31.470
33.000,8,49.239,248.940,31.470
33.000,9,-58.819,237.478,31.470
33.000,10,61.179,236.881,31.470
33.000,11,-70.879,225.538,31.470
33.000,12,73.119,224.821,31.470
33.000,13,-82.938,213.598,31.470
33.000,14,85.060,212.762,31.470
33.100,0,1.483,298.079,31.475
33.100,1,-10.577,286.139,31.475
33.100,2,13.423,286.019,31.475
33.100,3,-22.636,274.198,31.475
33.100,4,25.363,273.960,31.475
33.100,5,-34.696,262.258,31.475
33.100,6,37.303,261.900,31.475
33.100,7,-46.755,250.318,31.475
33.100,8,49.244,249.840,31.475
33.100,9,-58.815,238.378,31.475
33.100,10,61.184,237.781,31.475
33.100,11,-70.874,226.438,31.475
33.100,12,73.124,225.721,31.475
33.100,13,-82.934,214.498,31.475
33.100,14,85.064,213.662,31.475
33.200,0,1.487,298.979,31.479
33.200,1,-10.572,287.038,31.479
33.200,2,13.428,286.919,31.479
33.200,3,-22.632,275.098,31.479
33.200,4,25.368,274.860,31.479
33.200,5,-34.691,263.158,31.479
33.200,6,37.308,262.800,31.479
33.200,7,-46.751,251.218,31.479
33.200,8,49.248,250.740,31.479
33.200,9,-58.810,239.278,31.479
33.200,10,61.188,238.681,31.479
33.200,11,-70.870,227.338,31.479
33.200,12,73.128,226.621,31.479
33.200,13,-82.929,215.398,31.479
33.200,14,85.069,214.562,31.479
33.300,0,1.492,299.879,31.484
33.300,1,-10.568,287.938,31.484
33.300,2,13.432,287.819,31.484
33.300,3,-22.627,275.998,31.484
33.300,4,25.372,275.760,31.484
33.300,5,-34.687,264.058,31.484
33.300,6,37.312,263.700,31.484
33.300,7,-46.746,252.118,31.484
33.300,8,49.253,251.640,31.484
33.300,9,-58.806,240.178,31.484
33.300,10,61.193,239.581,31.484
33.300,11,-70.865,228.238,31.484
33.300,12,73.133,227.521,31.484
33.300,13,-82.925,216.298,31.484
33.300,14,85.073,215.462,31.484
33.400,0,1.496,300.779,31.488
33.400,1,-10.563,288.838,31.488
33.400,2,13.437,288.719,31.488
33.400,3,-22.623,276.898,31.488
33.400,4,25.377,276.660,31.488
33.400,5,-34.682,264.958,31.488
33.400,6,37.317,264.600,31.488
33.400,7,-46.742,253.018,31.488
33.400,8,49.257,252.540,31.488
33.400,9,-58.801,241.078,31.488
33.400,10,61.197,240.481,31.488
33.400,11,-70.861,229.138,31.488
33.400,12,73.137,228.421,31.488
33.400,13,-82.920,217.198,31.488
33.400,14,85.077,216.362,31.488
33.500,0,1.501,301.679,31.493
33.500,1,-10.559,289.738,31.493
33.500,2,13.441,289.619,31.493
33.500,3,-22.618,277.798,31.493
33.500,4,25.381,277.559,31.493
33.500,5,-34.678,265.858,31.493
33.500,6,37.321,265.500,31.493
33.500,7,-46.737,253.918,31.493
33.500,8,49.261,253.440,31.493
33.500,9,-58.797,241.978,31.493
33.500,10,61.202,241.381,31.493
33.500,11,-70.856,230.038,31.493
33.500,12,73.142,229.321,31.493
33.500,13,-82.916,218.098,31.493
33.500,14,85.082,217.262,31.493
33.600,0,1.505,302.579,31.497
33.600,1,-10.554,290.638,31.497
33.600,2,13.446,290.519,31.497
33.600,3,-22.614,278.698,31.497
33.600,4,25.386,278.459,31.497
33.600,5,-34.673,266.758,31.497
33.600,6,37.326,266.400,31.497
33.600,7,-46.733,254.818,31.497
33.600,8,49.266,254.340,31.497
33.600,9,-58.792,242.878,31.497
33.600,10,61.206,242.281,31.497
33.600,11,-70.852,230.938,31.497
33.600,12,73.146,230.221,31.497
33.600,13,-82.911,218.998,31.497
33.600,14,85.086,218.162,31.497
33.700,0,1.510,303.479,31.502
33.700,1,-10.550,291.538,31.502
33.700,2,13.450,291.419,31.502
33.700,3,-22.609,279.598,31.502
33.700,4,25.390,279.359,31.502
33.700,5,-34.669,267.658,31.502
33.700,6,37.330,267.300,31.502
33.700,7,-46.728,255.718,31.502
33.700,8,49.270,255.240,31.502
33.700,9,-58.788,243.778,31.502
33.700,10,61.210,243.181,31.502
33.700,11,-70.847,231.838,31.502
33.700,12,73.151,231.121,31.502
33.700,13,-82.907,219.898,31.502
33.700,14,85.091,219.062,31.502
33.800,0,1.514,304.379,31.506
33.800,1,-10.545,292.438,31.506
33.800,2,13.454,292.319,31.506
33.800,3,-22.605,280.498,31.506
33.800,4,25.395,280.259,31.506
33.800,5,-34.664,268.558,31.506
33.800,6,37.335,268.200,31.506
33.800,7,-46.724,256.618,31.506
33.800,8,49.275,256.140,31.506
33.800,9,-58.783,244.678,31.506
33.800,10,61.215,244.081,31.506
33.800,11,-70.843,232.738,31.506
33.800,12,73.155,232.021,31.506
33.800,13,-82.903,220.797,31.506
33.800,14,85.095,219.962,31.506
33.900,0,1.519,305.278,31.511
33.900,1,-10.541,293.338,31.511
33.900,2,13.459,293.219,31.511
33.900,3,-22.600,281.398,31.511
33.900,4,25.399,281.159,31.511
33.900,5,-34.660,269.458,31.511
33.900,6,37.339,269.100,31.511
33.900,7,-46.719,257.518,31.511
33.900,8,49.279,257.040,31.511
33.900,9,-58.779,245.578,31.511
33.900,10,61.219,244.980,31.511
33.900,11,-70.839,233.638,31.511
33.900,12,73.160,232.921,31.511
33.900,13,-82.898,221.697,31.511
33.900,14,85.100,220.862,31.511
34.000,0,1.523,306.178,31.515
34.000,1,-10.536,294.238,31.515
34.000,2,13.463,294.119,31.515
34.000,3,-22.596,282.298,31.515
34.000,4,25.404,282.059,31.515
34.000,5,-34.655,270.358,31.515
34.000,6,37.344,270.000,31.515
34.000,7,-46.715,258.418,31.515
34.000,8,49.284,257.940,31.515
34.000,9,-58.774,246.478,31.515
34.000,10,61.224,245.880,31.515
34.000,11,-70.834,234.538,31.515
34.000,12,73.164,233.821,31.515
34.000,13,-82.894,222.597,31.515
34.000,14,85.104,221.762,31.515
34.100,0,1.528,307.078,31.519
34.100,1,-10.532,295.138,31.519
34.100,2,13.468,295.019,31.519
34.100,3,-22.591,283.198,31.519
34.100,4,25.408,282.959,31.519
34.100,5,-34.651,271.258,31.519
34.100,6,37.348,270.900,31.519
34.100,7,-46.710,259.318,31.519
34.100,8,49.288,258.840,31.519
34.100,9,-58.770,247.378,31.519
34.100,10,61.228,246.780,31.519
34.100,11,-70.830,235.438,31.519
34.100,12,73.169,234.721,31.519
34.100,13,-82.889,223.497,31.519
34.100,14,85.109,222.662,31.519
34.200,0,1.532,307.978,31.524
34.200,1,-10.527,296.038,31.524
34.200,2,13.472,295.919,31.524
34.200,3,-22.587,284.098,31.524
34.200,4,25.413,283.859,31.524
34.200,5,-34.646,272.158,31.524
34.200,6,37.353,271.800,31.524
34.200,7,-46.706,260.218,31.524
34.200,8,49.293,259.740,31.524
34.200,9,-58.766,248.278,31.524
34.200,10,61.232,247.680,31.524
34.200,11,-70.825,236.337,31.524
34.200,12,73.173,235.621,31.524
34.200,13,-82.885,224.397,31.524
34.200,14,85.113,223.562,31.524
34.300,0,1.537,308.878,31.528
34.300,1,-10.523,296.938,31.528
34.300,2,13.477,296.819,31.528
34.300,3,-22.582,284.998,31.528
34.300,4,25.417,284.759,31.528
34.300,5,-34.642,273.058,31.528
34.300,6,37.357,272.700,31.528
34.300,7,-46.702,261.118,31.528
34.300,8,49.297,260.640,31.528
34.300,9,-58.761,249.178,31.528
34.300,10,61.236,248.579,31.528
34.300,11,-70.821,237.237,31.528
34.300,12,73.177,236.521,31.528
34.300,13,-82.880,225.297,31.528
34.300,14,85.118,224.462,31.528
34.400,0,1.541,309.778,31.533
34.400,1,-10.518,297.838,31.533
34.400,2,13.481,297.719,31.533
34.400,3,-22.578,285.898,31.533
34.400,4,25.421,285.659,31.533
34.400,5,-34.637,273.958,31.533
34.400,6,37.362,273.600,31.533
34.400,7,-46.697,262.018,31.533
34.400,8,49.302,261.540,31.533
34.400,9,-58.757,250.078,31.533
34.400,10,61.241,249.479,31.533
34.400,11,-70.816,238.137,31.533
34.400,12,73.182,237.420,31.533
34.400,13,-82.876,226.197,31.533
34.400,14,85.122,225.361,31.533
34.500,0,1.546,310.678,31.537
34.500,1,-10.514,298.738,31.537
34.500,2,13.486,298.619,31.537
34.500,3,-22.573,286.798,31.537
34.500,4,25.426,286.559,31.537
34.500,5,-34.633,274.858,31.537
34.500,6,37.366,274.500,31.537
34.500,7,-46.693,262.918,31.537
34.500,8,49.306,262.440,31.537
34.500,9,-58.752,250.978,31.537
34.500,10,61.245,250.379,31.537
34.500,11,-70.812,239.037,31.537
34.500,12,73.186,238.320,31.537
34.500,13,-82.871,227.097,31.537
34.500,14,85.127,226.261,31.537
34.600,0,1.550,311.578,31.542
34.600,1,-10.509,299.638,31.542
34.600,2,13.490,299.519,31.542
34.600,3,-22.569,287.698,31.542
34.600,4,25.430,287.459,31.542
34.600,5,-34.629,275.758,31.542
34.600,6,37.371,275.400,31.542
34.600,7,-46.688,263.818,31.542
34.600,8,49.310,263.340,31.542
34.600,9,-58.748,251.878,31.542
34.600,10,61.249,251.278,31.542
34.600,11,-70.807,239.937,31.542
34.600,12,73.190,239.219,31.542
34.600,13,-82.867,227.997,31.542
34.600,14,85.131,227.161,31.542
34.700,0,1.555,312.478,31.546
34.700,1,-10.505,300.538,31.546
34.700,2,13.495,300.419,31.546
34.700,3,-22.564,288.598,31.546
34.700,4,25.435,288.359,31.546
34.700,5,-34.624,276.658,31.546
34.700,6,37.375,276.300,31.546
34.700,7,-46.684,264.718,31.546
34.700,8,49.315,264.240,31.546
34.700,9,-58.743,252.777,31.546
34.700,10,61.253,252.177,31.546
34.700,11,-70.803,240.837,31.546
34.700,12,73.194,240.119,31.546
34.700,13,-82.862,228.897,31.546
34.700,14,85.136,228.061,31.546
34.800,0,1.559,313.378,31.551
34.800,1,-10.500,301.438,31.551
34.800,2,13.499,301.319,31.551
34.800,3,-22.560,289.498,31.551
34.800,4,25.439,289.259,31.551
34.800,5,-34.620,277.558,31.551
34.800,6,37.380,277.200,31.551
34.800,7,-46.679,265.618,31.551
34.800,8,49.319,265.140,31.551
34.800,9,-58.739,253.677,31.551
34.800,10,61.256,253.076,31.551
34.800,11,-70.798,241.737,31.551
34.800,12,73.199,241.018,31.551
34.800,13,-82.858,229.797,31.551
34.800,14,85.140,228.961,31.551
34.900,0,1.564,314.278,31.555
34.900,1,-10.496,302.338,31.555
34.900,2,13.504,302.219,31.555
34.900,3,-22.556,290.398,31.555
34.900,4,25.444,290.159,31.555
34.900,5,-34.615,278.458,31.555
34.900,6,37.384,278.100,31.555
34.900,7,-46.675,266.518,31.555
34.900,8,49.323,266.039,31.555
34.900,9,-58.734,254.577,31.555
34.900,10,61.260,253.976,31.555
34.900,11,-70.794,242.637,31.555
34.900,12,73.202,241.917,31.555
34.900,13,-82.853,230.697,31.555
34.900,14,85.144,229.860,31.555
35.000,0,1.568,315.178,31.560
35.000,1,-10.492,303.238,31.560
35.000,2,13.508,303.119,31.560
35.000,3,-22.551,291.298,31.560
35.000,4,25.448,291.059,31.560
35.000,5,-34.611,279.358,31.560
35.000,6,37.389,278.999,31.560
35.000,7,-46.670,267.418,31.560
35.000,8,49.328,266.939,31.560
35.000,9,-58.730,255.477,31.560
35.000,10,61.263,254.874,31.560
35.000,11,-70.789,243.537,31.560
35.000,12,73.206,242.816,31.560
35.000,13,-82.849,231.597,31.560
35.000,14,85.148,230.759,31.560
35.100,0,1.573,316.078,31.564
35.100,1,-10.487,304.138,31.564
35.100,2,13.513,304.019,31.564
35.100,3,-22.547,292.198,31.564
35.100,4,25.453,291.959,31.564
35.100,5,-34.606,280.258,31.564
35.100,6,37.393,279.899,31.564
35.100,7,-46.666,268.317,31.564
35.100,8,49.332,267.839,31.564
35.100,9,-58.725,256.377,31.564
35.100,10,61.267,255.773,31.564
35.100,11,-70.785,244.437,31.564
35.100,12,73.209,243.714,31.564
35.100,13,-82.844,232.497,31.564
35.100,14,85.151,231.656,31.564
35.200,0,1.577,316.978,31.569
35.200,1,-10.483,305.038,31.569
35.200,2,13.517,304.918,31.569
35.200,3,-22.542,293.098,31.569
35.200,4,25.457,292.859,31.569
35.200,5,-34.602,281.158,31.569
35.200,6,37.397,280.799,31.569
35.200,7,-46.661,269.217,31.569
35.200,8,49.336,268.739,31.569
35.200,9,-58.721,257.277,31.569
35.200,10,61.270,256.672,31.569
35.200,11,-70.780,245.337,31.569
35.200,12,73.212,244.612,31.569
35.200,13,-82.840,233.397,31.569
35.200,14,85.153,232.552,31.569
35.300,0,1.581,317.878,31.573
35.300,1,-10.478,305.938,31.573
35.300,2,13.522,305.818,31.573
35.300,3,-22.538,293.998,31.573
35.300,4,25.462,293.759,31.573
35.300,5,-34.597,282.058,31.573
35.300,6,37.402,281.699,31.573
35.300,7,-46.657,270.117,31.573
35.300,8,49.340,269.639,31.573
35.300,9,-58.716,258.177,31.573
35.300,10,61.273,257.570,31.573
35.300,11,-70.776,246.237,31.573
35.300,12,73.214,245.509,31.573
35.300,13,-82.835,234.297,31.573
35.300,14,85.154,233.445,31.573
35.400,0,1.586,318.778,31.578
35.400,1,-10.474,306.838,31.578
35.400,2,13.526,306.718,31.578
35.400,3,-22.533,294.898,31.578
35.400,4,25.466,294.659,31.578
35.400,5,-34.593,282.958,31.578
35.400,6,37.406,282.599,31.578
35.400,7,-46.652,271.017,31.578
35.400,8,49.344,270.539,31.578
35.400,9,-58.712,259.077,31.578
35.400,10,61.275,258.469,31.578
35.400,11,-70.771,247.137,31.578
35.400,12,73.216,246.406,31.578
35.400,13,-82.831,235.197,31.578
35.400,14,85.153,234.335,31.578
35.500,0,1.590,319.678,31.582
35.500,1,-10.469,307.738,31.582
35.500,2,13.531,307.618,31.582
35.500,3,-22.529,295.798,31.582
35.500,4,25.471,295.559,31.582
35.500,5,-34.588,283.857,31.582
35.500,6,37.411,283.499,31.582
35.500,7,-46.648,271.917,31.582
35.500,8,49.349,271.439,31.582
35.500,9,-58.707,259.977,31.582
35.500,10,61.278,259.367,31.582
35.500,11,-70.767,248.037,31.582
35.500,12,73.217,247.302,31.582
35.500,13,-82.826,236.097,31.582
35.500,14,85.150,235.222,31.582
35.600,0,1.595,320.578,31.587
35.600,1,-10.465,308.638,31.587
35.600,2,13.535,308.518,31.587
35.600,3,-22.524,296.698,31.587
35.600,4,25.475,296.459,31.587
35.600,5,-34.584,284.757,31.587
35.600,6,37.415,284.399,31.587
35.600,7,-46.643,272.817,31.587
35.600,8,49.353,272.338,31.587
35.600,9,-58.703,260.877,31.587
35.600,10,61.280,260.265,31.587
35.600,11,-70.762,248.937,31.587
35.600,12,73.217,248.197,31.587
35.600,13,-82.822,236.997,31.587
35.600,14,85.145,236.105,31.587
35.700,0,1.599,321.478,31.591
35.700,1,-10.460,309.538,31.591
35.700,2,13.540,309.418,31.591
35.700,3,-22.520,297.598,31.591
35.700,4,25.480,297.359,31.591
35.700,5,-34.579,285.657,31.591
35.700,6,37.420,285.299,31.591
35.700,7,-46.639,273.717,31.591
35.700,8,49.357,273.238,31.591
35.700,9,-58.698,261.777,31.591
35.700,10,61.282,261.163,31.591
35.700,11,-70.758,249.837,31.591
35.700,12,73.216,249.092,31.591
35.700,13,-82.817,237.897,31.591
35.700,14,85.137,236.983,31.591
35.800,0,1.604,322.378,31.596
35.800,1,-10.456,310.438,31.596
35.800,2,13.544,310.318,31.596
35.800,3,-22.515,298.498,31.596
35.800,4,25.484,298.259,31.596
35.800,5,-34.575,286.557,31.596
35.800,6,37.424,286.199,31.596
35.800,7,-46.634,274.617,31.596
35.800,8,49.361,274.138,31.596
35.800,9,-58.694,262.677,31.596
35.800,10,61.284,262.061,31.596
35.800,11,-70.753,250.737,31.596
35.800,12,73.214,249.986,31.596
35.800,13,-82.813,238.797,31.596
35.800,14,85.125,237.857,31.596
35.900,0,1.608,323.278,31.600
35.900,1,-10.451,311.338,31.600
35.900,2,13.548,311.218,31.600
35.900,3,-22.511,299.397,31.600
35.900,4,25.489,299.159,31.600
35.900,5,-34.570,287.457,31.600
35.900,6,37.429,287.099,31.600
35.900,7,-46.630,275.517,31.600
35.900,8,49.365,275.038,31.600
35.900,9,-58.689,263.577,31.600
35.900,10,61.286,262.958,31.600
35.900,11,-70.749,251.637,31.600
35.900,12,73.211,250.880,31.600
35.900,13,-82.809,239.697,31.600
35.900,14,85.110,238.726,31.600
36.000,0,1.613,324.178,31.605
36.000,1,-10.447,312.238,31.605
36.000,2,13.553,312.118,31.605
36.000,3,-22.506,300.297,31.605
36.000,4,25.493,300.059,31.605
36.000,5,-34.566,288.357,31.605
36.000,6,37.433,287.999,31.605
36.000,7,-46.625,276.417,31.605
36.000,8,49.369,275.938,31.605
36.000,9,-58.685,264.477,31.605
36.000,10,61.287,263.856,31.605
36.000,11,-70.744,252.537,31.605
36.000,12,73.207,251.772,31.604
36.000,13,-82.804,240.597,31.605
36.000,14,85.091,239.589,31.604
36.100,0,1.617,325.078,31.609
36.100,1,-10.442,313.138,31.609
36.100,2,13.557,313.018,31.609
36.100,3,-22.502,301.197,31.609
36.100,4,25.498,300.959,31.609
36.100,5,-34.561,289.257,31.609
36.100,6,37.438,288.899,31.609
36.100,7,-46.621,277.317,31.609
36.100,8,49.373,276.838,31.609
36.100,9,-58.680,265.377,31.609
36.100,10,61.288,264.753,31.609
36.100,11,-70.740,253.437,31.609
36.100,12,73.202,252.665,31.609
36.100,13,-82.800,241.497,31.609
36.100,14,85.066,240.446,31.609
36.200,0,1.622,325.978,31.614
36.200,1,-10.438,314.038,31.614
36.200,2,13.562,313.918,31.614
36.200,3,-22.497,302.097,31.614
36.200,4,25.502,301.859,31.614
36.200,5,-34.557,290.157,31.614
36.200,6,37.442,289.799,31.614
36.200,7,-46.616,278.217,31.614
36.200,8,49.377,277.737,31.613
36.200,9,-58.676,266.277,31.614
36.200,10,61.288,265.651,31.613
36.200,11,-70.736,254.337,31.614
36.200,12,73.196,253.556,31.613
36.200,13,-82.795,242.397,31.614
36.200,14,85.037,241.298,31.613
36.300,0,1.626,326.878,31.618
36.300,1,-10.433,314.938,31.618
36.300,2,13.566,314.818,31.618
36.300,3,-22.493,302.997,31.618
36.300,4,25.507,302.759,31.618
36.300,5,-34.552,291.057,31.618
36.300,6,37.447,290.699,31.618
36.300,7,-46.612,279.117,31.618
36.300,8,49.381,278.637,31.618
36.300,9,-58.672,267.177,31.618
36.300,10,61.289,266.548,31.618
36.300,11,-70.731,255.237,31.618
36.300,12,73.189,254.447,31.618
36.300,13,-82.791,243.297,31.618
36.300,14,85.001,242.143,31.618
36.400,0,1.631,327.778,31.622
36.400,1,-10.429,315.837,31.622
36.400,2,13.571,315.718,31.622
36.400,3,-22.488,303.897,31.622
36.400,4,25.511,303.659,31.622
36.400,5,-34.548,291.957,31.622
36.400,6,37.451,291.599,31.622
36.400,7,-46.607,280.017,31.622
36.400,8,49.385,279.537,31.622
36.400,9,-58.667,268.077,31.622
36.400,10,61.289,267.445,31.622
36.400,11,-70.727,256.137,31.622
36.400,12,73.182,255.337,31.622
36.400,13,-82.786,244.197,31.622
36.400,14,84.961,242.984,31.622
36.500,0,1.635,328.678,31.627
36.500,1,-10.424,316.737,31.627
36.500,2,13.575,316.618,31.627
36.500,3,-22.484,304.797,31.627
36.500,4,25.516,304.559,31.627
36.500,5,-34.543,292.857,31.627
36.500,6,37.456,292.499,31.627
36.500,7,-46.603,280.917,31.627
36.500,8,49.389,280.437,31.627
36.500,9,-58.663,268.977,31.627
36.500,10,61.289,268.342,31.627
36.500,11,-70.722,257.037,31.627
36.500,12,73.174,256.226,31.627
36.500,13,-82.782,245.097,31.627
36.500,14,84.915,243.820,31.627
36.600,0,1.640,329.578,31.631
36.600,1,-10.420,317.637,31.631
36.600,2,13.580,317.518,31.631
36.600,3,-22.479,305.697,31.631
36.600,4,25.520,305.458,31.631
36.600,5,-34.539,293.757,31.631
36.600,6,37.460,293.399,31.631
36.600,7,-46.599,281.817,31.631
36.600,8,49.393,281.337,31.631
36.600,9,-58.658,269.877,31.631
36.600,10,61.288,269.240,31.631
36.600,11,-70.718,257.937,31.631
36.600,12,73.164,257.115,31.631
36.600,13,-82.777,245.997,31.631
36.600,14,84.863,244.651,31.631
36.700,0,1.644,330.478,31.636
36.700,1,-10.415,318.537,31.636
36.700,2,13.584,318.418,31.636
36.700,3,-22.475,306.597,31.636
36.700,4,25.524,306.358,31.636
36.700,5,-34.534,294.657,31.636
36.700,6,37.465,294.299,31.636
36.700,7,-46.594,282.717,31.636
36.700,8,49.397,282.237,31.636
36.700,9,-58.654,270.777,31.636
36.700,10,61.287,270.137,31.636
36.700,11,-70.713,258.837,31.636
36.700,12,73.154,258.003,31.636
36.700,13,-82.773,246.897,31.636
36.700,14,84.806,245.479,31.636
36.800,0,1.649,331.378,31.640
36.800,1,-10.411,319.437,31.640
36.800,2,13.589,319.318,31.640
36.800,3,-22.470,307.497,31.640
36.800,4,25.529,307.258,31.640
36.800,5,-34.530,295.557,31.640
36.800,6,37.469,295.199,31.640
36.800,7,-46.590,283.617,31.640
36.800,8,49.401,283.137,31.640
36.800,9,-58.649,271.677,31.640
36.800,10,61.286,271.034,31.640
36.800,11,-70.709,259.737,31.640
36.800,12,73.144,258.891,31.640
36.800,13,-82.768,247.796,31.640
36.800,14,84.743,246.304,31.640
36.900,0,1.653,332.278,31.645
36.900,1,-10.406,320.337,31.645
36.900,2,13.593,320.218,31.645
36.900,3,-22.466,308.397,31.645
36.900,4,25.533,308.158,31.645
36.900,5,-34.526,296.457,31.645
36.900,6,37.474,296.099,31.645
36.900,7,-46.585,284.517,31.645
36.900,8,49.405,284.037,31.645
36.900,9,-58.645,272.577,31.645
36.900,10,61.285,271.932,31.645
36.900,11,-70.704,260.637,31.645
36.900,12,73.132,259.777,31.645
36.900,13,-82.764,248.696,31.645
36.900,14,84.675,247.126,31.644
37.000,0,1.658,333.177,31.649
37.000,1,-10.402,321.237,31.649
37.000,2,13.598,321.118,31.649
37.000,3,-22.462,309.297,31.649
37.000,4,25.538,309.058,31.649
37.000,5,-34.521,297.357,31.649
37.000,6,37.478,296.999,31.649
37.000,7,-46.581,285.417,31.649
37.000,8,49.409,284.937,31.649
37.000,9,-58.640,273.477,31.649
37.000,10,61.284,272.829,31.649
37.000,11,-70.700,261.537,31.649
37.000,12,73.120,260.663,31.649
37.000,13,-82.759,249.596,31.649
37.000,14,84.602,247.947,31.649
37.100,0,1.662,334.077,31.654
37.100,1,-10.397,322.137,31.654
37.100,2,13.602,322.018,31.654
37.100,3,-22.457,310.197,31.654
37.100,4,25.542,309.958,31.654
37.100,5,-34.517,298.257,31.654
37.100,6,37.483,297.899,31.654
37.100,7,-46.576,286.317,31.654
37.100,8,49.413,285.837,31.654
37.100,9,-58.636,274.377,31.654
37.100,10,61.282,273.727,31.654
37.100,11,-70.695,262.437,31.654
37.100,12,73.107,261.548,31.654
37.100,13,-82.755,250.496,31.654
37.100,14,84.523,248.766,31.653
37.200,0,1.667,334.977,31.658
37.200,1,-10.393,323.037,31.658
37.200,2,13.607,322.918,31.658
37.200,3,-22.453,311.097,31.658
37.200,4,25.547,310.858,31.658
37.200,5,-34.512,299.157,31.658
37.200,6,37.487,298.799,31.658
37.200,7,-46.572,287.217,31.658
37.200,8,49.417,286.737,31.658
37.200,9,-58.631,275.277,31.658
37.200,10,61.280,274.625,31.658
37.200,11,-70.691,263.337,31.658
37.200,12,73.093,262.433,31.658
37.200,13,-82.750,251.396,31.658
37.200,14,84.440,249.587,31.658
37.300,0,1.671,335.877,31.663
37.300,1,-10.389,323.937,31.663
37.300,2,13.611,323.818,31.663
37.300,3,-22.448,311.997,31.663
37.300,4,25.551,311.758,31.663
37.300,5,-34.508,300.057,31.663
37.300,6,37.491,299.699,31.663
37.300,7,-46.567,288.117,31.663
37.300,8,49.421,287.637,31.663
37.300,9,-58.627,276.177,31.663
37.300,10,61.278,275.523,31.663
37.300,11,-70.686,264.237,31.663
37.300,12,73.078,263.317,31.663
37.300,13,-82.746,252.296,31.663
37.300,14,84.353,250.408,31.662
37.400,0,1.676,336.777,31.667
37.400,1,-10.384,324.837,31.667
37.400,2,13.616,324.718,31.667
37.400,3,-22.444,312.897,31.667
37.400,4,25.556,312.658,31.667
37.400,5,-34.503,300.957,31.667
37.400,6,37.496,300.599,31.667
37.400,7,-46.563,289.017,31.667
37.400,8,49.425,288.537,31.667
37.400,9,-58.622,277.077,31.667
37.400,10,61.276,276.421,31.667
37.400,11,-70.682,265.136,31.667
37.400,12,73.062,264.201,31.667
37.400,13,-82.741,253.196,31.667
37.400,14,84.262,251.231,31.667
37.500,0,1.680,337.677,31.672
37.500,1,-10.380,325.737,31.672
37.500,2,13.620,325.618,31.672
37.500,3,-22.439,313.797,31.672
37.500,4,25.560,313.558,31.672
37.500,5,-34.499,301.857,31.672
37.500,6,37.500,301.499,31.672
37.500,7,-46.558,289.917,31.672
37.500,8,49.429,289.437,31.672
37.500,9,-58.618,277.977,31.672
37.500,10,61.274,277.320,31.672
37.500,11,-70.677,266.036,31.672
37.500,12,73.045,265.084,31.671
37.500,13,-82.737,254.096,31.672
37.500,14,84.167,252.058,31.671
37.600,0,1.684,338.577,31.676
37.600,1,-10.375,326.637,31.676
37.600,2,13.625,326.518,31.676
37.600,3,-22.435,314.697,31.676
37.600,4,25.565,314.458,31.676
37.600,5,-34.494,302.757,31.676
37.600,6,37.505,302.399,31.676
37.600,7,-46.554,290.817,31.676
37.600,8,49.433,290.337,31.676
37.600,9,-58.613,278.877,31.676
37.600,10,61.272,278.219,31.676
37.600,11,-70.673,266.936,31.676
37.600,12,73.027,265.967,31.676
37.600,13,-82.732,254.996,31.676
37.600,14,84.070,252.888,31.675
37.700,0,1.689,339.477,31.681
37.700,1,-10.371,327.537,31.681
37.700,2,13.629,327.418,31.681
37.700,3,-22.430,315.597,31.681
37.700,4,25.569,315.358,31.681
37.700,5,-34.490,303.657,31.681
37.700,6,37.509,303.299,31.681
37.700,7,-46.549,291.717,31.681
37.700,8,49.438,291.237,31.681
37.700,9,-58.609,279.777,31.681
37.700,10,61.269,279.119,31.681
37.700,11,-70.668,267.836,31.681
37.700,12,73.008,266.849,31.680
37.700,13,-82.728,255.896,31.681
37.700,14,83.970,253.723,31.680
37.800,0,1.693,340.377,31.685
37.800,1,-10.366,328.437,31.685
37.800,2,13.634,328.318,31.685
37.800,3,-22.426,316.497,31.685
37.800,4,25.574,316.258,31.685
37.800,5,-34.485,304.557,31.685
37.800,6,37.514,304.199,31.685
37.800,7,-46.545,292.617,31.685
37.800,8,49.442,292.137,31.685
37.800,9,-58.604,280.677,31.685
37.800,10,61.267,280.018,31.685
37.800,11,-70.664,268.736,31.685
37.800,12,72.988,267.732,31.685
37.800,13,-82.723,256.796,31.685
37.800,14,83.869,254.564,31.684
37.900,0,1.698,341.277,31.690
37.900,1,-10.362,329.337,31.690
37.900,2,13.638,329.218,31.690
37.900,3,-22.421,317.397,31.690
37.900,4,25.578,317.158,31.690
37.900,5,-34.481,305.457,31.690
37.900,6,37.518,305.099,31.690
37.900,7,-46.540,293.517,31.690
37.900,8,49.446,293.037,31.690
37.900,9,-58.600,281.577,31.690
37.900,10,61.265,280.919,31.690
37.900,11,-70.659,269.636,31.690
37.900,12,72.967,268.614,31.689
37.900,13,-82.719,257.696,31.690
37.900,14,83.767,255.411,31.689
38.000,0,1.702,342.177,31.694
38.000,1,-10.357,330.237,31.694
38.000,2,13.643,330.118,31.694
38.000,3,-22.417,318.297,31.694
38.000,4,25.583,318.058,31.694
38.000,5,-34.476,306.357,31.694
38.000,6,37.523,305.999,31.694
38.000,7,-46.536,294.417,31.694
38.000,8,49.450,293.937,31.694
38.000,9,-58.595,282.477,31.694
38.000,10,61.263,281.819,31.694
38.000,11,-70.655,270.536,31.694
38.000,12,72.946,269.497,31.694
38.000,13,-82.714,258.596,31.694
38.000,14,83.664,256.265,31.693
38.100,0,1.707,343.077,31.699
38.100,1,-10.353,331.137,31.699
38.100,2,13.647,331.018,31.699
38.100,3,-22.412,319.197,31.699
38.100,4,25.587,318.958,31.699
38.100,5,-34.472,307.257,31.699
38.100,6,37.527,306.899,31.699
38.100,7,-46.531,295.317,31.699
38.100,8,49.454,294.837,31.699
38.100,9,-58.591,283.377,31.699
38.100,10,61.261,282.720,31.698
38.100,11,-70.650,271.436,31.699
38.100,12,72.923,270.381,31.698
38.100,13,-82.710,259.496,31.699
38.100,14,83.562,257.123,31.698
38.200,0,1.711,343.977,31.703
38.200,1,-10.348,332.037,31.703
38.200,2,13.651,331.918,31.703
38.200,3,-22.408,320.097,31.703
38.200,4,25.592,319.858,31.703
38.200,5,-34.467,308.157,31.703
38.200,6,37.532,307.799,31.703
38.200,7,-46.527,296.217,31.703
38.200,8,49.459,295.737,31.703
38.200,9,-58.586,284.277,31.703
38.200,10,61.260,283.621,31.703
38.200,11,-70.646,272.336,31.703
38.200,12,72.899,271.264,31.703
38.200,13,-82.706,260.396,31.703
38.200,14,83.461,257.987,31.702
38.300,0,1.716,344.877,31.708
38.300,1,-10.344,332.937,31.708
38.300,2,13.656,332.818,31.708
38.300,3,-22.403,320.997,31.708
38.300,4,25.596,320.758,31.708
38.300,5,-34.463,309.057,31.708
38.300,6,37.536,308.699,31.708
38.300,7,-46.522,297.117,31.708
38.300,8,49.463,296.637,31.708
38.300,9,-58.582,285.176,31.708
38.300,10,61.259,284.523,31.707
38.300,11,-70.642,273.236,31.708
38.300,12,72.874,272.149,31.707
38.300,13,-82.701,261.296,31.708
38.300,14,83.360,258.854,31.706
38.400,0,1.720,345.777,31.712
38.400,1,-10.339,333.837,31.712
38.400,2,13.660,333.718,31.712
38.400,3,-22.399,321.897,31.712
38.400,4,25.601,321.658,31.712
38.400,5,-34.458,309.957,31.712
38.400,6,37.541,309.599,31.712
38.400,7,-46.518,298.017,31.712
38.400,8,49.467,297.537,31.712
38.400,9,-58.577,286.076,31.712
38.400,10,61.258,285.424,31.712
38.400,11,-70.637,274.136,31.712
38.400,12,72.848,273.035,31.711
38.400,13,-82.697,262.196,31.712
38.400,14,83.259,259.725,31.711
38.500,0,1.725,346.677,31.716
38.500,1,-10.335,334.737,31.716
38.500,2,13.665,334.618,31.716
38.500,3,-22.394,322.797,31.716
38.500,4,25.605,322.558,31.716
38.500,5,-34.454,310.857,31.716
38.500,6,37.545,310.499,31.716
38.500,7,-46.513,298.917,31.716
38.500,8,49.472,298.438,31.716
38.500,9,-58.573,286.976,31.716
38.500,10,61.257,286.326,31.716
38.500,11,-70.633,275.036,31.716
38.500,12,72.822,273.922,31.716
38.500,13,-82.692,263.096,31.716
38.500,14,83.159,260.599,31.715
38.600,0,1.729,347.577,31.721
38.600,1,-10.330,335.637,31.721
38.600,2,13.669,335.518,31.721
38.600,3,-22.390,323.697,31.721
38.600,4,25.610,323.458,31.721
38.600,5,-34.449,311.757,31.721
38.600,6,37.550,311.399,31.721
38.600,7,-46.509,299.817,31.721
38.600,8,49.476,299.338,31.721
38.600,9,-58.569,287.876,31.721
38.600,10,61.256,287.229,31.721
38.600,11,-70.628,275.936,31.721
38.600,12,72.795,274.810,31.720
38.600,13,-82.688,263.996,31.721
38.600,14,83.059,261.475,31.720
38.700,0,1.734,348.477,31.725
38.700,1,-10.326,336.537,31.725
38.700,2,13.674,336.418,31.725
38.700,3,-22.385,324.597,31.725
38.700,4,25.614,324.358,31.725
38.700,5,-34.445,312.657,31.725
38.700,6,37.554,312.299,31.725
38.700,7,-46.504,300.717,31.725
38.700,8,49.480,300.238,31.725
38.700,9,-58.564,288.776,31.725
38.700,10,61.256,288.131,31.725
38.700,11,-70.624,276.836,31.725
38.700,12,72.767,275.700,31.725
38.700,13,-82.683,264.896,31.725
38.700,14,82.959,262.351,31.724
38.800,0,1.738,349.377,31.730
38.800,1,-10.321,337.437,31.730
38.800,2,13.678,337.318,31.730
38.800,3,-22.381,325.497,31.730
38.800,4,25.618,325.258,31.730
38.800,5,-34.440,313.557,31.730
38.800,6,37.559,313.198,31.730
38.800,7,-46.500,301.617,31.730
38.800,8,49.485,301.138,31.730
38.800,9,-58.560,289.676,31.730
38.800,10,61.256,289.034,31.730
38.800,11,-70.619,277.736,31.730
38.800,12,72.739,276.592,31.729
38.800,13,-82.679,265.796,31.730
38.800,14,82.859,263.229,31.729
38.900,0,1.743,350.277,31.734
38.900,1,-10.317,338.337,31.734
38.900,2,13.683,338.218,31.734
38.900,3,-22.376,326.397,31.734
38.900,4,25.623,326.158,31.734
38.900,5,-34.436,314.457,31.734
38.900,6,37.563,314.098,31.734
38.900,7,-46.496,302.517,31.734
38.900,8,49.489,302.038,31.734
38.900,9,-58.555,290.576,31.734
38.900,10,61.256,289.936,31.734
38.900,11,-70.615,278.636,31.734
38.900,12,72.711,277.485,31.734
38.900,13,-82.674,266.696,31.734
38.900,14,82.759,264.107,31.733
39.000,0,1.747,351.177,31.739
39.000,1,-10.312,339.237,31.739
39.000,2,13.687,339.118,31.739
39.000,3,-22.372,327.297,31.739
39.000,4,25.627,327.058,31.739
39.000,5,-34.432,315.357,31.739
39.000,6,37.568,314.998,31.739
39.000,7,-46.491,303.417,31.739
39.000,8,49.493,302.938,31.739
39.000,9,-58.551,291.476,31.739
39.000,10,61.257,290.839,31.739
39.000,11,-70.610,279.536,31.739
39.000,12,72.683,278.382,31.738
39.000,13,-82.670,267.596,31.739
39.000,14,82.658,264.984,31.737
39.100,0,1.752,352.077,31.743
39.100,1,-10.308,340.137,31.743
39.100,2,13.692,340.018,31.743
39.100,3,-22.367,328.197,31.743
39.100,4,25.632,327.958,31.743
39.100,5,-34.427,316.257,31.743
39.100,6,37.572,315.898,31.743
39.100,7,-46.487,304.316,31.743
39.100,8,49.498,303.838,31.743
39.100,9,-58.546,292.376,31.743
39.100,10,61.258,291.742,31.743
39.100,11,-70.606,280.436,31.743
39.100,12,72.655,279.280,31.743
39.100,13,-82.665,268.496,31.743
39.100,14,82.556,265.861,31.742
39.200,0,1.756,352.977,31.748
39.200,1,-10.303,341.037,31.748
39.200,2,13.696,340.918,31.748
39.200,3,-22.363,329.097,31.748
39.200,4,25.636,328.858,31.748
39.200,5,-34.423,317.157,31.748
39.200,6,37.577,316.798,31.748
39.200,7,-46.482,305.216,31.748
39.200,8,49.502,304.738,31.748
39.200,9,-58.542,293.276,31.748
39.200,10,61.259,292.645,31.748
39.200,11,-70.601,281.336,31.748
39.200,12,72.627,280.182,31.747
39.200,13,-82.661,269.396,31.748
39.200,14,82.452,266.736,31.746
39.300,0,1.761,353.877,31.752
39.300,1,-10.299,341.937,31.752
39.300,2,13.701,341.818,31.752
39.300,3,-22.359,329.997,31.752
39.300,4,25.641,329.758,31.752
39.300,5,-34.418,318.057,31.752
39.300,6,37.581,317.698,31.752
39.300,7,-46.478,306.116,31.752
39.300,8,49.507,305.638,31.752
39.300,9,-58.537,294.176,31.752
39.300,10,61.261,293.547,31.752
39.300,11,-70.597,282.236,31.752
39.300,12,72.600,281.086,31.752
39.300,13,-82.656,270.296,31.752
39.300,14,82.347,267.611,31.751
39.400,0,1.765,354.777,31.757
39.400,1,-10.294,342.837,31.757
39.400,2,13.705,342.717,31.757
39.400,3,-22.354,330.897,31.757
39.400,4,25.645,330.658,31.757
39.400,5,-34.414,318.957,31.757
39.400,6,37.586,318.598,31.757
39.400,7,-46.473,307.016,31.757
39.400,8,49.511,306.538,31.757
39.400,9,-58.533,295.076,31.757
39.400,10,61.262,294.450,31.757
39.400,11,-70.592,283.136,31.757
39.400,12,72.574,281.992,31.756
39.400,13,-82.652,271.196,31.757
39.400,14,82.239,268.484,31.755
39.500,0,1.770,355.677,31.761
39.500,1,-10.290,343.737,31.761
39.500,2,13.710,343.617,31.761
39.500,3,-22.350,331.797,31.761
39.500,4,25.650,331.558,31.761
39.500,5,-34.409,319.857,31.761
39.500,6,37.590,319.498,31.761
39.500,7,-46.469,307.916,31.761
39.500,8,49.515,307.438,31.761
39.500,9,-58.528,295.976,31.761
39.500,10,61.264,295.353,31.761
39.500,11,-70.588,284.036,31.761
39.500,12,72.549,282.901,31.760
39.500,13,-82.647,272.096,31.761
39.500,14,82.130,269.356,31.760
39.600,0,1.774,356.577,31.766
39.600,1,-10.286,344.637,31.766
39.600,2,13.714,344.517,31.766
39.600,3,-22.345,332.697,31.766
39.600,4,25.654,332.458,31.766
39.600,5,-34.405,320.757,31.766
39.600,6,37.594,320.398,31.766
39.600,7,-46.464,308.816,31.766
39.600,8,49.520,308.338,31.766
39.600,9,-58.524,296.876,31.766
39.600,10,61.267,296.256,31.766
39.600,11,-70.583,284.936,31.766
39.600,12,72.525,283.812,31.765
39.600,13,-82.643,272.996,31.766
39.600,14,82.018,270.228,31.764
39.700,0,1.778,357.477,31.770
39.700,1,-10.281,345.537,31.770
39.700,2,13.719,345.417,31.770
39.700,3,-22.341,333.597,31.770
39.700,4,25.659,333.358,31.770
39.700,5,-34.400,321.657,31.770
39.700,6,37.599,321.298,31.770
39.700,7,-46.460,309.716,31.770
39.700,8,49.524,309.238,31.770
39.700,9,-58.519,297.776,31.770
39.700,10,61.269,297.158,31.770
39.700,11,-70.579,285.836,31.770
39.700,12,72.502,284.725,31.769
39.700,13,-82.638,273.896,31.770
39.700,14,81.903,271.099,31.768
39.800,0,1.783,358.377,31.775
39.800,1,-10.277,346.437,31.775
39.800,2,13.723,346.317,31.775
39.800,3,-22.336,334.497,31.775
39.800,4,25.663,334.258,31.775
39.800,5,-34.396,322.557,31.775
39.800,6,37.603,322.198,31.775
39.800,7,-46.455,310.616,31.775
39.800,8,49.529,310.138,31.775
39.800,9,-58.515,298.676,31.775
39.800,10,61.272,298.061,31.775
39.800,11,-70.574,286.736,31.775
39.800,12,72.480,285.640,31.774
39.800,13,-82.634,274.796,31.775
39.800,14,81.786,271.971,31.773
39.900,0,1.787,359.277,31.779
39.900,1,-10.272,347.337,31.779
39.900,2,13.728,347.217,31.779
39.900,3,-22.332,335.397,31.779
39.900,4,25.668,335.158,31.779
39.900,5,-34.391,323.456,31.779
39.900,6,37.608,323.098,31.779
39.900,7,-46.451,311.516,31.779
39.900,8,49.533,311.038,31.779
39.900,9,-58.510,299.576,31.779
39.900,10,61.275,298.963,31.779
39.900,11,-70.570,287.636,31.779
39.900,12,72.460,286.556,31.778
39.900,13,-82.629,275.696,31.779
39.900,14,81.678,272.863,31.777
40.000,0,1.792,360.177,31.784
40.000,1,-10.268,348.237,31.784
40.000,2,13.732,348.117,31.784
40.000,3,-22.327,336.297,31.784
40.000,4,25.672,336.058,31.784
40.000,5,-34.387,324.356,31.784
40.000,6,37.612,323.998,31.784
40.000,7,-46.446,312.416,31.784
40.000,8,49.538,311.938,31.784
40.000,9,-58.506,300.476,31.784
40.000,10,61.278,299.866,31.783
40.000,11,-70.565,288.536,31.784
40.000,12,72.441,287.473,31.783
40.000,13,-82.625,276.596,31.784
40.000,14,81.577,273.776,31.782
40.100,0,1.796,361.077,31.788
40.100,1,-10.263,349.137,31.788
40.100,2,13.737,349.017,31.788
40.100,3,-22.323,337.197,31.788
40.100,4,25.677,336.958,31.788
40.100,5,-34.382,325.256,31.788
40.100,6,37.617,324.898,31.788
40.100,7,-46.442,313.316,31.788
40.100,8,49.542,312.838,31.788
40.100,9,-58.501,301.376,31.788
40.100,10,61.282,300.768,31.788
40.100,11,-70.561,289.436,31.788
40.100,12,72.424,288.392,31.787
40.100,13,-82.620,277.496,31.788
40.100,14,81.482,274.709,31.787
40.200,0,1.801,361.977,31.793
40.200,1,-10.259,350.037,31.793
40.200,2,13.741,349.917,31.793
40.200,3,-22.318,338.097,31.793
40.200,4,25.681,337.858,31.793
40.200,5,-34.378,326.156,31.793
40.200,6,37.621,325.798,31.793
40.200,7,-46.437,314.216,31.793
40.200,8,49.547,313.738,31.793
40.200,9,-58.497,302.276,31.793
40.200,10,61.285,301.670,31.792
40.200,11,-70.556,290.336,31.793
40.200,12,72.408,289.312,31.792
40.200,13,-82.616,278.396,31.793
40.200,14,81.391,275.662,31.792
40.300,0,1.805,362.877,31.797
40.300,1,-10.254,350.937,31.797
40.300,2,13.746,350.817,31.797
40.300,3,-22.314,338.997,31.797
40.300,4,25.686,338.758,31.797
40.300,5,-34.373,327.056,31.797
40.300,6,37.626,326.698,31.797
40.300,7,-46.433,315.116,31.797
40.300,8,49.551,314.638,31.797
40.300,9,-58.492,303.176,31.797
40.300,10,61.289,302.572,31.797
40.300,11,-70.552,291.236,31.797
40.300,12,72.394,290.232,31.796
40.300,13,-82.612,279.296,31.797
40.300,14,81.304,276.635,31.796
40.400,0,1.810,363.777,31.802
40.400,1,-10.250,351.837,31.802
40.400,2,13.750,351.717,31.802
40.400,3,-22.309,339.897,31.802
40.400,4,25.690,339.658,31.802
40.400,5,-34.369,327.956,31.802
40.400,6,37.630,327.598,31.802
40.400,7,-46.428,316.016,31.802
40.400,8,49.556,315.538,31.802
40.400,9,-58.488,304.076,31.802
40.400,10,61.293,303.473,31.801
40.400,11,-70.547,292.136,31.802
40.400,12,72.381,291.153,31.801
40.400,13,-82.607,280.196,31.802
40.400,14,81.220,277.627,31.801
40.500,0,1.814,364.677,31.806
40.500,1,-10.245,352.737,31.806
40.500,2,13.754,352.617,31.806
40.500,3,-22.305,340.797,31.806
40.500,4,25.695,340.558,31.806
40.500,5,-34.364,328.856,31.806
40.500,6,37.635,328.498,31.806
40.500,7,-46.424,316.916,31.806
40.500,8,49.560,316.438,31.806
40.500,9,-58.483,304.976,31.806
40.500,10,61.297,304.375,31.806
40.500,11,-70.543,293.036,31.806
40.500,12,72.370,292.074,31.805
40.500,13,-82.603,281.096,31.806
40.500,14,81.141,278.640,31.806
40.600,0,1.819,365.577,31.811
40.600,1,-10.241,353.637,31.811
40.600,2,13.759,353.517,31.811
40.600,3,-22.300,341.697,31.811
40.600,4,25.699,341.458,31.811
40.600,5,-34.360,329.756,31.811
40.600,6,37.639,329.398,31.811
40.600,7,-46.419,317.816,31.811
40.600,8,49.565,317.338,31.811
40.600,9,-58.479,305.876,31.811
40.600,10,61.301,305.276,31.810
40.600,11,-70.539,293.936,31.811
40.600,12,72.360,292.995,31.810
40.600,13,-82.598,281.996,31.811
40.600,14,81.066,279.673,31.811
40.700,0,1.823,366.477,31.815
40.700,1,-10.236,354.537,31.815
40.700,2,13.763,354.417,31.815
40.700,3,-22.296,342.596,31.815
40.700,4,25.704,342.358,31.815
40.700,5,-34.355,330.656,31.815
40.700,6,37.644,330.298,31.815
40.700,7,-46.415,318.716,31.815
40.700,8,49.569,318.238,31.815
40.700,9,-58.474,306.776,31.815
40.700,10,61.305,306.177,31.815
40.700,11,-70.534,294.836,31.815
40.700,12,72.351,293.916,31.814
40.700,13,-82.594,282.896,31.815
40.700,14,80.996,280.726,31.816
40.800,0,1.828,367.377,31.819
40.800,1,-10.232,355.437,31.819
40.800,2,13.768,355.317,31.819
40.800,3,-22.291,343.496,31.819
40.800,4,25.708,343.258,31.819
40.800,5,-34.351,331.556,31.819
40.800,6,37.648,331.198,31.819
40.800,7,-46.410,319.616,31.819
40.800,8,49.574,319.138,31.819
40.800,9,-58.470,307.676,31.819
40.800,10,61.310,307.078,31.819
40.800,11,-70.530,295.736,31.819
40.800,12,72.344,294.837,31.818
40.800,13,-82.589,283.796,31.819
40.800,14,80.931,281.797,31.821
40.900,0,1.832,368.277,31.824
40.900,1,-10.227,356.337,31.824
40.900,2,13.772,356.217,31.824
40.900,3,-22.287,344.396,31.824
40.900,4,25.713,344.158,31.824
40.900,5,-34.346,332.456,31.824
40.900,6,37.653,332.098,31.824
40.900,7,-46.406,320.516,31.824
40.900,8,49.578,320.038,31.824
40.900,9,-58.466,308.576,31.824
40.900,10,61.314,307.979,31.824
40.900,11,-70.525,296.636,31.824
40.900,12,72.338,295.757,31.823
40.900,13,-82.585,284.696,31.824
40.900,14,80.873,282.883,31.827
41.000,0,1.837,369.177,31.828
41.000,1,-10.223,357.237,31.828
41.000,2,13.777,357.117,31.828
41.000,3,-22.282,345.296,31.828
41.000,4,25.717,345.058,31.828
41.000,5,-34.342,333.356,31.828
41.000,6,37.657,332.998,31.828
41.000,7,-46.402,321.416,31.828
41.000,8,49.583,320.938,31.828
41.000,9,-58.461,309.476,31.828
41.000,10,61.318,308.880,31.828
41.000,11,-70.521,297.536,31.828
41.000,12,72.333,296.678,31.827
41.000,13,-82.580,285.596,31.828
41.000,14,80.821,283.982,31.832
41.100,0,1.841,370.077,31.833
41.100,1,-10.218,358.137,31.833
41.100,2,13.781,358.017,31.833
41.100,3,-22.278,346.196,31.833
41.100,4,25.721,345.958,31.833
41.100,5,-34.337,334.256,31.833
41.100,6,37.662,333.898,31.833
41.100,7,-46.397,322.316,31.833
41.100,8,49.587,321.838,31.833
41.100,9,-58.457,310.376,31.833
41.100,10,61.323,309.780,31.833
41.100,11,-70.516,298.436,31.833
41.100,12,72.330,297.597,31.832
41.100,13,-82.576,286.496,31.833
41.100,14,80.775,285.090,31.837
41.200,0,1.846,370.977,31.837
41.200,1,-10.214,359.037,31.837
41.200,2,13.786,358.917,31.837
41.200,3,-22.273,347.096,31.837
41.200,4,25.726,346.858,31.837
41.200,5,-34.333,335.156,31.837
41.200,6,37.666,334.798,31.837
41.200,7,-46.393,323.216,31.837
41.200,8,49.592,322.738,31.837
41.200,9,-58.452,311.276,31.837
41.200,10,61.328,310.681,31.837
41.200,11,-70.512,299.336,31.837
41.200,12,72.327,298.516,31.836
41.200,13,-82.571,287.396,31.837
41.200,14,80.735,286.203,31.842
41.300,0,1.850,371.877,31.842
41.300,1,-10.209,359.936,31.842
41.300,2,13.790,359.817,31.842
41.300,3,-22.269,347.996,31.842
41.300,4,25.730,347.758,31.842
41.300,5,-34.329,336.056,31.842
41.300,6,37.671,335.698,31.842
41.300,7,-46.388,324.116,31.842
41.300,8,49.596,323.638,31.842
41.300,9,-58.448,312.176,31.842
41.300,10,61.332,311.581,31.842
41.300,11,-70.507,300.236,31.842
41.300,12,72.326,299.434,31.841
41.300,13,-82.567,288.296,31.842
41.300,14,80.700,287.320,31.847
41.400,0,1.855,372.777,31.846
41.400,1,-10.205,360.836,31.846
41.400,2,13.795,360.717,31.846
41.400,3,-22.264,348.896,31.846
41.400,4,25.735,348.658,31.846
41.400,5,-34.324,336.956,31.846
41.400,6,37.675,336.598,31.846
41.400,7,-46.384,325.016,31.846
41.400,8,49.601,324.538,31.846
41.400,9,-58.443,313.076,31.846
41.400,10,61.337,312.481,31.846
41.400,11,-70.503,301.136,31.846
41.400,12,72.326,300.351,31.845
41.400,13,-82.562,289.196,31.846
41.400,14,80.670,288.438,31.852
41.500,0,1.859,373.677,31.851
41.500,1,-10.200,361.736,31.851
41.500,2,13.799,361.617,31.851
41.500,3,-22.260,349.796,31.851
41.500,4,25.739,349.557,31.851
41.500,5,-34.320,337.856,31.851
41.500,6,37.680,337.498,31.851
41.500,7,-46.379,325.916,31.851
41.500,8,49.605,325.438,31.851
41.500,9,-58.439,313.976,31.851
41.500,10,61.342,313.381,31.851
41.500,11,-70.498,302.036,31.851
41.500,12,72.328,301.267,31.850
41.500,13,-82.558,290.096,31.851
41.500,14,80.646,289.555,31.857
41.600,0,1.864,374.577,31.855
41.600,1,-10.196,362.636,31.855
41.600,2,13.804,362.517,31.855
41.600,3,-22.256,350.696,31.855
41.600,4,25.744,350.457,31.855
41.600,5,-34.315,338.756,31.855
41.600,6,37.684,338.398,31.855
41.600,7,-46.375,326.816,31.855
41.600,8,49.610,326.338,31.855
41.600,9,-58.434,314.876,31.855
41.600,10,61.347,314.280,31.855
41.600,11,-70.494,302.936,31.855
41.600,12,72.330,302.183,31.854
41.600,13,-82.553,290.996,31.855
41.600,14,80.609,290.659,31.862
41.700,0,1.868,375.477,31.860
41.700,1,-10.192,363.536,31.860
41.700,2,13.808,363.417,31.860
41.700,3,-22.251,351.596,31.860
41.700,4,25.748,351.357,31.860
41.700,5,-34.311,339.656,31.860
41.700,6,37.688,339.298,31.860
41.700,7,-46.370,327.716,31.860
41.700,8,49.614,327.238,31.860
41.700,9,-58.430,315.776,31.860
41.700,10,61.352,315.180,31.860
41.700,11,-70.489,303.836,31.860
41.700,12,72.334,303.097,31.859
41.700,13,-82.549,291.895,31.860
41.700,14,80.562,291.750,31.867
41.800,0,1.873,376.377,31.864
41.800,1,-10.187,364.436,31.864
41.800,2,13.813,364.317,31.864
41.800,3,-22.247,352.496,31.864
41.800,4,25.753,352.257,31.864
41.800,5,-34.306,340.556,31.864
41.800,6,37.693,340.198,31.864
41.800,7,-46.366,328.616,31.864
41.800,8,49.619,328.138,31.864
41.800,9,-58.425,316.676,31.864
41.800,10,61.357,316.080,31.864
41.800,11,-70.485,304.736,31.864
41.800,12,72.338,304.009,31.863
41.800,13,-82.544,292.795,31.864
41.800,14,80.508,292.828,31.871
41.900,0,1.877,377.276,31.869
41.900,1,-10.183,365.336,31.869
41.900,2,13.817,365.217,31.869
41.900,3,-22.242,353.396,31.869
41.900,4,25.757,353.157,31.869
41.900,5,-34.302,341.456,31.869
41.900,6,37.697,341.098,31.869
41.900,7,-46.361,329.516,31.869
41.900,8,49.623,329.038,31.869
41.900,9,-58.421,317.576,31.869
41.900,10,61.361,316.979,31.869
41.900,11,-70.480,305.636,31.869
41.900,12,72.344,304.921,31.868
41.900,13,-82.540,293.695,31.869
41.900,14,80.470,293.897,31.876
42.000,0,1.881,378.176,31.873
42.000,1,-10.178,366.236,31.873
42.000,2,13.822,366.117,31.873
42.000,3,-22.238,354.296,31.873
42.000,4,25.762,354.057,31.873
42.000,5,-34.297,342.356,31.873
42.000,6,37.702,341.998,31.873
42.000,7,-46.357,330.416,31.873
42.000,8,49.628,329.938,31.873
42.000,9,-58.416,318.476,31.873
42.000,10,61.366,317.878,31.873
42.000,11,-70.476,306.536,31.873
42.000,12,72.350,305.831,31.872
42.000,13,-82.535,294.595,31.873
42.000,14,80.447,294.958,31.881
42.100,0,1.886,379.076,31.878
42.100,1,-10.174,367.136,31.878
42.100,2,13.826,367.017,31.878
42.100,3,-22.233,355.196,31.878
42.100,4,25.766,354.957,31.878
42.100,5,-34.293,343.256,31.878
42.100,6,37.706,342.898,31.878
42.100,7,-46.352,331.316,31.878
42.100,8,49.632,330.838,31.878
42.100,9,-58.412,319.376,31.878
42.100,10,61.371,318.778,31.878
42.100,11,-70.471,307.436,31.878
42.100,12,72.357,306.740,31.877
42.100,13,-82.531,295.495,31.878
42.100,14,80.436,296.008,31.886
42.200,0,1.890,379.976,31.882
42.200,1,-10.169,368.036,31.882
42.200,2,13.831,367.917,31.882
42.200,3,-22.229,356.096,31.882
42.200,4,25.771,355.857,31.882
42.200,5,-34.288,344.156,31.882
42.200,6,37.711,343.798,31.882
42.200,7,-46.348,332.216,31.882
42.200,8,49.637,331.738,31.882
42.200,9,-58.407,320.276,31.882
42.200,10,61.376,319.677,31.882
42.200,11,-70.467,308.336,31.882
42.200,12,72.365,307.648,31.881
42.200,13,-82.526,296.395,31.882
42.200,14,80.437,297.048,31.890
42.300,0,1.895,380.876,31.887
42.300,1,-10.165,368.936,31.887
42.300,2,13.835,368.817,31.887
42.300,3,-22.224,356.996,31.887
42.300,4,25.775,356.757,31.887
42.300,5,-34.284,345.056,31.887
42.300,6,37.715,344.698,31.887
42.300,7,-46.343,333.116,31.887
42.300,8,49.642,332.638,31.887
42.300,9,-58.403,321.176,31.887
42.300,10,61.381,320.576,31.886
42.300,11,-70.462,309.235,31.887
42.300,12,72.373,308.554,31.886
42.300,13,-82.522,297.295,31.887
42.300,14,80.449,298.076,31.895
42.400,0,1.899,381.776,31.891
42.400,1,-10.160,369.836,31.891
42.400,2,13.840,369.717,31.891
42.400,3,-22.220,357.896,31.891
42.400,4,25.780,357.657,31.891
42.400,5,-34.279,345.956,31.891
42.400,6,37.720,345.598,31.891
42.400,7,-46.339,334.016,31.891
42.400,8,49.646,333.538,31.891
42.400,9,-58.398,322.076,31.891
42.400,10,61.386,321.475,31.891
42.400,11,-70.458,310.135,31.891
42.400,12,72.381,309.459,31.890
42.400,13,-82.517,298.195,31.891
42.400,14,80.472,299.093,31.899
42.500,0,1.904,382.676,31.896
42.500,1,-10.156,370.736,31.896
42.500,2,13.844,370.617,31.896
42.500,3,-22.215,358.796,31.896
42.500,4,25.784,358.557,31.896
42.500,5,-34.275,346.856,31.896
42.500,6,37.724,346.498,31.896
42.500,7,-46.334,334.916,31.896
42.500,8,49.651,334.438,31.896
42.500,9,-58.394,322.976,31.896
42.500,10,61.390,322.374,31.895
42.500,11,-70.453,311.035,31.896
42.500,12,72.390,310.363,31.895
42.500,13,-82.513,299.095,31.896
42.500,14,80.503,300.096,31.904
42.600,0,1.908,383.576,31.900
42.600,1,-10.151,371.636,31.900
42.600,2,13.848,371.517,31.900
42.600,3,-22.211,359.696,31.900
42.600,4,25.789,359.457,31.900
42.600,5,-34.270,347.756,31.900
42.600,6,37.729,347.398,31.900
42.600,7,-46.330,335.816,31.900
42.600,8,49.656,335.338,31.900
42.600,9,-58.389,323.876,31.900
42.600,10,61.395,323.273,31.900
42.600,11,-70.449,311.935,31.900
42.600,12,72.399,311.266,31.899
42.600,13,-82.509,299.995,31.900
42.600,14,80.523,301.087,31.908
42.700,0,1.913,384.476,31.905
42.700,1,-10.147,372.536,31.905
42.700,2,13.853,372.417,31.905
42.700,3,-22.206,360.596,31.905
42.700,4,25.793,360.357,31.905
42.700,5,-34.266,348.656,31.905
42.700,6,37.733,348.298,31.905
42.700,7,-46.325,336.716,31.905
42.700,8,49.660,336.238,31.905
42.700,9,-58.385,324.776,31.905
42.700,10,61.400,324.173,31.904
42.700,11,-70.444,312.835,31.905
42.700,12,72.408,312.167,31.904
42.700,13,-82.504,300.895,31.905
42.700,14,80.533,302.064,31.913
42.800,0,1.917,385.376,31.909
42.800,1,-10.142,373.436,31.909
42.800,2,13.857,373.317,31.909
42.800,3,-22.202,361.496,31.909
42.800,4,25.798,361.257,31.909
42.800,5,-34.261,349.556,31.909
42.800,6,37.738,349.198,31.909
42.800,7,-46.321,337.616,31.909
42.800,8,49.665,337.138,31.909
42.800,9,-58.380,325.676,31.909
42.800,10,61.405,325.072,31.909
42.800,11,-70.440,313.735,31.909
42.800,12,72.418,313.068,31.908
42.800,13,-82.500,301.795,31.909
42.800,14,80.535,303.026,31.917
42.900,0,1.922,386.276,31.913
42.900,1,-10.138,374.336,31.913
42.900,2,13.862,374.217,31.913
42.900,3,-22.197,362.396,31.913
42.900,4,25.802,362.157,31.913
42.900,5,-34.257,350.456,31.913
42.900,6,37.742,350.098,31.913
42.900,7,-46.316,338.516,31.913
42.900,8,49.670,338.039,31.913
42.900,9,-58.376,326.576,31.913
42.900,10,61.410,325.972,31.913
42.900,11,-70.436,314.635,31.913
42.900,12,72.427,313.967,31.913
42.900,13,-82.495,302.695,31.913
42.900,14,80.533,303.973,31.921
43.000,0,1.926,387.176,31.918
43.000,1,-10.133,375.236,31.918
43.000,2,13.866,375.117,31.918
43.000,3,-22.193,363.296,31.918
43.000,4,25.807,363.057,31.918
43.000,5,-34.252,351.356,31.918
43.000,6,37.747,350.998,31.918
43.000,7,-46.312,339.416,31.918
43.000,8,49.675,338.939,31.918
43.000,9,-58.372,327.475,31.918
43.000,10,61.415,326.871,31.918
43.000,11,-70.431,315.535,31.918
43.000,12,72.437,314.865,31.917
43.000,13,-82.491,303.595,31.918
43.000,14,80.549,304.903,31.926
43.100,0,1.931,388.076,31.922
43.100,1,-10.129,376.136,31.922
43.100,2,13.871,376.017,31.922
43.100,3,-22.188,364.196,31.922
43.100,4,25.811,363.957,31.922
43.100,5,-34.248,352.256,31.922
43.100,6,37.751,351.898,31.922
43.100,7,-46.307,340.316,31.922
43.100,8,49.680,339.839,31.922
43.100,9,-58.367,328.375,31.922
43.100,10,61.420,327.772,31.922
43.100,11,-70.427,316.435,31.922
43.100,12,72.446,315.763,31.922
43.100,13,-82.486,304.495,31.922
43.100,14,80.559,305.820,31.930
43.200,0,1.935,388.976,31.927
43.200,1,-10.124,377.036,31.927
43.200,2,13.875,376.917,31.927
43.200,3,-22.184,365.096,31.927
43.200,4,25.816,364.857,31.927
43.200,5,-34.243,353.156,31.927
43.200,6,37.756,352.798,31.927
43.200,7,-46.303,341.216,31.927
43.200,8,49.685,340.739,31.927
43.200,9,-58.363,329.275,31.927
43.200,10,61.425,328.672,31.927
43.200,11,-70.422,317.335,31.927
43.200,12,72.455,316.660,31.926
43.200,13,-82.482,305.395,31.927
43.200,14,80.565,306.723,31.934
43.300,0,1.940,389.876,31.931
43.300,1,-10.120,377.936,31.931
43.300,2,13.880,377.817,31.931
43.300,3,-22.179,365.996,31.931
43.300,4,25.820,365.757,31.931
43.300,5,-34.239,354.056,31.931
43.300,6,37.760,353.698,31.931
43.300,7,-46.299,342.116,31.931
43.300,8,49.690,341.639,31.931
43.300,9,-58.358,330.175,31.931
43.300,10,61.431,329.572,31.931
43.300,11,-70.418,318.235,31.931
43.300,12,72.465,317.555,31.931
43.300,13,-82.477,306.295,31.931
43.300,14,80.568,307.613,31.938
43.400,0,1.944,390.776,31.936
43.400,1,-10.115,378.836,31.936
43.400,2,13.884,378.717,31.936
43.400,3,-22.175,366.896,31.936
43.400,4,25.824,366.657,31.936
43.400,5,-34.234,354.956,31.936
43.400,6,37.765,354.597,31.936
43.400,7,-46.294,343.016,31.936
43.400,8,49.695,342.539,31.936
43.400,9,-58.354,331.075,31.936
43.400,10,61.437,330.473,31.936
43.400,11,-70.413,319.135,31.936
43.400,12,72.474,318.451,31.935
43.400,13,-82.473,307.195,31.936
43.400,14,80.568,308.490,31.942
43.500,0,1.949,391.676,31.940
43.500,1,-10.111,379.736,31.940
43.500,2,13.889,379.617,31.940
43.500,3,-22.170,367.796,31.940
43.500,4,25.829,367.557,31.940
43.500,5,-34.230,355.856,31.940
43.500,6,37.769,355.497,31.940
43.500,7,-46.290,343.916,31.940
43.500,8,49.699,343.439,31.940
43.500,9,-58.349,331.975,31.940
43.500,10,61.442,331.374,31.940
43.500,11,-70.409,320.035,31.940
43.500,12,72.482,319.345,31.940
43.500,13,-82.468,308.095,31.940
43.500,14,80.568,309.354,31.946
43.600,0,1.953,392.576,31.945
43.600,1,-10.106,380.636,31.945
43.600,2,13.893,380.517,31.945
43.600,3,-22.166,368.696,31.945
43.600,4,25.833,368.457,31.945
43.600,5,-34.226,356.756,31.945
43.600,6,37.774,356.397,31.945
43.600,7,-46.285,344.815,31.945
43.600,8,49.704,344.339,31.945
43.600,9,-58.345,332.875,31.945
43.600,10,61.449,332.276,31.945
43.600,11,-70.404,320.935,31.945
43.600,12,72.491,320.239,31.944
43.600,13,-82.464,308.995,31.945
43.600,14,80.567,310.207,31.950
43.700,0,1.958,393.476,31.949
43.700,1,-10.102,381.536,31.949
43.700,2,13.898,381.417,31.949
43.700,3,-22.162,369.596,31.949
43.700,4,25.838,369.357,31.949
43.700,5,-34.221,357.656,31.949
43.700,6,37.778,357.297,31.949
43.700,7,-46.281,345.715,31.949
43.700,8,49.709,345.239,31.949
43.700,9,-58.340,333.775,31.949
43.700,10,61.455,333.177,31.949
43.700,11,-70.400,321.835,31.949
43.700,12,72.499,321.133,31.949
43.700,13,-82.459,309.895,31.949
43.700,14,80.566,311.048,31.954
43.800,0,1.962,394.376,31.954
43.800,1,-10.097,382.436,31.954
43.800,2,13.902,382.316,31.954
43.800,3,-22.157,370.496,31.954
43.800,4,25.842,370.257,31.954
43.800,5,-34.217,358.556,31.954
43.800,6,37.783,358.197,31.954
43.800,7,-46.276,346.615,31.954
43.800,8,49.714,346.139,31.954
43.800,9,-58.336,334.675,31.954
43.800,10,61.462,334.079,31.954
43.800,11,-70.395,322.735,31.954
43.800,12,72.508,322.026,31.953
43.800,13,-82.455,310.795,31.954
43.800,14,80.566,311.878,31.958
43.900,0,1.967,395.276,31.958
43.900,1,-10.093,383.336,31.958
43.900,2,13.907,383.216,31.958
43.900,3,-22.153,371.396,31.958
43.900,4,25.847,371.157,31.958
43.900,5,-34.212,359.456,31.958
43.900,6,37.787,359.097,31.958
43.900,7,-46.272,347.515,31.958
43.900,8,49.719,347.039,31.958
43.900,9,-58.331,335.575,31.958
43.900,10,61.469,334.981,31.958
43.900,11,-70.391,323.635,31.958
43.900,12,72.516,322.920,31.957
43.900,13,-82.450,311.695,31.958
43.900,14,80.567,312.699,31.962
44.000,0,1.971,396.176,31.963
44.000,1,-10.089,384.236,31.963
44.000,2,13.911,384.116,31.963
44.000,3,-22.148,372.296,31.963
44.000,4,25.851,372.057,31.963
44.000,5,-34.208,360.356,31.963
44.000,6,37.791,359.997,31.963
44.000,7,-46.267,348.415,31.963
44.000,8,49.724,347.939,31.963
44.000,9,-58.327,336.475,31.963
44.000,10,61.476,335.884,31.963
44.000,11,-70.386,324.535,31.963
44.000,12,72.524,323.814,31.962
44.000,13,-82.446,312.595,31.963
44.000,14,80.570,313.511,31.966
44.100,0,1.976,397.076,31.967
44.100,1,-10.084,385.136,31.967
44.100,2,13.916,385.016,31.967
44.100,3,-22.144,373.196,31.967
44.100,4,25.856,372.957,31.967
44.100,5,-34.203,361.256,31.967
44.100,6,37.796,360.897,31.967
44.100,7,-46.263,349.315,31.967
44.100,8,49.729,348.839,31.967
44.100,9,-58.322,337.375,31.967
44.100,10,61.484,336.786,31.967
44.100,11,-70.382,325.435,31.967
44.100,12,72.532,324.710,31.966
44.100,13,-82.441,313.495,31.967
44.100,14,80.575,314.314,31.970
44.200,0,1.980,397.976,31.972
44.200,1,-10.080,386.036,31.972
44.200,2,13.920,385.916,31.972
44.200,3,-22.139,374.096,31.972
44.200,4,25.860,373.857,31.972
44.200,5,-34.199,362.156,31.972
44.200,6,37.800,361.797,31.972
44.200,7,-46.258,350.215,31.972
44.200,8,49.734,349.739,31.972
44.200,9,-58.318,338.275,31.972
44.200,10,61.492,337.688,31.972
44.200,11,-70.377,326.335,31.972
44.200,12,72.540,325.606,31.971
44.200,13,-82.437,314.395,31.972
44.200,14,80.581,315.111,31.974
44.300,0,1.984,398.876,31.976
44.300,1,-10.075,386.936,31.976
44.300,2,13.925,386.816,31.976
44.300,3,-22.135,374.996,31.976
44.300,4,25.865,374.757,31.976
44.300,5,-34.194,363.055,31.976
44.300,6,37.805,362.697,31.976
44.300,7,-46.254,351.115,31.976
44.300,8,49.739,350.639,31.976
44.300,9,-58.313,339.175,31.976
44.300,10,61.500,338.591,31.976
44.300,11,-70.373,327.235,31.976
44.300,12,72.548,326.504,31.975
44.300,13,-82.432,315.295,31.976
44.300,14,80.590,315.901,31.978
44.400,0,1.989,399.776,31.981
44.400,1,-10.071,387.836,31.981
44.400,2,13.929,387.716,31.981
44.400,3,-22.130,375.896,31.981
44.400,4,25.869,375.657,31.981
44.400,5,-34.190,363.955,31.981
44.400,6,37.809,363.597,31.981
44.400,7,-46.249,352.015,31.981
44.400,8,49.744,351.539,31.981
44.400,9,-58.309,340.075,31.981
44.400,10,61.509,339.494,31.981
44.400,11,-70.368,328.135,31.981
44.400,12,72.558,327.403,31.980
44.400,13,-82.428,316.195,31.981
44.400,14,80.601,316.685,31.982
44.500,0,1.993,400.676,31.985
44.500,1,-10.066,388.736,31.985
44.500,2,13.934,388.616,31.985
44.500,3,-22.126,376.796,31.985
44.500,4,25.874,376.557,31.985
44.500,5,-34.185,364.855,31.985
44.500,6,37.814,364.497,31.985
44.500,7,-46.245,352.915,31.985
44.500,8,49.749,352.439,31.985
44.500,9,-58.304,340.975,31.985
44.500,10,61.518,340.396,31.985
44.500,11,-70.364,329.035,31.985
44.500,12,72.567,328.303,31.984
44.500,13,-82.423,317.095,31.985
44.500,14,80.614,317.465,31.986
44.600,0,1.998,401.576,31.990
44.600,1,-10.062,389.636,31.990
44.600,2,13.938,389.516,31.990
44.600,3,-22.121,377.696,31.990
44.600,4,25.878,377.457,31.990
44.600,5,-34.181,365.755,31.990
44.600,6,37.818,365.397,31.990
44.600,7,-46.240,353.815,31.990
44.600,8,49.754,353.339,31.990
44.600,9,-58.300,341.875,31.990
44.600,10,61.527,341.299,31.989
44.600,11,-70.359,329.935,31.990
44.600,12,72.578,329.206,31.989
44.600,13,-82.419,317.995,31.990
44.600,14,80.629,318.242,31.990
44.700,0,2.002,402.476,31.994
44.700,1,-10.057,390.536,31.994
44.700,2,13.943,390.416,31.994
44.700,3,-22.117,378.596,31.994
44.700,4,25.883,378.357,31.994
44.700,5,-34.176,366.655,31.994
44.700,6,37.823,366.297,31.994
44.700,7,-46.236,354.715,31.994
44.700,8,49.759,354.239,31.994
44.700,9,-58.295,342.775,31.994
44.700,10,61.537,342.201,31.994
44.700,11,-70.355,330.835,31.994
44.700,12,72.590,330.110,31.993
44.700,13,-82.414,318.895,31.994
44.700,14,80.646,319.015,31.994
44.800,0,2.007,403.376,31.999
44.800,1,-10.053,391.436,31.999
44.800,2,13.947,391.316,31.999
44.800,3,-22.112,379.496,31.999
44.800,4,25.887,379.257,31.999
44.800,5,-34.172,367.555,31.999
44.800,6,37.827,367.197,31.999
44.800,7,-46.231,355.615,31.999
44.800,8,49.764,355.139,31.999
44.800,9,-58.291,343.675,31.999
44.800,10,61.547,343.104,31.998
44.800,11,-70.350,331.735,31.999
44.800,12,72.602,331.016,31.998
44.800,13,-82.410,319.795,31.999
44.800,14,80.665,319.787,31.998
44.900,0,2.011,404.276,32.003
44.900,1,-10.048,392.336,32.003
44.900,2,13.951,392.216,32.003
44.900,3,-22.108,380.396,32.003
44.900,4,25.892,380.157,32.003
44.900,5,-34.167,368.455,32.003
44.900,6,37.832,368.097,32.003
44.900,7,-46.227,356.515,32.003
44.900,8,49.769,356.039,32.003
44.900,9,-58.286,344.575,32.003
44.900,10,61.557,344.006,32.003
44.900,11,-70.346,332.635,32.003
44.900,12,72.616,331.923,32.002
44.900,13,-82.406,320.695,32.003
44.900,14,80.685,320.559,32.002
45.000,0,2.016,405.176,32.008
45.000,1,-10.044,393.236,32.008
45.000,2,13.956,393.116,32.008
45.000,3,-22.103,381.295,32.008
45.000,4,25.896,381.057,32.008
45.000,5,-34.163,369.355,32.008
45.000,6,37.836,368.997,32.008
45.000,7,-46.222,357.415,32.008
45.000,8,49.774,356.939,32.008
45.000,9,-58.282,345.475,32.008
45.000,10,61.567,344.909,32.007
45.000,11,-70.342,333.535,32.008
45.000,12,72.632,332.832,32.007
45.000,13,-82.401,321.595,32.008
45.000,14,80.707,321.331,32.006
45.100,0,2.020,406.076,32.012
45.100,1,-10.039,394.136,32.012
45.100,2,13.960,394.016,32.012
45.100,3,-22.099,382.195,32.012
45.100,4,25.901,381.957,32.012
45.100,5,-34.158,370.255,32.012
45.100,6,37.841,369.897,32.012
45.100,7,-46.218,358.315,32.012
45.100,8,49.779,357.839,32.012
45.100,9,-58.277,346.375,32.012
45.100,10,61.578,345.811,32.012
45.100,11,-70.337,334.435,32.012
45.100,12,72.649,333.743,32.011
45.100,13,-82.397,322.495,32.012
45.100,14,80.754,322.116,32.010
45.200,0,2.025,406.976,32.016
45.200,1,-10.035,395.036,32.016
45.200,2,13.965,394.916,32.016
45.200,3,-22.094,383.095,32.016
45.200,4,25.905,382.857,32.016
45.200,5,-34.154,371.155,32.016
45.200,6,37.845,370.797,32.016
45.200,7,-46.213,359.215,32.016
45.200,8,49.784,358.738,32.016
45.200,9,-58.273,347.275,32.016
45.200,10,61.588,346.712,32.016
45.200,11,-70.333,335.335,32.016
45.200,12,72.667,334.655,32.016
45.200,13,-82.392,323.395,32.016
45.200,14,80.801,322.906,32.014
45.300,0,2.029,407.876,32.021
45.300,1,-10.030,395.936,32.021
45.300,2,13.969,395.816,32.021
45.300,3,-22.090,383.995,32.021
45.300,4,25.910,383.757,32.021
45.300,5,-34.149,372.055,32.021
45.300,6,37.850,371.697,32.021
45.300,7,-46.209,360.115,32.021
45.300,8,49.788,359.638,32.021
45.300,9,-58.269,348.175,32.021
45.300,10,61.599,347.614,32.021
45.300,11,-70.328,336.235,32.021
45.300,12,72.688,335.568,32.020
45.300,13,-82.388,324.295,32.021
45.300,14,80.847,323.702,32.019
45.400,0,2.034,408.776,32.025
45.400,1,-10.026,396.836,32.025
45.400,2,13.974,396.716,32.025
45.400,3,-22.085,384.895,32.025
45.400,4,25.914,384.657,32.025
45.400,5,-34.145,372.955,32.025
45.400,6,37.854,372.597,32.025
45.400,7,-46.204,361.015,32.025
45.400,8,49.793,360.538,32.025
45.400,9,-58.264,349.075,32.025
45.400,10,61.610,348.515,32.025
45.400,11,-70.324,337.135,32.025
45.400,12,72.710,336.482,32.025
45.400,13,-82.383,325.195,32.025
45.400,14,80.894,324.507,32.023
45.500,0,2.038,409.676,32.030
45.500,1,-10.021,397.736,32.030
45.500,2,13.978,397.616,32.030
45.500,3,-22.081,385.795,32.030
45.500,4,25.918,385.557,32.030
45.500,5,-34.140,373.855,32.030
45.500,6,37.859,373.497,32.030
45.500,7,-46.200,361.915,32.030
45.500,8,49.798,361.438,32.030
45.500,9,-58.260,349.975,32.030
45.500,10,61.621,349.417,32.030
45.500,11,-70.319,338.035,32.030
45.500,12,72.733,337.397,32.029
45.500,13,-82.379,326.095,32.030
45.500,14,80.942,325.322,32.027
45.600,0,2.043,410.576,32.034
45.600,1,-10.017,398.636,32.034
45.600,2,13.983,398.516,32.034
45.600,3,-22.076,386.695,32.034
45.600,4,25.923,386.457,32.034
45.600,5,-34.136,374.755,32.034
45.600,6,37.863,374.397,32.034
45.600,7,-46.196,362.815,32.034
45.600,8,49.803,362.338,32.034
45.600,9,-58.255,350.875,32.034
45.600,10,61.632,350.318,32.034
45.600,11,-70.315,338.935,32.034
45.600,12,72.758,338.313,32.034
45.600,13,-82.374,326.995,32.034
45.600,14,80.991,326.148,32.032
45.700,0,2.047,411.476,32.039
45.700,1,-10.012,399.535,32.039
45.700,2,13.987,399.416,32.039
45.700,3,-22.072,387.595,32.039
45.700,4,25.927,387.357,32.039
45.700,5,-34.132,375.655,32.039
45.700,6,37.868,375.297,32.039
45.700,7,-46.191,363.715,32.039
45.700,8,49.807,363.238,32.039
45.700,9,-58.251,351.775,32.039
45.700,10,61.643,351.218,32.039
45.700,11,-70.310,339.835,32.039
45.700,12,72.785,339.229,32.038
45.700,13,-82.370,327.895,32.039
45.700,14,81.043,326.986,32.036
45.800,0,2.052,412.376,32.043
45.800,1,-10.008,400.435,32.043
45.800,2,13.992,400.316,32.043
45.800,3,-22.067,388.495,32.043
45.800,4,25.932,388.257,32.043
45.800,5,-34.127,376.555,32.043
45.800,6,37.872,376.197,32.043
45.800,7,-46.187,364.615,32.043
45.800,8,49.812,364.138,32.043
45.800,9,-58.246,352.675,32.043
45.800,10,61.654,352.118,32.043
45.800,11,-70.306,340.735,32.043
45.800,12,72.813,340.145,32.043
45.800,13,-82.365,328.795,32.043
45.800,14,81.099,327.836,32.040
45.900,0,2.056,413.276,32.048
45.900,1,-10.003,401.335,32.048
45.900,2,13.996,401.216,32.048
45.900,3,-22.063,389.395,32.048
45.900,4,25.936,389.156,32.048
45.900,5,-34.123,377.455,32.048
45.900,6,37.877,377.097,32.048
45.900,7,-46.182,365.515,32.048
45.900,8,49.817,365.038,32.048
45.900,9,-58.242,353.575,32.048
45.900,10,61.665,353.019,32.048
45.900,11,-70.301,341.635,32.048
45.900,12,72.843,341.061,32.047
45.900,13,-82.361,329.695,32.048
45.900,14,81.158,328.699,32.045
46.000,0,2.061,414.176,32.052
46.000,1,-9.999,402.235,32.052
46.000,2,14.001,402.116,32.052
46.000,3,-22.059,390.295,32.052
46.000,4,25.941,390.056,32.052
46.000,5,-34.118,378.355,32.052
46.000,6,37.881,377.997,32.052
46.000,7,-46.178,366.415,32.052
46.000,8,49.821,365.938,32.052
46.000,9,-58.237,354.475,32.052
46.000,10,61.676,353.918,32.052
46.000,11,-70.297,342.535,32.052
46.000,12,72.874,341.977,32.052
46.000,13,-82.356,330.595,32.052
46.000,14,81.223,329.576,32.049
46.100,0,2.065,415.076,32.057
46.100,1,-9.994,403.135,32.057
46.100,2,14.005,403.016,32.057
46.100,3,-22.054,391.195,32.057
46.100,4,25.945,390.956,32.057
46.100,5,-34.114,379.255,32.057
46.100,6,37.886,378.897,32.057
46.100,7,-46.173,367.315,32.057
46.100,8,49.826,366.838,32.057
46.100,9,-58.233,355.375,32.057
46.100,10,61.687,354.818,32.057
46.100,11,-70.292,343.435,32.057
46.100,12,72.906,342.893,32.056
46.100,13,-82.352,331.494,32.057
46.100,14,81.294,330.465,32.054
46.200,0,2.070,415.976,32.061
46.200,1,-9.990,404.035,32.061
46.200,2,14.010,403.916,32.061
46.200,3,-22.050,392.095,32.061
46.200,4,25.950,391.856,32.061
46.200,5,-34.109,380.155,32.061
46.200,6,37.890,379.797,32.061
46.200,7,-46.169,368.215,32.061
46.200,8,49.830,367.737,32.061
46.200,9,-58.228,356.275,32.061
46.200,10,61.698,355.717,32.061
46.200,11,-70.288,344.335,32.061
46.200,12,72.940,343.808,32.061
46.200,13,-82.347,332.394,32.061
46.200,14,81.371,331.366,32.058
46.300,0,2.074,416.876,32.066
46.300,1,-9.986,404.935,32.066
46.300,2,14.014,404.816,32.066
46.300,3,-22.045,392.995,32.066
46.300,4,25.954,392.756,32.066
46.300,5,-34.105,381.055,32.066
46.300,6,37.894,380.697,32.066
46.300,7,-46.164,369.115,32.066
46.300,8,49.835,368.637,32.066
46.300,9,-58.224,357.175,32.066
46.300,10,61.708,356.616,32.066
46.300,11,-70.283,345.235,32.066
46.300,12,72.974,344.722,32.065
46.300,13,-82.343,333.294,32.066
46.300,14,81.455,332.279,32.063
46.400,0,2.078,417.775,32.070
46.400,1,-9.981,405.835,32.070
46.400,2,14.019,405.716,32.070
46.400,3,-22.041,393.895,32.070
46.400,4,25.959,393.656,32.070
46.400,5,-34.100,381.955,32.070
46.400,6,37.899,381.597,32.070
46.400,7,-46.160,370.015,32.070
46.400,8,49.840,369.537,32.070
46.400,9,-58.219,358.075,32.070
46.400,10,61.719,357.515,32.070
46.400,11,-70.279,346.135,32.070
46.400,12,73.010,345.635,32.070
46.400,13,-82.338,334.194,32.070
46.400,14,81.546,333.204,32.067
46.500,0,2.083,418.675,32.075
46.500,1,-9.977,406.735,32.075
46.500,2,14.023,406.616,32.075
46.500,3,-22.036,394.795,32.075
46.500,4,25.963,394.556,32.075
46.500,5,-34.096,382.855,32.075
46.500,6,37.903,382.497,32.075
46.500,7,-46.155,370.915,32.075
46.500,8,49.844,370.437,32.075
46.500,9,-58.215,358.975,32.075
46.500,10,61.729,358.413,32.075
46.500,11,-70.274,347.035,32.075
46.500,12,73.046,346.546,32.074
46.500,13,-82.334,335.094,32.075
46.500,14,81.644,334.138,32.072
46.600,0,2.087,419.575,32.079
46.600,1,-9.972,407.635,32.079
46.600,2,14.028,407.516,32.079
46.600,3,-22.032,395.695,32.079
46.600,4,25.968,395.456,32.079
46.600,5,-34.091,383.755,32.079
46.600,6,37.908,383.397,32.079
46.600,7,-46.151,371.815,32.079
46.600,8,49.849,371.337,32.079
46.600,9,-58.210,359.875,32.079
46.600,10,61.739,359.312,32.079
46.600,11,-70.270,347.935,32.079
46.600,12,73.082,347.457,32.079
46.600,13,-82.329,335.994,32.079
46.600,14,81.749,335.082,32.076
46.700,0,2.092,420.475,32.084
46.700,1,-9.968,408.535,32.084
46.700,2,14.032,408.416,32.084
46.700,3,-22.027,396.595,32.084
46.700,4,25.972,396.356,32.084
46.700,5,-34.087,384.655,32.084
46.700,6,37.912,384.297,32.084
46.700,7,-46.146,372.715,32.084
46.700,8,49.853,372.237,32.084
46.700,9,-58.206,360.775,32.084
46.700,10,61.748,360.210,32.084
46.700,11,-70.265,348.835,32.084
46.700,12,73.119,348.366,32.083
46.700,13,-82.325,336.894,32.084
46.700,14,81.861,336.033,32.081
46.800,0,2.096,421.375,32.088
46.800,1,-9.963,409.435,32.088
46.800,2,14.037,409.316,32.088
46.800,3,-22.023,397.495,32.088
46.800,4,25.977,397.256,32.088
46.800,5,-34.082,385.555,32.088
46.800,6,37.917,385.197,32.088
46.800,7,-46.142,373.615,32.088
46.800,8,49.858,373.137,32.088
46.800,9,-58.201,361.675,32.088
46.800,10,61.758,361.108,32.088
46.800,11,-70.261,349.734,32.088
46.800,12,73.156,349.274,32.088
46.800,13,-82.320,337.794,32.088
46.800,14,81.980,336.992,32.085
46.900,0,2.101,422.275,32.093
46.900,1,-9.959,410.335,32.093
46.900,2,14.041,410.216,32.093
46.900,3,-22.018,398.395,32.093
46.900,4,25.981,398.156,32.093
46.900,5,-34.078,386.455,32.093
46.900,6,37.921,386.097,32.093
46.900,7,-46.137,374.515,32.093
46.900,8,49.862,374.037,32.093
46.900,9,-58.197,362.575,32.093
46.900,10,61.767,362.006,32.093
46.900,11,-70.256,350.634,32.093
46.900,12,73.193,350.180,32.092
46.900,13,-82.316,338.694,32.093
46.900,14,82.105,337.956,32.090
47.000,0,2.105,423.175,32.097
47.000,1,-9.954,411.235,32.097
47.000,2,14.046,411.116,32.097
47.000,3,-22.014,399.295,32.097
47.000,4,25.986,399.056,32.097
47.000,5,-34.073,387.355,32.097
47.000,6,37.926,386.997,32.097
47.000,7,-46.133,375.415,32.097
47.000,8,49.867,374.937,32.097
47.000,9,-58.192,363.475,32.097
47.000,10,61.776,362.903,32.097
47.000,11,-70.252,351.534,32.097
47.000,12,73.230,351.084,32.097
47.000,13,-82.312,339.594,32.097
47.000,14,82.237,338.924,32.094
47.100,0,2.110,424.075,32.102
47.100,1,-9.950,412.135,32.102
47.100,2,14.050,412.016,32.102
47.100,3,-22.009,400.195,32.102
47.100,4,25.990,399.956,32.102
47.100,5,-34.069,388.255,32.102
47.100,6,37.930,387.897,32.102
47.100,7,-46.128,376.315,32.102
47.100,8,49.871,375.837,32.102
47.100,9,-58.188,364.375,32.102
47.100,10,61.785,363.801,32.102
47.100,11,-70.247,352.434,32.102
47.100,12,73.267,351.987,32.101
47.100,13,-82.307,340.494,32.102
47.100,14,82.373,339.895,32.099
47.200,0,2.114,424.975,32.106
47.200,1,-9.945,413.035,32.106
47.200,2,14.054,412.916,32.106
47.200,3,-22.005,401.095,32.106
47.200,4,25.995,400.856,32.106
47.200,5,-34.064,389.155,32.106
47.200,6,37.935,388.797,32.106
47.200,7,-46.124,377.215,32.106
47.200,8,49.876,376.737,32.106
47.200,9,-58.183,365.275,32.106
47.200,10,61.794,364.699,32.106
47.200,11,-70.243,353.334,32.106
47.200,12,73.304,352.888,32.106
47.200,13,-82.303,341.394,32.106
47.200,14,82.514,340.867,32.103
47.300,0,2.119,425.875,32.111
47.300,1,-9.941,413.935,32.111
47.300,2,14.059,413.816,32.111
47.300,3,-22.000,401.995,32.111
47.300,4,25.999,401.756,32.111
47.300,5,-34.060,390.055,32.111
47.300,6,37.939,389.697,32.111
47.300,7,-46.119,378.115,32.111
47.300,8,49.880,377.637,32.111
47.300,9,-58.179,366.175,32.111
47.300,10,61.802,365.596,32.111
47.300,11,-70.239,354.234,32.111
47.300,12,73.340,353.788,32.110
47.300,13,-82.298,342.294,32.111
47.300,14,82.659,341.838,32.108
47.400,0,2.123,426.775,32.115
47.400,1,-9.936,414.835,32.115
47.400,2,14.063,414.716,32.115
47.400,3,-21.996,402.895,32.115
47.400,4,26.004,402.656,32.115
47.400,5,-34.055,390.955,32.115
47.400,6,37.944,390.597,32.115
47.400,7,-46.115,379.015,32.115
47.400,8,49.885,378.537,32.115
47.400,9,-58.175,367.075,32.115
47.400,10,61.810,366.494,32.115
47.400,11,-70.234,355.134,32.115
47.400,12,73.375,354.686,32.115
47.400,13,-82.294,343.194,32.115
47.400,14,82.806,342.809,32.113
47.500,0,2.128,427.675,32.119
47.500,1,-9.932,415.735,32.119
47.500,2,14.068,415.616,32.119
47.500,3,-21.991,403.795,32.119
47.500,4,26.008,403.556,32.119
47.500,5,-34.051,391.855,32.119
47.500,6,37.948,391.497,32.119
47.500,7,-46.110,379.915,32.119
47.500,8,49.889,379.437,32.119
47.500,9,-58.170,367.974,32.119
47.500,10,61.817,367.391,32.119
47.500,11,-70.230,356.034,32.119
47.500,12,73.410,355.582,32.119
47.500,13,-82.289,344.094,32.119
47.500,14,82.957,343.777,32.117
47.600,0,2.132,428.575,32.124
47.600,1,-9.927,416.635,32.124
47.600,2,14.072,416.516,32.124
47.600,3,-21.987,404.695,32.124
47.600,4,26.013,404.456,32.124
47.600,5,-34.046,392.755,32.124
47.600,6,37.953,392.397,32.124
47.600,7,-46.106,380.815,32.124
47.600,8,49.894,380.337,32.124
47.600,9,-58.166,368.874,32.124
47.600,10,61.825,368.289,32.124
47.600,11,-70.225,356.934,32.124
47.600,12,73.443,356.476,32.124
47.600,13,-82.285,344.994,32.124
47.600,14,83.108,344.743,32.122
47.700,0,2.137,429.475,32.128
47.700,1,-9.923,417.535,32.128
47.700,2,14.077,417.416,32.128
47.700,3,-21.982,405.595,32.128
47.700,4,26.017,405.356,32.128
47.700,5,-34.042,393.655,32.128
47.700,6,37.957,393.297,32.128
47.700,7,-46.102,381.715,32.128
47.700,8,49.898,381.237,32.128
47.700,9,-58.161,369.774,32.128
47.700,10,61.832,369.187,32.128
47.700,11,-70.221,357.834,32.128
47.700,12,73.476,357.370,32.128
47.700,13,-82.280,345.894,32.128
47.700,14,83.260,345.705,32.127
47.800,0,2.141,430.375,32.133
47.800,1,-9.918,418.435,32.133
47.800,2,14.081,418.316,32.133
47.800,3,-21.978,406.495,32.133
47.800,4,26.021,406.256,32.133
47.800,5,-34.037,394.555,32.133
47.800,6,37.962,394.197,32.133
47.800,7,-46.097,382.615,32.133
47.800,8,49.903,382.136,32.133
47.800,9,-58.157,370.674,32.133
47.800,10,61.839,370.084,32.133
47.800,11,-70.216,358.734,32.133
47.800,12,73.508,358.261,32.133
47.800,13,-82.276,346.794,32.133
47.800,14,83.412,346.662,32.131
47.900,0,2.146,431.275,32.137
47.900,1,-9.914,419.335,32.137
47.900,2,14.086,419.216,32.137
47.900,3,-21.973,407.395,32.137
47.900,4,26.026,407.156,32.137
47.900,5,-34.033,395.455,32.137
47.900,6,37.966,395.096,32.137
47.900,7,-46.093,383.515,32.137
47.900,8,49.907,383.036,32.137
47.900,9,-58.152,371.574,32.137
47.900,10,61.846,370.982,32.137
47.900,11,-70.212,359.634,32.137
47.900,12,73.539,359.152,32.137
47.900,13,-82.271,347.694,32.137
47.900,14,83.564,347.615,32.136
48.000,0,2.150,432.175,32.142
48.000,1,-9.909,420.235,32.142
48.000,2,14.090,420.116,32.142
48.000,3,-21.969,408.295,32.142
48.000,4,26.030,408.056,32.142
48.000,5,-34.029,396.355,32.142
48.000,6,37.971,395.996,32.142
48.000,7,-46.088,384.415,32.142
48.000,8,49.911,383.936,32.142
48.000,9,-58.148,372.474,32.142
48.000,10,61.852,371.880,32.142
48.000,11,-70.207,360.534,32.142
48.000,12,73.569,360.041,32.142
48.000,13,-82.267,348.594,32.142
48.000,14,83.714,348.562,32.140
48.100,0,2.155,433.075,32.146
48.100,1,-9.905,421.135,32.146
48.100,2,14.095,421.016,32.146
48.100,3,-21.965,409.195,32.146
48.100,4,26.035,408.956,32.146
48.100,5,-34.024,397.255,32.146
48.100,6,37.975,396.896,32.146
48.100,7,-46.084,385.315,32.146
48.100,8,49.916,384.836,32.146
48.100,9,-58.143,373.374,32.146
48.100,10,61.858,372.778,32.146
48.100,11,-70.203,361.434,32.146
48.100,12,73.598,360.930,32.146
48.100,13,-82.262,349.494,32.146
48.100,14,83.861,349.504,32.145
48.200,0,2.159,433.975,32.151
48.200,1,-9.900,422.035,32.151
48.200,2,14.099,421.916,32.151
48.200,3,-21.960,410.095,32.151
48.200,4,26.039,409.856,32.151
48.200,5,-34.020,398.155,32.151
48.200,6,37.980,397.796,32.151
48.200,7,-46.079,386.214,32.151
48.200,8,49.920,385.736,32.151
48.200,9,-58.139,374.274,32.151
48.200,10,61.864,373.676,32.151
48.200,11,-70.198,362.334,32.151
48.200,12,73.625,361.817,32.151
48.200,13,-82.258,350.394,32.151
48.200,14,84.006,350.439,32.150
48.300,0,2.164,434.875,32.155
48.300,1,-9.896,422.935,32.155
48.300,2,14.104,422.816,32.155
48.300,3,-21.956,410.995,32.155
48.300,4,26.044,410.756,32.155
48.300,5,-34.015,399.055,32.155
48.300,6,37.984,398.696,32.155
48.300,7,-46.075,387.114,32.155
48.300,8,49.925,386.636,32.155
48.300,9,-58.134,375.174,32.155
48.300,10,61.870,374.574,32.155
48.300,11,-70.194,363.234,32.155
48.300,12,73.652,362.703,32.155
48.300,13,-82.253,351.294,32.155
48.300,14,84.148,351.368,32.154
48.400,0,2.168,435.775,32.160
48.400,1,-9.892,423.835,32.160
48.400,2,14.108,423.715,32.160
48.400,3,-21.951,411.895,32.160
48.400,4,26.048,411.656,32.160
48.400,5,-34.011,399.955,32.160
48.400,6,37.988,399.596,32.160
48.400,7,-46.070,388.014,32.160
48.400,8,49.929,387.536,32.160
48.400,9,-58.130,376.074,32.160
48.400,10,61.876,375.472,32.160
48.400,11,-70.189,364.134,32.160
48.400,12,73.677,363.589,32.160
48.400,13,-82.249,352.194,32.160
48.400,14,84.286,352.290,32.159
48.500,0,2.173,436.675,32.164
48.500,1,-9.887,424.735,32.164
48.500,2,14.113,424.615,32.164
48.500,3,-21.947,412.795,32.164
48.500,4,26.053,412.556,32.164
48.500,5,-34.006,400.855,32.164
48.500,6,37.993,400.496,32.164
48.500,7,-46.066,388.914,32.164
48.500,8,49.934,388.436,32.164
48.500,9,-58.125,376.974,32.164
48.500,10,61.881,376.371,32.164
48.500,11,-70.185,365.034,32.164
48.500,12,73.700,364.475,32.164
48.500,13,-82.244,353.094,32.164
48.500,14,84.419,353.206,32.163
48.600,0,2.177,437.575,32.169
48.600,1,-9.883,425.635,32.169
48.600,2,14.117,425.515,32.169
48.600,3,-21.942,413.695,32.169
48.600,4,26.057,413.456,32.169
48.600,5,-34.002,401.755,32.169
48.600,6,37.997,401.396,32.169
48.600,7,-46.061,389.814,32.169
48.600,8,49.938,389.336,32.169
48.600,9,-58.121,377.874,32.169
48.600,10,61.886,377.269,32.169
48.600,11,-70.180,365.934,32.169
48.600,12,73.723,365.359,32.169
48.600,13,-82.240,353.994,32.169
48.600,14,84.548,354.115,32.168
48.700,0,2.181,438.475,32.173
48.700,1,-9.878,426.535,32.173
48.700,2,14.122,426.415,32.173
48.700,3,-21.938,414.595,32.173
48.700,4,26.062,414.356,32.173
48.700,5,-33.997,402.655,32.173
48.700,6,38.002,402.296,32.173
48.700,7,-46.057,390.714,32.173
48.700,8,49.943,390.236,32.173
48.700,9,-58.116,378.774,32.173
48.700,10,61.891,378.168,32.173
48.700,11,-70.176,366.834,32.173
48.700,12,73.744,366.244,32.173
48.700,13,-82.235,354.894,32.173
48.700,14,84.672,355.017,32.173
48.800,0,2.186,439.375,32.178
48.800,1,-9.874,427.435,32.178
48.800,2,14.126,427.315,32.178
48.800,3,-21.933,415.495,32.178
48.800,4,26.066,415.256,32.178
48.800,5,-33.993,403.554,32.178
48.800,6,38.006,403.196,32.178
48.800,7,-46.052,391.614,32.178
48.800,8,49.947,391.136,32.178
48.800,9,-58.112,379.674,32.178
48.800,10,61.896,379.067,32.178
48.800,11,-70.171,367.734,32.178
48.800,12,73.764,367.129,32.178
48.800,13,-82.231,355.794,32.178
48.800,14,84.791,355.913,32.177
48.900,0,2.190,440.275,32.182
48.900,1,-9.869,428.335,32.182
48.900,2,14.131,428.215,32.182
48.900,3,-21.929,416.395,32.182
48.900,4,26.071,416.156,32.182
48.900,5,-33.988,404.454,32.182
48.900,6,38.011,404.096,32.182
48.900,7,-46.048,392.514,32.182
48.900,8,49.951,392.036,32.182
48.900,9,-58.107,380.574,32.182
48.900,10,61.901,379.966,32.182
48.900,11,-70.167,368.634,32.182
48.900,12,73.783,368.013,32.182
48.900,13,-82.226,356.694,32.182
48.900,14,84.904,356.802,32.182
49.000,0,2.195,441.175,32.187
49.000,1,-9.865,429.235,32.187
49.000,2,14.135,429.115,32.187
49.000,3,-21.924,417.295,32.187
49.000,4,26.075,417.056,32.187
49.000,5,-33.984,405.354,32.187
49.000,6,38.015,404.996,32.187
49.000,7,-46.043,393.414,32.187
49.000,8,49.956,392.936,32.187
49.000,9,-58.103,381.474,32.187
49.000,10,61.906,380.865,32.187
49.000,11,-70.162,369.534,32.187
49.000,12,73.800,368.898,32.187
49.000,13,-82.222,357.594,32.187
49.000,14,85.012,357.686,32.186
49.100,0,2.199,442.075,32.191
49.100,1,-9.860,430.135,32.191
49.100,2,14.140,430.015,32.191
49.100,3,-21.920,418.195,32.191
49.100,4,26.080,417.956,32.191
49.100,5,-33.979,406.254,32.191
49.100,6,38.020,405.896,32.191
49.100,7,-46.039,394.314,32.191
49.100,8,49.960,393.836,32.191
49.100,9,-58.098,382.374,32.191
49.100,10,61.911,381.764,32.191
49.100,11,-70.158,370.434,32.191
49.100,12,73.817,369.782,32.191
49.100,13,-82.217,358.494,32.191
49.100,14,85.114,358.564,32.191
49.200,0,2.204,442.975,32.196
49.200,1,-9.856,431.035,32.196
49.200,2,14.144,430.915,32.196
49.200,3,-21.915,419.095,32.196
49.200,4,26.084,418.856,32.196
49.200,5,-33.975,407.154,32.196
49.200,6,38.024,406.796,32.196
49.200,7,-46.034,395.214,32.196
49.200,8,49.965,394.736,32.196
49.200,9,-58.094,383.274,32.196
49.200,10,61.915,382.664,32.196
49.200,11,-70.153,371.334,32.196
49.200,12,73.832,370.667,32.196
49.200,13,-82.213,359.394,32.196
49.200,14,85.210,359.437,32.196
49.300,0,2.208,443.875,32.200
49.300,1,-9.851,431.935,32.200
49.300,2,14.148,431.815,32.200
49.300,3,-21.911,419.995,32.200
49.300,4,26.089,419.756,32.200
49.300,5,-33.970,408.054,32.200
49.300,6,38.029,407.696,32.200
49.300,7,-46.030,396.114,32.200
49.300,8,49.969,395.636,32.200
49.300,9,-58.089,384.174,32.200
49.300,10,61.919,383.564,32.200
49.300,11,-70.149,372.234,32.200
49.300,12,73.846,371.553,32.200
49.300,13,-82.209,360.294,32.200
49.300,14,85.301,360.304,32.200
49.400,0,2.213,444.775,32.205
49.400,1,-9.847,432.835,32.205
49.400,2,14.153,432.715,32.205
49.400,3,-21.906,420.895,32.205
49.400,4,26.093,420.656,32.205
49.400,5,-33.966,408.954,32.205
49.400,6,38.033,408.596,32.205
49.400,7,-46.025,397.014,32.205
49.400,8,49.974,396.536,32.205
49.400,9,-58.085,385.074,32.205
49.400,10,61.924,384.463,32.205
49.400,11,-70.145,373.134,32.205
49.400,12,73.859,372.439,32.205
49.400,13,-82.204,361.194,32.205
49.400,14,85.385,361.167,32.205
49.500,0,2.217,445.675,32.209
49.500,1,-9.842,433.735,32.209
49.500,2,14.157,433.615,32.209
49.500,3,-21.902,421.794,32.209
49.500,4,26.098,421.556,32.209
49.500,5,-33.961,409.854,32.209
49.500,6,38.038,409.496,32.209
49.500,7,-46.021,397.914,32.209
49.500,8,49.978,397.436,32.209
49.500,9,-58.080,385.974,32.209
49.500,10,61.928,385.363,32.209
49.500,11,-70.140,374.034,32.209
49.500,12,73.872,373.326,32.209
49.500,13,-82.200,362.094,32.209
49.500,14,85.464,362.027,32.209
49.600,0,2.222,446.575,32.213
49.600,1,-9.838,434.635,32.213
49.600,2,14.162,434.515,32.213
49.600,3,-21.897,422.694,32.213
49.600,4,26.102,422.456,32.213
49.600,5,-33.957,410.754,32.213
49.600,6,38.042,410.396,32.213
49.600,7,-46.016,398.814,32.213
49.600,8,49.983,398.336,32.213
49.600,9,-58.076,386.874,32.213
49.600,10,61.932,386.263,32.213
49.600,11,-70.136,374.934,32.213
49.600,12,73.883,374.213,32.214
49.600,13,-82.195,362.994,32.213
49.600,14,85.537,362.882,32.214
49.700,0,2.226,447.475,32.218
49.700,1,-9.833,435.535,32.218
49.700,2,14.166,435.415,32.218
49.700,3,-21.893,423.594,32.218
49.700,4,26.107,423.356,32.218
49.700,5,-33.952,411.654,32.218
49.700,6,38.047,411.296,32.218
49.700,7,-46.012,399.714,32.218
49.700,8,49.987,399.236,32.218
49.700,9,-58.072,387.774,32.218
49.700,10,61.936,387.163,32.218
49.700,11,-70.131,375.834,32.218
49.700,12,73.893,375.101,32.218
49.700,13,-82.191,363.894,32.218
49.700,14,85.605,363.735,32.218
49.800,0,2.231,448.375,32.222
49.800,1,-9.829,436.435,32.222
49.800,2,14.171,436.315,32.222
49.800,3,-21.888,424.494,32.222
49.800,4,26.111,424.256,32.222
49.800,5,-33.948,412.554,32.222
49.800,6,38.051,412.196,32.222
49.800,7,-46.007,400.614,32.222
49.800,8,49.991,400.136,32.222
49.800,9,-58.067,388.674,32.222
49.800,10,61.941,388.063,32.222
49.800,11,-70.127,376.734,32.222
49.800,12,73.903,375.990,32.223
49.800,13,-82.186,364.794,32.222
49.800,14,85.667,364.585,32.223
49.900,0,2.235,449.275,32.227
49.900,1,-9.824,437.335,32.227
49.900,2,14.175,437.215,32.227
49.900,3,-21.884,425.394,32.227
49.900,4,26.115,425.156,32.227
49.900,5,-33.943,413.454,32.227
49.900,6,38.056,413.096,32.227
49.900,7,-46.003,401.514,32.227
49.900,8,49.996,401.036,32.227
49.900,9,-58.063,389.574,32.227
49.900,10,61.945,388.964,32.227
49.900,11,-70.122,377.634,32.227
49.900,12,73.911,376.880,32.227
49.900,13,-82.182,365.694,32.227
49.900,14,85.723,365.433,32.227
50.000,0,2.240,450.175,32.231
50.000,1,-9.820,438.235,32.231
50.000,2,14.180,438.115,32.231
50.000,3,-21.879,426.294,32.231
50.000,4,26.120,426.056,32.231
50.000,5,-33.939,414.354,32.231
50.000,6,38.060,413.996,32.231
50.000,7,-45.999,402.414,32.231
50.000,8,50.000,401.936,32.231
50.000,9,-58.058,390.474,32.231
50.000,10,61.949,389.864,32.231
50.000,11,-70.118,378.534,32.231
50.000,12,73.919,377.771,32.232
50.000,13,-82.177,366.594,32.231
50.000,14,85.775,366.279,32.232
50.100,0,2.244,451.075,32.236
50.100,1,-9.815,439.135,32.236
50.100,2,14.184,439.015,32.236
50.100,3,-21.875,427.194,32.236
50.100,4,26.124,426.956,32.236
50.100,5,-33.935,415.254,32.236
50.100,6,38.065,414.896,32.236
50.100,7,-45.994,403.314,32.236
50.100,8,50.005,402.836,32.236
50.100,9,-58.054,391.374,32.236
50.100,10,61.953,390.765,32.236
50.100,11,-70.113,379.434,32.236
50.100,12,73.926,378.662,32.236
50.100,13,-82.173,367.494,32.236
50.100,14,85.822,367.124,32.236
50.200,0,2.249,451.975,32.240
50.200,1,-9.811,440.034,32.240
50.200,2,14.189,439.915,32.240
50.200,3,-21.870,428.094,32.240
50.200,4,26.129,427.856,32.240
50.200,5,-33.930,416.154,32.240
50.200,6,38.069,415.796,32.240
50.200,7,-45.990,404.214,32.240
50.200,8,50.009,403.736,32.240
50.200,9,-58.049,392.274,32.240
50.200,10,61.957,391.665,32.240
50.200,11,-70.109,380.334,32.240
50.200,12,73.933,379.555,32.240
50.200,13,-82.168,368.394,32.240
50.200,14,85.864,367.969,32.241
50.300,0,2.253,452.875,32.245
50.300,1,-9.806,440.934,32.245
50.300,2,14.193,440.815,32.245
50.300,3,-21.866,428.994,32.245
50.300,4,26.133,428.756,32.245
50.300,5,-33.926,417.054,32.245
50.300,6,38.074,416.696,32.245
50.300,7,-45.985,405.114,32.245
50.300,8,50.014,404.636,32.245
50.300,9,-58.045,393.174,32.245
50.300,10,61.961,392.566,32.245
50.300,11,-70.104,381.234,32.245
50.300,12,73.939,380.448,32.245
50.300,13,-82.164,369.294,32.245
50.300,14,85.902,368.813,32.245
50.400,0,2.258,453.775,32.249
50.400,1,-9.802,441.834,32.249
50.400,2,14.198,441.715,32.249
50.400,3,-21.862,429.894,32.249
50.400,4,26.138,429.655,32.249
50.400,5,-33.921,417.954,32.249
50.400,6,38.078,417.596,32.249
50.400,7,-45.981,406.014,32.249
50.400,8,50.018,405.536,32.249
50.400,9,-58.040,394.074,32.249
50.400,10,61.965,393.466,32.249
50.400,11,-70.100,382.134,32.249
50.400,12,73.945,381.343,32.249
50.400,13,-82.159,370.194,32.249
50.400,14,85.935,369.658,32.250
50.500,0,2.262,454.675,32.254
50.500,1,-9.797,442.734,32.254
50.500,2,14.202,442.615,32.254
50.500,3,-21.857,430.794,32.254
50.500,4,26.142,430.555,32.254
50.500,5,-33.917,418.854,32.254
50.500,6,38.083,418.496,32.254
50.500,7,-45.976,406.914,32.254
50.500,8,50.023,406.436,32.254
50.500,9,-58.036,394.974,32.254
50.500,10,61.969,394.367,32.254
50.500,11,-70.095,383.034,32.254
50.500,12,73.950,382.238,32.254
50.500,13,-82.155,371.094,32.254
50.500,14,85.965,370.503,32.254
50.600,0,2.267,455.575,32.258
50.600,1,-9.793,443.634,32.258
50.600,2,14.207,443.515,32.258
50.600,3,-21.853,431.694,32.258
50.600,4,26.147,431.455,32.258
50.600,5,-33.912,419.754,32.258
50.600,6,38.087,419.396,32.258
50.600,7,-45.972,407.814,32.258
50.600,8,50.027,407.336,32.258
50.600,9,-58.031,395.874,32.258
50.600,10,61.973,395.268,32.258
50.600,11,-70.091,383.934,32.258
50.600,12,73.954,383.134,32.258
50.600,13,-82.150,371.993,32.258
50.600,14,85.991,371.350,32.259
50.700,0,2.271,456.475,32.263
50.700,1,-9.789,444.534,32.263
50.700,2,14.211,444.415,32.263
50.700,3,-21.848,432.594,32.263
50.700,4,26.151,432.355,32.263
50.700,5,-33.908,420.654,32.263
50.700,6,38.091,420.296,32.263
50.700,7,-45.967,408.714,32.263
50.700,8,50.032,408.236,32.263
50.700,9,-58.027,396.774,32.263
50.700,10,61.977,396.169,32.263
50.700,11,-70.086,384.834,32.263
50.700,12,73.958,384.032,32.263
50.700,13,-82.146,372.893,32.263
50.700,14,86.013,372.198,32.263
50.800,0,2.275,457.374,32.267
50.800,1,-9.784,445.434,32.267
50.800,2,14.216,445.315,32.267
50.800,3,-21.844,433.494,32.267
50.800,4,26.156,433.255,32.267
50.800,5,-33.903,421.554,32.267
50.800,6,38.096,421.196,32.267
50.800,7,-45.963,409.614,32.267
50.800,8,50.036,409.136,32.267
50.800,9,-58.022,397.674,32.267
50.800,10,61.981,397.070,32.267
50.800,11,-70.082,385.734,32.267
50.800,12,73.962,384.930,32.267
50.800,13,-82.141,373.793,32.267
50.800,14,86.032,373.048,32.268
50.900,0,2.280,458.274,32.272
50.900,1,-9.780,446.334,32.272
50.900,2,14.220,446.215,32.272
50.900,3,-21.839,434.394,32.272
50.900,4,26.160,434.155,32.272
50.900,5,-33.899,422.454,32.272
50.900,6,38.100,422.096,32.272
50.900,7,-45.958,410.514,32.272
50.900,8,50.041,410.036,32.272
50.900,9,-58.018,398.574,32.272
50.900,10,61.985,397.970,32.272
50.900,11,-70.077,386.634,32.272
50.900,12,73.966,385.829,32.272
50.900,13,-82.137,374.693,32.272
50.900,14,86.048,373.899,32.272
51.000,0,2.284,459.174,32.276
51.000,1,-9.775,447.234,32.276
51.000,2,14.225,447.115,32.276
51.000,3,-21.835,435.294,32.276
51.000,4,26.165,435.055,32.276
51.000,5,-33.894,423.354,32.276
51.000,6,38.105,422.996,32.276
51.000,7,-45.954,411.414,32.276
51.000,8,50.045,410.936,32.276
51.000,9,-58.013,399.474,32.276
51.000,10,61.989,398.871,32.276
51.000,11,-70.073,387.534,32.276
51.000,12,73.969,386.728,32.276
51.000,13,-82.132,375.593,32.276
51.000,14,86.061,374.754,32.277
51.100,0,2.289,460.074,32.281
51.100,1,-9.771,448.134,32.281
51.100,2,14.229,448.015,32.281
51.100,3,-21.830,436.194,32.281
51.100,4,26.169,435.955,32.281
51.100,5,-33.890,424.254,32.281
51.100,6,38.109,423.896,32.281
51.100,7,-45.949,412.314,32.281
51.100,8,50.049,411.836,32.281
51.100,9,-58.009,400.374,32.281
51.100,10,61.993,399.772,32.281
51.100,11,-70.068,388.434,32.281
51.100,12,73.972,387.629,32.281
51.100,13,-82.128,376.493,32.281
51.100,14,86.072,375.611,32.281
51.200,0,2.293,460.974,32.285
51.200,1,-9.766,449.034,32.285
51.200,2,14.234,448.915,32.285
51.200,3,-21.826,437.094,32.285
51.200,4,26.174,436.855,32.285
51.200,5,-33.885,425.154,32.285
51.200,6,38.114,424.796,32.285
51.200,7,-45.945,413.214,32.285
51.200,8,50.054,412.736,32.285
51.200,9,-58.004,401.274,32.285
51.200,10,61.997,400.673,32.285
51.200,11,-70.064,389.334,32.285
51.200,12,73.975,388.530,32.285
51.200,13,-82.123,377.393,32.285
51.200,14,86.081,376.471,32.286
51.300,0,2.298,461.874,32.290
51.300,1,-9.762,449.934,32.290
51.300,2,14.238,449.815,32.290
51.300,3,-21.821,437.994,32.290
51.300,4,26.178,437.755,32.290
51.300,5,-33.881,426.054,32.290
51.300,6,38.118,425.696,32.290
51.300,7,-45.940,414.114,32.290
51.300,8,50.058,413.636,32.290
51.300,9,-58.000,402.174,32.290
51.300,10,62.001,401.574,32.290
51.300,11,-70.059,390.233,32.290
51.300,12,73.978,389.432,32.290
51.300,13,-82.119,378.293,32.290
51.300,14,86.087,377.333,32.290
51.400,0,2.302,462.774,32.294
51.400,1,-9.757,450.834,32.294
51.400,2,14.243,450.715,32.294
51.400,3,-21.817,438.894,32.294
51.400,4,26.183,438.655,32.294
51.400,5,-33.876,426.954,32.294
51.400,6,38.123,426.596,32.294
51.400,7,-45.936,415.014,32.294
51.400,8,50.063,414.536,32.294
51.400,9,-57.995,403.074,32.294
51.400,10,62.006,402.474,32.294
51.400,11,-70.055,391.133,32.294
51.400,12,73.981,390.334,32.294
51.400,13,-82.115,379.193,32.294
51.400,14,86.092,378.199,32.294
51.500,0,2.307,463.674,32.299
51.500,1,-9.753,451.734,32.299
51.500,2,14.247,451.615,32.299
51.500,3,-21.812,439.794,32.299
51.500,4,26.187,439.555,32.299
51.500,5,-33.872,427.854,32.299
51.500,6,38.127,427.496,32.299
51.500,7,-45.931,415.914,32.299
51.500,8,50.067,415.436,32.299
51.500,9,-57.991,403.974,32.299
51.500,10,62.010,403.375,32.299
51.500,11,-70.050,392.033,32.299
51.500,12,73.983,391.237,32.299
51.500,13,-82.110,380.093,32.299
51.500,14,86.094,379.068,32.299
51.600,0,2.311,464.574,32.303
51.600,1,-9.748,452.634,32.303
51.600,2,14.251,452.515,32.303
51.600,3,-21.808,440.694,32.303
51.600,4,26.192,440.455,32.303
51.600,5,-33.867,428.754,32.303
51.600,6,38.132,428.396,32.303
51.600,7,-45.927,416.814,32.303
51.600,8,50.072,416.336,32.303
51.600,9,-57.986,404.874,32.303
51.600,10,62.014,404.276,32.303
51.600,11,-70.046,392.933,32.303
51.600,12,73.986,392.141,32.303
51.600,13,-82.106,380.993,32.303
51.600,14,86.096,379.941,32.303
51.700,0,2.316,465.474,32.308
51.700,1,-9.744,453.534,32.308
51.700,2,14.256,453.415,32.308
51.700,3,-21.803,441.594,32.308
51.700,4,26.196,441.355,32.308
51.700,5,-33.863,429.654,32.308
51.700,6,38.136,429.296,32.308
51.700,7,-45.922,417.714,32.308
51.700,8,50.076,417.236,32.308
51.700,9,-57.982,405.774,32.308
51.700,10,62.018,405.177,32.308
51.700,11,-70.042,393.833,32.308
51.700,12,73.988,393.045,32.308
51.700,13,-82.101,381.893,32.308
51.700,14,86.096,380.817,32.308
51.800,0,2.320,466.374,32.312
51.800,1,-9.739,454.434,32.312
51.800,2,14.260,454.315,32.312
51.800,3,-21.799,442.494,32.312
51.800,4,26.201,442.255,32.312
51.800,5,-33.858,430.554,32.312
51.800,6,38.141,430.196,32.312
51.800,7,-45.918,418.614,32.312
51.800,8,50.081,418.136,32.312
51.800,9,-57.977,406.674,32.312
51.800,10,62.022,406.077,32.312
51.800,11,-70.037,394.733,32.312
51.800,12,73.991,393.949,32.312
51.800,13,-82.097,382.793,32.312
51.800,14,86.095,381.696,32.312
51.900,0,2.325,467.274,32.316
51.900,1,-9.735,455.334,32.316
51.900,2,14.265,455.215,32.316
51.900,3,-21.794,443.394,32.316
51.900,4,26.205,443.155,32.316
51.900,5,-33.854,431.454,32.316
51.900,6,38.145,431.096,32.316
51.900,7,-45.913,419.514,32.316
51.900,8,50.085,419.036,32.316
51.900,9,-57.973,407.573,32.316
51.900,10,62.026,406.978,32.316
51.900,11,-70.033,395.633,32.316
51.900,12,73.993,394.854,32.316
51.900,13,-82.092,383.693,32.316
51.900,14,86.093,382.579,32.317
52.000,0,2.329,468.174,32.321
52.000,1,-9.730,456.234,32.321
52.000,2,14.269,456.115,32.321
52.000,3,-21.790,444.294,32.321
52.000,4,26.210,444.055,32.321
52.000,5,-33.849,432.354,32.321
52.000,6,38.150,431.996,32.321
52.000,7,-45.909,420.414,32.321
52.000,8,50.090,419.936,32.321
52.000,9,-57.969,408.473,32.321
52.000,10,62.031,407.878,32.321
52.000,11,-70.028,396.533,32.321
52.000,12,73.995,395.758,32.321
52.000,13,-82.088,384.593,32.321
52.000,14,86.090,383.465,32.321
52.100,0,2.334,469.074,32.325
52.100,1,-9.726,457.134,32.325
52.100,2,14.274,457.015,32.325
52.100,3,-21.785,445.194,32.325
52.100,4,26.214,444.955,32.325
52.100,5,-33.845,433.254,32.325
52.100,6,38.154,432.896,32.325
52.100,7,-45.905,421.314,32.325
52.100,8,50.094,420.836,32.325
52.100,9,-57.964,409.373,32.325
52.100,10,62.035,408.779,32.325
52.100,11,-70.024,397.433,32.325
52.100,12,73.998,396.664,32.325
52.100,13,-82.083,385.493,32.325
52.100,14,86.087,384.354,32.326
52.200,0,2.338,469.974,32.330
52.200,1,-9.721,458.034,32.330
52.200,2,14.278,457.915,32.330
52.200,3,-21.781,446.094,32.330
52.200,4,26.218,445.855,32.330
52.200,5,-33.840,434.154,32.330
52.200,6,38.159,433.796,32.330
52.200,7,-45.900,422.214,32.330
52.200,8,50.099,421.736,32.330
52.200,9,-57.960,410.273,32.330
52.200,10,62.039,409.679,32.330
52.200,11,-70.019,398.333,32.330
52.200,12,74.000,397.569,32.330
52.200,13,-82.079,386.393,32.330
52.200,14,86.083,385.246,32.330
52.300,0,2.343,470.874,32.334
52.300,1,-9.717,458.934,32.334
52.300,2,14.283,458.815,32.334
52.300,3,-21.776,446.994,32.334
52.300,4,26.223,446.755,32.334
52.300,5,-33.836,435.054,32.334
52.300,6,38.163,434.696,32.334
52.300,7,-45.896,423.114,32.334
52.300,8,50.103,422.636,32.334
52.300,9,-57.955,411.173,32.334
52.300,10,62.044,410.580,32.334
52.300,11,-70.015,399.233,32.334
52.300,12,74.003,398.474,32.334
52.300,13,-82.074,387.293,32.334
52.300,14,86.079,386.142,32.335
52.400,0,2.347,471.774,32.339
52.400,1,-9.712,459.834,32.339
52.400,2,14.287,459.715,32.339
52.400,3,-21.772,447.894,32.339
52.400,4,26.227,447.655,32.339
52.400,5,-33.832,435.954,32.339
52.400,6,38.168,435.595,32.339
52.400,7,-45.891,424.014,32.339
52.400,8,50.108,423.536,32.339
52.400,9,-57.951,412.073,32.339
52.400,10,62.048,411.480,32.339
52.400,11,-70.010,400.133,32.339
52.400,12,74.005,399.380,32.339
52.400,13,-82.070,388.193,32.339
52.400,14,86.075,387.040,32.339
52.500,0,2.352,472.674,32.343
52.500,1,-9.708,460.734,32.343
52.500,2,14.292,460.615,32.343
52.500,3,-21.767,448.794,32.343
52.500,4,26.232,448.555,32.343
52.500,5,-33.827,436.854,32.343
52.500,6,38.172,436.495,32.343
52.500,7,-45.887,424.914,32.343
52.500,8,50.112,424.436,32.343
52.500,9,-57.946,412.973,32.343
52.500,10,62.052,412.380,32.343
52.500,11,-70.006,401.033,32.343
52.500,12,74.008,400.285,32.343
52.500,13,-82.065,389.093,32.343
52.500,14,86.070,387.941,32.343
52.600,0,2.356,473.573,32.348
52.600,1,-9.703,461.633,32.348
52.600,2,14.296,461.513,32.348
52.600,3,-21.763,449.692,32.348
52.600,4,26.236,449.454,32.348
52.600,5,-33.823,437.752,32.348
52.600,6,38.177,437.394,32.348
52.600,7,-45.882,425.812,32.348
52.600,8,50.117,425.335,32.348
52.600,9,-57.942,413.872,32.348
52.600,10,62.057,413.279,32.348
52.600,11,-70.001,401.932,32.348
52.600,12,74.011,401.189,32.348
52.600,13,-82.061,389.992,32.348
52.600,14,86.065,388.843,32.348
52.700,0,2.361,474.469,32.352
52.700,1,-9.699,462.528,32.352
52.700,2,14.301,462.409,32.352
52.700,3,-21.759,450.588,32.352
52.700,4,26.241,450.350,32.352
52.700,5,-33.818,438.648,32.352
52.700,6,38.181,438.290,32.352
52.700,7,-45.878,426.708,32.352
52.700,8,50.121,426.230,32.352
52.700,9,-57.937,414.768,32.352
52.700,10,62.061,414.175,32.352
52.700,11,-69.997,402.828,32.352
52.700,12,74.014,402.090,32.352
52.700,13,-82.056,390.888,32.352
52.700,14,86.060,389.745,32.352
52.800,0,2.365,475.360,32.357
52.800,1,-9.695,463.420,32.357
52.800,2,14.305,463.301,32.357
52.800,3,-21.754,451.480,32.357
52.800,4,26.245,451.241,32.357
52.800,5,-33.814,439.540,32.357
52.800,6,38.185,439.182,32.357
52.800,7,-45.873,427.600,32.357
52.800,8,50.126,427.122,32.357
52.800,9,-57.933,415.659,32.357
52.800,10,62.065,415.067,32.357
52.800,11,-69.992,403.719,32.357
52.800,12,74.017,402.987,32.357
52.800,13,-82.052,391.779,32.357
52.800,14,86.056,390.645,32.357
52.900,0,2.369,476.246,32.361
52.900,1,-9.690,464.306,32.361
52.900,2,14.310,464.186,32.361
52.900,3,-21.750,452.366,32.361
52.900,4,26.250,452.127,32.361
52.900,5,-33.809,440.425,32.361
52.900,6,38.190,440.067,32.361
52.900,7,-45.869,428.485,32.361
52.900,8,50.130,428.008,32.361
52.900,9,-57.928,416.545,32.361
52.900,10,62.070,415.953,32.361
52.900,11,-69.988,404.605,32.361
52.900,12,74.019,403.878,32.361
52.900,13,-82.047,392.665,32.361
52.900,14,86.051,391.541,32.361
53.000,0,2.374,477.124,32.365
53.000,1,-9.686,465.184,32.365
53.000,2,14.314,465.064,32.365
53.000,3,-21.745,453.244,32.365
53.000,4,26.254,453.005,32.365
53.000,5,-33.805,441.304,32.365
53.000,6,38.194,440.945,32.365
53.000,7,-45.864,429.363,32.365
53.000,8,50.134,428.886,32.365
53.000,9,-57.924,417.423,32.365
53.000,10,62.074,416.831,32.365
53.000,11,-69.984,405.483,32.365
53.000,12,74.022,404.761,32.365
53.000,13,-82.043,393.543,32.365
53.000,14,86.047,392.431,32.365
53.100,0,2.378,477.993,32.370
53.100,1,-9.681,466.053,32.370
53.100,2,14.318,465.933,32.370
53.100,3,-21.741,454.113,32.370
53.100,4,26.258,453.874,32.370
53.100,5,-33.801,442.173,32.370
53.100,6,38.199,441.814,32.370
53.100,7,-45.860,430.232,32.370
53.100,8,50.139,429.755,32.370
53.100,9,-57.920,418.292,32.370
53.100,10,62.078,417.700,32.370
53.100,11,-69.979,406.352,32.370
53.100,12,74.025,405.634,32.370
53.100,13,-82.039,394.412,32.370
53.100,14,86.042,393.314,32.370
53.200,0,2.382,478.851,32.374
53.200,1,-9.677,466.911,32.374
53.200,2,14.322,466.792,32.374
53.200,3,-21.737,454.971,32.374
53.200,4,26.263,454.732,32.374
53.200,5,-33.796,443.031,32.374
53.200,6,38.203,442.673,32.374
53.200,7,-45.856,431.091,32.374
53.200,8,50.143,430.613,32.374
53.200,9,-57.915,419.151,32.374
53.200,10,62.082,418.558,32.374
53.200,11,-69.975,407.210,32.374
53.200,12,74.029,406.497,32.374
53.200,13,-82.035,395.270,32.374
53.200,14,86.038,394.187,32.374
53.300,0,2.387,479.697,32.378
53.300,1,-9.673,467.757,32.378
53.300,2,14.327,467.638,32.378
53.300,3,-21.733,455.817,32.378
53.300,4,26.267,455.578,32.378
53.300,5,-33.792,443.877,32.378
53.300,6,38.207,443.519,32.378
53.300,7,-45.852,431.937,32.378
53.300,8,50.147,431.459,32.378
53.300,9,-57.911,419.997,32.378
53.300,10,62.087,419.404,32.378
53.300,11,-69.971,408.057,32.378
53.300,12,74.032,407.347,32.378
53.300,13,-82.030,396.116,32.378
53.300,14,86.035,395.050,32.378
53.400,0,2.391,480.530,32.382
53.400,1,-9.669,468.589,32.382
53.400,2,14.331,468.470,32.382
53.400,3,-21.728,456.649,32.382
53.400,4,26.271,456.411,32.382
53.400,5,-33.788,444.709,32.382
53.400,6,38.211,444.351,32.382
53.400,7,-45.848,432.769,32.382
53.400,8,50.151,432.291,32.382
53.400,9,-57.907,420.829,32.382
53.400,10,62.091,420.237,32.382
53.400,11,-69.967,408.889,32.382
53.400,12,74.035,408.183,32.382
53.400,13,-82.026,396.949,32.382
53.400,14,86.031,395.899,32.382
53.500,0,2.395,481.347,32.387
53.500,1,-9.665,469.406,32.387
53.500,2,14.335,469.287,32.387
53.500,3,-21.724,457.466,32.387
53.500,4,26.275,457.227,32.387
53.500,5,-33.784,445.526,32.387
53.500,6,38.215,445.168,32.387
53.500,7,-45.843,433.586,32.387
53.500,8,50.155,433.108,32.387
53.500,9,-57.903,421.646,32.387
53.500,10,62.095,421.053,32.387
53.500,11,-69.963,409.706,32.387
53.500,12,74.038,409.003,32.387
53.500,13,-82.022,397.765,32.387
53.500,14,86.028,396.734,32.386
53.600,0,2.399,482.147,32.391
53.600,1,-9.661,470.207,32.391
53.600,2,14.339,470.087,32.391
53.600,3,-21.720,458.266,32.391
53.600,4,26.279,458.028,32.391
53.600,5,-33.780,446.326,32.391
53.600,6,38.219,445.968,32.391
53.600,7,-45.839,434.386,32.391
53.600,8,50.159,433.908,32.391
53.600,9,-57.899,422.446,32.391
53.600,10,62.099,421.853,32.391
53.600,11,-69.959,410.506,32.391
53.600,12,74.041,409.807,32.391
53.600,13,-82.018,398.566,32.391
53.600,14,86.025,397.553,32.390
53.700,0,2.403,482.929,32.394
53.700,1,-9.657,470.989,32.394
53.700,2,14.343,470.869,32.394
53.700,3,-21.716,459.049,32.394
53.700,4,26.283,458.810,32.394
53.700,5,-33.776,447.108,32.394
53.700,6,38.223,446.750,32.394
53.700,7,-45.836,435.168,32.394
53.700,8,50.163,434.691,32.394
53.700,9,-57.895,423.228,32.394
53.700,10,62.103,422.635,32.394
53.700,11,-69.955,411.288,32.394
53.700,12,74.044,410.592,32.394
53.700,13,-82.014,399.348,32.394
53.700,14,86.022,398.354,32.394
53.800,0,2.406,483.692,32.398
53.800,1,-9.653,471.751,32.398
53.800,2,14.347,471.632,32.398
53.800,3,-21.713,459.811,32.398
53.800,4,26.287,459.573,32.398
53.800,5,-33.772,447.871,32.398
53.800,6,38.227,447.513,32.398
53.800,7,-45.832,435.931,32.398
53.800,8,50.167,435.453,32.398
53.800,9,-57.891,423.991,32.398
53.800,10,62.106,423.398,32.398
53.800,11,-69.951,412.051,32.398
53.800,12,74.047,411.357,32.398
53.800,13,-82.010,400.111,32.398
53.800,14,86.020,399.137,32.398
53.900,0,2.410,484.434,32.402
53.900,1,-9.649,472.494,32.402
53.900,2,14.350,472.375,32.402
53.900,3,-21.709,460.554,32.402
53.900,4,26.290,460.315,32.402
53.900,5,-33.769,448.614,32.402
53.900,6,38.231,448.255,32.402
53.900,7,-45.828,436.673,32.402
53.900,8,50.171,436.196,32.402
53.900,9,-57.888,424.733,32.402
53.900,10,62.110,424.140,32.402
53.900,11,-69.947,412.793,32.402
53.900,12,74.050,412.102,32.402
53.900,13,-82.007,400.853,32.402
53.900,14,86.018,399.899,32.402
54.000,0,2.414,485.155,32.406
54.000,1,-9.646,473.215,32.406
54.000,2,14.354,473.096,32.406
54.000,3,-21.705,461.275,32.406
54.000,4,26.294,461.036,32.406
54.000,5,-33.765,449.335,32.406
54.000,6,38.234,448.976,32.406
54.000,7,-45.825,437.394,32.406
54.000,8,50.174,436.917,32.406
54.000,9,-57.884,425.454,32.406
54.000,10,62.114,424.861,32.406
54.000,11,-69.944,413.514,32.406
54.000,12,74.053,412.825,32.406
54.000,13,-82.003,401.574,32.406
54.000,14,86.017,400.639,32.406
54.100,0,2.417,485.854,32.409
54.100,1,-9.642,473.914,32.409
54.100,2,14.357,473.794,32.409
54.100,3,-21.702,461.973,32.409
54.100,4,26.297,461.735,32.409
54.100,5,-33.761,450.033,32.409
54.100,6,38.238,449.675,32.409
54.100,7,-45.821,438.093,32.409
54.100,8,50.178,437.616,32.409
54.100,9,-57.881,426.153,32.409
54.100,10,62.117,425.559,32.409
54.100,11,-69.940,414.213,32.409
54.100,12,74.056,413.525,32.409
54.100,13,-82.000,402.273,32.409
54.100,14,86.015,401.357,32.409
54.200,0,2.421,486.529,32.413
54.200,1,-9.639,474.589,32.413
54.200,2,14.361,474.470,32.413
54.200,3,-21.699,462.649,32.413
54.200,4,26.301,462.410,32.413
54.200,5,-33.758,450.709,32.413
54.200,6,38.241,450.351,32.413
54.200,7,-45.818,438.769,32.413
54.200,8,50.181,438.291,32.413
54.200,9,-57.877,426.829,32.413
54.200,10,62.121,426.235,32.413
54.200,11,-69.937,414.888,32.413
54.200,12,74.059,414.202,32.413
54.200,13,-81.996,402.948,32.413
54.200,14,86.014,402.051,32.413
54.300,0,2.424,487.181,32.416
54.300,1,-9.636,475.241,32.416
54.300,2,14.364,475.122,32.416
54.300,3,-21.695,463.301,32.416
54.300,4,26.304,463.062,32.416
54.300,5,-33.755,451.361,32.416
54.300,6,38.244,451.002,32.416
54.300,7,-45.814,439.421,32.416
54.300,8,50.184,438.943,32.416
54.300,9,-57.874,427.480,32.416
54.300,10,62.124,426.886,32.416
54.300,11,-69.934,415.540,32.416
54.300,12,74.062,414.854,32.416
54.300,13,-81.993,403.600,32.416
54.300,14,86.013,402.721,32.416
54.400,0,2.427,487.809,32.419
54.400,1,-9.633,475.868,32.419
54.400,2,14.367,475.749,32.419
54.400,3,-21.692,463.928,32.419
54.400,4,26.307,463.689,32.419
54.400,5,-33.752,451.988,32.419
54.400,6,38.247,451.630,32.419
54.400,7,-45.811,440.048,32.419
54.400,8,50.188,439.570,32.419
54.400,9,-57.871,428.108,32.419
54.400,10,62.127,427.513,32.419
54.400,11,-69.930,416.168,32.419
54.400,12,74.065,415.482,32.419
54.400,13,-81.990,404.228,32.419
54.400,14,86.013,403.366,32.419
54.500,0,2.430,488.411,32.422
54.500,1,-9.630,476.471,32.422
54.500,2,14.370,476.352,32.422
54.500,3,-21.689,464.531,32.422
54.500,4,26.310,464.292,32.422
54.500,5,-33.749,452.591,32.422
54.500,6,38.250,452.233,32.422
54.500,7,-45.808,440.651,32.422
54.500,8,50.191,440.173,32.422
54.500,9,-57.868,428.711,32.422
54.500,10,62.130,428.116,32.422
54.500,11,-69.927,416.770,32.422
54.500,12,74.068,416.085,32.422
54.500,13,-81.987,404.830,32.422
54.500,14,86.013,403.985,32.422
54.600,0,2.433,488.989,32.425
54.600,1,-9.627,477.049,32.425
54.600,2,14.373,476.930,32.425
54.600,3,-21.686,465.109,32.425
54.600,4,26.313,464.870,32.425
54.600,5,-33.746,453.169,32.425
54.600,6,38.253,452.811,32.425
54.600,7,-45.805,441.229,32.425
54.600,8,50.193,440.751,32.425
54.600,9,-57.865,429.288,32.425
54.600,10,62.133,428.693,32.425
54.600,11,-69.925,417.348,32.425
54.600,12,74.071,416.663,32.425
54.600,13,-81.984,405.408,32.425
54.600,14,86.012,404.579,32.425
54.700,0,2.436,489.542,32.428
54.700,1,-9.624,477.602,32.428
54.700,2,14.376,477.482,32.428
54.700,3,-21.684,465.662,32.428
54.700,4,26.316,465.423,32.428
54.700,5,-33.743,453.721,32.428
54.700,6,38.256,453.363,32.428
54.700,7,-45.803,441.781,32.428
54.700,8,50.196,441.304,32.428
54.700,9,-57.862,429.841,32.428
54.700,10,62.136,429.246,32.428
54.700,11,-69.922,417.901,32.428
54.700,12,74.073,417.216,32.428
54.700,13,-81.981,405.961,32.428
54.700,14,86.013,405.146,32.428
54.800,0,2.438,490.069,32.431
54.800,1,-9.621,478.129,32.431
54.800,2,14.378,478.010,32.431
54.800,3,-21.681,466.189,32.431
54.800,4,26.318,465.950,32.431
54.800,5,-33.741,454.249,32.431
54.800,6,38.259,453.891,32.431
54.800,7,-45.800,442.309,32.431
54.800,8,50.199,441.831,32.431
54.800,9,-57.860,430.369,32.431
54.800,10,62.138,429.773,32.431
54.800,11,-69.919,418.428,32.431
54.800,12,74.076,417.742,32.431
54.800,13,-81.979,406.488,32.431
54.800,14,86.013,405.687,32.431
54.900,0,2.441,490.572,32.434
54.900,1,-9.619,478.632,32.434
54.900,2,14.381,478.512,32.434
54.900,3,-21.678,466.691,32.434
54.900,4,26.321,466.453,32.434
54.900,5,-33.738,454.751,32.434
54.900,6,38.261,454.393,32.434
54.900,7,-45.798,442.811,32.434
54.900,8,50.201,442.333,32.434
54.900,9,-57.857,430.871,32.434
54.900,10,62.141,430.275,32.434
54.900,11,-69.917,418.931,32.434
54.900,12,74.078,418.244,32.434
54.900,13,-81.976,406.991,32.434
54.900,14,86.013,406.202,32.433
55.000,0,2.443,491.049,32.436
55.000,1,-9.617,479.109,32.436
55.000,2,14.383,478.990,32.436
55.000,3,-21.676,467.169,32.436
55.000,4,26.323,466.930,32.436
55.000,5,-33.736,455.229,32.436
55.000,6,38.263,454.871,32.436
55.000,7,-45.795,443.289,32.436
55.000,8,50.204,442.811,32.436
55.000,9,-57.855,431.348,32.436
55.000,10,62.143,430.752,32.436
55.000,11,-69.914,419.408,32.436
55.000,12,74.080,418.721,32.436
55.000,13,-81.974,407.468,32.436
55.000,14,86.014,406.692,32.436
55.100,0,2.445,491.502,32.439
55.100,1,-9.614,479.562,32.439
55.100,2,14.385,479.443,32.439
55.100,3,-21.674,467.622,32.439
55.100,4,26.326,467.383,32.439
55.100,5,-33.733,455.682,32.439
55.100,6,38.266,455.323,32.439
55.100,7,-45.793,443.741,32.439
55.100,8,50.206,443.264,32.439
55.100,9,-57.852,431.801,32.439
55.100,10,62.146,431.205,32.439
55.100,11,-69.912,419.861,32.439
55.100,12,74.083,419.172,32.439
55.100,13,-81.972,407.921,32.439
55.100,14,86.015,407.155,32.438
55.200,0,2.447,491.931,32.441
55.200,1,-9.612,479.991,32.441
55.200,2,14.388,479.871,32.441
55.200,3,-21.672,468.050,32.441
55.200,4,26.328,467.812,32.441
55.200,5,-33.731,456.110,32.441
55.200,6,38.268,455.752,32.441
55.200,7,-45.791,444.170,32.441
55.200,8,50.208,443.693,32.441
55.200,9,-57.850,432.230,32.441
55.200,10,62.148,431.633,32.441
55.200,11,-69.910,420.290,32.441
55.200,12,74.085,419.600,32.441
55.200,13,-81.969,408.350,32.441
55.200,14,86.016,407.593,32.441
55.300,0,2.449,492.336,32.443
55.300,1,-9.610,480.396,32.443
55.300,2,14.390,480.276,32.443
55.300,3,-21.670,468.456,32.443
55.300,4,26.330,468.217,32.443
55.300,5,-33.729,456.515,32.443
55.300,6,38.270,456.157,32.443
55.300,7,-45.789,444.575,32.443
55.300,8,50.210,444.098,32.443
55.300,9,-57.848,432.635,32.443
55.300,10,62.150,432.038,32.443
55.300,11,-69.908,420.695,32.443
55.300,12,74.087,420.003,32.443
55.300,13,-81.967,408.755,32.443
55.300,14,86.017,408.006,32.443
55.400,0,2.451,492.718,32.445
55.400,1,-9.608,480.778,32.445
55.400,2,14.391,480.658,32.445
55.400,3,-21.668,468.837,32.445
55.400,4,26.332,468.599,32.445
55.400,5,-33.727,456.897,32.445
55.400,6,38.272,456.539,32.445
55.400,7,-45.787,444.957,32.445
55.400,8,50.212,444.479,32.445
55.400,9,-57.846,433.017,32.445
55.400,10,62.152,432.420,32.445
55.400,11,-69.906,421.077,32.445
55.400,12,74.089,420.384,32.445
55.400,13,-81.966,409.137,32.445
55.400,14,86.018,408.395,32.445
55.500,0,2.453,493.077,32.447
55.500,1,-9.606,481.137,32.447
55.500,2,14.393,481.018,32.447
55.500,3,-21.666,469.197,32.447
55.500,4,26.333,468.958,32.447
55.500,5,-33.726,457.257,32.447
55.500,6,38.274,456.899,32.447
55.500,7,-45.785,445.317,32.447
55.500,8,50.214,444.839,32.447
55.500,9,-57.845,433.376,32.447
55.500,10,62.154,432.779,32.447
55.500,11,-69.904,421.436,32.447
55.500,12,74.091,420.742,32.447
55.500,13,-81.964,409.496,32.447
55.500,14,86.019,408.760,32.447
55.600,0,2.455,493.415,32.449
55.600,1,-9.605,481.475,32.449
55.600,2,14.395,481.356,32.449
55.600,3,-21.664,469.535,32.449
55.600,4,26.335,469.296,32.449
55.600,5,-33.724,457.595,32.449
55.600,6,38.275,457.236,32.449
55.600,7,-45.783,445.654,32.449
55.600,8,50.215,445.177,32.449
55.600,9,-57.843,433.714,32.449
55.600,10,62.155,433.117,32.449
55.600,11,-69.903,421.774,32.449
55.600,12,74.093,421.078,32.449
55.600,13,-81.962,409.834,32.449
55.600,14,86.021,409.102,32.449
55.700,0,2.456,493.732,32.451
55.700,1,-9.603,481.792,32.451
55.700,2,14.397,481.672,32.451
55.700,3,-21.663,469.852,32.451
55.700,4,26.337,469.613,32.451
55.700,5,-33.722,457.912,32.451
55.700,6,38.277,457.553,32.451
55.700,7,-45.782,445.971,32.451
55.700,8,50.217,445.494,32.451
55.700,9,-57.841,434.031,32.451
55.700,10,62.157,433.433,32.451
55.700,11,-69.901,422.091,32.451
55.700,12,74.094,421.393,32.451
55.700,13,-81.960,410.151,32.451
55.700,14,86.022,409.423,32.451
55.800,0,2.458,494.029,32.453
55.800,1,-9.602,482.089,32.453
55.800,2,14.398,481.969,32.453
55.800,3,-21.661,470.149,32.453
55.800,4,26.338,469.910,32.453
55.800,5,-33.721,458.209,32.453
55.800,6,38.278,457.850,32.453
55.800,7,-45.780,446.268,32.453
55.800,8,50.218,445.791,32.453
55.800,9,-57.840,434.328,32.453
55.800,10,62.158,433.730,32.453
55.800,11,-69.899,422.388,32.453
55.800,12,74.096,421.688,32.453
55.800,13,-81.959,410.448,32.453
55.800,14,86.024,409.722,32.453
55.900,0,2.459,494.307,32.454
55.900,1,-9.600,482.367,32.454
55.900,2,14.399,482.247,32.454
55.900,3,-21.660,470.427,32.454
55.900,4,26.340,470.188,32.454
55.900,5,-33.719,458.486,32.454
55.900,6,38.280,458.128,32.454
55.900,7,-45.779,446.546,32.454
55.900,8,50.220,446.069,32.454
55.900,9,-57.839,434.606,32.454
55.900,10,62.160,434.008,32.454
55.900,11,-69.898,422.666,32.454
55.900,12,74.097,421.964,32.454
55.900,13,-81.958,410.726,32.454
55.900,14,86.025,410.001,32.454
56.000,0,2.461,494.567,32.456
56.000,1,-9.599,482.626,32.456
56.000,2,14.401,482.507,32.456
56.000,3,-21.659,470.686,32.456
56.000,4,26.341,470.447,32.456
56.000,5,-33.718,458.746,32.456
56.000,6,38.281,458.388,32.456
56.000,7,-45.778,446.806,32.456
56.000,8,50.221,446.328,32.456
56.000,9,-57.837,434.866,32.456
56.000,10,62.161,434.267,32.456
56.000,11,-69.897,422.926,32.456
56.000,12,74.099,422.222,32.456
56.000,13,-81.956,410.985,32.456
56.000,14,86.026,410.261,32.456
56.100,0,2.462,494.809,32.457
56.100,1,-9.598,482.869,32.457
56.100,2,14.402,482.750,32.457
56.100,3,-21.657,470.929,32.457
56.100,4,26.342,470.690,32.457
56.100,5,-33.717,458.989,32.457
56.100,6,38.282,458.630,32.457
56.100,7,-45.776,447.049,32.457
56.100,8,50.222,446.571,32.457
56.100,9,-57.836,435.108,32.457
56.100,10,62.162,434.510,32.457
56.100,11,-69.896,423.168,32.457
56.100,12,74.100,422.462,32.457
56.100,13,-81.955,411.228,32.457
56.100,14,86.028,410.503,32.457
56.200,0,2.462,494.809,32.457
56.200,1,-9.598,482.869,32.457
56.200,2,14.402,482.750,32.457
56.200,3,-21.657,470.929,32.457
56.200,4,26.342,470.690,32.457
56.200,5,-33.717,458.989,32.457
56.200,6,38.282,458.630,32.457
56.200,7,-45.776,447.049,32.457
56.200,8,50.222,446.571,32.457
56.200,9,-57.836,435.108,32.457
56.200,10,62.162,434.510,32.457
56.200,11,-69.896,423.168,32.457
56.200,12,74.100,422.462,32.457
56.200,13,-81.955,411.228,32.457
56.200,14,86.028,410.503,32.457
