{
  "simulation_info": {
    "data_directory": "output/run_e614d7ca",
    "analysis_date": "2026-03-11 10:37:46"
  },
  "qos_performance": {
    "avg_pdr": 0.03294292599388379,
    "min_pdr": 0.0,
    "max_pdr": 0.4941438899082569,
    "std_pdr": 0.12326114238696259,
    "avg_delay_ms": 0.26099501467889913,
    "min_delay_ms": 0.0,
    "max_delay_ms": 3.9149252201834868,
    "std_delay_ms": 0.9765539245844759,
    "avg_throughput_mbps": 0.006443100856269113,
    "total_throughput_mbps": 0.09664651284403669,
    "std_throughput_mbps": 0.024107875912588828
  },
  "resource_allocation": {
    "channel_distribution": {
      "0": 265,
      "1": 28,
      "2": 37
    },
    "avg_power": 18.41549606060606,
    "min_power": 11.979,
    "max_power": 23.693,
    "std_power": 2.621167721750507,
    "avg_rate": 6.792251484848486,
    "min_rate": 4.1535,
    "max_rate": 10.0105,
    "std_rate": 1.3105830538676375,
    "avg_interference": 0.07857575757575758,
    "max_interference": 0.08
  },
  "topology_evolution": {
    "avg_links": 102.89908256880734,
    "min_links": 99,
    "max_links": 105,
    "avg_connectivity": 0.979991471559633
  }
}