time,uav0_channel,uav0_power,uav0_rate,uav1_channel,uav1_power,uav1_rate,uav2_channel,uav2_power,uav2_rate,uav3_channel,uav3_power,uav3_rate,uav4_channel,uav4_power,uav4_rate,uav5_channel,uav5_power,uav5_rate,uav6_channel,uav6_power,uav6_rate,uav7_channel,uav7_power,uav7_rate,uav8_channel,uav8_power,uav8_rate,uav9_channel,uav9_power,uav9_rate,uav10_channel,uav10_power,uav10_rate,uav11_channel,uav11_power,uav11_rate,uav12_channel,uav12_power,uav12_rate,uav13_channel,uav13_power,uav13_rate,uav14_channel,uav14_power,uav14_rate
0.5,0,11.7055,10.1472,1,12.0781,9.96097,2,11.0964,10.4518,0,11.1617,10.4192,0,11.4437,10.2782,0,11.7969,10.1016,0,11.2085,10.3958,0,11.1295,10.4352,0,13.5655,9.21727,0,11.159,10.4205,0,11.1515,10.4242,0,13.6132,9.19338,0,11.1225,10.4388,0,11.1262,10.4369,0,11.165,10.4175
5.5,0,11.7009,10.1495,1,12.0826,9.95868,2,11.0958,10.4521,0,11.1615,10.4193,0,11.4394,10.2803,0,11.8006,10.0997,0,11.212,10.394,0,11.127,10.4365,0,13.5658,9.21708,0,11.164,10.418,0,11.1425,10.4287,0,13.6179,9.19103,0,11.1202,10.4399,0,11.1242,10.4379,0,11.1636,10.4182
10.5,0,11.5041,10.248,1,12.0743,9.96284,2,11.0804,10.4598,0,11.1485,10.4257,0,11.399,10.3005,0,11.8135,10.0932,0,11.2265,10.3867,0,11.0874,10.4563,0,13.5628,9.21862,0,11.1269,10.4365,0,11.0819,10.459,0,13.6409,9.17957,0,11.0857,10.4571,0,11.0936,10.4532,0,11.1235,10.4383
15.5,0,11.0275,10.4863,1,12.0105,9.99476,2,11.0376,10.4812,0,11.1135,10.4432,0,11.3931,10.3034,0,11.7857,10.1071,0,11.1708,10.4146,0,11.0364,10.4818,0,13.5742,9.2129,0,11.0836,10.4582,0,11.0364,10.4818,0,13.5979,9.20106,0,11.0531,10.4734,0,11.0626,10.4687,0,11.0774,10.4613
