time,node_id,channel,tx_power,data_rate,neighbors,interference_dBm,worst_sinr_dB
0.1,0,0,23,6,8,-80.6825,-20.4284
0.1,1,2,23,6,9,-81.0394,-20.8503
0.1,2,1,23,6,9,-81.0394,-20.8503
0.1,3,0,23,6,10,-80.1297,-24.7553
0.1,4,2,23,6,10,-80.1297,-24.7553
0.1,5,1,23,6,10,-80.1431,-24.0182
0.1,6,0,23,6,10,-80.1431,-24.0182
0.1,7,2,23,6,9,-80.6257,-24.982
0.1,8,1,23,6,9,-80.6257,-24.982
0.1,9,0,23,6,6,-81.5018,-21.4235
0.1,10,2,23,6,6,-81.5018,-21.4235
0.1,11,1,23,6,5,-82.0155,-20.7845
0.1,12,0,23,6,5,-82.0155,-20.7845
0.1,13,2,23,6,4,-82.3243,-20.6086
0.1,14,1,23,6,4,-82.3243,-20.6086
0.2,0,0,23,6,8,-80.6824,-20.4284
0.2,1,2,23,6,9,-81.0393,-20.8503
0.2,2,1,23,6,9,-81.0393,-20.8503
0.2,3,0,23,6,10,-80.1296,-24.7554
0.2,4,2,23,6,10,-80.1296,-24.7554
0.2,5,1,23,6,10,-80.143,-24.0186
0.2,6,0,23,6,10,-80.143,-24.0186
0.2,7,2,23,6,9,-80.6256,-24.9821
0.2,8,1,23,6,9,-80.6256,-24.9821
0.2,9,0,23,6,6,-81.5017,-21.4235
0.2,10,2,23,6,6,-81.5017,-21.4235
0.2,11,1,23,6,5,-82.0153,-20.7836
0.2,12,0,23,6,5,-82.0153,-20.7836
0.2,13,2,23,6,4,-82.3241,-20.6093
0.2,14,1,23,6,4,-82.3241,-20.6093
0.3,0,0,23,6,8,-80.6821,-20.4274
0.3,1,2,23,6,9,-81.0392,-20.8493
0.3,2,1,23,6,9,-81.0392,-20.8493
0.3,3,0,23,6,10,-80.1295,-24.7551
0.3,4,2,23,6,10,-80.1295,-24.7551
0.3,5,1,23,6,10,-80.1428,-24.0186
0.3,6,0,23,6,10,-80.1428,-24.0186
0.3,7,2,23,6,9,-80.6253,-24.9819
0.3,8,1,23,6,9,-80.6253,-24.9819
0.3,9,0,23,6,6,-81.5015,-21.4235
0.3,10,2,23,6,6,-81.5015,-21.4235
0.3,11,1,23,6,5,-82.0153,-20.7845
0.3,12,0,23,6,5,-82.0153,-20.7845
0.3,13,2,23,6,4,-82.3241,-20.6086
0.3,14,1,23,6,4,-82.3241,-20.6086
0.4,0,0,23,6,8,-80.6821,-20.4284
0.4,1,2,23,6,9,-81.039,-20.8503
0.4,2,1,23,6,9,-81.039,-20.8503
0.4,3,0,23,6,10,-80.1294,-24.7554
0.4,4,2,23,6,10,-80.1294,-24.7554
0.4,5,1,23,6,10,-80.1427,-24.0186
0.4,6,0,23,6,10,-80.1427,-24.0186
0.4,7,2,23,6,9,-80.6253,-24.9821
0.4,8,1,23,6,9,-80.6253,-24.9821
0.4,9,0,23,6,6,-81.5014,-21.4235
0.4,10,2,23,6,6,-81.5014,-21.4235
0.4,11,1,23,6,5,-82.015,-20.7836
0.4,12,0,23,6,5,-82.015,-20.7836
0.4,13,2,23,6,4,-82.3239,-20.6093
0.4,14,1,23,6,4,-82.3239,-20.6093
0.5,0,0,23,6,8,-80.6819,-20.4284
0.5,1,2,23,6,9,-81.0389,-20.8503
0.5,2,1,23,6,9,-81.0389,-20.8503
0.5,3,0,23,6,10,-80.1292,-24.7554
0.5,4,2,23,6,10,-80.1292,-24.7554
0.5,5,1,23,6,10,-80.1425,-24.0186
0.5,6,0,23,6,10,-80.1425,-24.0186
0.5,7,2,23,6,9,-80.6251,-24.9821
0.5,8,1,23,6,9,-80.6251,-24.9821
0.5,9,0,23,6,6,-81.5012,-21.4235
0.5,10,2,23,6,6,-81.5012,-21.4235
0.5,11,1,23,6,5,-82.0149,-20.7836
0.5,12,0,23,6,5,-82.0149,-20.7836
0.5,13,2,23,6,4,-82.3237,-20.6093
0.5,14,1,23,6,4,-82.3237,-20.6093
0.6,0,0,23,6,8,-80.6817,-20.4284
0.6,1,2,23,6,9,-81.0387,-20.8503
0.6,2,1,23,6,9,-81.0387,-20.8503
0.6,3,0,23,6,10,-80.129,-24.7553
0.6,4,2,23,6,10,-80.129,-24.7553
0.6,5,1,23,6,10,-80.1423,-24.0182
0.6,6,0,23,6,10,-80.1423,-24.0182
0.6,7,2,23,6,9,-80.6249,-24.982
0.6,8,1,23,6,9,-80.6249,-24.982
0.6,9,0,23,6,6,-81.501,-21.4235
0.6,10,2,23,6,6,-81.501,-21.4235
0.6,11,1,23,6,5,-82.0147,-20.7845
0.6,12,0,23,6,5,-82.0147,-20.7845
0.6,13,2,23,6,4,-82.3235,-20.6086
0.6,14,1,23,6,4,-82.3235,-20.6086
0.7,0,0,23,6,8,-80.6814,-20.4274
0.7,1,2,23,6,9,-81.0384,-20.8493
0.7,2,1,23,6,9,-81.0384,-20.8493
0.7,3,0,23,6,10,-80.1287,-24.7551
0.7,4,2,23,6,10,-80.1287,-24.7551
0.7,5,1,23,6,10,-80.142,-24.0186
0.7,6,0,23,6,10,-80.142,-24.0186
0.7,7,2,23,6,9,-80.6245,-24.9815
0.7,8,1,23,6,9,-80.6245,-24.9815
0.7,9,0,23,6,6,-81.5008,-21.4245
0.7,10,2,23,6,6,-81.5008,-21.4245
0.7,11,1,23,6,5,-82.0144,-20.7836
0.7,12,0,23,6,5,-82.0144,-20.7836
0.7,13,2,23,6,4,-82.3233,-20.6085
0.7,14,1,23,6,4,-82.3233,-20.6085
0.8,0,0,23,6,8,-80.681,-20.4274
0.8,1,2,23,6,9,-81.0381,-20.8493
0.8,2,1,23,6,9,-81.0381,-20.8493
0.8,3,0,23,6,10,-80.1283,-24.7547
0.8,4,2,23,6,10,-80.1283,-24.7547
0.8,5,1,23,6,10,-80.1416,-24.0183
0.8,6,0,23,6,10,-80.1416,-24.0183
0.8,7,2,23,6,9,-80.6241,-24.9819
0.8,8,1,23,6,9,-80.6241,-24.9819
0.8,9,0,23,6,6,-81.5005,-21.4245
0.8,10,2,23,6,6,-81.5005,-21.4245
0.8,11,1,23,6,5,-82.014,-20.7836
0.8,12,0,23,6,5,-82.014,-20.7836
0.8,13,2,23,6,4,-82.323,-20.6095
0.8,14,1,23,6,4,-82.323,-20.6095
0.9,0,0,23,6,8,-80.6807,-20.4274
0.9,1,2,23,6,9,-81.0377,-20.8493
0.9,2,1,23,6,9,-81.0377,-20.8493
0.9,3,0,23,6,10,-80.1281,-24.7551
0.9,4,2,23,6,10,-80.1281,-24.7551
0.9,5,1,23,6,10,-80.1414,-24.0186
0.9,6,0,23,6,10,-80.1414,-24.0186
0.9,7,2,23,6,9,-80.6239,-24.9819
0.9,8,1,23,6,9,-80.6239,-24.9819
0.9,9,0,23,6,6,-81.5001,-21.4235
0.9,10,2,23,6,6,-81.5001,-21.4235
0.9,11,1,23,6,5,-82.0137,-20.7843
0.9,12,0,23,6,5,-82.0137,-20.7843
0.9,13,2,23,6,4,-82.3227,-20.6086
0.9,14,1,23,6,4,-82.3227,-20.6086
1,0,0,23,6,8,-80.6803,-20.4274
1,1,2,23,6,9,-81.0374,-20.8493
1,2,1,23,6,9,-81.0374,-20.8493
1,3,0,23,6,10,-80.1277,-24.7551
1,4,2,23,6,10,-80.1277,-24.7551
1,5,1,23,6,10,-80.141,-24.0186
1,6,0,23,6,10,-80.141,-24.0186
1,7,2,23,6,9,-80.6235,-24.9815
1,8,1,23,6,9,-80.6235,-24.9815
1,9,0,23,6,6,-81.4998,-21.4245
1,10,2,23,6,6,-81.4998,-21.4245
1,11,1,23,6,5,-82.0134,-20.7836
1,12,0,23,6,5,-82.0134,-20.7836
1,13,2,23,6,4,-82.3223,-20.6085
1,14,1,23,6,4,-82.3223,-20.6085
1.1,0,0,23,6,8,-80.6799,-20.4282
1.1,1,2,23,6,9,-81.0369,-20.85
1.1,2,1,23,6,9,-81.0369,-20.85
1.1,3,0,23,6,10,-80.1272,-24.7551
1.1,4,2,23,6,10,-80.1272,-24.7551
1.1,5,1,23,6,10,-80.1406,-24.0183
1.1,6,0,23,6,10,-80.1406,-24.0183
1.1,7,2,23,6,9,-80.6231,-24.9819
1.1,8,1,23,6,9,-80.6231,-24.9819
1.1,9,0,23,6,6,-81.4993,-21.4243
1.1,10,2,23,6,6,-81.4993,-21.4243
1.1,11,1,23,6,5,-82.013,-20.7836
1.1,12,0,23,6,5,-82.013,-20.7836
1.1,13,2,23,6,4,-82.322,-20.6095
1.1,14,1,23,6,4,-82.322,-20.6095
1.2,0,0,23,6,8,-80.6795,-20.4282
1.2,1,2,23,6,9,-81.0366,-20.85
1.2,2,1,23,6,9,-81.0366,-20.85
1.2,3,0,23,6,10,-80.1268,-24.7551
1.2,4,2,23,6,10,-80.1268,-24.7551
1.2,5,1,23,6,10,-80.1402,-24.0183
1.2,6,0,23,6,10,-80.1402,-24.0183
1.2,7,2,23,6,9,-80.6227,-24.9819
1.2,8,1,23,6,9,-80.6227,-24.9819
1.2,9,0,23,6,6,-81.4989,-21.4243
1.2,10,2,23,6,6,-81.4989,-21.4243
1.2,11,1,23,6,5,-82.0126,-20.7836
1.2,12,0,23,6,5,-82.0126,-20.7836
1.2,13,2,23,6,4,-82.3216,-20.6095
1.2,14,1,23,6,4,-82.3216,-20.6095
1.3,0,0,23,6,8,-80.6791,-20.4282
1.3,1,2,23,6,9,-81.0361,-20.85
1.3,2,1,23,6,9,-81.0361,-20.85
1.3,3,0,23,6,10,-80.1264,-24.7551
1.3,4,2,23,6,10,-80.1264,-24.7551
1.3,5,1,23,6,10,-80.1397,-24.0183
1.3,6,0,23,6,10,-80.1397,-24.0183
1.3,7,2,23,6,9,-80.6222,-24.9819
1.3,8,1,23,6,9,-80.6222,-24.9819
1.3,9,0,23,6,6,-81.4984,-21.4243
1.3,10,2,23,6,6,-81.4984,-21.4243
1.3,11,1,23,6,5,-82.0121,-20.7836
1.3,12,0,23,6,5,-82.0121,-20.7836
1.3,13,2,23,6,4,-82.3211,-20.6095
1.3,14,1,23,6,4,-82.3211,-20.6095
1.4,0,0,23,6,8,-80.6788,-20.4284
1.4,1,2,23,6,9,-81.0357,-20.8503
1.4,2,1,23,6,9,-81.0357,-20.8503
1.4,3,0,23,6,10,-80.126,-24.7553
1.4,4,2,23,6,10,-80.126,-24.7553
1.4,5,1,23,6,10,-80.1394,-24.0186
1.4,6,0,23,6,10,-80.1394,-24.0186
1.4,7,2,23,6,9,-80.622,-24.9821
1.4,8,1,23,6,9,-80.622,-24.9821
1.4,9,0,23,6,6,-81.498,-21.4235
1.4,10,2,23,6,6,-81.498,-21.4235
1.4,11,1,23,6,5,-82.0117,-20.7836
1.4,12,0,23,6,5,-82.0117,-20.7836
1.4,13,2,23,6,4,-82.3205,-20.6093
1.4,14,1,23,6,4,-82.3205,-20.6093
1.5,0,0,23,6,8,-80.6781,-20.4274
1.5,1,2,23,6,9,-81.0352,-20.8493
1.5,2,1,23,6,9,-81.0352,-20.8493
1.5,3,0,23,6,10,-80.1254,-24.7551
1.5,4,2,23,6,10,-80.1254,-24.7551
1.5,5,1,23,6,10,-80.1388,-24.0186
1.5,6,0,23,6,10,-80.1388,-24.0186
1.5,7,2,23,6,9,-80.6213,-24.9815
1.5,8,1,23,6,9,-80.6213,-24.9815
1.5,9,0,23,6,6,-81.4976,-21.4245
1.5,10,2,23,6,6,-81.4976,-21.4245
1.5,11,1,23,6,5,-82.0111,-20.7836
1.5,12,0,23,6,5,-82.0111,-20.7836
1.5,13,2,23,6,4,-82.3201,-20.6085
1.5,14,1,23,6,4,-82.3201,-20.6085
1.6,0,0,23,6,8,-80.6776,-20.4274
1.6,1,2,23,6,9,-81.0347,-20.8493
1.6,2,1,23,6,9,-81.0347,-20.8493
1.6,3,0,23,6,10,-80.1249,-24.7551
1.6,4,2,23,6,10,-80.1249,-24.7551
1.6,5,1,23,6,10,-80.1383,-24.0186
1.6,6,0,23,6,10,-80.1383,-24.0186
1.6,7,2,23,6,9,-80.6208,-24.9815
1.6,8,1,23,6,9,-80.6208,-24.9815
1.6,9,0,23,6,6,-81.4971,-21.4245
1.6,10,2,23,6,6,-81.4971,-21.4245
1.6,11,1,23,6,5,-82.0106,-20.7836
1.6,12,0,23,6,5,-82.0106,-20.7836
1.6,13,2,23,6,4,-82.3196,-20.6085
1.6,14,1,23,6,4,-82.3196,-20.6085
1.7,0,0,23,6,8,-80.677,-20.4282
1.7,1,2,23,6,9,-81.0341,-20.85
1.7,2,1,23,6,9,-81.0341,-20.85
1.7,3,0,23,6,10,-80.1243,-24.7551
1.7,4,2,23,6,10,-80.1243,-24.7551
1.7,5,1,23,6,10,-80.1377,-24.0183
1.7,6,0,23,6,10,-80.1377,-24.0183
1.7,7,2,23,6,9,-80.6202,-24.9819
1.7,8,1,23,6,9,-80.6202,-24.9819
1.7,9,0,23,6,6,-81.4964,-21.4243
1.7,10,2,23,6,6,-81.4964,-21.4243
1.7,11,1,23,6,5,-82.0101,-20.7836
1.7,12,0,23,6,5,-82.0101,-20.7836
1.7,13,2,23,6,4,-82.3191,-20.6095
1.7,14,1,23,6,4,-82.3191,-20.6095
1.8,0,0,23,6,8,-80.6765,-20.4274
1.8,1,2,23,6,9,-81.0335,-20.8493
1.8,2,1,23,6,9,-81.0335,-20.8493
1.8,3,0,23,6,10,-80.1239,-24.7551
1.8,4,2,23,6,10,-80.1239,-24.7551
1.8,5,1,23,6,10,-80.1372,-24.0186
1.8,6,0,23,6,10,-80.1372,-24.0186
1.8,7,2,23,6,9,-80.6197,-24.9818
1.8,8,1,23,6,9,-80.6197,-24.9818
1.8,9,0,23,6,6,-81.4959,-21.4235
1.8,10,2,23,6,6,-81.4959,-21.4235
1.8,11,1,23,6,5,-82.0097,-20.7845
1.8,12,0,23,6,5,-82.0097,-20.7845
1.8,13,2,23,6,4,-82.3184,-20.6085
1.8,14,1,23,6,4,-82.3184,-20.6085
1.9,0,0,23,6,8,-80.6759,-20.4274
1.9,1,2,23,6,9,-81.033,-20.8493
1.9,2,1,23,6,9,-81.033,-20.8493
1.9,3,0,23,6,10,-80.1232,-24.7551
1.9,4,2,23,6,10,-80.1232,-24.7551
1.9,5,1,23,6,10,-80.1366,-24.0186
1.9,6,0,23,6,10,-80.1366,-24.0186
1.9,7,2,23,6,9,-80.619,-24.9815
1.9,8,1,23,6,9,-80.619,-24.9815
1.9,9,0,23,6,6,-81.4954,-21.4245
1.9,10,2,23,6,6,-81.4954,-21.4245
1.9,11,1,23,6,5,-82.0089,-20.7836
1.9,12,0,23,6,5,-82.0089,-20.7836
1.9,13,2,23,6,4,-82.3178,-20.6085
1.9,14,1,23,6,4,-82.3178,-20.6085
2,0,0,23,6,8,-80.6753,-20.4274
2,1,2,23,6,9,-81.0324,-20.8493
2,2,1,23,6,9,-81.0324,-20.8493
2,3,0,23,6,10,-80.1226,-24.7551
2,4,2,23,6,10,-80.1226,-24.7551
2,5,1,23,6,10,-80.136,-24.0186
2,6,0,23,6,10,-80.136,-24.0186
2,7,2,23,6,9,-80.6184,-24.9815
2,8,1,23,6,9,-80.6184,-24.9815
2,9,0,23,6,6,-81.4948,-21.4245
2,10,2,23,6,6,-81.4948,-21.4245
2,11,1,23,6,5,-82.0083,-20.7836
2,12,0,23,6,5,-82.0083,-20.7836
2,13,2,23,6,4,-82.3172,-20.6085
2,14,1,23,6,4,-82.3172,-20.6085
2.1,0,0,23,6,8,-80.6748,-20.4284
2.1,1,2,23,6,9,-81.0318,-20.8503
2.1,2,1,23,6,9,-81.0318,-20.8503
2.1,3,0,23,6,10,-80.1221,-24.7553
2.1,4,2,23,6,10,-80.1221,-24.7553
2.1,5,1,23,6,10,-80.1354,-24.0186
2.1,6,0,23,6,10,-80.1354,-24.0186
2.1,7,2,23,6,9,-80.618,-24.9821
2.1,8,1,23,6,9,-80.618,-24.9821
2.1,9,0,23,6,6,-81.4941,-21.4235
2.1,10,2,23,6,6,-81.4941,-21.4235
2.1,11,1,23,6,5,-82.0078,-20.7836
2.1,12,0,23,6,5,-82.0078,-20.7836
2.1,13,2,23,6,4,-82.3166,-20.6093
2.1,14,1,23,6,4,-82.3166,-20.6093
2.2,0,0,23,6,8,-80.6741,-20.4274
2.2,1,2,23,6,9,-81.0311,-20.8493
2.2,2,1,23,6,9,-81.0311,-20.8493
2.2,3,0,23,6,10,-80.1214,-24.7551
2.2,4,2,23,6,10,-80.1214,-24.7551
2.2,5,1,23,6,10,-80.1348,-24.0186
2.2,6,0,23,6,10,-80.1348,-24.0186
2.2,7,2,23,6,9,-80.6172,-24.9818
2.2,8,1,23,6,9,-80.6172,-24.9818
2.2,9,0,23,6,6,-81.4935,-21.4235
2.2,10,2,23,6,6,-81.4935,-21.4235
2.2,11,1,23,6,5,-82.0071,-20.7843
2.2,12,0,23,6,5,-82.0071,-20.7843
2.2,13,2,23,6,4,-82.316,-20.6085
2.2,14,1,23,6,4,-82.316,-20.6085
2.3,0,0,23,6,8,-80.6734,-20.4274
2.3,1,2,23,6,9,-81.0305,-20.8493
2.3,2,1,23,6,9,-81.0305,-20.8493
2.3,3,0,23,6,10,-80.1206,-24.7547
2.3,4,2,23,6,10,-80.1206,-24.7547
2.3,5,1,23,6,10,-80.134,-24.0183
2.3,6,0,23,6,10,-80.134,-24.0183
2.3,7,2,23,6,9,-80.6165,-24.9818
2.3,8,1,23,6,9,-80.6165,-24.9818
2.3,9,0,23,6,6,-81.4929,-21.4245
2.3,10,2,23,6,6,-81.4929,-21.4245
2.3,11,1,23,6,5,-82.0064,-20.7836
2.3,12,0,23,6,5,-82.0064,-20.7836
2.3,13,2,23,6,4,-82.3154,-20.6095
2.3,14,1,23,6,4,-82.3154,-20.6095
2.4,0,0,23,6,8,-80.6218,-20.4274
2.4,1,2,23,6,9,-81.0298,-20.8493
2.4,2,1,23,6,9,-81.0298,-20.8493
2.4,3,0,23,6,10,-80.1201,-24.7551
2.4,4,2,23,6,10,-80.1201,-24.7551
2.4,5,1,23,6,10,-80.1334,-24.0186
2.4,6,0,23,6,10,-80.1334,-24.0186
2.4,7,2,23,6,9,-80.6159,-24.9818
2.4,8,1,23,6,9,-80.6159,-24.9818
2.4,9,0,23,6,6,-81.4921,-21.4235
2.4,10,2,23,6,6,-81.4921,-21.4235
2.4,11,1,23,6,5,-82.0059,-20.7845
2.4,12,0,23,6,5,-82.0059,-20.7845
2.4,13,2,23,6,4,-82.3147,-20.6085
2.4,14,1,23,6,4,-82.3147,-20.6085
2.5,0,0,23,6,8,-80.6206,-20.4284
2.5,1,2,23,6,9,-81.0291,-20.8503
2.5,2,1,23,6,9,-81.0291,-20.8503
2.5,3,0,23,6,10,-80.1195,-24.7553
2.5,4,2,23,6,10,-80.1195,-24.7553
2.5,5,1,23,6,10,-80.1328,-24.0186
2.5,6,0,23,6,10,-80.1328,-24.0186
2.5,7,2,23,6,9,-80.6154,-24.9821
2.5,8,1,23,6,9,-80.6154,-24.9821
2.5,9,0,23,6,6,-81.4915,-21.4235
2.5,10,2,23,6,6,-81.4915,-21.4235
2.5,11,1,23,6,5,-82.0051,-20.7836
2.5,12,0,23,6,5,-82.0051,-20.7836
2.5,13,2,23,6,4,-82.314,-20.6093
2.5,14,1,23,6,4,-82.314,-20.6093
2.6,0,0,23,6,8,-80.6192,-20.4274
2.6,1,2,23,6,9,-81.0285,-20.8493
2.6,2,1,23,6,9,-81.0285,-20.8493
2.6,3,0,23,6,10,-80.1187,-24.7551
2.6,4,2,23,6,10,-80.1187,-24.7551
2.6,5,1,23,6,10,-80.1321,-24.0186
2.6,6,0,23,6,10,-80.1321,-24.0186
2.6,7,2,23,6,9,-80.6145,-24.9815
2.6,8,1,23,6,9,-80.6145,-24.9815
2.6,9,0,23,6,6,-81.4909,-21.4245
2.6,10,2,23,6,6,-81.4909,-21.4245
2.6,11,1,23,6,5,-82.0044,-20.7836
2.6,12,0,23,6,5,-82.0044,-20.7836
2.6,13,2,23,6,4,-82.3133,-20.6085
2.6,14,1,23,6,4,-82.3133,-20.6085
2.7,0,0,23,6,8,-80.618,-20.4274
2.7,1,2,23,6,9,-81.0278,-20.8493
2.7,2,1,23,6,9,-81.0278,-20.8493
2.7,3,0,23,6,10,-80.118,-24.7547
2.7,4,2,23,6,10,-80.118,-24.7547
2.7,5,1,23,6,10,-80.1313,-24.0183
2.7,6,0,23,6,10,-80.1313,-24.0183
2.7,7,2,23,6,9,-80.6138,-24.9818
2.7,8,1,23,6,9,-80.6138,-24.9818
2.7,9,0,23,6,6,-81.4902,-21.4245
2.7,10,2,23,6,6,-81.4902,-21.4245
2.7,11,1,23,6,5,-82.0037,-20.7836
2.7,12,0,23,6,5,-82.0037,-20.7836
2.7,13,2,23,6,4,-82.3127,-20.6095
2.7,14,1,23,6,4,-82.3127,-20.6095
2.8,0,0,23,6,8,-80.6167,-20.4274
2.8,1,2,23,6,9,-81.0271,-20.8493
2.8,2,1,23,6,9,-81.0271,-20.8493
2.8,3,0,23,6,10,-80.1174,-24.7551
2.8,4,2,23,6,10,-80.1174,-24.7551
2.8,5,1,23,6,10,-80.1308,-24.0186
2.8,6,0,23,6,10,-80.1308,-24.0186
2.8,7,2,23,6,9,-80.6132,-24.9818
2.8,8,1,23,6,9,-80.6132,-24.9818
2.8,9,0,23,6,6,-81.4895,-21.4235
2.8,10,2,23,6,6,-81.4895,-21.4235
2.8,11,1,23,6,5,-82.0032,-20.7845
2.8,12,0,23,6,5,-82.0032,-20.7845
2.8,13,2,23,6,4,-82.312,-20.6085
2.8,14,1,23,6,4,-82.312,-20.6085
2.9,0,0,23,6,8,-80.6153,-20.4281
2.9,1,2,23,6,9,-81.0263,-20.85
2.9,2,1,23,6,9,-81.0263,-20.85
2.9,3,0,23,6,10,-80.1166,-24.7551
2.9,4,2,23,6,10,-80.1166,-24.7551
2.9,5,1,23,6,10,-80.1299,-24.0183
2.9,6,0,23,6,10,-80.1299,-24.0183
2.9,7,2,23,6,9,-80.6124,-24.9818
2.9,8,1,23,6,9,-80.6124,-24.9818
2.9,9,0,23,6,6,-81.4886,-21.4243
2.9,10,2,23,6,6,-81.4886,-21.4243
2.9,11,1,23,6,5,-82.0023,-20.7836
2.9,12,0,23,6,5,-82.0023,-20.7836
2.9,13,2,23,6,4,-82.3114,-20.6095
2.9,14,1,23,6,4,-82.3114,-20.6095
3,0,0,23,6,8,-80.614,-20.4274
3,1,2,23,6,9,-81.0257,-20.8492
3,2,1,23,6,9,-81.0257,-20.8492
3,3,0,23,6,10,-80.116,-24.7551
3,4,2,23,6,10,-80.116,-24.7551
3,5,1,23,6,10,-80.1294,-24.0186
3,6,0,23,6,10,-80.1294,-24.0186
3,7,2,23,6,9,-80.6118,-24.9815
3,8,1,23,6,9,-80.6118,-24.9815
3,9,0,23,6,6,-81.4881,-21.4245
3,10,2,23,6,6,-81.4881,-21.4245
3,11,1,23,6,5,-82.0017,-20.7836
3,12,0,23,6,5,-82.0017,-20.7836
3,13,2,23,6,4,-82.3106,-20.6085
3,14,1,23,6,4,-82.3106,-20.6085
3.1,0,0,23,6,8,-80.6127,-20.4274
3.1,1,2,23,6,9,-81.025,-20.8493
3.1,2,1,23,6,9,-81.025,-20.8493
3.1,3,0,23,6,10,-80.1153,-24.7551
3.1,4,2,23,6,10,-80.1153,-24.7551
3.1,5,1,23,6,10,-80.1287,-24.0186
3.1,6,0,23,6,10,-80.1287,-24.0186
3.1,7,2,23,6,9,-80.6111,-24.9818
3.1,8,1,23,6,9,-80.6111,-24.9818
3.1,9,0,23,6,6,-81.4874,-21.4235
3.1,10,2,23,6,6,-81.4874,-21.4235
3.1,11,1,23,6,5,-82.001,-20.7843
3.1,12,0,23,6,5,-82.001,-20.7843
3.1,13,2,23,6,4,-82.3099,-20.6085
3.1,14,1,23,6,4,-82.3099,-20.6085
3.2,0,0,23,6,8,-80.6113,-20.4274
3.2,1,2,23,6,9,-81.0243,-20.8493
3.2,2,1,23,6,9,-81.0243,-20.8493
3.2,3,0,23,6,10,-80.1146,-24.7551
3.2,4,2,23,6,10,-80.1146,-24.7551
3.2,5,1,23,6,10,-80.128,-24.0186
3.2,6,0,23,6,10,-80.128,-24.0186
3.2,7,2,23,6,9,-80.6104,-24.9818
3.2,8,1,23,6,9,-80.6104,-24.9818
3.2,9,0,23,6,6,-81.4867,-21.4235
3.2,10,2,23,6,6,-81.4867,-21.4235
3.2,11,1,23,6,5,-82.0004,-20.7845
3.2,12,0,23,6,5,-82.0004,-20.7845
3.2,13,2,23,6,4,-82.3092,-20.6085
3.2,14,1,23,6,4,-82.3092,-20.6085
3.3,0,0,23,6,8,-80.61,-20.4274
3.3,1,2,23,6,9,-80.9689,-20.8493
3.3,2,1,23,6,9,-81.0236,-20.8493
3.3,3,0,23,6,10,-80.114,-24.7551
3.3,4,2,23,6,10,-80.114,-24.7551
3.3,5,1,23,6,10,-80.1273,-24.0186
3.3,6,0,23,6,10,-80.1273,-24.0186
3.3,7,2,23,6,9,-80.6098,-24.9818
3.3,8,1,23,6,9,-80.6098,-24.9818
3.3,9,0,23,6,6,-81.486,-21.4249
3.3,10,2,23,6,6,-81.486,-21.4235
3.3,11,1,23,6,5,-81.9998,-20.7845
3.3,12,0,23,6,5,-81.9998,-20.7845
3.3,13,2,23,6,4,-82.3085,-20.6085
3.3,14,1,23,6,4,-82.3085,-20.6085
3.4,0,0,23,6,8,-80.6086,-20.4274
3.4,1,2,23,6,9,-80.9676,-20.8492
3.4,2,1,23,6,9,-81.023,-20.8492
3.4,3,0,23,6,10,-80.1133,-24.7551
3.4,4,2,23,6,10,-80.1133,-24.7551
3.4,5,1,23,6,10,-80.1266,-24.0186
3.4,6,0,23,6,10,-80.1266,-24.0186
3.4,7,2,23,6,9,-80.6091,-24.9815
3.4,8,1,23,6,9,-80.6091,-24.9815
3.4,9,0,23,6,6,-81.4854,-21.4259
3.4,10,2,23,6,6,-81.4854,-21.4245
3.4,11,1,23,6,5,-81.999,-20.7836
3.4,12,0,23,6,5,-81.999,-20.7836
3.4,13,2,23,6,4,-82.3079,-20.6085
3.4,14,1,23,6,4,-82.3079,-20.6085
3.5,0,0,23,6,8,-80.6073,-20.4274
3.5,1,2,23,6,9,-80.9663,-20.8493
3.5,2,1,23,6,9,-81.0223,-20.8493
3.5,3,0,23,6,10,-80.1126,-24.7551
3.5,4,2,23,6,10,-80.1126,-24.7551
3.5,5,1,23,6,10,-80.126,-24.0186
3.5,6,0,23,6,10,-80.126,-24.0186
3.5,7,2,23,6,9,-80.6084,-24.9818
3.5,8,1,23,6,9,-80.6084,-24.9818
3.5,9,0,23,6,6,-81.4847,-21.4249
3.5,10,2,23,6,6,-81.4847,-21.4235
3.5,11,1,23,6,5,-81.9983,-20.7843
3.5,12,0,23,6,5,-81.9983,-20.7843
3.5,13,2,23,6,4,-82.3072,-20.6085
3.5,14,1,23,6,4,-82.3072,-20.6085
3.6,0,0,23,6,8,-80.606,-20.4274
3.6,1,2,23,6,9,-80.965,-20.8493
3.6,2,1,23,6,9,-81.0216,-20.8493
3.6,3,0,23,6,10,-80.112,-24.7551
3.6,4,2,23,6,10,-80.112,-24.7551
3.6,5,1,23,6,10,-80.1253,-24.0186
3.6,6,0,23,6,10,-80.1253,-24.0186
3.6,7,2,23,6,9,-80.6078,-24.9818
3.6,8,1,23,6,9,-80.6078,-24.9818
3.6,9,0,23,6,6,-81.484,-21.4249
3.6,10,2,23,6,6,-81.484,-21.4235
3.6,11,1,23,6,5,-81.9978,-20.7845
3.6,12,0,23,6,5,-81.9978,-20.7845
3.6,13,2,23,6,4,-82.3065,-20.6085
3.6,14,1,23,6,4,-82.3065,-20.6085
3.7,0,0,23,6,8,-80.6046,-20.4274
3.7,1,2,23,6,9,-80.9637,-20.8493
3.7,2,1,23,6,9,-80.966,-20.8493
3.7,3,0,23,6,10,-80.1113,-24.7551
3.7,4,2,23,6,10,-80.1113,-24.7551
3.7,5,1,23,6,10,-80.1246,-24.0186
3.7,6,0,23,6,10,-80.1246,-24.0186
3.7,7,2,23,6,9,-80.6071,-24.9818
3.7,8,1,23,6,9,-80.6071,-24.9818
3.7,9,0,23,6,6,-81.4833,-21.4249
3.7,10,2,23,6,6,-81.4833,-21.4249
3.7,11,1,23,6,5,-81.9969,-20.7843
3.7,12,0,23,6,5,-81.9969,-20.7843
3.7,13,2,23,6,4,-82.3059,-20.6085
3.7,14,1,23,6,4,-82.3059,-20.6085
3.8,0,0,23,6,8,-80.6033,-20.4274
3.8,1,2,23,6,9,-80.9624,-20.8493
3.8,2,1,23,6,9,-80.9648,-20.8493
3.8,3,0,23,6,10,-80.1107,-24.7551
3.8,4,2,23,6,10,-80.1107,-24.7551
3.8,5,1,23,6,10,-80.124,-24.0186
3.8,6,0,23,6,10,-80.124,-24.0186
3.8,7,2,23,6,9,-80.6065,-24.9818
3.8,8,1,23,6,9,-80.6065,-24.9818
3.8,9,0,23,6,6,-81.4827,-21.425
3.8,10,2,23,6,6,-81.4827,-21.4249
3.8,11,1,23,6,5,-81.9965,-20.7845
3.8,12,0,23,6,5,-81.9965,-20.7845
3.8,13,2,23,6,4,-82.3053,-20.6085
3.8,14,1,23,6,4,-82.3053,-20.6085
3.9,0,0,23,6,8,-80.6019,-20.4274
3.9,1,2,23,6,9,-80.9612,-20.8492
3.9,2,1,23,6,9,-80.9635,-20.8492
3.9,3,0,23,6,10,-80.11,-24.7551
3.9,4,2,23,6,10,-80.11,-24.7551
3.9,5,1,23,6,10,-80.1233,-24.0186
3.9,6,0,23,6,10,-80.1233,-24.0186
3.9,7,2,23,6,9,-80.6058,-24.9815
3.9,8,1,23,6,9,-80.6058,-24.9815
3.9,9,0,23,6,6,-81.4821,-21.426
3.9,10,2,23,6,6,-81.4821,-21.4259
3.9,11,1,23,6,5,-81.9957,-20.7836
3.9,12,0,23,6,5,-81.9957,-20.7836
3.9,13,2,23,6,4,-82.3046,-20.6085
3.9,14,1,23,6,4,-82.3046,-20.6085
4,0,0,23,6,8,-80.6006,-20.4281
4,1,2,23,6,9,-80.9598,-20.85
4,2,1,23,6,9,-80.9622,-20.85
4,3,0,23,6,10,-80.1093,-24.7551
4,4,2,23,6,10,-80.1093,-24.7551
4,5,1,23,6,10,-80.1226,-24.0183
4,6,0,23,6,10,-80.1226,-24.0183
4,7,2,23,6,9,-80.6052,-24.9818
4,8,1,23,6,9,-80.6052,-24.9818
4,9,0,23,6,6,-81.4813,-21.4258
4,10,2,23,6,6,-81.4813,-21.4257
4,11,1,23,6,5,-81.9951,-20.7836
4,12,0,23,6,5,-81.9951,-20.7836
4,13,2,23,6,4,-82.3041,-20.6095
4,14,1,23,6,4,-82.3041,-20.6095
4.1,0,0,23,6,8,-80.5992,-20.4281
4.1,1,2,23,6,9,-80.9586,-20.85
4.1,2,1,23,6,9,-80.961,-20.85
4.1,3,0,23,6,10,-80.1087,-24.7551
4.1,4,2,23,6,10,-80.1087,-24.7551
4.1,5,1,23,6,10,-80.122,-24.0183
4.1,6,0,23,6,10,-80.122,-24.0183
4.1,7,2,23,6,9,-80.6045,-24.9818
4.1,8,1,23,6,9,-80.6045,-24.9818
4.1,9,0,23,6,6,-81.4807,-21.4258
4.1,10,2,23,6,6,-81.4807,-21.4257
4.1,11,1,23,6,5,-81.9945,-20.7836
4.1,12,0,23,6,5,-81.9945,-20.7836
4.1,13,2,23,6,4,-82.3035,-20.6095
4.1,14,1,23,6,4,-82.3035,-20.6095
4.2,0,0,23,6,8,-80.5979,-20.4274
4.2,1,2,23,6,9,-80.9572,-20.8493
4.2,2,1,23,6,9,-80.9597,-20.8493
4.2,3,0,23,6,10,-80.1081,-24.7551
4.2,4,2,23,6,10,-80.1081,-24.7551
4.2,5,1,23,6,10,-80.1215,-24.0186
4.2,6,0,23,6,10,-80.1215,-24.0186
4.2,7,2,23,6,9,-80.6039,-24.9818
4.2,8,1,23,6,9,-80.6039,-24.9818
4.2,9,0,23,6,6,-81.4802,-21.425
4.2,10,2,23,6,6,-81.4802,-21.425
4.2,11,1,23,6,5,-81.9938,-20.7843
4.2,12,0,23,6,5,-81.9938,-20.7843
4.2,13,2,23,6,4,-82.3027,-20.6085
4.2,14,1,23,6,4,-82.3027,-20.6085
4.3,0,0,23,6,8,-80.5966,-20.4274
4.3,1,2,23,6,9,-80.956,-20.8493
4.3,2,1,23,6,9,-80.9585,-20.8493
4.3,3,0,23,6,10,-80.1075,-24.7551
4.3,4,2,23,6,10,-80.1075,-24.7551
4.3,5,1,23,6,10,-80.1209,-24.0186
4.3,6,0,23,6,10,-80.1209,-24.0186
4.3,7,2,23,6,9,-80.6034,-24.9818
4.3,8,1,23,6,9,-80.6034,-24.9818
4.3,9,0,23,6,6,-81.4796,-21.425
4.3,10,2,23,6,6,-81.4796,-21.425
4.3,11,1,23,6,5,-81.9932,-20.7843
4.3,12,0,23,6,5,-81.9932,-20.7843
4.3,13,2,23,6,4,-82.3021,-20.6085
4.3,14,1,23,6,4,-82.3021,-20.6085
4.4,0,0,23,6,8,-80.5953,-20.4281
4.4,1,2,23,6,9,-80.9548,-20.85
4.4,2,1,23,6,9,-80.9573,-20.85
4.4,3,0,23,6,10,-80.0624,-24.7551
4.4,4,2,23,6,10,-80.1068,-24.7551
4.4,5,1,23,6,10,-80.1202,-24.0183
4.4,6,0,23,6,10,-80.1202,-24.0183
4.4,7,2,23,6,9,-80.6027,-24.9818
4.4,8,1,23,6,9,-80.6027,-24.9827
4.4,9,0,23,6,6,-81.4789,-21.4259
4.4,10,2,23,6,6,-81.4789,-21.4258
4.4,11,1,23,6,5,-81.9926,-20.7852
4.4,12,0,23,6,5,-81.9926,-20.7836
4.4,13,2,23,6,4,-82.3016,-20.6095
4.4,14,1,23,6,4,-82.3016,-20.6095
4.5,0,0,23,6,8,-80.594,-20.4274
4.5,1,2,23,6,9,-80.9536,-20.8492
4.5,2,1,23,6,9,-80.9561,-20.8492
4.5,3,0,23,6,10,-80.0615,-24.7551
4.5,4,2,23,6,10,-80.1063,-24.7551
4.5,5,1,23,6,10,-80.1197,-24.0186
4.5,6,0,23,6,10,-80.1197,-24.0186
4.5,7,2,23,6,9,-80.6021,-24.9815
4.5,8,1,23,6,9,-80.6021,-24.9824
4.5,9,0,23,6,6,-81.4785,-21.4261
4.5,10,2,23,6,6,-81.4785,-21.426
4.5,11,1,23,6,5,-81.992,-20.7852
4.5,12,0,23,6,5,-81.992,-20.7836
4.5,13,2,23,6,4,-82.3009,-20.6085
4.5,14,1,23,6,4,-82.3009,-20.6085
4.6,0,0,23,6,8,-80.5927,-20.4281
4.6,1,2,23,6,9,-80.9523,-20.85
4.6,2,1,23,6,9,-80.9548,-20.85
4.6,3,0,23,6,10,-80.0604,-24.7551
4.6,4,2,23,6,10,-80.1057,-24.7551
4.6,5,1,23,6,10,-80.119,-24.0183
4.6,6,0,23,6,10,-80.119,-24.0183
4.6,7,2,23,6,9,-80.6015,-24.9818
4.6,8,1,23,6,9,-80.6015,-24.9827
4.6,9,0,23,6,6,-81.4777,-21.4259
4.6,10,2,23,6,6,-81.4777,-21.4258
4.6,11,1,23,6,5,-81.9914,-20.7853
4.6,12,0,23,6,5,-81.9914,-20.7836
4.6,13,2,23,6,4,-82.3005,-20.6095
4.6,14,1,23,6,4,-82.3005,-20.6095
4.7,0,0,23,6,8,-80.5914,-20.4274
4.7,1,2,23,6,9,-80.9511,-20.8492
4.7,2,1,23,6,9,-80.9537,-20.8492
4.7,3,0,23,6,10,-80.0593,-24.7547
4.7,4,2,23,6,10,-80.1051,-24.7547
4.7,5,1,23,6,10,-80.1184,-24.0183
4.7,6,0,23,6,10,-80.1184,-24.0183
4.7,7,2,23,6,9,-80.6009,-24.9818
4.7,8,1,23,6,9,-80.6009,-24.9827
4.7,9,0,23,6,6,-81.4773,-21.4261
4.7,10,2,23,6,6,-81.4773,-21.426
4.7,11,1,23,6,5,-81.9908,-20.7853
4.7,12,0,23,6,5,-81.9908,-20.7836
4.7,13,2,23,6,4,-82.2998,-20.6095
4.7,14,1,23,6,4,-82.2998,-20.6095
4.8,0,0,23,6,8,-80.5901,-20.4274
4.8,1,2,23,6,9,-80.9498,-20.8492
4.8,2,1,23,6,9,-80.9524,-20.8492
4.8,3,0,23,6,10,-80.0584,-24.7551
4.8,4,2,23,6,10,-80.1046,-24.7551
4.8,5,1,23,6,10,-80.118,-24.0186
4.8,6,0,23,6,10,-80.118,-24.0186
4.8,7,2,23,6,9,-80.6004,-24.9818
4.8,8,1,23,6,9,-80.6004,-24.9828
4.8,9,0,23,6,6,-81.4767,-21.4251
4.8,10,2,23,6,6,-81.4767,-21.4251
4.8,11,1,23,6,5,-81.9904,-20.7862
4.8,12,0,23,6,5,-81.9904,-20.7845
4.8,13,2,23,6,4,-82.2992,-20.6085
4.8,14,1,23,6,4,-82.2992,-20.6085
4.9,0,0,23,6,8,-80.5889,-20.4283
4.9,1,2,23,6,9,-80.9486,-20.8502
4.9,2,1,23,6,9,-80.9513,-20.8502
4.9,3,0,23,6,10,-80.0574,-24.7553
4.9,4,2,23,6,10,-80.1041,-24.7553
4.9,5,1,23,6,10,-80.1175,-24.0186
4.9,6,0,23,6,10,-80.1175,-24.0186
4.9,7,2,23,6,9,-80.6,-24.9821
4.9,8,1,23,6,9,-80.6,-24.983
4.9,9,0,23,6,6,-81.4761,-21.4251
4.9,10,2,23,6,6,-81.4761,-21.4251
4.9,11,1,23,6,5,-81.9898,-20.7852
4.9,12,0,23,6,5,-81.9898,-20.7835
4.9,13,2,23,6,4,-82.2986,-20.6092
4.9,14,1,23,6,4,-82.2986,-20.6092
5,0,0,23,6,8,-80.5877,-20.4283
5,1,2,23,6,9,-80.9474,-20.8502
5,2,1,23,6,9,-80.9501,-20.8502
5,3,0,23,6,10,-80.0564,-24.7553
5,4,2,23,6,10,-80.1035,-24.7553
5,5,1,23,6,10,-80.1169,-24.0186
5,6,0,23,6,10,-80.1169,-24.0186
5,7,2,23,6,9,-80.5995,-24.9821
5,8,1,23,6,9,-80.5995,-24.983
5,9,0,23,6,6,-81.4756,-21.4251
5,10,2,23,6,6,-81.4756,-21.4251
5,11,1,23,6,5,-81.9892,-20.7852
5,12,0,23,6,5,-81.9892,-20.7835
5,13,2,23,6,4,-82.2981,-20.6092
5,14,1,23,6,4,-82.2981,-20.6092
5.1,0,0,23,6,8,-80.5863,-20.4274
5.1,1,2,23,6,9,-80.9462,-20.8492
5.1,2,1,23,6,9,-80.9489,-20.8492
5.1,3,0,23,6,10,-80.0554,-24.7551
5.1,4,2,23,6,10,-80.103,-24.7551
5.1,5,1,23,6,10,-80.1163,-24.0186
5.1,6,0,23,6,10,-80.1163,-24.0186
5.1,7,2,23,6,9,-80.5988,-24.9815
5.1,8,1,23,6,9,-80.5988,-24.9824
5.1,9,0,23,6,6,-81.4751,-21.4262
5.1,10,2,23,6,6,-81.4751,-21.4261
5.1,11,1,23,6,5,-81.9887,-20.7853
5.1,12,0,23,6,5,-81.9887,-20.7836
5.1,13,2,23,6,4,-82.2976,-20.6085
5.1,14,1,23,6,4,-82.2976,-20.6085
5.2,0,0,23,6,8,-80.585,-20.4274
5.2,1,2,23,6,9,-80.945,-20.8492
5.2,2,1,23,6,9,-80.9477,-20.8492
5.2,3,0,23,6,10,-80.0544,-24.7551
5.2,4,2,23,6,10,-80.058,-24.7551
5.2,5,1,23,6,10,-80.1158,-24.0186
5.2,6,0,23,6,10,-80.1158,-24.0186
5.2,7,2,23,6,9,-80.5982,-24.9827
5.2,8,1,23,6,9,-80.5982,-24.9828
5.2,9,0,23,6,6,-81.4745,-21.4252
5.2,10,2,23,6,6,-81.4745,-21.4251
5.2,11,1,23,6,5,-81.9883,-20.7862
5.2,12,0,23,6,5,-81.9883,-20.7861
5.2,13,2,23,6,4,-82.297,-20.6085
5.2,14,1,23,6,4,-82.297,-20.6085
5.3,0,0,23,6,8,-80.5837,-20.4274
5.3,1,2,23,6,9,-80.9437,-20.8492
5.3,2,1,23,6,9,-80.9465,-20.8492
5.3,3,0,23,6,10,-80.0534,-24.7551
5.3,4,2,23,6,10,-80.057,-24.7551
5.3,5,1,23,6,10,-80.1152,-24.0186
5.3,6,0,23,6,10,-80.1152,-24.0186
5.3,7,2,23,6,9,-80.5977,-24.9827
5.3,8,1,23,6,9,-80.5977,-24.9828
5.3,9,0,23,6,6,-81.474,-21.4252
5.3,10,2,23,6,6,-81.474,-21.4251
5.3,11,1,23,6,5,-81.9877,-20.7863
5.3,12,0,23,6,5,-81.9877,-20.7861
5.3,13,2,23,6,4,-82.2965,-20.6085
5.3,14,1,23,6,4,-82.2965,-20.6085
5.4,0,0,23,6,8,-80.5826,-20.4283
5.4,1,2,23,6,9,-80.9426,-20.8502
5.4,2,1,23,6,9,-80.9454,-20.8502
5.4,3,0,23,6,10,-80.0525,-24.7553
5.4,4,2,23,6,10,-80.0561,-24.7553
5.4,5,1,23,6,10,-80.1148,-24.0186
5.4,6,0,23,6,10,-80.1148,-24.0186
5.4,7,2,23,6,9,-80.5974,-24.983
5.4,8,1,23,6,9,-80.5974,-24.983
5.4,9,0,23,6,6,-81.4735,-21.4252
5.4,10,2,23,6,6,-81.4735,-21.4251
5.4,11,1,23,6,5,-81.9871,-20.7853
5.4,12,0,23,6,5,-81.9871,-20.7852
5.4,13,2,23,6,4,-82.2959,-20.6092
5.4,14,1,23,6,4,-82.2959,-20.6092
5.5,0,0,23,6,8,-80.5814,-20.4283
5.5,1,2,23,6,9,-80.9414,-20.8502
5.5,2,1,23,6,9,-80.9443,-20.8502
5.5,3,0,23,6,10,-80.0515,-24.7552
5.5,4,2,23,6,10,-80.0551,-24.7552
5.5,5,1,23,6,10,-80.1142,-24.0182
5.5,6,0,23,6,10,-80.1142,-24.0182
5.5,7,2,23,6,9,-80.5969,-24.9829
5.5,8,1,23,6,9,-80.5969,-24.983
5.5,9,0,23,6,6,-81.473,-21.4252
5.5,10,2,23,6,6,-81.473,-21.4252
5.5,11,1,23,6,5,-81.9867,-20.7863
5.5,12,0,23,6,5,-81.9867,-20.7862
5.5,13,2,23,6,4,-82.2955,-20.6085
5.5,14,1,23,6,4,-82.2955,-20.6085
5.6,0,0,23,6,8,-80.5799,-20.4281
5.6,1,2,23,6,9,-80.9401,-20.85
5.6,2,1,23,6,9,-80.943,-20.85
5.6,3,0,23,6,10,-80.0503,-24.7551
5.6,4,2,23,6,10,-80.054,-24.7551
5.6,5,1,23,6,10,-80.1136,-24.0183
5.6,6,0,23,6,10,-80.1136,-24.0183
5.6,7,2,23,6,9,-80.5961,-24.9828
5.6,8,1,23,6,9,-80.5961,-24.9828
5.6,9,0,23,6,6,-81.4723,-21.4261
5.6,10,2,23,6,6,-81.4723,-21.426
5.6,11,1,23,6,5,-81.986,-20.7854
5.6,12,0,23,6,5,-81.986,-20.7853
5.6,13,2,23,6,4,-82.295,-20.6095
5.6,14,1,23,6,4,-82.295,-20.6095
5.7,0,0,23,6,8,-80.5786,-20.4281
5.7,1,2,23,6,9,-80.9389,-20.85
5.7,2,1,23,6,9,-80.9418,-20.85
5.7,3,0,23,6,10,-80.0493,-24.7551
5.7,4,2,23,6,10,-80.0531,-24.7551
5.7,5,1,23,6,10,-80.1131,-24.0183
5.7,6,0,23,6,10,-80.1131,-24.0183
5.7,7,2,23,6,9,-80.5956,-24.9828
5.7,8,1,23,6,9,-80.5956,-24.9828
5.7,9,0,23,6,6,-81.4718,-21.4261
5.7,10,2,23,6,6,-81.4718,-21.426
5.7,11,1,23,6,5,-81.9855,-20.7854
5.7,12,0,23,6,5,-81.9855,-20.7853
5.7,13,2,23,6,4,-82.2945,-20.6095
5.7,14,1,23,6,4,-82.2945,-20.6095
5.8,0,0,23,6,8,-80.5774,-20.4273
5.8,1,2,23,6,9,-80.9377,-20.8492
5.8,2,1,23,6,9,-80.9407,-20.8492
5.8,3,0,23,6,10,-80.0485,-24.7551
5.8,4,2,23,6,10,-80.0523,-24.7551
5.8,5,1,23,6,10,-80.0679,-24.0186
5.8,6,0,23,6,10,-80.1127,-24.0195
5.8,7,2,23,6,9,-80.5951,-24.9828
5.8,8,1,23,6,9,-80.5951,-24.9828
5.8,9,0,23,6,6,-81.4714,-21.4253
5.8,10,2,23,6,6,-81.4714,-21.4252
5.8,11,1,23,6,5,-81.9851,-20.7863
5.8,12,0,23,6,5,-81.9851,-20.7862
5.8,13,2,23,6,4,-82.2939,-20.6102
5.8,14,1,23,6,4,-82.2939,-20.6085
5.9,0,0,23,6,8,-80.5761,-20.4281
5.9,1,2,23,6,9,-80.9365,-20.85
5.9,2,1,23,6,9,-80.9395,-20.85
5.9,3,0,23,6,10,-80.0474,-24.7551
5.9,4,2,23,6,10,-80.0512,-24.7551
5.9,5,1,23,6,10,-80.0669,-24.0183
5.9,6,0,23,6,10,-80.1121,-24.0193
5.9,7,2,23,6,9,-80.5946,-24.9828
5.9,8,1,23,6,9,-80.5946,-24.9829
5.9,9,0,23,6,6,-81.4708,-21.4261
5.9,10,2,23,6,6,-81.4708,-21.426
5.9,11,1,23,6,5,-81.9845,-20.7855
5.9,12,0,23,6,5,-81.9845,-20.7853
5.9,13,2,23,6,4,-82.2935,-20.6112
5.9,14,1,23,6,4,-82.2935,-20.6095
6,0,0,23,6,8,-80.575,-20.4283
6,1,2,23,6,9,-80.9354,-20.8502
6,2,1,23,6,9,-80.9384,-20.8502
6,3,0,23,6,10,-80.0466,-24.7553
6,4,2,23,6,10,-80.0504,-24.7553
6,5,1,23,6,10,-80.0662,-24.0186
6,6,0,23,6,10,-80.1117,-24.0195
6,7,2,23,6,9,-80.5943,-24.983
6,8,1,23,6,9,-80.5943,-24.9831
6,9,0,23,6,6,-81.4704,-21.4253
6,10,2,23,6,6,-81.4704,-21.4252
6,11,1,23,6,5,-81.9841,-20.7854
6,12,0,23,6,5,-81.9841,-20.7853
6,13,2,23,6,4,-82.2929,-20.6109
6,14,1,23,6,4,-82.2929,-20.6092
6.1,0,0,23,6,8,-80.5737,-20.4283
6.1,1,2,23,6,9,-80.9342,-20.8502
6.1,2,1,23,6,9,-80.9372,-20.8502
6.1,3,0,23,6,10,-80.0456,-24.7552
6.1,4,2,23,6,10,-80.0495,-24.7552
6.1,5,1,23,6,10,-80.0653,-24.0182
6.1,6,0,23,6,10,-80.1112,-24.0192
6.1,7,2,23,6,9,-80.5938,-24.9829
6.1,8,1,23,6,9,-80.5938,-24.983
6.1,9,0,23,6,6,-81.4699,-21.4253
6.1,10,2,23,6,6,-81.4699,-21.4253
6.1,11,1,23,6,5,-81.9836,-20.7864
6.1,12,0,23,6,5,-81.9836,-20.7862
6.1,13,2,23,6,4,-82.2924,-20.6102
6.1,14,1,23,6,4,-82.2924,-20.6085
6.2,0,0,23,6,8,-80.5723,-20.4274
6.2,1,2,23,6,9,-80.933,-20.8492
6.2,2,1,23,6,9,-80.936,-20.8492
6.2,3,0,23,6,10,-80.0445,-24.7547
6.2,4,2,23,6,10,-80.0484,-24.7547
6.2,5,1,23,6,10,-80.0643,-24.0183
6.2,6,0,23,6,10,-80.1106,-24.0193
6.2,7,2,23,6,9,-80.5932,-24.9828
6.2,8,1,23,6,9,-80.5932,-24.9829
6.2,9,0,23,6,6,-81.4695,-21.4264
6.2,10,2,23,6,6,-81.4695,-21.4263
6.2,11,1,23,6,5,-81.9831,-20.7855
6.2,12,0,23,6,5,-81.9831,-20.7854
6.2,13,2,23,6,4,-82.2921,-20.6112
6.2,14,1,23,6,4,-82.2921,-20.6095
6.3,0,0,23,6,8,-80.5712,-20.4283
6.3,1,2,23,6,9,-80.9318,-20.8502
6.3,2,1,23,6,9,-80.9349,-20.8502
6.3,3,0,23,6,10,-80.0437,-24.7552
6.3,4,2,23,6,10,-80.0476,-24.7552
6.3,5,1,23,6,10,-80.0635,-24.0182
6.3,6,0,23,6,10,-80.1102,-24.0192
6.3,7,2,23,6,9,-80.5929,-24.983
6.3,8,1,23,6,9,-80.5929,-24.983
6.3,9,0,23,6,6,-81.4689,-21.4254
6.3,10,2,23,6,6,-81.4689,-21.4253
6.3,11,1,23,6,5,-81.9827,-20.7864
6.3,12,0,23,6,5,-81.9827,-20.7863
6.3,13,2,23,6,4,-82.2915,-20.6103
6.3,14,1,23,6,4,-82.2915,-20.6085
6.4,0,0,23,6,8,-80.5699,-20.4283
6.4,1,2,23,6,9,-80.9305,-20.8502
6.4,2,1,23,6,9,-80.9336,-20.8502
6.4,3,0,23,6,10,-80.0427,-24.7553
6.4,4,2,23,6,10,-80.0466,-24.7553
6.4,5,1,23,6,10,-80.0626,-24.0186
6.4,6,0,23,6,10,-80.1098,-24.0196
6.4,7,2,23,6,9,-80.5924,-24.9831
6.4,8,1,23,6,9,-80.5924,-24.9831
6.4,9,0,23,6,6,-81.4685,-21.4254
6.4,10,2,23,6,6,-81.4685,-21.4253
6.4,11,1,23,6,5,-81.9821,-20.7855
6.4,12,0,23,6,5,-81.9821,-20.7853
6.4,13,2,23,6,4,-82.2909,-20.611
6.4,14,1,23,6,4,-82.2909,-20.6092
6.5,0,0,23,6,8,-80.5684,-20.4274
6.5,1,2,23,6,9,-80.9292,-20.8493
6.5,2,1,23,6,9,-80.9324,-20.8493
6.5,3,0,23,6,10,-80.0416,-24.7551
6.5,4,2,23,6,10,-80.0456,-24.7551
6.5,5,1,23,6,10,-80.0616,-24.0186
6.5,6,0,23,6,10,-80.1092,-24.0196
6.5,7,2,23,6,9,-80.5917,-24.9828
6.5,8,1,23,6,9,-80.5917,-24.9829
6.5,9,0,23,6,6,-81.4679,-21.4254
6.5,10,2,23,6,6,-81.4679,-21.4253
6.5,11,1,23,6,5,-81.9815,-20.7862
6.5,12,0,23,6,5,-81.9815,-20.7861
6.5,13,2,23,6,4,-82.2905,-20.6103
6.5,14,1,23,6,4,-82.2905,-20.6085
6.6,0,0,23,6,8,-80.5672,-20.4283
6.6,1,2,23,6,9,-80.928,-20.8502
6.6,2,1,23,6,9,-80.9312,-20.8502
6.6,3,0,23,6,10,-80.0406,-24.7552
6.6,4,2,23,6,10,-80.0447,-24.7552
6.6,5,1,23,6,10,-80.0607,-24.0182
6.6,6,0,23,6,10,-80.1087,-24.0192
6.6,7,2,23,6,9,-80.5914,-24.983
6.6,8,1,23,6,9,-80.5914,-24.9831
6.6,9,0,23,6,6,-81.4674,-21.4254
6.6,10,2,23,6,6,-81.4674,-21.4254
6.6,11,1,23,6,5,-81.9812,-20.7865
6.6,12,0,23,6,5,-81.9812,-20.7863
6.6,13,2,23,6,4,-82.29,-20.6103
6.6,14,1,23,6,4,-82.29,-20.6085
6.7,0,0,23,6,8,-80.5659,-20.4283
6.7,1,2,23,6,9,-80.9268,-20.8502
6.7,2,1,23,6,9,-80.93,-20.8502
6.7,3,0,23,6,10,-80.0397,-24.7552
6.7,4,2,23,6,10,-80.0438,-24.7552
6.7,5,1,23,6,10,-80.0599,-24.0182
6.7,6,0,23,6,10,-80.1083,-24.0192
6.7,7,2,23,6,9,-80.5909,-24.983
6.7,8,1,23,6,9,-80.5909,-24.9831
6.7,9,0,23,6,6,-81.467,-21.4255
6.7,10,2,23,6,6,-81.467,-21.4254
6.7,11,1,23,6,5,-81.9807,-20.7865
6.7,12,0,23,6,5,-81.9807,-20.7863
6.7,13,2,23,6,4,-82.2895,-20.6103
6.7,14,1,23,6,4,-82.2895,-20.6085
6.8,0,0,23,6,8,-80.5646,-20.4283
6.8,1,2,23,6,9,-80.9255,-20.8502
6.8,2,1,23,6,9,-80.9288,-20.8502
6.8,3,0,23,6,10,-80.0386,-24.7553
6.8,4,2,23,6,10,-80.0428,-24.7553
6.8,5,1,23,6,10,-80.059,-24.0186
6.8,6,0,23,6,10,-80.1078,-24.0196
6.8,7,2,23,6,9,-80.5904,-24.9831
6.8,8,1,23,6,9,-80.5904,-24.9832
6.8,9,0,23,6,6,-81.4665,-21.4255
6.8,10,2,23,6,6,-81.4665,-21.4254
6.8,11,1,23,6,5,-81.9802,-20.7855
6.8,12,0,23,6,5,-81.9802,-20.7854
6.8,13,2,23,6,4,-82.289,-20.6111
6.8,14,1,23,6,4,-82.289,-20.6092
6.9,0,0,23,6,8,-80.5632,-20.4283
6.9,1,2,23,6,9,-80.9243,-20.8502
6.9,2,1,23,6,9,-80.9275,-20.8502
6.9,3,0,23,6,10,-80.0376,-24.7553
6.9,4,2,23,6,10,-80.0418,-24.7553
6.9,5,1,23,6,10,-80.058,-24.0195
6.9,6,0,23,6,10,-80.0629,-24.0196
6.9,7,2,23,6,9,-80.5899,-24.9831
6.9,8,1,23,6,9,-80.5899,-24.9832
6.9,9,0,23,6,6,-81.466,-21.4255
6.9,10,2,23,6,6,-81.466,-21.4254
6.9,11,1,23,6,5,-81.9797,-20.7856
6.9,12,0,23,6,5,-81.9797,-20.7854
6.9,13,2,23,6,4,-82.2885,-20.6111
6.9,14,1,23,6,4,-82.2885,-20.6109
7,0,0,23,6,8,-80.5617,-20.4273
7,1,2,23,6,9,-80.9229,-20.8492
7,2,1,23,6,9,-80.9262,-20.8492
7,3,0,23,6,10,-80.0366,-24.7551
7,4,2,23,6,10,-80.0408,-24.7551
7,5,1,23,6,10,-80.057,-24.0195
7,6,0,23,6,10,-80.062,-24.0196
7,7,2,23,6,9,-80.5892,-24.9829
7,8,1,23,6,9,-80.5892,-24.983
7,9,0,23,6,6,-81.4655,-21.4255
7,10,2,23,6,6,-81.4655,-21.4254
7,11,1,23,6,5,-81.9792,-20.7866
7,12,0,23,6,5,-81.9792,-20.7864
7,13,2,23,6,4,-82.288,-20.6104
7,14,1,23,6,4,-82.288,-20.6102
7.1,0,0,23,6,8,-80.5603,-20.4273
7.1,1,2,23,6,9,-80.9216,-20.8492
7.1,2,1,23,6,9,-80.9249,-20.8492
7.1,3,0,23,6,10,-80.0355,-24.755
7.1,4,2,23,6,10,-80.0398,-24.755
7.1,5,1,23,6,10,-80.0561,-24.0195
7.1,6,0,23,6,10,-80.0611,-24.0196
7.1,7,2,23,6,9,-80.5887,-24.9829
7.1,8,1,23,6,9,-80.5887,-24.983
7.1,9,0,23,6,6,-81.465,-21.4255
7.1,10,2,23,6,6,-81.465,-21.4255
7.1,11,1,23,6,5,-81.9787,-20.7866
7.1,12,0,23,6,5,-81.9787,-20.7864
7.1,13,2,23,6,4,-82.2875,-20.6104
7.1,14,1,23,6,4,-82.2875,-20.6102
7.2,0,0,23,6,8,-80.559,-20.4283
7.2,1,2,23,6,9,-80.9203,-20.8502
7.2,2,1,23,6,9,-80.9237,-20.8502
7.2,3,0,23,6,10,-80.0345,-24.7552
7.2,4,2,23,6,10,-80.0388,-24.7552
7.2,5,1,23,6,10,-80.0551,-24.0192
7.2,6,0,23,6,10,-80.0602,-24.0193
7.2,7,2,23,6,9,-80.5884,-24.983
7.2,8,1,23,6,9,-80.5884,-24.9831
7.2,9,0,23,6,6,-81.4645,-21.4256
7.2,10,2,23,6,6,-81.4645,-21.4255
7.2,11,1,23,6,5,-81.9782,-20.7866
7.2,12,0,23,6,5,-81.9782,-20.7864
7.2,13,2,23,6,4,-82.287,-20.6104
7.2,14,1,23,6,4,-82.287,-20.6102
7.3,0,0,23,6,8,-80.5576,-20.4301
7.3,1,2,23,6,9,-80.919,-20.8502
7.3,2,1,23,6,9,-80.9224,-20.852
7.3,3,0,23,6,10,-80.0335,-24.7552
7.3,4,2,23,6,10,-80.0378,-24.7562
7.3,5,1,23,6,10,-80.0542,-24.0192
7.3,6,0,23,6,10,-80.0593,-24.0193
7.3,7,2,23,6,9,-80.5382,-24.9831
7.3,8,1,23,6,9,-80.588,-24.9831
7.3,9,0,23,6,6,-81.4641,-21.4256
7.3,10,2,23,6,6,-81.4641,-21.4255
7.3,11,1,23,6,5,-81.9778,-20.7866
7.3,12,0,23,6,5,-81.9778,-20.7865
7.3,13,2,23,6,4,-82.2866,-20.6104
7.3,14,1,23,6,4,-82.2866,-20.6102
7.4,0,0,23,6,8,-80.5561,-20.4291
7.4,1,2,23,6,9,-80.9176,-20.8492
7.4,2,1,23,6,9,-80.9211,-20.851
7.4,3,0,23,6,10,-80.0324,-24.755
7.4,4,2,23,6,10,-80.0367,-24.756
7.4,5,1,23,6,10,-80.0532,-24.0196
7.4,6,0,23,6,10,-80.0583,-24.0197
7.4,7,2,23,6,9,-80.5371,-24.9829
7.4,8,1,23,6,9,-80.5873,-24.983
7.4,9,0,23,6,6,-81.4635,-21.4256
7.4,10,2,23,6,6,-81.4635,-21.4255
7.4,11,1,23,6,5,-81.9773,-20.7866
7.4,12,0,23,6,5,-81.9773,-20.7865
7.4,13,2,23,6,4,-82.2861,-20.6104
7.4,14,1,23,6,4,-82.2861,-20.6103
7.5,0,0,23,6,8,-80.5545,-20.4299
7.5,1,2,23,6,9,-80.9162,-20.85
7.5,2,1,23,6,9,-80.9197,-20.8517
7.5,3,0,23,6,10,-80.0311,-24.7551
7.5,4,2,23,6,10,-80.0356,-24.756
7.5,5,1,23,6,10,-80.0521,-24.0193
7.5,6,0,23,6,10,-80.0573,-24.0194
7.5,7,2,23,6,9,-80.5361,-24.9829
7.5,8,1,23,6,9,-80.5867,-24.983
7.5,9,0,23,6,6,-81.4629,-21.4264
7.5,10,2,23,6,6,-81.4629,-21.4263
7.5,11,1,23,6,5,-81.9767,-20.7858
7.5,12,0,23,6,5,-81.9767,-20.7856
7.5,13,2,23,6,4,-82.2857,-20.6114
7.5,14,1,23,6,4,-82.2857,-20.6112
7.6,0,0,23,6,8,-80.5531,-20.4299
7.6,1,2,23,6,9,-80.9148,-20.85
7.6,2,1,23,6,9,-80.9184,-20.8518
7.6,3,0,23,6,10,-80.03,-24.7551
7.6,4,2,23,6,10,-80.0345,-24.756
7.6,5,1,23,6,10,-80.0511,-24.0193
7.6,6,0,23,6,10,-80.0564,-24.0194
7.6,7,2,23,6,9,-80.5352,-24.9829
7.6,8,1,23,6,9,-80.5862,-24.983
7.6,9,0,23,6,6,-81.4624,-21.4264
7.6,10,2,23,6,6,-81.4624,-21.4263
7.6,11,1,23,6,5,-81.9762,-20.7858
7.6,12,0,23,6,5,-81.9762,-20.7856
7.6,13,2,23,6,4,-82.2852,-20.6114
7.6,14,1,23,6,4,-82.2852,-20.6112
7.7,0,0,23,6,8,-80.5516,-20.4292
7.7,1,2,23,6,9,-80.9135,-20.8492
7.7,2,1,23,6,9,-80.9171,-20.851
7.7,3,0,23,6,10,-80.029,-24.7551
7.7,4,2,23,6,10,-80.0335,-24.756
7.7,5,1,23,6,10,-80.0502,-24.0196
7.7,6,0,23,6,10,-80.0555,-24.0197
7.7,7,2,23,6,9,-80.5342,-24.9826
7.7,8,1,23,6,9,-80.5858,-24.9827
7.7,9,0,23,6,6,-81.4621,-21.4267
7.7,10,2,23,6,6,-81.4621,-21.4266
7.7,11,1,23,6,5,-81.9757,-20.7858
7.7,12,0,23,6,5,-81.9757,-20.7856
7.7,13,2,23,6,4,-82.2846,-20.6105
7.7,14,1,23,6,4,-82.2846,-20.6103
7.8,0,0,23,6,8,-80.55,-20.4299
7.8,1,2,23,6,9,-80.912,-20.85
7.8,2,1,23,6,9,-80.9156,-20.8518
7.8,3,0,23,6,10,-80.0278,-24.7551
7.8,4,2,23,6,10,-80.0324,-24.756
7.8,5,1,23,6,10,-80.0491,-24.0193
7.8,6,0,23,6,10,-80.0545,-24.0194
7.8,7,2,23,6,9,-80.5332,-24.983
7.8,8,1,23,6,9,-80.5852,-24.9831
7.8,9,0,23,6,6,-81.4614,-21.4265
7.8,10,2,23,6,6,-81.4614,-21.4264
7.8,11,1,23,6,5,-81.9752,-20.7858
7.8,12,0,23,6,5,-81.9752,-20.7857
7.8,13,2,23,6,4,-82.2842,-20.6115
7.8,14,1,23,6,4,-82.2842,-20.6113
7.9,0,0,23,6,8,-80.5485,-20.4292
7.9,1,2,23,6,9,-80.9107,-20.8492
7.9,2,1,23,6,9,-80.9143,-20.8511
7.9,3,0,23,6,10,-80.0267,-24.7547
7.9,4,2,23,6,10,-80.0313,-24.7557
7.9,5,1,23,6,10,-80.0481,-24.0193
7.9,6,0,23,6,10,-80.0535,-24.0194
7.9,7,2,23,6,9,-80.5323,-24.983
7.9,8,1,23,6,9,-80.5848,-24.9831
7.9,9,0,23,6,6,-81.4611,-21.4267
7.9,10,2,23,6,6,-81.4611,-21.4266
7.9,11,1,23,6,5,-81.9747,-20.7859
7.9,12,0,23,6,5,-81.9747,-20.7857
7.9,13,2,23,6,4,-82.2837,-20.6115
7.9,14,1,23,6,4,-82.2837,-20.6113
8,0,0,23,6,8,-80.5469,-20.4292
8,1,2,23,6,9,-80.9091,-20.8493
8,2,1,23,6,9,-80.9128,-20.8511
8,3,0,23,6,10,-80.0256,-24.7551
8,4,2,23,6,10,-80.0302,-24.7561
8,5,1,23,6,10,-80.0471,-24.0196
8,6,0,23,6,10,-80.0525,-24.0197
8,7,2,23,6,9,-80.5313,-24.983
8,8,1,23,6,9,-80.5842,-24.9831
8,9,0,23,6,6,-81.4605,-21.4257
8,10,2,23,6,6,-81.4605,-21.4256
8,11,1,23,6,5,-81.9741,-20.7866
8,12,0,23,6,5,-81.9741,-20.7864
8,13,2,23,6,4,-82.283,-20.6106
8,14,1,23,6,4,-82.283,-20.6104
8.1,0,0,23,6,8,-80.5454,-20.4292
8.1,1,2,23,6,9,-80.9077,-20.8492
8.1,2,1,23,6,9,-80.9114,-20.8511
8.1,3,0,23,6,10,-80.0244,-24.7547
8.1,4,2,23,6,10,-80.0291,-24.7557
8.1,5,1,23,6,10,-80.046,-24.0193
8.1,6,0,23,6,10,-80.0515,-24.0194
8.1,7,2,23,6,9,-80.5302,-24.983
8.1,8,1,23,6,9,-80.5837,-24.9831
8.1,9,0,23,6,6,-81.46,-21.4268
8.1,10,2,23,6,6,-81.46,-21.4267
8.1,11,1,23,6,5,-81.9736,-20.7859
8.1,12,0,23,6,5,-81.9736,-20.7857
8.1,13,2,23,6,4,-82.2826,-20.6115
8.1,14,1,23,6,4,-82.2826,-20.6113
8.2,0,0,23,6,8,-80.5437,-20.4293
8.2,1,2,23,6,9,-80.9062,-20.8492
8.2,2,1,23,6,9,-80.91,-20.8511
8.2,3,0,23,6,10,-80.0232,-24.7547
8.2,4,2,23,6,10,-80.0279,-24.7557
8.2,5,1,23,6,10,-80.0449,-24.0193
8.2,6,0,23,6,10,-80.0505,-24.0195
8.2,7,2,23,6,9,-80.5292,-24.983
8.2,8,1,23,6,9,-80.5832,-24.9831
8.2,9,0,23,6,6,-81.4595,-21.4268
8.2,10,2,23,6,6,-81.4595,-21.4267
8.2,11,1,23,6,5,-81.9731,-20.7859
8.2,12,0,23,6,5,-81.9731,-20.7858
8.2,13,2,23,6,4,-82.2821,-20.6115
8.2,14,1,23,6,4,-82.2821,-20.6113
8.3,0,0,23,6,8,-80.5421,-20.4292
8.3,1,2,23,6,9,-80.9046,-20.8492
8.3,2,1,23,6,9,-80.9084,-20.8511
8.3,3,0,23,6,10,-80.0221,-24.755
8.3,4,2,23,6,10,-80.0269,-24.7561
8.3,5,1,23,6,10,-80.044,-24.0196
8.3,6,0,23,6,10,-80.0496,-24.0198
8.3,7,2,23,6,9,-80.5283,-24.983
8.3,8,1,23,6,9,-80.5827,-24.9831
8.3,9,0,23,6,6,-81.459,-21.4258
8.3,10,2,23,6,6,-81.459,-21.4257
8.3,11,1,23,6,5,-81.9727,-20.7868
8.3,12,0,23,6,5,-81.9727,-20.7867
8.3,13,2,23,6,4,-82.2815,-20.6106
8.3,14,1,23,6,4,-82.2815,-20.6104
8.4,0,0,23,6,8,-80.5405,-20.4293
8.4,1,2,23,6,9,-80.9031,-20.8492
8.4,2,1,23,6,9,-80.907,-20.8512
8.4,3,0,23,6,10,-80.0209,-24.755
8.4,4,2,23,6,10,-80.0258,-24.7561
8.4,5,1,23,6,10,-80.0429,-24.0197
8.4,6,0,23,6,10,-80.0486,-24.0198
8.4,7,2,23,6,9,-80.5272,-24.983
8.4,8,1,23,6,9,-80.5822,-24.9831
8.4,9,0,23,6,6,-81.4585,-21.4258
8.4,10,2,23,6,6,-81.4585,-21.4257
8.4,11,1,23,6,5,-81.9722,-20.7869
8.4,12,0,23,6,5,-81.9722,-20.7867
8.4,13,2,23,6,4,-82.281,-20.6106
8.4,14,1,23,6,4,-82.281,-20.6104
8.5,0,0,23,6,8,-80.5387,-20.4301
8.5,1,2,23,6,9,-80.9015,-20.85
8.5,2,1,23,6,9,-80.9054,-20.8519
8.5,3,0,23,6,10,-80.0196,-24.7551
8.5,4,2,23,6,10,-80.0245,-24.7561
8.5,5,1,23,6,10,-80.0417,-24.0194
8.5,6,0,23,6,10,-80.0474,-24.0195
8.5,7,2,23,6,9,-80.5261,-24.9831
8.5,8,1,23,6,9,-80.5816,-24.9831
8.5,9,0,23,6,6,-81.4578,-21.4267
8.5,10,2,23,6,6,-81.4578,-21.4266
8.5,11,1,23,6,5,-81.9715,-20.786
8.5,12,0,23,6,5,-81.9715,-20.7858
8.5,13,2,23,6,4,-82.2805,-20.6116
8.5,14,1,23,6,4,-82.2805,-20.6114
8.6,0,0,23,6,8,-80.5371,-20.4293
8.6,1,2,23,6,9,-80.9,-20.8492
8.6,2,1,23,6,9,-80.9039,-20.8512
8.6,3,0,23,6,10,-80.0184,-24.7551
8.6,4,2,23,6,10,-80.0234,-24.7561
8.6,5,1,23,6,10,-80.0407,-24.0197
8.6,6,0,23,6,10,-80.0465,-24.0198
8.6,7,2,23,6,9,-80.5251,-24.9827
8.6,8,1,23,6,9,-80.5812,-24.9828
8.6,9,0,23,6,6,-81.4575,-21.4269
8.6,10,2,23,6,6,-81.4575,-21.4268
8.6,11,1,23,6,5,-81.971,-20.786
8.6,12,0,23,6,5,-81.971,-20.7858
8.6,13,2,23,6,4,-82.28,-20.6106
8.6,14,1,23,6,4,-82.28,-20.6104
8.7,0,0,23,6,8,-80.5353,-20.4294
8.7,1,2,23,6,9,-80.8983,-20.851
8.7,2,1,23,6,9,-80.9023,-20.8512
8.7,3,0,23,6,10,-80.0171,-24.756
8.7,4,2,23,6,10,-80.0222,-24.7561
8.7,5,1,23,6,10,-80.0395,-24.0197
8.7,6,0,23,6,10,-80.0454,-24.0198
8.7,7,2,23,6,9,-80.524,-24.9827
8.7,8,1,23,6,9,-80.5308,-24.9828
8.7,9,0,23,6,6,-81.4569,-21.4269
8.7,10,2,23,6,6,-81.4569,-21.4268
8.7,11,1,23,6,5,-81.9705,-20.786
8.7,12,0,23,6,5,-81.9705,-20.7859
8.7,13,2,23,6,4,-82.2794,-20.6107
8.7,14,1,23,6,4,-82.2794,-20.6104
8.8,0,0,23,6,8,-80.5336,-20.4294
8.8,1,2,23,6,9,-80.8967,-20.851
8.8,2,1,23,6,9,-80.9008,-20.8512
8.8,3,0,23,6,10,-80.0158,-24.7556
8.8,4,2,23,6,10,-80.0209,-24.7557
8.8,5,1,23,6,10,-80.0383,-24.0194
8.8,6,0,23,6,10,-80.0442,-24.0195
8.8,7,2,23,6,9,-80.523,-24.9831
8.8,8,1,23,6,9,-80.5298,-24.9832
8.8,9,0,23,6,6,-81.3961,-21.427
8.8,10,2,23,6,6,-81.4564,-21.4268
8.8,11,1,23,6,5,-81.97,-20.7861
8.8,12,0,23,6,5,-81.97,-20.7859
8.8,13,2,23,6,4,-82.279,-20.6117
8.8,14,1,23,6,4,-82.279,-20.6114
8.9,0,0,23,6,8,-80.5318,-20.4294
8.9,1,2,23,6,9,-80.8951,-20.851
8.9,2,1,23,6,9,-80.8992,-20.8512
8.9,3,0,23,6,10,-80.0147,-24.756
8.9,4,2,23,6,10,-80.0198,-24.7561
8.9,5,1,23,6,10,-80.0373,-24.0197
8.9,6,0,23,6,10,-80.0433,-24.0198
8.9,7,2,23,6,9,-80.5219,-24.9827
8.9,8,1,23,6,9,-80.5288,-24.9828
8.9,9,0,23,6,6,-81.395,-21.427
8.9,10,2,23,6,6,-81.4559,-21.4269
8.9,11,1,23,6,5,-81.9695,-20.7861
8.9,12,0,23,6,5,-81.9695,-20.7859
8.9,13,2,23,6,4,-82.2784,-20.6107
8.9,14,1,23,6,4,-82.2784,-20.6105
9,0,0,23,6,8,-80.53,-20.4294
9,1,2,23,6,9,-80.8933,-20.8511
9,2,1,23,6,9,-80.8975,-20.8513
9,3,0,23,6,10,-80.0133,-24.756
9,4,2,23,6,10,-80.0185,-24.7562
9,5,1,23,6,10,-80.0361,-24.0197
9,6,0,23,6,10,-80.0421,-24.0199
9,7,2,23,6,9,-80.5208,-24.9831
9,8,1,23,6,9,-80.5277,-24.9832
9,9,0,23,6,6,-81.3938,-21.426
9,10,2,23,6,6,-81.4553,-21.4259
9,11,1,23,6,5,-81.9689,-20.7868
9,12,0,23,6,5,-81.9689,-20.7866
9,13,2,23,6,4,-82.2778,-20.6108
9,14,1,23,6,4,-82.2778,-20.6105
9.1,0,0,23,6,8,-80.5281,-20.4302
9.1,1,2,23,6,9,-80.8917,-20.8518
9.1,2,1,23,6,9,-80.8959,-20.852
9.1,3,0,23,6,10,-80.012,-24.756
9.1,4,2,23,6,10,-80.0172,-24.7562
9.1,5,1,23,6,10,-80.0349,-24.0195
9.1,6,0,23,6,10,-80.041,-24.0196
9.1,7,2,23,6,9,-80.5197,-24.9831
9.1,8,1,23,6,9,-80.5267,-24.9832
9.1,9,0,23,6,6,-81.3927,-21.4268
9.1,10,2,23,6,6,-81.4547,-21.4267
9.1,11,1,23,6,5,-81.9684,-20.7862
9.1,12,0,23,6,5,-81.9684,-20.786
9.1,13,2,23,6,4,-82.2774,-20.6117
9.1,14,1,23,6,4,-82.2774,-20.6115
9.2,0,0,23,6,8,-80.5263,-20.4294
9.2,1,2,23,6,9,-80.89,-20.851
9.2,2,1,23,6,9,-80.8942,-20.8513
9.2,3,0,23,6,10,-80.0107,-24.7556
9.2,4,2,23,6,10,-80.0159,-24.7558
9.2,5,1,23,6,10,-80.0337,-24.0194
9.2,6,0,23,6,10,-80.0398,-24.0196
9.2,7,2,23,6,9,-80.5186,-24.9831
9.2,8,1,23,6,9,-80.5256,-24.9832
9.2,9,0,23,6,6,-81.3917,-21.4271
9.2,10,2,23,6,6,-81.4543,-21.427
9.2,11,1,23,6,5,-81.9679,-20.7862
9.2,12,0,23,6,5,-81.9679,-20.786
9.2,13,2,23,6,4,-82.2769,-20.6118
9.2,14,1,23,6,4,-82.2769,-20.6115
9.3,0,0,23,6,8,-80.5243,-20.4302
9.3,1,2,23,6,9,-80.8882,-20.8518
9.3,2,1,23,6,9,-80.8925,-20.8521
9.3,3,0,23,6,10,-80.0093,-24.7561
9.3,4,2,23,6,10,-80.0146,-24.7562
9.3,5,1,23,6,10,-80.0325,-24.0195
9.3,6,0,23,6,10,-80.0387,-24.0196
9.3,7,2,23,6,9,-80.5174,-24.9832
9.3,8,1,23,6,9,-80.5245,-24.9833
9.3,9,0,23,6,6,-81.3904,-21.4269
9.3,10,2,23,6,6,-81.4536,-21.4268
9.3,11,1,23,6,5,-81.9673,-20.7862
9.3,12,0,23,6,5,-81.9673,-20.786
9.3,13,2,23,6,4,-82.2763,-20.6118
9.3,14,1,23,6,4,-82.2763,-20.6116
9.4,0,0,23,6,8,-80.5226,-20.4304
9.4,1,2,23,6,9,-80.8865,-20.8521
9.4,2,1,23,6,9,-80.8909,-20.8523
9.4,3,0,23,6,10,-80.0081,-24.7562
9.4,4,2,23,6,10,-80.0135,-24.7564
9.4,5,1,23,6,10,-80.0314,-24.0194
9.4,6,0,23,6,10,-80.0377,-24.0195
9.4,7,2,23,6,9,-80.5165,-24.9833
9.4,8,1,23,6,9,-80.5237,-24.9834
9.4,9,0,23,6,6,-81.3894,-21.4261
9.4,10,2,23,6,6,-81.4532,-21.426
9.4,11,1,23,6,5,-81.967,-20.7871
9.4,12,0,23,6,5,-81.967,-20.7869
9.4,13,2,23,6,4,-82.2757,-20.6109
9.4,14,1,23,6,4,-82.2757,-20.6106
9.5,0,0,23,6,8,-80.5205,-20.4295
9.5,1,2,23,6,9,-80.8846,-20.8512
9.5,2,1,23,6,9,-80.889,-20.8514
9.5,3,0,23,6,10,-80.0067,-24.7561
9.5,4,2,23,6,10,-80.0121,-24.7562
9.5,5,1,23,6,10,-80.0302,-24.0198
9.5,6,0,23,6,10,-80.0365,-24.0199
9.5,7,2,23,6,9,-80.5152,-24.9832
9.5,8,1,23,6,9,-80.5224,-24.9833
9.5,9,0,23,6,6,-81.3882,-21.4262
9.5,10,2,23,6,6,-81.4526,-21.426
9.5,11,1,23,6,5,-81.9662,-20.7869
9.5,12,0,23,6,5,-81.9662,-20.7867
9.5,13,2,23,6,4,-82.2752,-20.6109
9.5,14,1,23,6,4,-82.2752,-20.6107
9.6,0,0,23,6,8,-80.5186,-20.4295
9.6,1,2,23,6,9,-80.883,-20.8511
9.6,2,1,23,6,9,-80.8874,-20.8514
9.6,3,0,23,6,10,-80.0053,-24.7561
9.6,4,2,23,6,10,-80.0109,-24.7562
9.6,5,1,23,6,10,-80.029,-24.0198
9.6,6,0,23,6,10,-80.0354,-24.0199
9.6,7,2,23,6,9,-80.514,-24.9828
9.6,8,1,23,6,9,-80.5214,-24.9829
9.6,9,0,23,6,6,-81.3872,-21.4272
9.6,10,2,23,6,6,-81.4522,-21.4271
9.6,11,1,23,6,5,-81.9658,-20.7863
9.6,12,0,23,6,5,-81.9658,-20.7861
9.6,13,2,23,6,4,-82.2747,-20.6109
9.6,14,1,23,6,4,-82.2747,-20.6106
9.7,0,0,23,6,8,-80.5166,-20.4295
9.7,1,2,23,6,9,-80.8811,-20.8512
9.7,2,1,23,6,9,-80.8856,-20.8514
9.7,3,0,23,6,10,-80.004,-24.7561
9.7,4,2,23,6,10,-80.0096,-24.7562
9.7,5,1,23,6,10,-80.0278,-24.0198
9.7,6,0,23,6,10,-80.0342,-24.0199
9.7,7,2,23,6,9,-80.5129,-24.9832
9.7,8,1,23,6,9,-80.5203,-24.9833
9.7,9,0,23,6,6,-81.3859,-21.4262
9.7,10,2,23,6,6,-81.4516,-21.4261
9.7,11,1,23,6,5,-81.9653,-20.7872
9.7,12,0,23,6,5,-81.9653,-20.787
9.7,13,2,23,6,4,-82.2741,-20.6109
9.7,14,1,23,6,4,-82.2741,-20.6107
9.8,0,0,23,6,8,-80.5146,-20.4296
9.8,1,2,23,6,9,-80.8792,-20.8512
9.8,2,1,23,6,9,-80.8837,-20.8515
9.8,3,0,23,6,10,-80.0025,-24.7561
9.8,4,2,23,6,10,-80.0081,-24.7562
9.8,5,1,23,6,10,-80.0265,-24.0198
9.8,6,0,23,6,10,-80.033,-24.02
9.8,7,2,23,6,9,-80.5117,-24.9832
9.8,8,1,23,6,9,-80.5191,-24.9833
9.8,9,0,23,6,6,-81.3847,-21.4263
9.8,10,2,23,6,6,-81.451,-21.4261
9.8,11,1,23,6,5,-81.9646,-20.787
9.8,12,0,23,6,5,-81.9646,-20.7868
9.8,13,2,23,6,4,-82.2736,-20.611
9.8,14,1,23,6,4,-82.2736,-20.6107
9.9,0,0,23,6,8,-80.5127,-20.4306
9.9,1,2,23,6,9,-80.8774,-20.8522
9.9,2,1,23,6,9,-80.882,-20.8524
9.9,3,0,23,6,10,-80.0012,-24.7564
9.9,4,2,23,6,10,-80.0069,-24.7565
9.9,5,1,23,6,10,-80.0253,-24.0198
9.9,6,0,23,6,10,-80.0319,-24.02
9.9,7,2,23,6,9,-80.5107,-24.9835
9.9,8,1,23,6,9,-80.5183,-24.9836
9.9,9,0,23,6,6,-81.3836,-21.4263
9.9,10,2,23,6,6,-81.4505,-21.4262
9.9,11,1,23,6,5,-81.9642,-20.7863
9.9,12,0,23,6,5,-81.9642,-20.7861
9.9,13,2,23,6,4,-82.273,-20.6117
9.9,14,1,23,6,4,-82.273,-20.6115
10,0,0,23,6,8,-80.5104,-20.4304
10,1,2,23,6,9,-80.8754,-20.8519
10,2,1,23,6,9,-80.8801,-20.8522
10,3,0,23,6,10,-79.9996,-24.7561
10,4,2,23,6,10,-80.0054,-24.7563
10,5,1,23,6,10,-80.0239,-24.0196
10,6,0,23,6,10,-80.0306,-24.0197
10,7,2,23,6,9,-80.5093,-24.9833
10,8,1,23,6,9,-80.5169,-24.9834
10,9,0,23,6,6,-81.3823,-21.4271
10,10,2,23,6,6,-81.4499,-21.427
10,11,1,23,6,5,-81.9636,-20.7864
10,12,0,23,6,5,-81.9636,-20.7862
10,13,2,23,6,4,-82.2726,-20.612
10,14,1,23,6,4,-82.2726,-20.6117
10.1,0,0,23,6,8,-80.5084,-20.4296
10.1,1,2,23,6,9,-80.8736,-20.8512
10.1,2,1,23,6,9,-80.8783,-20.8515
10.1,3,0,23,6,10,-79.9981,-24.7557
10.1,4,2,23,6,10,-80.004,-24.7559
10.1,5,1,23,6,10,-80.0226,-24.0196
10.1,6,0,23,6,10,-80.0293,-24.0197
10.1,7,2,23,6,9,-80.5081,-24.9833
10.1,8,1,23,6,9,-80.5158,-24.9834
10.1,9,0,23,6,6,-81.3812,-21.4274
10.1,10,2,23,6,6,-81.4495,-21.4272
10.1,11,1,23,6,5,-81.963,-20.7865
10.1,12,0,23,6,5,-81.963,-20.7862
10.1,13,2,23,6,4,-82.272,-20.612
10.1,14,1,23,6,4,-82.272,-20.6117
10.2,0,0,23,6,8,-80.5063,-20.4297
10.2,1,2,23,6,9,-80.8716,-20.8513
10.2,2,1,23,6,9,-80.8764,-20.8516
10.2,3,0,23,6,10,-79.9968,-24.7561
10.2,4,2,23,6,10,-80.0027,-24.7563
10.2,5,1,23,6,10,-80.0214,-24.0199
10.2,6,0,23,6,10,-80.0283,-24.02
10.2,7,2,23,6,9,-80.5069,-24.9833
10.2,8,1,23,6,9,-80.5147,-24.9834
10.2,9,0,23,6,6,-81.38,-21.4264
10.2,10,2,23,6,6,-81.4489,-21.4263
10.2,11,1,23,6,5,-81.9625,-20.7872
10.2,12,0,23,6,5,-81.9625,-20.787
10.2,13,2,23,6,4,-82.2714,-20.6111
10.2,14,1,23,6,4,-82.2714,-20.6108
10.3,0,0,23,6,8,-80.5041,-20.4304
10.3,1,2,23,6,9,-80.8696,-20.852
10.3,2,1,23,6,9,-80.8745,-20.8523
10.3,3,0,23,6,10,-79.9952,-24.7562
10.3,4,2,23,6,10,-80.0012,-24.7563
10.3,5,1,23,6,10,-80.02,-24.0196
10.3,6,0,23,6,10,-80.0269,-24.0198
10.3,7,2,23,6,9,-80.5056,-24.9833
10.3,8,1,23,6,9,-80.5135,-24.9834
10.3,9,0,23,6,6,-81.3787,-21.4272
10.3,10,2,23,6,6,-81.3879,-21.4271
10.3,11,1,23,6,5,-81.962,-20.7865
10.3,12,0,23,6,5,-81.962,-20.7863
10.3,13,2,23,6,4,-82.2708,-20.6118
10.3,14,1,23,6,4,-82.2708,-20.6116
10.4,0,0,23,6,8,-80.5021,-20.4307
10.4,1,2,23,6,9,-80.8677,-20.8523
10.4,2,1,23,6,9,-80.8726,-20.8526
10.4,3,0,23,6,10,-79.9938,-24.7563
10.4,4,2,23,6,10,-79.9999,-24.7565
10.4,5,1,23,6,10,-80.0188,-24.0195
10.4,6,0,23,6,10,-80.0258,-24.0197
10.4,7,2,23,6,9,-80.5046,-24.9835
10.4,8,1,23,6,9,-80.5125,-24.9836
10.4,9,0,23,6,6,-81.3776,-21.4265
10.4,10,2,23,6,6,-81.3869,-21.4263
10.4,11,1,23,6,5,-81.8937,-20.7874
10.4,12,0,23,6,5,-81.9616,-20.7872
10.4,13,2,23,6,4,-82.2703,-20.6111
10.4,14,1,23,6,4,-82.2703,-20.6109
10.5,0,0,23,6,8,-80.4997,-20.4305
10.5,1,2,23,6,9,-80.8656,-20.8521
10.5,2,1,23,6,9,-80.8706,-20.8523
10.5,3,0,23,6,10,-79.9922,-24.7562
10.5,4,2,23,6,10,-79.9983,-24.7563
10.5,5,1,23,6,10,-80.0174,-24.0196
10.5,6,0,23,6,10,-80.0244,-24.0198
10.5,7,2,23,6,9,-80.5032,-24.9834
10.5,8,1,23,6,9,-80.5112,-24.9835
10.5,9,0,23,6,6,-81.3763,-21.4273
10.5,10,2,23,6,6,-81.3856,-21.4272
10.5,11,1,23,6,5,-81.8924,-20.7866
10.5,12,0,23,6,5,-81.9609,-20.7864
10.5,13,2,23,6,4,-82.2698,-20.6119
10.5,14,1,23,6,4,-82.2698,-20.6116
10.6,0,0,23,6,8,-80.4976,-20.4297
10.6,1,2,23,6,9,-80.8637,-20.8513
10.6,2,1,23,6,9,-80.8687,-20.8516
10.6,3,0,23,6,10,-79.9908,-24.7562
10.6,4,2,23,6,10,-79.997,-24.7563
10.6,5,1,23,6,10,-80.0162,-24.0199
10.6,6,0,23,6,10,-80.0233,-24.0201
10.6,7,2,23,6,9,-80.502,-24.9834
10.6,8,1,23,6,9,-80.51,-24.9835
10.6,9,0,23,6,6,-81.3751,-21.4265
10.6,10,2,23,6,6,-81.3846,-21.4264
10.6,11,1,23,6,5,-81.8914,-20.7875
10.6,12,0,23,6,5,-81.9605,-20.7873
10.6,13,2,23,6,4,-82.2693,-20.6112
10.6,14,1,23,6,4,-82.2693,-20.6109
10.7,0,0,23,6,8,-80.4952,-20.4305
10.7,1,2,23,6,9,-80.8616,-20.8521
10.7,2,1,23,6,9,-80.8667,-20.8524
10.7,3,0,23,6,10,-79.9891,-24.7562
10.7,4,2,23,6,10,-79.9954,-24.7564
10.7,5,1,23,6,10,-80.0147,-24.0197
10.7,6,0,23,6,10,-80.0219,-24.0198
10.7,7,2,23,6,9,-80.5007,-24.9834
10.7,8,1,23,6,9,-80.5088,-24.9835
10.7,9,0,23,6,6,-81.3738,-21.4274
10.7,10,2,23,6,6,-81.3833,-21.4272
10.7,11,1,23,6,5,-81.8901,-20.7867
10.7,12,0,23,6,5,-81.9598,-20.7864
10.7,13,2,23,6,4,-82.2688,-20.6122
10.7,14,1,23,6,4,-82.2688,-20.6119
10.8,0,0,23,6,8,-80.493,-20.4306
10.8,1,2,23,6,9,-80.8595,-20.8521
10.8,2,1,23,6,9,-80.8647,-20.8524
10.8,3,0,23,6,10,-79.9876,-24.7562
10.8,4,2,23,6,10,-79.994,-24.7564
10.8,5,1,23,6,10,-80.0134,-24.0197
10.8,6,0,23,6,10,-80.0207,-24.0198
10.8,7,2,23,6,9,-80.4994,-24.9834
10.8,8,1,23,6,9,-80.5077,-24.9835
10.8,9,0,23,6,6,-81.3726,-21.4274
10.8,10,2,23,6,6,-81.3822,-21.4273
10.8,11,1,23,6,5,-81.8889,-20.7867
10.8,12,0,23,6,5,-81.9593,-20.7865
10.8,13,2,23,6,4,-82.2683,-20.6122
10.8,14,1,23,6,4,-82.2683,-20.6119
10.9,0,0,23,6,8,-80.4908,-20.4308
10.9,1,2,23,6,9,-80.8575,-20.8524
10.9,2,1,23,6,9,-80.8627,-20.8527
10.9,3,0,23,6,10,-79.9862,-24.7564
10.9,4,2,23,6,10,-79.9926,-24.7566
10.9,5,1,23,6,10,-80.0122,-24.0196
10.9,6,0,23,6,10,-80.0195,-24.0197
10.9,7,2,23,6,9,-80.4984,-24.9836
10.9,8,1,23,6,9,-80.5067,-24.9837
10.9,9,0,23,6,6,-81.3714,-21.4267
10.9,10,2,23,6,6,-81.3811,-21.4265
10.9,11,1,23,6,5,-81.8879,-20.7876
10.9,12,0,23,6,5,-81.9589,-20.7874
10.9,13,2,23,6,4,-82.2677,-20.6113
10.9,14,1,23,6,4,-82.2677,-20.611
11,0,0,23,6,8,-80.4883,-20.4299
11,1,2,23,6,9,-80.8554,-20.8514
11,2,1,23,6,9,-80.8607,-20.8517
11,3,0,23,6,10,-79.9845,-24.7562
11,4,2,23,6,10,-79.991,-24.7564
11,5,1,23,6,10,-80.0108,-24.02
11,6,0,23,6,10,-80.0182,-24.0202
11,7,2,23,6,9,-80.4969,-24.9831
11,8,1,23,6,9,-80.5052,-24.9832
11,9,0,23,6,6,-81.3702,-21.4277
11,10,2,23,6,6,-81.3799,-21.4276
11,11,1,23,6,5,-81.8865,-20.7868
11,12,0,23,6,5,-81.9582,-20.7865
11,13,2,23,6,4,-82.2671,-20.6113
11,14,1,23,6,4,-82.2671,-20.611
11.1,0,0,23,6,8,-80.4861,-20.4308
11.1,1,2,23,6,9,-80.8533,-20.8524
11.1,2,1,23,6,9,-80.8586,-20.8527
11.1,3,0,23,6,10,-79.9831,-24.7564
11.1,4,2,23,6,10,-79.9897,-24.7566
11.1,5,1,23,6,10,-80.0094,-24.0196
11.1,6,0,23,6,10,-80.0169,-24.0198
11.1,7,2,23,6,9,-80.4958,-24.9836
11.1,8,1,23,6,9,-80.5043,-24.9837
11.1,9,0,23,6,6,-81.3689,-21.4267
11.1,10,2,23,6,6,-81.3787,-21.4266
11.1,11,1,23,6,5,-81.8855,-20.7877
11.1,12,0,23,6,5,-81.9578,-20.7875
11.1,13,2,23,6,4,-82.2666,-20.6113
11.1,14,1,23,6,4,-82.2666,-20.6111
11.2,0,0,23,6,8,-80.4836,-20.4307
11.2,1,2,23,6,9,-80.851,-20.8522
11.2,2,1,23,6,9,-80.8564,-20.8525
11.2,3,0,23,6,10,-79.9813,-24.7563
11.2,4,2,23,6,10,-79.988,-24.7564
11.2,5,1,23,6,10,-80.0079,-24.0197
11.2,6,0,23,6,10,-80.0155,-24.0199
11.2,7,2,23,6,9,-80.4943,-24.9835
11.2,8,1,23,6,9,-80.5028,-24.9836
11.2,9,0,23,6,6,-81.3675,-21.4276
11.2,10,2,23,6,6,-81.3774,-21.4274
11.2,11,1,23,6,5,-81.8841,-20.7869
11.2,12,0,23,6,5,-81.9571,-20.7866
11.2,13,2,23,6,4,-82.2661,-20.6123
11.2,14,1,23,6,4,-82.2661,-20.612
11.3,0,0,23,6,8,-80.4812,-20.4299
11.3,1,2,23,6,9,-80.8489,-20.8515
11.3,2,1,23,6,9,-80.8544,-20.8518
11.3,3,0,23,6,10,-79.9797,-24.7563
11.3,4,2,23,6,10,-79.9865,-24.7564
11.3,5,1,23,6,10,-80.0066,-24.02
11.3,6,0,23,6,10,-80.0142,-24.0202
11.3,7,2,23,6,9,-80.493,-24.9831
11.3,8,1,23,6,9,-80.5016,-24.9833
11.3,9,0,23,6,6,-81.3663,-21.4278
11.3,10,2,23,6,6,-81.3763,-21.4277
11.3,11,1,23,6,5,-81.8829,-20.7869
11.3,12,0,23,6,5,-81.9566,-20.7866
11.3,13,2,23,6,4,-82.2655,-20.6114
11.3,14,1,23,6,4,-82.2655,-20.6111
11.4,0,0,23,6,8,-80.4788,-20.43
11.4,1,2,23,6,9,-80.8466,-20.8516
11.4,2,1,23,6,9,-80.8522,-20.8519
11.4,3,0,23,6,10,-79.9782,-24.7563
11.4,4,2,23,6,10,-79.985,-24.7565
11.4,5,1,23,6,10,-80.0052,-24.0201
11.4,6,0,23,6,10,-80.0129,-24.0202
11.4,7,2,23,6,9,-80.4917,-24.9835
11.4,8,1,23,6,9,-80.5004,-24.9837
11.4,9,0,23,6,6,-81.365,-21.4269
11.4,10,2,23,6,6,-81.3751,-21.4267
11.4,11,1,23,6,5,-81.8817,-20.7876
11.4,12,0,23,6,5,-81.9561,-20.7874
11.4,13,2,23,6,4,-82.265,-20.6114
11.4,14,1,23,6,4,-82.265,-20.6112
11.5,0,0,23,6,8,-80.4763,-20.43
11.5,1,2,23,6,9,-80.8444,-20.8515
11.5,2,1,23,6,9,-80.85,-20.8519
11.5,3,0,23,6,10,-79.9765,-24.7563
11.5,4,2,23,6,10,-79.9834,-24.7564
11.5,5,1,23,6,10,-80.0038,-24.0201
11.5,6,0,23,6,10,-80.0116,-24.0202
11.5,7,2,23,6,9,-80.4904,-24.9835
11.5,8,1,23,6,9,-80.4991,-24.9837
11.5,9,0,23,6,6,-81.3637,-21.4269
11.5,10,2,23,6,6,-81.3739,-21.4268
11.5,11,1,23,6,5,-81.8806,-20.7879
11.5,12,0,23,6,5,-81.9557,-20.7876
11.5,13,2,23,6,4,-82.2644,-20.6115
11.5,14,1,23,6,4,-82.2644,-20.6112
11.6,0,0,23,6,8,-80.4739,-20.431
11.6,1,2,23,6,9,-80.8422,-20.8526
11.6,2,1,23,6,9,-80.8479,-20.8529
11.6,3,0,23,6,10,-79.9749,-24.7565
11.6,4,2,23,6,10,-79.9819,-24.7567
11.6,5,1,23,6,10,-80.0024,-24.0197
11.6,6,0,23,6,10,-80.0103,-24.0199
11.6,7,2,23,6,9,-80.4892,-24.9837
11.6,8,1,23,6,9,-80.4981,-24.9839
11.6,9,0,23,6,6,-81.3624,-21.427
11.6,10,2,23,6,6,-81.3727,-21.4268
11.6,11,1,23,6,5,-81.8794,-20.7879
11.6,12,0,23,6,5,-81.9552,-20.7876
11.6,13,2,23,6,4,-82.2639,-20.6115
11.6,14,1,23,6,4,-82.2639,-20.6112
11.7,0,0,23,6,8,-80.4713,-20.431
11.7,1,2,23,6,9,-80.8399,-20.8526
11.7,2,1,23,6,9,-80.8457,-20.8529
11.7,3,0,23,6,10,-79.9732,-24.7565
11.7,4,2,23,6,10,-79.9803,-24.7567
11.7,5,1,23,6,10,-80.0009,-24.0197
11.7,6,0,23,6,10,-80.0089,-24.0199
11.7,7,2,23,6,9,-80.4879,-24.9837
11.7,8,1,23,6,9,-80.4968,-24.9839
11.7,9,0,23,6,6,-81.3611,-21.427
11.7,10,2,23,6,6,-81.3714,-21.4269
11.7,11,1,23,6,5,-81.8781,-20.7879
11.7,12,0,23,6,5,-81.9546,-20.7877
11.7,13,2,23,6,4,-82.2634,-20.6115
11.7,14,1,23,6,4,-82.2634,-20.6112
11.8,0,0,23,6,8,-80.4686,-20.43
11.8,1,2,23,6,9,-80.8375,-20.8516
11.8,2,1,23,6,9,-80.8434,-20.8519
11.8,3,0,23,6,10,-79.9715,-24.7563
11.8,4,2,23,6,10,-79.9786,-24.7565
11.8,5,1,23,6,10,-79.9994,-24.0201
11.8,6,0,23,6,10,-80.0075,-24.0203
11.8,7,2,23,6,9,-80.4863,-24.9836
11.8,8,1,23,6,9,-80.4953,-24.9837
11.8,9,0,23,6,6,-81.3597,-21.427
11.8,10,2,23,6,6,-81.3702,-21.4269
11.8,11,1,23,6,5,-81.8769,-20.788
11.8,12,0,23,6,5,-81.954,-20.7877
11.8,13,2,23,6,4,-82.2628,-20.6116
11.8,14,1,23,6,4,-82.2628,-20.6113
11.9,0,0,23,6,8,-80.4178,-20.4301
11.9,1,2,23,6,9,-80.8352,-20.8517
11.9,2,1,23,6,9,-80.8411,-20.852
11.9,3,0,23,6,10,-79.9698,-24.7564
11.9,4,2,23,6,10,-79.977,-24.7565
11.9,5,1,23,6,10,-79.998,-24.0201
11.9,6,0,23,6,10,-80.0061,-24.0203
11.9,7,2,23,6,9,-80.485,-24.9836
11.9,8,1,23,6,9,-80.4941,-24.9838
11.9,9,0,23,6,6,-81.3584,-21.4271
11.9,10,2,23,6,6,-81.3689,-21.4269
11.9,11,1,23,6,5,-81.8755,-20.7878
11.9,12,0,23,6,5,-81.9534,-20.7875
11.9,13,2,23,6,4,-82.2623,-20.6116
11.9,14,1,23,6,4,-82.2623,-20.6113
12,0,0,23,6,8,-80.4148,-20.4301
12,1,2,23,6,9,-80.8329,-20.8517
12,2,1,23,6,9,-80.8389,-20.852
12,3,0,23,6,10,-79.968,-24.756
12,4,2,23,6,10,-79.9753,-24.7561
12,5,1,23,6,10,-79.9964,-24.0199
12,6,0,23,6,10,-80.0046,-24.02
12,7,2,23,6,9,-80.4836,-24.9837
12,8,1,23,6,9,-80.4928,-24.9838
12,9,0,23,6,6,-81.3571,-21.4281
12,10,2,23,6,6,-81.3677,-21.428
12,11,1,23,6,5,-81.8742,-20.7872
12,12,0,23,6,5,-81.8852,-20.7869
12,13,2,23,6,4,-82.2619,-20.6126
12,14,1,23,6,4,-82.2619,-20.6123
12.1,0,0,23,6,8,-80.412,-20.4311
12.1,1,2,23,6,9,-80.8305,-20.8527
12.1,2,1,23,6,9,-80.8366,-20.853
12.1,3,0,23,6,10,-79.9664,-24.7566
12.1,4,2,23,6,10,-79.9738,-24.7567
12.1,5,1,23,6,10,-79.9951,-24.0198
12.1,6,0,23,6,10,-80.0033,-24.02
12.1,7,2,23,6,9,-80.4824,-24.9838
12.1,8,1,23,6,9,-80.4917,-24.984
12.1,9,0,23,6,6,-81.3557,-21.4272
12.1,10,2,23,6,6,-81.3664,-21.427
12.1,11,1,23,6,5,-81.8731,-20.7881
12.1,12,0,23,6,5,-81.8841,-20.7878
12.1,13,2,23,6,4,-82.1886,-20.6117
12.1,14,1,23,6,4,-82.2613,-20.6114
12.2,0,0,23,6,8,-80.4089,-20.4302
12.2,1,2,23,6,9,-80.8281,-20.8517
12.2,2,1,23,6,9,-80.8342,-20.852
12.2,3,0,23,6,10,-79.9645,-24.756
12.2,4,2,23,6,10,-79.9719,-24.7562
12.2,5,1,23,6,10,-79.9934,-24.0199
12.2,6,0,23,6,10,-80.0018,-24.0201
12.2,7,2,23,6,9,-80.4808,-24.9837
12.2,8,1,23,6,9,-80.4902,-24.9838
12.2,9,0,23,6,6,-81.3544,-21.4282
12.2,10,2,23,6,6,-81.3652,-21.4281
12.2,11,1,23,6,5,-81.8717,-20.7873
12.2,12,0,23,6,5,-81.8828,-20.787
12.2,13,2,23,6,4,-82.1875,-20.6127
12.2,14,1,23,6,4,-82.2608,-20.6123
12.3,0,0,23,6,8,-80.4058,-20.4302
12.3,1,2,23,6,9,-80.8257,-20.8517
12.3,2,1,23,6,9,-80.8319,-20.8521
12.3,3,0,23,6,10,-79.9628,-24.7564
12.3,4,2,23,6,10,-79.9704,-24.7566
12.3,5,1,23,6,10,-79.992,-24.0202
12.3,6,0,23,6,10,-80.0005,-24.0204
12.3,7,2,23,6,9,-80.4795,-24.9833
12.3,8,1,23,6,9,-80.4889,-24.9835
12.3,9,0,23,6,6,-81.3531,-21.4283
12.3,10,2,23,6,6,-81.3639,-21.4281
12.3,11,1,23,6,5,-81.8705,-20.7873
12.3,12,0,23,6,5,-81.8816,-20.787
12.3,13,2,23,6,4,-82.1863,-20.6117
12.3,14,1,23,6,4,-82.2602,-20.6114
12.4,0,0,23,6,8,-80.4027,-20.431
12.4,1,2,23,6,9,-80.8231,-20.8525
12.4,2,1,23,6,9,-80.8294,-20.8529
12.4,3,0,23,6,10,-79.9609,-24.7564
12.4,4,2,23,6,10,-79.9685,-24.7566
12.4,5,1,23,6,10,-79.9904,-24.02
12.4,6,0,23,6,10,-79.9989,-24.0201
12.4,7,2,23,6,9,-80.478,-24.9837
12.4,8,1,23,6,9,-80.4875,-24.9839
12.4,9,0,23,6,6,-81.3515,-21.4281
12.4,10,2,23,6,6,-81.3624,-21.428
12.4,11,1,23,6,5,-81.8691,-20.7874
12.4,12,0,23,6,5,-81.8804,-20.7871
12.4,13,2,23,6,4,-82.1852,-20.6127
12.4,14,1,23,6,4,-82.2597,-20.6124
12.5,0,0,23,6,8,-80.3997,-20.4302
12.5,1,2,23,6,9,-80.8207,-20.8518
12.5,2,1,23,6,9,-80.827,-20.8522
12.5,3,0,23,6,10,-79.9593,-24.7564
12.5,4,2,23,6,10,-79.967,-24.7566
12.5,5,1,23,6,10,-79.989,-24.0203
12.5,6,0,23,6,10,-79.9976,-24.0204
12.5,7,2,23,6,9,-80.4767,-24.9838
12.5,8,1,23,6,9,-80.4863,-24.9839
12.5,9,0,23,6,6,-81.3503,-21.4274
12.5,10,2,23,6,6,-81.3613,-21.4272
12.5,11,1,23,6,5,-81.868,-20.7883
12.5,12,0,23,6,5,-81.8793,-20.788
12.5,13,2,23,6,4,-82.1839,-20.6118
12.5,14,1,23,6,4,-82.2592,-20.6115
12.6,0,0,23,6,8,-80.3965,-20.4303
12.6,1,2,23,6,9,-80.8181,-20.8518
12.6,2,1,23,6,9,-80.8246,-20.8522
12.6,3,0,23,6,10,-79.9574,-24.7564
12.6,4,2,23,6,10,-79.9652,-24.7566
12.6,5,1,23,6,10,-79.9874,-24.0203
12.6,6,0,23,6,10,-79.9961,-24.0205
12.6,7,2,23,6,9,-80.4752,-24.9838
12.6,8,1,23,6,9,-80.4849,-24.9839
12.6,9,0,23,6,6,-81.3488,-21.4274
12.6,10,2,23,6,6,-81.3599,-21.4273
12.6,11,1,23,6,5,-81.8667,-20.7883
12.6,12,0,23,6,5,-81.8781,-20.7881
12.6,13,2,23,6,4,-82.1827,-20.6119
12.6,14,1,23,6,4,-82.2586,-20.6115
12.7,0,0,23,6,8,-80.3933,-20.4303
12.7,1,2,23,6,9,-80.8156,-20.8519
12.7,2,1,23,6,9,-80.8221,-20.8522
12.7,3,0,23,6,10,-79.9556,-24.7565
12.7,4,2,23,6,10,-79.9634,-24.7567
12.7,5,1,23,6,10,-79.9859,-24.0203
12.7,6,0,23,6,10,-79.9946,-24.0205
12.7,7,2,23,6,9,-80.4738,-24.9834
12.7,8,1,23,6,9,-80.4836,-24.9836
12.7,9,0,23,6,6,-81.3475,-21.4285
12.7,10,2,23,6,6,-81.3587,-21.4283
12.7,11,1,23,6,5,-81.8653,-20.7875
12.7,12,0,23,6,5,-81.8767,-20.7872
12.7,13,2,23,6,4,-82.1815,-20.6119
12.7,14,1,23,6,4,-82.2581,-20.6115
12.8,0,0,23,6,8,-80.39,-20.4304
12.8,1,2,23,6,9,-80.8129,-20.8519
12.8,2,1,23,6,9,-80.8195,-20.8523
12.8,3,0,23,6,10,-79.9537,-24.7565
12.8,4,2,23,6,10,-79.9616,-24.7567
12.8,5,1,23,6,10,-79.9843,-24.0203
12.8,6,0,23,6,10,-79.9931,-24.0205
12.8,7,2,23,6,9,-80.4723,-24.9838
12.8,8,1,23,6,9,-80.4822,-24.984
12.8,9,0,23,6,6,-81.346,-21.4275
12.8,10,2,23,6,6,-81.3573,-21.4274
12.8,11,1,23,6,5,-81.8639,-20.7882
12.8,12,0,23,6,5,-81.8754,-20.7879
12.8,13,2,23,6,4,-82.1803,-20.6119
12.8,14,1,23,6,4,-82.2575,-20.6116
12.9,0,0,23,6,8,-80.3867,-20.4312
12.9,1,2,23,6,9,-80.8103,-20.8527
12.9,2,1,23,6,9,-80.817,-20.853
12.9,3,0,23,6,10,-79.9517,-24.7565
12.9,4,2,23,6,10,-79.9598,-24.7567
12.9,5,1,23,6,10,-79.9826,-24.0201
12.9,6,0,23,6,10,-79.9915,-24.0202
12.9,7,2,23,6,9,-80.4709,-24.9839
12.9,8,1,23,6,9,-80.4808,-24.984
12.9,9,0,23,6,6,-81.3445,-21.4284
12.9,10,2,23,6,6,-81.3559,-21.4282
12.9,11,1,23,6,5,-81.8626,-20.7876
12.9,12,0,23,6,5,-81.8742,-20.7873
12.9,13,2,23,6,4,-82.1792,-20.6129
12.9,14,1,23,6,4,-82.2571,-20.6126
13,0,0,23,6,8,-80.3359,-20.4312
13,1,2,23,6,9,-80.8076,-20.8527
13,2,1,23,6,9,-80.8144,-20.853
13,3,0,23,6,10,-79.9498,-24.7565
13,4,2,23,6,10,-79.958,-24.7567
13,5,1,23,6,10,-79.981,-24.0201
13,6,0,23,6,10,-79.99,-24.0203
13,7,2,23,6,9,-80.4694,-24.9839
13,8,1,23,6,9,-80.4794,-24.9841
13,9,0,23,6,6,-81.343,-21.4284
13,10,2,23,6,6,-81.3545,-21.4283
13,11,1,23,6,5,-81.8613,-20.7877
13,12,0,23,6,5,-81.873,-20.7874
13,13,2,23,6,4,-82.178,-20.613
13,14,1,23,6,4,-82.2566,-20.6126
13.1,0,0,23,6,8,-80.3318,-20.4305
13.1,1,2,23,6,9,-80.805,-20.852
13.1,2,1,23,6,9,-80.8119,-20.8523
13.1,3,0,23,6,10,-79.948,-24.7565
13.1,4,2,23,6,10,-79.9562,-24.7567
13.1,5,1,23,6,10,-79.9794,-24.0204
13.1,6,0,23,6,10,-79.9886,-24.0206
13.1,7,2,23,6,9,-80.4679,-24.9835
13.1,8,1,23,6,9,-80.478,-24.9837
13.1,9,0,23,6,6,-81.3418,-21.4287
13.1,10,2,23,6,6,-81.3533,-21.4285
13.1,11,1,23,6,5,-81.86,-20.7877
13.1,12,0,23,6,5,-81.8717,-20.7874
13.1,13,2,23,6,4,-82.1767,-20.612
13.1,14,1,23,6,4,-82.256,-20.6117
13.2,0,0,23,6,8,-80.3277,-20.4315
13.2,1,2,23,6,9,-80.8022,-20.853
13.2,2,1,23,6,9,-80.8092,-20.8534
13.2,3,0,23,6,10,-79.9461,-24.7568
13.2,4,2,23,6,10,-79.9544,-24.757
13.2,5,1,23,6,10,-79.9778,-24.0204
13.2,6,0,23,6,10,-79.9871,-24.0206
13.2,7,2,23,6,9,-80.4666,-24.9842
13.2,8,1,23,6,9,-80.4768,-24.9843
13.2,9,0,23,6,6,-81.3403,-21.4278
13.2,10,2,23,6,6,-81.3519,-21.4276
13.2,11,1,23,6,5,-81.8586,-20.7877
13.2,12,0,23,6,5,-81.8705,-20.7874
13.2,13,2,23,6,4,-82.1754,-20.6128
13.2,14,1,23,6,4,-82.2554,-20.6125
13.3,0,0,23,6,8,-80.3234,-20.4305
13.3,1,2,23,6,9,-80.7994,-20.852
13.3,2,1,23,6,9,-80.8065,-20.8524
13.3,3,0,23,6,10,-79.9441,-24.7565
13.3,4,2,23,6,10,-79.9525,-24.7567
13.3,5,1,23,6,10,-79.9762,-24.0204
13.3,6,0,23,6,10,-79.9855,-24.0206
13.3,7,2,23,6,9,-80.4649,-24.984
13.3,8,1,23,6,9,-80.4752,-24.9841
13.3,9,0,23,6,6,-81.3388,-21.4278
13.3,10,2,23,6,6,-81.3505,-21.4276
13.3,11,1,23,6,5,-81.8574,-20.7887
13.3,12,0,23,6,5,-81.8693,-20.7884
13.3,13,2,23,6,4,-82.1742,-20.6122
13.3,14,1,23,6,4,-82.2549,-20.6118
13.4,0,0,23,6,8,-80.319,-20.4305
13.4,1,2,23,6,9,-80.7966,-20.8521
13.4,2,1,23,6,9,-80.8037,-20.8524
13.4,3,0,23,6,10,-79.9421,-24.7566
13.4,4,2,23,6,10,-79.9506,-24.7568
13.4,5,1,23,6,10,-79.9745,-24.0204
13.4,6,0,23,6,10,-79.9839,-24.0206
13.4,7,2,23,6,9,-80.4634,-24.984
13.4,8,1,23,6,9,-80.4737,-24.9842
13.4,9,0,23,6,6,-81.3373,-21.4279
13.4,10,2,23,6,6,-81.3491,-21.4277
13.4,11,1,23,6,5,-81.856,-20.7887
13.4,12,0,23,6,5,-81.868,-20.7884
13.4,13,2,23,6,4,-82.173,-20.6122
13.4,14,1,23,6,4,-82.2544,-20.6118
13.5,0,0,23,6,8,-80.3147,-20.4306
13.5,1,2,23,6,9,-80.7938,-20.8521
13.5,2,1,23,6,9,-80.801,-20.8525
13.5,3,0,23,6,10,-79.9401,-24.7566
13.5,4,2,23,6,10,-79.9487,-24.7568
13.5,5,1,23,6,10,-79.9728,-24.0205
13.5,6,0,23,6,10,-79.9823,-24.0207
13.5,7,2,23,6,9,-80.4619,-24.984
13.5,8,1,23,6,9,-80.4723,-24.9842
13.5,9,0,23,6,6,-81.3358,-21.4279
13.5,10,2,23,6,6,-81.3477,-21.4278
13.5,11,1,23,6,5,-81.8546,-20.7888
13.5,12,0,23,6,5,-81.8667,-20.7885
13.5,13,2,23,6,4,-82.1717,-20.6122
13.5,14,1,23,6,4,-82.2539,-20.6119
13.6,0,0,23,6,8,-80.3103,-20.4316
13.6,1,2,23,6,9,-80.7909,-20.8531
13.6,2,1,23,6,9,-80.7982,-20.8535
13.6,3,0,23,6,10,-79.9381,-24.7568
13.6,4,2,23,6,10,-79.9468,-24.757
13.6,5,1,23,6,10,-79.9711,-24.0201
13.6,6,0,23,6,10,-79.9807,-24.0203
13.6,7,2,23,6,9,-80.4604,-24.9842
13.6,8,1,23,6,9,-80.471,-24.9844
13.6,9,0,23,6,6,-81.3343,-21.428
13.6,10,2,23,6,6,-81.3463,-21.4278
13.6,11,1,23,6,5,-81.8532,-20.7889
13.6,12,0,23,6,5,-81.8654,-20.7885
13.6,13,2,23,6,4,-82.1704,-20.6123
13.6,14,1,23,6,4,-82.2533,-20.6119
13.7,0,0,23,6,8,-80.3058,-20.4317
13.7,1,2,23,6,9,-80.736,-20.8532
13.7,2,1,23,6,9,-80.7954,-20.8535
13.7,3,0,23,6,10,-79.9361,-24.7568
13.7,4,2,23,6,10,-79.9448,-24.757
13.7,5,1,23,6,10,-79.9694,-24.0201
13.7,6,0,23,6,10,-79.979,-24.0203
13.7,7,2,23,6,9,-80.4589,-24.9842
13.7,8,1,23,6,9,-80.4695,-24.9844
13.7,9,0,23,6,6,-81.3328,-21.4294
13.7,10,2,23,6,6,-81.3449,-21.4279
13.7,11,1,23,6,5,-81.8518,-20.7889
13.7,12,0,23,6,5,-81.8641,-20.7886
13.7,13,2,23,6,4,-82.1692,-20.6123
13.7,14,1,23,6,4,-82.2528,-20.612
13.8,0,0,23,6,8,-80.3011,-20.4317
13.8,1,2,23,6,9,-80.6815,-20.8532
13.8,2,1,23,6,9,-80.7403,-20.8536
13.8,3,0,23,6,10,-79.9339,-24.7569
13.8,4,2,23,6,10,-79.9428,-24.7571
13.8,5,1,23,6,10,-79.9676,-24.0205
13.8,6,0,23,6,10,-79.9774,-24.0207
13.8,7,2,23,6,9,-80.4573,-24.9843
13.8,8,1,23,6,9,-80.468,-24.9845
13.8,9,0,23,6,6,-81.3313,-21.4309
13.8,10,2,23,6,6,-81.3434,-21.4293
13.8,11,1,23,6,5,-81.8503,-20.788
13.8,12,0,23,6,5,-81.8626,-20.7877
13.8,13,2,23,6,4,-82.1679,-20.6131
13.8,14,1,23,6,4,-82.1795,-20.6127
13.9,0,0,23,6,8,-80.2965,-20.4317
13.9,1,2,23,6,9,-80.6774,-20.8532
13.9,2,1,23,6,9,-80.7366,-20.8536
13.9,3,0,23,6,10,-79.9319,-24.7568
13.9,4,2,23,6,10,-79.9408,-24.7571
13.9,5,1,23,6,10,-79.9659,-24.0202
13.9,6,0,23,6,10,-79.9757,-24.0204
13.9,7,2,23,6,9,-80.4557,-24.9843
13.9,8,1,23,6,9,-80.4665,-24.9845
13.9,9,0,23,6,6,-81.3297,-21.431
13.9,10,2,23,6,6,-81.342,-21.4294
13.9,11,1,23,6,5,-81.849,-20.789
13.9,12,0,23,6,5,-81.8614,-20.7887
13.9,13,2,23,6,4,-82.1666,-20.6124
13.9,14,1,23,6,4,-82.1784,-20.612
14,0,0,23,6,8,-80.2916,-20.4308
14,1,2,23,6,9,-80.6731,-20.8523
14,2,1,23,6,9,-80.7327,-20.8527
14,3,0,23,6,10,-79.9297,-24.7567
14,4,2,23,6,10,-79.9387,-24.7569
14,5,1,23,6,10,-79.964,-24.0206
14,6,0,23,6,10,-79.974,-24.0208
14,7,2,23,6,9,-80.4539,-24.9842
14,8,1,23,6,9,-80.4648,-24.9844
14,9,0,23,6,6,-81.3282,-21.4311
14,10,2,23,6,6,-81.3405,-21.4295
14,11,1,23,6,5,-81.8475,-20.7891
14,12,0,23,6,5,-81.86,-20.7887
14,13,2,23,6,4,-82.1653,-20.6125
14,14,1,23,6,4,-82.1771,-20.6121
14.1,0,0,23,6,8,-80.2868,-20.4308
14.1,1,2,23,6,9,-80.6689,-20.8523
14.1,2,1,23,6,9,-80.6777,-20.8527
14.1,3,0,23,6,10,-79.9275,-24.7567
14.1,4,2,23,6,10,-79.9366,-24.7569
14.1,5,1,23,6,10,-79.9623,-24.0206
14.1,6,0,23,6,10,-79.9723,-24.0208
14.1,7,2,23,6,9,-80.4523,-24.9838
14.1,8,1,23,6,9,-80.4633,-24.984
14.1,9,0,23,6,6,-81.3267,-21.4322
14.1,10,2,23,6,6,-81.3391,-21.4319
14.1,11,1,23,6,5,-81.846,-20.7883
14.1,12,0,23,6,5,-81.8585,-20.7879
14.1,13,2,23,6,4,-82.1641,-20.6125
14.1,14,1,23,6,4,-82.1759,-20.6121
14.2,0,0,23,6,8,-80.282,-20.4318
14.2,1,2,23,6,9,-80.6646,-20.8533
14.2,2,1,23,6,9,-80.6735,-20.8537
14.2,3,0,23,6,10,-79.9254,-24.7569
14.2,4,2,23,6,10,-79.9346,-24.7571
14.2,5,1,23,6,10,-79.9605,-24.0202
14.2,6,0,23,6,10,-79.9706,-24.0205
14.2,7,2,23,6,9,-80.4509,-24.9844
14.2,8,1,23,6,9,-80.4619,-24.9846
14.2,9,0,23,6,6,-81.3251,-21.4313
14.2,10,2,23,6,6,-81.3375,-21.431
14.2,11,1,23,6,5,-81.8447,-20.7892
14.2,12,0,23,6,5,-81.8573,-20.7889
14.2,13,2,23,6,4,-82.1628,-20.6126
14.2,14,1,23,6,4,-82.1747,-20.6122
14.3,0,0,23,6,8,-80.2768,-20.4317
14.3,1,2,23,6,9,-80.6601,-20.8531
14.3,2,1,23,6,9,-80.6691,-20.8535
14.3,3,0,23,6,10,-79.923,-24.7567
14.3,4,2,23,6,10,-79.9323,-24.757
14.3,5,1,23,6,10,-79.9585,-24.0204
14.3,6,0,23,6,10,-79.9687,-24.0206
14.3,7,2,23,6,9,-80.449,-24.9843
14.3,8,1,23,6,9,-80.4601,-24.9845
14.3,9,0,23,6,6,-81.3233,-21.4322
14.3,10,2,23,6,6,-81.3359,-21.4319
14.3,11,1,23,6,5,-81.8431,-20.7884
14.3,12,0,23,6,5,-81.8557,-20.788
14.3,13,2,23,6,4,-82.1615,-20.6136
14.3,14,1,23,6,4,-82.1735,-20.6132
14.4,0,0,23,6,8,-80.2717,-20.4317
14.4,1,2,23,6,9,-80.6556,-20.8532
14.4,2,1,23,6,9,-80.6648,-20.8536
14.4,3,0,23,6,10,-79.9208,-24.7568
14.4,4,2,23,6,10,-79.9302,-24.757
14.4,5,1,23,6,10,-79.9567,-24.0204
14.4,6,0,23,6,10,-79.967,-24.0206
14.4,7,2,23,6,9,-80.4473,-24.9843
14.4,8,1,23,6,9,-80.4586,-24.9845
14.4,9,0,23,6,6,-81.3217,-21.4323
14.4,10,2,23,6,6,-81.3344,-21.432
14.4,11,1,23,6,5,-81.8416,-20.7884
14.4,12,0,23,6,5,-81.8543,-20.7881
14.4,13,2,23,6,4,-82.1602,-20.6136
14.4,14,1,23,6,4,-82.1722,-20.6132
14.5,0,0,23,6,8,-80.2667,-20.432
14.5,1,2,23,6,9,-80.6511,-20.8534
14.5,2,1,23,6,9,-80.6604,-20.8539
14.5,3,0,23,6,10,-79.9186,-24.757
14.5,4,2,23,6,10,-79.9282,-24.7572
14.5,5,1,23,6,10,-79.9549,-24.0203
14.5,6,0,23,6,10,-79.9653,-24.0205
14.5,7,2,23,6,9,-80.4458,-24.9845
14.5,8,1,23,6,9,-80.4571,-24.9847
14.5,9,0,23,6,6,-81.3202,-21.4316
14.5,10,2,23,6,6,-81.3329,-21.4313
14.5,11,1,23,6,5,-81.8402,-20.7894
14.5,12,0,23,6,5,-81.853,-20.789
14.5,13,2,23,6,4,-82.1588,-20.6127
14.5,14,1,23,6,4,-82.1708,-20.6123
14.6,0,0,23,6,8,-80.2613,-20.431
14.6,1,2,23,6,9,-80.6465,-20.8525
14.6,2,1,23,6,9,-80.6559,-20.8529
14.6,3,0,23,6,10,-79.9162,-24.7564
14.6,4,2,23,6,10,-79.9258,-24.7566
14.6,5,1,23,6,10,-79.9529,-24.0204
14.6,6,0,23,6,10,-79.9634,-24.0207
14.6,7,2,23,6,9,-80.4439,-24.9844
14.6,8,1,23,6,9,-80.4554,-24.9846
14.6,9,0,23,6,6,-81.3186,-21.4327
14.6,10,2,23,6,6,-81.3314,-21.4325
14.6,11,1,23,6,5,-81.8386,-20.7886
14.6,12,0,23,6,5,-81.8515,-20.7882
14.6,13,2,23,6,4,-82.1575,-20.6137
14.6,14,1,23,6,4,-82.1696,-20.6133
14.7,0,0,23,6,8,-80.2559,-20.4311
14.7,1,2,23,6,9,-80.6417,-20.8525
14.7,2,1,23,6,9,-80.6513,-20.8529
14.7,3,0,23,6,10,-79.8711,-24.7568
14.7,4,2,23,6,10,-79.8805,-24.757
14.7,5,1,23,6,10,-79.951,-24.0208
14.7,6,0,23,6,10,-79.9617,-24.021
14.7,7,2,23,6,9,-80.4422,-24.9849
14.7,8,1,23,6,9,-80.4537,-24.9851
14.7,9,0,23,6,6,-81.3169,-21.4328
14.7,10,2,23,6,6,-81.3299,-21.4326
14.7,11,1,23,6,5,-81.8371,-20.7902
14.7,12,0,23,6,5,-81.85,-20.7899
14.7,13,2,23,6,4,-82.1561,-20.6128
14.7,14,1,23,6,4,-82.1682,-20.6124
14.8,0,0,23,6,8,-80.2505,-20.4319
14.8,1,2,23,6,9,-80.6369,-20.8533
14.8,2,1,23,6,9,-80.6466,-20.8537
14.8,3,0,23,6,10,-79.868,-24.7569
14.8,4,2,23,6,10,-79.8775,-24.7571
14.8,5,1,23,6,10,-79.949,-24.0205
14.8,6,0,23,6,10,-79.9597,-24.0207
14.8,7,2,23,6,9,-80.4405,-24.9853
14.8,8,1,23,6,9,-80.4521,-24.9855
14.8,9,0,23,6,6,-81.3151,-21.4327
14.8,10,2,23,6,6,-81.3281,-21.4325
14.8,11,1,23,6,5,-81.8356,-20.7903
14.8,12,0,23,6,5,-81.8486,-20.79
14.8,13,2,23,6,4,-82.1548,-20.6138
14.8,14,1,23,6,4,-82.167,-20.6134
14.9,0,0,23,6,8,-80.2449,-20.4311
14.9,1,2,23,6,9,-80.6321,-20.8526
14.9,2,1,23,6,9,-80.6419,-20.853
14.9,3,0,23,6,10,-79.8649,-24.7569
14.9,4,2,23,6,10,-79.8746,-24.7571
14.9,5,1,23,6,10,-79.9471,-24.0208
14.9,6,0,23,6,10,-79.9579,-24.021
14.9,7,2,23,6,9,-80.4387,-24.9854
14.9,8,1,23,6,9,-80.4504,-24.9856
14.9,9,0,23,6,6,-81.3135,-21.4321
14.9,10,2,23,6,6,-81.3266,-21.4318
14.9,11,1,23,6,5,-81.8341,-20.7913
14.9,12,0,23,6,5,-81.8472,-20.791
14.9,13,2,23,6,4,-82.1533,-20.6129
14.9,14,1,23,6,4,-82.1656,-20.6125
15,0,0,23,6,8,-80.2394,-20.4322
15,1,2,23,6,9,-80.6272,-20.8536
15,2,1,23,6,9,-80.6371,-20.8541
15,3,0,23,6,10,-79.8618,-24.7571
15,4,2,23,6,10,-79.8716,-24.7573
15,5,1,23,6,10,-79.9451,-24.0205
15,6,0,23,6,10,-79.9561,-24.0207
15,7,2,23,6,9,-80.4371,-24.9856
15,8,1,23,6,9,-80.4489,-24.9858
15,9,0,23,6,6,-81.3118,-21.4322
15,10,2,23,6,6,-81.325,-21.4319
15,11,1,23,6,5,-81.8326,-20.7914
15,12,0,23,6,5,-81.8458,-20.791
15,13,2,23,6,4,-82.1519,-20.613
15,14,1,23,6,4,-82.1643,-20.6126
15.1,0,0,23,6,8,-80.2337,-20.4312
15.1,1,2,23,6,9,-80.622,-20.8527
15.1,2,1,23,6,9,-80.6324,-20.8531
15.1,3,0,23,6,10,-79.8586,-24.7569
15.1,4,2,23,6,10,-79.8688,-24.7571
15.1,5,1,23,6,10,-79.9429,-24.0209
15.1,6,0,23,6,10,-79.9543,-24.0211
15.1,7,2,23,6,9,-80.4349,-24.9855
15.1,8,1,23,6,9,-80.4472,-24.9857
15.1,9,0,23,6,6,-81.3099,-21.4323
15.1,10,2,23,6,6,-81.3235,-21.432
15.1,11,1,23,6,5,-81.8308,-20.7915
15.1,12,0,23,6,5,-81.8444,-20.7911
15.1,13,2,23,6,4,-82.1503,-20.6131
15.1,14,1,23,6,4,-82.1631,-20.6126
15.2,0,0,23,6,8,-80.2279,-20.4321
15.2,1,2,23,6,9,-80.6168,-20.8535
15.2,2,1,23,6,9,-80.6276,-20.8539
15.2,3,0,23,6,10,-79.8553,-24.7569
15.2,4,2,23,6,10,-79.8659,-24.7572
15.2,5,1,23,6,10,-79.9407,-24.0206
15.2,6,0,23,6,10,-79.9525,-24.0209
15.2,7,2,23,6,9,-80.4329,-24.9855
15.2,8,1,23,6,9,-80.4456,-24.9858
15.2,9,0,23,6,6,-81.3079,-21.4332
15.2,10,2,23,6,6,-81.322,-21.4329
15.2,11,1,23,6,5,-81.8289,-20.7907
15.2,12,0,23,6,5,-81.843,-20.7903
15.2,13,2,23,6,4,-82.1488,-20.6141
15.2,14,1,23,6,4,-82.162,-20.6136
15.3,0,0,23,6,8,-80.2221,-20.4314
15.3,1,2,23,6,9,-80.6116,-20.8528
15.3,2,1,23,6,9,-80.6229,-20.8532
15.3,3,0,23,6,10,-79.8101,-24.7566
15.3,4,2,23,6,10,-79.8632,-24.7568
15.3,5,1,23,6,10,-79.9385,-24.0206
15.3,6,0,23,6,10,-79.9507,-24.0209
15.3,7,2,23,6,9,-80.431,-24.9856
15.3,8,1,23,6,9,-80.4441,-24.9867
15.3,9,0,23,6,6,-81.3061,-21.4336
15.3,10,2,23,6,6,-81.3207,-21.4332
15.3,11,1,23,6,5,-81.8272,-20.7924
15.3,12,0,23,6,5,-81.8417,-20.7904
15.3,13,2,23,6,4,-82.1472,-20.6141
15.3,14,1,23,6,4,-82.1609,-20.6137
15.4,0,0,23,6,8,-80.2162,-20.4322
15.4,1,2,23,6,9,-80.6062,-20.8535
15.4,2,1,23,6,9,-80.618,-20.854
15.4,3,0,23,6,10,-79.8063,-24.757
15.4,4,2,23,6,10,-79.8603,-24.7572
15.4,5,1,23,6,10,-79.9362,-24.0207
15.4,6,0,23,6,10,-79.9489,-24.0209
15.4,7,2,23,6,9,-80.4289,-24.9856
15.4,8,1,23,6,9,-80.4425,-24.9867
15.4,9,0,23,6,6,-81.3039,-21.4335
15.4,10,2,23,6,6,-81.3191,-21.4332
15.4,11,1,23,6,5,-81.8253,-20.7925
15.4,12,0,23,6,5,-81.8404,-20.7905
15.4,13,2,23,6,4,-82.1456,-20.6142
15.4,14,1,23,6,4,-82.1596,-20.6137
15.5,0,0,23,6,8,-80.2102,-20.4314
15.5,1,2,23,6,9,-80.6008,-20.8528
15.5,2,1,23,6,9,-80.6131,-20.8533
15.5,3,0,23,6,10,-79.8026,-24.757
15.5,4,2,23,6,10,-79.8576,-24.7572
15.5,5,1,23,6,10,-79.9341,-24.021
15.5,6,0,23,6,10,-79.9472,-24.0213
15.5,7,2,23,6,9,-80.4269,-24.9857
15.5,8,1,23,6,9,-80.441,-24.9868
15.5,9,0,23,6,6,-81.3021,-21.4328
15.5,10,2,23,6,6,-81.3177,-21.4325
15.5,11,1,23,6,5,-81.8236,-20.7935
15.5,12,0,23,6,5,-81.8392,-20.7915
15.5,13,2,23,6,4,-82.1439,-20.6133
15.5,14,1,23,6,4,-82.1584,-20.6128
15.6,0,0,23,6,8,-80.2042,-20.4325
15.6,1,2,23,6,9,-80.5953,-20.8539
15.6,2,1,23,6,9,-80.6081,-20.8544
15.6,3,0,23,6,10,-79.7987,-24.7572
15.6,4,2,23,6,10,-79.8547,-24.7575
15.6,5,1,23,6,10,-79.9317,-24.0206
15.6,6,0,23,6,10,-79.9454,-24.0209
15.6,7,2,23,6,9,-80.4249,-24.9859
15.6,8,1,23,6,9,-80.4395,-24.987
15.6,9,0,23,6,6,-81.3,-21.433
15.6,10,2,23,6,6,-81.3162,-21.4326
15.6,11,1,23,6,5,-81.8217,-20.7937
15.6,12,0,23,6,5,-81.8378,-20.7916
15.6,13,2,23,6,4,-82.1422,-20.6134
15.6,14,1,23,6,4,-82.1572,-20.6129
15.7,0,0,23,6,8,-80.1981,-20.4326
15.7,1,2,23,6,9,-80.5897,-20.8539
15.7,2,1,23,6,9,-80.6031,-20.8544
15.7,3,0,23,6,10,-79.7948,-24.7572
15.7,4,2,23,6,10,-79.8518,-24.7575
15.7,5,1,23,6,10,-79.8865,-24.0216
15.7,6,0,23,6,10,-79.9007,-24.0219
15.7,7,2,23,6,9,-80.4228,-24.9859
15.7,8,1,23,6,9,-80.4379,-24.9871
15.7,9,0,23,6,6,-81.298,-21.4331
15.7,10,2,23,6,6,-81.3147,-21.4327
15.7,11,1,23,6,5,-81.8199,-20.7938
15.7,12,0,23,6,5,-81.8365,-20.7916
15.7,13,2,23,6,4,-82.1405,-20.6151
15.7,14,1,23,6,4,-82.156,-20.6146
15.8,0,0,23,6,8,-80.1916,-20.4316
15.8,1,2,23,6,9,-80.584,-20.8529
15.8,2,1,23,6,9,-80.5979,-20.8535
15.8,3,0,23,6,10,-79.7906,-24.7571
15.8,4,2,23,6,10,-79.8487,-24.7573
15.8,5,1,23,6,10,-79.8835,-24.022
15.8,6,0,23,6,10,-79.8983,-24.0223
15.8,7,2,23,6,9,-80.4205,-24.9854
15.8,8,1,23,6,9,-80.4361,-24.9867
15.8,9,0,23,6,6,-81.2959,-21.4342
15.8,10,2,23,6,6,-81.3132,-21.4339
15.8,11,1,23,6,5,-81.8178,-20.7931
15.8,12,0,23,6,5,-81.8349,-20.7909
15.8,13,2,23,6,4,-82.1388,-20.6152
15.8,14,1,23,6,4,-82.1547,-20.6146
15.9,0,0,23,6,8,-80.1854,-20.4327
15.9,1,2,23,6,9,-80.5782,-20.854
15.9,2,1,23,6,9,-80.5927,-20.8546
15.9,3,0,23,6,10,-79.7867,-24.7572
15.9,4,2,23,6,10,-79.804,-24.7576
15.9,5,1,23,6,10,-79.8805,-24.0216
15.9,6,0,23,6,10,-79.8959,-24.022
15.9,7,2,23,6,9,-80.4185,-24.9869
15.9,8,1,23,6,9,-80.4347,-24.9873
15.9,9,0,23,6,6,-81.2938,-21.4334
15.9,10,2,23,6,6,-81.3117,-21.433
15.9,11,1,23,6,5,-81.816,-20.7941
15.9,12,0,23,6,5,-81.8337,-20.7934
15.9,13,2,23,6,4,-82.1371,-20.6153
15.9,14,1,23,6,4,-82.1535,-20.6147
16,0,0,23,6,8,-80.1788,-20.4327
16,1,2,23,6,9,-80.5723,-20.854
16,2,1,23,6,9,-80.5874,-20.8546
16,3,0,23,6,10,-79.7825,-24.7573
16,4,2,23,6,10,-79.8005,-24.7577
16,5,1,23,6,10,-79.8775,-24.0221
16,6,0,23,6,10,-79.8935,-24.0224
16,7,2,23,6,9,-80.4163,-24.987
16,8,1,23,6,9,-80.433,-24.9874
16,9,0,23,6,6,-81.2916,-21.4335
16,10,2,23,6,6,-81.3101,-21.4331
16,11,1,23,6,5,-81.814,-20.7932
16,12,0,23,6,5,-81.8322,-20.7926
16,13,2,23,6,4,-82.1353,-20.6161
16,14,1,23,6,4,-82.1523,-20.6155
16.1,0,0,23,6,8,-80.1723,-20.4328
16.1,1,2,23,6,9,-80.5664,-20.8541
16.1,2,1,23,6,9,-80.5821,-20.8547
16.1,3,0,23,6,10,-79.7783,-24.7573
16.1,4,2,23,6,10,-79.7971,-24.7576
16.1,5,1,23,6,10,-79.8744,-24.0217
16.1,6,0,23,6,10,-79.8911,-24.0221
16.1,7,2,23,6,9,-80.414,-24.987
16.1,8,1,23,6,9,-80.4314,-24.9874
16.1,9,0,23,6,6,-81.2895,-21.4337
16.1,10,2,23,6,6,-81.3086,-21.4332
16.1,11,1,23,6,5,-81.8121,-20.7944
16.1,12,0,23,6,5,-81.831,-20.7936
16.1,13,2,23,6,4,-82.1336,-20.6155
16.1,14,1,23,6,4,-82.1511,-20.6148
16.2,0,0,23,6,8,-80.1654,-20.4319
16.2,1,2,23,6,9,-80.5602,-20.8532
16.2,2,1,23,6,9,-80.5765,-20.8538
16.2,3,0,23,6,10,-79.7739,-24.7571
16.2,4,2,23,6,10,-79.7934,-24.7575
16.2,5,1,23,6,10,-79.8713,-24.0222
16.2,6,0,23,6,10,-79.8886,-24.0225
16.2,7,2,23,6,9,-80.4116,-24.9869
16.2,8,1,23,6,9,-80.4295,-24.9873
16.2,9,0,23,6,6,-81.2872,-21.4338
16.2,10,2,23,6,6,-81.307,-21.4334
16.2,11,1,23,6,5,-81.8099,-20.7943
16.2,12,0,23,6,5,-81.8294,-20.7935
16.2,13,2,23,6,4,-82.1317,-20.6156
16.2,14,1,23,6,4,-82.1498,-20.6149
16.3,0,0,23,6,8,-80.1586,-20.4327
16.3,1,2,23,6,9,-80.5541,-20.8539
16.3,2,1,23,6,9,-80.571,-20.8546
16.3,3,0,23,6,10,-79.7695,-24.7572
16.3,4,2,23,6,10,-79.7898,-24.7575
16.3,5,1,23,6,10,-79.868,-24.0219
16.3,6,0,23,6,10,-79.8861,-24.0223
16.3,7,2,23,6,9,-80.4093,-24.987
16.3,8,1,23,6,9,-80.4278,-24.9874
16.3,9,0,23,6,6,-81.2849,-21.4348
16.3,10,2,23,6,6,-81.3053,-21.4343
16.3,11,1,23,6,5,-81.8079,-20.7938
16.3,12,0,23,6,5,-81.828,-20.793
16.3,13,2,23,6,4,-82.1301,-20.6166
16.3,14,1,23,6,4,-82.1487,-20.6159
16.4,0,0,23,6,8,-80.1517,-20.432
16.4,1,2,23,6,9,-80.5478,-20.8532
16.4,2,1,23,6,9,-80.5655,-20.8539
16.4,3,0,23,6,10,-79.7652,-24.7572
16.4,4,2,23,6,10,-79.7862,-24.7575
16.4,5,1,23,6,10,-79.8226,-24.0222
16.4,6,0,23,6,10,-79.8836,-24.0236
16.4,7,2,23,6,9,-80.4069,-24.9867
16.4,8,1,23,6,9,-80.4261,-24.9871
16.4,9,0,23,6,6,-81.2828,-21.4351
16.4,10,2,23,6,6,-81.3039,-21.4347
16.4,11,1,23,6,5,-81.8058,-20.7939
16.4,12,0,23,6,5,-81.8266,-20.7931
16.4,13,2,23,6,4,-82.1281,-20.6174
16.4,14,1,23,6,4,-82.1473,-20.615
16.5,0,0,23,6,8,-80.1447,-20.432
16.5,1,2,23,6,9,-80.5415,-20.8532
16.5,2,1,23,6,9,-80.5598,-20.854
16.5,3,0,23,6,10,-79.7608,-24.7572
16.5,4,2,23,6,10,-79.7827,-24.7576
16.5,5,1,23,6,10,-79.8189,-24.0223
16.5,6,0,23,6,10,-79.8811,-24.0236
16.5,7,2,23,6,9,-80.4046,-24.9871
16.5,8,1,23,6,9,-80.4245,-24.9876
16.5,9,0,23,6,6,-81.2805,-21.4343
16.5,10,2,23,6,6,-81.3023,-21.4338
16.5,11,1,23,6,5,-81.8039,-20.7949
16.5,12,0,23,6,5,-81.8253,-20.7941
16.5,13,2,23,6,4,-82.1263,-20.6176
16.5,14,1,23,6,4,-82.1461,-20.6151
16.6,0,0,23,6,8,-80.1376,-20.4321
16.6,1,2,23,6,9,-80.535,-20.8533
16.6,2,1,23,6,9,-80.5541,-20.854
16.6,3,0,23,6,10,-79.7562,-24.7572
16.6,4,2,23,6,10,-79.7789,-24.7576
16.6,5,1,23,6,10,-79.8151,-24.0223
16.6,6,0,23,6,10,-79.8785,-24.0237
16.6,7,2,23,6,9,-80.4022,-24.9872
16.6,8,1,23,6,9,-80.4227,-24.9877
16.6,9,0,23,6,6,-81.2782,-21.4345
16.6,10,2,23,6,6,-81.3006,-21.4339
16.6,11,1,23,6,5,-81.8018,-20.7951
16.6,12,0,23,6,5,-81.8239,-20.7942
16.6,13,2,23,6,4,-82.1244,-20.6177
16.6,14,1,23,6,4,-82.1448,-20.6152
16.7,0,0,23,6,8,-80.1303,-20.4322
16.7,1,2,23,6,9,-80.5284,-20.8533
16.7,2,1,23,6,9,-80.5483,-20.8541
16.7,3,0,23,6,10,-79.7516,-24.7572
16.7,4,2,23,6,10,-79.7752,-24.7576
16.7,5,1,23,6,10,-79.8112,-24.0224
16.7,6,0,23,6,10,-79.876,-24.0238
16.7,7,2,23,6,9,-80.3998,-24.9872
16.7,8,1,23,6,9,-80.421,-24.9877
16.7,9,0,23,6,6,-81.2758,-21.4346
16.7,10,2,23,6,6,-81.2991,-21.4341
16.7,11,1,23,6,5,-81.7997,-20.7952
16.7,12,0,23,6,5,-81.8224,-20.7943
16.7,13,2,23,6,4,-82.1226,-20.6178
16.7,14,1,23,6,4,-82.1436,-20.6153
16.8,0,0,23,6,8,-80.1229,-20.434
16.8,1,2,23,6,9,-80.5217,-20.8534
16.8,2,1,23,6,9,-80.5423,-20.8559
16.8,3,0,23,6,10,-79.7469,-24.7573
16.8,4,2,23,6,10,-79.7713,-24.7586
16.8,5,1,23,6,10,-79.8073,-24.0224
16.8,6,0,23,6,10,-79.8733,-24.0238
16.8,7,2,23,6,9,-80.3493,-24.9873
16.8,8,1,23,6,9,-80.4192,-24.9878
16.8,9,0,23,6,6,-81.2734,-21.4348
16.8,10,2,23,6,6,-81.2974,-21.4342
16.8,11,1,23,6,5,-81.7973,-20.7952
16.8,12,0,23,6,5,-81.8208,-20.7943
16.8,13,2,23,6,4,-82.1206,-20.618
16.8,14,1,23,6,4,-82.1422,-20.6154
16.9,0,0,23,6,8,-80.1155,-20.4341
16.9,1,2,23,6,9,-80.515,-20.8534
16.9,2,1,23,6,9,-80.5364,-20.856
16.9,3,0,23,6,10,-79.7421,-24.7573
16.9,4,2,23,6,10,-79.7675,-24.7587
16.9,5,1,23,6,10,-79.8033,-24.0225
16.9,6,0,23,6,10,-79.8707,-24.0239
16.9,7,2,23,6,9,-80.3462,-24.987
16.9,8,1,23,6,9,-80.4175,-24.9875
16.9,9,0,23,6,6,-81.2711,-21.436
16.9,10,2,23,6,6,-81.2959,-21.4354
16.9,11,1,23,6,5,-81.7952,-20.7947
16.9,12,0,23,6,5,-81.8194,-20.7937
16.9,13,2,23,6,4,-82.1187,-20.6181
16.9,14,1,23,6,4,-82.141,-20.6154
17,0,0,23,6,8,-80.1078,-20.435
17,1,2,23,6,9,-80.508,-20.8559
17,2,1,23,6,9,-80.5303,-20.8568
17,3,0,23,6,10,-79.7372,-24.7582
17,4,2,23,6,10,-79.7636,-24.7587
17,5,1,23,6,10,-79.7992,-24.0222
17,6,0,23,6,10,-79.8679,-24.0237
17,7,2,23,6,9,-80.343,-24.9875
17,8,1,23,6,9,-80.3679,-24.988
17,9,0,23,6,6,-81.2685,-21.4359
17,10,2,23,6,6,-81.294,-21.4353
17,11,1,23,6,5,-81.793,-20.7949
17,12,0,23,6,5,-81.8179,-20.7938
17,13,2,23,6,4,-82.1168,-20.6192
17,14,1,23,6,4,-82.1398,-20.6165
17.1,0,0,23,6,8,-80.1002,-20.4353
17.1,1,2,23,6,9,-80.5011,-20.8562
17.1,2,1,23,6,9,-80.5242,-20.8572
17.1,3,0,23,6,10,-79.7324,-24.7584
17.1,4,2,23,6,10,-79.7598,-24.7589
17.1,5,1,23,6,10,-79.7952,-24.0222
17.1,6,0,23,6,10,-79.8654,-24.0237
17.1,7,2,23,6,9,-80.3399,-24.9877
17.1,8,1,23,6,9,-80.3658,-24.9883
17.1,9,0,23,6,6,-81.2662,-21.4353
17.1,10,2,23,6,6,-81.2925,-21.4347
17.1,11,1,23,6,5,-81.7909,-20.7959
17.1,12,0,23,6,5,-81.8166,-20.7948
17.1,13,2,23,6,4,-82.1148,-20.6184
17.1,14,1,23,6,4,-82.1384,-20.6156
17.2,0,0,23,6,8,-80.0923,-20.4344
17.2,1,2,23,6,9,-80.4939,-20.8553
17.2,2,1,23,6,9,-80.5179,-20.8563
17.2,3,0,23,6,10,-79.7273,-24.7583
17.2,4,2,23,6,10,-79.7557,-24.7588
17.2,5,1,23,6,10,-79.791,-24.0226
17.2,6,0,23,6,10,-79.8626,-24.0242
17.2,7,2,23,6,9,-80.3365,-24.9876
17.2,8,1,23,6,9,-80.3632,-24.9882
17.2,9,0,23,6,6,-81.2636,-21.4355
17.2,10,2,23,6,6,-81.2908,-21.4348
17.2,11,1,23,6,5,-81.7884,-20.7959
17.2,12,0,23,6,5,-81.8149,-20.7948
17.2,13,2,23,6,4,-82.1128,-20.6185
17.2,14,1,23,6,4,-82.1371,-20.6157
17.3,0,0,23,6,8,-80.0843,-20.4345
17.3,1,2,23,6,9,-80.4868,-20.8554
17.3,2,1,23,6,9,-80.5117,-20.8564
17.3,3,0,23,6,10,-79.7222,-24.7579
17.3,4,2,23,6,10,-79.7517,-24.7585
17.3,5,1,23,6,10,-79.7867,-24.0223
17.3,6,0,23,6,10,-79.8598,-24.0239
17.3,7,2,23,6,9,-80.3331,-24.9877
17.3,8,1,23,6,9,-80.3609,-24.9883
17.3,9,0,23,6,6,-81.2612,-21.4367
17.3,10,2,23,6,6,-81.2892,-21.436
17.3,11,1,23,6,5,-81.7862,-20.7954
17.3,12,0,23,6,5,-81.8135,-20.7942
17.3,13,2,23,6,4,-82.1109,-20.6196
17.3,14,1,23,6,4,-82.1359,-20.6167
17.4,0,0,23,6,8,-80.0761,-20.4371
17.4,1,2,23,6,9,-80.4793,-20.8562
17.4,2,1,23,6,9,-80.5051,-20.8589
17.4,3,0,23,6,10,-79.717,-24.7584
17.4,4,2,23,6,10,-79.7476,-24.7598
17.4,5,1,23,6,10,-79.7823,-24.0224
17.4,6,0,23,6,10,-79.857,-24.024
17.4,7,2,23,6,9,-80.2831,-24.9878
17.4,8,1,23,6,9,-80.3585,-24.9884
17.4,9,0,23,6,6,-81.2584,-21.4367
17.4,10,2,23,6,6,-81.2873,-21.436
17.4,11,1,23,6,5,-81.7838,-20.7955
17.4,12,0,23,6,5,-81.812,-20.7944
17.4,13,2,23,6,4,-82.1087,-20.6196
17.4,14,1,23,6,4,-82.1344,-20.6166
17.5,0,0,23,6,8,-80.0238,-20.4374
17.5,1,2,23,6,9,-80.472,-20.8565
17.5,2,1,23,6,9,-80.4988,-20.8593
17.5,3,0,23,6,10,-79.712,-24.7586
17.5,4,2,23,6,10,-79.7437,-24.7601
17.5,5,1,23,6,10,-79.7782,-24.0233
17.5,6,0,23,6,10,-79.8124,-24.024
17.5,7,2,23,6,9,-80.2793,-24.988
17.5,8,1,23,6,9,-80.3563,-24.9886
17.5,9,0,23,6,6,-81.2559,-21.4361
17.5,10,2,23,6,6,-81.2858,-21.4353
17.5,11,1,23,6,5,-81.7817,-20.7966
17.5,12,0,23,6,5,-81.8106,-20.7954
17.5,13,2,23,6,4,-82.1067,-20.619
17.5,14,1,23,6,4,-82.1332,-20.6176
17.6,0,0,23,6,8,-80.0149,-20.4365
17.6,1,2,23,6,9,-80.4643,-20.8556
17.6,2,1,23,6,9,-80.4921,-20.8585
17.6,3,0,23,6,10,-79.7066,-24.7584
17.6,4,2,23,6,10,-79.7394,-24.76
17.6,5,1,23,6,10,-79.7737,-24.0237
17.6,6,0,23,6,10,-79.8092,-24.0245
17.6,7,2,23,6,9,-80.2751,-24.9879
17.6,8,1,23,6,9,-80.3537,-24.9886
17.6,9,0,23,6,6,-81.2532,-21.4363
17.6,10,2,23,6,6,-81.284,-21.4355
17.6,11,1,23,6,5,-81.7792,-20.7968
17.6,12,0,23,6,5,-81.8091,-20.7955
17.6,13,2,23,6,4,-82.1046,-20.6191
17.6,14,1,23,6,4,-82.1318,-20.6177
17.7,0,0,23,6,8,-80.006,-20.4367
17.7,1,2,23,6,9,-80.4566,-20.8557
17.7,2,1,23,6,9,-80.4854,-20.8586
17.7,3,0,23,6,10,-79.7012,-24.7585
17.7,4,2,23,6,10,-79.7352,-24.7601
17.7,5,1,23,6,10,-79.7692,-24.0238
17.7,6,0,23,6,10,-79.806,-24.0246
17.7,7,2,23,6,9,-80.2711,-24.988
17.7,8,1,23,6,9,-80.3513,-24.9887
17.7,9,0,23,6,6,-81.2506,-21.4365
17.7,10,2,23,6,6,-81.2823,-21.4357
17.7,11,1,23,6,5,-81.7767,-20.7968
17.7,12,0,23,6,5,-81.8074,-20.7955
17.7,13,2,23,6,4,-82.1025,-20.6193
17.7,14,1,23,6,4,-82.1305,-20.6178
17.8,0,0,23,6,8,-79.9969,-20.4368
17.8,1,2,23,6,9,-80.4487,-20.8558
17.8,2,1,23,6,9,-80.4787,-20.8588
17.8,3,0,23,6,10,-79.6957,-24.7585
17.8,4,2,23,6,10,-79.7309,-24.7601
17.8,5,1,23,6,10,-79.7646,-24.0238
17.8,6,0,23,6,10,-79.8027,-24.0247
17.8,7,2,23,6,9,-80.2669,-24.9881
17.8,8,1,23,6,9,-80.3488,-24.9888
17.8,9,0,23,6,6,-81.1902,-21.4367
17.8,10,2,23,6,6,-81.2806,-21.4358
17.8,11,1,23,6,5,-81.7742,-20.797
17.8,12,0,23,6,5,-81.8059,-20.7956
17.8,13,2,23,6,4,-82.1003,-20.6195
17.8,14,1,23,6,4,-82.1292,-20.6179
17.9,0,0,23,6,8,-79.9878,-20.437
17.9,1,2,23,6,9,-80.4408,-20.8558
17.9,2,1,23,6,9,-80.4718,-20.8589
17.9,3,0,23,6,10,-79.6901,-24.7586
17.9,4,2,23,6,10,-79.7267,-24.7602
17.9,5,1,23,6,10,-79.76,-24.0239
17.9,6,0,23,6,10,-79.7994,-24.0248
17.9,7,2,23,6,9,-80.2627,-24.9881
17.9,8,1,23,6,9,-80.3463,-24.9889
17.9,9,0,23,6,6,-81.1867,-21.4369
17.9,10,2,23,6,6,-81.2788,-21.436
17.9,11,1,23,6,5,-81.7718,-20.7972
17.9,12,0,23,6,5,-81.8044,-20.7957
17.9,13,2,23,6,4,-82.0982,-20.6196
17.9,14,1,23,6,4,-82.1279,-20.6181
18,0,0,23,6,8,-79.9353,-20.4371
18,1,2,23,6,9,-80.4327,-20.8559
18,2,1,23,6,9,-80.4649,-20.859
18,3,0,23,6,10,-79.6845,-24.7586
18,4,2,23,6,10,-79.7223,-24.7602
18,5,1,23,6,10,-79.7553,-24.0239
18,6,0,23,6,10,-79.796,-24.0248
18,7,2,23,6,9,-80.2584,-24.9882
18,8,1,23,6,9,-80.3438,-24.989
18,9,0,23,6,6,-81.1831,-21.4371
18,10,2,23,6,6,-81.2771,-21.4362
18,11,1,23,6,5,-81.7694,-20.7976
18,12,0,23,6,5,-81.803,-20.7961
18,13,2,23,6,4,-82.096,-20.6198
18,14,1,23,6,4,-82.1265,-20.6182
18.1,0,0,23,6,8,-79.9255,-20.4382
18.1,1,2,23,6,9,-80.4245,-20.8569
18.1,2,1,23,6,9,-80.4579,-20.8601
18.1,3,0,23,6,10,-79.6788,-24.7589
18.1,4,2,23,6,10,-79.718,-24.7606
18.1,5,1,23,6,10,-79.7506,-24.024
18.1,6,0,23,6,10,-79.7928,-24.0249
18.1,7,2,23,6,9,-80.2543,-24.9885
18.1,8,1,23,6,9,-80.3415,-24.9894
18.1,9,0,23,6,6,-81.1795,-21.4373
18.1,10,2,23,6,6,-81.2753,-21.4364
18.1,11,1,23,6,5,-81.7668,-20.7968
18.1,12,0,23,6,5,-81.8014,-20.7953
18.1,13,2,23,6,4,-82.0937,-20.6207
18.1,14,1,23,6,4,-82.1251,-20.619
18.2,0,0,23,6,8,-79.9153,-20.4374
18.2,1,2,23,6,9,-80.4161,-20.856
18.2,2,1,23,6,9,-80.4507,-20.8593
18.2,3,0,23,6,10,-79.6728,-24.7583
18.2,4,2,23,6,10,-79.7134,-24.76
18.2,5,1,23,6,10,-79.7456,-24.0238
18.2,6,0,23,6,10,-79.7892,-24.0247
18.2,7,2,23,6,9,-80.2496,-24.9884
18.2,8,1,23,6,9,-80.3387,-24.9893
18.2,9,0,23,6,6,-81.1758,-21.4386
18.2,10,2,23,6,6,-81.2736,-21.4376
18.2,11,1,23,6,5,-81.7641,-20.7971
18.2,12,0,23,6,5,-81.7997,-20.7955
18.2,13,2,23,6,4,-82.0916,-20.6211
18.2,14,1,23,6,4,-82.1239,-20.6193
18.3,0,0,23,6,8,-79.905,-20.4375
18.3,1,2,23,6,9,-80.4076,-20.8561
18.3,2,1,23,6,9,-80.4435,-20.8594
18.3,3,0,23,6,10,-79.6669,-24.7587
18.3,4,2,23,6,10,-79.709,-24.7605
18.3,5,1,23,6,10,-79.7407,-24.0241
18.3,6,0,23,6,10,-79.7859,-24.0251
18.3,7,2,23,6,9,-80.2452,-24.9885
18.3,8,1,23,6,9,-80.3362,-24.9894
18.3,9,0,23,6,6,-81.1721,-21.4378
18.3,10,2,23,6,6,-81.2717,-21.4368
18.3,11,1,23,6,5,-81.7617,-20.7982
18.3,12,0,23,6,5,-81.7983,-20.7966
18.3,13,2,23,6,4,-82.0892,-20.6203
18.3,14,1,23,6,4,-82.1225,-20.6185
18.4,0,0,23,6,8,-79.8946,-20.4377
18.4,1,2,23,6,9,-80.399,-20.8561
18.4,2,1,23,6,9,-80.4362,-20.8596
18.4,3,0,23,6,10,-79.6608,-24.7584
18.4,4,2,23,6,10,-79.7043,-24.7602
18.4,5,1,23,6,10,-79.7356,-24.0239
18.4,6,0,23,6,10,-79.7823,-24.0249
18.4,7,2,23,6,9,-80.2406,-24.9886
18.4,8,1,23,6,9,-80.3336,-24.9895
18.4,9,0,23,6,6,-81.1683,-21.439
18.4,10,2,23,6,6,-81.27,-21.438
18.4,11,1,23,6,5,-81.7589,-20.7975
18.4,12,0,23,6,5,-81.7966,-20.7958
18.4,13,2,23,6,4,-82.087,-20.6214
18.4,14,1,23,6,4,-82.1211,-20.6196
18.5,0,0,23,6,8,-79.8841,-20.4388
18.5,1,2,23,6,9,-80.3903,-20.8572
18.5,2,1,23,6,9,-80.4288,-20.8607
18.5,3,0,23,6,10,-79.6548,-24.759
18.5,4,2,23,6,10,-79.6998,-24.7609
18.5,5,1,23,6,10,-79.7307,-24.0243
18.5,6,0,23,6,10,-79.779,-24.0253
18.5,7,2,23,6,9,-80.2362,-24.9889
18.5,8,1,23,6,9,-80.3312,-24.9898
18.5,9,0,23,6,6,-81.1077,-21.4382
18.5,10,2,23,6,6,-81.2098,-21.4371
18.5,11,1,23,6,5,-81.7563,-20.7977
18.5,12,0,23,6,5,-81.7951,-20.7959
18.5,13,2,23,6,4,-82.0846,-20.6214
18.5,14,1,23,6,4,-82.1197,-20.6194
18.6,0,0,23,6,8,-79.8732,-20.438
18.6,1,2,23,6,9,-80.2869,-20.8563
18.6,2,1,23,6,9,-80.4212,-20.8599
18.6,3,0,23,6,10,-79.6485,-24.7588
18.6,4,2,23,6,10,-79.6951,-24.7607
18.6,5,1,23,6,10,-79.7254,-24.0243
18.6,6,0,23,6,10,-79.7753,-24.0254
18.6,7,2,23,6,9,-80.2314,-24.9887
18.6,8,1,23,6,9,-80.3284,-24.9897
18.6,9,0,23,6,6,-81.1031,-21.4412
18.6,10,2,23,6,6,-81.2073,-21.4373
18.6,11,1,23,6,5,-81.7536,-20.7988
18.6,12,0,23,6,5,-81.7935,-20.797
18.6,13,2,23,6,4,-82.0822,-20.6208
18.6,14,1,23,6,4,-82.1183,-20.6189
18.7,0,0,23,6,8,-79.8623,-20.4381
18.7,1,2,23,6,9,-80.2769,-20.8564
18.7,2,1,23,6,9,-80.366,-20.86
18.7,3,0,23,6,10,-79.6421,-24.7589
18.7,4,2,23,6,10,-79.6904,-24.7608
18.7,5,1,23,6,10,-79.7201,-24.0244
18.7,6,0,23,6,10,-79.7717,-24.0255
18.7,7,2,23,6,9,-80.2266,-24.9888
18.7,8,1,23,6,9,-80.3257,-24.9899
18.7,9,0,23,6,6,-81.0985,-21.4415
18.7,10,2,23,6,6,-81.2048,-21.4389
18.7,11,1,23,6,5,-81.7508,-20.7991
18.7,12,0,23,6,5,-81.7919,-20.7972
18.7,13,2,23,6,4,-82.0798,-20.621
18.7,14,1,23,6,4,-82.1169,-20.619
18.8,0,0,23,6,8,-79.8513,-20.4383
18.8,1,2,23,6,9,-80.2668,-20.8565
18.8,2,1,23,6,9,-80.3578,-20.8602
18.8,3,0,23,6,10,-79.6357,-24.7589
18.8,4,2,23,6,10,-79.6856,-24.7609
18.8,5,1,23,6,10,-79.7148,-24.0245
18.8,6,0,23,6,10,-79.7682,-24.0256
18.8,7,2,23,6,9,-80.2218,-24.9889
18.8,8,1,23,6,9,-80.323,-24.99
18.8,9,0,23,6,6,-81.0938,-21.4418
18.8,10,2,23,6,6,-81.2024,-21.4391
18.8,11,1,23,6,5,-81.748,-20.7993
18.8,12,0,23,6,5,-81.7903,-20.7974
18.8,13,2,23,6,4,-82.0774,-20.6212
18.8,14,1,23,6,4,-82.1155,-20.6191
18.9,0,0,23,6,8,-79.8401,-20.4394
18.9,1,2,23,6,9,-80.2565,-20.8575
18.9,2,1,23,6,9,-80.3496,-20.8614
18.9,3,0,23,6,10,-79.6291,-24.7591
18.9,4,2,23,6,10,-79.6808,-24.7612
18.9,5,1,23,6,10,-79.7094,-24.0241
18.9,6,0,23,6,10,-79.7645,-24.0254
18.9,7,2,23,6,9,-80.217,-24.9891
18.9,8,1,23,6,9,-80.3205,-24.9903
18.9,9,0,23,6,6,-81.089,-21.442
18.9,10,2,23,6,6,-81.1999,-21.4393
18.9,11,1,23,6,5,-81.6805,-20.7995
18.9,12,0,23,6,5,-81.7887,-20.7975
18.9,13,2,23,6,4,-82.0749,-20.6214
18.9,14,1,23,6,4,-82.1141,-20.6192
19,0,0,23,6,8,-79.8285,-20.4394
19,1,2,23,6,9,-80.2459,-20.8574
19,2,1,23,6,9,-80.3411,-20.8613
19,3,0,23,6,10,-79.6223,-24.759
19,4,2,23,6,10,-79.6758,-24.7611
19,5,1,23,6,10,-79.7037,-24.0243
19,6,0,23,6,10,-79.7607,-24.0256
19,7,2,23,6,9,-80.2119,-24.9891
19,8,1,23,6,9,-80.3176,-24.9902
19,9,0,23,6,6,-81.0841,-21.4431
19,10,2,23,6,6,-81.1973,-21.4404
19,11,1,23,6,5,-81.6766,-20.7989
19,12,0,23,6,5,-81.7869,-20.7968
19,13,2,23,6,4,-82.0724,-20.6224
19,14,1,23,6,4,-82.1126,-20.6201
19.1,0,0,23,6,8,-79.8169,-20.4388
19.1,1,2,23,6,9,-80.2353,-20.8567
19.1,2,1,23,6,9,-80.3327,-20.8607
19.1,3,0,23,6,10,-79.6155,-24.759
19.1,4,2,23,6,10,-79.6709,-24.7612
19.1,5,1,23,6,10,-79.6982,-24.0247
19.1,6,0,23,6,10,-79.7571,-24.026
19.1,7,2,23,6,9,-80.2068,-24.9888
19.1,8,1,23,6,9,-80.3148,-24.99
19.1,9,0,23,6,6,-81.0793,-21.4436
19.1,10,2,23,6,6,-81.195,-21.4408
19.1,11,1,23,6,5,-81.6728,-20.7991
19.1,12,0,23,6,5,-81.7853,-20.797
19.1,13,2,23,6,4,-82.0699,-20.6218
19.1,14,1,23,6,4,-82.1113,-20.6194
19.2,0,0,23,6,8,-79.8053,-20.4399
19.2,1,2,23,6,9,-80.2245,-20.8578
19.2,2,1,23,6,9,-80.3241,-20.8619
19.2,3,0,23,6,10,-79.5689,-24.7593
19.2,4,2,23,6,10,-79.666,-24.7615
19.2,5,1,23,6,10,-79.6926,-24.0247
19.2,6,0,23,6,10,-79.7535,-24.0261
19.2,7,2,23,6,9,-80.2019,-24.9895
19.2,8,1,23,6,9,-80.3123,-24.9916
19.2,9,0,23,6,6,-81.0743,-21.4429
19.2,10,2,23,6,6,-81.1924,-21.44
19.2,11,1,23,6,5,-81.669,-20.8009
19.2,12,0,23,6,5,-81.7837,-20.7971
19.2,13,2,23,6,4,-82.0674,-20.6227
19.2,14,1,23,6,4,-82.1099,-20.6203
19.3,0,0,23,6,8,-79.7932,-20.4392
19.3,1,2,23,6,9,-80.2134,-20.8586
19.3,2,1,23,6,9,-80.2684,-20.8611
19.3,3,0,23,6,10,-79.5613,-24.76
19.3,4,2,23,6,10,-79.6609,-24.7614
19.3,5,1,23,6,10,-79.6867,-24.0248
19.3,6,0,23,6,10,-79.7496,-24.0262
19.3,7,2,23,6,9,-80.1964,-24.9894
19.3,8,1,23,6,9,-80.2629,-24.9915
19.3,9,0,23,6,6,-81.0692,-21.4433
19.3,10,2,23,6,6,-81.1898,-21.4416
19.3,11,1,23,6,5,-81.665,-20.8019
19.3,12,0,23,6,5,-81.7819,-20.798
19.3,13,2,23,6,4,-82.0648,-20.6222
19.3,14,1,23,6,4,-82.1084,-20.6197
19.4,0,0,23,6,8,-79.7811,-20.4401
19.4,1,2,23,6,9,-80.2022,-20.8594
19.4,2,1,23,6,9,-80.2591,-20.862
19.4,3,0,23,6,10,-79.5537,-24.7601
19.4,4,2,23,6,10,-79.6557,-24.7615
19.4,5,1,23,6,10,-79.6807,-24.0246
19.4,6,0,23,6,10,-79.7457,-24.0261
19.4,7,2,23,6,9,-80.1911,-24.9895
19.4,8,1,23,6,9,-80.2597,-24.9917
19.4,9,0,23,6,6,-81.0639,-21.4444
19.4,10,2,23,6,6,-81.1872,-21.4427
19.4,11,1,23,6,5,-81.6611,-20.8015
19.4,12,0,23,6,5,-81.7803,-20.7975
19.4,13,2,23,6,4,-82.0623,-20.6234
19.4,14,1,23,6,4,-82.1071,-20.6208
19.5,0,0,23,6,8,-79.7688,-20.4405
19.5,1,2,23,6,9,-80.1909,-20.8598
19.5,2,1,23,6,9,-80.2496,-20.8624
19.5,3,0,23,6,10,-79.546,-24.7604
19.5,4,2,23,6,10,-79.6507,-24.7618
19.5,5,1,23,6,10,-79.6749,-24.025
19.5,6,0,23,6,10,-79.742,-24.0265
19.5,7,2,23,6,9,-80.1859,-24.9898
19.5,8,1,23,6,9,-80.2566,-24.9921
19.5,9,0,23,6,6,-81.0588,-21.4439
19.5,10,2,23,6,6,-81.1847,-21.4421
19.5,11,1,23,6,5,-81.6571,-20.8018
19.5,12,0,23,6,5,-81.7787,-20.7976
19.5,13,2,23,6,4,-82.0595,-20.6234
19.5,14,1,23,6,4,-82.1055,-20.6207
19.6,0,0,23,6,8,-79.7563,-20.4397
19.6,1,2,23,6,9,-80.1794,-20.8589
19.6,2,1,23,6,9,-80.24,-20.8616
19.6,3,0,23,6,10,-79.5381,-24.7602
19.6,4,2,23,6,10,-79.6455,-24.7616
19.6,5,1,23,6,10,-79.6687,-24.025
19.6,6,0,23,6,10,-79.7381,-24.0266
19.6,7,2,23,6,9,-80.1803,-24.9897
19.6,8,1,23,6,9,-80.2532,-24.992
19.6,9,0,23,6,6,-81.0535,-21.4442
19.6,10,2,23,6,6,-81.1821,-21.4424
19.6,11,1,23,6,5,-81.5895,-20.803
19.6,12,0,23,6,5,-81.7771,-20.7988
19.6,13,2,23,6,4,-82.0568,-20.6229
19.6,14,1,23,6,4,-82.1042,-20.6201
19.7,0,0,23,6,8,-79.7435,-20.4399
19.7,1,2,23,6,9,-80.1676,-20.859
19.7,2,1,23,6,9,-80.2302,-20.8618
19.7,3,0,23,6,10,-79.5301,-24.7602
19.7,4,2,23,6,10,-79.6402,-24.7617
19.7,5,1,23,6,10,-79.6625,-24.0251
19.7,6,0,23,6,10,-79.7341,-24.0267
19.7,7,2,23,6,9,-80.1747,-24.9898
19.7,8,1,23,6,9,-80.2499,-24.9922
19.7,9,0,23,6,6,-81.0481,-21.4446
19.7,10,2,23,6,6,-81.1795,-21.4427
19.7,11,1,23,6,5,-81.5846,-20.8033
19.7,12,0,23,6,5,-81.7754,-20.7989
19.7,13,2,23,6,4,-82.0541,-20.6231
19.7,14,1,23,6,4,-82.1027,-20.6203
19.8,0,0,23,6,8,-79.7306,-20.4401
19.8,1,2,23,6,9,-80.1557,-20.8591
19.8,2,1,23,6,9,-80.2203,-20.862
19.8,3,0,23,6,10,-79.522,-24.7603
19.8,4,2,23,6,10,-79.6348,-24.7618
19.8,5,1,23,6,10,-79.6562,-24.0252
19.8,6,0,23,6,10,-79.7302,-24.0268
19.8,7,2,23,6,9,-80.1691,-24.9899
19.8,8,1,23,6,9,-80.2467,-24.9924
19.8,9,0,23,6,6,-81.0426,-21.4449
19.8,10,2,23,6,6,-81.1769,-21.443
19.8,11,1,23,6,5,-81.5797,-20.8036
19.8,12,0,23,6,5,-81.7737,-20.7991
19.8,13,2,23,6,4,-82.0513,-20.6234
19.8,14,1,23,6,4,-82.1013,-20.6204
19.9,0,0,23,6,8,-79.7175,-20.4402
19.9,1,2,23,6,9,-80.1436,-20.8592
19.9,2,1,23,6,9,-80.2103,-20.8622
19.9,3,0,23,6,10,-79.475,-24.7603
19.9,4,2,23,6,10,-79.6294,-24.7619
19.9,5,1,23,6,10,-79.6095,-24.0253
19.9,6,0,23,6,10,-79.7262,-24.0279
19.9,7,2,23,6,9,-80.1633,-24.99
19.9,8,1,23,6,9,-80.2433,-24.9934
19.9,9,0,23,6,6,-81.037,-21.4452
19.9,10,2,23,6,6,-81.1742,-21.4432
19.9,11,1,23,6,5,-81.5746,-20.8055
19.9,12,0,23,6,5,-81.772,-20.7993
19.9,13,2,23,6,4,-82.0485,-20.6253
19.9,14,1,23,6,4,-82.0998,-20.6205
20,0,0,23,6,8,-79.7043,-20.4414
20,1,2,23,6,9,-80.1313,-20.8603
20,2,1,23,6,9,-80.2002,-20.8634
20,3,0,23,6,10,-79.4663,-24.7606
20,4,2,23,6,10,-79.624,-24.7622
20,5,1,23,6,10,-79.6025,-24.0249
20,6,0,23,6,10,-79.7222,-24.0276
20,7,2,23,6,9,-80.1576,-24.9902
20,8,1,23,6,9,-80.2402,-24.9937
20,9,0,23,6,6,-81.0314,-21.4456
20,10,2,23,6,6,-81.1715,-21.4435
20,11,1,23,6,5,-81.5695,-20.8058
20,12,0,23,6,5,-81.7703,-20.7995
20,13,2,23,6,4,-81.9764,-20.6255
20,14,1,23,6,4,-82.0983,-20.6207
20.1,0,0,23,6,8,-79.6908,-20.4416
20.1,1,2,23,6,9,-80.1188,-20.8604
20.1,2,1,23,6,9,-80.1899,-20.8636
20.1,3,0,23,6,10,-79.4573,-24.7607
20.1,4,2,23,6,10,-79.5784,-24.7624
20.1,5,1,23,6,10,-79.5954,-24.0254
20.1,6,0,23,6,10,-79.7181,-24.0282
20.1,7,2,23,6,9,-80.1516,-24.9913
20.1,8,1,23,6,9,-80.2368,-24.994
20.1,9,0,23,6,6,-81.0256,-21.4459
20.1,10,2,23,6,6,-81.1688,-21.4438
20.1,11,1,23,6,5,-81.5642,-20.8052
20.1,12,0,23,6,5,-81.7033,-20.8003
20.1,13,2,23,6,4,-81.9725,-20.6265
20.1,14,1,23,6,4,-82.0968,-20.6215
20.2,0,0,23,6,8,-79.677,-20.4409
20.2,1,2,23,6,9,-80.1061,-20.8595
20.2,2,1,23,6,9,-80.1795,-20.8628
20.2,3,0,23,6,10,-79.4482,-24.7601
20.2,4,2,23,6,10,-79.5724,-24.7619
20.2,5,1,23,6,10,-79.5881,-24.0252
20.2,6,0,23,6,10,-79.7139,-24.028
20.2,7,2,23,6,9,-80.1454,-24.9912
20.2,8,1,23,6,9,-80.2332,-24.994
20.2,9,0,23,6,6,-81.0198,-21.4473
20.2,10,2,23,6,6,-81.1662,-21.4451
20.2,11,1,23,6,5,-81.5589,-20.8056
20.2,12,0,23,6,5,-81.7009,-20.8006
20.2,13,2,23,6,4,-81.9688,-20.627
20.2,14,1,23,6,4,-82.0955,-20.6219
20.3,0,0,23,6,8,-79.6631,-20.4411
20.3,1,2,23,6,9,-80.0931,-20.8596
20.3,2,1,23,6,9,-80.1689,-20.863
20.3,3,0,23,6,10,-79.439,-24.7606
20.3,4,2,23,6,10,-79.5663,-24.7624
20.3,5,1,23,6,10,-79.5808,-24.0256
20.3,6,0,23,6,10,-79.7098,-24.0285
20.3,7,2,23,6,9,-80.1393,-24.9909
20.3,8,1,23,6,9,-80.2298,-24.9941
20.3,9,0,23,6,6,-81.0138,-21.4468
20.3,10,2,23,6,6,-81.1634,-21.4453
20.3,11,1,23,6,5,-81.5535,-20.8067
20.3,12,0,23,6,5,-81.6985,-20.8008
20.3,13,2,23,6,4,-81.9647,-20.6264
20.3,14,1,23,6,4,-82.0939,-20.6211
20.4,0,0,23,6,8,-79.649,-20.4413
20.4,1,2,23,6,9,-80.0801,-20.8597
20.4,2,1,23,6,9,-80.1582,-20.8632
20.4,3,0,23,6,10,-79.4297,-24.7606
20.4,4,2,23,6,10,-79.5603,-24.7625
20.4,5,1,23,6,10,-79.5733,-24.0257
20.4,6,0,23,6,10,-79.7057,-24.0287
20.4,7,2,23,6,9,-80.133,-24.9914
20.4,8,1,23,6,9,-80.2264,-24.9943
20.4,9,0,23,6,6,-81.0078,-21.4471
20.4,10,2,23,6,6,-81.1607,-21.4447
20.4,11,1,23,6,5,-81.5482,-20.8072
20.4,12,0,23,6,5,-81.6963,-20.8019
20.4,13,2,23,6,4,-81.9608,-20.6266
20.4,14,1,23,6,4,-82.0924,-20.6212
20.5,0,0,23,6,8,-79.6346,-20.4423
20.5,1,2,23,6,9,-80.0667,-20.8606
20.5,2,1,23,6,9,-80.1473,-20.8642
20.5,3,0,23,6,10,-79.4201,-24.7608
20.5,4,2,23,6,10,-79.5541,-24.7628
20.5,5,1,23,6,10,-79.5656,-24.0256
20.5,6,0,23,6,10,-79.7013,-24.0287
20.5,7,2,23,6,9,-80.1267,-24.9917
20.5,8,1,23,6,9,-80.2229,-24.9946
20.5,9,0,23,6,6,-81.0016,-21.4483
20.5,10,2,23,6,6,-81.1578,-21.4458
20.5,11,1,23,6,5,-81.5426,-20.8067
20.5,12,0,23,6,5,-81.6938,-20.8013
20.5,13,2,23,6,4,-81.9566,-20.6277
20.5,14,1,23,6,4,-82.0908,-20.6221
20.6,0,0,23,6,8,-79.6201,-20.4435
20.6,1,2,23,6,9,-80.0532,-20.8599
20.6,2,1,23,6,9,-80.1365,-20.8654
20.6,3,0,23,6,10,-79.4104,-24.7604
20.6,4,2,23,6,10,-79.5084,-24.7637
20.6,5,1,23,6,10,-79.5579,-24.0257
20.6,6,0,23,6,10,-79.6971,-24.0288
20.6,7,2,23,6,9,-80.0756,-24.9926
20.6,8,1,23,6,9,-80.2194,-24.9944
20.6,9,0,23,6,6,-80.9955,-21.4489
20.6,10,2,23,6,6,-81.1552,-21.4463
20.6,11,1,23,6,5,-81.537,-20.8071
20.6,12,0,23,6,5,-81.6914,-20.8031
20.6,13,2,23,6,4,-81.9526,-20.6272
20.6,14,1,23,6,4,-82.0895,-20.6225
20.7,0,0,23,6,8,-79.6052,-20.4435
20.7,1,2,23,6,9,-80.0394,-20.8601
20.7,2,1,23,6,9,-80.1253,-20.8656
20.7,3,0,23,6,10,-79.4007,-24.7608
20.7,4,2,23,6,10,-79.5016,-24.7638
20.7,5,1,23,6,10,-79.55,-24.0259
20.7,6,0,23,6,10,-79.6928,-24.0292
20.7,7,2,23,6,9,-80.0684,-24.9927
20.7,8,1,23,6,9,-80.2159,-24.995
20.7,9,0,23,6,6,-80.9891,-21.4489
20.7,10,2,23,6,6,-81.1523,-21.4457
20.7,11,1,23,6,5,-81.5313,-20.8084
20.7,12,0,23,6,5,-81.6889,-20.804
20.7,13,2,23,6,4,-81.8803,-20.6275
20.7,14,1,23,6,4,-82.0879,-20.6217
20.8,0,0,23,6,8,-79.5903,-20.444
20.8,1,2,23,6,9,-80.0254,-20.8609
20.8,2,1,23,6,9,-80.1141,-20.8659
20.8,3,0,23,6,10,-79.3906,-24.761
20.8,4,2,23,6,10,-79.4948,-24.7637
20.8,5,1,23,6,10,-79.542,-24.0258
20.8,6,0,23,6,10,-79.6885,-24.0292
20.8,7,2,23,6,9,-80.0613,-24.993
20.8,8,1,23,6,9,-80.2124,-24.9953
20.8,9,0,23,6,6,-80.9828,-21.4497
20.8,10,2,23,6,6,-81.1494,-21.4468
20.8,11,1,23,6,5,-81.5255,-20.8079
20.8,12,0,23,6,5,-81.6866,-20.8036
20.8,13,2,23,6,4,-81.8754,-20.6288
20.8,14,1,23,6,4,-82.0863,-20.6226
20.9,0,0,23,6,8,-79.575,-20.4448
20.9,1,2,23,6,9,-80.0112,-20.8603
20.9,2,1,23,6,9,-80.1028,-20.867
20.9,3,0,23,6,10,-79.3805,-24.7606
20.9,4,2,23,6,10,-79.4877,-24.7642
20.9,5,1,23,6,10,-79.5338,-24.0259
20.9,6,0,23,6,10,-79.6841,-24.029
20.9,7,2,23,6,9,-80.0539,-24.9931
20.9,8,1,23,6,9,-80.2088,-24.9955
20.9,9,0,23,6,6,-80.9761,-21.4504
20.9,10,2,23,6,6,-81.1467,-21.4472
20.9,11,1,23,6,5,-81.5197,-20.8092
20.9,12,0,23,6,5,-81.6841,-20.8039
20.9,13,2,23,6,4,-81.8701,-20.6282
20.9,14,1,23,6,4,-82.085,-20.6229
21,0,0,23,6,8,-79.5594,-20.4439
21,1,2,23,6,9,-79.9967,-20.8604
21,2,1,23,6,9,-80.0912,-20.8665
21,3,0,23,6,10,-79.3702,-24.7611
21,4,2,23,6,10,-79.4807,-24.7641
21,5,1,23,6,10,-79.5256,-24.0262
21,6,0,23,6,10,-79.6797,-24.0297
21,7,2,23,6,9,-80.0463,-24.9931
21,8,1,23,6,9,-80.2051,-24.9958
21,9,0,23,6,6,-80.9694,-21.4513
21,10,2,23,6,6,-81.1437,-21.4472
21,11,1,23,6,5,-81.5137,-20.8097
21,12,0,23,6,5,-81.6816,-20.8048
21,13,2,23,6,4,-81.865,-20.6285
21,14,1,23,6,4,-82.0834,-20.6222
21.1,0,0,23,6,8,-79.5436,-20.4445
21.1,1,2,23,6,9,-79.982,-20.8604
21.1,2,1,23,6,9,-80.0796,-20.8676
21.1,3,0,23,6,10,-79.3597,-24.761
21.1,4,2,23,6,10,-79.4738,-24.7645
21.1,5,1,23,6,10,-79.5172,-24.0263
21.1,6,0,23,6,10,-79.6753,-24.0295
21.1,7,2,23,6,9,-80.0387,-24.9935
21.1,8,1,23,6,9,-80.2014,-24.9959
21.1,9,0,23,6,6,-80.9626,-21.4536
21.1,10,2,23,6,6,-81.1409,-21.4477
21.1,11,1,23,6,5,-81.5076,-20.8102
21.1,12,0,23,6,5,-81.6792,-20.8051
21.1,13,2,23,6,4,-81.8599,-20.6291
21.1,14,1,23,6,4,-82.0818,-20.6223
21.2,0,0,23,6,8,-79.5275,-20.4441
21.2,1,2,23,6,9,-79.9672,-20.8605
21.2,2,1,23,6,9,-80.0678,-20.8681
21.2,3,0,23,6,10,-79.349,-24.7611
21.2,4,2,23,6,10,-79.4665,-24.7647
21.2,5,1,23,6,10,-79.5086,-24.0263
21.2,6,0,23,6,10,-79.6708,-24.0297
21.2,7,2,23,6,9,-80.0309,-24.9936
21.2,8,1,23,6,9,-80.1977,-24.9959
21.2,9,0,23,6,6,-80.9557,-21.4566
21.2,10,2,23,6,6,-81.1379,-21.4486
21.2,11,1,23,6,5,-81.5015,-20.81
21.2,12,0,23,6,5,-81.6767,-20.8054
21.2,13,2,23,6,4,-81.8545,-20.6294
21.2,14,1,23,6,4,-82.0801,-20.6223
21.3,0,0,23,6,8,-79.5109,-20.4421
21.3,1,2,23,6,9,-79.952,-20.8614
21.3,2,1,23,6,9,-80.0557,-20.8674
21.3,3,0,23,6,10,-79.3381,-24.7612
21.3,4,2,23,6,10,-79.4592,-24.7643
21.3,5,1,23,6,10,-79.4999,-24.0263
21.3,6,0,23,6,10,-79.6662,-24.0301
21.3,7,2,23,6,9,-80.0227,-24.9941
21.3,8,1,23,6,9,-80.194,-24.9966
21.3,9,0,23,6,6,-80.9487,-21.4606
21.3,10,2,23,6,6,-81.1348,-21.4493
21.3,11,1,23,6,5,-81.4952,-20.8107
21.3,12,0,23,6,5,-81.674,-20.8055
21.3,13,2,23,6,4,-81.8492,-20.6307
21.3,14,1,23,6,4,-82.0787,-20.6234
21.4,0,0,23,6,8,-79.4939,-20.441
21.4,1,2,23,6,9,-79.9367,-20.8614
21.4,2,1,23,6,9,-80.0435,-20.8677
21.4,3,0,23,6,10,-79.327,-24.7615
21.4,4,2,23,6,10,-79.4518,-24.7646
21.4,5,1,23,6,10,-79.4522,-24.0277
21.4,6,0,23,6,10,-79.6211,-24.0308
21.4,7,2,23,6,9,-80.0145,-24.9944
21.4,8,1,23,6,9,-80.19,-24.9964
21.4,9,0,23,6,6,-80.8879,-21.466
21.4,10,2,23,6,6,-81.1317,-21.4506
21.4,11,1,23,6,5,-81.4889,-20.8116
21.4,12,0,23,6,5,-81.6713,-20.8056
21.4,13,2,23,6,4,-81.8437,-20.632
21.4,14,1,23,6,4,-82.0768,-20.6248
21.5,0,0,23,6,8,-79.4765,-20.439
21.5,1,2,23,6,9,-79.9212,-20.8622
21.5,2,1,23,6,9,-80.0312,-20.8679
21.5,3,0,23,6,10,-79.3159,-24.7619
21.5,4,2,23,6,10,-79.4444,-24.7649
21.5,5,1,23,6,10,-79.4431,-24.028
21.5,6,0,23,6,10,-79.6161,-24.0311
21.5,7,2,23,6,9,-80.0059,-24.9951
21.5,8,1,23,6,9,-80.1862,-24.9964
21.5,9,0,23,6,6,-80.88,-21.4738
21.5,10,2,23,6,6,-81.0722,-21.4512
21.5,11,1,23,6,5,-81.4826,-20.812
21.5,12,0,23,6,5,-81.6686,-20.8065
21.5,13,2,23,6,4,-81.8384,-20.6326
21.5,14,1,23,6,4,-82.075,-20.6248
21.6,0,0,23,6,8,-79.4587,-20.4383
21.6,1,2,23,6,9,-79.9053,-20.8619
21.6,2,1,23,6,9,-80.0184,-20.8679
21.6,3,0,23,6,10,-79.3045,-24.7617
21.6,4,2,23,6,10,-79.4369,-24.7648
21.6,5,1,23,6,10,-79.4336,-24.0282
21.6,6,0,23,6,10,-79.6108,-24.0306
21.6,7,2,23,6,9,-79.9971,-24.9967
21.6,8,1,23,6,9,-80.182,-24.9967
21.6,9,0,23,6,6,-80.8719,-21.483
21.6,10,2,23,6,6,-81.0684,-21.4518
21.6,11,1,23,6,5,-81.4761,-20.8132
21.6,12,0,23,6,5,-81.6657,-20.808
21.6,13,2,23,6,4,-81.833,-20.6335
21.6,14,1,23,6,4,-82.0731,-20.6257
21.7,0,0,23,6,8,-79.4404,-20.4372
21.7,1,2,23,6,9,-79.8893,-20.8618
21.7,2,1,23,6,9,-80.0054,-20.867
21.7,3,0,23,6,10,-79.2931,-24.762
21.7,4,2,23,6,10,-79.4294,-24.765
21.7,5,1,23,6,10,-79.4244,-24.029
21.7,6,0,23,6,10,-79.6057,-24.0307
21.7,7,2,23,6,9,-79.9881,-24.9989
21.7,8,1,23,6,9,-80.1778,-24.9967
21.7,9,0,23,6,6,-80.8638,-21.494
21.7,10,2,23,6,6,-81.0645,-21.4518
21.7,11,1,23,6,5,-81.4697,-20.8147
21.7,12,0,23,6,5,-81.6627,-20.8108
21.7,13,2,23,6,4,-81.8275,-20.6335
21.7,14,1,23,6,4,-82.0712,-20.6256
21.8,0,0,23,6,8,-79.4215,-20.4359
21.8,1,2,23,6,9,-79.873,-20.8613
21.8,2,1,23,6,9,-79.9918,-20.8661
21.8,3,0,23,6,10,-79.2813,-24.7619
21.8,4,2,23,6,10,-79.4215,-24.7649
21.8,5,1,23,6,10,-79.4147,-24.0306
21.8,6,0,23,6,10,-79.5607,-24.0302
21.8,7,2,23,6,9,-79.9785,-25.0016
21.8,8,1,23,6,9,-80.1733,-24.9964
21.8,9,0,23,6,6,-80.8554,-21.5091
21.8,10,2,23,6,6,-81.0603,-21.4512
21.8,11,1,23,6,5,-81.463,-20.8158
21.8,12,0,23,6,5,-81.6594,-20.814
21.8,13,2,23,6,4,-81.8221,-20.6347
21.8,14,1,23,6,4,-82.0689,-20.6278
21.9,0,0,23,6,8,-79.3644,-20.436
21.9,1,2,23,6,9,-79.8147,-20.8623
21.9,2,1,23,6,9,-79.9779,-20.8642
21.9,3,0,23,6,10,-79.2694,-24.7624
21.9,4,2,23,6,10,-79.4137,-24.7645
21.9,5,1,23,6,10,-79.405,-24.031
21.9,6,0,23,6,10,-79.5547,-24.0295
21.9,7,2,23,6,9,-79.9687,-25.0052
21.9,8,1,23,6,9,-80.1688,-24.9959
21.9,9,0,23,6,6,-80.847,-21.5285
21.9,10,2,23,6,6,-81.0557,-21.4502
21.9,11,1,23,6,5,-81.4566,-20.8175
21.9,12,0,23,6,5,-81.6559,-20.8185
21.9,13,2,23,6,4,-81.8167,-20.6351
21.9,14,1,23,6,4,-81.9972,-20.6284
22,0,0,23,6,8,-79.3444,-20.4347
22,1,2,23,6,9,-79.7981,-20.8625
22,2,1,23,6,9,-79.9633,-20.8615
22,3,0,23,6,10,-79.2574,-24.7631
22,4,2,23,6,10,-79.4058,-24.7644
22,5,1,23,6,10,-79.3954,-24.0324
22,6,0,23,6,10,-79.5486,-24.0289
22,7,2,23,6,9,-79.9584,-25.0098
22,8,1,23,6,9,-80.164,-24.9957
22,9,0,23,6,6,-80.8383,-21.5488
22,10,2,23,6,6,-81.0509,-21.4481
22,11,1,23,6,5,-81.45,-20.8202
22,12,0,23,6,5,-81.6522,-20.824
22,13,2,23,6,4,-81.8113,-20.6359
22,14,1,23,6,4,-81.9938,-20.6285
22.1,0,0,23,6,8,-79.3241,-20.434
22.1,1,2,23,6,9,-79.7813,-20.8632
22.1,2,1,23,6,9,-79.9482,-20.8581
22.1,3,0,23,6,10,-79.2453,-24.7636
22.1,4,2,23,6,10,-79.3978,-24.7643
22.1,5,1,23,6,10,-79.3857,-24.0336
22.1,6,0,23,6,10,-79.5424,-24.0277
22.1,7,2,23,6,9,-79.9479,-25.0161
22.1,8,1,23,6,9,-80.1591,-24.9946
22.1,9,0,23,6,6,-80.8296,-21.5729
22.1,10,2,23,6,6,-81.0456,-21.4444
22.1,11,1,23,6,5,-81.4435,-20.8226
22.1,12,0,23,6,5,-81.6482,-20.8315
22.1,13,2,23,6,4,-81.8062,-20.6361
22.1,14,1,23,6,4,-81.9904,-20.6297
22.2,0,0,23,6,8,-79.303,-20.4317
22.2,1,2,23,6,9,-79.7642,-20.8627
22.2,2,1,23,6,9,-79.9323,-20.8528
22.2,3,0,23,6,10,-79.1967,-24.7638
22.2,4,2,23,6,10,-79.3896,-24.7637
22.2,5,1,23,6,10,-79.3758,-24.0351
22.2,6,0,23,6,10,-79.536,-24.0268
22.2,7,2,23,6,9,-79.9367,-25.0237
22.2,8,1,23,6,9,-80.1537,-24.9942
22.2,9,0,23,6,6,-80.8207,-21.6008
22.2,10,2,23,6,6,-81.04,-21.4397
22.2,11,1,23,6,5,-81.437,-20.8263
22.2,12,0,23,6,5,-81.6438,-20.8414
22.2,13,2,23,6,4,-81.801,-20.6373
22.2,14,1,23,6,4,-81.9866,-20.6306
22.3,0,0,23,6,8,-79.2814,-20.4299
22.3,1,2,23,6,9,-79.747,-20.8628
22.3,2,1,23,6,9,-79.9159,-20.8467
22.3,3,0,23,6,10,-79.1843,-24.7646
22.3,4,2,23,6,10,-79.3814,-24.7634
22.3,5,1,23,6,10,-79.366,-24.0368
22.3,6,0,23,6,10,-79.5295,-24.0256
22.3,7,2,23,6,9,-79.9251,-25.0328
22.3,8,1,23,6,9,-80.1483,-24.9928
22.3,9,0,23,6,6,-80.8117,-21.6336
22.3,10,2,23,6,6,-81.034,-21.4341
22.3,11,1,23,6,5,-81.4304,-20.8288
22.3,12,0,23,6,5,-81.639,-20.853
22.3,13,2,23,6,4,-81.796,-20.6378
22.3,14,1,23,6,4,-81.9825,-20.6312
22.4,0,0,23,6,8,-79.2592,-20.4283
22.4,1,2,23,6,9,-79.7296,-20.8633
22.4,2,1,23,6,9,-79.8985,-20.8393
22.4,3,0,23,6,10,-79.1717,-24.7656
22.4,4,2,23,6,10,-79.3729,-24.7626
22.4,5,1,23,6,10,-79.3561,-24.0388
22.4,6,0,23,6,10,-79.5228,-24.0239
22.4,7,2,23,6,9,-79.913,-25.0432
22.4,8,1,23,6,9,-80.1424,-24.9909
22.4,9,0,23,6,6,-80.8025,-21.6702
22.4,10,2,23,6,6,-81.0272,-21.4266
22.4,11,1,23,6,5,-81.3635,-20.8321
22.4,12,0,23,6,5,-81.634,-20.867
22.4,13,2,23,6,4,-81.791,-20.6388
22.4,14,1,23,6,4,-81.9779,-20.6316
22.5,0,0,23,6,8,-79.2364,-20.4261
22.5,1,2,23,6,9,-79.7121,-20.8635
22.5,2,1,23,6,9,-79.8803,-20.8305
22.5,3,0,23,6,10,-79.1591,-24.7667
22.5,4,2,23,6,10,-79.3643,-24.7614
22.5,5,1,23,6,10,-79.3462,-24.0414
22.5,6,0,23,6,10,-79.5159,-24.0211
22.5,7,2,23,6,9,-79.9005,-25.0559
22.5,8,1,23,6,9,-80.1363,-24.9889
22.5,9,0,23,6,6,-80.7933,-21.7123
22.5,10,2,23,6,6,-81.0201,-21.417
22.5,11,1,23,6,5,-81.3566,-20.8363
22.5,12,0,23,6,5,-81.6284,-20.8828
22.5,13,2,23,6,4,-81.7866,-20.6406
22.5,14,1,23,6,4,-81.973,-20.6324
22.6,0,0,23,6,8,-79.213,-20.4244
22.6,1,2,23,6,9,-79.6945,-20.8645
22.6,2,1,23,6,9,-79.8612,-20.8192
22.6,3,0,23,6,10,-79.1463,-24.7674
22.6,4,2,23,6,10,-79.3554,-24.7606
22.6,5,1,23,6,10,-79.3363,-24.0443
22.6,6,0,23,6,10,-79.5083,-24.0188
22.6,7,2,23,6,9,-79.8873,-25.0703
22.6,8,1,23,6,9,-80.13,-24.9861
22.6,9,0,23,6,6,-80.784,-21.7591
22.6,10,2,23,6,6,-81.0125,-21.4074
22.6,11,1,23,6,5,-81.3497,-20.8403
22.6,12,0,23,6,5,-81.6222,-20.899
22.6,13,2,23,6,4,-81.782,-20.6414
22.6,14,1,23,6,4,-81.9666,-20.6334
22.7,0,0,23,6,8,-79.1891,-20.4236
22.7,1,2,23,6,9,-79.6766,-20.8665
22.7,2,1,23,6,9,-79.8411,-20.8062
22.7,3,0,23,6,10,-79.1335,-24.7698
22.7,4,2,23,6,10,-79.3462,-24.7594
22.7,5,1,23,6,10,-79.3265,-24.0485
22.7,6,0,23,6,10,-79.5002,-24.0156
22.7,7,2,23,6,9,-79.8737,-25.0857
22.7,8,1,23,6,9,-80.0783,-24.9829
22.7,9,0,23,6,6,-80.7745,-21.8102
22.7,10,2,23,6,6,-81.0043,-21.3964
22.7,11,1,23,6,5,-81.3431,-20.8459
22.7,12,0,23,6,5,-81.6157,-20.9163
22.7,13,2,23,6,4,-81.7778,-20.642
22.7,14,1,23,6,4,-81.9586,-20.6316
22.8,0,0,23,6,8,-79.1645,-20.4219
22.8,1,2,23,6,9,-79.6585,-20.8677
22.8,2,1,23,6,9,-79.8199,-20.791
22.8,3,0,23,6,10,-79.1205,-24.7715
22.8,4,2,23,6,10,-79.336,-24.7577
22.8,5,1,23,6,10,-79.3167,-24.0542
22.8,6,0,23,6,10,-79.4915,-24.0125
22.8,7,2,23,6,9,-79.8596,-25.1031
22.8,8,1,23,6,9,-80.0707,-24.979
22.8,9,0,23,6,6,-80.7652,-21.8663
22.8,10,2,23,6,6,-80.9955,-21.3831
22.8,11,1,23,6,5,-81.3365,-20.8504
22.8,12,0,23,6,5,-81.6075,-20.931
22.8,13,2,23,6,4,-81.7739,-20.6438
22.8,14,1,23,6,4,-81.949,-20.6305
22.9,0,0,23,6,8,-79.1394,-20.4197
22.9,1,2,23,6,9,-79.6403,-20.8684
22.9,2,1,23,6,9,-79.7976,-20.7741
22.9,3,0,23,6,10,-79.1074,-24.7733
22.9,4,2,23,6,10,-79.325,-24.7555
22.9,5,1,23,6,10,-79.307,-24.0615
22.9,6,0,23,6,10,-79.4821,-24.0088
22.9,7,2,23,6,9,-79.8451,-25.1215
22.9,8,1,23,6,9,-80.0627,-24.9747
22.9,9,0,23,6,6,-80.7558,-21.927
22.9,10,2,23,6,6,-80.9862,-21.3701
22.9,11,1,23,6,5,-81.3303,-20.8558
22.9,12,0,23,6,5,-81.598,-20.9419
22.9,13,2,23,6,4,-81.7704,-20.6459
22.9,14,1,23,6,4,-81.9379,-20.6302
23,0,0,23,6,8,-79.1137,-20.419
23,1,2,23,6,9,-79.6219,-20.871
23,2,1,23,6,9,-79.7744,-20.7581
23,3,0,23,6,10,-79.0944,-24.7761
23,4,2,23,6,10,-79.313,-24.7541
23,5,1,23,6,10,-79.2605,-24.07
23,6,0,23,6,10,-79.4722,-24.005
23,7,2,23,6,9,-79.7887,-25.1405
23,8,1,23,6,9,-80.0546,-24.97
23,9,0,23,6,6,-80.7463,-21.9927
23,10,2,23,6,6,-80.9764,-21.3572
23,11,1,23,6,5,-81.3243,-20.8621
23,12,0,23,6,5,-81.5871,-20.9489
23,13,2,23,6,4,-81.7672,-20.6494
23,14,1,23,6,4,-81.9254,-20.6297
23.1,0,0,23,6,8,-79.0875,-20.4195
23.1,1,2,23,6,9,-79.6035,-20.8749
23.1,2,1,23,6,9,-79.7503,-20.7369
23.1,3,0,23,6,10,-79.0813,-24.7795
23.1,4,2,23,6,10,-79.3002,-24.7511
23.1,5,1,23,6,10,-79.251,-24.0815
23.1,6,0,23,6,10,-79.4618,-24.0002
23.1,7,2,23,6,9,-79.7732,-25.1602
23.1,8,1,23,6,9,-80.0018,-24.9643
23.1,9,0,23,6,6,-80.7371,-22.0628
23.1,10,2,23,6,6,-80.9661,-21.3449
23.1,11,1,23,6,5,-81.3186,-20.869
23.1,12,0,23,6,5,-81.5747,-20.9492
23.1,13,2,23,6,4,-81.7645,-20.6508
23.1,14,1,23,6,4,-81.9118,-20.6326
23.2,0,0,23,6,8,-79.0609,-20.4249
23.2,1,2,23,6,9,-79.5849,-20.8837
23.2,2,1,23,6,9,-79.725,-20.7153
23.2,3,0,23,6,10,-79.0683,-24.7857
23.2,4,2,23,6,10,-79.2866,-24.748
23.2,5,1,23,6,10,-79.2414,-24.0958
23.2,6,0,23,6,10,-79.4511,-23.9948
23.2,7,2,23,6,9,-79.7578,-25.1807
23.2,8,1,23,6,9,-79.9925,-24.9585
23.2,9,0,23,6,6,-80.7279,-22.1365
23.2,10,2,23,6,6,-80.9555,-21.3304
23.2,11,1,23,6,5,-81.3133,-20.8764
23.2,12,0,23,6,5,-81.5611,-20.9432
23.2,13,2,23,6,4,-81.7608,-20.651
23.2,14,1,23,6,4,-81.8971,-20.6389
23.3,0,0,23,6,8,-79.0338,-20.437
23.3,1,2,23,6,9,-79.5661,-20.899
23.3,2,1,23,6,9,-79.6986,-20.6901
23.3,3,0,23,6,10,-79.0552,-24.7959
23.3,4,2,23,6,10,-79.2718,-24.7434
23.3,5,1,23,6,10,-79.2317,-24.1133
23.3,6,0,23,6,10,-79.4399,-23.9891
23.3,7,2,23,6,9,-79.7419,-25.2001
23.3,8,1,23,6,9,-79.9826,-24.9517
23.3,9,0,23,6,6,-80.7191,-22.2151
23.3,10,2,23,6,6,-80.9441,-21.316
23.3,11,1,23,6,5,-81.3084,-20.884
23.3,12,0,23,6,5,-81.546,-20.9291
23.3,13,2,23,6,4,-81.7566,-20.6505
23.3,14,1,23,6,4,-81.8814,-20.648
23.4,0,0,23,6,8,-79.0062,-20.4535
23.4,1,2,23,6,9,-79.5473,-20.9188
23.4,2,1,23,6,9,-79.6713,-20.6644
23.4,3,0,23,6,10,-79.0421,-24.8082
23.4,4,2,23,6,10,-79.2563,-24.7391
23.4,5,1,23,6,10,-79.2223,-24.1358
23.4,6,0,23,6,10,-79.4284,-23.9829
23.4,7,2,23,6,9,-79.726,-25.2203
23.4,8,1,23,6,9,-79.9724,-24.944
23.4,9,0,23,6,6,-80.7104,-22.2975
23.4,10,2,23,6,6,-80.9324,-21.3014
23.4,11,1,23,6,5,-81.3039,-20.8922
23.4,12,0,23,6,5,-81.5295,-20.9035
23.4,13,2,23,6,4,-81.7523,-20.6489
23.4,14,1,23,6,4,-81.8649,-20.6655
23.5,0,0,23,6,8,-78.9783,-20.4745
23.5,1,2,23,6,9,-79.5283,-20.9429
23.5,2,1,23,6,9,-79.6432,-20.6365
23.5,3,0,23,6,10,-79.0288,-24.8236
23.5,4,2,23,6,10,-79.2398,-24.7335
23.5,5,1,23,6,10,-79.2128,-24.1619
23.5,6,0,23,6,10,-79.4166,-23.9761
23.5,7,2,23,6,9,-79.7097,-25.2391
23.5,8,1,23,6,9,-79.9616,-24.9364
23.5,9,0,23,6,6,-80.7018,-22.3844
23.5,10,2,23,6,6,-80.9202,-21.288
23.5,11,1,23,6,5,-81.2982,-20.8995
23.5,12,0,23,6,5,-81.5121,-20.8684
23.5,13,2,23,6,4,-81.7481,-20.6485
23.5,14,1,23,6,4,-81.848,-20.6878
23.6,0,0,23,6,8,-78.9502,-20.4991
23.6,1,2,23,6,9,-79.5093,-20.9704
23.6,2,1,23,6,9,-79.6145,-20.6075
23.6,3,0,23,6,10,-79.0156,-24.8402
23.6,4,2,23,6,10,-79.2224,-24.7273
23.6,5,1,23,6,10,-79.2035,-24.1923
23.6,6,0,23,6,10,-79.4046,-23.9687
23.6,7,2,23,6,9,-79.6935,-25.2578
23.6,8,1,23,6,9,-79.9507,-24.9279
23.6,9,0,23,6,6,-80.6936,-22.4742
23.6,10,2,23,6,6,-80.9079,-21.2756
23.6,11,1,23,6,5,-81.2919,-20.9064
23.6,12,0,23,6,5,-81.4936,-20.8219
23.6,13,2,23,6,4,-81.7442,-20.6473
23.6,14,1,23,6,4,-81.8307,-20.7182
23.7,0,0,23,6,8,-78.922,-20.5241
23.7,1,2,23,6,9,-79.4903,-20.9985
23.7,2,1,23,6,9,-79.5855,-20.5771
23.7,3,0,23,6,10,-79.0024,-24.8581
23.7,4,2,23,6,10,-79.2044,-24.7204
23.7,5,1,23,6,10,-79.1946,-24.2277
23.7,6,0,23,6,10,-79.3928,-23.9611
23.7,7,2,23,6,9,-79.6772,-25.2753
23.7,8,1,23,6,9,-79.9394,-24.9189
23.7,9,0,23,6,6,-80.6855,-22.567
23.7,10,2,23,6,6,-80.8955,-21.2656
23.7,11,1,23,6,5,-81.2853,-20.9132
23.7,12,0,23,6,5,-81.4139,-20.765
23.7,13,2,23,6,4,-81.6765,-20.6469
23.7,14,1,23,6,4,-81.8138,-20.7561
23.8,0,0,23,6,8,-78.8939,-20.5484
23.8,1,2,23,6,9,-79.4713,-21.025
23.8,2,1,23,6,10,-79.5564,-26.0834
23.8,3,0,23,6,10,-78.9892,-24.8751
23.8,4,2,23,6,11,-79.1859,-24.7126
23.8,5,1,23,6,10,-79.1858,-24.2681
23.8,6,0,23,6,10,-79.3812,-23.9533
23.8,7,2,23,6,9,-79.6604,-25.2926
23.8,8,1,23,6,9,-79.9277,-24.9093
23.8,9,0,23,6,6,-80.6774,-22.6636
23.8,10,2,23,6,6,-80.829,-21.2582
23.8,11,1,23,6,5,-81.2783,-20.9203
23.8,12,0,23,6,6,-81.3936,-26.792
23.8,13,2,23,6,4,-81.6735,-20.6474
23.8,14,1,23,6,5,-81.7979,-26.5929
23.9,0,0,23,6,8,-78.8659,-20.5715
23.9,1,2,23,6,9,-79.4523,-21.0502
23.9,2,1,23,6,10,-79.5275,-26.0694
23.9,3,0,23,6,10,-78.976,-24.891
23.9,4,2,23,6,11,-79.1671,-24.7044
23.9,5,1,23,6,10,-79.1772,-24.313
23.9,6,0,23,6,10,-79.3698,-23.9446
23.9,7,2,23,6,9,-79.6436,-25.3107
23.9,8,1,23,6,9,-79.916,-24.8989
23.9,9,0,23,6,6,-80.6694,-22.7637
23.9,10,2,23,6,6,-80.815,-21.2529
23.9,11,1,23,6,5,-81.2712,-20.9279
23.9,12,0,23,6,6,-81.3724,-26.7611
23.9,13,2,23,6,4,-81.6711,-20.648
23.9,14,1,23,6,5,-81.7831,-26.5812
24,0,0,23,6,9,-78.8382,-26.0142
24,1,2,23,6,9,-79.4335,-21.072
24,2,1,23,6,10,-79.4989,-26.057
24,3,0,23,6,10,-78.9631,-24.9058
24,4,2,23,6,11,-79.1477,-24.695
24,5,1,23,6,10,-79.1687,-24.3633
24,6,0,23,6,10,-79.3586,-23.9353
24,7,2,23,6,9,-79.6266,-25.3289
24,8,1,23,6,9,-79.9041,-24.8884
24,9,0,23,6,7,-80.6614,-26.9514
24,10,2,23,6,6,-80.8009,-21.251
24,11,1,23,6,5,-81.2645,-20.9371
24,12,0,23,6,6,-81.3505,-26.7283
24,13,2,23,6,4,-81.6698,-20.6498
24,14,1,23,6,5,-81.7677,-26.5684
24.1,0,1,23,6,9,-78.8107,-25.9907
24.1,1,0,23,6,9,-79.415,-21.0921
24.1,2,2,23,6,10,-79.4706,-26.0458
24.1,3,1,23,6,10,-78.9506,-24.9195
24.1,4,0,23,6,11,-79.1281,-24.6849
24.1,5,2,23,6,10,-79.1604,-24.4181
24.1,6,1,23,6,10,-79.3475,-23.9262
24.1,7,0,23,6,9,-79.6092,-25.3484
24.1,8,2,23,6,9,-79.8923,-24.8776
24.1,9,1,23,6,7,-80.6533,-26.9993
24.1,10,1,23,6,6,-80.787,-21.2512
24.1,11,2,23,6,5,-81.2595,-20.9478
24.1,12,0,23,6,6,-81.3283,-26.694
24.1,13,0,23,6,4,-81.6691,-20.6532
24.1,14,2,23,6,5,-81.7522,-26.5559
24.2,0,1,23,6,9,-78.7835,-25.9647
24.2,1,0,23,6,9,-79.3967,-21.1086
24.2,2,2,23,6,10,-79.4427,-26.0353
24.2,3,1,23,6,10,-78.9385,-24.9322
24.2,4,0,23,6,11,-79.1082,-24.6732
24.2,5,2,23,6,10,-79.1522,-24.4786
24.2,6,1,23,6,10,-79.3367,-23.9164
24.2,7,0,23,6,9,-79.5918,-25.3692
24.2,8,2,23,6,9,-79.8804,-24.8664
24.2,9,1,23,6,7,-80.6454,-27.0497
24.2,10,1,23,6,6,-80.7213,-21.2539
24.2,11,2,23,6,5,-81.2558,-20.9609
24.2,12,0,23,6,6,-81.3059,-26.6583
24.2,13,0,23,6,4,-81.6694,-20.6577
24.2,14,2,23,6,5,-81.7366,-26.5438
24.3,0,1,23,6,9,-78.7569,-25.9354
24.3,1,0,23,6,9,-79.3787,-21.1234
24.3,2,2,23,6,10,-79.4154,-26.0255
24.3,3,1,23,6,10,-78.927,-24.9446
24.3,4,0,23,6,11,-79.0882,-24.661
24.3,5,2,23,6,10,-79.1446,-24.5435
24.3,6,1,23,6,10,-79.3264,-23.907
24.3,7,0,23,6,9,-79.5743,-25.3909
24.3,8,2,23,6,9,-79.8688,-24.8549
24.3,9,1,23,6,7,-80.6375,-27.1008
24.3,10,1,23,6,6,-80.7074,-21.2591
24.3,11,2,23,6,5,-81.2535,-20.9756
24.3,12,0,23,6,6,-81.2835,-26.6219
24.3,13,0,23,6,4,-81.6718,-20.6646
24.3,14,2,23,6,5,-81.7212,-26.5325
24.4,0,1,23,6,10,-78.7306,-26.444
24.4,1,0,23,6,9,-79.3611,-21.135
24.4,2,2,23,6,10,-79.3887,-26.0169
24.4,3,1,23,6,10,-78.916,-24.9557
24.4,4,0,23,6,11,-79.0682,-24.648
24.4,5,2,23,6,10,-79.1373,-24.6135
24.4,6,1,23,6,10,-79.3166,-23.8972
24.4,7,0,23,6,9,-79.5567,-25.4152
24.4,8,2,23,6,9,-79.8575,-24.8434
24.4,9,1,23,6,7,-80.6297,-27.1537
24.4,10,1,23,6,7,-80.6939,-27.2587
24.4,11,2,23,6,5,-81.2522,-20.992
24.4,12,0,23,6,6,-81.2612,-26.585
24.4,13,0,23,6,4,-81.6757,-20.6729
24.4,14,2,23,6,5,-81.7061,-26.5228
24.5,0,1,23,6,10,-78.7048,-26.4452
24.5,1,0,23,6,9,-79.3437,-21.1445
24.5,2,2,23,6,10,-79.3626,-26.0087
24.5,3,1,23,6,10,-78.9054,-24.9668
24.5,4,0,23,6,11,-79.0482,-24.6344
24.5,5,2,23,6,10,-79.1305,-24.6883
24.5,6,1,23,6,10,-79.3074,-23.8879
24.5,7,0,23,6,9,-79.539,-25.4409
24.5,8,2,23,6,9,-79.8464,-24.8316
24.5,9,1,23,6,7,-80.6218,-27.209
24.5,10,1,23,6,7,-80.6811,-27.3198
24.5,11,2,23,6,5,-81.2518,-21.0093
24.5,12,0,23,6,6,-81.2389,-26.5479
24.5,13,0,23,6,4,-81.6809,-20.6824
24.5,14,2,23,6,5,-81.6913,-26.5144
24.6,0,0,23,6,10,-78.6795,-26.4447
24.6,1,2,23,6,9,-79.3266,-21.1509
24.6,2,2,23,6,10,-79.3371,-26.0014
24.6,3,1,23,6,10,-78.8953,-24.9776
24.6,4,0,23,6,11,-79.0281,-24.62
24.6,5,2,23,6,10,-79.1239,-24.7669
24.6,6,1,23,6,10,-79.2986,-23.878
24.6,7,0,23,6,9,-79.5213,-25.4685
24.6,8,2,23,6,9,-79.8356,-24.8198
24.6,9,1,23,6,7,-80.6141,-27.2652
24.6,10,0,23,6,7,-80.6688,-27.3828
24.6,11,2,23,6,5,-81.252,-21.028
24.6,12,1,23,6,6,-81.2171,-26.5115
24.6,13,0,23,6,4,-81.6871,-20.6927
24.6,14,2,23,6,5,-81.6769,-26.508
24.7,0,0,23,6,10,-78.6547,-26.4429
24.7,1,2,23,6,9,-79.3098,-21.1543
24.7,2,2,23,6,10,-79.3122,-25.9959
24.7,3,1,23,6,10,-78.8855,-24.9879
24.7,4,0,23,6,11,-79.0081,-24.6046
24.7,5,2,23,6,10,-79.1174,-24.8499
24.7,6,1,23,6,10,-79.2905,-23.8691
24.7,7,0,23,6,9,-79.5037,-25.4984
24.7,8,2,23,6,9,-79.8252,-24.8088
24.7,9,1,23,6,7,-80.6063,-27.3216
24.7,10,0,23,6,7,-80.6573,-27.4467
24.7,11,2,23,6,5,-81.2526,-21.0474
24.7,12,1,23,6,6,-81.1385,-26.4756
24.7,13,0,23,6,4,-81.6938,-20.7047
24.7,14,2,23,6,5,-81.6628,-26.5038
24.8,0,0,23,6,10,-78.6304,-26.4412
24.8,1,2,23,6,9,-79.2932,-21.1554
24.8,2,2,23,6,10,-79.2881,-25.9905
24.8,3,1,23,6,10,-78.8761,-24.9979
24.8,4,0,23,6,11,-78.9882,-24.5894
24.8,5,2,23,6,10,-79.1111,-24.936
24.8,6,1,23,6,10,-79.283,-23.8606
24.8,7,0,23,6,9,-79.486,-25.5304
24.8,8,2,23,6,9,-79.8153,-24.8068
24.8,9,1,23,6,7,-80.5986,-27.38
24.8,10,0,23,6,7,-80.6468,-27.5143
24.8,11,2,23,6,5,-81.2535,-21.0667
24.8,12,1,23,6,6,-81.1168,-26.4405
24.8,13,0,23,6,4,-81.7007,-20.7153
24.8,14,2,23,6,5,-81.6492,-26.502
24.9,0,0,23,6,10,-78.6066,-26.4378
24.9,1,2,23,6,9,-79.2769,-21.1535
24.9,2,2,23,6,10,-79.2646,-25.9857
24.9,3,1,23,6,10,-78.8671,-25.0083
24.9,4,0,23,6,11,-78.9685,-24.5737
24.9,5,2,23,6,10,-79.1049,-25.0254
24.9,6,1,23,6,10,-79.2762,-23.8528
24.9,7,0,23,6,9,-79.4682,-25.5638
24.9,8,2,23,6,9,-79.8058,-24.8693
24.9,9,1,23,6,7,-80.5908,-27.4389
24.9,10,0,23,6,7,-80.637,-27.5835
24.9,11,2,23,6,5,-81.2544,-21.0863
24.9,12,1,23,6,6,-81.0958,-26.4071
24.9,13,0,23,6,4,-81.7076,-20.7262
24.9,14,2,23,6,5,-81.6361,-26.5019
25,0,0,23,6,10,-78.5834,-26.4337
25,1,2,23,6,9,-79.2608,-21.1501
25,2,2,23,6,10,-79.2416,-25.9815
25,3,1,23,6,10,-78.8583,-25.0191
25,4,0,23,6,11,-78.9489,-24.5574
25,5,2,23,6,10,-79.0986,-25.116
25,6,1,23,6,10,-79.2699,-23.8453
25,7,0,23,6,9,-79.4505,-25.5986
25,8,2,23,6,9,-79.7968,-24.933
25,9,1,23,6,7,-80.5831,-27.4981
25,10,0,23,6,7,-80.628,-27.654
25,11,2,23,6,5,-81.2554,-21.1063
25,12,1,23,6,6,-81.0755,-26.3755
25,13,0,23,6,4,-81.7143,-20.737
25,14,2,23,6,5,-81.6236,-26.504
25.1,0,0,23,6,10,-78.5605,-26.4281
25.1,1,2,23,6,9,-79.2447,-21.1436
25.1,2,2,23,6,10,-79.2194,-25.9773
25.1,3,1,23,6,10,-78.8496,-25.0302
25.1,4,0,23,6,11,-78.9294,-24.5416
25.1,5,2,23,6,10,-79.0924,-25.2111
25.1,6,1,23,6,10,-79.2643,-23.8384
25.1,7,0,23,6,9,-79.4333,-25.6371
25.1,8,2,23,6,9,-79.7882,-24.9955
25.1,9,1,23,6,7,-80.5754,-27.5559
25.1,10,0,23,6,7,-80.6197,-27.7234
25.1,11,2,23,6,5,-81.2562,-21.1267
25.1,12,1,23,6,6,-81.0554,-26.3445
25.1,13,0,23,6,4,-81.7203,-20.7454
25.1,14,2,23,6,5,-81.6116,-26.5093
25.2,0,0,23,6,10,-78.5376,-26.4213
25.2,1,2,23,6,9,-79.228,-21.1341
25.2,2,2,23,6,10,-79.1985,-25.973
25.2,3,1,23,6,10,-78.8407,-25.042
25.2,4,0,23,6,11,-78.9092,-24.5278
25.2,5,2,23,6,10,-79.0858,-25.3094
25.2,6,1,23,6,10,-79.2589,-23.8327
25.2,7,0,23,6,9,-79.4173,-25.6753
25.2,8,2,23,6,9,-79.7791,-25.0542
25.2,9,1,23,6,7,-80.5665,-27.6125
25.2,10,0,23,6,7,-80.6121,-27.7924
25.2,11,2,23,6,5,-81.2556,-21.1448
25.2,12,1,23,6,6,-81.0353,-26.3173
25.2,13,0,23,6,4,-81.7245,-20.7518
25.2,14,2,23,6,5,-81.6006,-26.5155
25.3,0,0,23,6,10,-78.5144,-26.4101
25.3,1,2,23,6,9,-79.2112,-21.1195
25.3,2,2,23,6,11,-79.1779,-25.9694
25.3,3,1,23,6,10,-78.8324,-25.061
25.3,4,0,23,6,11,-78.8883,-24.5117
25.3,5,2,23,6,10,-79.08,-25.4123
25.3,6,1,23,6,10,-79.2528,-23.8292
25.3,7,0,23,6,9,-79.4007,-25.7082
25.3,8,2,23,6,9,-79.7704,-25.1098
25.3,9,1,23,6,8,-80.5573,-27.6679
25.3,10,0,23,6,7,-80.6056,-27.8602
25.3,11,2,23,6,5,-81.2543,-21.1602
25.3,12,1,23,6,6,-80.9609,-26.295
25.3,13,0,23,6,4,-81.7274,-20.7556
25.3,14,2,23,6,5,-81.5899,-26.5206
25.4,0,0,23,6,10,-78.491,-26.3955
25.4,1,2,23,6,9,-79.1943,-21.1013
25.4,2,2,23,6,11,-79.157,-25.9671
25.4,3,1,23,6,10,-78.8256,-25.0824
25.4,4,0,23,6,11,-78.8643,-24.4903
25.4,5,2,23,6,10,-79.0724,-25.5188
25.4,6,1,23,6,10,-79.2477,-23.8262
25.4,7,0,23,6,9,-79.3832,-25.7381
25.4,8,2,23,6,9,-79.7611,-25.1612
25.4,9,1,23,6,8,-80.5484,-27.7213
25.4,10,0,23,6,7,-80.5993,-27.9253
25.4,11,2,23,6,5,-81.2532,-21.1755
25.4,12,1,23,6,6,-80.9401,-26.2768
25.4,13,0,23,6,4,-81.7303,-20.7599
25.4,14,2,23,6,5,-81.5783,-26.5256
25.5,0,0,23,6,10,-78.4676,-26.3794
25.5,1,2,23,6,9,-79.1775,-21.0795
25.5,2,2,23,6,11,-79.1357,-25.9656
25.5,3,1,23,6,10,-78.8203,-25.109
25.5,4,0,23,6,11,-78.8362,-24.4633
25.5,5,2,23,6,10,-79.062,-25.6277
25.5,6,1,23,6,10,-79.2429,-23.8206
25.5,7,0,23,6,9,-79.3652,-25.7629
25.5,8,2,23,6,9,-79.7505,-25.2077
25.5,9,1,23,6,8,-80.54,-27.7733
25.5,10,0,23,6,7,-80.5928,-27.9882
25.5,11,2,23,6,5,-81.2525,-21.1899
25.5,12,1,23,6,6,-80.9172,-26.2617
25.5,13,0,23,6,4,-81.7335,-20.7643
25.5,14,2,23,6,5,-81.565,-26.527
25.6,0,2,23,6,10,-78.4445,-26.3609
25.6,1,1,23,6,9,-79.1606,-21.0531
25.6,2,1,23,6,11,-79.1142,-25.9655
25.6,3,0,23,6,10,-78.816,-25.1423
25.6,4,0,23,6,11,-78.804,-24.431
25.6,5,2,23,6,10,-79.0488,-25.7376
25.6,6,2,23,6,10,-79.238,-23.8106
25.6,7,1,23,6,9,-79.3469,-25.779
25.6,8,1,23,6,9,-79.7384,-25.2472
25.6,9,0,23,6,8,-80.5324,-27.8216
25.6,10,0,23,6,7,-80.5857,-28.0459
25.6,11,2,23,6,5,-81.2528,-21.2071
25.6,12,2,23,6,6,-80.892,-26.2497
25.6,13,1,23,6,4,-81.7372,-20.7656
25.6,14,1,23,6,5,-81.549,-26.52
25.7,0,2,23,6,10,-78.4215,-26.3414
25.7,1,1,23,6,9,-79.1436,-21.0235
25.7,2,1,23,6,11,-79.0922,-25.9661
25.7,3,0,23,6,10,-78.8126,-25.1847
25.7,4,0,23,6,11,-78.7673,-24.393
25.7,5,2,23,6,10,-79.0326,-25.8466
25.7,6,2,23,6,10,-79.2324,-23.7967
25.7,7,1,23,6,9,-79.3284,-25.7834
25.7,8,1,23,6,9,-79.7245,-25.2789
25.7,9,0,23,6,8,-80.5257,-27.8672
25.7,10,0,23,6,7,-80.5775,-28.0988
25.7,11,2,23,6,5,-81.254,-21.2248
25.7,12,2,23,6,6,-80.8637,-26.242
25.7,13,1,23,6,4,-81.7417,-20.7651
25.7,14,1,23,6,5,-81.4676,-26.5008
25.8,0,2,23,6,10,-78.3991,-26.3217
25.8,1,1,23,6,9,-79.1266,-20.9912
25.8,2,1,23,6,11,-79.0701,-25.9676
25.8,3,0,23,6,10,-78.8066,-25.2307
25.8,4,0,23,6,11,-78.726,-24.3495
25.8,5,2,23,6,10,-79.0483,-25.9516
25.8,6,2,23,6,10,-79.2237,-23.7779
25.8,7,1,23,6,9,-79.3102,-25.7698
25.8,8,1,23,6,9,-79.7075,-25.3002
25.8,9,0,23,6,8,-80.5199,-27.9089
25.8,10,0,23,6,7,-80.5675,-28.1452
25.8,11,2,23,6,5,-81.2562,-21.2435
25.8,12,2,23,6,6,-80.8319,-26.2407
25.8,13,1,23,6,4,-81.747,-20.7619
25.8,14,1,23,6,5,-81.4434,-26.4631
25.9,0,2,23,6,10,-78.3772,-26.3011
25.9,1,1,23,6,9,-79.1096,-20.9589
25.9,2,1,23,6,11,-79.0479,-25.97
25.9,3,0,23,6,10,-78.7975,-25.2824
25.9,4,0,23,6,11,-78.6803,-24.3003
25.9,5,2,23,6,10,-79.0263,-26.0524
25.9,6,2,23,6,10,-79.211,-23.7562
25.9,7,1,23,6,9,-79.2923,-25.7368
25.9,8,1,23,6,9,-79.6873,-25.312
25.9,9,0,23,6,8,-80.5154,-27.9487
25.9,10,0,23,6,7,-80.5551,-28.1864
25.9,11,2,23,6,5,-81.2594,-21.2635
25.9,12,2,23,6,6,-80.7964,-26.2484
25.9,13,1,23,6,4,-81.7531,-20.7574
25.9,14,1,23,6,5,-81.4143,-26.404
26,0,2,23,6,10,-78.3562,-26.2821
26,1,1,23,6,9,-79.0925,-20.9259
26,2,1,23,6,11,-79.0257,-25.9721
26,3,0,23,6,10,-78.7856,-25.3416
26,4,0,23,6,11,-78.63,-24.2453
26,5,2,23,6,10,-79.0014,-26.1455
26,6,2,23,6,10,-79.1947,-23.7308
26,7,1,23,6,9,-79.2749,-25.6787
26,8,1,23,6,9,-79.664,-25.311
26,9,0,23,6,8,-80.512,-27.9853
26,10,0,23,6,7,-80.5405,-28.2208
26,11,2,23,6,5,-81.2635,-21.2813
26,12,2,23,6,6,-80.7568,-26.2659
26,13,1,23,6,4,-81.76,-20.7525
26,14,1,23,6,5,-81.3811,-26.3198
26.1,0,0,23,6,10,-78.3361,-26.2656
26.1,1,2,23,6,9,-79.0758,-20.8983
26.1,2,2,23,6,11,-79.0037,-25.9641
26.1,3,1,23,6,10,-78.7711,-25.4123
26.1,4,1,23,6,11,-78.5757,-24.1845
26.1,5,0,23,6,11,-78.9734,-27.3119
26.1,6,2,23,6,10,-79.1757,-23.7027
26.1,7,2,23,6,9,-79.2581,-25.5914
26.1,8,0,23,6,10,-79.6381,-26.1058
26.1,9,1,23,6,8,-80.5101,-28.0193
26.1,10,1,23,6,7,-80.5233,-28.2483
26.1,11,0,23,6,5,-81.2689,-21.2971
26.1,12,2,23,6,6,-80.713,-26.2959
26.1,13,2,23,6,4,-81.766,-20.7433
26.1,14,0,23,6,5,-81.3464,-26.2095
26.2,0,0,23,6,10,-78.3175,-26.2533
26.2,1,2,23,6,9,-79.0594,-20.8848
26.2,2,2,23,6,11,-78.9823,-25.9492
26.2,3,1,23,6,10,-78.754,-25.4972
26.2,4,1,23,6,11,-78.5175,-24.1178
26.2,5,0,23,6,11,-78.9422,-27.4071
26.2,6,2,23,6,10,-79.1537,-23.6708
26.2,7,2,23,6,9,-79.2424,-25.4735
26.2,8,0,23,6,10,-79.5706,-26.0441
26.2,9,1,23,6,8,-80.5096,-28.0502
26.2,10,1,23,6,7,-80.454,-28.2675
26.2,11,0,23,6,5,-81.2753,-21.3084
26.2,12,2,23,6,6,-80.6163,-26.3421
26.2,13,2,23,6,4,-81.7714,-20.7323
26.2,14,0,23,6,5,-81.2513,-26.0715
26.3,0,0,23,6,10,-78.3005,-26.239
26.3,1,2,23,6,9,-79.0436,-20.8855
26.3,2,2,23,6,10,-78.9617,-25.4816
26.3,3,1,23,6,10,-78.7342,-25.595
26.3,4,1,23,6,11,-78.4563,-24.0451
26.3,5,0,23,6,11,-78.9079,-27.5179
26.3,6,2,23,6,10,-79.0927,-23.6357
26.3,7,2,23,6,9,-79.2276,-25.3223
26.3,8,0,23,6,10,-79.5415,-25.9782
26.3,9,1,23,6,8,-80.5105,-28.08
26.3,10,1,23,6,7,-80.4305,-28.2808
26.3,11,0,23,6,5,-81.2805,-21.3112
26.3,12,2,23,6,5,-80.5691,-18.2143
26.3,13,2,23,6,4,-81.7763,-20.7189
26.3,14,0,23,6,5,-81.1547,-25.9032
26.4,0,0,23,6,10,-78.2855,-26.2278
26.4,1,2,23,6,9,-79.0286,-20.8972
26.4,2,2,23,6,10,-78.9427,-25.4667
26.4,3,1,23,6,10,-78.7118,-25.7038
26.4,4,1,23,6,11,-78.3919,-23.9668
26.4,5,0,23,6,11,-78.8702,-27.6417
26.4,6,2,23,6,10,-79.0638,-23.596
26.4,7,2,23,6,9,-79.2142,-25.1372
26.4,8,0,23,6,10,-79.5117,-25.9075
26.4,9,1,23,6,8,-80.5127,-28.1083
26.4,10,1,23,6,7,-80.405,-28.2889
26.4,11,0,23,6,5,-81.2846,-21.3053
26.4,12,2,23,6,5,-80.5213,-18.0204
26.4,13,2,23,6,4,-81.7811,-20.7031
26.4,14,0,23,6,5,-81.0549,-25.7034
26.5,0,0,23,6,10,-78.2729,-26.2245
26.5,1,2,23,6,9,-79.0148,-20.9137
26.5,2,2,23,6,10,-78.9256,-25.4568
26.5,3,1,23,6,10,-78.687,-25.8189
26.5,4,1,23,6,11,-79.6253,-21.7169
26.5,5,0,23,6,11,-80.3217,-27.5011
26.5,6,2,23,6,10,-79.0311,-23.5524
26.5,7,2,23,6,9,-79.202,-24.9186
26.5,8,0,23,6,10,-79.4812,-25.8333
26.5,9,1,23,6,8,-80.5163,-28.1354
26.5,10,1,23,6,7,-80.3794,-28.2939
26.5,11,0,23,6,5,-81.2882,-21.2894
26.5,12,2,23,6,5,-80.4723,-17.7839
26.5,13,2,23,6,4,-81.786,-20.6849
26.5,14,0,23,6,5,-81.0079,-25.4737
26.6,0,1,23,6,10,-78.2045,-26.2318
26.6,1,0,23,6,9,-79.0016,-20.9416
26.6,2,0,23,6,10,-78.9101,-25.4495
26.6,3,2,23,6,10,-78.6596,-25.9404
26.6,4,1,23,6,11,-79.5669,-21.6248
26.6,5,0,23,6,11,-80.3042,-27.6484
26.6,6,0,23,6,10,-78.9944,-23.5047
26.6,7,1,23,6,9,-79.1912,-24.6706
26.6,8,2,23,6,10,-79.4504,-25.7561
26.6,9,2,23,6,8,-80.518,-28.1613
26.6,10,1,23,6,7,-80.3531,-28.297
26.6,11,0,23,6,5,-81.2913,-21.2623
26.6,12,0,23,6,5,-80.4217,-17.5081
26.6,13,1,23,6,4,-81.7912,-20.6666
26.6,14,2,23,6,5,-80.9571,-25.2172
26.7,0,1,23,6,10,-78.1957,-26.2516
26.7,1,0,23,6,9,-78.9889,-20.9848
26.7,2,0,23,6,10,-78.896,-25.4449
26.7,3,2,23,6,10,-78.6293,-26.0698
26.7,4,1,23,6,11,-79.5064,-21.5367
26.7,5,0,23,6,11,-80.2854,-27.8069
26.7,6,0,23,6,10,-78.953,-23.452
26.7,7,1,23,6,9,-79.1808,-24.3736
26.7,8,2,23,6,10,-79.4186,-25.6743
26.7,9,2,23,6,8,-80.517,-28.1865
26.7,10,1,23,6,7,-80.325,-28.2978
26.7,11,0,23,6,5,-81.2939,-21.2253
26.7,12,0,23,6,5,-80.3702,-17.1721
26.7,13,1,23,6,4,-81.7965,-20.647
26.7,14,2,23,6,5,-80.9018,-24.9227
26.8,0,1,23,6,10,-78.1888,-26.2843
26.8,1,0,23,6,10,-78.977,-26.3142
26.8,2,0,23,6,10,-78.8833,-25.4431
26.8,3,2,23,6,10,-78.6272,-26.2044
26.8,4,1,23,6,11,-79.4442,-21.4527
26.8,5,0,23,6,11,-80.2654,-27.9737
26.8,6,0,23,6,10,-78.9065,-23.3921
26.8,7,1,23,6,9,-79.1705,-24.035
26.8,8,2,23,6,10,-79.3862,-25.5876
26.8,9,2,23,6,8,-80.5139,-28.2142
26.8,10,1,23,6,8,-80.2945,-28.763
26.8,11,0,23,6,5,-81.2962,-21.1794
26.8,12,0,23,6,5,-80.318,-16.7862
26.8,13,1,23,6,4,-81.8039,-20.6276
26.8,14,2,23,6,5,-80.8426,-24.5983
26.9,0,1,23,6,9,-78.184,-26.3326
26.9,1,0,23,6,10,-78.9666,-26.3136
26.9,2,0,23,6,10,-78.8725,-25.4473
26.9,3,2,23,6,10,-78.5896,-26.3418
26.9,4,1,23,6,11,-79.381,-21.3722
26.9,5,0,23,6,11,-80.2438,-28.1463
26.9,6,0,23,6,10,-78.8549,-23.3216
26.9,7,1,23,6,9,-79.1605,-23.6576
26.9,8,2,23,6,10,-79.3539,-25.4929
26.9,9,2,23,6,7,-80.5131,-26.6372
26.9,10,1,23,6,8,-80.262,-28.6966
26.9,11,0,23,6,5,-81.3,-21.1319
26.9,12,0,23,6,5,-80.2653,-16.3534
26.9,13,1,23,6,4,-81.8134,-20.6074
26.9,14,2,23,6,5,-80.7793,-24.2488
27,0,1,23,6,9,-78.1808,-26.3968
27,1,0,23,6,10,-78.9576,-26.3279
27,2,0,23,6,10,-78.8634,-25.4568
27,3,2,23,6,10,-78.5498,-26.4859
27,4,1,23,6,11,-79.3163,-21.2915
27,5,0,23,6,11,-80.2199,-28.3249
27,6,0,23,6,10,-78.799,-23.2398
27,7,1,23,6,9,-79.151,-23.2692
27,8,2,23,6,10,-79.3224,-25.3904
27,9,2,23,6,7,-80.515,-26.8194
27,10,1,23,6,8,-80.226,-28.6249
27,11,0,23,6,5,-81.3062,-21.0827
27,12,0,23,6,5,-80.2104,-15.9038
27,13,1,23,6,4,-81.8246,-20.5864
27,14,2,23,6,5,-80.7115,-23.893
27.1,0,2,23,6,9,-78.1791,-26.4796
27.1,1,1,23,6,10,-78.9503,-26.3609
27.1,2,0,23,6,10,-78.8555,-25.4633
27.1,3,2,23,6,10,-78.5101,-26.6392
27.1,4,1,23,6,11,-79.2132,-21.2095
27.1,5,0,23,6,11,-80.1936,-28.5073
27.1,6,0,23,6,10,-78.7401,-23.1482
27.1,7,1,23,6,9,-79.1411,-22.8729
27.1,8,2,23,6,10,-79.2927,-25.2822
27.1,9,2,23,6,7,-80.5193,-27.0224
27.1,10,1,23,6,8,-80.1874,-28.5494
27.1,11,0,23,6,5,-81.3169,-21.0363
27.1,12,2,23,6,5,-80.1533,-15.4403
27.1,13,1,23,6,4,-81.8373,-20.572
27.1,14,0,23,6,5,-80.6392,-23.5355
27.2,0,2,23,6,9,-78.1784,-26.5835
27.2,1,1,23,6,10,-78.9446,-26.4162
27.2,2,0,23,6,10,-78.8488,-25.4675
27.2,3,2,23,6,11,-78.4746,-26.8947
27.2,4,1,23,6,11,-80.7916,-20.412
27.2,5,0,23,6,11,-80.165,-28.6904
27.2,6,0,23,6,10,-78.681,-23.0552
27.2,7,1,23,6,9,-79.1305,-22.4716
27.2,8,2,23,6,10,-79.2669,-25.1771
27.2,9,2,23,6,7,-80.5256,-27.2433
27.2,10,1,23,6,9,-80.1475,-28.4709
27.2,11,0,23,6,5,-81.33,-20.9794
27.2,12,2,23,6,5,-82.2607,-13.6508
27.2,13,1,23,6,4,-81.8507,-20.5811
27.2,14,0,23,6,5,-80.5629,-23.179
27.3,0,2,23,6,9,-78.1775,-26.7122
27.3,1,1,23,6,10,-78.9396,-26.4978
27.3,2,0,23,6,10,-78.8423,-25.4681
27.3,3,2,23,6,11,-78.4429,-26.9909
27.3,4,1,23,6,11,-80.7228,-20.2429
27.3,5,0,23,6,11,-80.1338,-28.8765
27.3,6,0,23,6,10,-78.6211,-22.9636
27.3,7,1,23,6,9,-79.1177,-22.1555
27.3,8,2,23,6,10,-79.2441,-25.0771
27.3,9,2,23,6,7,-80.5323,-27.4795
27.3,10,1,23,6,9,-80.1074,-28.3966
27.3,11,0,23,6,5,-81.3443,-20.9207
27.3,12,2,23,6,5,-82.2096,-13.4375
27.3,13,1,23,6,4,-81.8626,-20.607
27.3,14,0,23,6,5,-80.4807,-22.8244
27.4,0,2,23,6,9,-78.1757,-26.87
27.4,1,1,23,6,10,-78.9344,-26.6113
27.4,2,0,23,6,10,-78.8017,-25.4664
27.4,3,2,23,6,11,-78.4127,-27.1844
27.4,4,1,23,6,11,-80.6502,-20.0553
27.4,5,0,23,6,11,-80.0997,-29.0667
27.4,6,0,23,6,10,-78.558,-22.8657
27.4,7,1,23,6,9,-79.1017,-22.4601
27.4,8,2,23,6,10,-79.2233,-24.9752
27.4,9,2,23,6,7,-80.5387,-27.731
27.4,10,1,23,6,9,-80.0664,-28.3456
27.4,11,0,23,6,5,-81.3601,-20.8822
27.4,12,2,23,6,5,-82.1547,-13.2261
27.4,13,1,23,6,4,-81.871,-20.6242
27.4,14,0,23,6,5,-80.3911,-22.4755
27.5,0,2,23,6,9,-78.1725,-27.0591
27.5,1,1,23,6,10,-78.9288,-26.7587
27.5,2,0,23,6,10,-78.7934,-25.4629
27.5,3,2,23,6,11,-79.7105,-26.7215
27.5,4,1,23,6,11,-80.5725,-19.8499
27.5,5,0,23,6,11,-80.0624,-29.261
27.5,6,0,23,6,10,-79.8577,-20.0083
27.5,7,1,23,6,9,-79.0818,-22.7814
27.5,8,2,23,6,10,-79.204,-24.8716
27.5,9,2,23,6,7,-80.5437,-27.9964
27.5,10,1,23,6,9,-80.0252,-28.4001
27.5,11,0,23,6,5,-81.3765,-20.8606
27.5,12,2,23,6,5,-82.0952,-13.0268
27.5,13,1,23,6,4,-81.8746,-20.6295
27.5,14,0,23,6,5,-80.2938,-22.1249
27.6,0,2,23,6,9,-78.1677,-27.281
27.6,1,0,23,6,10,-78.9224,-26.9416
27.6,2,1,23,6,10,-78.7842,-25.4603
27.6,3,2,23,6,11,-79.6861,-26.8602
27.6,4,0,23,6,12,-80.4898,-25.5027
27.6,5,1,23,6,11,-80.0218,-29.458
27.6,6,2,23,6,10,-79.7758,-19.8821
27.6,7,0,23,6,9,-79.0582,-23.1219
27.6,8,1,23,6,10,-79.186,-24.7667
27.6,9,2,23,6,8,-80.5471,-28.2766
27.6,10,0,23,6,9,-79.9847,-28.4812
27.6,11,1,23,6,5,-81.3928,-20.8538
27.6,12,2,23,6,5,-82.0309,-12.8378
27.6,13,0,23,6,4,-81.8718,-20.6202
27.6,14,1,23,6,5,-80.1877,-21.7749
27.7,0,2,23,6,9,-78.1608,-27.5342
27.7,1,0,23,6,10,-78.9144,-27.1587
27.7,2,1,23,6,10,-78.7735,-25.4842
27.7,3,2,23,6,11,-79.6586,-27.037
27.7,4,0,23,6,12,-80.4011,-25.371
27.7,5,1,23,6,11,-79.9774,-29.654
27.7,6,2,23,6,10,-79.686,-19.7552
27.7,7,0,23,6,9,-79.0302,-23.4865
27.7,8,1,23,6,10,-79.1686,-24.6593
27.7,9,2,23,6,8,-80.5487,-28.5762
27.7,10,0,23,6,9,-79.9453,-28.597
27.7,11,1,23,6,5,-81.3997,-20.8481
27.7,12,2,23,6,5,-81.961,-12.661
27.7,13,0,23,6,4,-81.862,-20.5963
27.7,14,1,23,6,5,-80.0723,-21.4272
27.8,0,2,23,6,9,-77.1961,-28.2339
27.8,1,0,23,6,10,-78.9046,-27.4061
27.8,2,1,23,6,10,-78.7613,-25.5355
27.8,3,2,23,6,11,-79.628,-27.2471
27.8,4,0,23,6,12,-80.3064,-25.2586
27.8,5,1,23,6,11,-79.9289,-29.8464
27.8,6,2,23,6,11,-79.6425,-25.2673
27.8,7,0,23,6,10,-78.9974,-29.9842
27.8,8,1,23,6,10,-79.1514,-24.5483
27.8,9,2,23,6,8,-80.548,-28.8942
27.8,10,0,23,6,9,-79.9073,-28.7483
27.8,11,1,23,6,5,-81.3975,-20.8456
27.8,12,2,23,6,5,-81.8857,-12.497
27.8,13,0,23,6,4,-81.845,-20.5554
27.8,14,1,23,6,5,-82.0642,-16.886
27.9,0,2,23,6,9,-77.2094,-28.5398
27.9,1,0,23,6,10,-78.8929,-27.6819
27.9,2,1,23,6,9,-78.6827,-21.471
27.9,3,2,23,6,11,-79.5944,-27.488
27.9,4,0,23,6,12,-80.206,-25.1674
27.9,5,1,23,6,11,-79.8763,-30.0346
27.9,6,2,23,6,11,-79.6492,-25.1351
27.9,7,0,23,6,10,-78.9597,-30.0396
27.9,8,1,23,6,10,-79.1341,-24.4327
27.9,9,2,23,6,7,-80.5451,-25.8155
27.9,10,0,23,6,9,-79.8706,-28.9396
27.9,11,1,23,6,5,-81.3863,-20.8471
27.9,12,2,23,6,5,-81.805,-12.3476
27.9,13,0,23,6,4,-81.8207,-20.4991
27.9,14,1,23,6,5,-81.9783,-16.3832
28,0,2,23,6,9,-77.2189,-28.8415
28,1,0,23,6,10,-78.8778,-27.9822
28,2,1,23,6,9,-78.6661,-21.9972
28,3,2,23,6,11,-79.5579,-27.7554
28,4,0,23,6,12,-80.0984,-25.0782
28,5,1,23,6,11,-79.8194,-30.2164
28,6,2,23,6,11,-79.6507,-25.0205
28,7,0,23,6,10,-78.9165,-30.0848
28,8,1,23,6,10,-79.1157,-24.3123
28,9,2,23,6,7,-80.5312,-25.9787
28,10,0,23,6,9,-79.8352,-29.1859
28,11,1,23,6,5,-81.3675,-20.837
28,12,2,23,6,5,-81.7189,-12.2138
28,13,0,23,6,4,-81.7896,-20.4278
28,14,1,23,6,5,-81.8885,-15.9201
28.1,0,1,23,6,9,-77.2246,-29.183
28.1,1,0,23,6,10,-78.8593,-28.3048
28.1,2,2,23,6,9,-77.5829,-26.5884
28.1,3,1,23,6,11,-79.5186,-28.0462
28.1,4,0,23,6,12,-79.984,-24.989
28.1,5,2,23,6,11,-79.7578,-30.3889
28.1,6,1,23,6,11,-79.6464,-24.9218
28.1,7,0,23,6,10,-78.8675,-30.1152
28.1,8,2,23,6,10,-77.9308,-27.1571
28.1,9,1,23,6,7,-80.5064,-26.1764
28.1,10,0,23,6,9,-79.8009,-29.4852
28.1,11,2,23,6,5,-81.3411,-20.819
28.1,12,1,23,6,5,-81.6277,-12.0976
28.1,13,0,23,6,4,-81.7517,-20.3409
28.1,14,2,23,6,5,-81.7958,-15.815
28.2,0,1,23,6,9,-77.2264,-29.5473
28.2,1,0,23,6,10,-78.837,-28.6554
28.2,2,2,23,6,9,-77.5968,-27.0337
28.2,3,1,23,6,11,-79.4762,-28.3663
28.2,4,0,23,6,12,-79.8633,-24.899
28.2,5,2,23,6,11,-79.6916,-30.5645
28.2,6,1,23,6,11,-79.6362,-24.838
28.2,7,0,23,6,10,-78.8127,-30.1328
28.2,8,2,23,6,10,-77.9492,-27.5705
28.2,9,1,23,6,7,-80.4705,-26.4065
28.2,10,0,23,6,9,-79.7639,-29.8325
28.2,11,2,23,6,5,-81.3075,-20.7967
28.2,12,1,23,6,5,-81.5335,-12.0032
28.2,13,0,23,6,4,-81.7078,-20.2411
28.2,14,2,23,6,5,-81.7004,-15.728
28.3,0,1,23,6,9,-77.2243,-29.9286
28.3,1,0,23,6,10,-78.8111,-29.0285
28.3,2,2,23,6,9,-77.6068,-27.5001
28.3,3,1,23,6,11,-79.431,-28.7096
28.3,4,0,23,6,12,-79.7372,-24.8096
28.3,5,2,23,6,11,-79.6207,-30.7401
28.3,6,1,23,6,11,-79.62,-24.7679
28.3,7,0,23,6,10,-78.7515,-30.1364
28.3,8,2,23,6,10,-77.9649,-28.0353
28.3,9,1,23,6,7,-80.4242,-26.6714
28.3,10,0,23,6,9,-79.7255,-30.2312
28.3,11,2,23,6,5,-81.2667,-20.7724
28.3,12,1,23,6,5,-81.4367,-11.9566
28.3,13,0,23,6,4,-81.6578,-20.1294
28.3,14,2,23,6,5,-81.6055,-15.6819
28.4,0,1,23,6,9,-77.2167,-30.3245
28.4,1,0,23,6,10,-78.749,-29.4217
28.4,2,2,23,6,9,-77.6108,-27.9847
28.4,3,1,23,6,11,-79.3832,-29.073
28.4,4,0,23,6,12,-79.6032,-24.6988
28.4,5,2,23,6,11,-79.5453,-30.9141
28.4,6,1,23,6,11,-79.5965,-24.6978
28.4,7,0,23,6,10,-78.6737,-30.117
28.4,8,2,23,6,10,-77.9771,-28.5482
28.4,9,1,23,6,7,-80.3673,-26.9676
28.4,10,0,23,6,9,-79.6857,-30.6787
28.4,11,2,23,6,5,-81.219,-20.7499
28.4,12,1,23,6,5,-81.3377,-11.9605
28.4,13,0,23,6,4,-81.6019,-20.0075
28.4,14,2,23,6,5,-81.5119,-15.6795
28.5,0,1,23,6,9,-77.2037,-30.7311
28.5,1,0,23,6,10,-78.7164,-29.831
28.5,2,2,23,6,9,-77.5837,-28.4834
28.5,3,1,23,6,11,-79.333,-29.452
28.5,4,0,23,6,12,-79.4615,-24.5687
28.5,5,2,23,6,12,-79.4656,-31.0868
28.5,6,1,23,6,11,-79.5656,-24.6259
28.5,7,0,23,6,10,-78.5796,-30.0749
28.5,8,2,23,6,10,-77.9857,-29.1119
28.5,9,1,23,6,7,-80.3001,-27.2968
28.5,10,0,23,6,10,-79.6443,-31.1783
28.5,11,2,23,6,5,-81.1645,-20.7328
28.5,12,1,23,6,5,-81.2376,-12.0153
28.5,13,0,23,6,4,-81.5404,-19.8755
28.5,14,2,23,6,5,-81.4197,-15.7196
28.6,0,2,23,6,9,-77.1854,-31.1431
28.6,1,0,23,6,10,-78.6809,-30.2514
28.6,2,1,23,6,9,-77.5753,-28.9894
28.6,3,2,23,6,11,-79.2806,-29.8404
28.6,4,1,23,6,12,-79.3122,-24.4206
28.6,5,0,23,6,12,-79.3816,-31.2887
28.6,6,2,23,6,11,-79.527,-24.5517
28.6,7,1,23,6,10,-78.4693,-30.009
28.6,8,1,23,6,10,-77.9906,-29.7205
28.6,9,2,23,6,7,-80.222,-27.654
28.6,10,0,23,6,10,-79.6013,-31.7239
28.6,11,0,23,6,5,-81.1027,-20.7241
28.6,12,1,23,6,5,-81.1381,-12.122
28.6,13,1,23,6,4,-81.4735,-19.7357
28.6,14,2,23,6,5,-81.3289,-15.8002
28.7,0,2,23,6,9,-77.162,-31.5552
28.7,1,0,23,6,10,-77.5866,-30.9973
28.7,2,1,23,6,9,-77.56,-29.4959
28.7,3,2,23,6,11,-79.2262,-30.2326
28.7,4,1,23,6,12,-80.8709,-21.9613
28.7,5,0,23,6,12,-79.2934,-31.6302
28.7,6,2,23,6,11,-78.2297,-26.1597
28.7,7,1,23,6,10,-79.7125,-29.6665
28.7,8,1,23,6,10,-77.9913,-30.3648
28.7,9,2,23,6,7,-80.1326,-28.0516
28.7,10,0,23,6,10,-79.5564,-32.3073
28.7,11,0,23,6,5,-81.0338,-20.73
28.7,12,1,23,6,5,-81.0398,-12.2818
28.7,13,1,23,6,4,-81.4008,-19.5892
28.7,14,2,23,6,5,-81.2398,-15.9224
28.8,0,2,23,6,9,-77.111,-31.9685
28.8,1,0,23,6,10,-77.5691,-31.4154
28.8,2,1,23,6,9,-77.538,-30.003
28.8,3,2,23,6,11,-79.17,-30.6289
28.8,4,1,23,6,12,-80.7593,-21.7882
28.8,5,0,23,6,12,-79.2013,-31.9716
28.8,6,2,23,6,11,-78.2067,-26.9713
28.8,7,1,23,6,10,-79.6173,-29.5851
28.8,8,1,23,6,10,-77.9879,-31.0385
28.8,9,2,23,6,7,-80.0319,-28.4848
28.8,10,0,23,6,10,-79.5094,-32.9212
28.8,11,0,23,6,5,-80.9573,-20.7535
28.8,12,1,23,6,5,-80.9429,-12.4929
28.8,13,1,23,6,4,-81.3223,-19.438
28.8,14,2,23,6,5,-81.1519,-16.0843
28.9,0,2,23,6,9,-77.076,-32.3803
28.9,1,0,23,6,10,-77.548,-31.8365
28.9,2,1,23,6,9,-77.5088,-30.5078
28.9,3,2,23,6,11,-79.112,-31.0281
28.9,4,1,23,6,12,-80.6449,-21.6002
28.9,5,0,23,6,12,-79.1047,-32.3105
28.9,6,2,23,6,11,-78.1739,-27.7837
28.9,7,1,23,6,10,-79.5065,-29.7509
28.9,8,1,23,6,10,-77.9802,-31.7335
28.9,9,2,23,6,7,-79.9195,-28.9515
28.9,10,0,23,6,10,-79.4597,-33.5575
28.9,11,0,23,6,5,-80.8732,-20.7981
28.9,12,1,23,6,5,-80.8472,-12.7543
28.9,13,1,23,6,4,-81.2382,-19.2829
28.9,14,2,23,6,5,-81.0657,-16.2868
29,0,2,23,6,9,-77.0347,-32.7912
29,1,0,23,6,10,-77.5237,-32.2609
29,2,1,23,6,10,-77.4724,-31.01
29,3,2,23,6,11,-79.0524,-31.43
29,4,1,23,6,12,-80.5276,-21.4015
29,5,0,23,6,12,-79.0042,-32.6472
29,6,2,23,6,11,-78.133,-28.5975
29,7,1,23,6,10,-79.38,-30.3238
29,8,1,23,6,10,-77.9682,-32.4461
29,9,2,23,6,8,-79.7539,-34.5369
29,10,0,23,6,10,-79.4072,-34.2125
29,11,0,23,6,5,-80.781,-20.8664
29,12,1,23,6,5,-80.7527,-13.0648
29,13,1,23,6,4,-81.1482,-19.127
29,14,2,23,6,5,-80.9808,-16.5291
29.1,0,2,23,6,9,-76.9872,-33.1998
29.1,1,1,23,6,10,-77.4959,-32.6864
29.1,2,0,23,6,10,-77.4284,-31.5066
29.1,3,2,23,6,11,-78.9911,-31.833
29.1,4,1,23,6,12,-80.4072,-21.1885
29.1,5,0,23,6,12,-78.8997,-32.9805
29.1,6,2,23,6,11,-78.0848,-29.3998
29.1,7,1,23,6,10,-79.2379,-30.8729
29.1,8,1,23,6,10,-77.9512,-33.1602
29.1,9,2,23,6,8,-79.6178,-35.0857
29.1,10,0,23,6,10,-79.3512,-34.8702
29.1,11,0,23,6,5,-80.6804,-20.9753
29.1,12,1,23,6,5,-80.6589,-13.4236
29.1,13,1,23,6,4,-81.052,-18.9698
29.1,14,2,23,6,5,-80.8968,-16.8118
29.2,0,2,23,6,10,-76.9334,-33.6042
29.2,1,1,23,6,10,-77.4645,-33.1101
29.2,2,0,23,6,10,-77.3767,-31.9957
29.2,3,2,23,6,11,-78.9283,-32.235
29.2,4,1,23,6,12,-80.2816,-20.9611
29.2,5,0,23,6,12,-78.7917,-33.3082
29.2,6,2,23,6,11,-78.0297,-30.1934
29.2,7,1,23,6,11,-79.0802,-34.3571
29.2,8,1,23,6,11,-77.9293,-33.8754
29.2,9,2,23,6,9,-79.4684,-35.9143
29.2,10,0,23,6,10,-79.2922,-35.5306
29.2,11,0,23,6,5,-80.5706,-21.1202
29.2,12,1,23,6,5,-80.5655,-13.8057
29.2,13,1,23,6,4,-80.9493,-18.8155
29.2,14,2,23,6,5,-80.8114,-17.1124
29.3,0,2,23,6,10,-76.873,-34.008
29.3,1,1,23,6,10,-77.4293,-33.5352
29.3,2,0,23,6,10,-77.317,-32.4802
29.3,3,2,23,6,12,-78.8643,-32.6398
29.3,4,1,23,6,13,-80.1503,-26.5947
29.3,5,0,23,6,12,-78.6811,-33.6342
29.3,6,2,23,6,11,-77.9683,-30.9736
29.3,7,1,23,6,11,-78.9064,-34.4595
29.3,8,1,23,6,11,-77.9028,-34.5868
29.3,9,2,23,6,9,-79.3056,-36.4543
29.3,10,0,23,6,10,-79.2298,-36.1881
29.3,11,0,23,6,6,-80.4516,-21.5581
29.3,12,1,23,6,6,-80.4722,-25.2617
29.3,13,1,23,6,4,-80.8415,-18.6657
29.3,14,2,23,6,5,-80.724,-17.4302
29.4,0,2,23,6,10,-76.8058,-34.3905
29.4,1,1,23,6,10,-77.3907,-33.9415
29.4,2,0,23,6,10,-77.2492,-32.9396
29.4,3,2,23,6,12,-78.8002,-33.0288
29.4,4,1,23,6,13,-80.0133,-26.3925
29.4,5,0,23,6,12,-78.5693,-33.939
29.4,6,2,23,6,11,-77.9009,-31.738
29.4,7,1,23,6,11,-78.7169,-34.5347
29.4,8,1,23,6,11,-77.8717,-35.2908
29.4,9,2,23,6,9,-79.1296,-36.9722
29.4,10,0,23,6,10,-79.1685,-36.8444
29.4,11,0,23,6,6,-80.323,-21.5222
29.4,12,1,23,6,6,-80.3787,-25.3131
29.4,13,1,23,6,4,-80.7307,-18.5256
29.4,14,2,23,6,5,-80.6349,-17.768
29.5,0,2,23,6,10,-76.7313,-34.7561
29.5,1,1,23,6,10,-77.3481,-34.3326
29.5,2,0,23,6,10,-77.1731,-33.3784
29.5,3,2,23,6,12,-78.7357,-33.4064
29.5,4,1,23,6,13,-79.8681,-26.1673
29.5,5,0,23,6,12,-78.4562,-34.2272
29.5,6,2,23,6,12,-77.8279,-32.4842
29.5,7,1,23,6,11,-78.512,-34.5848
29.5,8,1,23,6,11,-77.8366,-35.9858
29.5,9,2,23,6,10,-78.9395,-37.4644
29.5,10,0,23,6,10,-79.108,-37.4964
29.5,11,0,23,6,6,-80.1858,-21.7817
29.5,12,1,23,6,6,-80.2851,-25.4109
29.5,13,1,23,6,4,-80.6173,-18.3981
29.5,14,2,23,6,5,-80.5354,-18.1141
29.6,0,2,23,6,10,-76.6522,-35.0967
29.6,1,1,23,6,10,-77.279,-34.6994
29.6,2,0,23,6,10,-77.0917,-33.7867
29.6,3,2,23,6,12,-78.6711,-33.7642
29.6,4,1,23,6,13,-79.722,-25.9568
29.6,5,0,23,6,13,-78.3414,-34.4911
29.6,6,2,23,6,12,-77.7522,-33.2023
29.6,7,1,23,6,11,-78.3039,-34.6213
29.6,8,0,23,6,11,-77.7988,-36.6616
29.6,9,2,23,6,10,-78.7441,-37.9299
29.6,10,1,23,6,10,-79.0487,-38.1331
29.6,11,0,23,6,6,-80.0441,-22.089
29.6,12,2,23,6,7,-80.1863,-26.5738
29.6,13,1,23,6,4,-80.4999,-18.2812
29.6,14,0,23,6,5,-80.4358,-18.4815
29.7,0,2,23,6,10,-76.5687,-35.4789
29.7,1,1,23,6,10,-77.2305,-35.1064
29.7,2,0,23,6,11,-76.2559,-34.4101
29.7,3,2,23,6,12,-78.6078,-34.1644
29.7,4,1,23,6,13,-79.5771,-25.762
29.7,5,0,23,6,13,-78.2259,-34.7855
29.7,6,2,23,6,12,-76.8113,-35.5762
29.7,7,1,23,6,11,-78.0925,-34.6559
29.7,8,0,23,6,11,-77.7593,-37.3161
29.7,9,2,23,6,10,-78.5474,-38.3667
29.7,10,1,23,6,10,-78.9874,-38.7536
29.7,11,0,23,6,6,-79.9004,-22.4485
29.7,12,2,23,6,8,-80.0864,-38.9419
29.7,13,1,23,6,4,-80.3812,-18.1823
29.7,14,0,23,6,5,-80.3373,-18.8566
29.8,0,2,23,6,10,-76.4807,-35.873
29.8,1,1,23,6,10,-77.1566,-35.5255
29.8,2,0,23,6,11,-76.1934,-34.8519
29.8,3,2,23,6,13,-78.5469,-34.5853
29.8,4,1,23,6,13,-79.4332,-25.5794
29.8,5,0,23,6,13,-79.3577,-34.9308
29.8,6,2,23,6,12,-77.6376,-36.2139
29.8,7,1,23,6,11,-77.8784,-34.6982
29.8,8,0,23,6,11,-77.7183,-37.938
29.8,9,2,23,6,10,-78.3495,-38.7668
29.8,10,1,23,6,10,-78.9254,-39.3411
29.8,11,0,23,6,6,-79.756,-22.8678
29.8,12,2,23,6,8,-79.9863,-39.4375
29.8,13,1,23,6,5,-80.2629,-26.7066
29.8,14,0,23,6,5,-80.2406,-19.2386
29.9,0,2,23,6,10,-77.1991,-36.2776
29.9,1,1,23,6,10,-77.1034,-35.9562
29.9,2,0,23,6,11,-76.8951,-35.2992
29.9,3,2,23,6,13,-78.4575,-35.0265
29.9,4,1,23,6,13,-79.2909,-25.4082
29.9,5,0,23,6,13,-79.2492,-35.268
29.9,6,2,23,6,12,-77.5987,-36.8182
29.9,7,1,23,6,12,-80.334,-36.8133
29.9,8,0,23,6,11,-77.6746,-38.5313
29.9,9,2,23,6,10,-78.15,-39.1287
29.9,10,1,23,6,11,-78.8628,-39.894
29.9,11,0,23,6,6,-79.6102,-23.3529
29.9,12,2,23,6,8,-79.8868,-39.8899
29.9,13,1,23,6,5,-80.1451,-27.0665
29.9,14,0,23,6,5,-80.146,-19.6272
30,0,2,23,6,10,-77.1425,-36.6193
30,1,1,23,6,11,-77.0456,-36.3219
30,2,0,23,6,11,-76.8556,-35.6782
30,3,2,23,6,13,-78.3994,-35.4101
30,4,1,23,6,13,-79.1505,-25.2483
30,5,0,23,6,13,-79.1411,-35.5425
30,6,2,23,6,12,-77.5521,-37.3768
30,7,1,23,6,12,-80.1641,-37.0262
30,8,0,23,6,11,-77.6191,-39.0672
30,9,2,23,6,10,-77.9497,-39.4451
30,10,1,23,6,11,-78.8004,-40.4053
30,11,0,23,6,7,-79.4642,-37.3887
30,12,2,23,6,8,-79.788,-40.29
30,13,1,23,6,5,-80.0286,-27.5029
30,14,0,23,6,5,-80.054,-20.0246
30.1,0,2,23,6,10,-77.0928,-36.9322
30.1,1,1,23,6,11,-76.9916,-36.658
30.1,2,0,23,6,11,-76.8178,-36.0232
30.1,3,2,23,6,13,-78.3466,-35.77
30.1,4,1,23,6,13,-80.6291,-22.4345
30.1,5,0,23,6,13,-79.0378,-35.7919
30.1,6,2,23,6,12,-77.4976,-37.8932
30.1,7,1,23,6,12,-79.9985,-37.2156
30.1,8,1,23,6,11,-77.5556,-39.5555
30.1,9,2,23,6,10,-78.8977,-39.7136
30.1,10,0,23,6,11,-78.7383,-40.88
30.1,11,0,23,6,7,-79.3146,-37.8715
30.1,12,2,23,6,8,-79.6901,-40.6412
30.1,13,1,23,6,5,-79.9124,-28.0081
30.1,14,1,23,6,5,-79.9663,-20.4673
30.2,0,2,23,6,10,-77.0391,-37.246
30.2,1,1,23,6,11,-76.9328,-36.9935
30.2,2,0,23,6,11,-76.7741,-36.364
30.2,3,2,23,6,13,-78.2644,-36.1375
30.2,4,1,23,6,13,-80.5314,-23.0152
30.2,5,0,23,6,13,-78.937,-36.049
30.2,6,2,23,6,12,-77.424,-38.3566
30.2,7,1,23,6,12,-79.8275,-37.4105
30.2,8,1,23,6,12,-77.4869,-39.9955
30.2,9,2,23,6,11,-78.6987,-39.9431
30.2,10,0,23,6,11,-78.6764,-41.3134
30.2,11,0,23,6,7,-79.1258,-38.3419
30.2,12,2,23,6,8,-79.5926,-40.9377
30.2,13,1,23,6,5,-79.7963,-28.5782
30.2,14,1,23,6,5,-79.8802,-20.9196
30.3,0,2,23,6,10,-76.9814,-37.5803
30.3,1,1,23,6,11,-76.8694,-37.3479
30.3,2,0,23,6,11,-76.7241,-36.7201
30.3,3,2,23,6,13,-78.2121,-36.5305
30.3,4,1,23,6,13,-78.9275,-29.2363
30.3,5,0,23,6,13,-78.8397,-36.3332
30.3,6,2,23,6,12,-77.3371,-38.7662
30.3,7,1,23,6,12,-79.6573,-37.6306
30.3,8,1,23,6,12,-77.4148,-40.3914
30.3,9,2,23,6,11,-78.4963,-40.1278
30.3,10,0,23,6,11,-78.6146,-41.7068
30.3,11,0,23,6,7,-78.9723,-38.8015
30.3,12,2,23,6,8,-78.2435,-41.1906
30.3,13,1,23,6,5,-79.6816,-29.2187
30.3,14,1,23,6,5,-79.7955,-21.384
30.4,0,2,23,6,10,-76.9195,-37.943
30.4,1,1,23,6,11,-76.8013,-37.7288
30.4,2,0,23,6,11,-76.668,-37.1345
30.4,3,2,23,6,13,-78.1599,-36.9598
30.4,4,1,23,6,13,-78.8875,-30.1722
30.4,5,0,23,6,13,-78.7457,-36.6524
30.4,6,2,23,6,13,-77.2398,-39.1256
30.4,7,1,23,6,13,-79.4984,-37.8967
30.4,8,1,23,6,12,-77.3404,-40.7474
30.4,9,2,23,6,11,-78.2901,-40.2726
30.4,10,0,23,6,11,-78.5547,-42.0651
30.4,11,0,23,6,8,-78.8172,-39.2468
30.4,12,2,23,6,9,-78.1959,-41.3813
30.4,13,1,23,6,5,-79.568,-29.9388
30.4,14,1,23,6,5,-79.7132,-21.8623
30.5,0,2,23,6,10,-76.8533,-38.3432
30.5,1,1,23,6,11,-76.7282,-38.1447
30.5,2,0,23,6,11,-76.6055,-37.7489
30.5,3,2,23,6,13,-78.1076,-37.631
30.5,4,1,23,6,13,-78.8462,-31.1244
30.5,5,0,23,6,13,-78.6549,-37.0933
30.5,6,2,23,6,13,-77.1287,-39.4303
30.5,7,1,23,6,13,-79.3381,-38.2025
30.5,8,1,23,6,12,-77.2618,-41.0599
30.5,9,2,23,6,11,-78.0796,-40.373
30.5,10,0,23,6,11,-78.4954,-42.3848
30.5,11,0,23,6,8,-78.6606,-39.6722
30.5,12,2,23,6,9,-78.1468,-41.5176
30.5,13,1,23,6,5,-79.4545,-30.7507
30.5,14,1,23,6,5,-79.6321,-22.3566
30.6,0,1,23,6,11,-76.7826,-38.786
30.6,1,2,23,6,12,-76.6496,-38.9584
30.6,2,0,23,6,11,-76.5361,-38.3804
30.6,3,1,23,6,13,-78.0549,-38.3247
30.6,4,0,23,6,13,-78.8037,-32.0963
30.6,5,2,23,6,13,-78.5658,-37.7075
30.6,6,1,23,6,13,-77.0031,-39.6792
30.6,7,0,23,6,13,-79.1753,-38.6311
30.6,8,2,23,6,12,-77.1773,-41.3277
30.6,9,1,23,6,11,-77.8644,-40.4301
30.6,10,0,23,6,11,-78.4366,-42.6667
30.6,11,2,23,6,9,-78.5023,-43.5277
30.6,12,1,23,6,10,-78.0963,-41.6066
30.6,13,0,23,6,5,-79.3389,-31.6703
30.6,14,2,23,6,5,-79.5517,-22.8679
30.7,0,1,23,6,11,-76.707,-39.2761
30.7,1,2,23,6,12,-76.5651,-39.6179
30.7,2,0,23,6,12,-76.4594,-39.0274
30.7,3,1,23,6,13,-78.0014,-39.0394
30.7,4,0,23,6,13,-78.7605,-33.0851
30.7,5,2,23,6,13,-78.478,-38.3448
30.7,6,1,23,6,13,-77.7545,-39.8663
30.7,7,0,23,6,13,-80.586,-39.1861
30.7,8,2,23,6,12,-77.0854,-41.545
30.7,9,1,23,6,11,-77.6445,-40.4392
30.7,10,0,23,6,11,-78.3785,-42.9069
30.7,11,2,23,6,10,-78.3419,-43.5922
30.7,12,1,23,6,10,-78.0449,-41.6449
30.7,13,0,23,6,5,-79.2214,-32.7185
30.7,14,2,23,6,5,-79.4724,-23.3996
30.8,0,1,23,6,12,-76.6264,-40.4093
30.8,1,2,23,6,12,-76.4743,-40.2428
30.8,2,0,23,6,12,-76.3752,-39.6386
30.8,3,1,23,6,13,-77.9475,-39.7242
30.8,4,0,23,6,14,-78.7184,-34.0201
30.8,5,2,23,6,13,-78.3917,-38.9542
30.8,6,1,23,6,13,-77.6192,-39.9958
30.8,7,0,23,6,13,-80.4498,-39.7507
30.8,8,2,23,6,12,-76.9837,-41.7124
30.8,9,1,23,6,12,-77.4195,-40.6517
30.8,10,0,23,6,12,-78.3209,-43.1085
30.8,11,2,23,6,10,-78.1796,-43.6158
30.8,12,1,23,6,11,-77.9983,-44.0377
30.8,13,0,23,6,6,-79.1022,-33.9234
30.8,14,2,23,6,5,-79.3938,-23.9535
30.9,0,1,23,6,12,-76.5406,-40.9825
30.9,1,2,23,6,12,-76.3768,-40.8215
30.9,2,0,23,6,12,-76.2829,-40.2022
30.9,3,1,23,6,13,-77.8917,-40.3661
30.9,4,0,23,6,14,-78.6453,-34.8896
30.9,5,2,23,6,14,-78.3065,-39.5239
30.9,6,1,23,6,13,-77.4692,-40.067
30.9,7,0,23,6,13,-80.3137,-40.2728
30.9,8,2,23,6,12,-76.8702,-41.8275
30.9,9,1,23,6,12,-77.1895,-40.9782
30.9,10,0,23,6,12,-78.264,-43.2722
30.9,11,2,23,6,10,-78.0135,-43.5992
30.9,12,1,23,6,11,-77.9563,-44.1632
30.9,13,0,23,6,6,-78.9803,-35.2465
30.9,14,2,23,6,6,-79.3161,-28.7888
31,0,1,23,6,12,-76.4488,-41.3691
31,1,2,23,6,12,-77.0531,-41.2108
31,2,0,23,6,12,-76.9442,-40.5545
31,3,1,23,6,13,-77.8323,-40.8208
31,4,0,23,6,14,-78.5727,-35.5189
31,5,2,23,6,14,-78.2202,-39.9107
31,6,1,23,6,13,-78.3231,-37.1324
31,7,0,23,6,13,-80.1755,-40.6094
31,8,2,23,6,13,-76.7425,-41.8862
31,9,1,23,6,12,-77.8834,-41.1425
31,10,0,23,6,12,-78.1994,-43.386
31,11,2,23,6,11,-77.8434,-43.5413
31,12,1,23,6,11,-77.9174,-44.2544
31,13,0,23,6,6,-78.8555,-36.6976
31,14,2,23,6,6,-79.2392,-28.8181
31.1,0,2,23,6,12,-76.3512,-41.6152
31.1,1,1,23,6,12,-76.9704,-41.4572
31.1,2,0,23,6,12,-76.8418,-40.7855
31.1,3,2,23,6,13,-77.7431,-41.1336
31.1,4,1,23,6,14,-78.532,-35.9687
31.1,5,0,23,6,14,-78.1323,-40.1606
31.1,6,0,23,6,13,-78.1441,-37.2616
31.1,7,1,23,6,13,-80.0349,-40.807
31.1,8,2,23,6,13,-76.5981,-41.8875
31.1,9,2,23,6,13,-77.6469,-41.7751
31.1,10,0,23,6,12,-78.1298,-43.4562
31.1,11,0,23,6,11,-77.6693,-43.4444
31.1,12,1,23,6,12,-77.8813,-44.3135
31.1,13,1,23,6,6,-78.7279,-38.2942
31.1,14,2,23,6,6,-79.1628,-28.8635
31.2,0,2,23,6,12,-76.2479,-41.7576
31.2,1,1,23,6,12,-76.8816,-41.5975
31.2,2,0,23,6,12,-76.7315,-40.9093
31.2,3,2,23,6,13,-77.676,-41.341
31.2,4,1,23,6,14,-78.4605,-36.2826
31.2,5,0,23,6,14,-78.0431,-40.3111
31.2,6,0,23,6,13,-77.9565,-37.3586
31.2,7,1,23,6,13,-79.8919,-40.9032
31.2,8,2,23,6,13,-76.4364,-41.8341
31.2,9,2,23,6,13,-77.4054,-41.8115
31.2,10,0,23,6,12,-78.0572,-43.4896
31.2,11,0,23,6,11,-77.491,-43.3131
31.2,12,1,23,6,12,-77.8475,-44.3441
31.2,13,1,23,6,6,-78.5972,-40.0567
31.2,14,2,23,6,6,-79.0875,-28.9258
31.3,0,2,23,6,12,-76.1392,-41.8106
31.3,1,1,23,6,12,-76.787,-41.6463
31.3,2,0,23,6,12,-76.6131,-40.9405
31.3,3,2,23,6,13,-77.6051,-41.4564
31.3,4,1,23,6,14,-77.4211,-38.0828
31.3,5,0,23,6,14,-77.925,-40.3767
31.3,6,0,23,6,14,-77.7611,-37.3927
31.3,7,1,23,6,13,-79.7466,-40.9128
31.3,8,2,23,6,13,-76.2593,-42.2802
31.3,9,2,23,6,13,-77.1589,-41.7589
31.3,10,0,23,6,12,-77.0693,-44.1418
31.3,11,0,23,6,11,-77.3083,-43.1565
31.3,12,1,23,6,12,-77.8155,-44.9873
31.3,13,1,23,6,7,-78.4633,-41.9873
31.3,14,2,23,6,6,-79.013,-29.0075
31.4,0,2,23,6,12,-76.7547,-41.7681
31.4,1,1,23,6,12,-77.5453,-41.582
31.4,2,0,23,6,12,-77.3377,-40.8724
31.4,3,2,23,6,13,-77.5303,-41.4725
31.4,4,1,23,6,14,-77.4149,-38.2339
31.4,5,0,23,6,14,-77.807,-40.3505
31.4,6,0,23,6,14,-80.13,-36.966
31.4,7,1,23,6,14,-79.5993,-40.8292
31.4,8,2,23,6,13,-76.0694,-43.3128
31.4,9,2,23,6,13,-80.6878,-41.5947
31.4,10,0,23,6,12,-77.0283,-45.2905
31.4,11,0,23,6,11,-77.1207,-44.0713
31.4,12,1,23,6,12,-77.7854,-46.1483
31.4,13,1,23,6,7,-78.2968,-44.0707
31.4,14,2,23,6,7,-78.9395,-29.1093
31.5,0,2,23,6,12,-76.6657,-41.6308
31.5,1,1,23,6,13,-77.4538,-41.4364
31.5,2,0,23,6,13,-77.2443,-40.7065
31.5,3,2,23,6,13,-77.4518,-41.3892
31.5,4,1,23,6,14,-77.4055,-38.2863
31.5,5,0,23,6,14,-78.8377,-40.1624
31.5,6,0,23,6,14,-79.9508,-36.8799
31.5,7,1,23,6,14,-79.4501,-40.6533
31.5,8,2,23,6,13,-76.5702,-44.6314
31.5,9,2,23,6,13,-80.4995,-41.3523
31.5,10,0,23,6,12,-76.979,-46.7352
31.5,11,0,23,6,11,-76.9283,-45.3621
31.5,12,1,23,6,12,-77.7562,-47.6148
31.5,13,1,23,6,8,-78.1566,-48.0944
31.5,14,2,23,6,8,-78.8665,-42.2813
31.6,0,0,23,6,12,-76.5734,-41.3899
31.6,1,1,23,6,13,-77.3579,-41.1846
31.6,2,2,23,6,13,-77.1447,-40.4342
31.6,3,0,23,6,13,-77.3695,-41.197
31.6,4,1,23,6,14,-77.3923,-38.2311
31.6,5,2,23,6,14,-78.7715,-39.951
31.6,6,1,23,6,14,-79.7658,-36.764
31.6,7,0,23,6,14,-79.2994,-40.3763
31.6,8,0,23,6,13,-76.3591,-46.143
31.6,9,1,23,6,13,-80.3076,-41.0058
31.6,10,1,23,6,12,-76.9187,-48.3665
31.6,11,2,23,6,11,-76.731,-46.848
31.6,12,2,23,6,12,-77.7275,-49.2799
31.6,13,0,23,6,8,-78.0127,-49.6163
31.6,14,0,23,6,8,-78.7946,-42.1106
31.7,0,0,23,6,12,-77.3017,-41.0459
31.7,1,1,23,6,13,-77.2575,-40.8418
31.7,2,2,23,6,13,-77.0387,-40.0708
31.7,3,0,23,6,13,-77.2833,-40.9109
31.7,4,1,23,6,14,-77.3745,-38.0837
31.7,5,2,23,6,14,-78.7046,-39.6526
31.7,6,1,23,6,14,-81.4623,-23.4748
31.7,7,0,23,6,14,-79.1473,-40.0134
31.7,8,0,23,6,13,-76.1429,-47.538
31.7,9,1,23,6,13,-80.1124,-40.5709
31.7,10,1,23,6,13,-76.8448,-49.8743
31.7,11,2,23,6,12,-76.5281,-48.2232
31.7,12,2,23,6,12,-77.6992,-50.8368
31.7,13,0,23,6,8,-77.8649,-51.0292
31.7,14,0,23,6,8,-78.7224,-41.9689
31.8,0,0,23,6,12,-77.2145,-40.6787
31.8,1,1,23,6,13,-77.1527,-40.4585
31.8,2,2,23,6,14,-76.9263,-39.6679
31.8,3,0,23,6,13,-77.1931,-40.5818
31.8,4,1,23,6,14,-77.3516,-37.8961
31.8,5,2,23,6,14,-78.6361,-39.3189
31.8,6,1,23,6,14,-81.2391,-23.207
31.8,7,0,23,6,14,-80.633,-39.5585
31.8,8,0,23,6,14,-76.6565,-48.4133
31.8,9,1,23,6,14,-79.9138,-40.0991
31.8,10,1,23,6,13,-76.7541,-50.8488
31.8,11,2,23,6,12,-76.3194,-49.0842
31.8,12,2,23,6,12,-77.6703,-51.8788
31.8,13,0,23,6,10,-77.7126,-51.9287
31.8,14,0,23,6,9,-78.649,-41.8837
31.9,0,0,23,6,13,-77.1247,-40.3174
31.9,1,1,23,6,13,-77.0439,-40.0775
31.9,2,2,23,6,14,-77.7373,-39.2148
31.9,3,0,23,6,13,-77.0993,-40.2534
31.9,4,1,23,6,14,-77.3234,-37.7119
31.9,5,2,23,6,14,-78.5659,-38.9939
31.9,6,1,23,6,14,-81.0046,-22.9286
31.9,7,0,23,6,14,-80.4698,-39.1726
31.9,8,0,23,6,14,-77.2899,-48.3663
31.9,9,1,23,6,14,-79.713,-39.6343
31.9,10,1,23,6,13,-76.6436,-51.0068
31.9,11,2,23,6,12,-76.1051,-49.1527
31.9,12,2,23,6,12,-77.6406,-52.1261
31.9,13,0,23,6,11,-77.5562,-52.037
31.9,14,0,23,6,9,-78.5791,-41.9245
32,0,0,23,6,13,-77.0319,-39.9914
32,1,1,23,6,13,-76.9305,-39.7276
32,2,2,23,6,14,-77.6418,-38.852
32,3,0,23,6,13,-77.0012,-39.9565
32,4,1,23,6,14,-77.2879,-37.558
32,5,2,23,6,14,-78.4918,-38.7071
32,6,1,23,6,14,-80.7575,-22.6396
32,7,0,23,6,14,-80.3044,-38.8258
32,8,0,23,6,14,-77.0879,-47.6725
32,9,1,23,6,14,-79.5092,-39.2098
32,10,1,23,6,13,-76.5118,-50.3879
32,11,2,23,6,13,-75.8842,-48.4705
32,12,2,23,6,13,-77.5993,-51.6084
32,13,0,23,6,11,-77.3947,-51.3959
32,14,0,23,6,9,-78.5122,-42.1934
32.1,0,2,23,6,13,-76.9372,-39.6663
32.1,1,0,23,6,13,-76.8133,-39.3743
32.1,2,2,23,6,14,-77.5381,-38.4876
32.1,3,1,23,6,13,-76.8997,-39.6566
32.1,4,0,23,6,14,-77.2452,-37.3981
32.1,5,1,23,6,14,-78.4141,-38.4223
32.1,6,0,23,6,14,-83.105,-19.6416
32.1,7,2,23,6,14,-80.1818,-38.4815
32.1,8,1,23,6,14,-77.8078,-46.5216
32.1,9,0,23,6,14,-81.0513,-38.736
32.1,10,0,23,6,13,-76.3603,-49.3115
32.1,11,1,23,6,13,-76.352,-47.3515
32.1,12,2,23,6,13,-77.5466,-50.644
32.1,13,2,23,6,11,-77.2281,-50.3207
32.1,14,1,23,6,9,-78.4474,-42.8538
32.2,0,2,23,6,13,-76.841,-39.2973
32.2,1,0,23,6,14,-76.6931,-38.9743
32.2,2,2,23,6,14,-77.4265,-38.0773
32.2,3,1,23,6,13,-76.7948,-39.3093
32.2,4,0,23,6,14,-77.1939,-37.1833
32.2,5,1,23,6,14,-78.3332,-38.0949
32.2,6,0,23,6,14,-82.9233,-19.2877
32.2,7,2,23,6,14,-80.0549,-38.095
32.2,8,1,23,6,14,-77.6407,-45.2269
32.2,9,0,23,6,14,-80.8813,-38.2726
32.2,10,0,23,6,13,-76.1916,-48.0953
32.2,11,1,23,6,13,-76.1413,-46.1076
32.2,12,2,23,6,13,-77.4818,-49.5466
32.2,13,2,23,6,11,-77.0549,-49.1229
32.2,14,1,23,6,10,-78.384,-50.5476
32.3,0,2,23,6,13,-76.7442,-38.8353
32.3,1,0,23,6,14,-77.4005,-38.4214
32.3,2,2,23,6,14,-77.3071,-37.6124
32.3,3,1,23,6,13,-76.6865,-38.8646
32.3,4,0,23,6,14,-77.1343,-36.9526
32.3,5,1,23,6,14,-78.249,-37.7356
32.3,6,0,23,6,14,-82.731,-18.9202
32.3,7,2,23,6,14,-79.9236,-37.6675
32.3,8,1,23,6,14,-78.5314,-43.9782
32.3,9,0,23,6,14,-80.7059,-37.7155
32.3,10,0,23,6,13,-76.0088,-46.9314
32.3,11,1,23,6,13,-75.9234,-44.9237
32.3,12,2,23,6,13,-77.403,-48.503
32.3,13,2,23,6,11,-76.8753,-47.989
32.3,14,1,23,6,10,-78.3213,-49.5207
32.4,0,2,23,6,13,-76.6468,-38.2378
32.4,1,0,23,6,14,-77.2815,-37.8966
32.4,2,2,23,6,14,-77.1799,-37.0951
32.4,3,1,23,6,13,-77.4167,-38.279
32.4,4,0,23,6,14,-77.0665,-36.5913
32.4,5,1,23,6,14,-78.1619,-37.2999
32.4,6,0,23,6,14,-82.5274,-18.5398
32.4,7,2,23,6,14,-79.7884,-37.1812
32.4,8,1,23,6,14,-78.3818,-42.8584
32.4,9,0,23,6,14,-80.5254,-37.141
32.4,10,0,23,6,14,-75.8151,-45.9043
32.4,11,1,23,6,14,-76.3739,-44.3749
32.4,12,2,23,6,13,-77.3078,-47.5905
32.4,13,2,23,6,12,-76.6889,-47.5536
32.4,14,1,23,6,11,-78.259,-48.6441
32.5,0,2,23,6,13,-76.5288,-37.6115
32.5,1,0,23,6,14,-78.128,-37.2964
32.5,2,2,23,6,14,-77.0444,-36.4965
32.5,3,1,23,6,13,-77.3328,-37.6598
32.5,4,0,23,6,14,-76.9897,-36.1326
32.5,5,1,23,6,14,-78.0709,-36.7819
32.5,6,0,23,6,14,-82.3132,-18.1478
32.5,7,2,23,6,14,-79.648,-36.6136
32.5,8,1,23,6,14,-78.2369,-41.8823
32.5,9,0,23,6,14,-80.3391,-36.505
32.5,10,0,23,6,14,-75.6149,-46.1825
32.5,11,1,23,6,14,-76.8989,-45.103
32.5,12,2,23,6,13,-77.1933,-48.0808
32.5,13,2,23,6,12,-76.4954,-48.5442
32.5,14,1,23,6,11,-78.1858,-49.2356
32.6,0,1,23,6,13,-76.4296,-36.958
32.6,1,0,23,6,14,-78.0278,-36.6149
32.6,2,1,23,6,14,-77.8163,-35.8176
32.6,3,2,23,6,13,-77.2462,-37.0082
32.6,4,2,23,6,14,-76.9047,-35.5786
32.6,5,0,23,6,14,-77.9766,-36.1843
32.6,6,2,23,6,14,-82.089,-17.7473
32.6,7,1,23,6,14,-79.503,-35.9666
32.6,8,0,23,6,14,-78.0945,-41.0313
32.6,9,2,23,6,14,-80.1477,-35.7911
32.6,10,1,23,6,14,-75.4118,-45.4555
32.6,11,0,23,6,14,-77.5335,-44.0477
32.6,12,2,23,6,13,-77.058,-47.4388
32.6,13,1,23,6,12,-76.2948,-47.8192
32.6,14,0,23,6,11,-78.101,-48.654
32.7,0,1,23,6,14,-76.3104,-36.3963
32.7,1,0,23,6,14,-77.922,-35.8946
32.7,2,1,23,6,14,-77.7027,-35.1004
32.7,3,2,23,6,14,-77.1566,-36.4578
32.7,4,2,23,6,14,-76.8131,-34.9739
32.7,5,0,23,6,14,-77.8802,-35.5505
32.7,6,2,23,6,14,-81.8616,-17.3513
32.7,7,1,23,6,14,-79.3549,-35.2836
32.7,8,0,23,6,14,-77.952,-40.2915
32.7,9,2,23,6,14,-79.9518,-35.0421
32.7,10,1,23,6,14,-75.2098,-43.7041
32.7,11,0,23,6,14,-77.3148,-41.8676
32.7,12,2,23,6,14,-76.9024,-45.7449
32.7,13,1,23,6,13,-76.0883,-46.0584
32.7,14,0,23,6,13,-78.0027,-47.0299
32.8,0,1,23,6,14,-76.2087,-35.7577
32.8,1,0,23,6,14,-77.8116,-35.193
32.8,2,1,23,6,14,-77.5825,-34.3987
32.8,3,2,23,6,14,-77.0635,-35.7953
32.8,4,2,23,6,14,-76.6961,-34.3779
32.8,5,0,23,6,14,-77.7567,-34.9384
32.8,6,2,23,6,14,-85.1657,-1.84668
32.8,7,1,23,6,14,-79.2051,-34.6221
32.8,8,0,23,6,14,-79.0367,-39.6451
32.8,9,2,23,6,14,-79.7531,-34.3166
32.8,10,1,23,6,14,-75.0141,-43.1765
32.8,11,0,23,6,14,-78.1083,-39.3848
32.8,12,2,23,6,14,-76.7287,-45.1197
32.8,13,1,23,6,13,-76.5715,-44.368
32.8,14,0,23,6,13,-77.8887,-46.4096
32.9,0,1,23,6,14,-76.1052,-35.3283
32.9,1,0,23,6,14,-77.6973,-34.5905
32.9,2,1,23,6,14,-77.4564,-33.7618
32.9,3,2,23,6,14,-76.9664,-35.3519
32.9,4,2,23,6,14,-77.4036,-33.8402
32.9,5,0,23,6,14,-77.6583,-34.3966
32.9,6,2,23,6,14,-85.078,-1.59752
32.9,7,1,23,6,14,-79.0555,-34.0332
32.9,8,0,23,6,14,-78.9448,-39.0827
32.9,9,2,23,6,14,-79.514,-33.6761
32.9,10,1,23,6,14,-74.829,-42.7556
32.9,11,0,23,6,14,-79.0678,-34.5524
32.9,12,2,23,6,14,-76.5389,-44.691
32.9,13,1,23,6,13,-76.374,-43.9328
32.9,14,0,23,6,13,-77.7566,-46.0468
33,0,1,23,6,14,-76.7493,-35.0775
33,1,0,23,6,14,-77.5803,-34.2808
33,2,1,23,6,14,-78.3789,-32.906
33,3,2,23,6,14,-77.7643,-34.9069
33,4,2,23,6,14,-77.311,-33.6127
33,5,0,23,6,14,-77.5597,-34.1823
33,6,2,23,6,14,-84.9862,-1.33884
33,7,1,23,6,14,-78.9081,-33.7392
33,8,0,23,6,14,-80.3661,-34.3297
33,9,2,23,6,14,-79.2791,-33.3541
33,10,1,23,6,14,-75.1969,-40.8885
33,11,0,23,6,14,-80.4146,-34.195
33,12,2,23,6,14,-76.336,-44.3076
33,13,1,23,6,13,-76.168,-43.5514
33,14,0,23,6,13,-77.6053,-45.7216
33.1,0,0,23,6,14,-76.6689,-35.0557
33.1,1,2,23,6,14,-77.4624,-34.2088
33.1,2,0,23,6,14,-78.2607,-32.5004
33.1,3,1,23,6,14,-77.652,-34.8506
33.1,4,2,23,6,14,-77.2194,-33.6294
33.1,5,0,23,6,14,-77.4622,-34.2119
33.1,6,2,23,6,14,-84.8906,-1.07067
33.1,7,1,23,6,14,-78.7653,-33.7221
33.1,8,0,23,6,14,-80.2458,-33.8608
33.1,9,2,23,6,14,-80.7837,-32.4114
33.1,10,1,23,6,14,-75.6429,-40.7533
33.1,11,0,23,6,14,-80.1871,-34.0795
33.1,12,2,23,6,14,-76.1277,-43.9735
33.1,13,1,23,6,14,-75.9534,-43.2185
33.1,14,0,23,6,14,-77.4348,-45.4295
33.2,0,0,23,6,14,-76.5878,-35.2673
33.2,1,2,23,6,14,-77.3205,-34.3839
33.2,2,0,23,6,14,-78.1332,-32.2433
33.2,3,1,23,6,14,-77.5372,-35.0365
33.2,4,2,23,6,14,-78.0861,-32.6014
33.2,5,0,23,6,14,-77.3659,-34.4867
33.2,6,2,23,6,14,-84.7918,-0.792688
33.2,7,1,23,6,14,-78.6281,-33.9556
33.2,8,0,23,6,14,-80.1136,-33.4134
33.2,9,2,23,6,14,-80.5985,-32.1733
33.2,10,1,23,6,14,-76.1617,-41.4223
33.2,11,0,23,6,14,-79.9582,-34.2117
33.2,12,2,23,6,14,-75.9146,-43.692
33.2,13,1,23,6,14,-75.7304,-42.9366
33.2,14,0,23,6,14,-77.246,-45.1736
33.3,0,0,23,6,14,-76.507,-35.668
33.3,1,2,23,6,14,-77.2044,-34.76
33.3,2,0,23,6,14,-77.9995,-32.0221
33.3,3,1,23,6,14,-77.3973,-35.4194
33.3,4,2,23,6,14,-77.9824,-32.4607
33.3,5,0,23,6,14,-78.2612,-34.9587
33.3,6,2,23,6,14,-84.6898,-0.505253
33.3,7,1,23,6,14,-79.8816,-32.5691
33.3,8,0,23,6,14,-79.9675,-32.9812
33.3,9,2,23,6,14,-80.4131,-31.9783
33.3,10,1,23,6,14,-76.7799,-43.0246
33.3,11,0,23,6,14,-79.7309,-34.5447
33.3,12,2,23,6,14,-75.6993,-44.7654
33.3,13,1,23,6,14,-76.1321,-42.1069
33.3,14,0,23,6,14,-77.0518,-46.2127
33.4,0,0,23,6,14,-76.4261,-36.2883
33.4,1,2,23,6,14,-77.0681,-35.368
33.4,2,0,23,6,14,-77.8346,-31.8744
33.4,3,1,23,6,14,-77.2817,-36.0312
33.4,4,2,23,6,14,-77.878,-32.3844
33.4,5,0,23,6,14,-78.1694,-35.6592
33.4,6,2,23,6,14,-84.5849,-0.207299
33.4,7,1,23,6,14,-79.731,-32.5064
33.4,8,0,23,6,14,-81.8553,-32.5708
33.4,9,2,23,6,14,-80.2295,-31.8634
33.4,10,1,23,6,14,-76.6728,-45.7449
33.4,11,0,23,6,14,-79.5057,-35.1066
33.4,12,2,23,6,14,-75.4867,-47.2474
33.4,13,1,23,6,14,-76.5883,-44.3699
33.4,14,0,23,6,14,-76.8532,-48.7063
33.5,0,0,23,6,14,-77.1294,-36.9894
33.5,1,2,23,6,14,-76.9574,-36.1849
33.5,2,0,23,6,14,-77.6684,-32.4389
33.5,3,1,23,6,14,-77.1667,-36.8502
33.5,4,2,23,6,14,-77.7736,-33.2482
33.5,5,0,23,6,14,-78.0848,-36.561
33.5,6,2,23,6,14,-84.4776,0.100039
33.5,7,1,23,6,14,-79.5838,-33.1944
33.5,8,0,23,6,14,-85.6019,-4.36115
33.5,9,2,23,6,14,-80.0493,-32.4326
33.5,10,1,23,6,14,-77.4169,-49.5603
33.5,11,0,23,6,14,-81.0044,-33.2404
33.5,12,2,23,6,14,-75.2819,-50.8433
33.5,13,1,23,6,14,-76.348,-48.352
33.5,14,0,23,6,14,-76.6508,-52.3004
33.6,0,1,23,6,14,-77.0469,-37.9351
33.6,1,0,23,6,14,-76.8497,-37.098
33.6,2,1,23,6,14,-77.5275,-33.7859
33.6,3,2,23,6,14,-77.9674,-37.7679
33.6,4,2,23,6,14,-77.6701,-34.6631
33.6,5,0,23,6,14,-77.9793,-37.548
33.6,6,2,23,6,14,-84.3678,0.417722
33.6,7,1,23,6,14,-79.4412,-34.6059
33.6,8,0,23,6,14,-85.5763,-4.31552
33.6,9,2,23,6,14,-79.8722,-33.7181
33.6,10,1,23,6,14,-77.3662,-54.0696
33.6,11,0,23,6,14,-80.7893,-34.4027
33.6,12,2,23,6,14,-75.09,-55.1632
33.6,13,1,23,6,14,-76.844,-38.9298
33.6,14,0,23,6,14,-76.4427,-56.5998
33.7,0,1,23,6,14,-76.9671,-38.9252
33.7,1,0,23,6,14,-76.7446,-38.0552
33.7,2,1,23,6,14,-77.3869,-35.1053
33.7,3,2,23,6,14,-77.8958,-38.7413
33.7,4,2,23,6,14,-77.568,-36.0384
33.7,5,0,23,6,14,-77.8789,-38.5617
33.7,6,2,23,6,14,-84.2562,0.747813
33.7,7,1,23,6,14,-79.3034,-35.989
33.7,8,0,23,6,14,-85.543,-4.24815
33.7,9,2,23,6,14,-79.6958,-34.9729
33.7,10,1,23,6,14,-77.3272,-57.8154
33.7,11,0,23,6,14,-80.5795,-35.541
33.7,12,2,23,6,14,-74.9078,-58.736
33.7,13,1,23,6,14,-76.6073,-39.1977
33.7,14,0,23,6,14,-76.2342,-60.135
33.8,0,1,23,6,14,-76.8896,-39.4253
33.8,1,0,23,6,14,-77.4895,-38.5241
33.8,2,1,23,6,14,-79.5976,-31.2095
33.8,3,2,23,6,14,-77.829,-39.2444
33.8,4,2,23,6,14,-76.6362,-38.2925
33.8,5,0,23,6,14,-77.8093,-39.0686
33.8,6,2,23,6,14,-84.1429,1.09168
33.8,7,1,23,6,14,-79.1393,-36.6637
33.8,8,0,23,6,14,-85.5013,-4.15619
33.8,9,2,23,6,14,-81.37,-31.3401
33.8,10,1,23,6,14,-76.4862,-58.7917
33.8,11,0,23,6,14,-80.3265,-35.9424
33.8,12,2,23,6,14,-75.8928,-59.5606
33.8,13,1,23,6,14,-78.1462,-39.561
33.8,14,0,23,6,14,-76.0285,-60.9006
33.9,0,1,23,6,14,-76.8152,-39.512
33.9,1,0,23,6,14,-77.4249,-38.5819
33.9,2,1,23,6,14,-79.5198,-31.8982
33.9,3,2,23,6,14,-77.7694,-39.3531
33.9,4,2,23,6,14,-76.5614,-38.3687
33.9,5,0,23,6,14,-77.7448,-39.1454
33.9,6,2,23,6,14,-84.0278,1.4488
33.9,7,1,23,6,14,-77.8815,-38.6281
33.9,8,0,23,6,14,-85.4509,-4.03972
33.9,9,2,23,6,14,-81.219,-32.0521
33.9,10,1,23,6,14,-75.7925,-56.7124
33.9,11,0,23,6,14,-80.0836,-35.7399
33.9,12,2,23,6,14,-75.7576,-57.3461
33.9,13,1,23,6,14,-77.9059,-39.4921
33.9,14,0,23,6,14,-75.8283,-58.6055
34,0,1,23,6,14,-76.7435,-39.3329
34,1,0,23,6,14,-77.3664,-38.3762
34,2,1,23,6,14,-79.4425,-32.677
34,3,2,23,6,14,-77.7171,-39.2155
34,4,2,23,6,14,-76.4876,-38.174
34,5,0,23,6,14,-77.6851,-38.9433
34,6,2,23,6,14,-83.8046,1.82154
34,7,1,23,6,14,-77.8154,-38.4937
34,8,0,23,6,14,-85.3918,-3.89471
34,9,2,23,6,14,-81.0724,-32.8467
34,10,1,23,6,14,-75.7811,-52.9922
34,11,0,23,6,14,-81.9333,-33.0667
34,12,2,23,6,14,-76.2998,-53.5103
34,13,1,23,6,14,-77.6606,-39.1366
34,14,0,23,6,14,-75.6386,-54.6799
34.1,0,1,23,6,14,-76.6743,-39.096
34.1,1,0,23,6,14,-77.3138,-38.1151
34.1,2,1,23,6,14,-79.3679,-33.4113
34.1,3,2,23,6,14,-77.6707,-39.0309
34.1,4,2,23,6,14,-76.4136,-37.9159
34.1,5,0,23,6,14,-77.6301,-38.674
34.1,6,2,23,6,14,-83.687,2.20968
34.1,7,1,23,6,14,-77.7579,-38.3021
34.1,8,0,23,6,14,-85.3237,-3.72376
34.1,9,2,23,6,14,-80.9323,-33.5896
34.1,10,1,23,6,14,-75.7665,-49.3264
34.1,11,0,23,6,14,-81.7653,-33.6915
34.1,12,2,23,6,14,-76.2158,-49.7475
34.1,13,1,23,6,14,-77.4103,-38.7027
34.1,14,0,23,6,14,-75.4637,-50.8306
34.2,0,1,23,6,14,-76.6072,-38.9
34.2,1,0,23,6,14,-77.2671,-37.8969
34.2,2,1,23,6,14,-79.2979,-33.9782
34.2,3,2,23,6,14,-77.6291,-38.8895
34.2,4,2,23,6,14,-76.3386,-37.6924
34.2,5,0,23,6,14,-77.5795,-38.4382
34.2,6,2,23,6,14,-83.5678,2.61224
34.2,7,1,23,6,14,-77.6825,-38.1511
34.2,8,0,23,6,14,-85.2471,-3.52827
34.2,9,2,23,6,14,-80.8004,-34.1605
34.2,10,1,23,6,14,-76.4669,-46.3522
34.2,11,0,23,6,14,-81.6038,-34.1344
34.2,12,2,23,6,14,-76.1455,-46.6967
34.2,13,1,23,6,14,-78.1898,-36.5822
34.2,14,0,23,6,14,-75.3068,-47.7042
34.3,0,1,23,6,14,-76.5414,-38.6933
34.3,1,0,23,6,14,-77.2259,-37.6733
34.3,2,1,23,6,14,-79.2346,-34.2574
34.3,3,2,23,6,14,-77.5912,-38.7385
34.3,4,2,23,6,14,-76.2611,-37.4536
34.3,5,0,23,6,14,-77.533,-38.1896
34.3,6,2,23,6,14,-83.3517,3.0385
34.3,7,1,23,6,14,-77.6143,-37.991
34.3,8,0,23,6,14,-85.1618,-3.30331
34.3,9,2,23,6,14,-80.6782,-34.4413
34.3,10,1,23,6,14,-76.49,-44.2847
34.3,11,0,23,6,14,-81.4502,-34.2775
34.3,12,2,23,6,14,-76.0844,-44.6241
34.3,13,1,23,6,14,-77.9489,-36.6698
34.3,14,0,23,6,14,-75.1704,-45.6468
34.4,0,1,23,6,14,-77.3028,-38.3979
34.4,1,0,23,6,14,-77.1897,-37.3664
34.4,2,1,23,6,14,-79.1789,-34.2054
34.4,3,2,23,6,14,-77.5563,-38.4975
34.4,4,2,23,6,14,-76.9702,-37.1204
34.4,5,0,23,6,14,-77.4901,-37.8513
34.4,6,2,23,6,14,-83.1394,3.48583
34.4,7,1,23,6,14,-77.5775,-37.7435
34.4,8,0,23,6,14,-85.0708,-3.06028
34.4,9,2,23,6,14,-80.5668,-34.3937
34.4,10,1,23,6,14,-76.5035,-43.6587
34.4,11,0,23,6,14,-81.3053,-34.082
34.4,12,2,23,6,14,-76.03,-43.9709
34.4,13,1,23,6,14,-80.4306,-36.4186
34.4,14,0,23,6,14,-75.0558,-44.9402
34.5,0,1,23,6,14,-77.2765,-37.9712
34.5,1,0,23,6,14,-77.1583,-36.9308
34.5,2,1,23,6,14,-79.1322,-33.8228
34.5,3,2,23,6,14,-77.524,-38.1191
34.5,4,2,23,6,14,-76.9399,-36.6476
34.5,5,0,23,6,14,-77.4501,-37.3786
34.5,6,2,23,6,14,-83.0175,3.9523
34.5,7,1,23,6,14,-77.5461,-37.362
34.5,8,0,23,6,14,-84.9748,-2.80282
34.5,9,2,23,6,14,-80.467,-34.0215
34.5,10,1,23,6,14,-76.5058,-44.1997
34.5,11,0,23,6,14,-81.1715,-33.5536
34.5,12,2,23,6,14,-75.9791,-44.5019
34.5,13,1,23,6,14,-80.1384,-35.8412
34.5,14,0,23,6,14,-74.9654,-45.4067
34.6,0,1,23,6,14,-77.2535,-37.4935
34.6,1,0,23,6,14,-77.132,-36.4474
34.6,2,1,23,6,14,-79.0945,-33.2678
34.6,3,2,23,6,14,-77.47,-37.6836
34.6,4,2,23,6,14,-76.9104,-36.1138
34.6,5,0,23,6,14,-77.4134,-36.8531
34.6,6,2,23,6,14,-82.8936,4.43623
34.6,7,1,23,6,14,-77.5228,-36.931
34.6,8,0,23,6,14,-84.8765,-2.54069
34.6,9,2,23,6,14,-80.3784,-33.4876
34.6,10,1,23,6,14,-76.4959,-45.3024
34.6,11,0,23,6,14,-81.0483,-32.8555
34.6,12,2,23,6,14,-76.6637,-45.6158
34.6,13,1,23,6,14,-82.0839,-33.8069
34.6,14,0,23,6,14,-74.8985,-46.462
34.7,0,1,23,6,14,-77.2331,-37.0245
34.7,1,0,23,6,14,-77.1101,-35.9754
34.7,2,1,23,6,14,-79.0653,-32.6353
34.7,3,2,23,6,14,-77.4426,-37.2499
34.7,4,2,23,6,14,-78.9191,-33.3083
34.7,5,0,23,6,14,-77.3787,-36.3341
34.7,6,2,23,6,14,-82.7679,4.92048
34.7,7,1,23,6,14,-77.5063,-36.5091
34.7,8,0,23,6,14,-84.776,-2.27411
34.7,9,2,23,6,14,-80.2999,-32.8894
34.7,10,1,23,6,14,-77.2931,-46.0242
34.7,11,0,23,6,14,-80.9359,-32.0876
34.7,12,2,23,6,14,-77.5083,-46.3694
34.7,13,1,23,6,14,-81.9371,-32.9204
34.7,14,0,23,6,14,-74.8534,-47.2107
34.8,0,1,23,6,14,-77.215,-36.6104
34.8,1,0,23,6,14,-77.0917,-35.5607
34.8,2,1,23,6,14,-79.0438,-31.9953
34.8,3,2,23,6,14,-77.4168,-36.8637
34.8,4,2,23,6,14,-78.9213,-32.5888
34.8,5,0,23,6,14,-77.345,-35.8669
34.8,6,2,23,6,14,-82.6408,5.15808
34.8,7,1,23,6,14,-77.4956,-36.1419
34.8,8,0,23,6,14,-84.6736,-2.00461
34.8,9,2,23,6,14,-80.2298,-32.2997
34.8,10,1,23,6,14,-77.2726,-45.7833
34.8,11,0,23,6,14,-80.8339,-31.3251
34.8,12,2,23,6,14,-77.5282,-46.1791
34.8,13,1,23,6,14,-81.797,-32.032
34.8,14,0,23,6,14,-74.8283,-47.0194
34.9,0,1,23,6,14,-77.1983,-36.2713
34.9,1,0,23,6,14,-77.0762,-35.2231
34.9,2,1,23,6,14,-79.0292,-31.394
34.9,3,2,23,6,14,-77.392,-36.5444
34.9,4,2,23,6,14,-78.9283,-31.8981
34.9,5,0,23,6,14,-77.3115,-35.471
34.9,6,2,23,6,14,-82.5135,5.19394
34.9,7,1,23,6,14,-77.4895,-35.8488
34.9,8,0,23,6,14,-84.5692,-1.73436
34.9,9,2,23,6,14,-80.1665,-31.7655
34.9,10,1,23,6,14,-77.2411,-44.6016
34.9,11,0,23,6,14,-83.3711,0.846379
34.9,12,2,23,6,14,-77.5539,-45.0725
34.9,13,1,23,6,14,-81.6642,-31.1928
34.9,14,0,23,6,14,-75.3574,-45.9429
35,0,1,23,6,14,-77.1846,-36.0145
35,1,0,23,6,14,-77.0654,-34.9702
35,2,1,23,6,14,-79.0205,-30.8631
35,3,2,23,6,14,-77.3699,-36.3
35,4,2,23,6,14,-78.9389,-31.2701
35,5,0,23,6,14,-77.2808,-35.1548
35,6,2,23,6,14,-82.3867,5.20715
35,7,1,23,6,14,-77.4893,-35.6373
35,8,0,23,6,14,-84.4631,-1.46243
35,9,2,23,6,14,-80.1079,-31.3198
35,10,1,23,6,14,-77.2118,-42.9362
35,11,0,23,6,14,-83.2427,1.11179
35,12,2,23,6,14,-77.5837,-43.4839
35,13,1,23,6,14,-81.5386,-30.4405
35,14,0,23,6,14,-75.3699,-45.3123
35.1,0,1,23,6,14,-77.173,-35.8341
35.1,1,0,23,6,14,-77.0582,-34.7953
35.1,2,1,23,6,14,-79.0169,-30.3994
35.1,3,2,23,6,14,-77.3496,-36.1242
35.1,4,2,23,6,14,-78.9518,-30.7055
35.1,5,0,23,6,14,-77.2526,-34.9131
35.1,6,2,23,9,14,-82.189,5.19824
35.1,7,1,23,6,14,-77.4932,-35.5001
35.1,8,0,23,6,14,-84.3555,-1.22666
35.1,9,2,23,6,14,-80.0082,-30.96
35.1,10,1,23,6,14,-77.1844,-41.1775
35.1,11,0,23,6,14,-83.1131,1.15952
35.1,12,2,23,6,14,-77.617,-41.7828
35.1,13,1,23,6,14,-81.4209,-29.7768
35.1,14,0,23,6,14,-75.3944,-47.9988
35.2,0,1,23,6,14,-77.1631,-35.7199
35.2,1,0,23,6,14,-77.0538,-34.6883
35.2,2,1,23,6,14,-79.0179,-30
35.2,3,2,23,6,14,-77.3307,-36.0073
35.2,4,2,23,6,14,-78.9654,-30.2079
35.2,5,0,23,6,14,-78.2157,-32.0047
35.2,6,2,23,9,14,-82.0689,5.16945
35.2,7,1,23,6,14,-77.5001,-35.4273
35.2,8,0,23,6,14,-84.2466,-0.989833
35.2,9,2,23,6,14,-78.5378,-31.7527
35.2,10,1,23,6,14,-78.1284,-39.6236
35.2,11,0,23,6,14,-82.9824,1.16398
35.2,12,2,23,6,14,-76.8081,-40.4113
35.2,13,1,23,6,14,-81.3113,-29.2049
35.2,14,0,23,6,14,-75.4296,-50.892
35.3,0,1,23,6,14,-77.1541,-35.6574
35.3,1,0,23,6,14,-77.0514,-34.6347
35.3,2,1,23,6,14,-79.0234,-29.6586
35.3,3,2,23,6,14,-77.3126,-35.9355
35.3,4,2,23,6,14,-78.9782,-29.776
35.3,5,0,23,6,14,-78.2109,-31.9025
35.3,6,2,23,9,14,-81.8877,4.95641
35.3,7,1,23,6,14,-77.5085,-35.4037
35.3,8,0,23,6,14,-84.0251,-0.742674
35.3,9,2,23,6,14,-78.5376,-31.5722
35.3,10,1,23,6,14,-78.1193,-38.2755
35.3,11,0,23,6,14,-80.4574,-28.6993
35.3,12,2,23,6,14,-76.87,-39.2141
35.3,13,1,23,6,14,-81.2096,-28.7233
35.3,14,0,23,6,14,-74.925,-52.9082
35.4,0,1,23,6,14,-77.1456,-35.6371
35.4,1,0,23,6,14,-77.0499,-34.6245
35.4,2,1,23,6,14,-79.0332,-29.3644
35.4,3,2,23,6,14,-77.2948,-35.9004
35.4,4,2,23,6,14,-78.9897,-29.3976
35.4,5,0,23,6,14,-78.2082,-31.9104
35.4,6,2,23,9,14,-81.782,4.65167
35.4,7,1,23,6,14,-77.5176,-35.4208
35.4,8,0,23,6,14,-83.9154,-0.486156
35.4,9,2,23,6,14,-78.5364,-31.4887
35.4,10,1,23,6,14,-78.1108,-37.0935
35.4,11,0,23,6,14,-80.4023,-28.4345
35.4,12,2,23,6,14,-76.9352,-38.2407
35.4,13,1,23,6,14,-81.1159,-28.3232
35.4,14,0,23,6,14,-74.9744,-52.7808
35.5,0,1,23,6,14,-77.1372,-35.643
35.5,1,0,23,6,14,-77.0487,-34.6418
35.5,2,1,23,6,14,-79.0463,-29.1253
35.5,3,2,23,6,14,-77.277,-35.8864
35.5,4,2,23,6,14,-79.0005,-29.0745
35.5,5,0,23,6,14,-78.2068,-31.9193
35.5,6,2,23,9,14,-81.6835,4.36596
35.5,7,1,23,6,14,-77.5266,-35.4636
35.5,8,0,23,6,14,-83.8051,-0.221867
35.5,9,2,23,6,14,-78.5326,-31.6782
35.5,10,1,23,6,14,-78.1029,-36.3399
35.5,11,0,23,6,14,-80.3513,-28.2527
35.5,12,2,23,6,14,-77.0029,-37.9877
35.5,13,1,23,6,14,-81.0297,-28.0105
35.5,14,0,23,6,14,-75.0294,-50.8243
35.6,0,0,23,6,14,-77.1286,-35.6612
35.6,1,1,23,6,14,-77.0475,-34.6757
35.6,2,0,23,6,14,-79.0606,-28.9372
35.6,3,2,23,6,14,-77.2589,-35.8806
35.6,4,1,23,6,14,-79.0111,-28.7971
35.6,5,0,23,6,14,-78.2058,-31.917
35.6,6,2,23,9,14,-81.5924,4.09953
35.6,7,1,23,6,14,-77.5346,-35.5186
35.6,8,0,23,6,14,-83.5937,0.0481436
35.6,9,2,23,6,14,-78.5254,-31.8495
35.6,10,1,23,6,14,-78.0962,-36.1958
35.6,11,0,23,6,14,-80.3032,-28.1449
35.6,12,2,23,6,14,-77.073,-37.9772
35.6,13,1,23,6,14,-80.9507,-27.777
35.6,14,0,23,6,14,-75.089,-48.3048
35.7,0,0,23,6,14,-77.1196,-35.6844
35.7,1,1,23,6,14,-77.046,-34.7187
35.7,2,0,23,6,14,-79.0747,-28.7897
35.7,3,2,23,6,14,-77.2402,-35.876
35.7,4,1,23,6,14,-79.0215,-28.5543
35.7,5,0,23,6,14,-78.2042,-31.9022
35.7,6,2,23,9,14,-81.5086,3.85224
35.7,7,1,23,6,14,-77.5409,-35.5784
35.7,8,0,23,6,14,-83.4839,0.321322
35.7,9,2,23,6,14,-78.5138,-32
35.7,10,1,23,6,14,-78.0906,-36.092
35.7,11,0,23,6,14,-80.2569,-28.099
35.7,12,2,23,6,14,-77.1443,-38.9233
35.7,13,1,23,6,14,-80.8784,-27.6118
35.7,14,0,23,6,14,-75.1521,-45.9312
35.8,0,0,23,6,14,-77.1101,-35.7037
35.8,1,1,23,6,14,-77.0437,-34.7607
35.8,2,0,23,6,14,-79.0876,-28.6845
35.8,3,2,23,6,14,-77.2207,-35.8636
35.8,4,1,23,6,14,-79.0313,-28.3471
35.8,5,0,23,6,14,-78.2017,-31.8627
35.8,6,2,23,9,14,-81.4323,3.62496
35.8,7,1,23,6,14,-77.5454,-35.6346
35.8,8,0,23,6,14,-83.3744,0.594878
35.8,9,2,23,6,14,-78.4977,-32.1156
35.8,10,1,23,6,14,-78.0862,-37.9051
35.8,11,0,23,6,14,-80.2119,-28.1159
35.8,12,2,23,6,14,-77.2166,-40.6276
35.8,13,1,23,6,14,-80.8127,-27.517
35.8,14,0,23,6,14,-75.2178,-43.8793
35.9,0,0,23,6,14,-77.1,-35.7174
35.9,1,1,23,6,14,-77.0404,-34.7989
35.9,2,0,23,6,14,-79.099,-28.6139
35.9,3,2,23,6,14,-77.2003,-35.8409
35.9,4,1,23,6,14,-80.6467,1.34019
35.9,5,0,23,6,14,-78.1978,-31.7986
35.9,6,2,23,9,14,-81.3632,3.41637
35.9,7,1,23,6,14,-77.5476,-35.6849
35.9,8,0,23,6,14,-83.2657,0.866316
35.9,9,2,23,6,14,-77.4624,-35.0485
35.9,10,1,23,6,14,-77.1475,-41.3907
35.9,11,0,23,6,14,-80.167,-28.1875
35.9,12,2,23,6,14,-77.2897,-42.8941
35.9,13,1,23,6,14,-80.753,-27.4847
35.9,14,0,23,6,14,-75.8918,-44.0542
36,0,0,23,6,14,-77.0892,-35.7175
36,1,1,23,6,14,-77.0358,-34.8257
36,2,0,23,6,14,-79.1086,-28.5728
36,3,2,23,6,14,-77.1789,-35.8011
36,4,1,23,6,14,-80.6909,1.43425
36,5,0,23,6,14,-78.1919,-31.7015
36,6,2,23,9,14,-81.3004,3.22473
36,7,1,23,6,14,-77.5471,-35.7231
36,8,0,23,6,14,-83.1586,1.13057
36,9,2,23,6,14,-77.4683,-35.1531
36,10,1,23,6,14,-77.1702,-43.9873
36,11,0,23,6,14,-80.0329,-28.3066
36,12,2,23,6,14,-77.3633,-45.3735
36,13,1,23,6,14,-80.6992,-27.5089
36,14,0,23,6,14,-75.9831,-46.5565
36.1,0,0,23,6,14,-77.0775,-35.7009
36.1,1,1,23,6,14,-77.0295,-34.8365
36.1,2,2,23,6,14,-79.1162,-28.5525
36.1,3,2,23,6,14,-77.1563,-35.7402
36.1,4,1,23,18,14,-80.7362,1.53312
36.1,5,0,23,6,14,-78.1835,-31.5674
36.1,6,0,23,12,14,-81.2436,3.04946
36.1,7,1,23,6,14,-77.5437,-35.7472
36.1,8,2,23,6,14,-83.0537,1.29993
36.1,9,2,23,6,14,-77.4687,-35.2324
36.1,10,1,23,6,14,-77.2149,-46.2771
36.1,11,0,23,6,14,-79.9855,-28.4628
36.1,12,2,23,6,14,-77.4368,-47.6414
36.1,13,1,23,6,14,-80.6501,-27.5798
36.1,14,0,23,6,14,-76.0772,-48.8523
36.2,0,0,23,6,14,-77.0649,-35.6679
36.2,1,1,23,6,14,-77.0216,-34.8317
36.2,2,2,23,6,14,-79.1218,-28.5446
36.2,3,2,23,6,14,-77.1324,-35.6592
36.2,4,1,23,18,14,-80.7821,1.6362
36.2,5,0,23,6,14,-78.1722,-31.5974
36.2,6,0,23,12,14,-81.1924,2.89005
36.2,7,1,23,6,14,-77.5372,-35.7596
36.2,8,2,23,6,14,-82.8666,1.16978
36.2,9,2,23,6,14,-77.464,-35.2857
36.2,10,1,23,6,14,-77.237,-47.8592
36.2,11,0,23,6,14,-79.9363,-28.6447
36.2,12,2,23,6,14,-77.5106,-49.243
36.2,13,1,23,6,14,-80.6052,-27.6869
36.2,14,0,23,6,14,-76.174,-50.4838
36.3,0,0,23,6,14,-77.051,-35.6167
36.3,1,1,23,6,14,-77.0117,-34.8096
36.3,2,2,23,6,14,-79.1252,-28.5432
36.3,3,2,23,6,14,-77.107,-35.5562
36.3,4,1,23,18,14,-80.828,1.74275
36.3,5,0,23,6,14,-78.1576,-31.7559
36.3,6,0,23,12,14,-81.147,2.74799
36.3,7,1,23,6,14,-77.5271,-35.7597
36.3,8,2,23,6,14,-82.6867,0.994463
36.3,9,2,23,6,14,-77.4544,-35.3107
36.3,10,1,23,6,14,-77.2589,-48.5082
36.3,11,0,23,6,14,-79.8844,-28.8443
36.3,12,2,23,6,14,-77.5842,-49.9271
36.3,13,1,23,6,14,-80.5633,-27.8224
36.3,14,0,23,6,14,-76.2728,-51.1977
36.4,0,0,23,6,14,-77.0358,-35.5442
36.4,1,1,23,6,14,-76.9996,-34.7665
36.4,2,2,23,6,14,-79.1265,-28.5385
36.4,3,2,23,6,14,-77.08,-35.4291
36.4,4,1,23,18,14,-80.8736,1.8529
36.4,5,0,23,6,14,-78.1394,-31.9161
36.4,6,0,23,12,14,-81.1077,2.6249
36.4,7,1,23,6,14,-77.5129,-35.7443
36.4,8,2,23,6,14,-82.593,0.777901
36.4,9,2,23,6,14,-77.4403,-35.3047
36.4,10,1,23,6,14,-77.2806,-48.3574
36.4,11,0,23,6,14,-79.8295,-29.0495
36.4,12,2,23,6,14,-77.6576,-49.8162
36.4,13,1,23,6,14,-80.5236,-27.974
36.4,14,0,23,6,14,-76.3728,-51.1153
36.5,0,0,23,6,14,-77.0191,-35.4516
36.5,1,1,23,6,14,-76.9853,-34.7039
36.5,2,2,23,6,14,-79.1256,-28.5281
36.5,3,2,23,6,14,-77.0515,-35.279
36.5,4,1,23,18,14,-80.9185,1.96587
36.5,5,0,23,6,14,-78.1176,-32.0754
36.5,6,0,23,12,14,-81.0744,2.52085
36.5,7,1,23,6,14,-77.494,-35.7125
36.5,8,2,23,6,14,-82.503,0.529588
36.5,9,2,23,6,14,-77.4223,-35.2699
36.5,10,1,23,6,14,-77.3018,-47.7709
36.5,11,0,23,6,14,-79.7299,-29.2561
36.5,12,2,23,6,14,-77.7565,-49.2699
36.5,13,1,23,6,14,-80.485,-28.1382
36.5,14,0,23,6,14,-76.474,-50.596
36.6,0,0,23,6,14,-77.0008,-35.3376
36.6,1,1,23,6,14,-76.9685,-34.6209
36.6,2,2,23,6,14,-79.1226,-28.4989
36.6,3,2,23,6,14,-77.0213,-35.1054
36.6,4,1,23,6,14,-80.9623,2.08113
36.6,5,0,23,6,14,-78.0918,-32.2201
36.6,6,0,23,18,14,-81.0472,2.43721
36.6,7,1,23,6,14,-77.4695,-35.6597
36.6,8,2,23,6,14,-82.4169,0.261474
36.6,9,2,23,6,14,-77.4006,-35.206
36.6,10,1,23,6,14,-77.3219,-47.0832
36.6,11,0,23,6,14,-78.3583,-31.1013
36.6,12,2,23,6,14,-76.9281,-48.6344
36.6,13,1,23,6,14,-80.4467,-28.2999
36.6,14,0,23,6,14,-76.5753,-49.9722
36.7,0,0,23,6,14,-76.9807,-35.2018
36.7,1,1,23,6,14,-76.949,-34.5173
36.7,2,2,23,6,14,-79.1176,-28.4413
36.7,3,2,23,6,14,-76.9892,-34.9082
36.7,4,1,23,6,14,-81.0049,2.1987
36.7,5,0,23,6,14,-78.0618,-32.3401
36.7,6,0,23,18,14,-81.0263,2.37454
36.7,7,1,23,6,14,-77.439,-35.583
36.7,8,2,23,6,14,-82.2612,-0.0165228
36.7,9,2,23,6,14,-77.3756,-35.1134
36.7,10,1,23,6,14,-77.34,-46.4741
36.7,11,0,23,6,14,-78.3566,-31.2914
36.7,12,2,23,6,14,-77.02,-48.0649
36.7,13,1,23,6,14,-80.4076,-28.4477
36.7,14,0,23,6,14,-76.6778,-49.423
36.8,0,0,23,6,14,-76.9587,-35.0389
36.8,1,1,23,6,14,-76.9266,-34.3868
36.8,2,2,23,6,14,-79.1105,-28.3387
36.8,3,2,23,6,14,-76.9552,-34.6824
36.8,4,1,23,6,14,-81.0457,2.31752
36.8,5,0,23,6,14,-78.0273,-32.417
36.8,6,0,23,18,14,-81.0111,2.33196
36.8,7,1,23,6,14,-77.4019,-35.471
36.8,8,2,23,6,14,-82.1834,-0.287042
36.8,9,2,23,6,14,-77.3472,-34.9882
36.8,10,1,23,6,14,-77.3552,-46.1251
36.8,11,0,23,6,14,-78.3482,-31.4377
36.8,12,2,23,6,14,-77.1089,-47.7523
36.8,13,1,23,6,14,-80.3193,-28.5601
36.8,14,0,23,6,14,-76.7789,-49.1296
36.9,0,0,23,6,14,-76.9347,-34.842
36.9,1,1,23,6,14,-76.9011,-34.2226
36.9,2,2,23,6,14,-79.1015,-28.1721
36.9,3,2,23,6,14,-76.919,-34.4213
36.9,4,1,23,6,14,-81.0846,2.59644
36.9,5,0,23,6,14,-77.9878,-32.4311
36.9,6,0,23,18,14,-81.0013,2.46767
36.9,7,1,23,6,14,-77.3584,-35.3146
36.9,8,2,23,6,14,-82.109,-0.540633
36.9,9,2,23,6,14,-77.315,-34.8241
36.9,10,1,23,6,14,-77.3664,-46.0594
36.9,11,0,23,6,14,-78.3326,-31.5212
36.9,12,2,23,6,14,-77.1931,-47.7191
36.9,13,1,23,6,14,-80.2285,-28.6155
36.9,14,0,23,6,14,-76.8987,-49.1159
37,0,0,23,6,14,-76.9087,-34.6064
37,1,1,23,6,14,-76.8723,-34.0194
37,2,2,23,6,14,-79.0904,-27.9386
37,3,2,23,6,14,-76.8804,-34.1238
37,4,1,23,6,14,-81.1214,2.71551
37,5,0,23,6,14,-77.9435,-32.3784
37,6,0,23,18,14,-80.9961,2.28144
37,7,1,23,6,14,-77.3092,-35.1088
37,8,2,23,6,14,-82.0377,-0.77385
37,9,2,23,6,14,-77.2785,-34.6169
37,10,1,23,6,14,-77.3736,-46.2269
37,11,0,23,6,14,-78.3098,-31.5386
37,12,2,23,6,14,-77.2728,-47.9169
37,13,1,23,6,14,-80.1804,-28.6085
37,14,0,23,6,14,-76.9955,-49.3339
37.1,0,1,23,6,14,-76.8807,-34.3331
37.1,1,2,23,6,14,-76.8404,-33.778
37.1,2,2,23,6,14,-79.0773,-27.6368
37.1,3,0,23,6,14,-76.8394,-33.7903
37.1,4,1,23,6,14,-81.1558,2.57129
37.1,5,1,23,6,14,-77.8944,-32.2563
37.1,6,0,23,18,14,-80.9948,1.9497
37.1,7,1,23,6,14,-77.2544,-34.8549
37.1,8,2,23,6,14,-81.9693,-0.985618
37.1,9,2,23,6,14,-77.237,-34.366
37.1,10,1,23,6,14,-77.3763,-46.5243
37.1,11,0,23,6,14,-78.2795,-31.4877
37.1,12,2,23,6,14,-77.347,-48.2438
37.1,13,1,23,6,14,-80.1277,-28.5349
37.1,14,0,23,6,14,-77.0892,-49.6825
37.2,0,1,23,6,14,-76.8508,-34.0286
37.2,1,2,23,6,14,-76.8056,-33.5045
37.2,2,2,23,6,14,-79.0619,-27.2741
37.2,3,0,23,6,14,-76.7962,-33.4275
37.2,4,1,23,6,14,-81.1874,2.0984
37.2,5,1,23,6,14,-77.8408,-32.0714
37.2,6,0,23,18,14,-80.9967,1.63684
37.2,7,1,23,6,14,-77.1947,-34.5607
37.2,8,2,23,6,14,-81.9038,-1.17714
37.2,9,2,23,6,14,-77.1903,-34.0767
37.2,10,1,23,6,14,-77.3746,-46.8518
37.2,11,0,23,6,14,-78.2417,-31.3749
37.2,12,2,23,6,14,-77.4153,-48.6008
37.2,13,1,23,6,14,-80.0698,-28.4003
37.2,14,0,23,6,14,-77.1791,-50.0627
37.3,0,1,23,6,14,-76.8194,-33.6975
37.3,1,2,23,6,14,-76.7681,-33.2037
37.3,2,2,23,6,14,-79.0444,-26.8601
37.3,3,0,23,6,14,-76.7508,-33.0408
37.3,4,1,23,6,14,-81.2159,1.65939
37.3,5,1,23,6,14,-77.783,-31.8321
37.3,6,0,23,18,14,-81.0009,1.34064
37.3,7,1,23,6,14,-77.1304,-34.2329
37.3,8,2,23,6,14,-81.8412,-1.35095
37.3,9,2,23,6,14,-77.1384,-33.7533
37.3,10,1,23,6,14,-77.3682,-47.1178
37.3,11,0,23,6,14,-78.1962,-31.209
37.3,12,2,23,6,14,-77.4774,-48.8982
37.3,13,1,23,6,14,-80.0062,-28.2128
37.3,14,0,23,6,14,-77.2649,-50.3847
37.4,0,1,23,6,14,-76.7864,-33.3449
37.4,1,2,23,6,14,-76.7282,-32.88
37.4,2,2,23,6,14,-79.0246,-26.3914
37.4,3,0,23,6,14,-76.7035,-32.6348
37.4,4,1,23,6,14,-81.2413,1.25018
37.4,5,1,23,6,14,-77.7214,-31.5361
37.4,6,0,23,18,14,-81.0071,1.05724
37.4,7,1,23,6,14,-77.0619,-33.8781
37.4,8,2,23,6,14,-81.7818,-1.50935
37.4,9,2,23,6,14,-77.0815,-33.3999
37.4,10,1,23,6,14,-77.3574,-47.2397
37.4,11,0,23,6,14,-78.1429,-30.9873
37.4,12,2,23,6,14,-76.7034,-49.0551
37.4,13,1,23,6,14,-78.5831,-29.7581
37.4,14,0,23,6,14,-77.3462,-50.5662
37.5,0,1,23,6,14,-76.7521,-32.9784
37.5,1,2,23,6,14,-76.6862,-32.5414
37.5,2,2,23,6,14,-79.0024,-25.8814
37.5,3,0,23,6,14,-76.6546,-32.2186
37.5,4,1,23,6,14,-81.2631,0.869342
37.5,5,1,23,6,14,-77.6563,-31.1953
37.5,6,0,23,18,14,-81.0147,0.785072
37.5,7,1,23,6,13,-76.9897,-33.5057
37.5,8,2,23,6,14,-81.7255,-1.65373
37.5,9,2,23,6,14,-77.0202,-33.025
37.5,10,1,23,6,14,-77.3423,-47.1819
37.5,11,0,23,6,14,-78.0817,-30.7222
37.5,12,2,23,6,14,-76.7672,-49.0323
37.5,13,1,23,6,14,-78.5653,-29.4703
37.5,14,0,23,6,13,-77.4227,-50.1963
37.6,0,0,23,6,14,-76.7165,-32.6066
37.6,1,1,23,6,14,-76.6425,-32.1962
37.6,2,0,23,6,14,-78.9779,-25.3396
37.6,3,2,23,6,14,-76.6042,-31.8012
37.6,4,2,23,6,14,-81.2813,0.513814
37.6,5,0,23,6,14,-77.5633,-30.8195
37.6,6,1,23,12,14,-81.0232,0.522288
37.6,7,0,23,6,13,-76.914,-33.1257
37.6,8,0,23,6,14,-81.6725,-1.78618
37.6,9,1,23,6,14,-76.955,-32.6378
37.6,10,2,23,6,14,-77.3235,-46.9316
37.6,11,2,23,6,14,-78.013,-30.4202
37.6,12,1,23,6,14,-76.8229,-48.8201
37.6,13,0,23,6,14,-78.5393,-29.1491
37.6,14,0,23,6,13,-77.4938,-50.025
37.7,0,0,23,6,14,-76.6791,-32.2977
37.7,1,1,23,6,14,-76.5966,-31.9123
37.7,2,0,23,6,14,-78.9469,-24.88
37.7,3,2,23,6,14,-76.5518,-31.4512
37.7,4,2,23,6,14,-81.296,0.181053
37.7,5,0,23,6,14,-77.4917,-30.5109
37.7,6,1,23,12,14,-81.0318,0.268288
37.7,7,0,23,6,13,-76.8346,-32.8077
37.7,8,0,23,6,14,-81.6224,-1.90817
37.7,9,1,23,6,14,-76.8858,-32.3077
37.7,10,2,23,6,14,-77.3015,-46.4986
37.7,11,2,23,6,14,-77.936,-30.1837
37.7,12,1,23,6,14,-76.8702,-48.4287
37.7,13,0,23,6,14,-78.5034,-28.8977
37.7,14,0,23,6,13,-77.5476,-49.6739
37.8,0,0,23,6,14,-76.6399,-32.0548
37.8,1,1,23,6,14,-76.5483,-31.6932
37.8,2,0,23,6,14,-78.9092,-24.5087
37.8,3,2,23,6,14,-76.4977,-31.1729
37.8,4,2,23,6,14,-81.3073,-0.130452
37.8,5,0,23,6,14,-77.4169,-30.2746
37.8,6,1,23,12,14,-81.04,0.0245065
37.8,7,0,23,6,13,-76.7522,-32.5553
37.8,8,0,23,6,14,-81.5757,-2.02158
37.8,9,1,23,6,14,-76.8133,-32.0389
37.8,10,2,23,6,14,-77.2537,-45.9182
37.8,11,2,23,6,14,-77.851,-30.0189
37.8,12,1,23,6,14,-76.9114,-47.8951
37.8,13,0,23,6,14,-78.4622,-28.7314
37.8,14,0,23,6,13,-77.5855,-49.1892
37.9,0,0,23,6,14,-76.5972,-31.8266
37.9,1,1,23,6,14,-76.4955,-31.4879
37.9,2,0,23,6,14,-78.8648,-24.1141
37.9,3,2,23,6,14,-76.4387,-30.9159
37.9,4,2,23,6,14,-81.315,-0.421983
37.9,5,0,23,6,14,-77.3378,-30.0169
37.9,6,1,23,12,14,-81.0469,-0.209074
37.9,7,0,23,6,13,-76.6641,-32.3222
37.9,8,0,23,6,14,-81.5322,-2.12802
37.9,9,1,23,6,14,-76.7343,-31.7851
37.9,10,2,23,6,14,-77.2154,-45.199
37.9,11,2,23,6,14,-77.7571,-29.8322
37.9,12,1,23,6,14,-76.9332,-47.2392
37.9,13,0,23,6,14,-78.3788,-28.5448
37.9,14,0,23,6,13,-77.6056,-48.6178
38,0,0,23,6,14,-76.5517,-31.6425
38,1,1,23,6,14,-76.4396,-31.3252
38,2,0,23,6,14,-78.8139,-23.7074
38,3,2,23,6,14,-77.1658,-29.8978
38,4,2,23,6,14,-81.3195,-0.694937
38,5,0,23,6,14,-77.255,-29.7482
38,6,1,23,12,14,-81.0522,-0.43203
38,7,0,23,6,13,-76.5733,-32.1358
38,8,0,23,6,14,-81.4921,-2.22978
38,9,1,23,6,14,-76.6521,-31.5743
38,10,2,23,6,14,-78.1129,-44.4003
38,11,2,23,6,14,-77.6552,-29.6333
38,12,1,23,6,14,-76.9359,-46.508
38,13,0,23,6,14,-78.3139,-28.3477
38,14,0,23,6,13,-77.6083,-48.0365
38.1,0,0,23,6,14,-76.5039,-31.5133
38.1,1,1,23,6,14,-76.3813,-31.216
38.1,2,0,23,6,14,-78.7565,-23.3172
38.1,3,2,23,6,14,-77.0992,-29.6311
38.1,4,2,23,6,14,-81.3208,-0.951009
38.1,5,0,23,6,14,-77.1692,-29.4936
38.1,6,1,23,12,14,-81.0555,-0.643424
38.1,7,0,23,6,13,-76.4804,-32.0057
38.1,8,0,23,6,14,-81.4552,-2.32798
38.1,9,1,23,6,14,-76.567,-31.4177
38.1,10,2,23,6,14,-77.1353,-43.7763
38.1,11,2,23,6,14,-76.7069,-30.5158
38.1,12,1,23,6,14,-76.9219,-45.8245
38.1,13,0,23,6,14,-78.2387,-28.1645
38.1,14,0,23,6,13,-77.594,-47.5433
38.2,0,0,23,6,14,-76.4536,-31.4463
38.2,1,1,23,6,14,-76.3208,-31.1675
38.2,2,0,23,6,14,-78.6925,-22.967
38.2,3,2,23,6,14,-77.0296,-29.4028
38.2,4,2,23,6,14,-81.3201,-1.35811
38.2,5,0,23,6,14,-77.0809,-29.2749
38.2,6,1,23,12,14,-81.0564,-0.843035
38.2,7,0,23,6,13,-76.3858,-31.938
38.2,8,0,23,6,14,-81.4211,-2.42325
38.2,9,1,23,6,14,-76.4793,-31.3223
38.2,10,2,23,6,14,-77.1103,-43.4318
38.2,11,2,23,6,14,-76.6226,-30.5388
38.2,12,1,23,6,14,-76.8924,-45.4922
38.2,13,0,23,6,14,-78.1536,-28.0142
38.2,14,0,23,6,13,-77.5625,-47.2311
38.3,0,0,23,6,14,-76.4011,-31.4485
38.3,1,1,23,6,14,-76.2584,-31.1865
38.3,2,0,23,6,14,-78.6221,-22.6794
38.3,3,2,23,6,14,-76.9576,-29.2315
38.3,4,2,23,6,14,-81.3178,-1.79604
38.3,5,0,23,6,14,-76.9909,-29.1114
38.3,6,1,23,12,14,-81.0545,-1.03105
38.3,7,0,23,6,13,-76.2901,-31.9384
38.3,8,0,23,6,14,-81.3897,-2.51799
38.3,9,1,23,6,14,-76.3892,-31.2945
38.3,10,2,23,6,14,-77.0808,-43.373
38.3,11,2,23,6,14,-76.5323,-30.6262
38.3,12,1,23,6,14,-76.8497,-45.4244
38.3,13,0,23,6,14,-78.0599,-27.9181
38.3,14,0,23,6,13,-77.5145,-47.1815
38.4,0,0,23,6,14,-76.3462,-31.5252
38.4,1,1,23,6,14,-76.1944,-31.278
38.4,2,0,23,6,14,-78.5448,-22.4789
38.4,3,2,23,6,14,-76.8834,-29.1381
38.4,4,2,23,6,14,-81.3136,-2.20978
38.4,5,0,23,6,14,-76.8994,-29.0246
38.4,6,1,23,12,14,-81.0498,-1.20917
38.4,7,0,23,6,13,-76.1937,-32.0121
38.4,8,0,23,6,14,-81.3609,-2.61416
38.4,9,1,23,6,14,-76.2968,-31.34
38.4,10,2,23,6,14,-77.0467,-43.619
38.4,11,2,23,6,14,-76.4369,-30.7819
38.4,12,1,23,6,14,-76.7956,-45.6516
38.4,13,0,23,6,14,-77.9588,-27.8967
38.4,14,0,23,6,13,-77.4492,-47.4226
38.5,0,0,23,6,14,-76.2892,-31.67
38.5,1,1,23,6,14,-76.129,-31.4357
38.5,2,0,23,6,14,-79.8474,1.03626
38.5,3,2,23,6,14,-76.8078,-29.1238
38.5,4,2,23,6,14,-81.308,-2.60029
38.5,5,0,23,6,14,-76.8069,-29.0158
38.5,6,1,23,12,14,-81.0421,-1.37678
38.5,7,0,23,6,14,-76.0971,-32.1519
38.5,8,0,23,6,14,-81.3345,-2.71282
38.5,9,1,23,6,14,-76.2024,-31.4523
38.5,10,2,23,6,14,-76.9865,-44.1138
38.5,11,2,23,6,14,-76.3375,-30.999
38.5,12,1,23,6,14,-76.7318,-46.1197
38.5,13,0,23,6,14,-77.8513,-27.95
38.5,14,0,23,6,14,-78.4051,-47.8963
38.6,0,0,23,6,14,-76.2298,-31.8703
38.6,1,1,23,6,14,-76.0633,-31.6431
38.6,2,1,23,6,14,-79.7854,1.10693
38.6,3,2,23,6,14,-76.7311,-29.1766
38.6,4,1,23,6,14,-81.2973,-2.9505
38.6,5,0,23,6,14,-76.715,-29.0702
38.6,6,2,23,12,14,-81.0312,-1.66586
38.6,7,1,23,6,14,-76.0006,-32.3449
38.6,8,0,23,6,14,-81.31,-2.81556
38.6,9,2,23,6,14,-76.1058,-31.6191
38.6,10,1,23,6,14,-76.9209,-44.6552
38.6,11,0,23,6,14,-76.2351,-31.2629
38.6,12,2,23,6,14,-76.6583,-46.6298
38.6,13,1,23,6,14,-77.7383,-28.0648
38.6,14,0,23,6,14,-78.327,-48.4112
38.7,0,0,23,6,14,-76.1685,-32.119
38.7,1,1,23,6,14,-75.9974,-31.8932
38.7,2,1,23,6,14,-79.7207,1.13639
38.7,3,2,23,6,14,-76.6537,-29.2814
38.7,4,1,23,6,14,-81.2821,-3.2657
38.7,5,0,23,6,14,-76.6242,-29.1722
38.7,6,2,23,12,14,-81.017,-2.03019
38.7,7,1,23,6,14,-75.9055,-32.5825
38.7,8,0,23,6,14,-81.2874,-2.92114
38.7,9,2,23,6,14,-76.0074,-31.8335
38.7,10,1,23,6,14,-76.8723,-44.9981
38.7,11,0,23,6,14,-76.1308,-31.5658
38.7,12,2,23,6,14,-76.5759,-46.9375
38.7,13,1,23,6,14,-77.6208,-28.2249
38.7,14,0,23,6,14,-78.236,-48.7206
38.8,0,0,23,6,14,-76.1059,-32.3964
38.8,1,1,23,6,14,-75.9323,-32.1673
38.8,2,1,23,6,14,-79.6534,0.98737
38.8,3,2,23,6,14,-76.5769,-29.4832
38.8,4,1,23,6,14,-81.2625,-3.54855
38.8,5,0,23,6,14,-76.5357,-29.3677
38.8,6,2,23,12,14,-80.9994,-2.3669
38.8,7,1,23,6,14,-75.8135,-32.8435
38.8,8,0,23,6,14,-81.2662,-3.02698
38.8,9,2,23,6,14,-75.9084,-32.0763
38.8,10,1,23,6,14,-76.8188,-44.9572
38.8,11,0,23,6,14,-76.0264,-31.8891
38.8,12,2,23,6,14,-76.4739,-46.8671
38.8,13,1,23,6,14,-77.5013,-28.4745
38.8,14,0,23,6,14,-78.1342,-48.6413
38.9,0,0,23,6,14,-76.0423,-32.6894
38.9,1,1,23,6,14,-75.8677,-32.4529
38.9,2,1,23,6,14,-79.5833,0.873222
38.9,3,2,23,6,14,-76.5008,-29.7688
38.9,4,1,23,6,14,-81.2389,-3.80229
38.9,5,0,23,6,14,-76.4496,-29.643
38.9,6,2,23,12,14,-80.9784,-2.67675
38.9,7,1,23,6,14,-75.7248,-33.1161
38.9,8,0,23,6,14,-81.2464,-3.13375
38.9,9,2,23,6,14,-75.8096,-32.3341
38.9,10,1,23,6,14,-76.7604,-44.5333
38.9,11,0,23,6,14,-75.9226,-32.2203
38.9,12,2,23,6,14,-76.3914,-46.4199
38.9,13,1,23,6,14,-77.3803,-28.7994
38.9,14,0,23,6,14,-78.0233,-48.1756
39,0,0,23,6,14,-75.9787,-32.9052
39,1,1,23,6,14,-75.805,-32.6581
39,2,1,23,6,14,-79.5106,0.794407
39,3,2,23,6,14,-76.4262,-29.9313
39,4,1,23,6,14,-81.2117,-4.02887
39,5,0,23,6,14,-76.3678,-29.7933
39,6,2,23,12,14,-80.9538,-2.95889
39,7,1,23,6,14,-75.6246,-33.3085
39,8,0,23,6,14,-81.2277,-3.26202
39,9,2,23,6,14,-75.6984,-32.5117
39,10,1,23,6,14,-76.6966,-43.9815
39,11,0,23,6,14,-75.8215,-32.4684
39,12,2,23,6,14,-76.2893,-45.8488
39,13,1,23,6,14,-77.262,-28.9972
39,14,0,23,6,14,-77.929,-47.6074
39.1,0,0,23,6,14,-75.9152,-33.0395
39.1,1,1,23,6,14,-75.7437,-32.7791
39.1,2,1,23,6,14,-79.4352,0.750249
39.1,3,2,23,6,14,-76.3531,-29.9567
39.1,4,1,23,6,14,-81.1809,-4.23157
39.1,5,0,23,6,14,-76.29,-29.8052
39.1,6,2,23,12,14,-80.9254,-3.21433
39.1,7,1,23,6,14,-75.5448,-33.4173
39.1,8,0,23,6,14,-81.2098,-3.44227
39.1,9,2,23,6,14,-75.6075,-32.6049
39.1,10,1,23,6,14,-76.6278,-43.3361
39.1,11,0,23,6,14,-75.7235,-32.6291
39.1,12,2,23,6,14,-76.2052,-45.1884
39.1,13,1,23,6,14,-77.1466,-29.0536
39.1,14,0,23,6,14,-77.8509,-46.9705
39.2,0,0,23,6,14,-75.8519,-33.0936
39.2,1,1,23,6,14,-75.6836,-32.8184
39.2,2,1,23,6,14,-79.3569,0.742352
39.2,3,2,23,6,14,-76.2811,-29.844
39.2,4,1,23,6,14,-81.1465,-4.4101
39.2,5,0,23,6,14,-76.216,-29.6784
39.2,6,2,23,12,14,-80.8932,-3.44215
39.2,7,1,23,6,14,-75.4691,-33.4452
39.2,8,0,23,6,14,-81.1927,-3.69371
39.2,9,2,23,6,14,-75.5202,-32.6167
39.2,10,1,23,6,14,-76.5537,-42.6546
39.2,11,0,23,6,14,-75.6129,-32.7052
39.2,12,2,23,6,14,-76.1027,-44.4964
39.2,13,1,23,6,14,-77.0341,-28.9684
39.2,14,0,23,6,14,-77.7878,-46.3208
39.3,0,0,23,6,14,-75.788,-33.0736
39.3,1,1,23,6,14,-75.6229,-32.791
39.3,2,1,23,6,14,-79.2754,0.77603
39.3,3,2,23,6,14,-76.2091,-29.5918
39.3,4,1,23,6,14,-81.1084,-4.56452
39.3,5,0,23,6,14,-76.1448,-29.4114
39.3,6,2,23,12,14,-80.8575,-3.64169
39.3,7,1,23,6,14,-75.3967,-33.3997
39.3,8,0,23,6,14,-81.1755,-3.92862
39.3,9,2,23,6,14,-76.0722,-29.785
39.3,10,1,23,6,14,-77.302,-41.9584
39.3,11,0,23,6,14,-75.5211,-32.7055
39.3,12,2,23,6,14,-76.0186,-43.7933
39.3,13,1,23,6,14,-76.9244,-28.7396
39.3,14,0,23,6,14,-77.7404,-45.6787
39.4,0,0,23,6,14,-75.7221,-33.0573
39.4,1,1,23,6,14,-75.5599,-32.7746
39.4,2,1,23,6,14,-79.1902,0.854944
39.4,3,2,23,6,14,-76.135,-29.3999
39.4,4,1,23,6,14,-81.0666,-4.69326
39.4,5,0,23,6,14,-76.074,-29.2022
39.4,6,2,23,12,14,-80.8182,-3.81103
39.4,7,1,23,6,14,-75.3258,-33.3608
39.4,8,0,23,6,14,-81.1583,-4.146
39.4,9,2,23,6,14,-75.9955,-29.5383
39.4,10,1,23,6,14,-77.2295,-41.2753
39.4,11,0,23,6,14,-75.4307,-32.7091
39.4,12,2,23,6,14,-75.9177,-43.1075
39.4,13,1,23,6,14,-76.8144,-28.5609
39.4,14,0,23,6,14,-77.6833,-45.0419
39.5,0,0,23,6,14,-75.6541,-33.0378
39.5,1,1,23,6,14,-75.4947,-32.7619
39.5,2,1,23,6,14,-79.1011,0.981112
39.5,3,2,23,6,14,-76.0587,-29.5013
39.5,4,1,23,6,14,-81.0206,-4.79603
39.5,5,0,23,6,14,-76.0029,-29.0464
39.5,6,2,23,12,14,-80.7749,-3.94984
39.5,7,1,23,6,14,-75.2562,-33.3226
39.5,8,0,23,6,14,-81.1409,-4.34605
39.5,9,2,23,6,14,-75.9206,-29.341
39.5,10,1,23,6,14,-78.094,-36.1995
39.5,11,0,23,6,14,-75.9557,-29.6305
39.5,12,2,23,6,14,-75.8335,-42.4558
39.5,13,1,23,6,14,-76.7042,-28.4272
39.5,14,0,23,6,14,-77.617,-44.4283
39.6,0,0,23,6,14,-75.5832,-33.019
39.6,1,1,23,6,14,-75.427,-32.7495
39.6,2,1,23,6,14,-79.0074,1.13967
39.6,3,2,23,6,14,-75.9803,-29.6251
39.6,4,1,23,6,14,-80.9702,-4.88533
39.6,5,0,23,6,14,-75.9312,-29.1285
39.6,6,2,23,9,14,-80.7243,-4.05771
39.6,7,1,23,6,14,-75.1874,-33.2827
39.6,8,0,23,6,14,-81.1234,-4.54275
39.6,9,2,23,6,14,-75.8472,-29.3281
39.6,10,1,23,6,14,-78.0125,-35.9009
39.6,11,0,23,6,14,-75.8659,-29.6779
39.6,12,2,23,6,14,-75.7485,-41.8432
39.6,13,1,23,6,14,-76.5941,-28.3998
39.6,14,0,23,6,14,-77.5421,-43.8438
39.7,0,0,23,6,14,-75.5095,-32.9924
39.7,1,1,23,6,14,-75.3569,-32.7292
39.7,2,1,23,6,14,-78.9089,1.1803
39.7,3,2,23,6,14,-75.9,-29.7098
39.7,4,1,23,6,14,-80.9149,-4.95809
39.7,5,0,23,6,14,-75.8591,-29.1842
39.7,6,2,23,9,14,-80.666,-4.13261
39.7,7,1,23,6,14,-75.1188,-33.2345
39.7,8,0,23,6,14,-81.1058,-4.73491
39.7,9,2,23,6,14,-75.7753,-29.2842
39.7,10,1,23,6,14,-77.9279,-36.1214
39.7,11,0,23,6,14,-75.7789,-29.6844
39.7,12,2,23,6,14,-75.6623,-41.2655
39.7,13,1,23,6,14,-76.4842,-28.3888
39.7,14,0,23,6,14,-77.459,-43.2851
39.8,0,0,23,6,14,-75.4328,-32.9561
39.8,1,1,23,6,14,-75.2842,-32.6989
39.8,2,1,23,6,14,-78.805,1.01723
39.8,3,2,23,6,14,-75.8178,-29.7563
39.8,4,1,23,6,14,-80.8541,-5.01234
39.8,5,0,23,6,14,-75.7847,-29.2126
39.8,6,2,23,9,14,-80.5994,-4.17239
39.8,7,1,23,6,14,-75.0503,-33.1766
39.8,8,0,23,6,14,-81.0879,-4.92236
39.8,9,2,23,6,14,-75.7047,-29.2054
39.8,10,1,23,6,14,-77.8392,-36.9593
39.8,11,0,23,6,14,-75.6948,-29.6516
39.8,12,2,23,6,14,-75.574,-40.7033
39.8,13,1,23,6,14,-76.3747,-28.3414
39.8,14,0,23,6,14,-77.3444,-42.7339
39.9,0,0,23,6,14,-75.3537,-32.8929
39.9,1,1,23,6,14,-75.8001,-29.9692
39.9,2,1,23,6,14,-78.6956,0.845367
39.9,3,2,23,6,14,-75.7346,-29.765
39.9,4,1,23,6,14,-80.7872,-5.04598
39.9,5,0,23,6,14,-75.7087,-29.2118
39.9,6,2,23,9,14,-80.5246,-4.17707
39.9,7,1,23,6,14,-74.9816,-33.0923
39.9,8,0,23,6,14,-81.0696,-5.10627
39.9,9,2,23,6,14,-75.6357,-29.093
39.9,10,1,23,6,14,-78.8703,-34.8713
39.9,11,0,23,6,14,-75.6144,-29.5802
39.9,12,2,23,6,14,-75.4828,-40.5664
39.9,13,1,23,6,14,-76.2664,-28.2589
39.9,14,0,23,6,14,-77.2301,-42.3417
40,0,0,23,6,14,-75.2721,-32.8
40,1,1,23,6,14,-75.725,-29.8848
40,2,1,23,6,14,-78.5801,0.662317
40,3,2,23,6,14,-75.6523,-29.7241
40,4,1,23,6,14,-80.7134,-5.05567
40,5,0,23,6,14,-75.6312,-29.1763
40,6,2,23,9,14,-80.4414,-4.14529
40,7,1,23,6,14,-75.4501,-30.0624
40,8,0,23,6,14,-81.0508,-5.28552
40,9,2,23,6,14,-75.5682,-28.9428
40,10,1,23,6,14,-80.2145,-33.806
40,11,0,23,6,14,-75.5375,-29.4671
40,12,2,23,6,14,-75.3868,-41.0922
40,13,1,23,6,14,-76.1592,-28.139
40,14,0,23,6,14,-77.1145,-42.8578
40.1,0,0,23,6,14,-75.188,-32.6829
40.1,1,1,23,6,14,-75.6487,-29.7701
40.1,2,1,23,6,14,-78.4583,0.564887
40.1,3,2,23,6,14,-75.5708,-29.6421
40.1,4,1,23,6,14,-80.6325,-5.03982
40.1,5,0,23,6,14,-75.5546,-29.1031
40.1,6,2,23,6,14,-80.3504,-4.07823
40.1,7,1,23,6,14,-75.3876,-29.9215
40.1,8,0,23,6,14,-81.0311,-5.46074
40.1,9,2,23,6,14,-75.5021,-28.7621
40.1,10,1,23,6,14,-80.1178,-34.155
40.1,11,0,23,6,14,-75.4637,-29.3196
40.1,12,2,23,6,14,-75.8932,-41.5241
40.1,13,1,23,6,14,-76.7907,-25.8371
40.1,14,0,23,6,14,-77.0185,-43.2858
40.2,0,0,23,6,14,-75.1011,-32.5381
40.2,1,1,23,6,14,-75.5712,-29.6191
40.2,2,1,23,6,14,-78.3298,0.451737
40.2,3,2,23,6,14,-75.4904,-29.5123
40.2,4,1,23,6,14,-80.5441,-4.99614
40.2,5,0,23,6,14,-75.4785,-28.9867
40.2,6,2,23,6,14,-80.2518,-3.97695
40.2,7,1,23,6,14,-75.3247,-29.7502
40.2,8,0,23,6,14,-81.0105,-5.63153
40.2,9,2,23,6,14,-75.4371,-28.5439
40.2,10,1,23,6,14,-80.0156,-34.4804
40.2,11,0,23,6,14,-75.3926,-29.1327
40.2,12,2,23,6,14,-75.7676,-41.8463
40.2,13,1,23,6,14,-76.6882,-25.6647
40.2,14,0,23,6,14,-76.9185,-43.6082
40.3,0,0,23,6,14,-75.5832,-29.8039
40.3,1,1,23,6,14,-75.4929,-29.4318
40.3,2,1,23,6,14,-78.1943,0.32257
40.3,3,2,23,6,14,-75.4113,-29.335
40.3,4,1,23,6,14,-80.4482,-4.92445
40.3,5,0,23,6,14,-75.403,-28.8264
40.3,6,2,23,6,14,-80.1453,-3.84124
40.3,7,1,23,6,14,-75.2612,-29.548
40.3,8,0,23,6,14,-80.9875,-5.78786
40.3,9,2,23,6,14,-75.3729,-28.2882
40.3,10,1,23,6,14,-81.9901,-7.91668
40.3,11,0,23,6,14,-75.3239,-28.9057
40.3,12,2,23,6,14,-75.6499,-42.0643
40.3,13,1,23,6,14,-76.5681,-25.4649
40.3,14,0,23,6,14,-76.8141,-43.8318
40.4,0,0,23,6,14,-75.4966,-29.59
40.4,1,1,23,6,14,-75.4134,-29.2095
40.4,2,1,23,6,14,-78.0515,0.177523
40.4,3,2,23,6,14,-75.3336,-29.1103
40.4,4,1,23,6,14,-80.345,-4.8246
40.4,5,0,23,6,14,-75.3283,-28.6223
40.4,6,2,23,6,14,-80.031,-3.67169
40.4,7,1,23,6,14,-75.1969,-29.3154
40.4,8,0,23,6,14,-80.9615,-5.93008
40.4,9,2,23,6,14,-75.309,-27.995
40.4,10,1,23,6,14,-81.8884,-7.81572
40.4,11,0,23,6,14,-75.2569,-28.6397
40.4,12,2,23,6,14,-75.5222,-42.1789
40.4,13,1,23,6,14,-76.4703,-25.2341
40.4,14,0,23,6,14,-76.705,-43.9583
40.5,0,0,23,6,14,-75.4082,-29.3498
40.5,1,1,23,6,14,-75.333,-28.9569
40.5,2,1,23,6,14,-77.903,-0.0684702
40.5,3,2,23,6,14,-75.2576,-28.842
40.5,4,1,23,6,14,-80.2348,-4.69817
40.5,5,0,23,6,14,-75.2541,-28.3784
40.5,6,2,23,6,14,-79.9085,-3.46793
40.5,7,1,23,6,14,-75.1317,-29.0554
40.5,8,0,23,6,14,-80.9322,-6.05953
40.5,9,2,23,6,14,-75.8559,-25.446
40.5,10,1,23,6,14,-81.783,-7.70187
40.5,11,0,23,6,14,-75.1914,-28.3383
40.5,12,2,23,6,14,-76.0155,-42.1814
40.5,13,1,23,6,14,-76.3746,-24.9717
40.5,14,0,23,6,14,-76.5707,-43.9885
40.6,0,0,23,6,14,-75.3182,-29.1907
40.6,1,1,23,6,14,-75.2514,-28.7814
40.6,2,1,23,6,14,-77.7511,-0.229258
40.6,3,2,23,6,14,-75.1831,-28.6365
40.6,4,1,23,6,14,-80.1173,-4.54495
40.6,5,0,23,6,14,-75.1802,-28.1996
40.6,6,2,23,6,14,-79.7774,-3.22947
40.6,7,1,23,6,14,-75.0648,-28.8739
40.6,8,0,23,6,14,-80.8993,-6.17666
40.6,9,2,23,6,14,-75.8133,-25.0032
40.6,10,1,23,6,14,-81.6103,-7.57388
40.6,11,0,23,6,14,-75.1256,-28.1072
40.6,12,2,23,6,14,-75.8699,-42.1073
40.6,13,1,23,6,14,-76.2811,-24.5782
40.6,14,0,23,6,14,-76.4507,-43.9408
40.7,0,0,23,6,14,-75.2261,-28.9988
40.7,1,1,23,6,14,-75.1687,-28.5683
40.7,2,1,23,6,14,-77.5955,-0.394358
40.7,3,2,23,6,14,-75.1102,-28.3779
40.7,4,1,23,6,14,-79.9918,-4.36527
40.7,5,0,23,6,14,-75.1067,-27.9703
40.7,6,2,23,6,14,-79.6369,-2.95426
40.7,7,1,23,6,14,-74.9969,-28.6549
40.7,8,0,23,6,14,-80.8622,-6.28248
40.7,9,2,23,6,14,-75.7725,-24.5414
40.7,10,1,23,6,14,-81.499,-7.46909
40.7,11,0,23,6,14,-75.0603,-27.83
40.7,12,2,23,6,14,-75.711,-41.9533
40.7,13,1,23,6,14,-76.1902,-24.1721
40.7,14,0,23,6,14,-76.3234,-43.8212
40.8,0,0,23,6,14,-75.1318,-28.7847
40.8,1,1,23,6,14,-75.0843,-28.3285
40.8,2,1,23,6,14,-77.4359,-0.562975
40.8,3,2,23,6,14,-75.0386,-28.0757
40.8,4,1,23,6,14,-79.8579,-4.15769
40.8,5,0,23,6,14,-75.6183,-24.7382
40.8,6,2,23,6,14,-79.4872,-2.64265
40.8,7,1,23,6,14,-74.9279,-28.407
40.8,8,0,23,6,14,-80.8206,-6.37597
40.8,9,2,23,6,14,-75.7329,-24.0628
40.8,10,1,23,6,14,-81.3845,-7.37786
40.8,11,0,23,6,14,-75.5738,-24.7401
40.8,12,2,23,6,14,-76.9815,-41.5049
40.8,13,1,23,6,14,-76.1019,-23.7543
40.8,14,0,23,6,14,-76.1877,-43.822
40.9,0,0,23,6,14,-75.0354,-28.5589
40.9,1,1,23,6,14,-74.9984,-28.0722
40.9,2,1,23,6,14,-77.263,-0.744969
40.9,3,2,23,6,14,-75.5396,-24.5361
40.9,4,1,23,6,14,-79.7147,-3.91992
40.9,5,0,23,6,14,-75.567,-24.2892
40.9,6,2,23,6,14,-79.3356,-2.31838
40.9,7,1,23,6,14,-74.8579,-28.1379
40.9,8,0,23,6,14,-80.7735,-6.45513
40.9,9,2,23,6,14,-75.6943,-23.5674
40.9,10,1,23,6,14,-81.2668,-7.27887
40.9,11,0,23,6,14,-75.5353,-24.2558
40.9,12,2,23,6,14,-77.7196,-39.0121
40.9,13,1,23,6,14,-76.0164,-23.3252
40.9,14,0,23,6,14,-76.0418,-44.0273
41,0,0,23,6,14,-74.9367,-28.3329
41,1,1,23,6,14,-75.4691,-24.4199
41,2,1,23,6,14,-77.0865,-0.928637
41,3,2,23,6,14,-75.4976,-24.1057
41,4,1,23,6,14,-79.562,-3.65273
41,5,0,23,6,14,-75.5199,-23.8823
41,6,2,23,6,14,-79.1819,-1.98237
41,7,1,23,6,14,-74.7862,-27.8562
41,8,0,23,6,14,-80.72,-6.51978
41,9,2,23,6,14,-75.656,-23.1225
41,10,1,23,6,14,-81.1463,-7.17451
41,11,0,23,6,14,-75.4995,-23.8174
41,12,2,23,6,14,-78.6479,-37.4461
41,13,1,23,6,14,-75.9324,-22.9517
41,14,0,23,6,14,-75.8815,-44.3304
41.1,0,0,23,6,14,-74.8351,-28.1146
41.1,1,1,23,6,14,-75.3948,-24.0642
41.1,2,1,23,6,14,-76.9061,-1.18904
41.1,3,2,23,6,14,-75.4591,-23.653
41.1,4,1,23,6,14,-79.4003,-3.35692
41.1,5,0,23,6,14,-75.4768,-23.4497
41.1,6,2,23,6,14,-79.0261,-1.63192
41.1,7,1,23,6,14,-75.241,-24.3015
41.1,8,0,23,6,14,-80.6595,-6.56702
41.1,9,2,23,6,14,-75.6184,-22.6593
41.1,10,1,23,6,14,-81.0232,-7.06553
41.1,11,0,23,6,14,-75.4666,-23.3565
41.1,12,2,23,6,14,-79.8683,-37.3623
41.1,13,1,23,6,14,-75.8509,-22.5661
41.1,14,0,23,6,14,-75.691,-44.6891
41.2,0,0,23,6,14,-75.2586,-24.1807
41.2,1,1,23,6,14,-75.3195,-23.7079
41.2,2,1,23,6,14,-76.7217,-1.36844
41.2,3,2,23,6,14,-75.4188,-23.1985
41.2,4,1,23,6,14,-79.2363,-3.05421
41.2,5,0,23,6,14,-75.437,-22.9986
41.2,6,2,23,6,14,-78.8685,-1.26768
41.2,7,1,23,6,14,-75.1898,-23.9064
41.2,8,0,23,6,14,-80.5909,-6.59546
41.2,9,2,23,6,14,-75.5807,-22.1835
41.2,10,1,23,6,14,-80.8978,-6.95457
41.2,11,0,23,6,14,-75.436,-22.8789
41.2,12,2,23,6,14,-81.6757,-8.56331
41.2,13,1,23,6,14,-75.7718,-22.1733
41.2,14,0,23,6,14,-75.5026,-45.012
41.3,0,0,23,6,14,-75.1612,-23.8722
41.3,1,1,23,6,14,-75.2432,-23.3541
41.3,2,1,23,6,14,-76.5331,-1.54599
41.3,3,2,23,6,14,-75.3761,-22.7448
41.3,4,1,23,6,14,-79.0703,-2.74347
41.3,5,0,23,6,14,-75.3998,-22.5305
41.3,6,2,23,6,14,-78.7091,-0.887385
41.3,7,1,23,6,14,-75.1401,-23.5032
41.3,8,0,23,6,14,-80.514,-6.60355
41.3,9,2,23,6,14,-75.5429,-21.6955
41.3,10,1,23,6,14,-80.7693,-6.83182
41.3,11,0,23,6,14,-75.407,-22.3852
41.3,12,2,23,6,14,-81.5501,-8.47401
41.3,13,1,23,6,14,-75.6948,-21.7739
41.3,14,0,23,6,14,-75.2986,-45.1796
41.4,0,0,23,6,14,-75.0614,-23.5806
41.4,1,1,23,6,14,-75.1654,-23.0132
41.4,2,1,23,6,14,-76.3403,-1.72025
41.4,3,2,23,6,14,-75.3301,-22.3048
41.4,4,1,23,6,14,-78.9023,-2.42326
41.4,5,0,23,6,14,-75.3627,-22.0599
41.4,6,2,23,6,14,-78.548,-0.489619
41.4,7,1,23,6,14,-75.0916,-23.1017
41.4,8,0,23,6,14,-80.4284,-6.59062
41.4,9,2,23,6,14,-75.5041,-21.2034
41.4,10,1,23,6,14,-80.638,-6.69946
41.4,11,0,23,6,14,-75.3789,-21.8837
41.4,12,2,23,6,14,-81.3612,-8.38055
41.4,13,1,23,6,14,-75.6195,-21.3767
41.4,14,0,23,6,14,-75.078,-45.102
41.5,0,0,23,6,14,-74.9594,-23.3095
41.5,1,1,23,6,14,-75.0863,-22.688
41.5,2,1,23,6,14,-76.1448,-1.8885
41.5,3,2,23,6,14,-75.2795,-21.8841
41.5,4,1,23,6,14,-78.7324,-2.09308
41.5,5,0,23,6,14,-75.3189,-21.6096
41.5,6,2,23,6,14,-78.3842,-0.0791396
41.5,7,1,23,6,14,-75.044,-22.7038
41.5,8,0,23,6,14,-80.3346,-6.55782
41.5,9,2,23,6,14,-76.1402,-1.81804
41.5,10,1,23,6,14,-80.5047,-6.56117
41.5,11,0,23,6,14,-75.3502,-21.3764
41.5,12,2,23,6,14,-81.2313,-8.28445
41.5,13,1,23,6,14,-75.5452,-20.9822
41.5,14,0,23,6,14,-75.4219,-47.332
41.6,0,1,23,6,14,-74.8549,-23.0636
41.6,1,0,23,6,14,-75.0048,-22.3854
41.6,2,1,23,6,14,-75.9519,-2.03912
41.6,3,2,23,6,14,-75.2233,-21.4925
41.6,4,1,23,6,14,-78.5608,-1.75106
41.6,5,0,23,18,14,-75.8573,-2.2707
41.6,6,2,23,6,14,-78.2178,0.345498
41.6,7,1,23,6,14,-74.9965,-22.3151
41.6,8,0,23,6,14,-80.2325,-6.50643
41.6,9,2,23,6,14,-76.151,-1.57958
41.6,10,1,23,6,14,-80.3692,-6.41938
41.6,11,0,23,6,14,-75.9306,-2.19736
41.6,12,2,23,6,14,-81.0992,-8.1872
41.6,13,1,23,6,14,-76.1328,-2.0339
41.6,14,0,23,6,14,-77.2967,-44.7155
41.7,0,1,23,6,14,-74.748,-22.846
41.7,1,0,23,6,14,-74.9213,-22.108
41.7,2,1,23,6,14,-75.7659,-2.1604
41.7,3,2,23,6,14,-75.7542,-2.29522
41.7,4,1,23,6,14,-78.3876,-1.3957
41.7,5,0,23,18,14,-75.8401,-2.0894
41.7,6,2,23,6,14,-78.0492,0.78625
41.7,7,1,23,6,14,-74.9487,-21.9371
41.7,8,0,23,6,14,-80.1224,-6.43725
41.7,9,2,23,6,14,-76.1658,-1.31921
41.7,10,1,23,6,14,-80.2313,-6.27479
41.7,11,0,23,6,14,-75.9524,-1.92425
41.7,12,2,23,6,14,-80.9651,-8.08966
41.7,13,1,23,6,14,-76.0958,-1.8628
41.7,14,0,23,6,14,-78.0564,-38.7455
41.8,0,1,23,6,14,-74.6386,-22.6617
41.8,1,0,23,6,14,-74.835,-21.8616
41.8,2,1,23,6,14,-75.5739,-2.27407
41.8,3,2,23,6,14,-75.7396,-2.1189
41.8,4,1,23,6,14,-78.2129,-1.0258
41.8,5,0,23,18,14,-75.8256,-1.89161
41.8,6,2,23,6,14,-77.8778,1.2449
41.8,7,1,23,6,14,-74.9001,-21.5733
41.8,8,0,23,6,14,-80.0038,-6.35025
41.8,9,2,23,6,14,-76.1834,-1.03775
41.8,10,1,23,6,14,-80.0904,-6.12773
41.8,11,0,23,6,14,-75.9783,-1.62684
41.8,12,2,23,6,14,-80.8295,-7.99394
41.8,13,1,23,6,14,-76.0647,-1.66993
41.8,14,0,23,6,14,-77.8613,-38.4114
41.9,0,1,23,6,14,-74.5267,-22.514
41.9,1,0,23,6,14,-74.7462,-21.6501
41.9,2,1,23,6,14,-75.3587,-2.40478
41.9,3,2,23,6,14,-75.73,-1.92622
41.9,4,1,23,6,14,-78.0366,-0.641313
41.9,5,0,23,18,14,-75.8122,-1.67984
41.9,6,2,23,6,14,-77.7042,1.71997
41.9,7,1,23,6,14,-74.8503,-21.2254
41.9,8,0,23,6,14,-79.8764,-6.24601
41.9,9,2,23,6,14,-76.1986,-0.74485
41.9,10,1,23,6,14,-79.946,-5.97917
41.9,11,0,23,6,14,-76.0078,-1.30485
41.9,12,2,23,6,14,-80.6929,-7.90188
41.9,13,1,23,6,14,-76.0395,-1.45437
41.9,14,0,23,6,14,-77.6559,-39.2935
42,0,1,23,6,14,-74.4124,-22.4047
42,1,0,23,6,14,-75.1701,-2.71876
42,2,1,23,6,14,-75.1331,-2.54076
42,3,2,23,6,14,-75.7186,-1.72608
42,4,1,23,6,14,-77.8574,-0.247235
42,5,0,23,18,14,-75.7984,-1.45668
42,6,2,23,6,14,-77.528,2.21444
42,7,1,23,6,14,-75.3678,-2.46343
42,8,0,23,6,14,-79.7395,-6.12319
42,9,2,23,6,14,-76.2112,-0.440619
42,10,1,23,6,14,-79.7971,-5.82648
42,11,0,23,6,14,-76.0405,-0.957977
42,12,2,23,6,14,-80.5557,-7.81536
42,13,1,23,6,14,-76.0204,-1.21455
42,14,0,23,6,14,-79.9468,-36.892
42.1,0,2,23,6,14,-74.2958,-22.3204
42.1,1,1,23,6,14,-75.094,-2.61421
42.1,2,0,23,6,14,-74.9037,-2.67376
42.1,3,2,23,6,14,-75.7033,-1.52169
42.1,4,2,23,6,14,-77.675,0.158287
42.1,5,0,23,6,14,-75.7838,-1.2229
42.1,6,1,23,6,14,-77.3493,2.39971
42.1,7,1,23,6,14,-75.362,-2.20803
42.1,8,0,23,6,14,-79.5927,-5.97985
42.1,9,2,23,6,14,-76.2206,-0.126388
42.1,10,1,23,6,14,-79.6427,-5.66735
42.1,11,0,23,6,14,-76.0752,-0.587851
42.1,12,2,23,6,14,-80.4168,-7.7263
42.1,13,1,23,6,14,-76.007,-0.949694
42.1,14,0,23,6,14,-79.7929,-36.4893
42.2,0,2,23,6,14,-74.1769,-22.2555
42.2,1,1,23,6,14,-75.0188,-2.50681
42.2,2,0,23,6,14,-74.6714,-2.80171
42.2,3,2,23,6,14,-75.6833,-1.31566
42.2,4,2,23,6,14,-77.4838,0.556238
42.2,5,0,23,6,14,-75.7674,-0.98062
42.2,6,1,23,6,14,-77.1679,2.23597
42.2,7,1,23,6,14,-75.3604,-1.93158
42.2,8,0,23,6,14,-79.4352,-5.81371
42.2,9,2,23,6,14,-76.2261,0.196259
42.2,10,1,23,6,14,-79.4816,-5.49807
42.2,11,0,23,6,14,-76.1097,-0.19758
42.2,12,2,23,6,14,-80.2763,-7.63718
42.2,13,1,23,6,14,-75.9995,-0.658006
42.2,14,0,23,6,14,-79.636,-36.1066
42.3,0,2,23,6,14,-77.5173,-22.1806
42.3,1,1,23,6,14,-74.9469,-2.44806
42.3,2,0,23,6,14,-74.4365,-2.98009
42.3,3,2,23,6,14,-75.6574,-1.16522
42.3,4,2,23,6,14,-77.29,0.966097
42.3,5,0,23,6,14,-75.7487,-0.785576
42.3,6,1,23,6,14,-76.9843,2.01756
42.3,7,1,23,6,14,-75.3612,-1.69231
42.3,8,0,23,6,14,-79.2682,-5.62658
42.3,9,2,23,6,14,-76.227,0.470481
42.3,10,1,23,6,14,-79.3128,-5.31374
42.3,11,0,23,6,14,-76.1395,0.147866
42.3,12,2,23,6,14,-80.1334,-7.54766
42.3,13,1,23,6,14,-75.9974,-0.394308
42.3,14,0,23,6,14,-79.4381,-35.8399
42.4,0,2,23,6,14,-78.4704,-1.57414
42.4,1,1,23,6,14,-74.8768,-2.32854
42.4,2,0,23,6,14,-78.0774,-1.40122
42.4,3,2,23,6,14,-75.6258,-0.960553
42.4,4,2,23,6,14,-77.0936,1.39014
42.4,5,0,23,6,14,-75.7268,-0.529639
42.4,6,1,23,6,14,-76.7984,1.85403
42.4,7,1,23,6,14,-75.3619,-1.38354
42.4,8,0,23,6,14,-79.0995,-5.43706
42.4,9,2,23,6,14,-76.2214,0.802757
42.4,10,1,23,6,14,-79.138,-5.11642
42.4,11,0,23,6,14,-76.1644,0.557871
42.4,12,2,23,6,14,-79.9876,-7.45681
42.4,13,1,23,6,14,-75.9998,-0.0482468
42.4,14,0,23,6,14,-81.0084,-9.77418
42.5,0,2,23,6,14,-78.4001,-1.50101
42.5,1,1,23,6,14,-74.8075,-2.2056
42.5,2,0,23,6,14,-77.9812,-1.48683
42.5,3,2,23,6,14,-75.5875,-0.760831
42.5,4,2,23,6,14,-76.8946,1.8304
42.5,5,0,23,6,14,-75.7017,-0.269454
42.5,6,1,23,6,14,-76.6112,1.68816
42.5,7,1,23,6,14,-75.3567,-1.07583
42.5,8,0,23,6,14,-78.9293,-5.26237
42.5,9,2,23,6,14,-76.2078,1.13415
42.5,10,1,23,6,14,-78.9614,-4.99282
42.5,11,0,23,6,14,-76.1842,0.975915
42.5,12,2,23,6,14,-79.8378,-7.5342
42.5,13,1,23,6,14,-76.0057,0.322474
42.5,14,0,23,6,14,-80.8605,-9.9685
42.6,0,2,23,12,14,-78.3291,-1.42993
42.6,1,1,23,6,14,-74.7367,-2.08229
42.6,2,0,23,6,14,-77.8612,-1.5615
42.6,3,2,23,6,14,-75.5424,-0.568054
42.6,4,1,23,12,14,-76.6929,2.24336
42.6,5,0,23,12,14,-75.6736,-0.00569146
42.6,6,1,23,6,14,-76.4242,1.51999
42.6,7,1,23,12,14,-75.3445,-0.772393
42.6,8,0,23,6,14,-78.7575,-5.41884
42.6,9,2,23,6,14,-76.1865,1.46585
42.6,10,1,23,6,14,-78.7824,-5.1317
42.6,11,0,23,6,14,-76.199,1.40155
42.6,12,2,23,6,14,-79.683,-7.73651
42.6,13,1,23,12,14,-76.0132,0.714675
42.6,14,0,23,6,14,-80.7111,-10.1565
42.7,0,2,23,12,14,-78.2586,-1.36115
42.7,1,1,23,6,14,-74.6638,-1.96164
42.7,2,0,23,6,14,-77.7705,-1.62584
42.7,3,2,23,6,14,-75.4898,-0.385453
42.7,4,1,23,12,14,-76.4883,2.23892
42.7,5,0,23,12,14,-75.6416,0.257801
42.7,6,1,23,6,14,-76.2384,1.34691
42.7,7,1,23,12,14,-75.3239,-0.478421
42.7,8,0,23,6,14,-78.5844,-5.53153
42.7,9,2,23,6,14,-76.1592,1.79543
42.7,10,1,23,6,14,-78.6016,-5.2242
42.7,11,0,23,6,14,-76.2087,1.83181
42.7,12,2,23,6,14,-79.5219,-7.89197
42.7,13,1,23,12,14,-76.0174,1.11304
42.7,14,0,23,6,14,-80.5607,-10.315
42.8,0,2,23,12,14,-78.1886,-1.29483
42.8,1,1,23,6,14,-74.5882,-1.84542
42.8,2,0,23,6,14,-77.6821,-1.68039
42.8,3,2,23,6,14,-75.4298,-0.215638
42.8,4,1,23,12,14,-76.2805,2.29137
42.8,5,0,23,12,14,-75.6048,0.517892
42.8,6,1,23,6,14,-76.0532,1.16709
42.8,7,1,23,12,14,-75.2924,-0.201358
42.8,8,0,23,6,14,-78.4099,-5.60778
42.8,9,2,23,6,14,-76.1257,2.11336
42.8,10,1,23,6,14,-78.4189,-5.27706
42.8,11,0,23,6,14,-76.2136,1.51762
42.8,12,2,23,6,14,-79.3535,-8.00679
42.8,13,1,23,12,14,-76.0176,0.835886
42.8,14,0,23,6,14,-80.41,-10.4543
42.9,0,2,23,12,14,-78.1191,-1.22411
42.9,1,1,23,6,14,-74.5093,-1.73
42.9,2,0,23,6,14,-77.5965,-1.71912
42.9,3,2,23,6,14,-75.3619,-0.0544531
42.9,4,1,23,12,14,-76.0691,2.40126
42.9,5,0,23,12,14,-75.561,0.775683
42.9,6,1,23,6,14,-75.8692,0.984512
42.9,7,1,23,12,14,-75.248,0.0581734
42.9,8,0,23,6,14,-78.2341,-5.64579
42.9,9,2,23,6,14,-76.0896,2.41378
42.9,10,1,23,6,14,-78.2346,-5.28827
42.9,11,0,23,6,14,-76.2145,0.771108
42.9,12,2,23,6,14,-79.1801,-8.08395
42.9,13,1,23,12,14,-76.0138,0.277824
42.9,14,0,23,6,14,-80.258,-10.568
43,0,2,23,12,14,-78.0221,-1.14972
43,1,1,23,6,14,-74.4269,-1.61696
43,2,0,23,6,14,-77.514,-1.74317
43,3,2,23,6,14,-75.2821,0.0890905
43,4,1,23,12,14,-75.8504,2.56982
43,5,0,23,12,14,-75.5086,1.03125
43,6,1,23,6,14,-75.6892,0.799435
43,7,1,23,12,14,-75.1896,0.297525
43,8,0,23,6,14,-78.0572,-5.64432
43,9,2,23,6,14,-76.0582,2.14805
43,10,1,23,6,14,-78.0488,-5.2563
43,11,0,23,6,14,-76.2114,0.0971479
43,12,2,23,6,14,-79.0048,-8.12921
43,13,1,23,12,14,-76.0056,-0.246963
43,14,0,23,6,14,-80.1046,-10.6557
43.1,0,1,23,12,14,-77.9527,-1.07301
43.1,1,0,23,6,14,-78.1856,0.351576
43.1,2,2,23,6,14,-77.4354,-1.75227
43.1,3,1,23,6,14,-75.1901,0.2133
43.1,4,0,23,18,14,-75.621,2.44053
43.1,5,2,23,6,14,-75.4518,1.29038
43.1,6,0,23,6,14,-75.5127,0.611744
43.1,7,1,23,18,14,-75.1185,0.517414
43.1,8,0,23,6,14,-77.8791,-5.59982
43.1,9,2,23,6,14,-76.0255,1.5647
43.1,10,1,23,6,14,-77.8616,-5.17789
43.1,11,0,23,6,14,-76.2038,-0.502957
43.1,12,2,23,6,14,-78.8276,-8.13783
43.1,13,1,23,12,14,-75.9928,-0.733319
43.1,14,0,23,6,14,-79.9489,-10.7145
43.2,0,1,23,12,14,-77.8824,-0.993772
43.2,1,0,23,6,14,-78.1188,0.480325
43.2,2,2,23,6,14,-77.3615,-1.74598
43.2,3,1,23,6,14,-75.0858,0.318241
43.2,4,0,23,18,14,-75.386,2.26075
43.2,5,2,23,6,14,-75.3903,1.5444
43.2,6,0,23,6,14,-75.3366,0.41966
43.2,7,1,23,18,14,-75.0362,0.71873
43.2,8,0,23,6,14,-77.7,-5.50917
43.2,9,2,23,6,14,-75.9884,1.06261
43.2,10,1,23,6,14,-77.6731,-5.05082
43.2,11,0,23,6,14,-76.1917,-1.03075
43.2,12,2,23,6,14,-78.6486,-8.10605
43.2,13,1,23,12,14,-75.9749,-1.17437
43.2,14,0,23,6,14,-79.7903,-10.7415
43.3,0,1,23,12,14,-77.8109,-0.911475
43.3,1,0,23,6,14,-78.0475,0.606407
43.3,2,2,23,6,14,-77.2929,-1.72297
43.3,3,1,23,6,14,-74.969,0.405845
43.3,4,0,23,18,14,-75.1446,2.08159
43.3,5,2,23,6,14,-75.3261,1.79515
43.3,6,0,23,6,14,-75.1597,0.223658
43.3,7,1,23,18,14,-74.9444,0.903945
43.3,8,0,23,6,14,-77.5196,-5.36995
43.3,9,2,23,6,14,-75.9453,0.642533
43.3,10,1,23,6,14,-77.4832,-4.87352
43.3,11,0,23,6,14,-76.1745,-1.48788
43.3,12,2,23,6,14,-78.4678,-8.03088
43.3,13,1,23,12,14,-75.9514,-1.5682
43.3,14,0,23,6,14,-79.6278,-10.7331
43.4,0,1,23,12,14,-77.7377,-0.824516
43.4,1,0,23,6,14,-77.9714,0.731819
43.4,2,2,23,6,14,-77.2301,-1.68051
43.4,3,1,23,6,14,-74.8399,0.481045
43.4,4,0,23,18,14,-74.8961,1.90646
43.4,5,2,23,6,14,-75.2597,2.04695
43.4,6,0,23,6,14,-74.9818,0.0252694
43.4,7,1,23,18,14,-74.8461,1.07803
43.4,8,0,23,6,14,-77.338,-5.17892
43.4,9,2,23,6,14,-75.8926,0.315877
43.4,10,1,23,6,14,-77.2917,-4.64228
43.4,11,0,23,6,14,-76.1491,-1.86343
43.4,12,2,23,6,14,-78.2853,-7.90877
43.4,13,1,23,12,14,-75.922,-1.90911
43.4,14,0,23,6,14,-79.4599,-10.6844
43.5,0,1,23,12,14,-77.6629,-0.734483
43.5,1,0,23,6,14,-77.8902,0.852957
43.5,2,2,23,6,14,-77.167,-1.62959
43.5,3,1,23,6,14,-74.6997,0.543149
43.5,4,0,23,18,14,-74.6401,1.73049
43.5,5,2,23,6,14,-75.189,2.29319
43.5,6,0,23,6,14,-74.8036,-0.178021
43.5,7,1,23,18,14,-74.7443,1.24274
43.5,8,0,23,6,14,-77.1553,-4.95831
43.5,9,2,23,6,14,-75.83,0.0509168
43.5,10,1,23,6,14,-77.0985,-4.38081
43.5,11,0,23,6,14,-76.1152,-2.18583
43.5,12,2,23,6,14,-78.1014,-7.76031
43.5,13,1,23,12,14,-75.8862,-2.21969
43.5,14,0,23,6,14,-79.2886,-10.6176
43.6,0,0,23,9,14,-77.5856,-0.643501
43.6,1,2,23,6,14,-77.8036,0.967665
43.6,2,2,23,6,14,-77.1038,-1.5712
43.6,3,0,23,6,14,-74.5494,0.591551
43.6,4,2,23,12,14,-74.3771,1.55078
43.6,5,1,23,6,14,-75.1125,2.52862
43.6,6,1,23,6,14,-74.6253,-0.387346
43.6,7,0,23,12,14,-74.6412,1.40211
43.6,8,2,23,6,14,-76.9711,-4.70818
43.6,9,2,23,6,14,-75.7571,-0.155356
43.6,10,1,23,6,14,-76.9016,-4.09047
43.6,11,0,23,6,14,-76.0728,-2.45946
43.6,12,2,23,6,14,-77.9161,-7.58536
43.6,13,1,23,9,14,-75.8439,-2.50133
43.6,14,0,23,6,14,-79.1155,-10.5358
43.7,0,0,23,9,14,-77.506,-0.549902
43.7,1,2,23,6,14,-77.6851,1.07712
43.7,2,2,23,6,14,-77.0409,-1.50247
43.7,3,0,23,6,14,-74.3902,0.628081
43.7,4,2,23,12,14,-74.1086,1.36849
43.7,5,1,23,6,14,-75.0295,2.75186
43.7,6,1,23,6,14,-74.4472,-0.597701
43.7,7,0,23,12,14,-74.5369,1.56016
43.7,8,2,23,6,14,-76.7857,-4.42661
43.7,9,2,23,6,14,-75.6733,-0.301689
43.7,10,1,23,6,14,-76.7012,-3.76971
43.7,11,0,23,6,14,-76.0214,-2.68544
43.7,12,2,23,6,14,-77.7297,-7.38292
43.7,13,1,23,9,14,-75.7948,-2.75206
43.7,14,0,23,6,14,-78.9403,-10.4356
43.8,0,0,23,9,14,-77.4237,-0.451834
43.8,1,2,23,6,14,-77.5867,1.18357
43.8,2,2,23,6,14,-76.9779,-1.42185
43.8,3,0,23,6,14,-77.9141,2.67264
43.8,4,2,23,12,14,-77.3399,3.20317
43.8,5,1,23,6,14,-74.9386,2.96068
43.8,6,1,23,6,14,-78.0502,1.21618
43.8,7,0,23,12,14,-74.4314,1.71878
43.8,8,2,23,6,14,-76.598,-4.1183
43.8,9,2,23,6,14,-75.5787,-0.392441
43.8,10,1,23,6,14,-76.4973,-3.41859
43.8,11,0,23,6,14,-75.9602,-2.8656
43.8,12,2,23,6,14,-77.5422,-7.15373
43.8,13,1,23,9,14,-75.7389,-2.97328
43.8,14,0,23,6,14,-78.7631,-10.3166
43.9,0,0,23,9,14,-77.3384,-0.348738
43.9,1,2,23,6,14,-77.4823,1.29057
43.9,2,2,23,6,14,-76.9151,-1.32733
43.9,3,0,23,6,14,-77.7778,2.71308
43.9,4,2,23,12,14,-77.1635,3.04146
43.9,5,1,23,6,14,-74.8392,3.01558
43.9,6,1,23,6,14,-77.9844,1.04561
43.9,7,0,23,12,14,-74.3246,1.88004
43.9,8,2,23,6,14,-76.4084,-3.78278
43.9,9,2,23,6,14,-75.4729,-0.43004
43.9,10,1,23,6,14,-76.2895,-3.03595
43.9,11,0,23,6,14,-75.8889,-3.00352
43.9,12,2,23,6,14,-77.3536,-6.89897
43.9,13,1,23,9,14,-75.6765,-3.16719
43.9,14,0,23,6,14,-78.5839,-10.1771
44,0,0,23,9,14,-77.2501,-0.239482
44,1,2,23,6,14,-77.3722,1.39893
44,2,2,23,6,14,-76.8526,-1.21745
44,3,0,23,6,14,-77.6089,2.74802
44,4,2,23,12,14,-77.0109,2.88077
44,5,1,23,6,14,-74.7317,3.04159
44,6,1,23,6,14,-77.8927,0.88933
44,7,0,23,12,14,-74.2169,2.04464
44,8,2,23,6,14,-76.2174,-3.41804
44,9,2,23,6,14,-75.3562,-0.41658
44,10,1,23,6,14,-76.0713,-2.62475
44,11,0,23,6,14,-75.8076,-3.10265
44,12,2,23,6,14,-77.1639,-6.61845
44,13,1,23,9,14,-75.608,-3.33527
44,14,0,23,6,14,-78.4026,-10.0162
44.1,0,0,23,9,14,-77.1578,-0.124589
44.1,1,2,23,6,14,-77.2571,1.51027
44.1,2,2,23,6,14,-76.7902,-1.09106
44.1,3,0,23,6,14,-77.4643,2.79499
44.1,4,2,23,12,14,-76.859,2.72354
44.1,5,1,23,6,14,-74.6157,3.12337
44.1,6,1,23,6,14,-77.8291,0.752723
44.1,7,0,23,12,14,-74.1085,2.2132
44.1,8,2,23,6,14,-76.0257,-3.02438
44.1,9,2,23,6,14,-75.2282,-0.355813
44.1,10,1,23,6,14,-75.8498,-2.18141
44.1,11,0,23,6,14,-75.7169,-3.16808
44.1,12,2,23,6,14,-76.9729,-6.31347
44.1,13,1,23,6,14,-75.5336,-3.47989
44.1,14,0,23,6,14,-78.2193,-9.83335
44.2,0,0,23,9,14,-77.0618,-0.00351463
44.2,1,2,23,6,14,-77.1376,1.62377
44.2,2,2,23,6,14,-76.7273,-0.949177
44.2,3,0,23,6,14,-77.3189,2.85472
44.2,4,2,23,12,14,-76.7082,2.56904
44.2,5,1,23,6,14,-74.491,3.25832
44.2,6,1,23,6,14,-77.7659,0.638492
44.2,7,0,23,12,14,-73.9885,2.38459
44.2,8,2,23,6,14,-75.8332,-2.60337
44.2,9,2,23,6,14,-75.0892,-0.253139
44.2,10,1,23,6,14,-75.6248,-1.70772
44.2,11,0,23,6,14,-75.6177,-3.20528
44.2,12,2,23,6,14,-76.7804,-5.98739
44.2,13,1,23,6,14,-75.4539,-3.60623
44.2,14,0,23,6,14,-78.0344,-9.63186
44.3,0,0,23,9,14,-76.9617,0.123378
44.3,1,2,23,6,14,-77.0145,1.73887
44.3,2,2,23,6,14,-76.6639,-0.790582
44.3,3,0,23,6,14,-77.1731,2.92932
44.3,4,2,23,12,14,-76.559,2.41988
44.3,5,1,23,6,14,-74.3577,3.44364
44.3,6,1,23,6,14,-77.7028,0.549742
44.3,7,0,23,12,14,-73.8797,2.55917
44.3,8,2,23,6,14,-75.6328,-2.16148
44.3,9,2,23,6,14,-74.9391,-0.11121
44.3,10,1,23,6,14,-75.3967,-1.20338
44.3,11,0,23,6,14,-75.5107,-3.21615
44.3,12,2,23,6,14,-76.5867,-5.64033
44.3,13,1,23,6,14,-75.3693,-3.71609
44.3,14,0,23,6,14,-77.8479,-9.41072
44.4,0,0,23,9,14,-76.8576,0.254658
44.4,1,2,23,6,14,-76.8885,1.85355
44.4,2,2,23,6,14,-76.5999,-0.616135
44.4,3,0,23,6,14,-77.0271,3.01799
44.4,4,2,23,12,14,-76.4122,2.27721
44.4,5,1,23,6,14,-74.2152,3.68462
44.4,6,1,23,6,14,-77.639,0.487768
44.4,7,0,23,12,14,-73.7706,2.73344
44.4,8,2,23,6,14,-75.4318,-1.6895
44.4,9,2,23,6,14,-74.7784,0.0656785
44.4,10,1,23,6,14,-75.1655,-0.667543
44.4,11,0,23,6,14,-75.3957,-3.19896
44.4,12,2,23,6,14,-76.3911,-5.27288
44.4,13,1,23,6,14,-75.2799,-3.8093
44.4,14,0,23,6,14,-77.6601,-9.17134
44.5,0,0,23,9,14,-76.7503,0.389708
44.5,1,2,23,6,14,-76.7598,1.96766
44.5,2,2,23,6,14,-76.5351,-0.425989
44.5,3,0,23,6,14,-76.8811,3.1212
44.5,4,2,23,12,14,-76.2691,2.14363
44.5,5,1,23,6,14,-74.0532,3.93444
44.5,6,1,23,6,14,-77.5739,0.455325
44.5,7,0,23,12,14,-73.6614,2.90604
44.5,8,2,23,6,14,-75.2306,-1.18884
44.5,9,2,23,6,14,-74.6089,0.268235
44.5,10,1,23,6,14,-74.9309,-0.0993611
44.5,11,0,23,6,14,-75.2732,-3.15635
44.5,12,2,23,6,14,-76.1938,-4.88591
44.5,13,1,23,6,14,-75.1864,-3.88937
44.5,14,0,23,6,14,-77.471,-8.91445
44.6,0,1,23,12,14,-76.6399,0.52696
44.6,1,0,23,6,14,-76.629,2.07977
44.6,2,0,23,6,14,-76.4696,-0.222512
44.6,3,2,23,6,14,-76.7352,3.23592
44.6,4,1,23,12,14,-76.1308,2.01956
44.6,5,0,23,6,14,-77.1842,6.27423
44.6,6,2,23,6,14,-77.5061,0.452621
44.6,7,1,23,6,14,-76.4621,5.37189
44.6,8,0,23,6,14,-75.0295,-0.66013
44.6,9,2,23,6,14,-74.4386,0.471327
44.6,10,1,23,9,14,-74.6933,0.499894
44.6,11,0,23,6,14,-75.1428,-3.08746
44.6,12,2,23,6,14,-75.9948,-4.48143
44.6,13,1,23,6,14,-75.0888,-3.95782
44.6,14,0,23,6,14,-77.281,-8.64276
44.7,0,1,23,12,14,-76.527,0.664655
44.7,1,0,23,6,14,-76.4967,2.18892
44.7,2,0,23,6,14,-76.4033,-0.00643473
44.7,3,2,23,6,14,-76.5895,3.36073
44.7,4,1,23,12,14,-75.9985,1.90688
44.7,5,0,23,6,14,-77.0392,6.33044
44.7,6,2,23,6,14,-77.4345,0.482015
44.7,7,1,23,6,14,-76.3263,5.57965
44.7,8,0,23,6,14,-74.828,-0.101742
44.7,9,2,23,6,14,-74.2683,0.670199
44.7,10,1,23,9,14,-74.4528,1.13023
44.7,11,0,23,6,14,-75.0048,-2.99433
44.7,12,2,23,6,14,-75.7924,-4.05987
44.7,13,1,23,6,14,-74.9873,-4.01439
44.7,14,0,23,6,14,-77.0898,-8.35709
44.8,0,1,23,12,14,-76.4123,0.800864
44.8,1,0,23,6,14,-76.3629,2.29379
44.8,2,0,23,6,14,-76.336,0.220776
44.8,3,2,23,6,14,-76.4435,3.49267
44.8,4,1,23,12,14,-75.874,1.80707
44.8,5,0,23,6,14,-76.8841,6.35306
44.8,6,2,23,6,14,-77.3587,0.543693
44.8,7,1,23,6,14,-76.1875,5.78016
44.8,8,0,23,6,14,-74.6265,0.487552
44.8,9,2,23,6,14,-74.0886,0.858873
44.8,10,1,23,9,14,-74.2097,1.79348
44.8,11,0,23,6,14,-74.8592,-2.8768
44.8,12,2,23,6,14,-75.5868,-3.62161
44.8,13,1,23,6,14,-74.882,-4.05888
44.8,14,0,23,6,14,-76.8977,-8.05864
44.9,0,1,23,12,14,-76.2964,0.93366
44.9,1,0,23,6,14,-76.2278,2.39386
44.9,2,0,23,6,14,-76.268,0.45805
44.9,3,2,23,6,14,-76.2975,3.63038
44.9,4,1,23,12,14,-75.7586,1.72168
44.9,5,0,23,6,14,-76.7188,6.33982
44.9,6,2,23,6,14,-77.2778,0.636851
44.9,7,1,23,6,14,-76.0448,5.96853
44.9,8,0,23,6,14,-74.4251,1.10927
44.9,9,2,23,6,14,-73.923,1.03579
44.9,10,1,23,9,14,-77.6565,7.81086
44.9,11,0,23,6,14,-74.7065,-2.73646
44.9,12,2,23,6,14,-75.3785,-3.16649
44.9,13,1,23,6,14,-74.7728,-4.09106
44.9,14,0,23,6,14,-76.7043,-7.74785
45,0,1,23,12,14,-76.1791,1.06112
45,1,0,23,6,14,-76.0923,2.48785
45,2,0,23,6,14,-76.1993,0.704324
45,3,2,23,6,14,-76.1509,3.77004
45,4,1,23,12,14,-75.6537,1.65106
45,5,0,23,6,14,-76.5441,6.29226
45,6,2,23,6,14,-77.1933,0.754309
45,7,1,23,6,14,-75.8981,6.14148
45,8,0,23,6,14,-74.2241,1.7661
45,9,2,23,6,14,-73.761,1.1989
45,10,1,23,9,14,-77.494,8.53284
45,11,0,23,6,14,-74.5466,-2.57254
45,12,2,23,6,14,-75.1675,-2.69345
45,13,1,23,6,14,-74.6601,-4.11146
45,14,0,23,6,14,-76.5098,-7.42533
45.1,0,2,23,12,14,-76.0755,1.16933
45.1,1,0,23,6,14,-75.9686,2.56441
45.1,2,0,23,6,14,-76.1413,0.945882
45.1,3,2,23,6,14,-76.0137,3.89696
45.1,4,1,23,12,14,-75.5687,1.58707
45.1,5,0,23,6,14,-76.3662,6.20243
45.1,6,2,23,6,14,-77.1206,0.800853
45.1,7,1,23,6,14,-75.7488,6.28431
45.1,8,0,23,9,14,-73.9893,2.42187
45.1,9,2,23,6,14,-73.5734,1.16815
45.1,10,1,23,24,14,-77.3601,9.267
45.1,11,0,23,6,14,-74.3504,-2.42418
45.1,12,2,23,6,14,-74.9362,-2.24059
45.1,13,1,23,6,14,-74.5114,-4.15845
45.1,14,0,23,6,14,-76.2965,-7.12879
45.2,0,2,23,12,14,-75.9738,1.26999
45.2,1,0,23,6,14,-75.8475,2.63511
45.2,2,0,23,6,14,-76.0837,1.19485
45.2,3,2,23,6,14,-75.8785,4.02089
45.2,4,1,23,12,14,-75.4975,1.54427
45.2,5,0,23,6,14,-76.1903,6.10751
45.2,6,2,23,6,14,-77.0454,0.490666
45.2,7,1,23,6,14,-75.5981,6.4064
45.2,8,0,23,9,14,-77.1008,8.3565
45.2,9,2,23,6,14,-73.3896,0.807856
45.2,10,1,23,24,14,-77.2298,8.77009
45.2,11,0,23,6,14,-74.1464,-2.28858
45.2,12,2,23,6,14,-74.7019,-1.92507
45.2,13,1,23,6,14,-74.3586,-4.19922
45.2,14,0,23,6,14,-76.0815,-7.0055
45.3,0,2,23,12,14,-75.8743,1.36215
45.3,1,0,23,6,14,-75.7294,2.70188
45.3,2,0,23,6,14,-76.0268,1.35801
45.3,3,2,23,6,14,-75.7456,4.14075
45.3,4,1,23,12,14,-75.4395,1.5246
45.3,5,0,23,6,14,-76.0177,6.01074
45.3,6,2,23,6,14,-76.9682,0.203351
45.3,7,1,23,6,14,-75.4465,6.50764
45.3,8,0,23,9,14,-76.9785,8.55232
45.3,9,2,23,6,14,-75.8229,5.87465
45.3,10,1,23,24,14,-77.1034,7.92417
45.3,11,0,23,6,14,-73.9244,-2.43451
45.3,12,2,23,6,14,-74.4646,-1.94107
45.3,13,1,23,6,14,-74.2018,-4.46871
45.3,14,0,23,6,14,-75.8643,-7.08192
45.4,0,2,23,12,14,-75.7779,1.44482
45.4,1,0,23,6,14,-75.6149,2.76271
45.4,2,0,23,6,14,-75.9721,1.2381
45.4,3,2,23,6,14,-75.6153,4.25178
45.4,4,1,23,12,14,-75.3933,1.37631
45.4,5,0,23,6,14,-75.8494,5.91331
45.4,6,2,23,6,14,-76.889,-0.0643717
45.4,7,1,23,6,14,-75.294,6.57451
45.4,8,0,23,9,14,-76.862,8.81567
45.4,9,2,23,6,14,-75.6376,5.65223
45.4,10,1,23,24,14,-76.9816,7.10342
45.4,11,0,23,6,14,-73.7073,-2.55473
45.4,12,2,23,6,14,-74.2246,-1.89984
45.4,13,1,23,6,14,-74.0414,-4.85087
45.4,14,0,23,6,14,-75.6453,-7.11294
45.5,0,2,23,12,14,-75.6858,1.51768
45.5,1,0,23,6,14,-75.5045,2.82019
45.5,2,0,23,6,14,-75.9201,1.11931
45.5,3,2,23,6,14,-75.4876,4.35178
45.5,4,1,23,12,14,-75.3509,0.957656
45.5,5,0,23,6,14,-75.6867,5.81819
45.5,6,2,23,6,14,-76.8086,-0.313812
45.5,7,1,23,6,14,-75.1417,6.36069
45.5,8,0,23,9,14,-76.7515,9.13058
45.5,9,2,23,6,14,-75.457,5.43769
45.5,10,1,23,24,14,-76.8641,6.3066
45.5,11,0,23,6,14,-73.4858,-2.70114
45.5,12,2,23,6,14,-77.5798,3.88648
45.5,13,1,23,6,14,-73.8777,-5.24636
45.5,14,0,23,6,14,-75.4243,-7.10925
45.6,0,2,23,12,14,-75.5984,1.58048
45.6,1,1,23,6,14,-75.3988,2.87203
45.6,2,1,23,6,14,-75.8713,0.987449
45.6,3,0,23,6,14,-75.3633,4.43693
45.6,4,0,23,12,14,-75.3114,0.552627
45.6,5,2,23,6,14,-75.5302,5.72468
45.6,6,2,23,6,14,-76.727,-0.56215
45.6,7,1,23,6,14,-74.9907,6.17907
45.6,8,0,23,18,14,-76.6475,8.76323
45.6,9,2,23,6,14,-75.282,5.23276
45.6,10,1,23,18,14,-76.7513,5.51713
45.6,11,0,23,6,14,-73.2665,-2.88793
45.6,12,2,23,9,14,-77.4544,4.11284
45.6,13,1,23,6,14,-73.7013,-5.59598
45.6,14,0,23,6,14,-75.2014,-7.07597
45.7,0,2,23,12,14,-75.5165,1.4794
45.7,1,1,23,6,14,-75.2985,2.91968
45.7,2,1,23,6,14,-75.8259,0.876034
45.7,3,0,23,6,14,-75.2421,4.50362
45.7,4,0,23,12,14,-75.2604,0.189393
45.7,5,2,23,6,14,-75.3811,5.63582
45.7,6,2,23,6,14,-76.6447,-0.779742
45.7,7,1,23,6,14,-79.0514,8.2229
45.7,8,0,23,18,14,-76.5498,7.90143
45.7,9,2,23,6,14,-75.1129,5.0358
45.7,10,1,23,18,14,-76.6431,4.76524
45.7,11,0,23,6,14,-73.0505,-3.0557
45.7,12,2,23,9,14,-77.3327,4.35027
45.7,13,1,23,6,14,-73.533,-5.90855
45.7,14,0,23,6,14,-74.9765,-7.01928
45.8,0,2,23,12,14,-75.4409,1.23657
45.8,1,1,23,6,14,-75.2041,2.96231
45.8,2,1,23,6,14,-75.7837,0.769943
45.8,3,0,23,6,14,-75.1247,4.54948
45.8,4,0,23,12,14,-75.2273,-0.151603
45.8,5,2,23,6,14,-75.2398,5.55298
45.8,6,2,23,6,14,-76.5622,-0.983555
45.8,7,1,23,6,14,-78.9641,8.0676
45.8,8,0,23,18,14,-76.4587,7.06999
45.8,9,2,23,6,14,-79.2482,7.01791
45.8,10,1,23,18,14,-76.54,4.03402
45.8,11,0,23,6,14,-75.2644,2.76744
45.8,12,2,23,9,14,-77.1921,4.60525
45.8,13,1,23,6,14,-73.3629,-6.18086
45.8,14,0,23,6,14,-74.7495,-6.93386
45.9,0,2,23,12,14,-75.3722,0.990814
45.9,1,1,23,6,14,-75.116,2.91827
45.9,2,1,23,6,14,-75.7441,0.667983
45.9,3,0,23,6,14,-75.0116,4.57671
45.9,4,0,23,12,14,-75.1985,-0.472182
45.9,5,2,23,6,14,-75.107,5.48158
45.9,6,2,23,6,14,-76.4795,-1.17524
45.9,7,1,23,6,14,-78.877,7.93547
45.9,8,0,23,18,14,-76.3743,6.26659
45.9,9,2,23,6,14,-79.1658,6.81199
45.9,10,1,23,18,14,-76.4423,3.31984
45.9,11,0,23,6,14,-75.0482,2.71049
45.9,12,2,23,9,14,-77.0793,4.72796
45.9,13,1,23,6,14,-73.1919,-6.41849
45.9,14,0,23,6,14,-74.5192,-6.82098
46,0,2,23,12,14,-75.3106,0.742607
46,1,1,23,6,14,-75.0348,2.68705
46,2,1,23,6,14,-75.7066,0.569769
46,3,0,23,6,14,-74.9038,4.58777
46,4,0,23,12,14,-75.1747,-0.77483
46,5,2,23,6,14,-74.9831,5.42221
46,6,2,23,6,14,-76.3974,-1.35639
46,7,1,23,6,14,-78.7911,7.82409
46,8,0,23,18,14,-76.2965,5.48751
46,9,2,23,6,14,-79.087,6.61654
46,10,1,23,18,14,-76.35,2.62168
46,11,0,23,6,14,-79.2806,4.93043
46,12,2,23,9,14,-76.9712,4.83748
46,13,1,23,6,14,-75.4062,-6.16787
46,14,0,23,6,14,-74.2854,-6.68051
46.1,0,2,23,12,14,-75.2569,0.492764
46.1,1,1,23,6,14,-74.961,2.46105
46.1,2,0,23,6,14,-75.6709,0.473893
46.1,3,2,23,6,14,-74.8024,4.58431
46.1,4,1,23,6,14,-75.1425,-1.06013
46.1,5,0,23,6,14,-74.8682,5.37483
46.1,6,2,23,6,14,-76.2976,-1.52805
46.1,7,1,23,6,14,-78.7071,7.70109
46.1,8,0,23,12,14,-76.2254,4.72999
46.1,9,2,23,6,14,-79.0119,6.40175
46.1,10,1,23,9,14,-76.2638,1.93793
46.1,11,0,23,6,14,-79.166,4.82624
46.1,12,2,23,12,14,-76.8535,4.95781
46.1,13,1,23,6,14,-75.2857,-6.35702
46.1,14,0,23,6,14,-77.6274,-0.579447
46.2,0,2,23,12,14,-75.2115,0.240846
46.2,1,1,23,6,14,-74.8949,2.23908
46.2,2,0,23,6,14,-75.6366,0.376318
46.2,3,2,23,6,14,-74.7081,4.56985
46.2,4,1,23,6,14,-75.1307,-1.32926
46.2,5,0,23,6,14,-74.7624,5.33788
46.2,6,2,23,6,14,-76.2182,-1.69337
46.2,7,1,23,6,14,-78.6256,7.62052
46.2,8,0,23,12,14,-76.1605,3.99257
46.2,9,2,23,6,14,-78.9406,6.22643
46.2,10,1,23,9,14,-76.1841,1.26678
46.2,11,0,23,6,14,-79.0557,4.75241
46.2,12,2,23,12,14,-76.7417,5.06665
46.2,13,1,23,6,14,-75.1661,-6.51094
46.2,14,0,23,6,14,-77.5134,-0.496681
46.3,0,2,23,12,14,-75.1743,-0.0114595
46.3,1,1,23,6,14,-74.8372,2.02106
46.3,2,0,23,6,14,-75.6037,0.276821
46.3,3,2,23,6,14,-74.6224,4.373
46.3,4,1,23,6,14,-75.125,-1.58146
46.3,5,0,23,6,14,-78.6177,8.49853
46.3,6,2,23,6,14,-76.1404,-1.85229
46.3,7,1,23,6,14,-78.5475,7.55172
46.3,8,0,23,12,14,-76.1019,3.27336
46.3,9,2,23,6,14,-78.8728,6.06068
46.3,10,1,23,9,14,-76.1116,0.607025
46.3,11,0,23,6,14,-78.9507,4.68606
46.3,12,2,23,12,14,-76.636,4.49236
46.3,13,1,23,6,14,-75.0476,-6.63286
46.3,14,0,23,6,14,-77.4022,-0.41295
46.4,0,2,23,12,14,-75.1175,-0.263714
46.4,1,1,23,6,14,-74.7883,1.80456
46.4,2,0,23,6,14,-75.5729,0.17259
46.4,3,2,23,6,14,-78.2938,7.69732
46.4,4,1,23,6,14,-75.126,-1.8191
46.4,5,0,23,6,14,-78.5616,8.46345
46.4,6,2,23,6,14,-76.0651,-2.00688
46.4,7,1,23,6,14,-78.4733,7.49222
46.4,8,0,23,12,14,-76.0493,2.57001
46.4,9,2,23,6,14,-78.8089,5.9044
46.4,10,1,23,9,14,-76.0482,-0.0411061
46.4,11,0,23,6,14,-78.851,4.62507
46.4,12,2,23,12,14,-76.5366,3.8389
46.4,13,1,23,6,14,-74.9309,-6.72654
46.4,14,0,23,6,14,-77.2943,-0.354131
46.5,0,2,23,12,14,-75.0977,-0.514558
46.5,1,1,23,6,14,-74.7481,1.59096
46.5,2,0,23,6,14,-75.5441,0.0641333
46.5,3,2,23,6,14,-78.2265,7.64936
46.5,4,1,23,6,14,-75.1333,-2.04081
46.5,5,0,23,6,14,-78.5121,8.42599
46.5,6,2,23,6,14,-75.9928,-2.15772
46.5,7,1,23,6,14,-78.4034,7.43829
46.5,8,0,23,12,14,-76.0026,1.88194
46.5,9,2,23,6,14,-78.7488,5.75778
46.5,10,1,23,9,14,-75.9948,-0.673458
46.5,11,0,23,6,14,-78.7573,4.57064
46.5,12,2,23,12,14,-76.4437,3.18961
46.5,13,1,23,6,14,-74.8164,-6.79166
46.5,14,0,23,6,14,-77.1899,-0.26388
46.6,0,0,23,6,14,-75.0866,-0.764052
46.6,1,1,23,6,14,-74.7176,1.3777
46.6,2,2,23,6,14,-75.5024,-0.0503151
46.6,3,2,23,24,14,-78.1652,7.59282
46.6,4,1,23,6,14,-75.1465,-2.24974
46.6,5,0,23,6,14,-78.4691,8.38195
46.6,6,2,23,6,14,-75.9237,-2.308
46.6,7,1,23,6,14,-78.3387,7.38706
46.6,8,0,23,9,14,-75.9616,1.2097
46.6,9,2,23,6,14,-78.6926,5.61793
46.6,10,1,23,6,14,-75.9347,-1.2853
46.6,11,0,23,6,14,-78.6698,4.51861
46.6,12,2,23,6,14,-76.357,2.54452
46.6,13,1,23,6,14,-74.705,-6.83429
46.6,14,0,23,6,14,-77.0894,-0.170532
46.7,0,0,23,6,14,-75.0841,-1.01046
46.7,1,1,23,6,14,-74.6834,1.1672
46.7,2,2,23,6,14,-75.4789,-0.170426
46.7,3,2,23,24,14,-78.1107,7.52988
46.7,4,1,23,6,14,-75.1654,-2.44485
46.7,5,0,23,6,14,-78.4322,8.32854
46.7,6,2,23,6,14,-75.842,-2.45705
46.7,7,1,23,6,14,-78.2791,7.31401
46.7,8,0,23,9,14,-75.9264,0.554199
46.7,9,2,23,6,14,-78.6406,5.46122
46.7,10,1,23,6,14,-75.9022,-1.87036
46.7,11,0,23,6,14,-78.5885,4.47047
46.7,12,2,23,6,14,-76.2767,1.90474
46.7,13,1,23,6,14,-78.8605,1.1872
46.7,14,0,23,6,14,-76.993,-0.0733878
46.8,0,0,23,6,14,-75.0901,-1.25419
46.8,1,1,23,6,14,-74.6713,0.958382
46.8,2,2,23,6,14,-75.4435,-0.295807
46.8,3,2,23,24,14,-78.0634,7.41778
46.8,4,1,23,6,14,-75.1896,-2.62932
46.8,5,0,23,6,14,-78.401,8.22287
46.8,6,2,23,6,14,-75.7815,-2.60574
46.8,7,1,23,6,14,-78.2252,6.93617
46.8,8,0,23,9,14,-75.8971,-0.0833534
46.8,9,2,23,6,14,-78.593,5.20438
46.8,10,1,23,6,14,-75.8773,-2.41314
46.8,11,0,23,6,14,-78.5132,4.40269
46.8,12,2,23,6,14,-76.203,1.26994
46.8,13,1,23,6,14,-78.7733,1.1812
46.8,14,0,23,6,14,-76.8791,0.0282092
46.9,0,0,23,6,14,-75.1044,-1.49299
46.9,1,1,23,6,14,-74.6559,0.751855
46.9,2,2,23,6,14,-75.4271,-0.425922
46.9,3,2,23,24,14,-77.9959,7.36814
46.9,4,1,23,6,14,-75.2183,-2.80273
46.9,5,0,23,6,14,-78.3753,8.17763
46.9,6,2,23,6,14,-75.7256,-2.753
46.9,7,1,23,6,14,-78.177,6.40285
46.9,8,0,23,9,14,-75.8567,-0.698247
46.9,9,2,23,6,14,-78.55,4.65182
46.9,10,1,23,6,14,-75.8439,-2.91611
46.9,11,0,23,6,14,-78.4442,3.86742
46.9,12,2,23,6,14,-76.1357,0.643214
46.9,13,1,23,6,14,-78.6888,1.18598
46.9,14,0,23,6,14,-76.7757,0.155097
47,0,0,23,6,14,-75.1266,-1.72648
47,1,1,23,6,14,-74.6623,0.549128
47,2,2,23,6,14,-75.415,-0.559018
47,3,2,23,24,14,-77.963,7.31097
47,4,1,23,6,14,-75.2516,-2.96519
47,5,0,23,6,14,-78.3548,7.73409
47,6,2,23,6,14,-75.6747,-2.89759
47,7,1,23,6,14,-78.1349,5.94388
47,8,0,23,9,14,-75.822,-1.28458
47,9,2,23,6,14,-78.512,4.18132
47,10,1,23,6,14,-75.8358,-3.3833
47,11,0,23,6,14,-78.381,3.3738
47,12,2,23,6,14,-76.0755,0.0239474
47,13,1,23,6,14,-78.6072,1.03364
47,14,0,23,6,14,-76.6776,0.28549
47.1,0,0,23,6,14,-75.1564,-1.95482
47.1,1,1,23,6,14,-74.6777,0.349341
47.1,2,2,23,6,14,-75.408,-0.695283
47.1,3,0,23,24,14,-77.9378,7.24593
47.1,4,1,23,6,14,-75.289,-3.11827
47.1,5,2,23,6,14,-78.339,7.21306
47.1,6,2,23,6,14,-75.6289,-3.0393
47.1,7,1,23,6,14,-78.0986,5.52942
47.1,8,0,23,9,14,-75.8092,-1.83839
47.1,9,0,23,6,14,-78.4788,3.76344
47.1,10,1,23,6,14,-75.8367,-3.81754
47.1,11,2,23,6,14,-78.3233,2.92473
47.1,12,2,23,6,14,-76.0227,-0.587127
47.1,13,1,23,6,14,-78.5289,0.692165
47.1,14,0,23,6,14,-76.5849,0.419574
47.2,0,0,23,6,14,-75.1933,-2.17699
47.2,1,1,23,6,14,-74.7014,0.153042
47.2,2,2,23,6,14,-75.4065,-0.834576
47.2,3,0,23,24,14,-77.9198,7.17209
47.2,4,1,23,6,14,-75.3301,-3.26176
47.2,5,2,23,6,14,-78.3279,6.74175
47.2,6,2,23,6,14,-75.5882,-3.1807
47.2,7,1,23,6,14,-78.0681,5.15488
47.2,8,0,23,9,14,-75.802,-2.34187
47.2,9,0,23,6,14,-78.4504,3.39221
47.2,10,1,23,6,14,-75.846,-4.22175
47.2,11,2,23,6,14,-78.271,2.51552
47.2,12,2,23,6,14,-75.9783,-1.18706
47.2,13,1,23,6,14,-78.4543,0.386714
47.2,14,0,23,6,14,-76.4978,0.556818
47.3,0,0,23,6,14,-75.2371,-2.39405
47.3,1,1,23,6,14,-74.7333,-0.0394064
47.3,2,2,23,6,14,-75.4112,-0.977602
47.3,3,0,23,24,14,-77.8819,7.08746
47.3,4,1,23,6,14,-75.3748,-3.39766
47.3,5,2,23,6,14,-78.3213,6.31878
47.3,6,2,23,6,14,-75.5514,-3.32454
47.3,7,1,23,6,14,-78.0435,4.81847
47.3,8,0,23,9,14,-75.8027,-2.79701
47.3,9,0,23,6,14,-78.4271,3.0645
47.3,10,1,23,6,14,-75.8633,-4.59796
47.3,11,2,23,6,14,-78.2238,2.14379
47.3,12,2,23,6,14,-75.9259,-1.77484
47.3,13,1,23,6,14,-78.3838,0.114282
47.3,14,0,23,6,14,-76.4162,0.25843
47.4,0,0,23,6,14,-75.2871,-2.60599
47.4,1,1,23,6,14,-74.7725,-0.228714
47.4,2,2,23,6,14,-75.4221,-1.1253
47.4,3,0,23,24,14,-77.8775,6.99019
47.4,4,1,23,6,14,-75.4228,-3.52716
47.4,5,2,23,6,14,-78.3187,5.93929
47.4,6,2,23,6,14,-75.5162,-3.47384
47.4,7,1,23,6,14,-78.0245,4.5158
47.4,8,0,23,9,14,-75.8144,-3.20822
47.4,9,0,23,6,14,-78.4086,2.77616
47.4,10,1,23,6,14,-75.8882,-4.94862
47.4,11,2,23,6,14,-78.1813,1.80555
47.4,12,2,23,6,14,-75.9005,-2.34938
47.4,13,1,23,6,14,-78.3176,-0.128874
47.4,14,0,23,6,14,-76.3407,-0.216466
47.5,0,0,23,6,14,-75.3429,-2.81583
47.5,1,1,23,6,14,-74.8189,-0.418266
47.5,2,2,23,6,14,-75.4395,-1.28172
47.5,3,0,23,24,14,-77.8798,6.87736
47.5,4,1,23,6,14,-75.4737,-3.65387
47.5,5,2,23,6,14,-78.2905,5.59723
47.5,6,2,23,6,14,-75.4798,-3.62768
47.5,7,1,23,6,14,-78.011,4.24042
47.5,8,0,23,9,14,-75.8402,-3.58414
47.5,9,0,23,6,14,-78.3943,2.5193
47.5,10,1,23,6,14,-75.9203,-5.27849
47.5,11,2,23,6,14,-78.1435,1.49607
47.5,12,2,23,6,14,-75.8692,-2.91145
47.5,13,1,23,6,14,-78.2558,-0.348325
47.5,14,0,23,6,14,-76.2714,-0.695552
47.6,0,0,23,6,14,-75.4041,-3.02954
47.6,1,1,23,6,14,-74.8713,-0.612364
47.6,2,2,23,6,14,-75.4637,-1.45226
47.6,3,0,23,24,14,-77.888,6.64254
47.6,4,1,23,6,14,-75.5277,-3.78406
47.6,5,2,23,6,14,-78.2953,5.28502
47.6,6,2,23,9,14,-75.4415,-3.7845
47.6,7,1,23,6,14,-78.0027,3.98673
47.6,8,0,23,9,14,-75.8815,-3.93974
47.6,9,0,23,6,14,-78.3842,2.28716
47.6,10,1,23,6,14,-75.9589,-5.59378
47.6,11,2,23,6,14,-78.1099,1.19362
47.6,12,2,23,6,14,-75.8663,-3.4636
47.6,13,1,23,6,14,-78.1987,-0.550905
47.6,14,0,23,6,14,-76.2088,-1.18377
47.7,0,0,23,6,14,-75.4698,-3.27353
47.7,1,1,23,6,14,-74.9293,-0.842329
47.7,2,2,23,6,14,-75.4946,-1.66771
47.7,3,0,23,24,14,-77.902,6.34379
47.7,4,1,23,6,14,-75.5844,-3.9446
47.7,5,2,23,6,14,-78.3037,4.99704
47.7,6,2,23,9,14,-75.4034,-3.96692
47.7,7,1,23,6,14,-77.9994,3.74827
47.7,8,0,23,9,14,-75.9362,-4.31497
47.7,9,0,23,6,14,-78.3777,2.07197
47.7,10,1,23,6,14,-76.0036,-5.91923
47.7,11,2,23,6,14,-78.0799,0.897084
47.7,12,2,23,6,14,-75.8753,-4.02761
47.7,13,1,23,6,14,-78.1445,-0.756399
47.7,14,0,23,6,14,-76.1538,-1.70402
47.8,0,0,23,6,14,-75.5398,-3.54636
47.8,1,1,23,6,14,-74.992,-1.1049
47.8,2,2,23,6,14,-75.5322,-1.92507
47.8,3,0,23,24,14,-77.9213,6.04016
47.8,4,1,23,6,14,-75.6439,-4.13437
47.8,5,2,23,6,14,-78.3152,4.71324
47.8,6,2,23,9,14,-75.3695,-4.17261
47.8,7,1,23,6,14,-77.9748,3.49453
47.8,8,0,23,9,14,-76.0008,-4.70727
47.8,9,0,23,6,14,-78.3725,1.84701
47.8,10,1,23,6,14,-76.0557,-6.2582
47.8,11,2,23,6,14,-78.0526,0.597684
47.8,12,2,23,6,14,-75.8964,-4.59749
47.8,13,1,23,6,14,-78.0934,-0.968342
47.8,14,0,23,6,14,-76.1069,-2.25125
47.9,0,0,23,6,14,-75.6134,-3.8459
47.9,1,1,23,6,14,-75.0589,-1.39771
47.9,2,2,23,6,14,-75.5766,-2.22347
47.9,3,0,23,24,14,-74.4172,1.00937
47.9,4,1,23,6,14,-75.7057,-4.35228
47.9,5,2,23,6,14,-78.3294,4.42756
47.9,6,2,23,9,14,-75.3423,-4.40097
47.9,7,1,23,6,14,-77.9831,3.22344
47.9,8,0,23,9,14,-76.0717,-5.11474
47.9,9,0,23,6,14,-78.3683,1.60871
47.9,10,1,23,6,14,-76.1138,-6.61114
47.9,11,2,23,6,14,-78.0275,0.295009
47.9,12,2,23,6,14,-75.9291,-5.16903
47.9,13,1,23,6,14,-78.0452,-1.1889
47.9,14,0,23,6,14,-76.0691,-2.82155
48,0,0,23,6,14,-75.6899,-4.17091
48,1,1,23,6,14,-75.1291,-1.71913
48,2,2,23,6,14,-75.6272,-2.55963
48,3,0,23,24,14,-74.4641,0.731551
48,4,1,23,6,14,-75.7697,-4.59795
48,5,2,23,6,14,-78.3461,4.13716
48,6,2,23,9,14,-75.324,-4.65343
48,7,1,23,6,14,-77.9955,2.93432
48,8,0,23,9,14,-76.1466,-5.53629
48,9,0,23,6,14,-78.3648,1.3566
48,10,1,23,6,14,-76.1772,-6.97956
48,11,2,23,6,14,-78.0041,-0.0129607
48,12,2,23,6,14,-75.9726,-5.74022
48,13,1,23,6,14,-77.9993,-1.41971
48,14,0,23,6,14,-76.0408,-3.41162
48.1,0,0,23,6,14,-75.7688,-4.5184
48.1,1,2,23,6,14,-75.2023,-2.06579
48.1,2,1,23,6,14,-75.6841,-2.93108
48.1,3,0,23,9,14,-74.5147,0.426837
48.1,4,2,23,6,14,-75.836,-4.87021
48.1,5,2,23,6,14,-78.3636,3.82736
48.1,6,1,23,6,14,-75.3157,-4.92929
48.1,7,1,23,6,14,-78.0114,2.62862
48.1,8,0,23,6,14,-76.2233,-5.96825
48.1,9,0,23,12,14,-78.3619,1.08967
48.1,10,1,23,6,14,-76.2449,-7.36223
48.1,11,2,23,6,14,-77.9814,-0.325928
48.1,12,2,23,6,14,-76.0261,-6.30876
48.1,13,1,23,6,14,-77.9554,-1.66045
48.1,14,0,23,6,14,-75.9882,-4.01782
48.2,0,0,23,6,14,-75.8498,-4.88716
48.2,1,2,23,6,14,-75.2776,-2.43557
48.2,2,1,23,6,14,-75.7466,-3.33472
48.2,3,0,23,9,14,-74.5679,0.0989555
48.2,4,2,23,6,14,-75.9041,-5.16772
48.2,5,2,23,6,14,-78.3813,3.49723
48.2,6,1,23,6,14,-75.3186,-5.22911
48.2,7,1,23,6,14,-78.0297,2.30573
48.2,8,0,23,6,14,-76.3005,-6.40974
48.2,9,0,23,12,14,-78.3589,0.80774
48.2,10,1,23,6,14,-76.3168,-7.76014
48.2,11,2,23,6,14,-77.9595,-0.644512
48.2,12,2,23,6,14,-76.0885,-6.87256
48.2,13,1,23,6,14,-77.9131,-1.91214
48.2,14,0,23,6,14,-75.9811,-4.63602
48.3,0,0,23,6,14,-75.9323,-5.27687
48.3,1,2,23,6,14,-75.3547,-2.82721
48.3,2,1,23,6,14,-75.8144,-3.76812
48.3,3,0,23,9,14,-74.6236,-0.25134
48.3,4,2,23,6,14,-75.9739,-5.49
48.3,5,2,23,6,14,-78.3992,3.14941
48.3,6,1,23,6,14,-75.3327,-5.5529
48.3,7,1,23,6,14,-78.0497,1.96662
48.3,8,0,23,6,14,-76.377,-6.85922
48.3,9,0,23,12,14,-78.3557,0.511215
48.3,10,1,23,6,14,-76.3921,-8.17336
48.3,11,2,23,6,14,-77.9376,-0.967722
48.3,12,2,23,6,14,-76.1581,-7.43029
48.3,13,1,23,6,14,-77.8719,-2.1746
48.3,14,0,23,6,14,-75.986,-5.26435
48.4,0,0,23,6,14,-76.0164,-5.68698
48.4,1,2,23,6,14,-75.4331,-3.23997
48.4,2,1,23,6,14,-75.8869,-4.22924
48.4,3,0,23,9,14,-74.6812,-0.623634
48.4,4,2,23,6,14,-76.0453,-5.83672
48.4,5,2,23,6,14,-78.4166,2.78488
48.4,6,1,23,6,14,-75.3583,-5.90178
48.4,7,1,23,6,14,-78.0709,1.61243
48.4,8,0,23,6,14,-76.4517,-7.31699
48.4,9,0,23,12,14,-78.3519,0.200932
48.4,10,1,23,6,14,-76.4714,-8.60324
48.4,11,2,23,6,14,-77.9157,-1.29519
48.4,12,2,23,6,14,-76.2332,-7.98151
48.4,13,1,23,6,14,-77.8312,-2.44808
48.4,14,0,23,6,14,-76.003,-5.89905
48.5,0,0,23,6,14,-76.1014,-6.11521
48.5,1,2,23,6,14,-75.5124,-3.67215
48.5,2,1,23,6,14,-75.9639,-4.71568
48.5,3,0,23,9,14,-74.7404,-1.0168
48.5,4,2,23,6,14,-76.1182,-6.2062
48.5,5,2,23,6,14,-78.4334,2.40558
48.5,6,1,23,6,14,-75.4017,-6.28362
48.5,7,1,23,6,14,-78.0926,1.24498
48.5,8,0,23,6,14,-76.5238,-7.78126
48.5,9,0,23,12,14,-78.3471,-0.121915
48.5,10,1,23,6,14,-76.556,-9.0511
48.5,11,2,23,6,14,-77.8929,-1.62733
48.5,12,2,23,6,14,-76.3118,-8.52486
48.5,13,1,23,6,14,-77.7906,-2.73174
48.5,14,0,23,6,14,-76.0323,-6.53819
48.6,0,0,23,6,14,-76.1873,-6.56143
48.6,1,2,23,6,14,-75.5923,-4.12221
48.6,2,1,23,6,14,-76.0448,-5.22493
48.6,3,0,23,6,14,-74.7988,-1.41193
48.6,4,2,23,6,14,-76.1924,-6.59787
48.6,5,2,23,6,14,-78.4494,2.01319
48.6,6,1,23,6,14,-75.4608,-6.69639
48.6,7,1,23,6,14,-78.1141,0.864787
48.6,8,0,23,6,14,-76.5928,-8.25182
48.6,9,0,23,9,14,-78.3412,-0.456536
48.6,10,1,23,6,14,-76.648,-9.51953
48.6,11,2,23,6,14,-77.8695,-1.96347
48.6,12,2,23,6,14,-76.3923,-9.06009
48.6,13,1,23,6,14,-77.7495,-3.02564
48.6,14,0,23,6,14,-76.074,-7.17961
48.7,0,0,23,6,14,-76.2737,-7.0252
48.7,1,2,23,6,14,-75.6727,-4.59065
48.7,2,1,23,6,14,-76.1287,-5.75492
48.7,3,0,23,6,14,-74.8564,-1.8126
48.7,4,2,23,6,14,-76.2679,-7.01128
48.7,5,2,23,6,14,-78.4644,1.61206
48.7,6,1,23,6,14,-75.5343,-7.13764
48.7,7,1,23,6,14,-78.1352,0.475217
48.7,8,0,23,6,14,-76.6585,-8.73022
48.7,9,0,23,9,14,-78.3336,-0.800563
48.7,10,1,23,6,14,-76.7492,-10.0092
48.7,11,2,23,6,14,-77.8447,-2.30216
48.7,12,2,23,6,14,-76.4725,-9.58779
48.7,13,1,23,6,14,-77.7074,-3.32732
48.7,14,0,23,6,14,-76.1274,-7.82179
48.8,0,0,23,6,14,-76.3604,-7.50398
48.8,1,2,23,6,14,-75.7527,-5.07398
48.8,2,1,23,6,14,-76.2153,-6.30266
48.8,3,0,23,6,14,-74.916,-2.23987
48.8,4,2,23,6,14,-76.3443,-7.44467
48.8,5,2,23,6,14,-78.4783,1.20696
48.8,6,1,23,6,14,-75.6207,-7.60516
48.8,7,1,23,6,14,-78.1553,0.0808303
48.8,8,0,23,6,14,-76.7217,-9.21588
48.8,9,0,23,9,14,-78.3242,-1.15014
48.8,10,1,23,6,14,-76.8612,-10.5191
48.8,11,2,23,6,14,-77.8186,-2.63973
48.8,12,2,23,6,14,-76.5513,-10.1087
48.8,13,1,23,6,14,-77.6639,-3.63341
48.8,14,0,23,6,14,-76.1913,-8.4602
48.9,0,0,23,6,14,-76.4471,-7.99895
48.9,1,2,23,6,14,-75.8326,-5.57364
48.9,2,1,23,6,14,-76.3041,-6.86784
48.9,3,0,23,6,14,-74.9774,-2.69383
48.9,4,2,23,6,14,-76.4216,-7.89831
48.9,5,2,23,6,14,-78.4913,0.803319
48.9,6,1,23,6,14,-75.7183,-8.09798
48.9,7,1,23,6,14,-78.1742,-0.314748
48.9,8,0,23,6,14,-76.7824,-9.70934
48.9,9,0,23,9,14,-78.3128,-1.50085
48.9,10,1,23,6,14,-76.9833,-11.0464
48.9,11,2,23,6,14,-77.7909,-2.97293
48.9,12,2,23,6,14,-76.6288,-10.627
48.9,13,1,23,6,14,-77.6181,-3.9404
48.9,14,0,23,6,14,-76.265,-9.09611
49,0,0,23,6,14,-76.5336,-8.5083
49,1,2,23,6,14,-75.9122,-6.08838
49,2,1,23,6,14,-76.3949,-7.44881
49,3,0,23,6,14,-75.0404,-3.17322
49,4,2,23,6,14,-76.4997,-8.37098
49,5,2,23,6,14,-78.5033,0.396808
49,6,1,23,6,14,-75.8264,-8.6141
49,7,1,23,6,14,-78.1916,-0.707621
49,8,0,23,6,14,-76.841,-10.2107
49,9,0,23,9,14,-78.2991,-1.84986
49,10,1,23,6,14,-77.1134,-11.5868
49,11,2,23,6,14,-77.761,-3.29948
49,12,2,23,6,14,-76.7048,-11.145
49,13,1,23,6,14,-77.5698,-4.24587
49,14,0,23,6,14,-76.3466,-9.72822
49.1,0,0,23,6,14,-76.62,-9.03133
49.1,1,2,23,6,14,-75.9914,-6.61698
49.1,2,1,23,6,14,-76.487,-8.04271
49.1,3,0,23,6,14,-75.1051,-3.6765
49.1,4,0,23,6,14,-76.5784,-8.86161
49.1,5,2,23,6,14,-78.5146,-0.0299638
49.1,6,2,23,6,14,-75.9428,-9.15094
49.1,7,1,23,6,14,-78.2071,-1.09457
49.1,8,1,23,6,14,-76.8982,-10.7194
49.1,9,0,23,6,14,-78.2828,-2.20857
49.1,10,1,23,6,14,-77.2488,-12.1357
49.1,11,2,23,6,14,-77.729,-3.62778
49.1,12,2,23,6,14,-76.7807,-11.6654
49.1,13,1,23,6,14,-77.5184,-4.57582
49.1,14,0,23,6,14,-76.4356,-10.3567
49.2,0,0,23,6,14,-76.7059,-9.56662
49.2,1,2,23,6,14,-76.0701,-7.15826
49.2,2,1,23,6,14,-76.5803,-8.64819
49.2,3,0,23,6,14,-75.1713,-4.20131
49.2,4,0,23,6,14,-76.6577,-9.36815
49.2,5,2,23,6,14,-78.525,-0.45038
49.2,6,2,23,6,14,-76.0665,-9.70556
49.2,7,1,23,6,14,-78.2207,-1.51066
49.2,8,1,23,6,14,-76.9543,-11.2345
49.2,9,0,23,6,14,-78.2636,-2.58565
49.2,10,1,23,6,14,-77.3864,-12.6888
49.2,11,2,23,6,14,-77.6944,-3.97452
49.2,12,2,23,6,14,-76.8574,-12.1897
49.2,13,1,23,6,14,-77.4635,-4.91105
49.2,14,0,23,6,14,-76.5304,-10.9809
49.3,0,0,23,6,14,-76.7916,-10.1142
49.3,1,2,23,6,14,-76.1485,-7.71213
49.3,2,1,23,6,14,-76.6743,-9.26381
49.3,3,0,23,6,14,-75.2388,-4.74694
49.3,4,0,23,6,14,-76.7373,-9.89017
49.3,5,2,23,6,14,-78.5368,-0.853116
49.3,6,2,23,6,14,-76.1962,-10.2767
49.3,7,1,23,6,14,-78.2322,-1.92488
49.3,8,1,23,6,14,-77.0101,-11.7568
49.3,9,0,23,6,14,-78.2415,-2.95891
49.3,10,1,23,6,14,-77.5239,-13.2442
49.3,11,2,23,6,14,-77.6571,-4.31456
49.3,12,2,23,6,14,-76.9357,-12.72
49.3,13,1,23,6,14,-74.0402,-13.6216
49.3,14,0,23,6,14,-76.6299,-11.6018
49.4,0,0,23,6,14,-76.8553,-10.6716
49.4,1,2,23,6,14,-76.2264,-8.27702
49.4,2,1,23,6,14,-76.7687,-9.88736
49.4,3,0,23,6,14,-75.3076,-5.31104
49.4,4,0,23,6,14,-76.8174,-10.426
49.4,5,2,23,6,14,-78.5498,-1.24042
49.4,6,2,23,6,14,-76.3303,-10.8611
49.4,7,1,23,6,14,-78.2417,-2.33242
49.4,8,1,23,6,14,-77.0664,-12.2856
49.4,9,0,23,6,14,-78.2159,-3.32806
49.4,10,1,23,6,14,-77.6595,-13.7997
49.4,11,2,23,6,14,-77.6168,-4.6474
49.4,12,2,23,6,14,-77.0171,-13.2568
49.4,13,1,23,6,14,-74.0768,-13.943
49.4,14,0,23,6,14,-76.7328,-12.2191
49.5,0,0,23,6,14,-76.9392,-11.2385
49.5,1,2,23,6,14,-76.3041,-8.85132
49.5,2,1,23,6,14,-76.863,-10.5168
49.5,3,0,23,6,14,-75.3777,-5.89069
49.5,4,0,23,6,14,-76.8977,-10.9737
49.5,5,2,23,6,14,-78.5641,-1.61321
49.5,6,2,23,6,14,-76.4674,-11.4563
49.5,7,1,23,6,14,-78.2493,-2.73151
49.5,8,1,23,6,14,-77.1234,-12.8129
49.5,9,0,23,6,14,-78.187,-3.69225
49.5,10,1,23,6,14,-76.9736,-35.8456
49.5,11,2,23,6,14,-77.5729,-4.97347
49.5,12,2,23,6,14,-77.102,-13.7997
49.5,13,1,23,6,14,-73.742,-40.5023
49.5,14,0,23,6,14,-76.839,-12.8335
49.6,0,0,23,6,14,-77.0223,-11.8139
49.6,1,2,23,6,14,-76.3814,-9.43516
49.6,2,1,23,6,14,-76.9574,-11.1525
49.6,3,0,23,6,14,-75.4492,-6.48634
49.6,4,0,23,6,14,-76.9784,-11.5331
49.6,5,2,23,6,14,-78.58,-1.97228
49.6,6,2,23,6,14,-76.6066,-12.0616
49.6,7,1,23,6,14,-78.2555,-3.11981
49.6,8,1,23,6,14,-77.1815,-13.3415
49.6,9,0,23,6,14,-78.1543,-4.05024
49.6,10,1,23,6,14,-77.1457,-35.7601
49.6,11,2,23,6,14,-77.5257,-5.29224
49.6,12,2,23,6,14,-76.4449,-35.1886
49.6,13,1,23,6,14,-73.4444,-40.4208
49.6,14,0,23,6,14,-76.9472,-13.4459
49.7,0,0,23,6,14,-77.1046,-12.3953
49.7,1,2,23,6,14,-76.4586,-10.0255
49.7,2,1,23,6,14,-77.0511,-11.7903
49.7,3,0,23,6,14,-75.5218,-7.0932
49.7,4,0,23,6,14,-77.0592,-12.1012
49.7,5,2,23,6,14,-78.5971,-2.31745
49.7,6,2,23,6,14,-76.7436,-12.666
49.7,7,1,23,6,14,-78.2605,-3.49535
49.7,8,1,23,6,14,-77.2406,-13.8693
49.7,9,0,23,6,14,-78.1178,-4.40076
49.7,10,1,23,6,14,-76.5494,-36.5174
49.7,11,2,23,6,14,-76.6876,-38.3415
49.7,12,2,23,6,14,-76.5842,-35.0531
49.7,13,1,23,6,14,-73.5243,-39.8095
49.7,14,0,23,6,14,-77.0571,-14.0559
49.8,0,0,23,6,14,-77.1859,-12.9808
49.8,1,2,23,6,14,-76.5356,-10.6209
49.8,2,1,23,6,14,-77.1443,-12.4289
49.8,3,0,23,6,14,-75.5958,-7.70916
49.8,4,0,23,6,14,-77.1403,-12.6764
49.8,5,2,23,6,14,-78.616,-2.64891
49.8,6,2,23,6,14,-76.878,-13.2689
49.8,7,1,23,6,14,-78.2671,-3.84614
49.8,8,1,23,6,14,-77.3009,-14.397
49.8,9,0,23,6,14,-78.0774,-4.74282
49.8,10,1,23,6,14,-76.7369,-36.3202
49.8,11,2,23,6,14,-76.0068,-38.2685
49.8,12,2,23,6,14,-76.0299,-35.7951
49.8,13,1,23,6,14,-73.2521,-40.3339
49.8,14,0,23,6,14,-76.4211,-33.9666
49.9,0,0,23,6,14,-77.2663,-13.5672
49.9,1,2,23,6,14,-76.6124,-11.2171
49.9,2,1,23,6,14,-77.2364,-13.0643
49.9,3,0,23,6,14,-75.6712,-8.32995
49.9,4,0,23,6,14,-77.2214,-13.2545
49.9,5,2,23,6,14,-78.6365,-2.96518
49.9,6,2,23,6,14,-77.0094,-13.8679
49.9,7,1,23,6,14,-78.2757,-4.17232
49.9,8,1,23,6,14,-76.5962,-33.3681
49.9,9,0,23,6,14,-78.0337,-5.07411
49.9,10,1,23,6,14,-76.9137,-36.0837
49.9,11,2,23,6,14,-73.3754,-37.6178
49.9,12,2,23,6,14,-76.21,-35.5919
49.9,13,1,23,6,14,-73.0224,-40.1776
49.9,14,0,23,6,14,-76.5819,-33.7998
50,0,0,23,6,14,-77.3456,-14.1508
50,1,2,23,6,14,-76.6892,-11.8109
50,2,1,23,6,14,-77.3276,-13.6937
50,3,0,23,6,14,-75.7479,-8.94973
50,4,0,23,6,14,-77.3025,-13.8323
50,5,2,23,6,14,-78.6589,-3.26566
50,6,2,23,6,14,-77.1377,-14.4604
50,7,1,23,6,14,-78.2867,-4.47505
50,8,1,23,6,14,-76.7019,-33.0899
50,9,0,23,6,14,-77.0915,-35.3721
50,10,1,23,6,14,-76.3393,-36.366
50,11,2,23,6,14,-73.1114,-38.7111
50,12,2,23,6,14,-76.3914,-35.3696
50,13,1,23,6,14,-73.1197,-39.9034
50,14,0,23,6,14,-76.0299,-34.6404
50.1,0,0,23,6,14,-77.4237,-14.7249
50.1,1,1,23,6,14,-76.7663,-12.396
50.1,2,2,23,6,14,-77.3934,-14.3099
50.1,3,0,23,6,14,-75.826,-9.56088
50.1,4,0,23,6,14,-77.384,-14.4037
50.1,5,2,23,6,14,-78.6829,-3.54962
50.1,6,1,23,6,14,-76.4716,-31.6789
50.1,7,1,23,6,14,-78.3003,-4.75443
50.1,8,2,23,6,14,-76.8051,-32.8084
50.1,9,0,23,6,14,-76.3741,-34.9942
50.1,10,1,23,6,14,-76.523,-36.2185
50.1,11,2,23,6,14,-73.2137,-38.5495
50.1,12,2,23,6,14,-75.9156,-35.8501
50.1,13,1,23,6,14,-72.8768,-39.7768
50.1,14,0,23,6,14,-76.2213,-34.4448
50.2,0,0,23,6,14,-76.6782,-30.898
50.2,1,1,23,6,14,-76.8437,-12.9684
50.2,2,2,23,6,14,-77.4809,-14.9095
50.2,3,0,23,6,14,-75.9052,-10.1589
50.2,4,0,23,6,14,-77.4653,-14.9647
50.2,5,2,23,6,14,-78.7087,-3.81634
50.2,6,1,23,6,14,-76.6352,-31.4585
50.2,7,1,23,6,14,-78.3167,-5.01171
50.2,8,2,23,6,14,-76.1881,-33.6792
50.2,9,0,23,6,14,-76.4473,-35.1763
50.2,10,1,23,6,14,-76.6943,-36.0584
50.2,11,2,23,6,14,-72.9798,-38.8625
50.2,12,2,23,6,14,-76.1318,-35.7655
50.2,13,1,23,6,14,-72.6642,-39.8136
50.2,14,0,23,6,14,-76.4074,-34.246
50.3,0,0,23,6,14,-76.801,-30.6473
50.3,1,1,23,6,14,-76.9212,-13.5256
50.3,2,2,23,6,14,-76.7358,-30.2935
50.3,3,0,23,6,14,-75.9861,-10.7414
50.3,4,0,23,6,14,-76.7233,-30.398
50.3,5,2,23,6,14,-78.7362,-4.06639
50.3,6,1,23,6,14,-76.7919,-31.2315
50.3,7,1,23,6,14,-77.3423,-32.216
50.3,8,2,23,6,14,-76.3179,-33.4079
50.3,9,0,23,6,14,-75.8317,-37.7764
50.3,10,1,23,6,14,-76.8541,-35.8829
50.3,11,2,23,6,14,-73.0823,-39.1398
50.3,12,2,23,6,14,-75.6925,-35.8114
50.3,13,1,23,6,14,-72.1988,-40.1022
50.3,14,0,23,6,14,-75.8986,-34.8666
50.4,0,0,23,6,14,-76.9177,-30.3834
50.4,1,1,23,6,14,-76.999,-14.0667
50.4,2,2,23,6,14,-76.8691,-30.0699
50.4,3,0,23,6,14,-76.0681,-11.3055
50.4,4,0,23,6,14,-76.8494,-30.1511
50.4,5,2,23,6,14,-74.7911,-7.43847
50.4,6,1,23,6,14,-76.9415,-30.9922
50.4,7,1,23,6,14,-76.6396,-35.7078
50.4,8,2,23,6,14,-76.4443,-33.1316
50.4,9,0,23,6,14,-73.2679,-38.3819
50.4,10,1,23,6,14,-76.2793,-35.8158
50.4,11,2,23,6,14,-73.1772,-39.7034
50.4,12,2,23,6,14,-75.9248,-35.6979
50.4,13,1,23,6,14,-72.3186,-40.6637
50.4,14,0,23,6,14,-76.1036,-34.7562
50.5,0,0,23,6,14,-77.0284,-30.1065
50.5,1,1,23,6,14,-77.0771,-14.5845
50.5,2,2,23,6,14,-76.9951,-29.83
50.5,3,0,23,6,14,-76.1519,-11.8461
50.5,4,0,23,6,14,-76.9713,-29.8944
50.5,5,2,23,6,14,-74.8677,-8.05808
50.5,6,1,23,6,14,-76.3308,-32.1456
50.5,7,1,23,6,14,-76.7434,-36.8579
50.5,8,2,23,6,14,-76.5676,-32.8507
50.5,9,0,23,6,14,-73.3617,-39.2263
50.5,10,1,23,6,14,-76.4264,-35.5903
50.5,11,2,23,6,14,-72.9362,-40.5448
50.5,12,2,23,6,14,-76.1522,-35.5682
50.5,13,1,23,6,14,-72.431,-41.4811
50.5,14,0,23,6,14,-76.3003,-34.6251
50.6,0,0,23,6,14,-73.8896,-29.8309
50.6,1,1,23,6,14,-77.1554,-15.0843
50.6,2,2,23,6,14,-77.1145,-29.5698
50.6,3,0,23,6,14,-76.2372,-12.3674
50.6,4,0,23,6,14,-77.0888,-29.6228
50.6,5,2,23,6,14,-74.9503,-8.6558
50.6,6,1,23,6,14,-76.4945,-31.8966
50.6,7,1,23,6,14,-76.8412,-38.075
50.6,8,2,23,6,14,-76.6881,-32.5621
50.6,9,0,23,6,14,-73.4485,-40.2114
50.6,10,1,23,6,14,-76.5629,-35.3469
50.6,11,2,23,6,14,-73.0342,-41.5133
50.6,12,2,23,6,14,-76.374,-35.4236
50.6,13,1,23,6,14,-72.5221,-42.4511
50.6,14,0,23,6,14,-76.4894,-34.4757
50.7,0,0,23,6,14,-73.629,-31.2962
50.7,1,1,23,6,14,-77.2336,-15.561
50.7,2,2,23,6,14,-77.2275,-29.2853
50.7,3,0,23,6,14,-76.3241,-12.8648
50.7,4,0,23,6,14,-77.2025,-29.3321
50.7,5,2,23,6,14,-74.5683,-27.3838
50.7,6,1,23,6,14,-76.6494,-31.6318
50.7,7,1,23,6,14,-76.2006,-39.7908
50.7,8,2,23,6,14,-76.0892,-33.2303
50.7,9,0,23,6,14,-73.178,-41.2267
50.7,10,1,23,6,14,-76.6901,-35.0881
50.7,11,2,23,6,14,-72.8002,-42.414
50.7,12,2,23,6,14,-75.9323,-35.2939
50.7,13,1,23,6,14,-72.6005,-43.3546
50.7,14,0,23,6,14,-75.9781,-34.4492
50.8,0,0,23,6,14,-73.7726,-31.0084
50.8,1,1,23,6,14,-77.2881,-16.0115
50.8,2,2,23,6,14,-76.5345,-30.7786
50.8,3,0,23,6,14,-76.412,-13.3355
50.8,4,0,23,6,14,-76.5237,-30.7171
50.8,5,2,23,6,14,-74.6837,-27.807
50.8,6,1,23,6,14,-76.7965,-31.352
50.8,7,1,23,6,14,-76.3208,-40.2505
50.8,8,2,23,6,14,-76.2187,-32.9764
50.8,9,0,23,6,14,-73.2652,-41.705
50.8,10,1,23,6,14,-76.8094,-34.8169
50.8,11,2,23,6,14,-72.3101,-42.9314
50.8,12,2,23,6,14,-76.1553,-35.1228
50.8,13,1,23,6,14,-72.6681,-43.8738
50.8,14,0,23,6,14,-76.1717,-34.2721
50.9,0,0,23,6,14,-73.5439,-30.7078
50.9,1,1,23,6,14,-75.8703,-27.1768
50.9,2,2,23,6,14,-76.6606,-30.4943
50.9,3,0,23,6,14,-75.8425,-27.4305
50.9,4,0,23,6,14,-76.6542,-30.4291
50.9,5,2,23,6,14,-74.8007,-28.407
50.9,6,1,23,6,14,-76.9358,-31.0586
50.9,7,1,23,6,14,-76.4351,-40.0271
50.9,8,2,23,6,14,-76.344,-32.7141
50.9,9,0,23,6,14,-73.3483,-41.5143
50.9,10,1,23,6,14,-76.9214,-34.5378
50.9,11,2,23,6,14,-72.4225,-42.7808
50.9,12,2,23,6,14,-74.6717,-34.9628
50.9,13,1,23,6,14,-72.4303,-43.7334
50.9,14,0,23,6,14,-76.3596,-34.0881
51,0,0,23,6,14,-73.692,-30.3943
51,1,1,23,6,14,-76.0029,-28.1218
51,2,2,23,6,14,-76.7783,-30.1973
51,3,0,23,6,14,-75.9616,-28.3607
51,4,0,23,6,14,-76.7576,-30.1316
51,5,2,23,6,14,-74.9193,-29.286
51,6,1,23,6,14,-77.0678,-30.7556
51,7,1,23,6,14,-76.5427,-38.8268
51,8,2,23,6,14,-76.4654,-32.4487
51,9,0,23,6,14,-73.4279,-40.2653
51,10,1,23,6,14,-77.0265,-34.2564
51,11,2,23,6,14,-72.5288,-41.5457
51,12,2,23,6,13,-74.9043,-34.779
51,13,1,23,6,13,-72.494,-42.4907
51,14,0,23,6,14,-76.5281,-33.8902
51.1,0,2,23,6,14,-73.8344,-30.0727
51.1,1,0,23,6,14,-73.3803,-29.3266
51.1,2,1,23,6,14,-76.888,-29.8909
51.1,3,2,23,6,14,-76.0776,-29.4938
51.1,4,2,23,6,14,-76.8751,-29.8276
51.1,5,1,23,6,14,-75.0392,-30.3695
51.1,6,0,23,6,14,-77.1929,-30.446
51.1,7,0,23,6,14,-76.646,-37.6324
51.1,8,1,23,6,14,-76.583,-32.1838
51.1,9,2,23,6,14,-73.5053,-39.0618
51.1,10,2,23,6,14,-77.1247,-33.9761
51.1,11,1,23,6,14,-72.6307,-40.3642
51.1,12,1,23,6,13,-75.1228,-34.5942
51.1,13,0,23,6,13,-72.5514,-41.2952
51.1,14,0,23,6,14,-76.6956,-33.6995
51.2,0,2,23,6,14,-73.9715,-30.8974
51.2,1,0,23,6,14,-73.5127,-30.669
51.2,2,1,23,6,14,-76.9903,-29.5976
51.2,3,2,23,6,14,-76.1907,-30.8355
51.2,4,2,23,6,14,-76.9868,-29.54
51.2,5,1,23,6,14,-74.6816,-33.4953
51.2,6,0,23,6,14,-77.3112,-30.1526
51.2,7,0,23,6,14,-76.7452,-36.7426
51.2,8,1,23,6,14,-76.697,-31.9275
51.2,9,2,23,6,14,-73.5815,-38.1526
51.2,10,2,23,6,13,-77.2162,-33.7039
51.2,11,1,23,6,14,-72.7289,-39.4704
51.2,12,1,23,6,13,-75.3276,-34.415
51.2,13,0,23,6,12,-72.6046,-40.3977
51.2,14,0,23,6,14,-76.1712,-33.5601
51.3,0,2,23,6,14,-74.1033,-32.4627
51.3,1,0,23,6,14,-73.6427,-32.2239
51.3,2,1,23,6,14,-77.0855,-29.3203
51.3,3,2,23,6,14,-76.301,-32.3893
51.3,4,2,23,6,14,-77.093,-29.2706
51.3,5,1,23,6,14,-74.3663,-35.3731
51.3,6,0,23,6,14,-76.6048,-30.9291
51.3,7,0,23,6,14,-73.744,-36.5575
51.3,8,1,23,6,14,-76.8074,-31.6882
51.3,9,2,23,6,14,-73.2942,-37.9264
51.3,10,2,23,6,13,-76.5214,-33.4872
51.3,11,1,23,6,13,-72.8242,-39.2321
51.3,12,1,23,6,12,-75.5192,-32.4326
51.3,13,0,23,6,11,-72.6559,-32.4694
51.3,14,0,23,6,13,-76.3604,-33.4084
51.4,0,2,23,6,14,-73.8371,-35.4539
51.4,1,0,23,6,14,-73.3948,-35.2672
51.4,2,1,23,6,14,-73.8771,-29.102
51.4,3,2,23,6,14,-75.7689,-35.4243
51.4,4,2,23,6,14,-77.1942,-29.0285
51.4,5,1,23,6,14,-74.5042,-36.3786
51.4,6,0,23,6,14,-76.7165,-30.7127
51.4,7,0,23,6,14,-73.8299,-37.3822
51.4,8,1,23,6,14,-76.9144,-31.4673
51.4,9,2,23,6,14,-73.3744,-38.5192
51.4,10,2,23,6,13,-76.604,-33.2514
51.4,11,1,23,6,13,-72.9177,-39.7743
51.4,12,1,23,6,12,-75.6981,-32.3939
51.4,13,0,23,6,11,-72.7075,-32.4852
51.4,14,0,23,6,13,-74.7979,-33.3092
51.5,0,2,23,6,14,-73.9812,-37.2043
51.5,1,0,23,6,14,-73.5399,-37.0245
51.5,2,1,23,6,14,-74.0058,-28.8787
51.5,3,2,23,6,14,-73.2475,-37.2148
51.5,4,2,23,6,14,-77.2904,-28.8151
51.5,5,1,23,6,14,-74.6406,-38.0382
51.5,6,0,23,6,14,-76.8219,-30.5158
51.5,7,0,23,6,14,-73.9152,-39.0254
51.5,8,1,23,6,14,-77.0182,-31.2675
51.5,9,2,23,6,14,-73.4535,-40.1465
51.5,10,2,23,6,13,-76.6813,-33.0359
51.5,11,1,23,6,13,-73.0096,-40.9616
51.5,12,1,23,6,12,-75.8652,-32.3645
51.5,13,0,23,6,11,-72.7616,-32.4972
51.5,14,0,23,6,13,-75.046,-33.2096
51.6,0,0,23,6,14,-74.1189,-38.9863
51.6,1,2,23,6,14,-73.6812,-38.8146
51.6,2,1,23,6,14,-74.1321,-28.6803
51.6,3,0,23,6,14,-73.3881,-39.0197
51.6,4,2,23,6,14,-77.382,-28.6282
51.6,5,1,23,6,14,-74.7755,-39.7725
51.6,6,0,23,6,14,-76.9213,-30.3386
51.6,7,2,23,6,14,-74,-40.7464
51.6,8,1,23,6,14,-77.1188,-31.0885
51.6,9,0,23,6,14,-73.532,-41.8563
51.6,10,0,23,6,13,-76.7539,-32.841
51.6,11,1,23,6,13,-73.1004,-42.5009
51.6,12,1,23,6,12,-76.0214,-32.3448
51.6,13,2,23,6,11,-72.8202,-32.5053
51.6,14,2,23,6,13,-75.2895,-33.1356
51.7,0,0,23,6,14,-74.2506,-40.5668
51.7,1,2,23,6,14,-73.819,-40.404
51.7,2,1,23,6,14,-74.2561,-28.5038
51.7,3,0,23,6,14,-73.5267,-40.6242
51.7,4,2,23,6,14,-77.4692,-28.4653
51.7,5,1,23,6,14,-72.6676,-41.3423
51.7,6,0,23,6,14,-77.0154,-30.1796
51.7,7,2,23,6,14,-74.0842,-42.2997
51.7,8,1,23,6,14,-77.216,-30.9281
51.7,9,0,23,6,14,-73.6097,-43.4022
51.7,10,0,23,6,13,-76.8219,-32.6643
51.7,11,1,23,6,12,-73.1899,-32.4771
51.7,12,1,23,6,12,-76.1668,-32.3319
51.7,13,2,23,6,11,-72.8848,-32.5108
51.7,14,2,23,6,12,-75.5279,-31.6075
51.8,0,0,23,6,14,-74.3764,-41.557
51.8,1,2,23,6,14,-73.953,-41.4043
51.8,2,1,23,6,14,-74.3774,-28.3517
51.8,3,0,23,6,14,-73.6636,-41.6394
51.8,4,2,23,6,14,-77.552,-28.3282
51.8,5,1,23,6,14,-72.7971,-42.3376
51.8,6,0,23,6,14,-77.1046,-30.0419
51.8,7,2,23,6,14,-74.1681,-43.2879
51.8,8,1,23,6,14,-77.3098,-30.7889
51.8,9,0,23,6,14,-73.6766,-44.3864
51.8,10,0,23,6,13,-76.886,-32.5088
51.8,11,1,23,6,12,-73.2779,-31.9831
51.8,12,1,23,6,12,-76.302,-32.3261
51.8,13,2,23,6,11,-72.9567,-32.513
51.8,14,2,23,6,12,-75.7609,-31.6815
51.9,0,0,23,6,14,-74.4964,-41.5797
51.9,1,2,23,6,14,-74.0834,-41.4374
51.9,2,1,23,6,14,-74.4961,-28.219
51.9,3,0,23,6,14,-73.7986,-41.6875
51.9,4,2,23,6,14,-77.6306,-28.2122
51.9,5,1,23,6,14,-72.9264,-42.3838
51.9,6,0,23,6,14,-77.1889,-29.922
51.9,7,2,23,6,14,-72.4537,-43.3279
51.9,8,1,23,6,13,-77.4003,-30.6678
51.9,9,0,23,6,14,-73.7531,-44.4249
51.9,10,0,23,6,13,-76.9467,-32.371
51.9,11,1,23,6,12,-73.3644,-31.6183
51.9,12,1,23,6,12,-76.4273,-32.3259
51.9,13,2,23,6,10,-73.0366,-32.5121
51.9,14,2,23,6,12,-75.9882,-31.7691
52,0,0,23,6,14,-74.6108,-40.6058
52,1,2,23,6,14,-74.2102,-40.4606
52,2,1,23,6,14,-73.7573,-38.2799
52,3,0,23,6,14,-73.9315,-40.7256
52,4,2,23,6,14,-77.7053,-28.1173
52,5,1,23,6,14,-73.0551,-41.4355
52,6,0,23,6,14,-77.2458,-29.8205
52,7,2,23,6,14,-72.5849,-42.3746
52,8,1,23,6,13,-77.4878,-30.5648
52,9,0,23,6,13,-73.8289,-42.9982
52,10,0,23,6,12,-77.0043,-30.6933
52,11,1,23,6,11,-73.4491,-30.9954
52,12,1,23,6,11,-75.8597,-30.9019
52,13,2,23,6,10,-73.1247,-32.5069
52,14,2,23,6,12,-75.5782,-31.878
52.1,0,1,23,6,14,-74.7196,-39.16
52.1,1,0,23,6,14,-74.3333,-38.9007
52.1,2,2,23,6,14,-73.8882,-36.8602
52.1,3,1,23,6,14,-74.0623,-39.0885
52.1,4,0,23,6,14,-77.7757,-28.0421
52.1,5,2,23,6,14,-73.1832,-39.8308
52.1,6,1,23,6,14,-77.3212,-29.7378
52.1,7,0,23,6,14,-72.7162,-40.7657
52.1,8,2,23,6,13,-77.5721,-30.4807
52.1,9,1,23,6,13,-73.9044,-41.4759
52.1,10,1,23,6,12,-77.0595,-30.6368
52.1,11,2,23,6,11,-73.5317,-31.0573
52.1,12,2,23,6,11,-75.9624,-30.9827
52.1,13,0,23,6,10,-73.2207,-32.5264
52.1,14,0,23,6,12,-75.8114,-31.9887
52.2,0,1,23,6,14,-74.8233,-37.4327
52.2,1,0,23,6,14,-74.4525,-37.1778
52.2,2,2,23,6,14,-74.0135,-35.1574
52.2,3,1,23,6,14,-74.1908,-37.3122
52.2,4,0,23,6,14,-77.8424,-27.9864
52.2,5,2,23,6,14,-73.3103,-37.9664
52.2,6,1,23,6,14,-77.3931,-29.6736
52.2,7,0,23,6,14,-72.5446,-38.9189
52.2,8,2,23,6,13,-76.797,-30.6202
52.2,9,1,23,6,12,-73.9795,-29.3399
52.2,10,1,23,6,12,-77.1125,-30.5897
52.2,11,2,23,6,11,-73.6121,-31.1174
52.2,12,2,23,6,11,-76.0544,-31.059
52.2,13,0,23,6,10,-73.3237,-32.6278
52.2,14,0,23,6,11,-76.0378,-30.9206
52.3,0,1,23,6,14,-74.9217,-35.6955
52.3,1,0,23,6,14,-74.5681,-35.4462
52.3,2,2,23,6,14,-74.1336,-33.4438
52.3,3,1,23,6,14,-74.317,-35.5791
52.3,4,0,23,6,14,-74.2462,-27.9975
52.3,5,2,23,6,14,-73.4363,-36.1576
52.3,6,1,23,6,13,-77.4615,-29.6243
52.3,7,0,23,6,14,-72.6712,-37.0829
52.3,8,2,23,6,13,-76.8758,-30.5712
52.3,9,1,23,6,12,-74.0541,-29.2276
52.3,10,1,23,6,12,-77.1636,-30.5503
52.3,11,2,23,6,11,-73.6902,-31.1738
52.3,12,2,23,6,11,-76.137,-31.1307
52.3,13,0,23,6,9,-73.4317,-32.4719
52.3,14,0,23,6,11,-76.2574,-31.1416
52.4,0,1,23,6,14,-75.015,-34.069
52.4,1,0,23,6,14,-74.68,-33.8265
52.4,2,2,23,6,14,-74.2486,-31.8394
52.4,3,1,23,6,14,-74.4406,-33.9587
52.4,4,0,23,6,14,-73.956,-28.7976
52.4,5,2,23,6,14,-73.5607,-34.5488
52.4,6,1,23,6,13,-77.5266,-29.5846
52.4,7,0,23,6,14,-72.7967,-35.4008
52.4,8,2,23,6,13,-76.952,-30.5313
52.4,9,1,23,6,12,-73.7263,-29.2531
52.4,10,1,23,6,12,-77.213,-30.5177
52.4,11,2,23,6,11,-73.766,-31.226
52.4,12,2,23,6,11,-76.2104,-31.197
52.4,13,0,23,6,9,-73.5421,-32.4544
52.4,14,0,23,6,11,-76.4697,-31.3624
52.5,0,1,23,6,14,-75.1036,-32.5995
52.5,1,0,23,6,14,-74.7883,-32.3647
52.5,2,2,23,6,14,-74.3588,-30.391
52.5,3,1,23,6,14,-74.5493,-32.4971
52.5,4,0,23,6,14,-74.0836,-28.7709
52.5,5,2,23,6,14,-73.6835,-33.1051
52.5,6,1,23,6,13,-77.5887,-29.5533
52.5,7,0,23,6,14,-72.9208,-33.9254
52.5,8,2,23,6,13,-77.0259,-30.4993
52.5,9,1,23,6,12,-73.8005,-29.3002
52.5,10,1,23,6,12,-77.261,-30.4916
52.5,11,2,23,6,11,-73.8394,-31.2751
52.5,12,2,23,6,11,-76.2761,-31.2579
52.5,13,0,23,6,9,-73.6524,-32.435
52.5,14,0,23,6,11,-76.6746,-31.5811
52.6,0,2,23,6,14,-75.1875,-31.2917
52.6,1,1,23,6,14,-74.8928,-31.0653
52.6,2,0,23,6,14,-74.4641,-29.1024
52.6,3,2,23,6,14,-74.218,-31.3972
52.6,4,1,23,6,14,-74.2084,-28.7526
52.6,5,0,23,6,14,-73.8046,-31.8296
52.6,6,0,23,6,13,-77.6478,-29.5307
52.6,7,1,23,6,13,-73.0435,-32.6654
52.6,8,2,23,6,13,-77.0976,-30.476
52.6,9,2,23,6,12,-73.8742,-29.3448
52.6,10,1,23,6,12,-76.5155,-30.5256
52.6,11,0,23,6,11,-73.9106,-31.3201
52.6,12,0,23,6,11,-76.3347,-31.3129
52.6,13,1,23,6,9,-73.7611,-32.4134
52.6,14,2,23,6,10,-76.8716,-31.7455
52.7,0,2,23,6,14,-75.2668,-30.1432
52.7,1,1,23,6,14,-74.9938,-29.9258
52.7,2,0,23,6,14,-74.5649,-27.9717
52.7,3,2,23,6,14,-74.3278,-30.2959
52.7,4,1,23,6,14,-74.3308,-28.7414
52.7,5,0,23,6,14,-73.9236,-30.7182
52.7,6,0,23,6,13,-77.7043,-29.5152
52.7,7,1,23,6,13,-73.1643,-31.6176
52.7,8,2,23,6,13,-77.167,-30.4593
52.7,9,2,23,6,12,-73.9473,-29.385
52.7,10,1,23,6,12,-76.564,-30.5109
52.7,11,0,23,6,11,-73.9794,-31.3597
52.7,12,0,23,6,11,-76.3876,-31.363
52.7,13,1,23,6,9,-73.8667,-32.3908
52.7,14,2,23,6,10,-77.0604,-31.9578
52.8,0,2,23,6,14,-75.3417,-29.1421
52.8,1,1,23,6,14,-75.0912,-28.9344
52.8,2,0,23,6,14,-74.6613,-27.6791
52.8,3,2,23,6,14,-74.0032,-29.3455
52.8,4,1,23,6,14,-74.4506,-28.7376
52.8,5,0,23,6,14,-74.0405,-29.7578
52.8,6,0,23,6,13,-74.1713,-29.5408
52.8,7,1,23,6,13,-73.2832,-30.7639
52.8,8,2,23,6,13,-77.2115,-30.4498
52.8,9,2,23,6,12,-74.0198,-29.4238
52.8,10,1,23,6,12,-76.6114,-30.4992
52.8,11,0,23,6,11,-74.0462,-31.397
52.8,12,0,23,6,11,-76.4358,-31.4084
52.8,13,1,23,6,9,-73.5785,-32.4946
52.8,14,2,23,6,10,-77.2411,-32.157
52.9,0,2,23,6,14,-75.4126,-28.2715
52.9,1,1,23,6,14,-75.185,-28.0737
52.9,2,0,23,6,14,-74.7536,-27.6657
52.9,3,2,23,6,14,-74.1018,-28.5246
52.9,4,1,23,6,14,-74.1346,-28.742
52.9,5,0,23,6,13,-74.155,-28.9868
52.9,6,0,23,6,13,-74.2964,-29.5394
52.9,7,1,23,6,13,-73.4002,-30.08
52.9,8,2,23,6,13,-77.2767,-30.4467
52.9,9,2,23,6,12,-72.2875,-29.4647
52.9,10,1,23,6,12,-76.6582,-30.4916
52.9,11,0,23,6,11,-74.111,-31.4303
52.9,12,0,23,6,11,-76.4801,-31.4487
52.9,13,1,23,6,9,-73.6706,-32.47
52.9,14,2,23,6,9,-76.6151,-32.2059
53,0,2,23,6,14,-75.4794,-27.5837
53,1,1,23,6,14,-75.2754,-27.326
53,2,0,23,6,14,-74.8419,-27.6601
53,3,2,23,6,14,-74.1977,-27.8154
53,4,1,23,6,13,-74.2616,-28.7504
53,5,0,23,6,13,-74.2673,-28.4203
53,6,0,23,6,13,-74.4195,-29.5438
53,7,1,23,6,13,-73.5149,-29.5383
53,8,2,23,6,13,-77.34,-30.4492
53,9,2,23,6,12,-72.4286,-29.4964
53,10,1,23,6,12,-76.7044,-30.4867
53,11,0,23,6,11,-74.1742,-31.459
53,12,0,23,6,11,-76.5218,-31.4846
53,13,1,23,6,8,-73.7577,-32.4447
53,14,2,23,6,9,-76.794,-32.3522
53.1,0,2,23,6,13,-75.5423,-27.582
53.1,1,1,23,6,14,-75.3624,-26.6783
53.1,2,0,23,6,14,-74.9266,-27.665
53.1,3,2,23,6,13,-74.2913,-27.308
53.1,4,2,23,6,13,-74.384,-28.7648
53.1,5,0,23,6,13,-74.3654,-27.9801
53.1,6,1,23,6,13,-74.5402,-29.5543
53.1,7,2,23,6,13,-73.6276,-29.1203
53.1,8,2,23,6,13,-77.4017,-30.4576
53.1,9,1,23,6,12,-72.5662,-29.5213
53.1,10,0,23,6,12,-76.7531,-30.4872
53.1,11,0,23,6,11,-74.2357,-31.4803
53.1,12,1,23,6,11,-73.5787,-31.5517
53.1,13,2,23,6,8,-73.8399,-32.4198
53.1,14,2,23,6,7,-73.7421,-32.5077
53.2,0,2,23,6,13,-75.6016,-27.5893
53.2,1,1,23,6,13,-75.4461,-23.9223
53.2,2,0,23,6,14,-74.5197,-28.3623
53.2,3,2,23,6,13,-74.3829,-26.9651
53.2,4,2,23,6,13,-74.5023,-28.784
53.2,5,0,23,6,13,-74.4728,-27.639
53.2,6,1,23,6,13,-74.6585,-29.5694
53.2,7,2,23,6,13,-73.7381,-28.7983
53.2,8,2,23,6,13,-77.4619,-30.4708
53.2,9,1,23,6,12,-72.4065,-29.5964
53.2,10,0,23,6,12,-76.8034,-30.4927
53.2,11,0,23,6,11,-74.2842,-31.4951
53.2,12,1,23,6,11,-73.6564,-31.5788
53.2,13,2,23,6,8,-73.9173,-32.3947
53.2,14,2,23,6,6,-73.9286,-30.4983
53.3,0,2,23,6,13,-75.6574,-27.6053
53.3,1,1,23,6,13,-75.5266,-23.286
53.3,2,0,23,6,14,-74.5957,-28.3718
53.3,3,2,23,6,13,-74.472,-26.7058
53.3,4,2,23,6,13,-74.6163,-28.807
53.3,5,0,23,6,13,-74.5778,-27.3811
53.3,6,1,23,6,13,-74.7745,-29.5886
53.3,7,2,23,6,13,-73.8464,-28.5561
53.3,8,2,23,6,13,-74.0222,-30.5196
53.3,9,1,23,6,12,-72.5322,-29.6109
53.3,10,0,23,6,12,-76.8548,-30.5006
53.3,11,0,23,6,11,-74.343,-31.505
53.3,12,1,23,6,11,-73.7321,-31.6027
53.3,13,2,23,6,8,-73.9903,-32.3699
53.3,14,2,23,6,6,-74.1195,-30.6048
53.4,0,2,23,6,13,-75.1385,-27.6324
53.4,1,1,23,6,13,-74.5541,-26.1277
53.4,2,0,23,6,14,-74.6692,-28.3858
53.4,3,2,23,6,13,-74.5591,-26.5147
53.4,4,2,23,6,13,-74.7265,-28.8336
53.4,5,0,23,6,13,-74.6804,-27.191
53.4,6,1,23,6,13,-74.8878,-29.611
53.4,7,2,23,6,13,-73.9528,-28.3784
53.4,8,2,23,6,13,-74.1575,-30.545
53.4,9,1,23,6,12,-72.6546,-29.6181
53.4,10,0,23,6,12,-75.5374,-30.5429
53.4,11,0,23,6,11,-73.9745,-31.5269
53.4,12,1,23,6,11,-73.8066,-31.6229
53.4,13,2,23,6,8,-74.0594,-32.3457
53.4,14,2,23,6,6,-74.2926,-30.7029
53.5,0,2,23,6,13,-74.6818,-28.273
53.5,1,1,23,6,13,-74.6275,-25.9922
53.5,2,0,23,6,13,-74.7406,-28.4049
53.5,3,2,23,6,13,-74.6441,-26.3801
53.5,4,2,23,6,13,-74.8327,-28.8641
53.5,5,0,23,6,13,-74.7804,-27.0566
53.5,6,1,23,6,13,-74.9987,-29.6372
53.5,7,2,23,6,12,-74.0573,-27.2159
53.5,8,2,23,6,13,-74.2932,-30.5783
53.5,9,1,23,6,12,-72.4745,-29.6409
53.5,10,0,23,6,12,-75.5976,-30.554
53.5,11,0,23,6,11,-74.0319,-31.5221
53.5,12,1,23,6,10,-73.8798,-31.1244
53.5,13,2,23,6,7,-74.1249,-31.5321
53.5,14,2,23,6,6,-74.4586,-30.7927
53.6,0,2,23,6,13,-74.7336,-28.2945
53.6,1,1,23,6,13,-74.6993,-25.9035
53.6,2,0,23,6,13,-74.8098,-28.4277
53.6,3,0,23,6,13,-74.727,-26.2912
53.6,4,2,23,6,13,-74.9348,-28.897
53.6,5,2,23,6,13,-74.8779,-26.9675
53.6,6,1,23,6,13,-75.1069,-29.6658
53.6,7,0,23,6,12,-74.1597,-27.2306
53.6,8,0,23,6,13,-74.4284,-30.6173
53.6,9,1,23,6,12,-72.587,-29.6369
53.6,10,2,23,6,12,-75.6588,-30.5648
53.6,11,2,23,6,11,-74.0888,-31.511
53.6,12,1,23,6,10,-73.9523,-31.1047
53.6,13,0,23,6,7,-74.1758,-31.5047
53.6,14,0,23,6,6,-74.6169,-30.8752
53.7,0,2,23,6,12,-74.7835,-28.3187
53.7,1,1,23,6,13,-74.7692,-25.8526
53.7,2,0,23,6,13,-74.8768,-28.4528
53.7,3,0,23,6,13,-74.8078,-26.2391
53.7,4,2,23,6,13,-75.0334,-28.9315
53.7,5,2,23,6,13,-74.9726,-26.9142
53.7,6,1,23,6,13,-75.2126,-29.6958
53.7,7,0,23,6,12,-74.2599,-27.2442
53.7,8,0,23,6,13,-74.5629,-30.6601
53.7,9,1,23,6,12,-72.6968,-29.6268
53.7,10,2,23,6,12,-73.1531,-30.6077
53.7,11,2,23,6,11,-74.1453,-31.4937
53.7,12,1,23,6,10,-74.0241,-31.0819
53.7,13,0,23,6,6,-74.2352,-29.8185
53.7,14,0,23,6,6,-74.7677,-30.9503
53.8,0,2,23,6,12,-74.8317,-28.3469
53.8,1,1,23,6,13,-74.8374,-25.8329
53.8,2,0,23,6,13,-74.9416,-28.4816
53.8,3,0,23,6,13,-74.8866,-26.217
53.8,4,2,23,6,13,-75.1279,-28.9684
53.8,5,2,23,6,13,-75.0649,-26.8905
53.8,6,1,23,6,13,-75.3155,-29.728
53.8,7,0,23,6,12,-74.3577,-27.2538
53.8,8,0,23,6,13,-74.6957,-30.7071
53.8,9,1,23,6,12,-72.804,-29.6104
53.8,10,2,23,6,12,-73.2402,-30.6167
53.8,11,2,23,6,11,-72.3785,-31.4745
53.8,12,1,23,6,10,-74.0956,-31.0561
53.8,13,0,23,6,6,-74.2921,-29.794
53.8,14,0,23,6,6,-74.9106,-31.0164
53.9,0,2,23,6,12,-74.878,-28.3773
53.9,1,1,23,6,13,-74.9038,-25.8385
53.9,2,0,23,6,13,-75.0042,-28.5122
53.9,3,0,23,6,13,-74.9635,-26.2193
53.9,4,2,23,6,13,-75.2186,-29.0062
53.9,5,2,23,6,13,-75.1543,-26.8901
53.9,6,1,23,6,13,-75.4158,-29.7612
53.9,7,0,23,6,12,-74.4533,-27.259
53.9,8,0,23,6,12,-74.8267,-29.0135
53.9,9,1,23,6,12,-72.9086,-29.5882
53.9,10,2,23,6,12,-73.327,-30.6245
53.9,11,2,23,6,10,-72.5027,-31.4081
53.9,12,1,23,6,10,-74.1666,-31.0284
53.9,13,0,23,6,6,-74.3469,-29.7706
53.9,14,0,23,6,6,-75.0458,-31.075
54,0,2,23,6,12,-74.9224,-28.4089
54,1,1,23,6,13,-74.9684,-25.8646
54,2,0,23,6,13,-75.0646,-28.5436
54,3,0,23,6,13,-75.0383,-26.241
54,4,2,23,6,13,-75.3055,-29.0438
54,5,2,23,6,13,-75.2413,-26.9088
54,6,1,23,6,13,-74.9719,-30.0074
54,7,0,23,6,12,-74.1079,-27.5398
54,8,0,23,6,12,-74.9555,-29.0592
54,9,1,23,6,12,-73.0106,-29.5597
54,10,2,23,6,12,-73.4132,-30.6311
54,11,2,23,6,10,-72.6226,-31.3966
54,12,1,23,6,10,-74.2374,-30.9985
54,13,0,23,6,6,-74.4,-29.7486
54,14,0,23,6,6,-75.1729,-31.1256
54.1,0,0,23,6,12,-74.965,-28.4202
54.1,1,2,23,6,13,-75.0316,-25.9075
54.1,2,1,23,6,13,-75.1231,-28.5543
54.1,3,0,23,6,13,-75.1123,-26.2785
54.1,4,2,23,6,13,-75.3886,-29.0596
54.1,5,1,23,6,13,-75.3106,-26.9424
54.1,6,0,23,6,13,-75.066,-30.0186
54.1,7,0,23,6,12,-74.1985,-27.5311
54.1,8,2,23,6,12,-75.0817,-29.1036
54.1,9,2,23,6,12,-73.1104,-29.5262
54.1,10,1,23,6,12,-73.4991,-30.6354
54.1,11,1,23,6,10,-72.7384,-31.3823
54.1,12,0,23,6,10,-74.3082,-30.967
54.1,13,0,23,6,6,-74.4533,-29.7355
54.1,14,2,23,6,6,-75.2923,-31.1673
54.2,0,0,23,6,12,-75.0055,-28.4099
54.2,1,2,23,6,13,-75.0933,-25.964
54.2,2,1,23,6,13,-75.1793,-28.5433
54.2,3,0,23,6,13,-75.1853,-26.3288
54.2,4,2,23,6,13,-75.468,-29.0526
54.2,5,1,23,6,13,-75.392,-26.9882
54.2,6,0,23,6,13,-75.158,-30.008
54.2,7,0,23,6,12,-74.2869,-27.5179
54.2,8,2,23,6,12,-75.2049,-29.1453
54.2,9,2,23,6,12,-73.2077,-29.4863
54.2,10,1,23,6,12,-73.5843,-30.6364
54.2,11,1,23,6,10,-72.8503,-31.3658
54.2,12,0,23,6,10,-74.3786,-30.9337
54.2,13,0,23,6,6,-74.5068,-29.7323
54.2,14,2,23,6,6,-75.4042,-31.201
54.3,0,0,23,6,12,-75.0438,-28.3809
54.3,1,2,23,6,13,-75.1534,-26.0304
54.3,2,1,23,6,13,-75.2332,-28.5134
54.3,3,0,23,6,13,-75.2572,-26.388
54.3,4,2,23,6,13,-75.5437,-29.0258
54.3,5,1,23,6,13,-74.9385,-27.326
54.3,6,0,23,6,13,-75.2476,-29.9783
54.3,7,0,23,6,12,-74.3733,-27.5011
54.3,8,2,23,6,12,-74.8089,-29.3987
54.3,9,2,23,6,12,-73.3026,-29.4412
54.3,10,1,23,6,12,-73.6689,-30.6342
54.3,11,1,23,6,10,-72.9586,-31.3475
54.3,12,0,23,6,10,-74.4489,-30.8996
54.3,13,0,23,6,6,-74.5604,-29.737
54.3,14,2,23,6,6,-75.5088,-31.2258
54.4,0,0,23,6,12,-75.0799,-28.3366
54.4,1,2,23,6,13,-75.2117,-26.1056
54.4,2,1,23,6,13,-75.2847,-28.4677
54.4,3,0,23,6,13,-75.3278,-26.4551
54.4,4,2,23,6,13,-75.6158,-28.9824
54.4,5,1,23,6,13,-75.0185,-27.382
54.4,6,0,23,6,13,-74.8143,-29.9343
54.4,7,0,23,6,12,-74.4574,-27.4814
54.4,8,2,23,6,12,-74.9242,-29.4353
54.4,9,2,23,6,12,-73.3955,-29.3907
54.4,10,1,23,6,12,-73.7528,-30.6308
54.4,11,1,23,6,10,-73.0634,-31.3271
54.4,12,0,23,6,10,-74.5192,-30.8638
54.4,13,0,23,6,6,-74.6142,-29.7485
54.4,14,2,23,6,6,-75.0549,-31.4287
54.5,0,0,23,6,12,-75.1139,-28.286
54.5,1,2,23,6,13,-75.2692,-26.1872
54.5,2,1,23,6,13,-75.3342,-28.4159
54.5,3,0,23,6,13,-75.3971,-26.5281
54.5,4,2,23,6,13,-75.6846,-28.9318
54.5,5,1,23,6,13,-75.0956,-27.4423
54.5,6,0,23,6,13,-74.9016,-29.8807
54.5,7,0,23,6,12,-74.5392,-27.4558
54.5,8,2,23,6,12,-75.0339,-29.4449
54.5,9,2,23,6,12,-73.4858,-29.3442
54.5,10,1,23,6,12,-73.8256,-30.6058
54.5,11,1,23,6,10,-73.165,-31.3243
54.5,12,0,23,6,10,-74.5892,-30.8276
54.5,13,0,23,6,6,-74.6676,-29.7673
54.5,14,2,23,6,6,-75.1625,-31.4399
54.6,0,0,23,6,12,-75.1452,-28.2242
54.6,1,2,23,6,13,-75.3245,-26.2745
54.6,2,1,23,6,12,-75.3808,-28.3528
54.6,3,0,23,6,13,-75.4649,-26.6062
54.6,4,2,23,6,13,-75.7496,-28.8692
54.6,5,1,23,6,13,-75.1697,-27.5059
54.6,6,0,23,6,13,-74.9858,-29.8158
54.6,7,0,23,6,12,-74.6185,-27.4263
54.6,8,2,23,6,12,-75.1378,-29.4502
54.6,9,2,23,6,12,-73.5739,-29.3014
54.6,10,1,23,6,12,-73.9079,-30.5814
54.6,11,1,23,6,10,-73.2635,-31.3295
54.6,12,0,23,6,10,-74.659,-30.7905
54.6,13,0,23,6,6,-74.7206,-29.7912
54.6,14,2,23,6,5,-75.2503,-28.8862
54.7,0,0,23,6,12,-75.1735,-28.1538
54.7,1,2,23,6,13,-75.3775,-26.3654
54.7,2,1,23,6,12,-75.4246,-28.2807
54.7,3,0,23,6,13,-75.5309,-26.6869
54.7,4,2,23,6,13,-75.8109,-28.7968
54.7,5,1,23,6,13,-75.2411,-27.5713
54.7,6,0,23,6,13,-75.0669,-29.7418
54.7,7,0,23,6,12,-74.6956,-27.3951
54.7,8,2,23,6,12,-75.2365,-29.4508
54.7,9,2,23,6,11,-73.6598,-29.262
54.7,10,1,23,6,11,-73.9893,-29.5321
54.7,11,1,23,6,10,-73.359,-31.3403
54.7,12,0,23,6,10,-74.7283,-30.7534
54.7,13,0,23,6,6,-74.773,-29.8195
54.7,14,2,23,6,5,-75.3327,-28.8887
54.8,0,0,23,6,12,-75.1985,-28.097
54.8,1,2,23,6,13,-75.4278,-26.4589
54.8,2,1,23,6,12,-75.4651,-28.2224
54.8,3,0,23,6,13,-75.5943,-26.7698
54.8,4,2,23,6,13,-75.8683,-28.7374
54.8,5,1,23,6,13,-75.3098,-27.638
54.8,6,0,23,6,12,-75.1448,-28.0453
54.8,7,0,23,6,12,-74.7705,-27.3625
54.8,8,2,23,6,12,-75.3301,-29.4489
54.8,9,2,23,6,11,-73.7436,-29.2273
54.8,10,1,23,6,11,-74.0696,-29.5179
54.8,11,1,23,6,9,-73.4517,-30.3459
54.8,12,0,23,6,10,-74.7973,-30.716
54.8,13,0,23,6,6,-72.8069,-29.849
54.8,14,2,23,6,5,-75.41,-28.8842
54.9,0,0,23,6,12,-75.2201,-28.0526
54.9,1,2,23,6,13,-75.4751,-26.5547
54.9,2,1,23,6,12,-75.5023,-28.1762
54.9,3,0,23,6,13,-75.6549,-26.8546
54.9,4,2,23,6,13,-75.9218,-28.6899
54.9,5,1,23,6,13,-75.376,-27.7058
54.9,6,0,23,6,12,-75.2196,-28.0445
54.9,7,0,23,6,12,-74.8432,-27.3298
54.9,8,2,23,6,12,-75.4187,-29.4435
54.9,9,2,23,6,11,-73.8253,-29.2353
54.9,10,1,23,6,11,-74.1489,-29.5006
54.9,11,1,23,6,9,-73.5418,-30.3542
54.9,12,0,23,6,10,-74.8658,-30.6788
54.9,13,0,23,6,6,-72.9134,-29.8701
54.9,14,2,23,6,5,-75.4825,-28.873
55,0,0,23,6,12,-75.2382,-28.019
55,1,2,23,6,13,-75.5196,-26.6533
55,2,1,23,6,12,-75.536,-28.1407
55,3,0,23,6,13,-75.7129,-26.9417
55,4,2,23,6,13,-75.9715,-28.6524
55,5,1,23,6,12,-75.4397,-25.9073
55,6,0,23,6,12,-75.2913,-28.0449
55,7,0,23,6,12,-74.9138,-27.2991
55,8,2,23,6,12,-75.5028,-29.436
55,9,2,23,6,11,-73.9049,-29.2588
55,10,1,23,6,11,-74.2271,-29.4817
55,11,1,23,6,9,-73.6292,-30.3619
55,12,0,23,6,9,-74.9337,-30.014
55,13,0,23,6,6,-73.0167,-29.887
55,14,2,23,6,5,-75.5509,-28.8573
55.1,0,0,23,6,12,-75.2525,-27.9948
55.1,1,2,23,6,13,-75.5612,-26.7527
55.1,2,1,23,6,12,-75.5662,-28.1148
55.1,3,1,23,6,13,-75.7683,-27.0292
55.1,4,0,23,6,13,-76.0174,-28.6242
55.1,5,2,23,6,12,-75.501,-25.8909
55.1,6,2,23,6,12,-75.3601,-28.0459
55.1,7,0,23,6,12,-74.9824,-27.2684
55.1,8,1,23,6,12,-75.5826,-29.426
55.1,9,1,23,6,11,-73.9825,-29.2865
55.1,10,0,23,6,11,-74.304,-29.4597
55.1,11,2,23,6,9,-73.7142,-30.3693
55.1,12,2,23,6,9,-75.001,-30.0065
55.1,13,0,23,6,6,-73.1169,-29.9022
55.1,14,1,23,6,5,-75.6153,-28.8372
55.2,0,0,23,6,12,-75.2631,-27.9802
55.2,1,2,23,6,13,-75.5999,-26.8535
55.2,2,1,23,6,12,-75.5927,-28.0981
55.2,3,1,23,6,13,-75.821,-27.1176
55.2,4,0,23,6,13,-76.0595,-28.6049
55.2,5,2,23,6,12,-75.5606,-25.8788
55.2,6,2,23,6,12,-75.4259,-28.0475
55.2,7,0,23,6,12,-75.0494,-27.2418
55.2,8,1,23,6,12,-75.6603,-29.4178
55.2,9,1,23,6,11,-74.0584,-29.3033
55.2,10,0,23,6,11,-74.3798,-29.4364
55.2,11,2,23,6,9,-73.797,-30.3756
55.2,12,2,23,6,9,-75.0675,-30.0036
55.2,13,0,23,6,6,-73.2142,-29.9131
55.2,14,1,23,6,5,-75.6763,-28.8133
55.3,0,0,23,6,12,-75.2699,-27.9728
55.3,1,2,23,6,13,-75.6353,-26.9546
55.3,2,1,23,6,12,-75.6156,-28.0888
55.3,3,1,23,6,13,-75.8711,-27.2063
55.3,4,0,23,6,13,-76.098,-28.5927
55.3,5,2,23,6,12,-75.6184,-25.8686
55.3,6,2,23,6,12,-75.4888,-28.0507
55.3,7,0,23,6,12,-75.1147,-27.2168
55.3,8,1,23,6,12,-75.7358,-29.412
55.3,9,1,23,6,11,-74.1324,-29.3125
55.3,10,0,23,6,11,-74.4542,-29.4104
55.3,11,2,23,6,9,-73.8776,-30.3807
55.3,12,2,23,6,9,-75.1334,-30.0019
55.3,13,0,23,6,6,-73.3087,-29.9222
55.3,14,1,23,6,5,-75.734,-28.7865
55.4,0,0,23,6,12,-75.2726,-27.9726
55.4,1,2,23,6,13,-75.6679,-27.0569
55.4,2,1,23,6,12,-75.6346,-28.0868
55.4,3,1,23,6,13,-75.9187,-27.2959
55.4,4,0,23,6,13,-76.1326,-28.5875
55.4,5,2,23,6,12,-75.6743,-25.86
55.4,6,2,23,6,12,-75.5488,-28.0537
55.4,7,0,23,6,12,-75.1784,-27.1935
55.4,8,1,23,6,12,-75.809,-29.4066
55.4,9,1,23,6,11,-74.2047,-29.3162
55.4,10,0,23,6,11,-74.5273,-29.3832
55.4,11,2,23,6,9,-73.9561,-30.3853
55.4,12,2,23,6,9,-75.1983,-30.002
55.4,13,0,23,6,6,-73.4006,-29.9294
55.4,14,1,23,6,5,-75.7888,-28.7572
55.5,0,0,23,6,12,-75.2713,-27.9795
55.5,1,2,23,6,13,-75.6973,-27.1593
55.5,2,1,23,6,12,-75.6497,-28.0918
55.5,3,1,23,6,13,-75.9636,-27.3854
55.5,4,0,23,6,13,-76.1637,-28.5893
55.5,5,2,23,6,12,-75.7278,-25.8492
55.5,6,2,23,6,12,-75.606,-28.0584
55.5,7,0,23,6,12,-75.24,-27.1679
55.5,8,1,23,6,12,-75.8781,-29.3994
55.5,9,1,23,6,11,-74.2752,-29.327
55.5,10,0,23,6,11,-74.5989,-29.3541
55.5,11,2,23,6,9,-74.0326,-30.3898
55.5,12,2,23,6,9,-75.2624,-30.0021
55.5,13,0,23,6,6,-73.4998,-29.9332
55.5,14,1,23,6,5,-75.8409,-28.7262
55.6,0,0,23,6,12,-75.266,-27.9914
55.6,1,1,23,6,13,-75.7236,-27.2622
55.6,2,2,23,6,12,-75.6609,-28.1021
55.6,3,0,23,6,13,-76.006,-27.4753
55.6,4,1,23,6,12,-75.5654,-27.1004
55.6,5,1,23,6,12,-75.779,-25.8374
55.6,6,0,23,6,12,-75.6603,-28.0632
55.6,7,2,23,6,12,-74.7837,-27.2029
55.6,8,2,23,6,12,-75.9435,-29.3898
55.6,9,0,23,6,11,-74.3438,-29.3424
55.6,10,1,23,6,11,-74.6693,-29.3242
55.6,11,1,23,6,8,-74.107,-29.9249
55.6,12,0,23,6,9,-75.3258,-30.0035
55.6,13,2,23,6,6,-73.5872,-29.9353
55.6,14,2,23,6,5,-75.8737,-28.6945
55.7,0,0,23,6,12,-75.2565,-28.0086
55.7,1,1,23,6,13,-75.7468,-27.3652
55.7,2,2,23,6,12,-75.6681,-28.1177
55.7,3,0,23,6,13,-76.0458,-27.5653
55.7,4,1,23,6,12,-75.5977,-27.1102
55.7,5,1,23,6,12,-75.8279,-25.8231
55.7,6,0,23,6,12,-75.7118,-28.069
55.7,7,2,23,6,12,-74.845,-27.1732
55.7,8,2,23,6,12,-76.0053,-29.3786
55.7,9,0,23,6,11,-74.4107,-29.3639
55.7,10,1,23,6,11,-74.7381,-29.2927
55.7,11,1,23,6,8,-74.1795,-29.9329
55.7,12,0,23,6,9,-75.3882,-30.0062
55.7,13,2,23,6,6,-73.6722,-29.9357
55.7,14,2,23,6,5,-75.9211,-28.6609
55.8,0,0,23,6,11,-75.2427,-28.0304
55.8,1,1,23,6,13,-75.7667,-27.4679
55.8,2,2,23,6,12,-75.6712,-28.1378
55.8,3,0,23,6,12,-76.083,-24.1605
55.8,4,1,23,6,12,-75.6265,-27.1205
55.8,5,1,23,6,12,-75.8745,-25.8074
55.8,6,0,23,6,12,-75.7606,-28.0759
55.8,7,2,23,6,12,-74.9043,-27.1423
55.8,8,2,23,6,12,-76.0638,-29.3668
55.8,9,0,23,6,11,-74.4759,-29.3883
55.8,10,1,23,6,11,-74.8054,-29.2608
55.8,11,1,23,6,8,-74.2501,-29.9411
55.8,12,0,23,6,7,-75.4495,-30.0086
55.8,13,2,23,6,6,-73.7448,-29.9333
55.8,14,2,23,6,5,-75.9666,-28.6285
55.9,0,0,23,6,11,-75.2247,-28.0559
55.9,1,1,23,6,13,-75.7836,-27.5707
55.9,2,2,23,6,12,-75.6703,-28.1619
55.9,3,0,23,6,12,-76.1178,-24.2043
55.9,4,1,23,6,12,-75.6518,-27.1311
55.9,5,1,23,6,12,-75.9191,-25.7889
55.9,6,0,23,6,12,-75.8065,-28.0833
55.9,7,2,23,6,12,-74.9619,-27.1087
55.9,8,2,23,6,12,-76.1193,-29.354
55.9,9,0,23,6,11,-74.5394,-29.4171
55.9,10,1,23,6,11,-74.8713,-29.2281
55.9,11,1,23,6,8,-74.319,-29.95
55.9,12,0,23,6,7,-75.5101,-30.013
55.9,13,2,23,6,6,-73.8254,-29.9302
55.9,14,2,23,6,5,-76.0103,-28.5955
56,0,0,23,6,11,-75.2025,-28.0848
56,1,1,23,6,11,-75.7972,-24.0201
56,2,2,23,6,12,-75.6652,-28.1893
56,3,0,23,6,12,-76.15,-24.2418
56,4,1,23,6,12,-75.6737,-27.1426
56,5,1,23,6,12,-75.9616,-25.7676
56,6,0,23,6,12,-75.8497,-28.0921
56,7,2,23,6,12,-75.0177,-27.0726
56,8,2,23,6,12,-76.172,-29.3417
56,9,0,23,6,11,-74.6013,-29.4477
56,10,1,23,6,11,-74.9354,-29.1947
56,11,1,23,6,8,-74.3862,-29.9597
56,12,0,23,6,6,-75.5696,-25.4297
56,13,2,23,6,5,-73.9039,-24.4386
56,14,2,23,6,5,-76.0525,-28.563
56.1,0,1,23,6,11,-75.176,-28.1167
56.1,1,0,23,6,11,-75.8077,-24.0688
56.1,2,2,23,6,12,-75.0978,-28.2237
56.1,3,1,23,6,12,-76.1797,-24.2726
56.1,4,0,23,6,12,-75.129,-27.1569
56.1,5,2,23,6,12,-76.002,-25.7432
56.1,6,1,23,6,12,-75.8902,-28.1014
56.1,7,0,23,6,12,-75.0718,-27.0337
56.1,8,0,23,6,11,-76.222,-27.5029
56.1,9,1,23,6,10,-74.6615,-29.4816
56.1,10,2,23,6,11,-74.5143,-29.1784
56.1,11,2,23,6,8,-74.4516,-29.9698
56.1,12,1,23,6,6,-75.0727,-27.8068
56.1,13,0,23,6,5,-73.9804,-24.4307
56.1,14,0,23,6,5,-76.0932,-28.531
56.2,0,1,23,6,11,-75.1451,-28.1519
56.2,1,0,23,6,11,-75.815,-24.112
56.2,2,2,23,6,11,-75.1016,-25.6444
56.2,3,1,23,6,12,-76.207,-24.298
56.2,4,0,23,6,12,-75.1566,-27.1693
56.2,5,2,23,6,12,-76.0404,-25.716
56.2,6,1,23,6,12,-75.928,-28.1125
56.2,7,0,23,6,12,-75.124,-27.0443
56.2,8,0,23,6,11,-76.2695,-27.4671
56.2,9,1,23,6,10,-74.7201,-29.5177
56.2,10,2,23,6,11,-74.5828,-29.144
56.2,11,2,23,6,7,-74.5152,-29.1716
56.2,12,1,23,6,6,-75.1377,-27.8498
56.2,13,0,23,6,5,-74.0549,-24.4208
56.2,14,0,23,6,5,-76.1326,-28.5004
56.3,0,1,23,6,10,-75.11,-24.5074
56.3,1,0,23,6,11,-75.8191,-24.1488
56.3,2,2,23,6,11,-75.1009,-25.7725
56.3,3,1,23,6,12,-76.2318,-24.3178
56.3,4,0,23,6,12,-75.1809,-27.1816
56.3,5,2,23,6,12,-76.0773,-25.6867
56.3,6,1,23,6,12,-75.9629,-28.1236
56.3,7,0,23,6,12,-75.1747,-27.0679
56.3,8,0,23,6,11,-76.3167,-27.4358
56.3,9,1,23,6,10,-74.7773,-29.5447
56.3,10,2,23,6,11,-74.6498,-29.1094
56.3,11,2,23,6,6,-74.5773,-24.9106
56.3,12,1,23,6,6,-75.2016,-27.8953
56.3,13,0,23,6,5,-74.1274,-24.4091
56.3,14,0,23,6,5,-76.1711,-28.471
56.4,0,1,23,6,10,-75.0705,-24.5555
56.4,1,0,23,6,11,-75.8201,-24.1778
56.4,2,2,23,6,11,-75.0957,-25.9002
56.4,3,1,23,6,12,-76.2541,-24.3297
56.4,4,0,23,6,12,-75.2017,-27.1943
56.4,5,2,23,6,12,-76.1123,-25.6523
56.4,6,1,23,6,12,-75.9951,-28.1358
56.4,7,0,23,6,12,-75.2234,-27.0935
56.4,8,0,23,6,11,-76.3613,-27.4041
56.4,9,1,23,6,10,-74.8326,-29.5744
56.4,10,2,23,6,11,-74.7148,-29.0741
56.4,11,2,23,6,6,-74.6376,-24.9103
56.4,12,1,23,6,6,-75.2644,-27.9435
56.4,13,0,23,6,5,-74.1979,-24.3982
56.4,14,0,23,6,5,-76.2085,-28.4433
56.5,0,1,23,6,10,-75.0263,-24.597
56.5,1,0,23,6,11,-75.8174,-24.1995
56.5,2,2,23,6,11,-75.0856,-26.028
56.5,3,1,23,6,12,-75.626,-24.983
56.5,4,0,23,6,12,-75.2183,-27.2081
56.5,5,2,23,6,12,-76.1449,-25.6125
56.5,6,1,23,6,12,-76.0241,-28.1497
56.5,7,0,23,6,12,-75.2697,-27.1187
56.5,8,0,23,6,11,-75.7373,-27.5642
56.5,9,1,23,6,10,-74.886,-29.6045
56.5,10,2,23,6,11,-74.7777,-29.0383
56.5,11,2,23,6,6,-74.6962,-24.9103
56.5,12,1,23,6,6,-75.3255,-27.9948
56.5,13,0,23,6,5,-74.2666,-24.385
56.5,14,0,23,6,5,-76.2445,-28.4197
56.6,0,1,23,6,10,-74.977,-24.6274
56.6,1,0,23,6,11,-75.8104,-24.2091
56.6,2,2,23,6,11,-75.0699,-26.153
56.6,3,1,23,6,12,-75.6442,-24.9476
56.6,4,0,23,6,12,-75.2302,-27.2231
56.6,5,2,23,6,12,-76.1748,-25.5625
56.6,6,1,23,6,12,-76.049,-28.1647
56.6,7,0,23,6,12,-75.2983,-27.1419
56.6,8,0,23,6,11,-75.7747,-27.5332
56.6,9,1,23,6,10,-74.9369,-29.6338
56.6,10,2,23,6,11,-74.8373,-29.0029
56.6,11,2,23,6,6,-74.7528,-24.9081
56.6,12,1,23,6,6,-75.3845,-28.0504
56.6,13,0,23,6,5,-74.3342,-24.3693
56.6,14,0,23,6,5,-76.2788,-28.4025
56.7,0,1,23,6,10,-74.9223,-24.6485
56.7,1,0,23,6,11,-75.7986,-24.2086
56.7,2,2,23,6,11,-75.0481,-26.2759
56.7,3,1,23,6,12,-75.6582,-24.9039
56.7,4,0,23,6,12,-75.2365,-27.2475
56.7,5,2,23,6,12,-76.2019,-25.5039
56.7,6,1,23,6,12,-76.0697,-28.19
56.7,7,0,23,6,12,-75.3382,-27.1622
56.7,8,0,23,6,11,-75.8075,-27.5016
56.7,9,1,23,6,10,-74.985,-29.6611
56.7,10,2,23,6,11,-74.8937,-28.9667
56.7,11,2,23,6,6,-74.8078,-24.9025
56.7,12,1,23,6,6,-75.4406,-28.1133
56.7,13,0,23,6,5,-74.4007,-24.3499
56.7,14,0,23,6,5,-76.3111,-28.3922
56.8,0,1,23,6,10,-74.862,-24.666
56.8,1,0,23,6,11,-75.7819,-24.2037
56.8,2,2,23,6,11,-75.0201,-26.3979
56.8,3,1,23,6,12,-75.6678,-24.8565
56.8,4,0,23,6,12,-75.2367,-27.268
56.8,5,2,23,6,12,-76.2261,-25.4412
56.8,6,1,23,6,12,-76.0852,-28.2118
56.8,7,0,23,6,12,-75.3747,-27.1762
56.8,8,0,23,6,11,-75.8352,-27.4761
56.8,9,1,23,6,10,-75.03,-29.6835
56.8,10,2,23,6,11,-74.947,-28.9382
56.8,11,2,23,6,6,-74.8607,-24.8921
56.8,12,1,23,6,6,-75.4935,-28.1819
56.8,13,0,23,6,5,-74.4655,-24.3299
56.8,14,0,23,6,5,-76.3415,-28.392
56.9,0,1,23,6,10,-74.7963,-24.6796
56.9,1,0,23,6,11,-75.7602,-24.1941
56.9,2,2,23,6,11,-74.9859,-26.5203
56.9,3,1,23,6,12,-75.6727,-24.8051
56.9,4,0,23,6,12,-75.2305,-27.2839
56.9,5,2,23,6,12,-76.247,-25.3738
56.9,6,1,23,6,12,-76.0955,-28.2295
56.9,7,0,23,6,12,-75.4073,-27.184
56.9,8,0,23,6,11,-75.8573,-27.4518
56.9,9,1,23,6,10,-75.0714,-29.7016
56.9,10,2,23,6,11,-74.9969,-28.9133
56.9,11,2,23,6,6,-74.9112,-24.8811
56.9,12,1,23,6,6,-75.5431,-28.2589
56.9,13,0,23,6,5,-74.5161,-24.3078
56.9,14,0,23,6,5,-76.3696,-28.4018
57,0,1,23,6,10,-74.7252,-24.6876
57,1,0,23,6,11,-75.7337,-24.1783
57,2,2,23,6,11,-74.9453,-26.6421
57,3,1,23,6,12,-75.6731,-24.7484
57,4,0,23,6,12,-75.2175,-27.2939
57,5,2,23,6,12,-76.265,-25.3015
57,6,1,23,6,12,-76.1002,-28.2414
57,7,0,23,6,12,-75.4356,-27.1852
57,8,0,23,6,11,-75.8733,-27.417
57,9,1,23,6,10,-75.109,-29.7146
57,10,2,23,6,11,-75.0436,-28.8799
57,11,2,23,6,6,-74.9589,-24.8689
57,12,1,23,6,6,-75.5893,-28.3445
57,13,0,23,6,5,-74.5767,-24.288
57,14,0,23,6,5,-76.3951,-28.4227
57.1,0,1,23,6,10,-74.6491,-24.6889
57.1,1,0,23,6,11,-75.7024,-24.1547
57.1,2,2,23,6,11,-74.8983,-26.7631
57.1,3,1,23,6,12,-75.6684,-24.685
57.1,4,0,23,6,12,-75.1979,-27.2917
57.1,5,2,23,6,12,-76.2795,-25.2226
57.1,6,1,23,6,12,-76.0989,-28.2406
57.1,7,0,23,6,12,-75.4593,-27.1819
57.1,8,2,23,6,11,-75.8826,-27.3701
57.1,9,1,23,6,10,-75.1427,-29.7249
57.1,10,2,23,6,11,-75.087,-28.8371
57.1,11,2,23,6,6,-75.0038,-24.8592
57.1,12,0,23,6,6,-75.6322,-28.4386
57.1,13,0,23,6,5,-74.6351,-24.2715
57.1,14,1,23,6,5,-76.4181,-28.4548
57.2,0,1,23,6,10,-74.5679,-24.6827
57.2,1,0,23,6,11,-75.6664,-24.1233
57.2,2,2,23,6,11,-74.8451,-26.8818
57.2,3,1,23,6,12,-75.6585,-24.6151
57.2,4,0,23,6,12,-75.1715,-27.2734
57.2,5,2,23,6,12,-76.2901,-25.1347
57.2,6,1,23,6,12,-76.0911,-28.2225
57.2,7,0,23,6,12,-75.4781,-27.1795
57.2,8,2,23,6,11,-75.8842,-27.3119
57.2,9,1,23,6,10,-75.1722,-29.7385
57.2,10,2,23,6,11,-75.1274,-28.7857
57.2,11,2,23,6,6,-75.0457,-24.857
57.2,12,0,23,6,6,-75.6719,-28.5438
57.2,13,0,23,6,5,-74.6913,-24.2887
57.2,14,1,23,6,5,-76.44,-28.5182
57.3,0,1,23,6,10,-74.4818,-24.6688
57.3,1,0,23,6,11,-75.6259,-24.0838
57.3,2,2,23,6,11,-74.7855,-26.9988
57.3,3,1,23,6,12,-75.6428,-24.5384
57.3,4,0,23,6,12,-75.1382,-27.2339
57.3,5,2,23,6,12,-76.2962,-25.0377
57.3,6,1,23,6,12,-76.0762,-28.1819
57.3,7,0,23,6,12,-75.4917,-27.1812
57.3,8,2,23,6,11,-75.8773,-27.2435
57.3,9,1,23,6,10,-75.1975,-29.7585
57.3,10,2,23,6,11,-75.1647,-28.7275
57.3,11,2,23,6,6,-75.0845,-24.8654
57.3,12,0,23,6,6,-75.7084,-28.6581
57.3,13,0,23,6,5,-74.7451,-24.3375
57.3,14,1,23,6,5,-76.4602,-28.6117
57.4,0,1,23,6,10,-74.391,-24.6435
57.4,1,0,23,6,11,-75.5809,-24.0329
57.4,2,2,23,6,11,-74.7196,-27.1118
57.4,3,1,23,6,12,-76.2757,-24.0207
57.4,4,0,23,6,12,-75.0979,-27.1719
57.4,5,2,23,6,12,-76.2979,-24.9292
57.4,6,1,23,6,12,-76.0536,-28.1179
57.4,7,0,23,6,12,-75.5001,-27.1876
57.4,8,2,23,6,11,-76.5561,-26.9584
57.4,9,1,23,6,10,-75.2187,-29.7856
57.4,10,2,23,6,11,-75.1991,-28.6623
57.4,11,2,23,6,6,-75.1202,-24.8851
57.4,12,0,23,6,6,-75.7418,-28.7835
57.4,13,0,23,6,5,-74.7964,-24.4184
57.4,14,1,23,6,5,-76.4792,-28.7345
57.5,0,1,23,6,10,-74.2957,-24.6083
57.5,1,0,23,6,11,-75.5313,-23.9722
57.5,2,2,23,6,11,-74.6476,-27.2218
57.5,3,1,23,6,12,-76.255,-23.9484
57.5,4,0,23,6,12,-75.0505,-27.0874
57.5,5,2,23,6,12,-76.2948,-24.8109
57.5,6,1,23,6,12,-76.0228,-28.0302
57.5,7,0,23,6,12,-75.5031,-27.2008
57.5,8,2,23,6,11,-76.5386,-26.868
57.5,9,1,23,6,10,-75.2356,-29.8217
57.5,10,2,23,6,11,-75.2306,-28.5911
57.5,11,2,23,6,6,-75.1529,-24.9192
57.5,12,0,23,6,6,-75.7723,-28.9195
57.5,13,0,23,6,5,-74.8449,-24.5264
57.5,14,1,23,6,5,-76.4968,-28.8877
57.6,0,1,23,6,10,-74.1959,-24.5518
57.6,1,0,23,6,11,-75.4773,-23.8905
57.6,2,2,23,6,11,-74.5693,-27.3294
57.6,3,1,23,6,12,-76.2298,-23.8556
57.6,4,0,23,6,12,-74.9948,-26.9807
57.6,5,2,23,6,12,-76.2869,-24.6728
57.6,6,1,23,6,12,-75.9834,-27.9199
57.6,7,0,23,6,12,-75.5007,-27.2039
57.6,8,2,23,6,11,-76.5122,-26.7686
57.6,9,1,23,6,10,-75.2483,-29.851
57.6,10,2,23,6,11,-75.2595,-28.5139
57.6,11,2,23,6,6,-75.1826,-24.9668
57.6,12,0,23,6,6,-75.8021,-29.0822
57.6,13,0,23,6,5,-74.8906,-24.6663
57.6,14,1,23,6,5,-76.5135,-29.073
57.7,0,1,23,6,10,-74.092,-24.4738
57.7,1,0,23,6,11,-75.4187,-23.7881
57.7,2,2,23,6,11,-74.4851,-27.4358
57.7,3,1,23,6,12,-76.2002,-23.7422
57.7,4,0,23,6,12,-74.9303,-26.8562
57.7,5,2,23,6,12,-76.2739,-24.5151
57.7,6,1,23,6,12,-75.9345,-27.7911
57.7,7,0,23,6,12,-75.4926,-27.1979
57.7,8,2,23,6,11,-76.4766,-26.6607
57.7,9,1,23,6,10,-75.2567,-29.8745
57.7,10,2,23,6,11,-75.2856,-28.4312
57.7,11,2,23,6,6,-75.2094,-25.0275
57.7,12,0,23,6,6,-75.8312,-29.2702
57.7,13,0,23,6,5,-74.9333,-24.8369
57.7,14,1,23,6,5,-76.5293,-29.2905
57.8,0,1,23,6,10,-77.2168,-24.3521
57.8,1,0,23,6,11,-75.3556,-23.6671
57.8,2,2,23,6,11,-74.3949,-27.5415
57.8,3,1,23,6,12,-76.1658,-23.6101
57.8,4,0,23,6,12,-74.8568,-26.7169
57.8,5,2,23,6,12,-76.2557,-24.3395
57.8,6,1,23,6,12,-75.8759,-27.6465
57.8,7,0,23,6,12,-75.4789,-27.1856
57.8,8,2,23,6,11,-76.431,-26.544
57.8,9,1,23,6,10,-75.2609,-29.8952
57.8,10,2,23,6,11,-75.3089,-28.3997
57.8,11,2,23,6,6,-75.2334,-25.1019
57.8,12,0,23,6,6,-75.8596,-29.4824
57.8,13,0,23,6,5,-74.9733,-25.0392
57.8,14,1,23,6,5,-76.5443,-29.5384
57.9,0,1,23,6,10,-77.1897,-24.2694
57.9,1,0,23,6,11,-75.2876,-23.5634
57.9,2,2,23,6,11,-74.2985,-27.6321
57.9,3,1,23,6,12,-76.1265,-23.4962
57.9,4,0,23,6,12,-74.7729,-26.567
57.9,5,2,23,6,12,-76.2318,-24.1793
57.9,6,1,23,6,12,-75.8069,-27.4907
57.9,7,0,23,6,12,-75.4593,-27.1707
57.9,8,2,23,6,11,-76.375,-26.4202
57.9,9,1,23,6,10,-75.2607,-29.9163
57.9,10,2,23,6,11,-75.3295,-28.5206
57.9,11,2,23,6,6,-75.2544,-25.1871
57.9,12,0,23,6,6,-75.8851,-29.7084
57.9,13,0,23,6,5,-75.0106,-25.2784
57.9,14,1,23,6,5,-76.5581,-29.8133
58,0,1,23,6,10,-77.1586,-24.206
58,1,0,23,6,11,-75.2145,-23.524
58,2,2,23,6,11,-74.1959,-27.7026
58,3,1,23,6,12,-76.0819,-23.4046
58,4,0,23,6,12,-74.6807,-26.4119
58,5,2,23,6,12,-76.2022,-24.0384
58,6,1,23,6,12,-75.7276,-27.3285
58,7,0,23,6,12,-75.434,-27.178
58,8,2,23,6,11,-76.308,-26.2889
58,9,1,23,6,10,-75.2562,-29.9614
58,10,2,23,6,11,-75.3475,-28.6977
58,11,2,23,6,6,-75.2723,-25.282
58,12,0,23,6,6,-75.9072,-29.9303
58,13,0,23,6,5,-75.0454,-25.5567
58,14,1,23,6,5,-76.5705,-30.1103
58.1,0,2,23,6,10,-77.1235,-24.1646
58.1,1,1,23,6,11,-75.1363,-23.4851
58.1,2,0,23,6,11,-74.0873,-27.7476
58.1,3,2,23,6,12,-76.0317,-23.3394
58.1,4,1,23,6,12,-74.5802,-26.2527
58.1,5,0,23,6,12,-76.1664,-23.9198
58.1,6,2,23,6,12,-75.6376,-27.1614
58.1,7,1,23,6,12,-75.4029,-27.207
58.1,8,0,23,6,12,-76.2299,-28.2804
58.1,9,2,23,6,11,-75.2472,-30.0294
58.1,10,1,23,6,11,-75.3625,-28.8929
58.1,11,0,23,6,6,-75.287,-25.3839
58.1,12,2,23,6,6,-75.9257,-30.1455
58.1,13,1,23,6,5,-75.078,-25.8747
58.1,14,0,23,6,5,-76.5812,-30.4257
58.2,0,2,23,6,10,-77.0845,-24.148
58.2,1,1,23,6,11,-75.0528,-23.3908
58.2,2,0,23,6,11,-73.9728,-27.7625
58.2,3,2,23,6,12,-75.9754,-23.3045
58.2,4,1,23,6,12,-74.4718,-26.0909
58.2,5,0,23,6,12,-76.1249,-23.8277
58.2,6,2,23,6,12,-75.5395,-26.9929
58.2,7,1,23,6,12,-75.3663,-27.2381
58.2,8,0,23,6,12,-75.5378,-28.1231
58.2,9,2,23,6,11,-75.2337,-30.0994
58.2,10,1,23,6,11,-75.3745,-29.1068
58.2,11,0,23,6,6,-75.2983,-25.4923
58.2,12,2,23,6,6,-75.9409,-30.352
58.2,13,1,23,6,5,-75.1083,-26.2326
58.2,14,0,23,6,5,-75.9238,-30.941
58.3,0,2,23,6,10,-77.0414,-24.1598
58.3,1,1,23,6,11,-74.964,-23.3899
58.3,2,0,23,6,11,-76.9566,-27.7355
58.3,3,2,23,6,12,-75.9137,-23.3002
58.3,4,1,23,6,12,-74.8342,-25.628
58.3,5,0,23,6,12,-76.0774,-23.7656
58.3,6,2,23,6,12,-74.8961,-26.8282
58.3,7,1,23,6,12,-75.9308,-25.5218
58.3,8,0,23,6,12,-75.4759,-27.9617
58.3,9,2,23,6,11,-75.2012,-30.1697
58.3,10,1,23,6,11,-75.3829,-29.3224
58.3,11,0,23,6,6,-75.3064,-25.6063
58.3,12,2,23,6,6,-75.3516,-30.7469
58.3,13,1,23,6,5,-75.1363,-26.5917
58.3,14,0,23,6,5,-75.9534,-31.2355
58.4,0,2,23,6,11,-76.9936,-28.1109
58.4,1,1,23,6,11,-74.8694,-23.3684
58.4,2,0,23,6,11,-76.9186,-27.668
58.4,3,2,23,6,12,-75.8459,-23.2766
58.4,4,1,23,6,12,-74.7131,-25.5631
58.4,5,0,23,6,12,-75.4103,-23.6948
58.4,6,2,23,6,12,-74.8068,-26.658
58.4,7,1,23,6,12,-75.8975,-25.4678
58.4,8,0,23,6,12,-75.4047,-27.799
58.4,9,2,23,6,11,-75.1786,-30.2332
58.4,10,1,23,6,11,-75.3856,-29.5286
58.4,11,0,23,6,7,-75.311,-30.0872
58.4,12,2,23,6,6,-75.3717,-30.9312
58.4,13,1,23,6,5,-74.6525,-28.6254
58.4,14,0,23,6,5,-75.9617,-31.5185
58.5,0,2,23,6,11,-76.9411,-27.9032
58.5,1,1,23,6,11,-74.7691,-23.3211
58.5,2,0,23,6,12,-76.8738,-27.9778
58.5,3,2,23,6,12,-75.7718,-23.2284
58.5,4,1,23,6,12,-74.585,-25.4374
58.5,5,0,23,6,12,-75.3669,-23.5981
58.5,6,2,23,6,12,-74.7074,-26.4886
58.5,7,1,23,6,12,-75.8422,-25.4182
58.5,8,0,23,6,12,-75.3249,-27.638
58.5,9,2,23,6,11,-75.1515,-30.2867
58.5,10,1,23,6,11,-75.3814,-29.722
58.5,11,0,23,6,8,-75.3122,-31.3992
58.5,12,2,23,6,6,-75.3854,-31.1007
58.5,13,1,23,6,5,-74.6806,-28.9059
58.5,14,0,23,6,5,-75.9833,-31.7875
58.6,0,2,23,6,11,-76.8848,-27.6777
58.6,1,1,23,6,11,-74.6636,-23.296
58.6,2,0,23,6,12,-76.8236,-27.749
58.6,3,2,23,6,12,-75.6924,-23.2023
58.6,4,1,23,6,12,-74.4502,-25.2581
58.6,5,0,23,6,12,-75.319,-23.5239
58.6,6,2,23,6,12,-74.5989,-26.3192
58.6,7,1,23,6,12,-75.7986,-25.3697
58.6,8,0,23,6,12,-75.2371,-27.4775
58.6,9,2,23,6,11,-75.1198,-30.33
58.6,10,1,23,6,11,-75.3721,-29.9118
58.6,11,0,23,6,8,-75.3098,-31.5133
58.6,12,2,23,6,6,-75.3932,-31.2558
58.6,13,1,23,6,5,-74.7076,-29.1934
58.6,14,0,23,6,5,-76.0011,-32.0422
58.7,0,2,23,6,11,-76.8247,-27.4401
58.7,1,1,23,6,11,-74.553,-23.286
58.7,2,0,23,6,12,-76.7682,-27.5081
58.7,3,2,23,6,12,-75.6075,-23.1918
58.7,4,1,23,6,11,-74.3095,-22.6224
58.7,5,0,23,6,12,-75.8693,-23.2522
58.7,6,2,23,6,12,-74.4822,-26.1517
58.7,7,1,23,6,12,-75.7502,-25.3232
58.7,8,0,23,6,12,-75.7264,-27.0979
58.7,9,2,23,6,12,-75.0838,-30.3628
58.7,10,1,23,6,12,-75.3573,-30.095
58.7,11,0,23,6,8,-75.304,-31.6201
58.7,12,2,23,6,6,-75.3799,-31.3957
58.7,13,1,23,6,5,-74.7333,-29.4861
58.7,14,0,23,6,4,-76.0153,-30.2408
58.8,0,2,23,6,11,-76.7606,-27.1954
58.8,1,1,23,6,11,-74.4374,-23.2879
58.8,2,0,23,6,12,-76.7074,-27.2603
58.8,3,2,23,6,12,-75.5173,-23.1934
58.8,4,1,23,6,11,-74.163,-22.4406
58.8,5,0,23,6,12,-75.8281,-23.2184
58.8,6,2,23,6,12,-74.3578,-25.9861
58.8,7,1,23,6,12,-75.6966,-25.2753
58.8,8,0,23,6,12,-75.6325,-26.9405
58.8,9,2,23,6,12,-75.0432,-30.3821
58.8,10,1,23,6,12,-75.3366,-30.2703
58.8,11,0,23,6,8,-75.2945,-31.7195
58.8,12,2,23,6,6,-75.3754,-31.5208
58.8,13,1,23,6,5,-74.7575,-29.7831
58.8,14,0,23,6,4,-76.0239,-30.453
58.9,0,2,23,6,11,-76.6927,-26.9482
58.9,1,1,23,6,11,-74.317,-23.2956
58.9,2,0,23,6,12,-76.6411,-27.0101
58.9,3,2,23,6,12,-75.4217,-23.2013
58.9,4,1,23,6,11,-77.3477,-22.2303
58.9,5,0,23,6,12,-75.7812,-23.1945
58.9,6,2,23,6,12,-74.2266,-25.8232
58.9,7,1,23,6,12,-75.6382,-25.2269
58.9,8,0,23,6,12,-75.5306,-26.7866
58.9,9,2,23,6,12,-74.9982,-30.388
58.9,10,1,23,6,12,-75.3098,-30.4355
58.9,11,0,23,6,8,-75.2816,-31.8114
58.9,12,2,23,6,6,-75.3644,-31.6314
58.9,13,1,23,6,5,-74.7801,-30.0805
58.9,14,0,23,6,4,-76.0271,-30.6333
59,0,2,23,6,11,-76.6208,-26.7028
59,1,1,23,6,11,-74.1919,-23.3069
59,2,0,23,6,12,-76.5694,-26.842
59,3,2,23,6,12,-75.3212,-23.213
59,4,1,23,6,12,-77.2881,-27.1775
59,5,0,23,6,12,-75.7281,-23.1797
59,6,2,23,6,12,-74.0894,-25.6653
59,7,1,23,6,12,-75.575,-25.1787
59,8,0,23,6,12,-75.4215,-26.6381
59,9,2,23,6,12,-74.9488,-30.3804
59,10,1,23,6,12,-75.2764,-30.587
59,11,0,23,6,9,-75.2651,-32.6182
59,12,2,23,6,6,-75.3463,-31.7265
59,13,1,23,6,5,-74.8008,-30.3744
59,14,0,23,6,4,-76.0251,-30.7802
59.1,0,1,23,6,11,-76.5452,-26.4625
59.1,1,0,23,6,11,-74.0625,-23.3124
59.1,2,2,23,6,12,-76.4922,-26.7293
59.1,3,1,23,6,12,-75.2159,-23.2195
59.1,4,0,23,6,12,-77.2227,-26.931
59.1,5,2,23,6,12,-75.6684,-23.1622
59.1,6,1,23,6,12,-73.9469,-25.5124
59.1,7,0,23,6,12,-75.507,-25.1277
59.1,8,2,23,6,12,-75.306,-26.4957
59.1,9,1,23,6,12,-74.895,-30.3594
59.1,10,0,23,6,12,-75.2356,-30.7241
59.1,11,2,23,6,9,-75.245,-32.6589
59.1,12,1,23,6,6,-75.3208,-31.8063
59.1,13,0,23,6,5,-74.8189,-30.6582
59.1,14,2,23,6,4,-76.0178,-30.8934
59.2,0,1,23,6,11,-76.4659,-26.2307
59.2,1,0,23,6,12,-76.9963,-23.6848
59.2,2,2,23,6,12,-76.4098,-26.6274
59.2,3,1,23,6,12,-75.1059,-23.2194
59.2,4,0,23,6,13,-77.1515,-26.692
59.2,5,2,23,6,13,-75.6021,-27.6182
59.2,6,1,23,6,12,-74.6898,-22.6052
59.2,7,0,23,6,12,-76.0754,-23.8399
59.2,8,2,23,6,12,-75.1849,-26.3599
59.2,9,1,23,6,12,-74.8371,-30.3234
59.2,10,0,23,6,12,-75.1872,-30.8438
59.2,11,2,23,6,9,-75.2217,-32.6821
59.2,12,1,23,6,7,-75.8836,-31.6724
59.2,13,0,23,6,6,-74.8341,-33.372
59.2,14,2,23,6,5,-76.0053,-33.0408
59.3,0,1,23,6,11,-76.3831,-26.0101
59.3,1,0,23,6,12,-76.9406,-23.4379
59.3,2,2,23,6,12,-76.3226,-26.5296
59.3,3,1,23,6,12,-74.9919,-23.1754
59.3,4,0,23,6,13,-77.0758,-26.4631
59.3,5,2,23,6,13,-75.5295,-27.4964
59.3,6,1,23,6,12,-74.5362,-22.4318
59.3,7,0,23,6,12,-76.0139,-23.747
59.3,8,2,23,6,12,-75.0594,-26.2324
59.3,9,1,23,6,12,-74.7752,-30.2736
59.3,10,0,23,6,12,-75.1306,-30.9445
59.3,11,2,23,6,9,-75.195,-32.6902
59.3,12,1,23,6,7,-75.8531,-31.7313
59.3,13,0,23,6,6,-74.8462,-33.5692
59.3,14,2,23,6,5,-75.9879,-33.1025
59.4,0,1,23,6,11,-76.2976,-25.8032
59.4,1,0,23,6,13,-76.8817,-27.6706
59.4,2,2,23,6,12,-76.2318,-26.4476
59.4,3,1,23,6,13,-74.8746,-27.5828
59.4,4,0,23,6,13,-76.9958,-26.247
59.4,5,2,23,6,13,-75.4512,-27.3926
59.4,6,1,23,6,12,-77.9299,-22.2251
59.4,7,0,23,6,13,-75.9486,-27.6215
59.4,8,2,23,6,12,-74.9301,-26.1133
59.4,9,1,23,6,12,-74.7098,-30.2112
59.4,10,0,23,6,12,-75.0683,-31.032
59.4,11,2,23,6,9,-75.1652,-32.6824
59.4,12,1,23,6,10,-75.8173,-33.7978
59.4,13,0,23,6,6,-74.8548,-33.7499
59.4,14,2,23,6,5,-75.9655,-33.1354
59.5,0,1,23,6,11,-76.2098,-25.6108
59.5,1,0,23,6,13,-76.8202,-27.6064
59.5,2,2,23,6,12,-76.138,-26.3868
59.5,3,1,23,6,13,-74.7546,-27.5161
59.5,4,0,23,6,13,-76.9119,-26.0439
59.5,5,2,23,6,13,-75.3675,-27.3126
59.5,6,1,23,6,13,-77.8626,-26.6681
59.5,7,0,23,6,13,-75.88,-27.4995
59.5,8,2,23,6,12,-74.7982,-26.004
59.5,9,1,23,6,12,-74.6412,-30.1347
59.5,10,0,23,6,12,-75.0017,-31.1052
59.5,11,2,23,6,10,-75.1184,-32.8991
59.5,12,1,23,6,10,-75.7763,-33.8738
59.5,13,0,23,6,6,-74.8599,-33.9107
59.5,14,2,23,6,5,-75.9378,-33.1414
59.6,0,1,23,6,11,-76.12,-25.4331
59.6,1,0,23,6,13,-76.7564,-27.5431
59.6,2,2,23,6,12,-76.0417,-26.3266
59.6,3,1,23,6,13,-74.6322,-27.4491
59.6,4,0,23,6,13,-76.8248,-25.8538
59.6,5,2,23,6,13,-75.2792,-27.2347
59.6,6,1,23,6,13,-77.7921,-26.4749
59.6,7,0,23,6,13,-75.8081,-27.3759
59.6,8,2,23,6,12,-74.6653,-25.9039
59.6,9,1,23,6,12,-74.57,-30.0469
59.6,10,2,23,6,12,-74.931,-31.1642
59.6,11,2,23,6,10,-75.0832,-32.8381
59.6,12,0,23,6,10,-75.7295,-33.9332
59.6,13,0,23,6,6,-74.8616,-34.0515
59.6,14,1,23,6,5,-75.9079,-33.1301
59.7,0,1,23,6,11,-76.0287,-25.2703
59.7,1,0,23,6,13,-76.6905,-27.4806
59.7,2,2,23,6,12,-75.9431,-26.2662
59.7,3,1,23,6,13,-74.508,-27.382
59.7,4,0,23,6,13,-76.7349,-25.6772
59.7,5,2,23,6,13,-75.1865,-27.1591
59.7,6,1,23,6,13,-77.7188,-26.2944
59.7,7,0,23,6,13,-75.7334,-27.2515
59.7,8,2,23,6,12,-74.5322,-25.8123
59.7,9,1,23,6,12,-74.4966,-29.9478
59.7,10,2,23,6,13,-74.8564,-31.2077
59.7,11,2,23,6,11,-75.0458,-32.765
59.7,12,0,23,6,10,-75.677,-33.9749
59.7,13,0,23,6,6,-74.8599,-34.1717
59.7,14,1,23,6,5,-75.8752,-33.1037
59.8,0,1,23,6,11,-75.9358,-25.1226
59.8,1,0,23,6,13,-76.6225,-27.4181
59.8,2,2,23,6,12,-75.8425,-26.2054
59.8,3,1,23,6,13,-74.3822,-27.3139
59.8,4,0,23,6,13,-76.6422,-25.5134
59.8,5,2,23,6,13,-75.09,-27.0852
59.8,6,1,23,6,13,-77.6431,-26.1266
59.8,7,0,23,6,13,-75.656,-27.1255
59.8,8,2,23,6,12,-74.3992,-25.7298
59.8,9,1,23,6,13,-74.4213,-29.838
59.8,10,2,23,6,13,-74.7782,-31.233
59.8,11,2,23,6,11,-75.0062,-32.6795
59.8,12,0,23,6,11,-75.619,-33.9963
59.8,13,0,23,6,6,-74.855,-34.2697
59.8,14,1,23,6,5,-75.8221,-33.0598
59.9,0,1,23,6,12,-75.8417,-27.9656
59.9,1,0,23,6,13,-76.5527,-27.3553
59.9,2,2,23,6,12,-75.7402,-26.1434
59.9,3,1,23,6,13,-74.2551,-27.2442
59.9,4,0,23,6,13,-76.5472,-25.3643
59.9,5,2,23,6,13,-74.99,-27.0125
59.9,6,1,23,6,13,-77.5653,-25.9725
59.9,7,0,23,6,13,-75.576,-26.9984
59.9,8,2,23,6,12,-74.2666,-25.6545
59.9,9,1,23,6,13,-74.3449,-29.7186
59.9,10,2,23,6,13,-74.6964,-31.2419
59.9,11,2,23,6,11,-74.9649,-32.5828
59.9,12,0,23,6,12,-75.5561,-33.9997
59.9,13,0,23,6,6,-74.847,-34.3471
59.9,14,1,23,6,5,-75.7812,-33.0006
60,0,1,23,6,12,-75.7466,-27.9025
60,1,0,23,6,13,-76.4812,-27.2929
60,2,2,23,6,12,-75.6363,-26.0813
60,3,1,23,6,13,-74.127,-27.174
60,4,0,23,6,13,-76.4499,-25.2281
60,5,2,23,6,13,-74.8875,-26.9457
60,6,1,23,6,13,-77.4855,-25.8311
60,7,0,23,6,13,-75.4939,-26.8718
60,8,2,23,6,12,-74.1349,-25.5874
60,9,1,23,6,13,-74.2676,-29.5914
60,10,2,23,6,13,-74.6117,-31.2322
60,11,2,23,6,11,-74.9221,-32.4767
60,12,0,23,6,12,-75.4885,-33.983
60,13,0,23,6,6,-74.836,-34.4029
60,14,1,23,6,5,-75.7353,-32.925
60.1,0,1,23,6,12,-75.635,-27.8404
60.1,1,2,23,6,13,-76.3972,-27.2304
60.1,2,0,23,6,12,-75.5158,-26.0178
60.1,3,1,23,6,13,-73.9733,-27.1025
60.1,4,2,23,6,13,-76.3364,-25.1062
60.1,5,0,23,6,13,-74.7658,-26.8831
60.1,6,1,23,6,13,-77.3926,-25.7027
60.1,7,2,23,6,13,-75.4011,-26.7457
60.1,8,0,23,6,12,-73.9735,-25.528
60.1,9,1,23,6,13,-74.177,-29.458
60.1,10,0,23,6,13,-74.5223,-31.2046
60.1,11,0,23,6,11,-74.8797,-32.3621
60.1,12,2,23,6,12,-75.4202,-33.9472
60.1,13,2,23,6,6,-74.8249,-34.4383
60.1,14,1,23,6,5,-75.6908,-32.8357
60.2,0,1,23,6,12,-76.1547,-27.7705
60.2,1,2,23,6,13,-76.311,-27.1667
60.2,2,0,23,6,12,-76.7433,-21.6439
60.2,3,1,23,6,13,-76.9661,-27.0088
60.2,4,2,23,6,13,-76.2197,-24.9979
60.2,5,0,23,6,13,-74.641,-26.8233
60.2,6,1,23,6,13,-77.2971,-25.5879
60.2,7,2,23,6,13,-75.9156,-26.5658
60.2,8,0,23,6,13,-74.2355,-26.3904
60.2,9,1,23,6,13,-75.0458,-29.0375
60.2,10,0,23,6,13,-74.9226,-30.8813
60.2,11,0,23,6,12,-74.8358,-32.2387
60.2,12,2,23,6,12,-75.3463,-33.8919
60.2,13,2,23,6,6,-74.8119,-34.453
60.2,14,1,23,6,5,-75.6394,-32.733
60.3,0,1,23,6,12,-76.0386,-27.7169
60.3,1,2,23,6,13,-76.2227,-27.1103
60.3,2,0,23,6,12,-76.619,-21.5516
60.3,3,1,23,6,13,-76.8964,-26.9395
60.3,4,2,23,6,13,-76.1,-24.9044
60.3,5,0,23,6,13,-74.5136,-26.774
60.3,6,1,23,6,13,-77.199,-25.4868
60.3,7,2,23,6,13,-75.8218,-26.4464
60.3,8,0,23,6,13,-77.4782,-26.2733
60.3,9,1,23,6,13,-74.9724,-28.8931
60.3,10,0,23,6,13,-74.8294,-30.8774
60.3,11,0,23,6,12,-74.7906,-32.1476
60.3,12,2,23,6,12,-75.267,-33.8181
60.3,13,2,23,6,6,-74.797,-34.4486
60.3,14,1,23,6,5,-75.5746,-32.6143
60.4,0,1,23,6,12,-75.9208,-27.6621
60.4,1,2,23,6,13,-76.1328,-27.0517
60.4,2,0,23,6,12,-76.4913,-21.4582
60.4,3,1,23,6,13,-76.8244,-26.8658
60.4,4,2,23,6,13,-75.9778,-24.8251
60.4,5,0,23,6,13,-74.3843,-26.7249
60.4,6,1,23,6,13,-77.0988,-25.3995
60.4,7,2,23,6,13,-75.7247,-26.3259
60.4,8,0,23,6,13,-78.4284,-26.1853
60.4,9,1,23,6,13,-74.8977,-28.7448
60.4,10,0,23,6,13,-74.7317,-30.857
60.4,11,0,23,6,12,-74.7443,-32.107
60.4,12,2,23,6,12,-75.1825,-33.7272
60.4,13,2,23,6,6,-74.7804,-34.4265
60.4,14,1,23,6,5,-76.1459,-32.3102
60.5,0,1,23,6,12,-75.8017,-27.6082
60.5,1,2,23,6,13,-76.0413,-26.9924
60.5,2,0,23,6,12,-76.3601,-21.3723
60.5,3,1,23,6,13,-76.7502,-26.789
60.5,4,2,23,6,13,-75.8531,-24.7603
60.5,5,0,23,6,13,-74.2532,-26.6764
60.5,6,1,23,6,13,-76.9965,-25.3257
60.5,7,2,23,6,13,-75.6248,-26.2064
60.5,8,0,23,6,13,-78.36,-26.1165
60.5,9,1,23,6,13,-74.8221,-28.5953
60.5,10,0,23,6,13,-74.6296,-30.8187
60.5,11,0,23,6,13,-74.6971,-32.059
60.5,12,2,23,6,13,-75.093,-33.6187
60.5,13,2,23,6,6,-74.7623,-34.3871
60.5,14,1,23,6,5,-76.0816,-32.1695
60.6,0,0,23,6,12,-75.6819,-27.5569
60.6,1,2,23,6,13,-75.9486,-26.9348
60.6,2,1,23,6,12,-76.2256,-21.2913
60.6,3,0,23,6,13,-76.6738,-26.7112
60.6,4,2,23,6,13,-76.3937,-22.5464
60.6,5,1,23,6,13,-74.1209,-26.6296
60.6,6,0,23,6,13,-76.8924,-25.2647
60.6,7,2,23,6,13,-75.5223,-26.0899
60.6,8,1,23,6,13,-78.2905,-26.0597
60.6,9,0,23,6,13,-75.27,-27.0063
60.6,10,2,23,6,13,-74.5236,-30.7651
60.6,11,1,23,6,13,-74.6495,-32.0052
60.6,12,0,23,6,13,-74.9989,-33.4979
60.6,13,2,23,6,6,-74.73,-34.3357
60.6,14,1,23,6,5,-76.0102,-32.0165
60.7,0,0,23,6,12,-75.5617,-27.5041
60.7,1,2,23,6,13,-75.8548,-26.8744
60.7,2,1,23,6,12,-76.0882,-21.2082
60.7,3,0,23,6,13,-76.5954,-26.6275
60.7,4,2,23,6,13,-76.2611,-22.4596
60.7,5,1,23,6,13,-73.9875,-26.5788
60.7,6,0,23,6,13,-76.7867,-25.217
60.7,7,2,23,6,14,-75.4175,-25.972
60.7,8,1,23,6,13,-78.2203,-26.0157
60.7,9,0,23,6,13,-75.1977,-26.9079
60.7,10,2,23,6,13,-74.4134,-30.6941
60.7,11,1,23,6,13,-74.6017,-31.9449
60.7,12,0,23,6,13,-74.9003,-33.3662
60.7,13,2,23,6,6,-74.7094,-34.2743
60.7,14,1,23,6,6,-75.9325,-31.8538
60.8,0,0,23,6,12,-75.4407,-27.4319
60.8,1,2,23,6,13,-75.7585,-26.7944
60.8,2,1,23,6,13,-75.9484,-24.0993
60.8,3,0,23,6,13,-76.5124,-26.5201
60.8,4,2,23,6,13,-76.8749,-20.0743
60.8,5,1,23,6,13,-73.852,-26.506
60.8,6,0,23,6,13,-76.6796,-25.1818
60.8,7,2,23,6,14,-75.3081,-25.8355
60.8,8,1,23,6,13,-78.1497,-25.9837
60.8,9,0,23,6,13,-75.1231,-26.7944
60.8,10,2,23,6,13,-74.2863,-30.5869
60.8,11,1,23,6,13,-74.5533,-31.88
60.8,12,0,23,6,13,-75.3371,-33.1663
60.8,13,2,23,6,6,-74.6877,-34.2053
60.8,14,1,23,6,7,-75.8491,-34.4073
60.9,0,0,23,6,12,-75.3203,-27.3591
60.9,1,2,23,6,13,-75.6611,-26.7106
60.9,2,1,23,6,13,-75.8055,-24.0046
60.9,3,0,23,6,13,-76.4269,-26.4028
60.9,4,2,23,6,13,-76.7408,-20.0556
60.9,5,1,23,6,13,-73.7156,-26.4223
60.9,6,0,23,6,13,-76.5712,-25.159
60.9,7,2,23,6,14,-75.1962,-25.6898
60.9,8,1,23,6,13,-78.0788,-25.9631
60.9,9,0,23,6,14,-75.0475,-26.6739
60.9,10,2,23,6,13,-74.1565,-30.4634
60.9,11,1,23,6,13,-74.505,-31.8117
60.9,12,0,23,6,13,-75.2296,-33.0314
60.9,13,2,23,6,6,-74.6653,-34.1318
60.9,14,1,23,6,8,-75.7602,-34.2975
61,0,0,23,6,12,-75.2019,-27.2887
61,1,2,23,6,13,-75.5637,-26.6294
61,2,1,23,6,13,-75.6608,-23.91
61,3,0,23,6,13,-76.3399,-26.2842
61,4,2,23,6,13,-76.6038,-20.0931
61,5,1,23,6,13,-76.3039,-26.309
61,6,0,23,6,13,-76.4612,-25.1479
61,7,2,23,6,14,-75.0834,-25.5482
61,8,1,23,6,13,-78.0079,-25.9536
61,9,0,23,6,14,-74.9723,-26.5611
61,10,2,23,6,13,-74.024,-30.3219
61,11,1,23,6,13,-74.4576,-31.7395
61,12,0,23,6,13,-75.1191,-32.8793
61,13,2,23,6,6,-74.6427,-34.0553
61,14,1,23,6,8,-75.6663,-34.1768
61.1,0,0,23,6,12,-75.086,-27.2217
61.1,1,2,23,6,13,-75.4667,-26.5522
61.1,2,1,23,6,13,-75.515,-23.8158
61.1,3,0,23,6,13,-76.2521,-26.1664
61.1,4,0,23,6,13,-76.4635,-20.143
61.1,5,2,23,6,13,-76.2383,-26.2205
61.1,6,2,23,6,13,-76.3501,-25.1471
61.1,7,1,23,6,14,-74.9701,-25.4117
61.1,8,1,23,6,13,-77.9369,-25.9534
61.1,9,0,23,6,14,-74.898,-26.457
61.1,10,0,23,6,13,-73.8891,-30.1655
61.1,11,2,23,6,13,-74.4118,-31.6659
61.1,12,2,23,6,13,-75.0058,-32.712
61.1,13,1,23,6,6,-74.6203,-33.9752
61.1,14,1,23,6,8,-75.568,-34.0474
61.2,0,0,23,6,12,-74.9738,-27.1587
61.2,1,2,23,6,13,-75.3703,-26.4795
61.2,2,1,23,6,13,-75.3684,-23.7242
61.2,3,0,23,6,14,-76.1635,-26.0501
61.2,4,0,23,6,13,-76.3207,-20.2086
61.2,5,2,23,6,14,-76.1714,-26.1299
61.2,6,2,23,6,13,-76.2378,-25.1581
61.2,7,1,23,6,14,-75.4019,-23.0996
61.2,8,1,23,6,13,-77.8661,-25.9645
61.2,9,0,23,6,14,-74.825,-26.3622
61.2,10,0,23,6,13,-74.1685,-29.9049
61.2,11,2,23,6,13,-74.3676,-31.5906
61.2,12,2,23,6,13,-74.89,-32.5331
61.2,13,1,23,6,6,-74.5983,-33.8935
61.2,14,1,23,6,10,-75.4658,-35.2447
61.3,0,0,23,6,12,-74.8661,-27.0979
61.3,1,2,23,6,13,-75.2749,-26.4096
61.3,2,1,23,6,13,-75.2216,-23.6351
61.3,3,0,23,6,14,-76.8183,-24.0801
61.3,4,0,23,6,13,-76.1751,-20.2856
61.3,5,2,23,6,14,-76.1033,-26.0344
61.3,6,2,23,6,13,-76.124,-25.1782
61.3,7,1,23,6,14,-75.2902,-22.9256
61.3,8,1,23,6,13,-77.795,-25.9835
61.3,9,0,23,6,14,-74.7532,-26.2746
61.3,10,0,23,6,13,-74.4765,-29.7238
61.3,11,2,23,6,13,-74.3252,-31.5152
61.3,12,2,23,6,13,-74.772,-32.3433
61.3,13,1,23,6,6,-74.577,-33.816
61.3,14,1,23,6,10,-75.3603,-35.0444
61.4,0,0,23,6,12,-74.7634,-27.0401
61.4,1,2,23,6,13,-75.1806,-26.3437
61.4,2,1,23,6,13,-75.0752,-23.5502
61.4,3,0,23,6,14,-76.738,-23.9511
61.4,4,0,23,6,13,-76.0268,-20.3747
61.4,5,2,23,6,14,-76.0336,-25.934
61.4,6,2,23,6,13,-76.0088,-25.2087
61.4,7,1,23,6,14,-75.1778,-22.7599
61.4,8,1,23,6,13,-77.7234,-26.0119
61.4,9,0,23,6,14,-74.6828,-26.1952
61.4,10,0,23,6,13,-74.3309,-29.5325
61.4,11,2,23,6,14,-74.2728,-31.4411
61.4,12,2,23,6,13,-74.6516,-32.1449
61.4,13,1,23,6,6,-74.5564,-33.7433
61.4,14,1,23,6,11,-75.2521,-34.8344
61.5,0,0,23,6,12,-74.6669,-26.9826
61.5,1,2,23,6,13,-75.0882,-26.2798
61.5,2,1,23,6,13,-74.9303,-23.4657
61.5,3,0,23,6,14,-76.6575,-23.8239
61.5,4,0,23,6,13,-75.8761,-20.474
61.5,5,2,23,6,14,-75.9632,-25.8258
61.5,6,2,23,6,13,-75.8919,-25.2381
61.5,7,1,23,6,14,-75.0648,-22.599
61.5,8,1,23,6,13,-77.6505,-26.0378
61.5,9,0,23,6,14,-74.6133,-26.1208
61.5,10,0,23,6,13,-74.1802,-29.3267
61.5,11,2,23,6,14,-74.2334,-31.3707
61.5,12,2,23,6,13,-74.5289,-31.998
61.5,13,1,23,6,6,-74.539,-33.6865
61.5,14,1,23,6,11,-75.1423,-34.6138
61.6,0,1,23,6,12,-74.5776,-26.9253
61.6,1,0,23,6,13,-75.5613,-22.1558
61.6,2,2,23,6,13,-74.7872,-23.3843
61.6,3,1,23,6,14,-76.5765,-23.7011
61.6,4,0,23,6,13,-75.7233,-20.5814
61.6,5,0,23,6,14,-76.6,-23.6175
61.6,6,2,23,6,13,-77.2776,-21.2557
61.6,7,2,23,6,14,-74.9507,-22.4441
61.6,8,1,23,6,13,-77.5755,-26.0607
61.6,9,1,23,6,14,-75.0475,-26.0004
61.6,10,0,23,6,13,-74.9668,-25.6994
61.6,11,0,23,6,14,-74.1949,-31.3045
61.6,12,2,23,6,13,-74.4037,-31.8731
61.6,13,2,23,6,6,-74.5251,-33.6474
61.6,14,1,23,6,11,-75.6081,-34.3561
61.7,0,1,23,6,12,-74.4957,-26.8663
61.7,1,0,23,6,14,-75.472,-24.334
61.7,2,2,23,6,13,-74.6472,-23.3029
61.7,3,1,23,6,14,-76.4951,-23.5805
61.7,4,0,23,6,13,-75.5678,-20.6998
61.7,5,0,23,6,14,-76.5387,-23.4767
61.7,6,2,23,6,13,-77.1572,-21.3496
61.7,7,2,23,6,14,-74.8353,-22.292
61.7,8,1,23,6,13,-77.4969,-26.0804
61.7,9,1,23,6,14,-74.9773,-25.9286
61.7,10,0,23,6,13,-74.7918,-25.739
61.7,11,0,23,6,14,-74.1563,-31.2532
61.7,12,2,23,6,13,-74.2755,-31.7922
61.7,13,2,23,6,6,-74.5149,-33.6294
61.7,14,1,23,6,12,-75.5062,-34.5115
61.8,0,1,23,6,12,-74.4218,-26.804
61.8,1,0,23,6,14,-75.385,-24.27
61.8,2,2,23,6,13,-74.5112,-23.2217
61.8,3,1,23,6,14,-76.4128,-23.462
61.8,4,0,23,6,13,-75.41,-20.8224
61.8,5,0,23,6,14,-76.4771,-23.3275
61.8,6,2,23,6,13,-77.0303,-21.446
61.8,7,2,23,6,14,-74.7177,-22.1412
61.8,8,1,23,6,13,-77.4133,-26.0926
61.8,9,1,23,6,14,-74.9052,-25.8548
61.8,10,0,23,6,13,-74.6087,-25.7828
61.8,11,0,23,6,14,-74.1168,-31.2573
61.8,12,2,23,6,13,-74.1437,-31.7199
61.8,13,2,23,6,6,-74.5086,-33.6353
61.8,14,1,23,6,12,-75.4022,-34.4031
61.9,0,1,23,6,12,-74.3567,-26.7378
61.9,1,0,23,6,14,-75.3006,-24.2071
61.9,2,2,23,6,13,-74.3799,-23.1403
61.9,3,1,23,6,14,-76.3293,-23.346
61.9,4,0,23,6,13,-75.2498,-20.9471
61.9,5,0,23,6,14,-76.4147,-23.1693
61.9,6,2,23,6,13,-76.8921,-21.5429
61.9,7,2,23,6,14,-74.5971,-21.9905
61.9,8,1,23,6,13,-77.3207,-26.0957
61.9,9,1,23,6,14,-74.8306,-25.7766
61.9,10,0,23,6,13,-74.417,-25.8193
61.9,11,0,23,6,14,-74.0758,-31.2711
61.9,12,2,23,6,13,-74.0077,-31.6582
61.9,13,2,23,6,6,-74.5064,-33.6675
61.9,14,1,23,6,12,-75.2959,-34.3148
62,0,1,23,6,12,-74.3002,-26.6668
62,1,0,23,6,14,-75.2192,-24.1447
62,2,2,23,6,13,-74.2553,-23.059
62,3,1,23,6,14,-76.2445,-23.2329
62,4,0,23,6,13,-75.088,-21.0724
62,5,0,23,6,14,-76.351,-23.0004
62,6,2,23,6,13,-76.7419,-21.6382
62,7,2,23,6,14,-74.4724,-21.8392
62,8,1,23,6,13,-77.2185,-26.0898
62,9,1,23,6,14,-74.7527,-25.6925
62,10,0,23,6,13,-74.2163,-25.8481
62,11,0,23,6,14,-74.0327,-31.2965
62,12,2,23,6,13,-73.8671,-31.6099
62,13,2,23,6,6,-74.5081,-33.7281
62,14,1,23,6,12,-75.1869,-34.2485
62.1,0,1,23,6,12,-74.2528,-26.5917
62.1,1,2,23,6,14,-75.1417,-24.0826
62.1,2,0,23,6,13,-74.1385,-22.9773
62.1,3,1,23,6,14,-76.158,-23.1234
62.1,4,1,23,6,13,-74.922,-21.1982
62.1,5,0,23,6,14,-76.2856,-22.8209
62.1,6,0,23,6,13,-76.5799,-21.7303
62.1,7,2,23,6,14,-74.3429,-21.6866
62.1,8,2,23,6,13,-77.1064,-26.0757
62.1,9,1,23,6,14,-74.6708,-25.6027
62.1,10,1,23,6,13,-77.1645,-25.8351
62.1,11,0,23,6,14,-73.987,-31.334
62.1,12,0,23,6,13,-73.7212,-31.5739
62.1,13,2,23,6,6,-74.5139,-33.8189
62.1,14,2,23,6,12,-75.0756,-34.2054
62.2,0,1,23,6,12,-74.2142,-26.5115
62.2,1,2,23,6,14,-75.0688,-24.0194
62.2,2,0,23,6,13,-74.0306,-22.8944
62.2,3,1,23,6,14,-76.0696,-23.0173
62.2,4,1,23,6,13,-74.7528,-21.3241
62.2,5,0,23,6,14,-76.2177,-22.6301
62.2,6,0,23,6,13,-76.406,-21.819
62.2,7,2,23,6,14,-74.2078,-21.5315
62.2,8,2,23,6,13,-76.9837,-26.0552
62.2,9,1,23,6,14,-74.5843,-25.5057
62.2,10,1,23,6,13,-77.0847,-25.849
62.2,11,0,23,6,14,-73.9383,-31.3853
62.2,12,0,23,6,13,-73.5696,-31.5519
62.2,13,2,23,6,6,-74.5237,-33.9408
62.2,14,2,23,6,12,-74.9616,-34.1865
62.3,0,1,23,6,12,-74.6419,-22.2512
62.3,1,2,23,6,14,-75.0008,-23.9559
62.3,2,0,23,6,13,-73.9336,-22.812
62.3,3,1,23,6,14,-75.9795,-22.9165
62.3,4,1,23,6,13,-74.5833,-21.4487
62.3,5,0,23,6,14,-76.147,-22.4305
62.3,6,0,23,6,13,-76.2206,-21.9031
62.3,7,2,23,6,14,-74.5092,-19.5499
62.3,8,2,23,6,13,-76.8504,-26.0296
62.3,9,1,23,6,14,-74.4931,-25.4012
62.3,10,1,23,6,13,-77.9197,-25.8452
62.3,11,0,23,6,14,-73.8865,-31.451
62.3,12,0,23,6,13,-73.7908,-31.5311
62.3,13,2,23,6,6,-74.5376,-34.0946
62.3,14,2,23,6,12,-74.8445,-34.192
62.4,0,1,23,6,12,-74.6289,-22.427
62.4,1,2,23,6,14,-74.9386,-23.8915
62.4,2,0,23,6,13,-73.8483,-22.7289
62.4,3,1,23,6,14,-75.8882,-22.8214
62.4,4,1,23,6,13,-74.4156,-21.5731
62.4,5,0,23,6,14,-76.0731,-22.2227
62.4,6,0,23,6,13,-76.0245,-21.9831
62.4,7,2,23,6,14,-77.9693,-19.2325
62.4,8,2,23,6,13,-76.7059,-26.0006
62.4,9,1,23,6,14,-74.3965,-25.29
62.4,10,1,23,6,13,-77.8279,-25.8491
62.4,11,0,23,6,14,-73.831,-31.5285
62.4,12,0,23,6,13,-73.6265,-31.5357
62.4,13,2,23,6,6,-74.5553,-34.278
62.4,14,2,23,6,12,-74.7239,-34.2197
62.5,0,1,23,6,13,-74.6249,-24.5034
62.5,1,2,23,6,14,-74.8827,-23.8252
62.5,2,0,23,6,13,-73.7759,-22.6447
62.5,3,1,23,6,14,-75.7961,-22.7322
62.5,4,1,23,6,13,-74.2537,-21.6974
62.5,5,0,23,6,14,-75.9953,-22.0071
62.5,6,0,23,6,13,-75.8188,-22.06
62.5,7,2,23,6,14,-77.916,-19.0791
62.5,8,2,23,6,13,-76.5504,-25.9705
62.5,9,1,23,6,14,-74.2943,-25.1714
62.5,10,1,23,6,13,-77.7283,-25.8501
62.5,11,0,23,6,14,-73.7716,-31.6197
62.5,12,0,23,6,13,-73.4557,-31.5537
62.5,13,2,23,6,6,-74.5766,-34.4929
62.5,14,2,23,6,13,-74.5995,-34.3854
62.6,0,0,23,6,13,-74.629,-24.4243
62.6,1,2,23,6,14,-74.8335,-23.7588
62.6,2,1,23,6,13,-73.7175,-22.5615
62.6,3,1,23,6,14,-75.704,-22.6517
62.6,4,0,23,6,13,-74.1011,-21.8226
62.6,5,0,23,6,14,-75.9131,-21.7868
62.6,6,1,23,6,13,-75.6057,-22.1348
62.6,7,2,23,6,14,-77.8586,-18.9228
62.6,8,0,23,6,13,-76.3837,-25.9407
62.6,9,1,23,6,14,-74.1863,-25.0456
62.6,10,2,23,6,13,-77.6207,-25.8497
62.6,11,0,23,6,14,-73.7081,-31.7265
62.6,12,1,23,6,13,-73.2784,-31.5874
62.6,13,2,23,6,6,-74.6014,-34.7415
62.6,14,0,23,6,13,-74.4709,-34.4333
62.7,0,0,23,6,13,-74.64,-24.341
62.7,1,2,23,6,14,-74.7913,-23.6902
62.7,2,1,23,6,13,-74.0843,-22.1319
62.7,3,1,23,6,14,-75.6133,-22.579
62.7,4,0,23,6,13,-73.9621,-21.9444
62.7,5,0,23,6,14,-76.551,-19.1676
62.7,6,1,23,6,13,-75.3875,-22.2038
62.7,7,2,23,6,14,-77.7967,-18.7614
62.7,8,0,23,6,13,-76.2062,-25.9096
62.7,9,1,23,6,14,-74.0719,-24.9123
62.7,10,2,23,6,13,-77.5049,-25.8453
62.7,11,0,23,6,14,-73.6402,-31.8472
62.7,12,1,23,6,13,-73.8569,-30.6509
62.7,13,2,23,6,6,-74.6295,-35.0243
62.7,14,0,23,6,13,-74.338,-34.4974
62.8,0,0,23,6,13,-74.6574,-24.2539
62.8,1,2,23,6,14,-74.7563,-23.6192
62.8,2,1,23,6,13,-74.0616,-22.2621
62.8,3,1,23,6,14,-75.5252,-22.5147
62.8,4,0,23,6,13,-73.8419,-22.0604
62.8,5,0,23,6,14,-76.4876,-18.9204
62.8,6,1,23,6,13,-75.1674,-22.2652
62.8,7,2,23,6,14,-77.7297,-18.5954
62.8,8,0,23,6,13,-76.757,-23.0719
62.8,9,1,23,6,14,-74.3948,-24.5808
62.8,10,2,23,6,13,-77.3808,-25.8351
62.8,11,0,23,6,14,-73.5676,-32.0366
62.8,12,1,23,6,13,-73.6635,-30.8066
62.8,13,2,23,6,6,-74.6604,-35.3435
62.8,14,0,23,6,13,-74.2003,-34.588
62.9,0,0,23,6,13,-74.6796,-24.1629
62.9,1,2,23,6,14,-74.7283,-23.5459
62.9,2,1,23,6,13,-74.055,-22.378
62.9,3,1,23,6,14,-75.4421,-22.4603
62.9,4,0,23,6,13,-73.7444,-22.1668
62.9,5,0,23,6,14,-76.4196,-18.6693
62.9,6,1,23,6,13,-74.9493,-22.3152
62.9,7,2,23,6,14,-77.6579,-18.428
62.9,8,0,23,6,13,-76.5491,-23.0684
62.9,9,1,23,6,14,-74.2682,-24.4311
62.9,10,2,23,6,13,-77.2485,-25.8161
62.9,11,0,23,6,14,-73.4903,-32.3404
62.9,12,1,23,6,13,-76.1164,-30.8481
62.9,13,2,23,6,6,-74.6942,-35.7008
62.9,14,0,23,6,13,-74.0578,-34.7533
63,0,0,23,6,13,-74.7055,-24.0684
63,1,2,23,6,13,-74.707,-23.4705
63,2,1,23,6,13,-74.064,-22.4783
63,3,1,23,6,14,-75.3658,-22.4163
63,4,0,23,6,13,-73.6737,-22.2623
63,5,0,23,6,14,-76.3464,-18.4157
63,6,1,23,6,13,-74.7383,-22.3541
63,7,2,23,6,14,-77.581,-18.2593
63,8,0,23,6,13,-76.3317,-23.0504
63,9,1,23,6,14,-74.5938,-22.3782
63,10,2,23,6,13,-78.0744,-23.3827
63,11,0,23,6,14,-73.4079,-32.6969
63,12,1,23,6,13,-76.021,-31.0855
63,13,2,23,6,5,-74.7305,-31.7141
63,14,0,23,6,13,-73.9099,-34.9524
63.1,0,1,23,6,13,-74.7341,-23.9701
63.1,1,0,23,6,13,-74.6922,-23.3922
63.1,2,2,23,6,13,-74.0876,-22.5573
63.1,3,1,23,6,14,-75.2988,-22.383
63.1,4,0,23,6,13,-73.6326,-22.3414
63.1,5,0,23,6,14,-76.2675,-18.1611
63.1,6,1,23,6,13,-74.5395,-22.3764
63.1,7,2,23,6,14,-77.4989,-18.0894
63.1,8,2,23,6,13,-76.1069,-23.0135
63.1,9,1,23,6,14,-74.4511,-22.2485
63.1,10,0,23,6,13,-77.9247,-23.3563
63.1,11,0,23,6,14,-73.3205,-33.1078
63.1,12,1,23,6,13,-75.9218,-31.3695
63.1,13,2,23,6,5,-74.769,-32.2139
63.1,14,2,23,6,13,-73.7567,-35.1922
63.2,0,1,23,6,13,-74.7639,-23.8668
63.2,1,0,23,6,13,-74.683,-23.3101
63.2,2,2,23,6,13,-74.1247,-22.6165
63.2,3,1,23,6,14,-75.2432,-22.3581
63.2,4,0,23,6,13,-73.62,-22.4041
63.2,5,0,23,6,14,-76.1827,-17.9059
63.2,6,1,23,6,13,-74.3634,-22.3807
63.2,7,2,23,6,14,-77.4114,-17.9167
63.2,8,2,23,6,13,-75.8794,-22.959
63.2,9,1,23,6,14,-74.2991,-22.115
63.2,10,0,23,6,13,-77.7673,-23.3094
63.2,11,0,23,6,14,-73.2273,-33.5328
63.2,12,1,23,6,13,-75.8181,-31.7044
63.2,13,2,23,6,5,-74.8094,-32.8337
63.2,14,2,23,6,13,-73.5973,-35.4763
63.3,0,1,23,6,13,-74.7942,-23.7595
63.3,1,0,23,6,13,-74.6786,-23.2254
63.3,2,2,23,6,13,-74.1736,-22.655
63.3,3,1,23,6,14,-75.2003,-22.341
63.3,4,0,23,6,13,-73.6345,-22.4492
63.3,5,0,23,6,14,-76.0917,-17.6524
63.3,6,1,23,6,13,-74.2139,-22.3663
63.3,7,2,23,6,14,-77.3186,-17.7423
63.3,8,2,23,6,13,-75.6557,-22.8861
63.3,9,1,23,6,14,-74.598,-19.6743
63.3,10,0,23,6,13,-77.6025,-23.242
63.3,11,0,23,6,14,-73.128,-33.9645
63.3,12,1,23,6,13,-76.3867,-32.0879
63.3,13,2,23,6,5,-74.8513,-33.5701
63.3,14,2,23,6,13,-73.4317,-35.8094
63.4,0,1,23,6,13,-74.8238,-23.6472
63.4,1,0,23,6,13,-74.6784,-23.1367
63.4,2,2,23,6,13,-74.2324,-22.6728
63.4,3,1,23,6,14,-75.1684,-22.321
63.4,4,0,23,6,13,-73.6734,-22.4755
63.4,5,0,23,6,14,-75.9947,-17.4008
63.4,6,1,23,6,13,-74.0938,-22.3331
63.4,7,2,23,6,14,-77.2203,-17.5651
63.4,8,2,23,6,13,-75.4389,-22.7951
63.4,9,1,23,6,14,-74.4277,-19.5267
63.4,10,0,23,6,13,-77.4308,-23.155
63.4,11,0,23,6,14,-73.0219,-34.3943
63.4,12,1,23,6,13,-76.2827,-32.5132
63.4,13,2,23,6,5,-74.8941,-34.3805
63.4,14,2,23,6,13,-73.2594,-36.1768
63.5,0,1,23,6,13,-74.852,-23.6112
63.5,1,0,23,6,13,-74.6815,-23.0453
63.5,2,2,23,6,13,-74.2992,-22.6874
63.5,3,1,23,6,14,-75.1474,-22.2993
63.5,4,0,23,6,13,-73.7324,-22.5004
63.5,5,0,23,6,14,-75.8919,-17.1546
63.5,6,1,23,6,13,-74.0058,-22.3003
63.5,7,2,23,6,14,-78.1012,-5.04478
63.5,8,2,23,6,13,-75.2316,-22.705
63.5,9,1,23,6,14,-77.663,-18.9663
63.5,10,0,23,6,13,-77.2531,-23.0676
63.5,11,0,23,6,14,-72.9086,-34.813
63.5,12,1,23,6,13,-76.1725,-32.9722
63.5,13,2,23,6,5,-74.9375,-35.2537
63.5,14,2,23,6,13,-73.4434,-36.5681
63.6,0,1,23,6,13,-74.878,-23.6257
63.6,1,0,23,6,13,-74.6864,-22.9495
63.6,2,2,23,6,13,-74.3718,-22.7007
63.6,3,1,23,6,14,-75.1368,-22.2735
63.6,4,0,23,6,13,-73.8078,-22.525
63.6,5,0,23,6,14,-75.7841,-16.9135
63.6,6,1,23,6,13,-73.952,-22.2701
63.6,7,2,23,6,14,-78.0098,-5.29837
63.6,8,2,23,6,13,-75.0382,-22.618
63.6,9,1,23,6,14,-77.5963,-18.7879
63.6,10,0,23,6,13,-77.0701,-22.982
63.6,11,0,23,6,14,-72.7875,-35.2168
63.6,12,1,23,6,13,-76.0557,-33.4628
63.6,13,2,23,6,5,-74.9809,-36.1792
63.6,14,2,23,6,13,-73.258,-37.0042
63.7,0,1,23,6,13,-74.9012,-23.6376
63.7,1,0,23,6,13,-74.6923,-22.8496
63.7,2,2,23,6,13,-74.4482,-22.714
63.7,3,1,23,6,14,-75.1353,-22.2433
63.7,4,0,23,6,13,-73.8956,-22.55
63.7,5,0,23,6,14,-76.3401,-8.40658
63.7,6,1,23,6,13,-73.932,-22.2454
63.7,7,2,23,6,14,-77.9122,-5.55842
63.7,8,2,23,6,13,-74.8616,-22.5359
63.7,9,1,23,6,14,-77.5236,-18.6082
63.7,10,0,23,6,13,-76.8832,-22.9003
63.7,11,0,23,6,14,-72.6583,-35.5977
63.7,12,1,23,6,13,-75.9325,-33.9809
63.7,13,2,23,6,5,-75.0238,-37.14
63.7,14,2,23,6,13,-73.4202,-37.4408
63.8,0,1,23,6,13,-74.9207,-23.6463
63.8,1,0,23,6,13,-74.6983,-22.7462
63.8,2,2,23,6,13,-74.5263,-22.7262
63.8,3,1,23,6,13,-75.1417,-22.2089
63.8,4,0,23,6,13,-73.9918,-22.5742
63.8,5,0,23,6,14,-76.2381,-8.62451
63.8,6,1,23,6,13,-73.9459,-22.2262
63.8,7,2,23,6,14,-77.8085,-5.8249
63.8,8,2,23,6,13,-74.7048,-22.4574
63.8,9,1,23,6,14,-78.5001,-7.84035
63.8,10,0,23,6,13,-76.6936,-22.8218
63.8,11,0,23,6,14,-72.5204,-35.9575
63.8,12,1,23,6,13,-75.8026,-34.5193
63.8,13,2,23,6,4,-75.066,-24.0933
63.8,14,2,23,6,13,-73.5912,-37.9335
63.9,0,1,23,6,13,-74.9359,-23.6554
63.9,1,0,23,6,13,-74.7032,-22.6374
63.9,2,2,23,6,13,-74.6041,-22.741
63.9,3,1,23,6,13,-75.1539,-22.1677
63.9,4,0,23,6,13,-74.0924,-22.6
63.9,5,0,23,6,14,-76.1332,-8.85131
63.9,6,1,23,6,13,-73.9913,-22.2181
63.9,7,2,23,6,14,-77.6982,-6.09702
63.9,8,2,23,6,13,-74.571,-22.3862
63.9,9,1,23,6,14,-78.4473,-7.66436
63.9,10,0,23,6,13,-76.5026,-22.7494
63.9,11,0,23,6,14,-72.3734,-36.2858
63.9,12,1,23,6,13,-75.6659,-35.066
63.9,13,2,23,6,4,-75.1073,-24.3966
63.9,14,2,23,6,13,-76.1364,-38.4112
64,0,1,23,6,13,-74.9466,-23.6674
64,1,0,23,6,13,-74.7063,-22.5254
64,2,2,23,6,13,-74.6798,-22.7602
64,3,1,23,6,13,-75.7562,-19.3977
64,4,0,23,6,13,-74.1941,-22.6297
64,5,0,23,6,14,-76.0276,-9.08591
64,6,1,23,6,13,-74.0627,-22.2224
64,7,2,23,6,14,-76.7289,-6.37504
64,8,2,23,6,13,-74.462,-22.3247
64,9,1,23,6,14,-78.3878,-7.45883
64,10,0,23,6,13,-76.3124,-22.6865
64,11,0,23,6,14,-72.2167,-36.5806
64,12,1,23,6,13,-76.1621,-34.0231
64,13,2,23,6,4,-74.6406,-27.803
64,14,2,23,6,13,-76.0307,-38.9328
64.1,0,0,23,6,13,-74.9509,-23.7408
64.1,1,2,23,6,13,-75.2268,-22.3636
64.1,2,1,23,6,13,-74.7516,-22.8431
64.1,3,1,23,6,13,-75.7879,-19.3298
64.1,4,0,23,6,13,-74.293,-22.7215
64.1,5,0,23,6,14,-75.9237,-9.32607
64.1,6,2,23,6,13,-74.154,-22.2965
64.1,7,2,23,6,14,-76.6745,-6.65723
64.1,8,1,23,6,13,-74.3791,-22.3319
64.1,9,1,23,6,14,-78.3212,-7.22728
64.1,10,0,23,6,13,-76.124,-22.6914
64.1,11,0,23,6,14,-72.3182,-36.4747
64.1,12,2,23,6,13,-75.9999,-34.7507
64.1,13,2,23,6,4,-74.7067,-28.0885
64.1,14,1,23,6,13,-75.9187,-39.4406
64.2,0,0,23,6,13,-74.9488,-23.8851
64.2,1,2,23,6,13,-75.8353,-19.3843
64.2,2,1,23,6,13,-74.8174,-22.9979
64.2,3,1,23,6,13,-75.822,-19.2553
64.2,4,0,23,6,13,-74.3861,-22.8833
64.2,5,0,23,6,14,-75.825,-9.57138
64.2,6,2,23,6,13,-74.2586,-22.4477
64.2,7,2,23,6,14,-76.6099,-6.94344
64.2,8,1,23,6,13,-74.3222,-22.4155
64.2,9,1,23,6,14,-78.2475,-6.97522
64.2,10,0,23,6,13,-75.9397,-22.7728
64.2,11,0,23,6,14,-72.1228,-36.7162
64.2,12,2,23,6,13,-76.5271,-30.8556
64.2,13,2,23,6,4,-74.772,-28.3882
64.2,14,1,23,6,13,-75.8,-39.9159
64.3,0,0,23,6,13,-75.4931,-24.0829
64.3,1,2,23,6,13,-75.8667,-19.2312
64.3,2,1,23,6,13,-74.8763,-23.2275
64.3,3,1,23,6,13,-75.8567,-19.1708
64.3,4,0,23,6,13,-74.4712,-23.118
64.3,5,0,23,6,14,-75.7348,-9.82204
64.3,6,2,23,6,13,-74.3712,-22.6778
64.3,7,2,23,6,14,-76.5351,-7.23469
64.3,8,1,23,6,13,-74.7664,-8.72027
64.3,9,1,23,6,14,-78.1666,-6.70747
64.3,10,0,23,6,13,-76.4415,-8.736
64.3,11,0,23,6,14,-75.036,-36.8019
64.3,12,2,23,6,13,-78.1042,-8.72349
64.3,13,2,23,6,4,-74.8363,-28.7052
64.3,14,1,23,6,13,-75.6749,-40.3352
64.4,0,0,23,6,13,-75.501,-24.3731
64.4,1,2,23,6,13,-75.8959,-19.071
64.4,2,1,23,6,13,-74.9264,-23.5294
64.4,3,1,23,6,13,-75.89,-19.0766
64.4,4,0,23,6,13,-74.546,-23.4224
64.4,5,0,23,6,14,-75.6568,-10.0768
64.4,6,2,23,6,13,-74.989,-8.43996
64.4,7,2,23,6,14,-76.4505,-7.53067
64.4,8,1,23,6,13,-74.7863,-8.24739
64.4,9,1,23,6,14,-78.0784,-6.46439
64.4,10,0,23,6,13,-76.2809,-8.27055
64.4,11,0,23,6,14,-76.0944,-36.6173
64.4,12,2,23,6,13,-77.9378,-8.26473
64.4,13,2,23,6,4,-74.8989,-29.0413
64.4,14,1,23,6,13,-76.1811,-40.6772
64.5,0,0,23,6,13,-75.5025,-24.7285
64.5,1,2,23,6,13,-75.923,-18.9067
64.5,2,1,23,6,13,-74.9678,-23.8965
64.5,3,1,23,6,13,-75.9216,-18.9752
64.5,4,0,23,6,13,-74.6099,-23.789
64.5,5,0,23,6,14,-75.5949,-10.3352
64.5,6,2,23,6,13,-75.1422,-8.02606
64.5,7,2,23,6,14,-76.3569,-7.831
64.5,8,1,23,6,13,-74.8355,-7.7925
64.5,9,1,23,6,14,-77.9831,-6.23458
64.5,10,0,23,6,13,-76.1354,-7.82553
64.5,11,0,23,6,14,-75.9714,-36.6364
64.5,12,2,23,6,13,-77.7707,-7.83015
64.5,13,2,23,6,4,-74.9604,-29.3987
64.5,14,1,23,6,13,-76.0498,-40.932
64.6,0,0,23,6,13,-75.4989,-25.0705
64.6,1,2,23,6,13,-75.948,-18.7345
64.6,2,1,23,6,13,-75.5737,-17.0037
64.6,3,1,23,6,13,-75.9504,-18.8619
64.6,4,0,23,6,13,-75.1975,-15.6297
64.6,5,0,23,6,14,-75.5521,-10.5971
64.6,6,2,23,6,13,-75.2947,-7.64282
64.6,7,2,23,6,14,-76.2555,-8.13559
64.6,8,1,23,6,13,-74.9115,-7.37421
64.6,9,1,23,6,14,-77.8806,-6.03613
64.6,10,0,23,6,13,-76.007,-7.41576
64.6,11,0,23,6,14,-77.3976,-31.4126
64.6,12,2,23,6,13,-77.604,-7.43286
64.6,13,2,23,6,4,-75.0203,-29.7806
64.6,14,1,23,6,13,-75.9123,-41.0987
64.7,0,0,23,6,13,-75.4901,-25.4042
64.7,1,2,23,6,13,-75.9705,-18.5552
64.7,2,1,23,6,13,-75.6338,-16.8308
64.7,3,1,23,6,13,-75.9762,-18.7385
64.7,4,0,23,6,13,-75.8816,-7.60222
64.7,5,0,23,6,14,-75.5317,-10.8618
64.7,6,2,23,6,13,-75.4439,-7.28721
64.7,7,2,23,6,14,-76.1485,-8.4444
64.7,8,1,23,6,13,-75.0119,-6.99216
64.7,9,1,23,6,14,-77.7711,-5.83469
64.7,10,0,23,6,13,-75.8981,-7.03842
64.7,11,0,23,6,14,-77.2898,-31.5468
64.7,12,2,23,6,13,-77.4399,-7.1134
64.7,13,2,23,6,4,-75.0787,-30.1904
64.7,14,1,23,6,13,-76.4537,-41.1077
64.8,0,0,23,6,13,-75.4757,-25.7334
64.8,1,2,23,6,13,-75.99,-18.3704
64.8,2,1,23,6,13,-75.6871,-16.6513
64.8,3,1,23,6,13,-75.9983,-18.6063
64.8,4,0,23,6,13,-75.9858,-7.25742
64.8,5,0,23,6,14,-75.5349,-11.1289
64.8,6,2,23,6,13,-75.5875,-6.95573
64.8,7,2,23,6,14,-76.0385,-8.75654
64.8,8,1,23,6,13,-75.1311,-6.64224
64.8,9,1,23,6,14,-77.6548,-5.73203
64.8,10,0,23,6,13,-75.8109,-6.69017
64.8,11,0,23,6,14,-77.1733,-31.6694
64.8,12,2,23,6,13,-77.2804,-6.93502
64.8,13,2,23,6,4,-75.1355,-30.6327
64.8,14,1,23,6,13,-76.306,-41.1016
64.9,0,0,23,6,13,-76.105,-18.219
64.9,1,2,23,6,13,-76.0059,-18.1782
64.9,2,1,23,6,13,-75.7329,-16.4629
64.9,3,1,23,6,13,-76.0159,-18.4634
64.9,4,0,23,6,13,-76.0825,-6.94779
64.9,5,0,23,6,14,-75.5612,-11.3624
64.9,6,2,23,6,13,-75.7236,-6.66081
64.9,7,2,23,6,14,-75.9262,-9.03357
64.9,8,1,23,6,13,-75.2628,-6.33671
64.9,9,1,23,6,14,-77.532,-6.04115
64.9,10,0,23,6,13,-75.7457,-6.3826
64.9,11,0,23,6,14,-78.0198,-7.43133
64.9,12,2,23,6,13,-77.1264,-6.74986
64.9,13,2,23,6,4,-75.1806,-31.0831
64.9,14,1,23,6,13,-76.1522,-41.0217
65,0,0,23,6,13,-76.1143,-18.0128
65,1,2,23,6,13,-76.0181,-17.9944
65,2,1,23,6,13,-75.7715,-16.2806
65,3,1,23,6,13,-76.0289,-18.327
65,4,0,23,6,13,-76.1717,-6.66691
65,5,0,23,6,13,-75.6078,-4.11792
65,6,2,23,6,13,-75.8514,-6.39518
65,7,2,23,6,14,-75.8163,-9.27545
65,8,1,23,6,13,-75.4018,-6.06725
65,9,1,23,6,14,-77.4027,-6.30197
65,10,0,23,6,13,-75.7035,-6.10913
65,11,0,23,6,14,-77.9138,-7.15927
65,12,2,23,6,13,-76.9834,-6.57403
65,13,2,23,6,3,-75.2131,-26.5124
65,14,1,23,6,13,-75.9933,-40.8811
65.1,0,1,23,6,13,-76.1197,-17.7992
65.1,1,2,23,6,13,-76.0264,-17.8009
65.1,2,0,23,6,13,-75.8028,-16.087
65.1,3,1,23,6,13,-76.0372,-18.1778
65.1,4,2,23,6,13,-76.2539,-6.41087
65.1,5,0,23,6,13,-75.6725,-4.24376
65.1,6,1,23,6,13,-75.9703,-6.15473
65.1,7,2,23,6,14,-75.7144,-9.48585
65.1,8,0,23,6,13,-75.5432,-5.82809
65.1,9,1,23,6,14,-76.4943,-6.52038
65.1,10,2,23,6,13,-75.6844,-5.86313
65.1,11,0,23,6,14,-77.8006,-6.89234
65.1,12,1,23,6,13,-76.8504,-6.39036
65.1,13,2,23,6,3,-74.7337,-28.5379
65.1,14,0,23,6,13,-75.8299,-40.6923
65.2,0,1,23,6,13,-76.1211,-17.58
65.2,1,2,23,6,13,-76.0309,-17.5993
65.2,2,0,23,6,13,-75.827,-15.8841
65.2,3,1,23,6,13,-76.041,-18.0178
65.2,4,2,23,6,13,-76.3294,-6.17453
65.2,5,0,23,6,13,-75.7514,-4.38116
65.2,6,1,23,6,13,-76.0798,-5.93301
65.2,7,2,23,6,14,-75.6259,-9.69715
65.2,8,0,23,6,13,-75.6839,-5.61317
65.2,9,1,23,6,14,-76.4054,-6.73145
65.2,10,2,23,6,13,-75.688,-5.63824
65.2,11,0,23,6,14,-77.681,-6.62849
65.2,12,1,23,6,13,-76.7298,-6.19877
65.2,13,2,23,6,3,-74.7515,-28.7533
65.2,14,0,23,6,13,-75.6628,-40.4715
65.3,0,1,23,6,13,-76.1188,-17.354
65.3,1,2,23,6,13,-76.0314,-17.388
65.3,2,0,23,6,13,-76.5424,-6.16477
65.3,3,1,23,6,13,-76.0408,-17.8456
65.3,4,2,23,6,13,-76.3986,-5.95556
65.3,5,0,23,6,13,-75.8408,-4.52839
65.3,6,1,23,6,13,-76.1805,-5.72738
65.3,7,2,23,6,14,-75.5569,-9.85244
65.3,8,0,23,6,13,-75.8207,-5.41873
65.3,9,1,23,6,14,-76.3043,-6.88699
65.3,10,2,23,6,13,-75.7131,-5.43118
65.3,11,0,23,6,14,-77.5557,-6.36993
65.3,12,1,23,6,13,-76.6232,-5.99933
65.3,13,2,23,6,3,-74.7705,-28.9577
65.3,14,0,23,6,13,-76.1328,-39.8449
65.4,0,1,23,6,13,-76.1127,-17.1224
65.4,1,2,23,6,13,-76.0281,-17.1685
65.4,2,0,23,6,13,-76.5879,-6.1381
65.4,3,1,23,6,13,-76.0363,-17.6626
65.4,4,2,23,6,13,-76.4618,-5.75204
65.4,5,0,23,6,13,-75.9366,-4.68307
65.4,6,1,23,6,13,-76.2724,-5.53574
65.4,7,2,23,6,14,-75.5104,-9.97892
65.4,8,0,23,6,13,-75.9509,-5.24126
65.4,9,1,23,6,14,-76.1927,-7.01627
65.4,10,2,23,6,13,-75.7581,-5.239
65.4,11,0,23,6,14,-77.4253,-6.11763
65.4,12,1,23,6,13,-76.5327,-5.79235
65.4,13,2,23,6,3,-74.7783,-29.4147
65.4,14,0,23,6,13,-75.9636,-39.5534
65.5,0,1,23,6,13,-76.1026,-16.8861
65.5,1,2,23,6,13,-76.0209,-16.9416
65.5,2,0,23,6,13,-76.6284,-6.10329
65.5,3,1,23,6,13,-76.0278,-17.4698
65.5,4,2,23,6,13,-76.5195,-5.56312
65.5,5,0,23,6,13,-76.0346,-4.84302
65.5,6,1,23,6,13,-76.3561,-5.35652
65.5,7,2,23,6,14,-75.488,-10.0786
65.5,8,0,23,6,13,-76.0741,-5.07959
65.5,9,1,23,6,14,-76.0725,-7.12269
65.5,10,2,23,6,13,-75.8201,-5.05952
65.5,11,0,23,6,14,-77.2911,-5.87447
65.5,12,1,23,6,13,-76.4594,-5.57811
65.5,13,2,23,6,3,-74.7754,-29.7797
65.5,14,0,23,6,13,-75.7943,-39.2468
65.6,0,1,23,6,13,-76.0889,-16.6434
65.6,1,2,23,6,13,-76.0099,-16.7055
65.6,2,0,23,6,13,-76.6642,-6.05905
65.6,3,1,23,6,13,-76.0154,-17.2657
65.6,4,2,23,6,13,-76.5718,-5.38498
65.6,5,0,23,6,13,-76.1316,-5.00671
65.6,6,1,23,6,13,-76.4322,-5.18545
65.6,7,2,23,6,14,-75.4896,-10.1543
65.6,8,0,23,6,13,-76.1885,-4.92768
65.6,9,1,23,6,14,-75.9464,-7.20973
65.6,10,2,23,6,13,-75.8973,-4.88879
65.6,11,0,23,6,14,-77.1529,-5.63918
65.6,12,1,23,6,13,-76.4047,-5.35741
65.6,13,2,23,6,3,-74.7624,-30.0464
65.6,14,0,23,6,13,-75.6267,-38.9249
65.7,0,1,23,6,13,-76.0713,-16.3967
65.7,1,2,23,6,13,-75.9949,-16.4629
65.7,2,0,23,6,13,-76.6956,-6.00388
65.7,3,1,23,6,13,-75.9995,-17.0529
65.7,4,2,23,6,13,-76.6192,-5.21439
65.7,5,0,23,6,13,-76.2241,-5.17106
65.7,6,1,23,6,13,-76.5011,-5.01926
65.7,7,2,23,6,14,-75.5137,-10.2074
65.7,8,0,23,6,13,-76.294,-4.78234
65.7,9,1,23,6,14,-75.8174,-7.27929
65.7,10,2,23,6,13,-75.9856,-4.72253
65.7,11,0,23,6,14,-77.011,-5.6282
65.7,12,1,23,6,13,-76.3685,-5.12993
65.7,13,2,23,6,3,-74.7392,-30.2303
65.7,14,0,23,6,13,-75.462,-38.5905
65.8,0,1,23,6,13,-76.05,-16.1456
65.8,1,2,23,6,13,-75.9761,-16.2133
65.8,2,0,23,6,13,-76.7226,-5.93607
65.8,3,1,23,6,13,-75.9799,-16.8314
65.8,4,2,23,6,13,-76.6622,-5.04761
65.8,5,0,23,6,13,-76.3095,-5.33419
65.8,6,1,23,6,13,-76.5634,-4.85342
65.8,7,2,23,6,14,-75.5587,-10.2404
65.8,8,0,23,6,13,-76.3906,-4.63805
65.8,9,1,23,6,14,-75.689,-7.33412
65.8,10,2,23,6,13,-76.0832,-4.55924
65.8,11,0,23,6,14,-76.8655,-5.69204
65.8,12,1,23,6,13,-76.3511,-4.92994
65.8,13,2,23,6,3,-74.7061,-30.352
65.8,14,0,23,6,13,-75.3017,-38.2407
65.9,0,1,23,6,13,-76.025,-15.8885
65.9,1,2,23,6,13,-76.679,-6.99691
65.9,2,0,23,6,13,-76.7455,-5.85387
65.9,3,1,23,6,13,-75.9568,-16.5993
65.9,4,2,23,6,13,-76.7006,-4.88069
65.9,5,0,23,6,13,-76.3858,-5.49434
65.9,6,1,23,6,13,-76.6198,-4.68476
65.9,7,2,23,6,14,-75.6209,-10.2551
65.9,8,0,23,6,13,-76.4783,-4.49167
65.9,9,1,23,6,14,-75.5657,-7.37628
65.9,10,2,23,6,13,-76.1872,-4.39827
65.9,11,0,23,6,14,-76.7171,-5.73528
65.9,12,1,23,6,13,-76.3517,-4.78489
65.9,13,2,23,6,3,-74.6633,-30.4175
65.9,14,0,23,6,13,-75.7409,-37.8792
66,0,1,23,6,13,-76.739,-7.05921
66,1,2,23,6,13,-76.686,-6.9059
66,2,0,23,6,13,-76.7646,-5.75585
66,3,1,23,6,13,-76.6326,-7.21883
66,4,2,23,6,13,-76.7348,-4.69297
66,5,0,23,6,13,-76.4511,-5.64788
66,6,1,23,6,13,-76.6707,-4.48961
66,7,2,23,6,14,-75.6967,-10.2532
66,8,0,23,6,13,-76.5575,-4.31617
66,9,1,23,6,14,-75.4523,-7.40731
66,10,2,23,6,13,-76.2961,-4.21641
66,11,0,23,6,14,-76.5476,-5.78521
66,12,1,23,6,13,-76.3694,-4.61046
66,13,2,23,6,3,-74.6106,-30.6662
66,14,0,23,6,13,-77.0406,-7.62073
66.1,0,1,23,6,13,-76.7374,-6.96417
66.1,1,2,23,6,13,-76.6903,-6.79996
66.1,2,0,23,6,13,-76.7797,-5.64092
66.1,3,1,23,6,13,-76.6337,-7.11937
66.1,4,2,23,6,13,-76.765,-4.50056
66.1,5,0,23,6,13,-76.5042,-5.79106
66.1,6,1,23,6,13,-76.7162,-4.28663
66.1,7,2,23,6,14,-75.7817,-10.2252
66.1,8,0,23,6,13,-76.6284,-4.1333
66.1,9,1,23,6,14,-75.3536,-7.41106
66.1,10,2,23,6,13,-76.405,-4.03955
66.1,11,0,23,6,14,-76.378,-5.80465
66.1,12,1,23,6,13,-76.4021,-4.43431
66.1,13,2,23,6,3,-74.5448,-30.87
66.1,14,0,23,6,13,-76.9382,-7.4193
66.2,0,1,23,6,13,-76.7323,-6.85446
66.2,1,2,23,6,13,-76.692,-6.67782
66.2,2,0,23,6,13,-76.791,-5.50653
66.2,3,1,23,6,13,-76.6329,-7.00253
66.2,4,2,23,6,13,-76.7913,-4.29815
66.2,5,0,23,6,13,-76.5441,-5.90944
66.2,6,1,23,6,13,-76.7569,-4.0705
66.2,7,2,23,6,14,-75.8717,-10.183
66.2,8,0,23,6,13,-76.6918,-3.93728
66.2,9,1,23,6,14,-75.2587,-7.40016
66.2,10,2,23,6,13,-76.5114,-3.86323
66.2,11,0,23,6,14,-76.2113,-5.80951
66.2,12,1,23,6,13,-76.4486,-4.25406
66.2,13,2,23,6,3,-74.4661,-31.0432
66.2,14,0,23,6,13,-76.8514,-7.21782
66.3,0,1,23,6,13,-76.7238,-6.72969
66.3,1,2,23,6,13,-76.691,-6.53878
66.3,2,0,23,6,13,-76.7986,-5.35257
66.3,3,1,23,6,13,-76.6301,-6.86865
66.3,4,2,23,6,13,-76.8136,-4.0855
66.3,5,0,23,6,13,-76.5717,-6.00131
66.3,6,1,23,6,13,-76.7931,-3.84143
66.3,7,2,23,6,14,-75.9632,-10.1287
66.3,8,0,23,6,13,-76.7479,-3.72833
66.3,9,1,23,6,14,-75.1871,-7.37279
66.3,10,2,23,6,13,-76.6123,-3.68676
66.3,11,0,23,6,14,-76.0548,-5.79788
66.3,12,1,23,6,13,-76.5061,-4.07012
66.3,13,2,23,6,3,-74.3742,-31.2015
66.3,14,0,23,6,13,-76.7816,-7.01789
66.4,0,1,23,6,13,-76.7117,-6.58912
66.4,1,2,23,6,13,-76.6874,-6.38304
66.4,2,0,23,6,13,-76.8027,-5.17842
66.4,3,1,23,6,13,-76.6256,-6.71765
66.4,4,2,23,6,13,-76.8323,-3.85699
66.4,5,0,23,6,13,-76.5882,-6.06431
66.4,6,1,23,6,13,-76.8252,-3.59428
66.4,7,2,23,6,14,-76.0527,-10.0723
66.4,8,0,23,6,13,-76.7979,-3.50114
66.4,9,1,23,6,14,-75.1416,-7.34096
66.4,10,2,23,6,13,-76.7063,-3.50496
66.4,11,0,23,6,14,-75.9132,-5.78231
66.4,12,1,23,6,13,-76.5727,-3.87918
66.4,13,2,23,6,3,-74.2732,-31.3481
66.4,14,0,23,6,13,-76.7296,-6.82013
66.5,0,1,23,6,13,-76.6962,-6.43254
66.5,1,2,23,6,13,-76.6812,-6.20997
66.5,2,0,23,6,13,-76.8034,-4.98427
66.5,3,1,23,6,13,-76.6196,-6.55048
66.5,4,2,23,6,13,-76.8475,-3.60838
66.5,5,0,23,6,13,-76.5951,-6.09803
66.5,6,1,23,6,13,-76.8534,-3.32481
66.5,7,2,23,6,14,-76.1378,-10.0181
66.5,8,0,23,6,13,-76.8422,-3.25151
66.5,9,1,23,6,14,-75.1239,-7.30913
66.5,10,2,23,6,13,-76.7919,-3.31313
66.5,11,0,23,6,14,-75.7914,-5.76837
66.5,12,1,23,6,13,-76.6458,-3.67802
66.5,13,2,23,6,3,-74.1648,-31.4933
66.5,14,0,23,6,13,-76.6958,-6.62553
66.6,0,0,23,6,13,-76.677,-6.26047
66.6,1,1,23,6,13,-76.6724,-6.0209
66.6,2,2,23,6,13,-76.8008,-4.77093
66.6,3,0,23,6,13,-76.6118,-6.36847
66.6,4,1,23,6,13,-76.8592,-3.33683
66.6,5,1,23,6,13,-76.5936,-6.10183
66.6,6,0,23,6,13,-76.878,-3.03089
66.6,7,2,23,6,14,-76.2161,-9.96714
66.6,8,2,23,6,13,-76.8814,-2.97767
66.6,9,1,23,6,14,-75.1327,-7.27831
66.6,10,1,23,6,13,-76.8685,-3.10819
66.6,11,0,23,6,14,-75.6944,-5.75595
66.6,12,0,23,6,13,-76.7232,-3.46561
66.6,13,2,23,6,3,-74.0492,-31.6276
66.6,14,2,23,6,13,-76.6796,-6.43532
66.7,0,0,23,6,13,-76.654,-6.07422
66.7,1,1,23,6,13,-76.6609,-5.81667
66.7,2,2,23,6,13,-76.7947,-4.53987
66.7,3,0,23,6,13,-76.6022,-6.17308
66.7,4,1,23,6,13,-76.8673,-3.04052
66.7,5,1,23,6,13,-76.5848,-6.07703
66.7,6,0,23,6,13,-76.8991,-2.71099
66.7,7,2,23,6,14,-76.2854,-9.91903
66.7,8,2,23,6,13,-76.9158,-2.67821
66.7,9,1,23,6,14,-75.1661,-7.24847
66.7,10,1,23,6,13,-76.9355,-2.8861
66.7,11,0,23,6,14,-75.6252,-5.74482
66.7,12,0,23,6,13,-76.8021,-3.24
66.7,13,2,23,6,3,-73.9258,-31.7513
66.7,14,2,23,6,13,-76.6808,-6.25058
66.8,0,0,23,6,13,-76.6272,-5.87485
66.8,1,1,23,6,13,-76.6465,-5.59923
66.8,2,2,23,6,13,-76.7852,-4.29275
66.8,3,0,23,6,13,-76.5907,-5.96489
66.8,4,1,23,6,13,-76.8718,-2.71909
66.8,5,1,23,6,13,-76.5698,-6.02577
66.8,6,0,23,6,13,-76.9166,-2.3661
66.8,7,2,23,6,14,-76.3447,-9.87443
66.8,8,2,23,6,13,-76.9457,-2.35336
66.8,9,1,23,6,14,-75.2206,-7.21954
66.8,10,1,23,6,13,-76.9932,-2.64739
66.8,11,0,23,6,14,-75.5861,-5.73462
66.8,12,0,23,6,13,-76.8809,-3.00361
66.8,13,2,23,6,3,-73.7944,-32.1057
66.8,14,2,23,6,13,-76.6977,-6.15183
66.9,0,0,23,6,13,-76.5964,-5.66462
66.9,1,1,23,6,13,-76.6291,-5.37108
66.9,2,2,23,6,13,-76.772,-4.03303
66.9,3,0,23,6,13,-76.5773,-5.7435
66.9,4,1,23,6,13,-76.8727,-2.37444
66.9,5,1,23,6,13,-76.5495,-5.95166
66.9,6,0,23,6,13,-76.9305,-1.99763
66.9,7,2,23,6,14,-76.3927,-9.834
66.9,8,2,23,6,13,-76.9715,-2.00628
66.9,9,1,23,6,14,-75.2921,-7.19265
66.9,10,1,23,6,13,-77.0417,-2.39185
66.9,11,0,23,6,14,-75.5777,-5.72577
66.9,12,0,23,6,13,-76.9574,-2.75804
66.9,13,2,23,6,4,-73.6551,-32.5117
66.9,14,2,23,6,14,-76.7285,-11.1877
67,0,0,23,6,13,-76.5614,-5.44505
67,1,1,23,6,13,-76.6084,-5.1336
67,2,2,23,6,13,-76.7552,-3.76217
67,3,0,23,6,13,-76.5618,-5.50864
67,4,1,23,6,13,-76.8698,-2.02042
67,5,1,23,6,13,-76.5247,-5.85797
67,6,0,23,6,13,-76.9408,-1.60947
67,7,2,23,6,14,-76.429,-9.79756
67,8,2,23,6,13,-76.9931,-1.64074
67,9,1,23,6,14,-75.3763,-7.16777
67,10,1,23,6,13,-77.0815,-2.12192
67,11,0,23,6,14,-75.5983,-5.71822
67,12,0,23,6,13,-77.0303,-2.57102
67,13,2,23,6,4,-73.5074,-32.9601
67,14,2,23,6,14,-76.7716,-11.0874
67.1,0,2,23,6,13,-76.5222,-5.21913
67.1,1,1,23,6,13,-76.5845,-4.88977
67.1,2,0,23,6,13,-76.7344,-3.4836
67.1,3,2,23,6,13,-76.5442,-5.26248
67.1,4,1,23,6,13,-76.8631,-1.70396
67.1,5,1,23,6,14,-76.4963,-11.3333
67.1,6,2,23,6,13,-76.9477,-1.20622
67.1,7,0,23,6,14,-76.4536,-9.76603
67.1,8,0,23,6,13,-77.011,-1.26114
67.1,9,2,23,6,14,-75.4682,-7.14585
67.1,10,1,23,6,13,-77.1131,-1.83988
67.1,11,1,23,6,14,-75.646,-5.71259
67.1,12,2,23,6,13,-77.0974,-2.52325
67.1,13,0,23,6,5,-73.3515,-48.158
67.1,14,0,23,6,14,-76.8246,-10.996
67.2,0,2,23,6,13,-73.709,-12.0221
67.2,1,1,23,6,13,-76.5571,-4.64226
67.2,2,0,23,6,13,-76.7097,-3.19959
67.2,3,2,23,6,13,-76.5243,-5.00796
67.2,4,1,23,6,13,-76.8523,-1.38035
67.2,5,1,23,6,14,-76.4645,-11.2405
67.2,6,2,23,6,13,-76.9507,-0.795666
67.2,7,0,23,6,14,-76.4665,-9.73914
67.2,8,0,23,6,13,-77.025,-0.875772
67.2,9,2,23,6,14,-75.5632,-7.12727
67.2,10,1,23,6,13,-77.1371,-1.55299
67.2,11,1,23,6,14,-75.7159,-5.7083
67.2,12,2,23,6,13,-77.1572,-2.48347
67.2,13,0,23,6,5,-73.187,-46.4269
67.2,14,0,23,6,14,-76.885,-10.9143
67.3,0,2,23,6,13,-73.7906,-11.6477
67.3,1,1,23,6,13,-76.5261,-4.39354
67.3,2,0,23,6,13,-76.6809,-2.91258
67.3,3,2,23,6,13,-76.5015,-4.74899
67.3,4,1,23,6,13,-76.8377,-1.05192
67.3,5,1,23,6,14,-76.4299,-11.1487
67.3,6,2,23,6,13,-76.95,-0.383807
67.3,7,0,23,6,14,-76.468,-9.71736
67.3,8,0,23,6,13,-77.035,-0.49093
67.3,9,2,23,6,14,-75.6578,-7.11256
67.3,10,1,23,6,13,-77.1542,-1.26561
67.3,11,1,23,6,14,-75.8038,-5.7063
67.3,12,2,23,6,13,-77.2086,-2.45143
67.3,13,0,23,6,5,-73.0142,-44.8789
67.3,14,0,23,6,14,-76.9506,-10.8431
67.4,0,2,23,6,13,-73.8655,-11.26
67.4,1,1,23,6,13,-76.4915,-4.14615
67.4,2,0,23,6,13,-76.6479,-2.62607
67.4,3,2,23,6,14,-76.476,-11.3399
67.4,4,1,23,6,13,-76.8191,-0.72268
67.4,5,1,23,6,14,-76.3929,-11.0587
67.4,6,2,23,6,13,-76.9453,0.0216786
67.4,7,0,23,6,14,-76.4584,-9.70061
67.4,8,0,23,6,13,-77.0414,-0.114317
67.4,9,2,23,6,14,-75.7481,-7.10204
67.4,10,1,23,6,13,-77.1652,-0.985019
67.4,11,1,23,6,14,-75.9047,-5.70672
67.4,12,2,23,6,13,-77.251,-2.42803
67.4,13,0,23,6,6,-72.8334,-45.0349
67.4,14,0,23,6,14,-77.0188,-10.7826
67.5,0,2,23,6,13,-73.9334,-10.8613
67.5,1,1,23,6,13,-76.4529,-3.90306
67.5,2,0,23,6,13,-76.6106,-2.34212
67.5,3,2,23,6,14,-76.4473,-11.2635
67.5,4,1,23,6,13,-76.7963,-0.394532
67.5,5,1,23,6,14,-76.3538,-10.9712
67.5,6,2,23,6,13,-76.9365,0.413879
67.5,7,0,23,6,14,-76.4385,-9.68925
67.5,8,0,23,6,13,-77.0438,0.246604
67.5,9,2,23,6,14,-75.8318,-7.09595
67.5,10,1,23,6,13,-77.1707,-0.718235
67.5,11,1,23,6,14,-76.013,-5.70976
67.5,12,2,23,6,13,-77.2843,-2.4128
67.5,13,0,23,6,6,-74.7883,-44.2564
67.5,14,0,23,6,14,-77.0875,-10.7329
67.6,0,2,23,6,13,-73.9941,-10.454
67.6,1,1,23,6,13,-73.6688,-10.0529
67.6,2,0,23,6,13,-76.569,-2.06277
67.6,3,2,23,6,14,-76.4155,-11.1935
67.6,4,2,23,6,13,-76.7692,-0.0695219
67.6,5,1,23,6,14,-76.3128,-10.8866
67.6,6,1,23,9,13,-76.9237,0.785734
67.6,7,0,23,6,14,-76.4089,-9.68224
67.6,8,0,23,6,13,-77.0423,0.585849
67.6,9,2,23,6,14,-75.9062,-7.09422
67.6,10,2,23,12,13,-77.171,-0.470769
67.6,11,1,23,6,14,-76.1239,-5.71561
67.6,12,1,23,6,13,-77.3083,-2.40638
67.6,13,0,23,6,6,-74.7063,-43.6594
67.6,14,0,23,6,14,-77.1547,-10.694
67.7,0,2,23,6,13,-74.0471,-10.0409
67.7,1,1,23,6,13,-73.7452,-9.63179
67.7,2,0,23,6,13,-73.7602,-7.98428
67.7,3,2,23,6,14,-76.3804,-11.1298
67.7,4,2,23,6,13,-76.7379,0.249786
67.7,5,1,23,6,14,-73.5943,-14.7544
67.7,6,1,23,9,13,-76.9067,1.13124
67.7,7,0,23,6,14,-76.3708,-9.67872
67.7,8,0,23,6,13,-77.0369,0.896851
67.7,9,2,23,6,14,-75.9703,-7.09709
67.7,10,2,23,12,13,-77.167,-0.249861
67.7,11,1,23,6,14,-76.2333,-5.72414
67.7,12,1,23,6,13,-77.3236,-2.40832
67.7,13,0,23,6,6,-74.6209,-43.1838
67.7,14,0,23,6,14,-77.2186,-10.6654
67.8,0,2,23,6,13,-74.0923,-9.62546
67.8,1,1,23,6,13,-73.816,-9.21163
67.8,2,0,23,6,13,-73.8408,-7.51777
67.8,3,2,23,6,14,-73.6044,-15.2056
67.8,4,2,23,6,13,-76.7022,0.560603
67.8,5,1,23,6,14,-73.6601,-14.8607
67.8,6,1,23,9,14,-76.8853,-11.6492
67.8,7,0,23,6,14,-76.3261,-9.678
67.8,8,0,23,6,14,-77.0275,-11.5365
67.8,9,2,23,6,14,-76.0226,-7.10397
67.8,10,2,23,12,13,-77.1589,-0.0606029
67.8,11,1,23,6,14,-76.3371,-5.73488
67.8,12,1,23,6,14,-77.3305,-11.6504
67.8,13,0,23,6,9,-74.5318,-45.6049
67.8,14,0,23,6,14,-77.2774,-10.6463
67.9,0,2,23,6,13,-74.1293,-9.20947
67.9,1,1,23,6,13,-73.8807,-8.79392
67.9,2,0,23,6,13,-73.9144,-7.05206
67.9,3,2,23,6,14,-73.6752,-15.34
67.9,4,2,23,6,13,-76.6619,0.860822
67.9,5,1,23,6,14,-73.7195,-14.973
67.9,6,1,23,9,14,-76.8595,-11.5778
67.9,7,0,23,6,14,-76.276,-9.67916
67.9,8,0,23,6,14,-77.0142,-11.4464
67.9,9,2,23,6,14,-76.0629,-7.11548
67.9,10,2,23,12,13,-77.1472,0.0015092
67.9,11,1,23,6,14,-76.4327,-5.74834
67.9,12,1,23,6,14,-77.3298,-11.613
67.9,13,0,23,6,9,-74.4396,-45.3375
67.9,14,0,23,6,14,-77.3301,-10.636
68,0,2,23,6,13,-74.1582,-8.7962
68,1,1,23,6,14,-73.939,-16.2689
68,2,0,23,6,13,-73.9808,-6.59099
68,3,2,23,6,14,-73.7413,-15.4824
68,4,2,23,6,14,-76.6171,-11.8029
68,5,1,23,6,14,-73.7728,-15.0919
68,6,1,23,9,14,-76.8292,-11.5134
68,7,0,23,6,14,-76.2216,-9.68086
68,8,0,23,6,14,-76.9968,-11.3616
68,9,2,23,6,14,-76.0909,-7.13084
68,10,2,23,12,14,-77.1319,-11.6781
68,11,1,23,6,14,-76.5176,-5.76377
68,12,1,23,6,14,-77.322,-11.5776
68,13,0,23,6,12,-74.3443,-44.9985
68,14,0,23,6,14,-77.3755,-10.6336
68.1,0,2,23,6,13,-74.1786,-8.38823
68.1,1,1,23,6,14,-73.9906,-16.4342
68.1,2,0,23,6,13,-74.0396,-6.13681
68.1,3,0,23,6,14,-73.8022,-15.6325
68.1,4,2,23,6,14,-73.8047,-16.4603
68.1,5,2,23,6,14,-73.8208,-15.2184
68.1,6,1,23,6,14,-76.7944,-11.4564
68.1,7,1,23,6,14,-73.5395,-14.3813
68.1,8,0,23,6,14,-76.9754,-11.2817
68.1,9,0,23,6,14,-76.1069,-7.15101
68.1,10,2,23,6,14,-77.1133,-11.6123
68.1,11,2,23,6,14,-76.5904,-5.78216
68.1,12,1,23,6,14,-77.3078,-11.5437
68.1,13,1,23,6,12,-74.2462,-44.6016
68.1,14,0,23,6,14,-77.4125,-10.6383
68.2,0,2,23,6,13,-74.1905,-7.98755
68.2,1,1,23,6,14,-74.0349,-16.609
68.2,2,0,23,6,13,-74.0905,-5.69133
68.2,3,0,23,6,14,-73.8577,-15.7903
68.2,4,2,23,6,14,-73.8857,-16.6186
68.2,5,2,23,6,14,-73.8637,-15.3526
68.2,6,1,23,6,14,-76.7548,-11.4062
68.2,7,1,23,6,14,-73.6347,-14.5753
68.2,8,0,23,6,14,-76.9499,-11.207
68.2,9,0,23,6,14,-76.1114,-7.17606
68.2,10,2,23,6,14,-77.0916,-11.5486
68.2,11,2,23,6,14,-76.65,-5.80391
68.2,12,1,23,6,14,-77.288,-11.5102
68.2,13,1,23,6,12,-74.1453,-44.3078
68.2,14,0,23,6,14,-77.4408,-10.6502
68.3,0,2,23,6,13,-74.1939,-7.59968
68.3,1,1,23,6,14,-74.0718,-16.7928
68.3,2,0,23,6,13,-74.1332,-5.26122
68.3,3,0,23,6,14,-73.9076,-15.9558
68.3,4,2,23,6,14,-73.9592,-16.7854
68.3,5,2,23,6,14,-73.9016,-15.4951
68.3,6,1,23,6,14,-76.7106,-11.3625
68.3,7,1,23,6,14,-73.7152,-14.7701
68.3,8,0,23,6,14,-76.9201,-11.137
68.3,9,0,23,6,14,-76.1048,-7.2068
68.3,10,2,23,6,14,-77.0669,-11.4866
68.3,11,2,23,6,14,-76.6959,-5.82913
68.3,12,1,23,6,14,-77.2631,-11.4765
68.3,13,1,23,6,12,-74.0416,-44.1069
68.3,14,0,23,6,14,-77.4591,-10.6655
68.4,0,2,23,6,13,-74.1884,-7.22982
68.4,1,1,23,6,14,-74.1008,-16.9855
68.4,2,0,23,6,14,-74.1673,-17.4391
68.4,3,0,23,6,14,-73.9513,-16.1288
68.4,4,2,23,6,14,-74.025,-16.9603
68.4,5,2,23,6,14,-73.935,-15.6468
68.4,6,1,23,6,14,-73.8145,-16.6071
68.4,7,1,23,6,14,-73.7827,-14.9658
68.4,8,0,23,6,14,-76.8861,-11.0725
68.4,9,0,23,6,14,-76.0879,-7.24386
68.4,10,2,23,6,14,-77.039,-11.4265
68.4,11,2,23,6,14,-76.7282,-5.85937
68.4,12,1,23,6,14,-77.2339,-11.4428
68.4,13,1,23,6,13,-73.9351,-43.9391
68.4,14,0,23,6,14,-77.4673,-10.6835
68.5,0,2,23,6,13,-74.1741,-6.88037
68.5,1,1,23,6,14,-74.1217,-17.1867
68.5,2,0,23,6,14,-74.1927,-17.6361
68.5,3,0,23,6,14,-73.989,-16.3093
68.5,4,2,23,6,14,-74.0826,-17.1428
68.5,5,2,23,6,14,-73.9637,-15.8069
68.5,6,1,23,6,14,-73.8993,-16.7733
68.5,7,1,23,6,14,-73.8384,-15.1618
68.5,8,0,23,6,14,-76.8479,-11.0131
68.5,9,0,23,6,14,-76.0615,-7.28849
68.5,10,2,23,6,14,-77.008,-11.3682
68.5,11,2,23,6,14,-76.7469,-5.8959
68.5,12,1,23,6,14,-77.2011,-11.4082
68.5,13,1,23,6,13,-73.826,-43.8818
68.5,14,0,23,6,14,-77.4657,-10.7032
68.6,0,0,23,6,13,-74.1511,-6.5552
68.6,1,2,23,6,14,-74.1344,-17.396
68.6,2,1,23,6,14,-74.2092,-17.8403
68.6,3,0,23,6,14,-74.0202,-16.4969
68.6,4,2,23,6,14,-74.1318,-17.3322
68.6,5,2,23,6,14,-73.9879,-15.9759
68.6,6,1,23,6,14,-73.9767,-16.9464
68.6,7,1,23,6,14,-73.8836,-15.3586
68.6,8,0,23,6,14,-76.8053,-10.9593
68.6,9,0,23,6,14,-76.0263,-7.34141
68.6,10,2,23,6,14,-76.9738,-11.3111
68.6,11,2,23,6,14,-76.7526,-5.93959
68.6,12,1,23,6,14,-77.1654,-11.3727
68.6,13,1,23,6,13,-73.7143,-43.6898
68.6,14,0,23,6,14,-77.4546,-10.7229
68.7,0,0,23,6,13,-74.1191,-6.25593
68.7,1,2,23,6,14,-74.1386,-17.6129
68.7,2,1,23,6,14,-74.2167,-18.0509
68.7,3,0,23,6,14,-74.0449,-16.6916
68.7,4,2,23,6,14,-74.1724,-17.5281
68.7,5,2,23,6,14,-74.0075,-16.1531
68.7,6,1,23,6,14,-74.0462,-17.1254
68.7,7,1,23,6,14,-73.9195,-15.556
68.7,8,0,23,6,14,-73.8409,-16.7809
68.7,9,0,23,6,14,-75.9834,-7.40434
68.7,10,2,23,6,14,-73.9705,-17.1253
68.7,11,2,23,6,14,-76.7459,-5.99231
68.7,12,1,23,6,14,-77.1269,-11.3362
68.7,13,1,23,6,13,-73.6005,-43.5803
68.7,14,0,23,6,14,-77.4348,-10.7425
68.8,0,0,23,6,13,-74.0784,-5.9845
68.8,1,2,23,6,14,-74.1343,-17.8369
68.8,2,1,23,6,14,-74.215,-18.2674
68.8,3,0,23,6,14,-74.063,-16.8932
68.8,4,2,23,6,14,-74.2041,-17.7295
68.8,5,2,23,6,14,-74.0226,-16.3379
68.8,6,1,23,6,14,-74.1077,-17.3101
68.8,7,1,23,6,14,-73.9474,-15.7541
68.8,8,0,23,6,14,-73.9214,-16.9332
68.8,9,0,23,6,14,-76.6426,-7.47946
68.8,10,2,23,6,14,-74.046,-17.266
68.8,11,2,23,6,14,-76.7274,-6.0572
68.8,12,1,23,6,14,-74.068,-17.362
68.8,13,1,23,6,13,-73.8744,-43.4445
68.8,14,0,23,6,14,-77.4069,-10.7616
68.9,0,0,23,6,13,-74.0288,-5.74162
68.9,1,2,23,6,14,-74.1214,-18.0673
68.9,2,1,23,6,14,-74.2041,-18.4889
68.9,3,0,23,6,14,-74.0744,-17.1007
68.9,4,2,23,6,14,-74.227,-17.9359
68.9,5,2,23,6,14,-74.0333,-16.5298
68.9,6,1,23,6,14,-74.1607,-17.4988
68.9,7,1,23,6,14,-73.9683,-15.9534
68.9,8,0,23,6,14,-73.9957,-17.0895
68.9,9,0,23,6,14,-76.5834,-7.56874
68.9,10,2,23,6,14,-74.1151,-17.4057
68.9,11,2,23,6,14,-76.698,-6.13672
68.9,12,1,23,6,14,-74.1533,-17.5149
68.9,13,1,23,6,13,-73.7514,-43.2727
68.9,14,0,23,6,14,-77.372,-10.7805
69,0,0,23,6,13,-73.9705,-5.52781
69,1,2,23,6,14,-74.0999,-18.3029
69,2,1,23,6,14,-74.184,-18.7144
69,3,0,23,6,14,-74.079,-17.3143
69,4,2,23,6,14,-74.2409,-18.1461
69,5,2,23,6,14,-74.0397,-16.728
69,6,1,23,6,14,-74.2055,-17.6912
69,7,1,23,6,14,-73.983,-16.154
69,8,0,23,6,14,-74.0637,-17.2493
69,9,0,23,6,14,-73.7141,-14.1114
69,10,2,23,6,14,-74.1786,-17.5442
69,11,2,23,6,14,-76.6585,-6.23382
69,12,1,23,6,14,-74.2301,-17.663
69,13,1,23,6,13,-73.6285,-43.05
69,14,0,23,6,14,-77.3311,-10.7992
69.1,0,0,23,6,13,-73.9034,-5.34454
69.1,1,2,23,6,14,-74.0697,-18.5433
69.1,2,1,23,6,14,-74.1549,-18.943
69.1,3,0,23,6,14,-74.0771,-17.5333
69.1,4,2,23,6,14,-74.2459,-18.3595
69.1,5,2,23,6,14,-74.0419,-16.9315
69.1,6,1,23,6,14,-74.2419,-17.8863
69.1,7,1,23,6,14,-73.9926,-16.3559
69.1,8,0,23,6,14,-74.1251,-17.4118
69.1,9,0,23,6,14,-73.8392,-14.4131
69.1,10,2,23,6,14,-74.2365,-17.6806
69.1,11,2,23,6,14,-76.6096,-6.35063
69.1,12,1,23,6,14,-74.2991,-17.8059
69.1,13,1,23,6,13,-73.5068,-42.7771
69.1,14,0,23,6,14,-74.0707,-17.4316
69.2,0,0,23,6,14,-73.8276,-19.9055
69.2,1,2,23,6,14,-74.031,-18.7869
69.2,2,1,23,6,14,-74.1165,-19.1736
69.2,3,0,23,6,14,-74.0685,-17.7569
69.2,4,2,23,6,14,-74.2419,-18.5746
69.2,5,2,23,6,14,-74.0399,-17.1396
69.2,6,1,23,6,14,-74.2699,-18.0829
69.2,7,1,23,6,14,-73.9976,-16.5592
69.2,8,0,23,6,14,-74.1798,-17.5761
69.2,9,0,23,6,14,-73.947,-14.726
69.2,10,2,23,6,14,-74.2888,-17.8138
69.2,11,2,23,6,14,-76.5522,-6.48861
69.2,12,1,23,6,14,-74.361,-17.9422
69.2,13,1,23,6,14,-73.3871,-42.4537
69.2,14,0,23,6,14,-74.1929,-17.6191
69.3,0,0,23,6,14,-73.7431,-20.148
69.3,1,2,23,6,14,-73.9837,-19.0331
69.3,2,1,23,6,14,-74.069,-19.4052
69.3,3,0,23,6,14,-74.0533,-17.9843
69.3,4,2,23,6,14,-74.2291,-18.7903
69.3,5,2,23,6,14,-74.0339,-17.3515
69.3,6,1,23,6,14,-74.2895,-18.28
69.3,7,1,23,6,14,-73.9987,-16.764
69.3,8,0,23,6,14,-74.2278,-17.7417
69.3,9,0,23,6,14,-74.0379,-15.0502
69.3,10,2,23,6,14,-74.3359,-17.9434
69.3,11,2,23,6,14,-76.4869,-6.64904
69.3,12,1,23,6,14,-74.4165,-18.0713
69.3,13,1,23,6,14,-73.2706,-42.0828
69.3,14,0,23,6,14,-74.3013,-17.797
69.4,0,0,23,6,14,-73.6499,-20.3892
69.4,1,2,23,6,14,-73.9279,-19.2794
69.4,2,1,23,6,14,-74.0125,-19.6353
69.4,3,0,23,6,14,-74.0314,-18.214
69.4,4,2,23,6,14,-74.2075,-19.0051
69.4,5,2,23,6,14,-74.0238,-17.565
69.4,6,1,23,6,14,-74.3006,-18.4756
69.4,7,1,23,6,14,-73.9965,-16.9693
69.4,8,0,23,6,14,-74.269,-17.9066
69.4,9,0,23,6,14,-74.1125,-15.3831
69.4,10,2,23,6,14,-74.3776,-18.0677
69.4,11,2,23,6,14,-73.7683,-13.928
69.4,12,1,23,6,14,-74.466,-18.1914
69.4,13,1,23,6,14,-73.1584,-41.671
69.4,14,0,23,6,14,-74.3967,-17.9635
69.5,0,0,23,6,14,-73.5479,-20.6262
69.5,1,2,23,6,14,-73.8636,-19.522
69.5,2,1,23,6,14,-73.947,-19.861
69.5,3,0,23,6,14,-74.0025,-18.4421
69.5,4,2,23,6,14,-74.177,-19.215
69.5,5,2,23,6,14,-74.0096,-17.7769
69.5,6,1,23,6,14,-74.3034,-18.6659
69.5,7,1,23,6,14,-73.9911,-17.1723
69.5,8,0,23,6,14,-74.3029,-18.0673
69.5,9,0,23,6,14,-73.7645,-15.7185
69.5,10,2,23,6,14,-74.4141,-18.1837
69.5,11,2,23,6,14,-73.8787,-14.2682
69.5,12,1,23,6,14,-74.5098,-18.299
69.5,13,1,23,6,14,-72.7312,-41.2231
69.5,14,0,23,6,14,-74.4797,-18.1147
69.6,0,0,23,6,14,-73.437,-20.8528
69.6,1,1,23,6,14,-73.7905,-19.7551
69.6,2,2,23,6,14,-73.8724,-20.0759
69.6,3,0,23,6,14,-73.9665,-18.6623
69.6,4,1,23,6,14,-74.1376,-19.4141
69.6,5,1,23,6,14,-73.9907,-17.9807
69.6,6,2,23,6,14,-74.2975,-18.8451
69.6,7,2,23,6,14,-73.9823,-17.3659
69.6,8,0,23,6,14,-74.3292,-18.2173
69.6,9,0,23,6,14,-73.8105,-16.0474
69.6,10,1,23,6,14,-74.4451,-18.2857
69.6,11,1,23,6,14,-73.9719,-14.6062
69.6,12,2,23,6,14,-74.548,-18.3887
69.6,13,1,23,6,14,-72.6345,-40.8569
69.6,14,0,23,6,14,-74.5514,-18.2456
69.7,0,0,23,6,14,-73.317,-21.0591
69.7,1,1,23,6,14,-73.7086,-19.9677
69.7,2,2,23,6,14,-73.7886,-20.2697
69.7,3,0,23,6,14,-73.923,-18.8638
69.7,4,1,23,6,14,-74.089,-19.5919
69.7,5,1,23,6,14,-73.9669,-18.1654
69.7,6,2,23,6,14,-74.2828,-19.0021
69.7,7,2,23,6,14,-73.97,-17.5399
69.7,8,0,23,6,14,-74.3475,-18.3461
69.7,9,0,23,6,14,-73.8437,-16.3555
69.7,10,1,23,6,14,-74.4703,-18.364
69.7,11,1,23,6,14,-74.0489,-14.9283
69.7,12,2,23,6,14,-74.5807,-18.4514
69.7,13,1,23,6,14,-72.537,-40.6552
69.7,14,0,23,6,14,-74.6125,-18.3464
69.8,0,0,23,6,14,-73.1877,-21.2319
69.8,1,1,23,6,14,-73.6177,-20.1468
69.8,2,2,23,6,14,-73.6953,-20.4298
69.8,3,0,23,6,14,-73.8717,-19.0322
69.8,4,1,23,6,14,-74.0312,-19.7354
69.8,5,1,23,6,14,-73.9376,-18.3161
69.8,6,2,23,6,14,-74.2591,-19.1245
69.8,7,2,23,6,14,-73.9538,-17.6803
69.8,8,0,23,6,14,-74.3575,-18.4409
69.8,9,0,23,6,14,-73.8647,-16.6257
69.8,10,1,23,6,14,-74.4895,-18.4066
69.8,11,1,23,6,14,-74.1105,-15.2179
69.8,12,2,23,6,14,-74.6079,-18.4754
69.8,13,1,23,6,14,-72.4387,-40.4253
69.8,14,0,23,6,14,-74.6639,-18.4052
69.9,0,0,23,6,14,-73.049,-21.3577
69.9,1,1,23,6,14,-73.5178,-20.2776
69.9,2,2,23,6,14,-73.5927,-20.5417
69.9,3,0,23,6,14,-73.8121,-19.153
69.9,4,1,23,6,14,-73.9642,-19.8307
69.9,5,1,23,6,14,-73.9024,-18.4177
69.9,6,2,23,6,14,-74.2263,-19.1985
69.9,7,2,23,6,14,-73.9332,-17.7718
69.9,8,0,23,6,14,-74.3588,-18.4877
69.9,9,0,23,6,14,-73.874,-16.84
69.9,10,1,23,6,14,-74.5023,-18.4006
69.9,11,1,23,6,14,-74.1579,-15.4572
69.9,12,2,23,6,14,-74.6294,-18.4481
69.9,13,1,23,6,14,-72.3401,-40.4576
69.9,14,0,23,6,14,-74.7063,-18.4091
70,0,0,23,6,14,-72.901,-21.424
70,1,1,23,6,14,-73.409,-20.3477
70,2,2,23,6,14,-73.481,-20.5941
70,3,0,23,6,14,-73.7445,-19.2134
70,4,1,23,6,14,-73.8883,-19.8668
70,5,1,23,6,14,-73.8613,-18.4569
70,6,2,23,6,14,-74.185,-19.2135
70,7,2,23,6,14,-73.9085,-17.8021
70,8,0,23,6,14,-74.352,-18.4776
70,9,0,23,6,14,-73.8733,-16.9834
70,10,1,23,6,14,-74.5094,-18.3381
70,11,1,23,6,14,-74.1923,-15.6316
70,12,2,23,6,14,-74.6458,-18.3625
70,13,1,23,6,14,-72.249,-41.2102
70,14,0,23,6,14,-74.7416,-18.3515
70.1,0,1,23,6,14,-74.9198,-21.3932
70.1,1,2,23,6,14,-73.2913,-20.3495
70.1,2,0,23,6,14,-73.3603,-20.5798
70.1,3,0,23,6,14,-73.6688,-19.2058
70.1,4,1,23,6,14,-73.8035,-19.837
70.1,5,1,23,6,14,-73.8143,-18.4256
70.1,6,2,23,6,14,-74.1352,-19.1636
70.1,7,2,23,6,14,-73.8792,-17.7631
70.1,8,0,23,6,14,-74.3371,-18.404
70.1,9,0,23,6,14,-73.8638,-17.0494
70.1,10,1,23,6,14,-74.5105,-18.2136
70.1,11,1,23,6,14,-74.2149,-15.7306
70.1,12,2,23,6,14,-74.6574,-18.2135
70.1,13,1,23,6,14,-72.1676,-41.4648
70.1,14,0,23,6,14,-74.7705,-18.2273
70.2,0,1,23,6,14,-74.8675,-21.3481
70.2,1,2,23,6,14,-73.165,-20.307
70.2,2,0,23,6,14,-73.2306,-20.5221
70.2,3,0,23,6,14,-73.5852,-19.1541
70.2,4,1,23,6,14,-73.7102,-19.7638
70.2,5,1,23,6,14,-73.7615,-18.3485
70.2,6,2,23,6,14,-74.0772,-19.0709
70.2,7,2,23,6,14,-73.8455,-17.68
70.2,8,0,23,6,14,-74.3144,-18.2888
70.2,9,0,23,6,14,-73.8472,-17.0636
70.2,10,1,23,6,14,-74.5061,-18.0485
70.2,11,1,23,6,14,-74.2271,-15.7788
70.2,12,2,23,6,14,-74.6643,-18.0224
70.2,13,1,23,6,14,-72.0911,-41.1671
70.2,14,0,23,6,14,-74.794,-18.0574
70.3,0,1,23,6,14,-74.8102,-21.2255
70.3,1,2,23,6,14,-73.0298,-20.1858
70.3,2,0,23,6,14,-73.0921,-20.3879
70.3,3,0,23,6,14,-73.4932,-19.0233
70.3,4,1,23,6,14,-73.6085,-19.6154
70.3,5,1,23,6,14,-73.7023,-18.1891
70.3,6,2,23,6,14,-74.0113,-18.904
70.3,7,2,23,6,14,-73.8066,-17.5142
70.3,8,0,23,6,14,-74.2839,-18.101
70.3,9,0,23,6,14,-73.8234,-16.9852
70.3,10,1,23,6,14,-74.496,-17.814
70.3,11,1,23,6,14,-74.2303,-15.7344
70.3,12,2,23,6,14,-74.6669,-17.7628
70.3,13,1,23,6,14,-72.0259,-40.422
70.3,14,0,23,6,14,-74.8129,-17.8164
70.4,0,1,23,6,14,-74.7478,-21.0289
70.4,1,2,23,6,14,-72.8859,-19.9889
70.4,2,0,23,6,14,-75.1468,-20.1451
70.4,3,0,23,6,14,-73.3929,-18.8164
70.4,4,1,23,6,14,-73.4985,-19.3952
70.4,5,1,23,6,14,-73.6369,-17.9502
70.4,6,2,23,6,14,-73.9377,-18.6668
70.4,7,2,23,6,14,-73.7624,-17.2675
70.4,8,0,23,6,14,-74.2461,-17.8445
70.4,9,0,23,6,14,-73.7932,-16.8174
70.4,10,1,23,6,14,-74.4807,-17.5153
70.4,11,1,23,6,14,-74.2256,-15.598
70.4,12,2,23,6,14,-74.6653,-17.4396
70.4,13,1,23,6,14,-71.9714,-39.4253
70.4,14,0,23,6,14,-74.8285,-17.5106
70.5,0,1,23,6,14,-74.6803,-20.764
70.5,1,2,23,6,14,-74.8769,-19.6831
70.5,2,0,23,6,14,-75.1039,-19.8679
70.5,3,0,23,6,14,-73.2844,-18.5388
70.5,4,1,23,6,14,-73.3807,-19.1092
70.5,5,1,23,6,14,-73.5651,-17.6381
70.5,6,2,23,6,14,-73.8568,-18.3657
70.5,7,2,23,6,14,-73.7127,-16.9449
70.5,8,0,23,6,14,-74.2012,-17.526
70.5,9,0,23,6,14,-73.7571,-16.5651
70.5,10,1,23,6,14,-74.4604,-17.1585
70.5,11,1,23,6,14,-74.2147,-15.3738
70.5,12,2,23,6,14,-74.6602,-17.0608
70.5,13,1,23,6,14,-71.9249,-38.3425
70.5,14,0,23,6,14,-74.8413,-17.1483
70.6,0,2,23,6,14,-74.6078,-20.4409
70.6,1,1,23,6,14,-74.826,-19.3529
70.6,2,0,23,6,14,-75.0562,-19.5333
70.6,3,2,23,6,14,-73.1678,-18.2011
70.6,4,1,23,6,14,-73.2553,-18.7678
70.6,5,0,23,6,14,-73.487,-17.2629
70.6,6,2,23,6,14,-73.7689,-18.0111
70.6,7,1,23,6,14,-73.6575,-16.5559
70.6,8,0,23,6,14,-74.1499,-17.1561
70.6,9,2,23,6,14,-74.1292,-16.2387
70.6,10,1,23,6,14,-74.4356,-16.7544
70.6,11,0,23,6,14,-74.1985,-15.0692
70.6,12,2,23,6,14,-74.6521,-16.6377
70.6,13,1,23,6,14,-72.1504,-38.1201
70.6,14,0,23,6,14,-74.8511,-16.741
70.7,0,2,23,6,14,-74.5303,-20.0703
70.7,1,1,23,6,14,-74.7706,-18.973
70.7,2,0,23,6,14,-75.0037,-19.152
70.7,3,2,23,6,14,-73.0431,-17.8143
70.7,4,1,23,6,14,-73.1227,-18.3822
70.7,5,0,23,6,14,-73.4027,-16.8364
70.7,6,2,23,6,14,-73.6744,-17.6143
70.7,7,1,23,6,14,-73.5969,-16.1116
70.7,8,0,23,6,14,-74.0924,-16.7458
70.7,9,2,23,6,14,-73.6927,-30.9477
70.7,10,1,23,6,14,-74.4066,-16.3137
70.7,11,0,23,6,14,-73.784,-31.1785
70.7,12,2,23,6,14,-74.6411,-16.1823
70.7,13,1,23,6,14,-72.1171,-37.9034
70.7,14,0,23,6,14,-73.9736,-34.4639
70.8,0,2,23,6,14,-74.4478,-19.6634
70.8,1,1,23,6,14,-74.7107,-18.5547
70.8,2,0,23,6,14,-74.9467,-18.735
70.8,3,2,23,6,14,-72.9102,-17.3895
70.8,4,1,23,6,14,-75.2686,-17.9086
70.8,5,0,23,6,14,-73.312,-16.3697
70.8,6,2,23,6,14,-73.5736,-17.186
70.8,7,1,23,6,14,-73.9331,-15.6231
70.8,8,0,23,6,14,-74.0292,-16.3063
70.8,9,2,23,6,14,-73.6738,-30.6265
70.8,10,1,23,6,14,-74.3737,-15.8476
70.8,11,0,23,6,14,-73.7873,-30.9565
70.8,12,2,23,6,14,-75.1427,-15.7056
70.8,13,1,23,6,14,-72.667,-37.6623
70.8,14,0,23,6,14,-74.0236,-34.141
70.9,0,2,23,6,14,-74.3603,-19.2308
70.9,1,1,23,6,14,-74.6465,-18.1089
70.9,2,0,23,6,14,-74.8851,-18.2933
70.9,3,2,23,6,14,-72.7694,-16.9377
70.9,4,1,23,6,14,-75.2304,-17.46
70.9,5,0,23,6,14,-73.215,-15.8745
70.9,6,2,23,6,14,-73.4667,-16.7376
70.9,7,1,23,6,14,-73.8751,-15.1021
70.9,8,0,23,6,14,-73.9606,-15.8482
70.9,9,2,23,6,14,-73.65,-30.3163
70.9,10,1,23,6,14,-74.8197,-15.3668
70.9,11,0,23,6,14,-73.7853,-30.7465
70.9,12,2,23,6,14,-75.1481,-15.2192
70.9,13,1,23,6,14,-73.3231,-37.4227
70.9,14,0,23,6,14,-74.5191,-33.6861
71,0,2,23,6,14,-74.2791,-18.7808
71,1,1,23,6,14,-74.5779,-17.6436
71,2,0,23,6,14,-74.819,-17.8346
71,3,2,23,6,14,-74.7751,-16.3963
71,4,1,23,6,14,-75.1881,-16.9957
71,5,0,23,6,14,-73.1116,-15.3593
71,6,2,23,6,14,-73.3543,-16.2765
71,7,1,23,6,14,-73.8126,-14.5569
71,8,0,23,6,14,-73.8872,-15.3794
71,9,2,23,6,14,-73.6219,-30.0242
71,10,1,23,6,14,-74.7943,-14.8791
71,11,0,23,6,14,-73.7788,-30.5539
71,12,2,23,6,14,-75.1506,-14.7299
71,13,1,23,6,14,-73.3294,-37.2061
71,14,0,23,6,14,-74.5783,-33.1422
71.1,0,2,23,6,14,-74.1808,-18.3216
71.1,1,1,23,6,14,-74.505,-17.1676
71.1,2,0,23,6,14,-74.7485,-17.3677
71.1,3,2,23,6,14,-74.7238,-15.9058
71.1,4,1,23,6,14,-75.1422,-16.5243
71.1,5,0,23,6,14,-73.0019,-14.8334
71.1,6,2,23,6,14,-73.2365,-15.8113
71.1,7,1,23,6,14,-73.7455,-13.9969
71.1,8,0,23,6,14,-73.8089,-14.9082
71.1,9,2,23,6,14,-73.5897,-29.744
71.1,10,1,23,6,14,-74.765,-14.3923
71.1,11,0,23,6,14,-73.7676,-30.3647
71.1,12,2,23,6,14,-75.1502,-14.2462
71.1,13,1,23,6,14,-73.3278,-36.9895
71.1,14,0,23,6,14,-74.6315,-32.6306
71.2,0,2,23,6,14,-74.0772,-17.8587
71.2,1,1,23,6,14,-74.4277,-16.686
71.2,2,0,23,6,14,-74.6737,-16.8974
71.2,3,2,23,6,14,-74.6682,-15.4094
71.2,4,1,23,6,14,-75.0927,-16.0508
71.2,5,0,23,6,14,-73.23,-14.3022
71.2,6,2,23,6,14,-73.1135,-15.3478
71.2,7,1,23,6,14,-73.6736,-13.4279
71.2,8,0,23,6,14,-73.7263,-14.4403
71.2,9,2,23,6,14,-73.5539,-29.4764
71.2,10,1,23,6,14,-74.732,-13.9121
71.2,11,0,23,6,14,-73.3869,-31.5665
71.2,12,2,23,6,14,-74.6506,-30.0622
71.2,13,1,23,6,14,-73.6993,-36.7343
71.2,14,0,23,6,14,-74.6793,-32.1532
71.3,0,2,23,6,14,-73.9682,-17.3978
71.3,1,1,23,6,14,-74.3461,-16.2049
71.3,2,0,23,6,14,-74.607,-16.4299
71.3,3,2,23,6,14,-74.6084,-14.9128
71.3,4,1,23,6,14,-75.0397,-15.581
71.3,5,0,23,6,14,-73.1129,-13.7723
71.3,6,2,23,6,14,-75.3499,-14.7841
71.3,7,1,23,6,14,-73.5969,-12.8565
71.3,8,0,23,6,14,-74.0504,-13.9813
71.3,9,2,23,6,14,-73.5146,-29.2265
71.3,10,1,23,6,14,-74.6955,-13.4435
71.3,11,0,23,6,14,-73.3855,-31.3988
71.3,12,2,23,6,14,-74.6664,-29.547
71.3,13,1,23,6,14,-74.1121,-36.4705
71.3,14,0,23,6,14,-74.7221,-31.7202
71.4,0,2,23,6,14,-73.8538,-16.9425
71.4,1,1,23,6,14,-74.2715,-15.7277
71.4,2,0,23,6,14,-74.523,-15.9687
71.4,3,2,23,6,14,-74.5445,-14.4196
71.4,4,1,23,6,14,-74.9834,-15.1187
71.4,5,0,23,6,14,-72.9889,-13.2473
71.4,6,2,23,6,14,-75.3158,-14.3226
71.4,7,1,23,6,14,-73.5153,-12.2864
71.4,8,0,23,6,14,-73.9623,-13.5344
71.4,9,2,23,6,14,-73.4721,-28.9869
71.4,10,1,23,6,14,-74.6558,-12.9902
71.4,11,0,23,6,14,-73.3794,-31.2343
71.4,12,2,23,6,14,-74.6773,-29.079
71.4,13,1,23,6,14,-74.1092,-36.2582
71.4,14,0,23,6,14,-74.7605,-31.3273
71.5,0,2,23,6,14,-73.7339,-16.4966
71.5,1,1,23,6,14,-74.1804,-15.2585
71.5,2,0,23,6,14,-74.4348,-15.5172
71.5,3,2,23,6,14,-74.4765,-13.9338
71.5,4,1,23,6,14,-74.9239,-14.6673
71.5,5,0,23,6,14,-75.167,-12.5908
71.5,6,2,23,6,14,-75.2791,-13.8735
71.5,7,1,23,6,14,-73.4287,-11.7221
71.5,8,0,23,6,14,-73.8694,-13.1037
71.5,9,2,23,6,14,-73.4265,-28.7636
71.5,10,1,23,6,14,-74.613,-12.5559
71.5,11,0,23,6,14,-73.369,-31.0792
71.5,12,2,23,6,14,-74.684,-28.6609
71.5,13,1,23,6,14,-74.0958,-36.0485
71.5,14,0,23,6,14,-74.7949,-30.977
71.6,0,2,23,6,14,-73.6083,-16.0626
71.6,1,1,23,6,14,-74.0847,-14.7997
71.6,2,0,23,6,14,-74.3423,-15.0783
71.6,3,2,23,6,14,-74.4042,-13.4575
71.6,4,1,23,6,14,-74.8612,-14.2294
71.6,5,0,23,6,14,-75.1342,-12.0669
71.6,6,2,23,6,14,-75.2399,-13.4393
71.6,7,1,23,6,14,-72.9967,-26.8676
71.6,8,0,23,6,14,-73.7722,-12.6917
71.6,9,2,23,6,14,-73.3776,-28.5534
71.6,10,1,23,6,14,-74.5674,-12.1425
71.6,11,0,23,6,14,-73.3549,-30.9306
71.6,12,2,23,6,14,-74.6867,-28.2873
71.6,13,1,23,6,14,-74.0723,-35.8404
71.6,14,0,23,6,14,-74.3536,-33.3604
71.7,0,2,23,6,14,-73.4771,-15.6427
71.7,1,1,23,6,14,-73.9843,-14.3538
71.7,2,0,23,6,14,-74.2456,-14.6539
71.7,3,2,23,6,14,-74.3278,-12.9933
71.7,4,1,23,6,14,-74.8085,-13.8072
71.7,5,0,23,6,14,-75.0977,-11.5551
71.7,6,2,23,6,14,-75.1985,-13.0221
71.7,7,1,23,6,14,-72.914,-26.6588
71.7,8,0,23,6,14,-73.671,-12.3008
71.7,9,2,23,6,14,-73.3256,-28.3574
71.7,10,1,23,6,14,-74.5193,-11.7527
71.7,11,0,23,6,14,-73.3372,-30.7909
71.7,12,2,23,6,14,-74.6856,-27.9555
71.7,13,1,23,6,14,-74.0395,-35.6362
71.7,14,0,23,6,14,-74.388,-33.1096
71.8,0,2,23,6,14,-73.3403,-15.2379
71.8,1,1,23,6,14,-73.879,-13.9217
71.8,2,0,23,6,14,-74.1444,-14.2455
71.8,3,2,23,6,14,-74.2585,-12.5421
71.8,4,1,23,6,14,-74.7395,-13.4018
71.8,5,0,23,6,14,-75.0576,-11.0562
71.8,6,2,23,6,14,-75.155,-12.6229
71.8,7,1,23,6,14,-72.8256,-26.4693
71.8,8,0,23,6,14,-73.5659,-11.9324
71.8,9,2,23,6,14,-72.9347,-29.8116
71.8,10,1,23,6,14,-74.4688,-11.3871
71.8,11,0,23,6,14,-73.3163,-30.6581
71.8,12,2,23,6,14,-74.223,-28.7287
71.8,13,1,23,6,14,-73.9981,-35.4337
71.8,14,0,23,6,14,-74.4193,-32.8935
71.9,0,2,23,6,14,-73.198,-14.8511
71.9,1,1,23,6,14,-73.7689,-13.506
71.9,2,0,23,6,14,-74.0393,-13.8555
71.9,3,2,23,6,14,-74.1732,-12.1064
71.9,4,1,23,6,14,-74.6679,-13.0158
71.9,5,0,23,6,14,-75.0137,-10.573
71.9,6,2,23,6,14,-75.1096,-12.2445
71.9,7,1,23,6,14,-72.7317,-26.344
71.9,8,0,23,6,14,-76.1109,-11.3531
71.9,9,2,23,6,14,-72.8874,-29.6909
71.9,10,1,23,6,14,-74.4177,-11.0539
71.9,11,0,23,6,14,-73.2929,-30.5707
71.9,12,2,23,6,14,-74.2269,-28.5238
71.9,13,1,23,6,14,-73.9489,-35.2327
71.9,14,0,23,6,14,-74.4484,-32.7064
72,0,2,23,6,14,-73.0507,-14.4828
72,1,1,23,6,14,-73.6541,-13.1074
72,2,0,23,6,14,-73.9302,-13.4848
72,3,2,23,6,14,-74.5365,-11.6861
72,4,1,23,6,14,-74.5939,-12.6501
72,5,0,23,6,14,-74.9661,-10.1055
72,6,2,23,6,14,-75.0768,-11.8875
72,7,1,23,6,14,-74.6845,-26.2141
72,8,0,23,6,14,-76.0957,-11.0083
72,9,2,23,6,14,-72.838,-29.5791
72,10,1,23,6,14,-74.3672,-10.7521
72,11,0,23,6,14,-73.2675,-30.4883
72,12,2,23,6,14,-74.2306,-28.3561
72,13,1,23,6,14,-74.325,-34.892
72,14,0,23,6,14,-74.4786,-32.5521
72.1,0,2,23,6,14,-72.8984,-14.1344
72.1,1,1,23,6,14,-73.5343,-12.7273
72.1,2,0,23,6,14,-73.8175,-13.1342
72.1,3,2,23,6,14,-74.4482,-11.2827
72.1,4,1,23,6,14,-74.5179,-12.3057
72.1,5,0,23,6,14,-74.9148,-9.6541
72.1,6,2,23,6,14,-75.0286,-11.5532
72.1,7,1,23,6,14,-74.6742,-26.1157
72.1,8,0,23,6,14,-76.0795,-10.6897
72.1,9,2,23,6,14,-72.7866,-29.4759
72.1,10,1,23,6,14,-73.9034,-25.405
72.1,11,0,23,6,14,-72.9137,-32.2926
72.1,12,2,23,6,14,-74.2348,-28.2214
72.1,13,1,23,6,14,-74.271,-34.6931
72.1,14,0,23,6,14,-74.5102,-32.4263
72.2,0,2,23,6,14,-72.7418,-13.8066
72.2,1,1,23,6,14,-73.4097,-12.3663
72.2,2,0,23,6,14,-73.7015,-12.8051
72.2,3,2,23,6,14,-74.3554,-10.8967
72.2,4,1,23,6,14,-74.4402,-11.9838
72.2,5,0,23,6,14,-74.8731,-9.21999
72.2,6,2,23,6,14,-75.5345,-11.2423
72.2,7,1,23,6,14,-74.662,-26.0286
72.2,8,0,23,6,14,-76.0622,-10.3969
72.2,9,2,23,6,14,-72.7334,-29.3794
72.2,10,1,23,6,14,-73.8709,-25.2673
72.2,11,0,23,6,14,-72.8955,-32.2268
72.2,12,2,23,6,14,-74.2399,-28.1153
72.2,13,1,23,6,14,-74.6706,-34.3972
72.2,14,0,23,6,14,-74.5433,-32.3241
72.3,0,2,23,6,14,-72.5816,-13.501
72.3,1,1,23,6,14,-73.2805,-12.026
72.3,2,0,23,6,14,-73.5825,-12.499
72.3,3,2,23,6,14,-74.2582,-10.5293
72.3,4,1,23,6,14,-74.3612,-11.6858
72.3,5,0,23,6,14,-74.3464,-24.9679
72.3,6,2,23,6,14,-75.4864,-10.9565
72.3,7,1,23,6,14,-74.6479,-25.9543
72.3,8,0,23,6,14,-76.0442,-10.1302
72.3,9,2,23,6,14,-72.6782,-29.2916
72.3,10,1,23,6,14,-73.8395,-25.1591
72.3,11,0,23,6,14,-72.8751,-32.162
72.3,12,2,23,6,14,-74.2462,-28.035
72.3,13,1,23,6,14,-74.6048,-34.212
72.3,14,0,23,6,14,-74.1336,-32.5237
72.4,0,2,23,6,14,-72.4183,-13.2175
72.4,1,1,23,6,14,-73.1469,-11.7059
72.4,2,0,23,6,14,-73.4612,-12.2154
72.4,3,2,23,6,14,-74.1567,-10.1801
72.4,4,1,23,6,14,-74.2813,-11.4118
72.4,5,0,23,6,14,-74.3067,-24.9327
72.4,6,2,23,6,14,-75.4374,-10.6955
72.4,7,1,23,6,14,-74.632,-25.8929
72.4,8,0,23,6,14,-76.0432,-9.88878
72.4,9,2,23,6,14,-72.6216,-29.2126
72.4,10,1,23,6,14,-73.8103,-25.0802
72.4,11,0,23,6,14,-72.8529,-32.1003
72.4,12,2,23,6,14,-74.2544,-27.9798
72.4,13,1,23,6,14,-74.5332,-34.0231
72.4,14,0,23,6,14,-74.1821,-32.4589
72.5,0,2,23,6,14,-71.9912,-24.4639
72.5,1,1,23,6,14,-73.009,-11.4073
72.5,2,0,23,6,14,-73.3379,-11.9554
72.5,3,2,23,6,14,-73.6585,-24.4574
72.5,4,1,23,6,14,-74.2008,-11.1624
72.5,5,0,23,6,14,-74.2633,-24.9054
72.5,6,2,23,6,14,-75.3875,-10.4605
72.5,7,1,23,6,14,-74.614,-25.8403
72.5,8,0,23,6,14,-76.0244,-9.67237
72.5,9,2,23,6,14,-72.5667,-29.1436
72.5,10,1,23,6,14,-73.7833,-25.0969
72.5,11,0,23,6,14,-72.8286,-32.0392
72.5,12,2,23,6,14,-74.2649,-28.0098
72.5,13,1,23,6,14,-74.4567,-33.8347
72.5,14,0,23,6,14,-73.4527,-32.4858
72.6,0,2,23,6,14,-71.8459,-24.4648
72.6,1,1,23,6,14,-72.5689,-24.2694
72.6,2,0,23,6,14,-73.2134,-11.7195
72.6,3,2,23,6,14,-73.5734,-24.4507
72.6,4,1,23,6,14,-74.1203,-10.9382
72.6,5,0,23,6,14,-74.2165,-24.89
72.6,6,2,23,6,14,-75.3374,-10.2518
72.6,7,1,23,6,14,-74.5946,-25.8091
72.6,8,0,23,6,14,-76.0058,-9.48141
72.6,9,2,23,6,14,-72.5138,-29.0884
72.6,10,1,23,6,14,-73.7597,-25.1396
72.6,11,0,23,6,14,-72.804,-31.9885
72.6,12,2,23,6,14,-74.2785,-28.0629
72.6,13,1,23,6,14,-74.3756,-33.6463
72.6,14,0,23,6,14,-73.1819,-32.4682
72.7,0,2,23,6,14,-71.7004,-24.473
72.7,1,1,23,6,14,-72.4448,-24.2648
72.7,2,0,23,6,14,-73.0884,-11.5081
72.7,3,2,23,6,14,-73.4835,-24.4497
72.7,4,1,23,6,14,-74.0403,-10.7397
72.7,5,0,23,6,14,-74.166,-24.8816
72.7,6,2,23,6,14,-75.2897,-10.0711
72.7,7,1,23,6,14,-74.5865,-25.7937
72.7,8,0,23,6,14,-75.9877,-9.31484
72.7,9,2,23,6,14,-72.4632,-29.0429
72.7,10,1,23,6,14,-73.7396,-25.2141
72.7,11,0,23,6,14,-72.7791,-31.9453
72.7,12,2,23,6,14,-74.2951,-28.1439
72.7,13,1,23,6,14,-72.1174,-33.4619
72.7,14,0,23,6,14,-72.9325,-32.4513
72.8,0,2,23,6,14,-71.5564,-24.4906
72.8,1,1,23,6,14,-72.3167,-24.2695
72.8,2,0,23,6,14,-72.9637,-11.3213
72.8,3,2,23,6,14,-73.3889,-24.4568
72.8,4,1,23,6,14,-73.9611,-10.5675
72.8,5,0,23,6,14,-74.1119,-24.882
72.8,6,2,23,6,14,-75.2445,-9.91953
72.8,7,1,23,6,14,-74.5645,-25.7951
72.8,8,0,23,6,14,-75.9704,-9.26335
72.8,9,2,23,6,14,-74.3497,-28.9883
72.8,10,1,23,6,14,-73.7233,-25.3152
72.8,11,0,23,6,14,-72.7537,-31.9121
72.8,12,2,23,6,14,-74.3148,-28.2482
72.8,13,1,23,6,14,-72.1853,-33.2755
72.8,14,0,23,6,14,-73.0255,-32.4291
72.9,0,2,23,6,14,-71.4159,-24.5173
72.9,1,1,23,6,14,-72.1853,-24.2834
72.9,2,0,23,6,14,-72.8404,-11.1588
72.9,3,2,23,6,14,-73.29,-24.4716
72.9,4,1,23,6,14,-73.8835,-10.8004
72.9,5,0,23,6,14,-74.0542,-24.8913
72.9,6,2,23,6,14,-75.2019,-9.79561
72.9,7,1,23,6,14,-74.5414,-25.8121
72.9,8,0,23,6,14,-75.9541,-9.44416
72.9,9,2,23,6,14,-74.3521,-28.9658
72.9,10,1,23,6,14,-73.7109,-25.4347
72.9,11,0,23,6,14,-72.728,-31.8872
72.9,12,2,23,6,14,-74.3378,-28.3686
72.9,13,1,23,6,14,-72.2407,-33.0905
72.9,14,0,23,6,14,-73.121,-32.4154
73,0,2,23,6,14,-71.2868,-24.5505
73,1,1,23,6,14,-72.0515,-24.3033
73,2,0,23,6,14,-72.7197,-11.0209
73,3,2,23,6,14,-73.1869,-24.4913
73,4,1,23,6,14,-73.8079,-11.2176
73,5,0,23,6,14,-73.9931,-24.9064
73,6,2,23,6,14,-75.1617,-9.70053
73,7,1,23,6,14,-74.0762,-27.8148
73,8,0,23,6,14,-75.3488,-23.8083
73,9,2,23,6,14,-74.3534,-28.953
73,10,1,23,6,14,-73.7125,-25.5661
73,11,0,23,6,14,-72.4117,-32.0387
73,12,2,23,6,14,-73.9373,-30.3439
73,13,1,23,6,14,-72.2844,-32.9079
73,14,0,23,6,14,-73.2183,-32.4065
73.1,0,2,23,6,14,-71.1594,-24.5956
73.1,1,1,23,6,14,-71.9163,-24.3353
73.1,2,0,23,6,14,-72.6026,-11.3109
73.1,3,2,23,6,14,-73.0799,-24.5223
73.1,4,1,23,6,14,-73.7348,-11.6609
73.1,5,0,23,6,14,-73.9286,-24.9334
73.1,6,2,23,6,14,-75.124,-9.63336
73.1,7,1,23,6,14,-74.0732,-27.854
73.1,8,0,23,6,14,-75.3576,-23.9375
73.1,9,2,23,6,14,-74.3534,-28.9545
73.1,10,1,23,6,14,-73.7075,-25.7039
73.1,11,0,23,6,14,-72.3968,-32.0282
73.1,12,2,23,6,14,-73.9832,-30.3538
73.1,13,1,23,6,14,-72.3169,-32.7295
73.1,14,0,23,6,14,-73.3171,-32.4037
73.2,0,2,23,6,14,-71.0416,-24.6554
73.2,1,1,23,6,14,-71.7807,-24.3822
73.2,2,0,23,6,14,-72.4905,-11.7883
73.2,3,2,23,6,14,-72.9695,-24.5666
73.2,4,1,23,6,14,-73.6649,-12.1292
73.2,5,0,23,6,14,-73.8608,-24.9745
73.2,6,2,23,6,14,-74.5946,-23.4267
73.2,7,1,23,6,14,-74.0689,-27.9084
73.2,8,0,23,6,14,-75.3676,-24.0638
73.2,9,2,23,6,14,-73.946,-30.5804
73.2,10,1,23,6,14,-73.345,-27.3947
73.2,11,0,23,6,14,-72.1091,-32.0793
73.2,12,2,23,6,14,-74.0317,-30.3698
73.2,13,1,23,6,14,-72.3392,-32.555
73.2,14,0,23,6,14,-73.4169,-32.4132
73.3,0,2,23,6,14,-70.9355,-24.7266
73.3,1,1,23,6,14,-71.6458,-24.4405
73.3,2,0,23,6,14,-72.3844,-12.2897
73.3,3,2,23,6,14,-72.8561,-24.6214
73.3,4,1,23,6,14,-73.5988,-12.6215
73.3,5,0,23,6,14,-73.7901,-25.0268
73.3,6,2,23,6,14,-74.5878,-23.6053
73.3,7,1,23,6,14,-74.0626,-27.974
73.3,8,0,23,6,14,-75.3793,-24.1844
73.3,9,2,23,6,14,-73.9597,-30.5903
73.3,10,1,23,6,14,-73.3617,-27.5234
73.3,11,0,23,6,14,-72.1057,-32.085
73.3,12,2,23,6,14,-73.6863,-30.4352
73.3,13,1,23,6,14,-72.0819,-32.3912
73.3,14,0,23,6,14,-73.517,-32.436
73.4,0,2,23,6,14,-70.8424,-24.8101
73.4,1,1,23,6,14,-71.5131,-24.5112
73.4,2,0,23,6,14,-72.2854,-12.8113
73.4,3,2,23,6,14,-72.7402,-24.6876
73.4,4,1,23,6,14,-73.1806,-23.1275
73.4,5,0,23,6,14,-73.7167,-25.0907
73.4,6,2,23,6,14,-74.5821,-23.7828
73.4,7,1,23,6,14,-74.0545,-28.051
73.4,8,0,23,6,14,-75.3921,-24.3034
73.4,9,2,23,6,14,-73.9713,-30.6118
73.4,10,1,23,6,14,-73.3819,-27.6522
73.4,11,0,23,6,14,-71.841,-32.1235
73.4,12,2,23,6,14,-73.7517,-30.4706
73.4,13,1,23,6,14,-72.097,-32.2305
73.4,14,0,23,6,14,-73.6171,-32.4522
73.5,0,2,23,6,14,-70.5726,-24.9026
73.5,1,1,23,6,14,-71.3841,-24.5856
73.5,2,0,23,6,14,-71.9321,-22.408
73.5,3,2,23,6,14,-72.6224,-24.7564
73.5,4,1,23,6,14,-73.1451,-23.3185
73.5,5,0,23,6,14,-73.2827,-27.3481
73.5,6,2,23,6,14,-74.1346,-24.0662
73.5,7,1,23,6,14,-74.0445,-28.13
73.5,8,0,23,6,14,-75.4066,-24.4157
73.5,9,2,23,6,14,-73.9804,-30.6402
73.5,10,1,23,6,14,-73.4049,-27.7758
73.5,11,0,23,6,14,-71.6021,-32.1524
73.5,12,2,23,6,14,-73.4461,-30.6976
73.5,13,1,23,6,14,-71.8483,-32.1358
73.5,14,0,23,6,14,-73.3491,-32.9118
73.6,0,1,23,6,14,-70.341,-27.2874
73.6,1,2,23,6,14,-71.2607,-24.6622
73.6,2,0,23,6,14,-71.6292,-23.0377
73.6,3,1,23,6,14,-72.5035,-24.827
73.6,4,2,23,6,14,-73.1132,-23.5013
73.6,5,0,23,6,14,-73.2259,-27.41
73.6,6,1,23,6,14,-74.14,-24.2428
73.6,7,2,23,6,14,-74.0325,-28.2101
73.6,8,0,23,6,14,-75.4227,-24.5192
73.6,9,1,23,6,14,-73.9869,-30.6761
73.6,10,2,23,6,14,-73.4307,-27.8925
73.6,11,0,23,6,13,-71.3909,-32.193
73.6,12,1,23,6,14,-73.1811,-30.7499
73.6,13,0,23,6,14,-71.8534,-31.9923
73.6,14,0,23,6,13,-73.4577,-32.9303
73.7,0,1,23,6,14,-70.3134,-27.3669
73.7,1,2,23,6,14,-71.1444,-24.7445
73.7,2,0,23,6,14,-71.5878,-23.2236
73.7,3,1,23,6,14,-72.1137,-27.2052
73.7,4,2,23,6,14,-73.0855,-23.6741
73.7,5,0,23,6,14,-73.1655,-27.4759
73.7,6,1,23,6,14,-74.1473,-24.4096
73.7,7,2,23,6,14,-74.0172,-28.2872
73.7,8,0,23,6,14,-75.4402,-24.6115
73.7,9,1,23,6,14,-73.9905,-30.7192
73.7,10,2,23,6,14,-73.459,-28.0004
73.7,11,0,23,6,13,-71.4115,-32.2296
73.7,12,1,23,6,14,-72.9417,-30.8337
73.7,13,0,23,6,14,-71.8524,-31.8552
73.7,14,0,23,6,13,-73.5649,-32.9465
73.8,0,1,23,6,14,-70.2976,-27.4463
73.8,1,2,23,6,14,-70.8389,-27.1669
73.8,2,0,23,6,14,-71.5604,-23.4001
73.8,3,1,23,6,14,-72.0133,-27.2699
73.8,4,2,23,6,14,-73.0619,-23.8384
73.8,5,0,23,6,14,-73.1019,-27.5412
73.8,6,1,23,6,14,-74.1564,-24.5686
73.8,7,2,23,6,14,-73.9987,-28.3578
73.8,8,0,23,6,14,-75.459,-24.6943
73.8,9,1,23,6,14,-73.9911,-30.7652
73.8,10,2,23,6,14,-73.1424,-28.3286
73.8,11,0,23,6,13,-71.4271,-32.2695
73.8,12,1,23,6,14,-72.729,-30.8826
73.8,13,0,23,6,14,-71.605,-31.7423
73.8,14,0,23,6,13,-73.6704,-32.9642
73.9,0,1,23,6,14,-70.2928,-27.525
73.9,1,2,23,6,14,-70.755,-27.2364
73.9,2,0,23,6,14,-71.5352,-23.5221
73.9,3,1,23,6,14,-71.9122,-27.3338
73.9,4,2,23,6,14,-73.0427,-23.9484
73.9,5,0,23,6,14,-73.0351,-27.6054
73.9,6,1,23,6,14,-74.1672,-24.6732
73.9,7,2,23,6,14,-73.9773,-28.4226
73.9,8,0,23,6,14,-75.4792,-24.7193
73.9,9,1,23,6,14,-73.9884,-30.8068
73.9,10,2,23,6,14,-73.1868,-28.4198
73.9,11,0,23,6,13,-71.4378,-32.3131
73.9,12,1,23,6,14,-72.8324,-30.8937
73.9,13,0,23,6,14,-71.6039,-31.642
73.9,14,0,23,6,13,-73.7739,-32.9832
74,0,1,23,6,14,-70.2979,-27.6049
74,1,2,23,6,14,-70.6812,-27.3078
74,2,0,23,6,14,-71.5188,-23.6019
74,3,1,23,6,14,-71.8123,-27.3987
74,4,2,23,6,14,-73.0284,-24.0164
74,5,0,23,6,14,-72.9658,-27.6705
74,6,1,23,6,14,-74.1799,-24.7366
74,7,2,23,6,14,-73.5713,-29.6653
74,8,0,23,6,14,-75.5006,-24.6974
74,9,1,23,6,14,-73.983,-30.8447
74,10,2,23,6,14,-72.9074,-28.979
74,11,0,23,6,13,-71.4435,-32.3596
74,12,1,23,6,14,-72.9339,-30.8922
74,13,0,23,6,14,-71.5977,-31.5562
74,14,0,23,6,13,-73.8751,-32.9998
74.1,0,2,23,6,14,-72.9727,-27.6677
74.1,1,1,23,6,14,-70.6239,-27.3773
74.1,2,0,23,6,14,-71.5115,-23.6471
74.1,3,0,23,6,14,-71.7144,-27.4617
74.1,4,2,23,6,14,-73.019,-24.0502
74.1,5,2,23,6,14,-72.8943,-27.7331
74.1,6,1,23,6,14,-74.1944,-24.7657
74.1,7,1,23,6,14,-73.5609,-29.7058
74.1,8,0,23,6,14,-75.5232,-24.635
74.1,9,0,23,6,13,-73.9749,-30.8775
74.1,10,2,23,6,14,-72.9635,-28.9682
74.1,11,2,23,6,13,-71.4502,-32.4074
74.1,12,1,23,6,14,-73.033,-30.8816
74.1,13,0,23,6,14,-71.5865,-31.4845
74.1,14,0,23,6,12,-73.9739,-33.0144
74.2,0,2,23,6,14,-73.1156,-27.7447
74.2,1,1,23,6,14,-70.5738,-27.4458
74.2,2,0,23,6,14,-71.5132,-23.665
74.2,3,0,23,6,14,-71.62,-27.5233
74.2,4,2,23,6,14,-73.0152,-24.0571
74.2,5,2,23,6,14,-72.8208,-27.7944
74.2,6,1,23,6,14,-74.211,-24.7686
74.2,7,1,23,6,14,-73.5465,-29.7429
74.2,8,0,23,6,14,-74.5186,-27.0363
74.2,9,0,23,6,13,-73.5811,-31.0502
74.2,10,2,23,6,14,-73.0196,-28.9481
74.2,11,2,23,6,13,-71.452,-32.4563
74.2,12,1,23,6,14,-73.1298,-30.8641
74.2,13,0,23,6,14,-71.3439,-31.4676
74.2,14,0,23,6,12,-74.0701,-33.0249
74.3,0,2,23,6,14,-73.2715,-27.8196
74.3,1,1,23,6,14,-70.535,-27.5118
74.3,2,0,23,6,14,-71.5223,-23.692
74.3,3,0,23,6,14,-71.5297,-27.5822
74.3,4,2,23,6,14,-73.0154,-24.0743
74.3,5,2,23,6,14,-72.7461,-27.8526
74.3,6,1,23,6,14,-73.8276,-27.1828
74.3,7,1,23,6,14,-73.5282,-29.7764
74.3,8,0,23,6,14,-74.5661,-27.0471
74.3,9,0,23,6,13,-73.2345,-31.1227
74.3,10,2,23,6,14,-73.074,-28.9376
74.3,11,2,23,6,12,-71.4433,-30.9928
74.3,12,1,23,6,13,-73.2232,-30.8565
74.3,13,0,23,6,14,-71.3206,-31.3939
74.3,14,0,23,6,12,-74.1631,-33.0327
74.4,0,2,23,6,14,-73.4389,-27.8918
74.4,1,1,23,6,14,-70.5084,-27.5748
74.4,2,0,23,6,14,-71.5393,-23.7182
74.4,3,0,23,6,14,-71.4448,-27.6378
74.4,4,2,23,6,14,-73.0211,-24.0921
74.4,5,2,23,6,14,-72.6702,-27.9071
74.4,6,1,23,6,14,-73.8588,-27.2342
74.4,7,1,23,6,14,-73.5062,-29.806
74.4,8,0,23,6,14,-74.6141,-27.0609
74.4,9,0,23,6,13,-73.2452,-31.1521
74.4,10,2,23,6,14,-73.1277,-28.9314
74.4,11,2,23,6,12,-71.4304,-31.006
74.4,12,1,23,6,13,-73.3137,-30.854
74.4,13,0,23,6,14,-71.2937,-31.3308
74.4,14,0,23,6,12,-74.2648,-33.0358
74.5,0,2,23,6,14,-73.6247,-27.9641
74.5,1,1,23,6,14,-70.4935,-27.6372
74.5,2,0,23,6,14,-71.5627,-23.7641
74.5,3,0,23,6,14,-71.3661,-27.6929
74.5,4,2,23,6,14,-73.0315,-24.1307
74.5,5,2,23,6,14,-72.5938,-27.9608
74.5,6,1,23,6,14,-73.8902,-27.3055
74.5,7,1,23,6,14,-73.4803,-29.8335
74.5,8,0,23,6,14,-74.6617,-27.0947
74.5,9,0,23,6,13,-73.2526,-31.1818
74.5,10,2,23,6,14,-73.1801,-28.9741
74.5,11,2,23,6,12,-71.4131,-31.0145
74.5,12,1,23,6,13,-73.4011,-30.8681
74.5,13,0,23,6,14,-71.2637,-31.2792
74.5,14,0,23,6,12,-74.3517,-33.0344
74.6,0,0,23,6,14,-73.8064,-28.0339
74.6,1,1,23,6,14,-70.4894,-27.6963
74.6,2,2,23,6,14,-71.5915,-23.8233
74.6,3,0,23,6,14,-71.2948,-27.7444
74.6,4,1,23,6,14,-73.0467,-24.1834
74.6,5,2,23,6,14,-72.517,-28.0107
74.6,6,0,23,6,14,-73.9218,-27.3934
74.6,7,1,23,6,14,-73.451,-29.8572
74.6,8,2,23,6,14,-74.709,-27.1452
74.6,9,2,23,6,13,-73.2568,-31.2091
74.6,10,1,23,6,14,-73.2311,-29.0423
74.6,11,1,23,6,12,-71.3917,-31.0202
74.6,12,0,23,6,13,-73.4853,-30.8944
74.6,13,0,23,6,14,-71.2306,-31.2369
74.6,14,2,23,6,12,-74.4356,-33.029
74.7,0,0,23,6,14,-73.9915,-28.101
74.7,1,1,23,6,14,-70.3164,-27.7555
74.7,2,2,23,6,14,-71.393,-26.1477
74.7,3,0,23,6,14,-71.2312,-27.7921
74.7,4,1,23,6,14,-72.4673,-27.0057
74.7,5,2,23,6,14,-72.4409,-28.0566
74.7,6,0,23,6,14,-73.9538,-27.4956
74.7,7,1,23,6,13,-73.4182,-29.8775
74.7,8,2,23,6,14,-74.7558,-27.21
74.7,9,2,23,6,13,-72.9334,-31.2511
74.7,10,1,23,6,14,-73.2807,-29.1229
74.7,11,1,23,6,12,-71.15,-31.5751
74.7,12,0,23,6,13,-73.2096,-30.9394
74.7,13,0,23,6,14,-71.1953,-31.204
74.7,14,2,23,6,11,-74.0918,-33.1663
74.8,0,0,23,6,14,-73.3988,-28.9796
74.8,1,1,23,6,14,-70.3353,-27.8083
74.8,2,2,23,6,14,-71.4376,-26.2227
74.8,3,0,23,6,14,-71.1758,-27.8372
74.8,4,1,23,6,14,-72.517,-27.1228
74.8,5,2,23,6,14,-72.0938,-28.9393
74.8,6,0,23,6,14,-73.9863,-27.6117
74.8,7,1,23,6,13,-73.3819,-29.8957
74.8,8,2,23,6,14,-74.8021,-27.2883
74.8,9,2,23,6,13,-72.6432,-31.2784
74.8,10,1,23,6,14,-72.6772,-29.2863
74.8,11,1,23,6,12,-71.1308,-31.5939
74.8,12,0,23,6,13,-73.297,-30.9789
74.8,13,0,23,6,13,-71.1579,-31.1811
74.8,14,2,23,6,10,-74.1798,-33.1537
74.9,0,0,23,6,14,-73.5814,-29.0447
74.9,1,1,23,6,14,-71.4101,-27.8519
74.9,2,2,23,6,14,-71.2681,-27.0168
74.9,3,0,23,6,14,-71.1291,-27.8798
74.9,4,1,23,6,14,-72.561,-27.256
74.9,5,2,23,6,14,-72.0332,-28.9724
74.9,6,0,23,6,14,-74.0192,-27.744
74.9,7,1,23,6,13,-73.3427,-29.9109
74.9,8,2,23,6,14,-74.8478,-27.3821
74.9,9,2,23,6,13,-72.3709,-31.3052
74.9,10,1,23,6,14,-72.7414,-29.3907
74.9,11,1,23,6,12,-71.1085,-31.6077
74.9,12,0,23,6,13,-73.3811,-31.0221
74.9,13,0,23,6,13,-71.1188,-31.1673
74.9,14,2,23,6,10,-74.2645,-33.1372
75,0,0,23,6,14,-73.7604,-29.1091
75,1,1,23,6,14,-71.4909,-27.8993
75,2,2,23,6,14,-71.3193,-27.1725
75,3,0,23,6,14,-71.0914,-27.919
75,4,1,23,6,14,-72.6066,-27.4071
75,5,2,23,6,14,-71.9734,-29.0029
75,6,0,23,6,14,-74.0526,-27.8939
75,7,1,23,6,13,-73.3002,-29.9235
75,8,2,23,6,14,-74.8926,-27.4926
75,9,2,23,6,13,-72.3906,-31.3195
75,10,1,23,6,14,-72.8032,-29.5096
75,11,1,23,6,12,-71.0831,-31.6177
75,12,0,23,6,13,-73.4617,-31.0651
75,13,0,23,6,13,-72.3926,-30.9441
75,14,2,23,6,10,-74.3459,-33.1171
75.1,0,0,23,6,13,-73.8713,-29.1727
75.1,1,2,23,6,14,-71.49,-27.9439
75.1,2,1,23,6,14,-71.2968,-27.3474
75.1,3,1,23,6,14,-71.0436,-27.9557
75.1,4,0,23,6,14,-72.5896,-27.5773
75.1,5,0,23,6,14,-71.9397,-29.0306
75.1,6,2,23,6,14,-74.0383,-28.0632
75.1,7,2,23,6,13,-73.2904,-29.9383
75.1,8,1,23,6,14,-74.914,-27.6211
75.1,9,1,23,6,13,-72.439,-31.33
75.1,10,0,23,6,14,-72.8372,-29.6424
75.1,11,0,23,6,12,-71.1274,-31.6357
75.1,12,2,23,6,13,-73.5256,-31.1062
75.1,13,2,23,6,13,-72.4481,-30.9585
75.1,14,1,23,6,9,-74.4163,-33.1062
75.2,0,0,23,6,13,-73.9804,-29.2353
75.2,1,2,23,6,14,-72.8883,-28.6825
75.2,2,1,23,6,14,-71.2737,-27.5484
75.2,3,1,23,6,14,-70.8008,-28.7042
75.2,4,0,23,6,14,-72.572,-27.7737
75.2,5,0,23,6,13,-71.9064,-29.0556
75.2,6,2,23,6,14,-74.0222,-28.259
75.2,7,2,23,6,13,-73.2787,-29.954
75.2,8,1,23,6,14,-74.9331,-27.7742
75.2,9,1,23,6,12,-72.4841,-28.5308
75.2,10,0,23,6,14,-72.2824,-29.8335
75.2,11,0,23,6,12,-71.1706,-31.652
75.2,12,2,23,6,12,-73.5854,-30.7297
75.2,13,2,23,6,13,-72.4954,-30.9838
75.2,14,1,23,6,8,-74.4831,-33.0945
75.3,0,0,23,6,13,-74.0875,-29.2981
75.3,1,2,23,6,14,-72.9876,-28.7232
75.3,2,1,23,6,14,-71.2499,-27.7835
75.3,3,1,23,6,14,-70.7667,-28.7331
75.3,4,0,23,6,14,-72.554,-28.0041
75.3,5,0,23,6,13,-71.8749,-29.0842
75.3,6,2,23,6,14,-74.0048,-28.4895
75.3,7,2,23,6,13,-73.2652,-29.9703
75.3,8,1,23,6,14,-74.9504,-27.9601
75.3,9,1,23,6,12,-72.5263,-28.5287
75.3,10,0,23,6,13,-72.3241,-29.4237
75.3,11,0,23,6,11,-71.2128,-31.6661
75.3,12,2,23,6,12,-73.6415,-30.729
75.3,13,2,23,6,13,-72.5417,-31.0183
75.3,14,1,23,6,8,-74.5464,-33.0807
75.4,0,0,23,6,13,-74.1921,-29.3591
75.4,1,2,23,6,13,-73.0909,-28.7612
75.4,2,1,23,6,14,-71.2252,-28.0599
75.4,3,1,23,6,13,-70.7343,-28.7587
75.4,4,0,23,6,14,-72.5357,-28.2758
75.4,5,0,23,6,13,-71.8449,-29.1123
75.4,6,2,23,6,14,-73.9861,-28.7619
75.4,7,2,23,6,13,-73.25,-29.9841
75.4,8,1,23,6,14,-74.9669,-28.1911
75.4,9,1,23,6,12,-72.5655,-28.5234
75.4,10,0,23,6,13,-72.3614,-29.4469
75.4,11,0,23,6,11,-71.254,-31.6786
75.4,12,2,23,6,12,-73.6936,-30.7628
75.4,13,2,23,6,13,-72.5875,-31.0624
75.4,14,1,23,6,6,-74.6063,-31.9595
75.5,0,0,23,6,13,-74.2937,-29.4204
75.5,1,2,23,6,13,-73.1976,-28.7986
75.5,2,1,23,6,14,-71.1997,-28.3862
75.5,3,1,23,6,13,-70.7032,-28.7827
75.5,4,0,23,6,14,-72.5172,-28.5977
75.5,5,0,23,6,13,-71.8158,-29.1409
75.5,6,2,23,6,14,-73.9664,-29.0854
75.5,7,2,23,6,13,-73.242,-29.9969
75.5,8,1,23,6,14,-74.9807,-28.469
75.5,9,1,23,6,12,-72.6017,-28.5162
75.5,10,0,23,6,13,-72.3947,-29.463
75.5,11,0,23,6,11,-71.2941,-31.6901
75.5,12,2,23,6,12,-73.7419,-30.7963
75.5,13,2,23,6,13,-72.6321,-31.1156
75.5,14,1,23,6,6,-74.6628,-32.0039
75.6,0,2,23,6,13,-74.3911,-29.4819
75.6,1,1,23,6,13,-73.3069,-28.8354
75.6,2,0,23,6,14,-71.1726,-28.7639
75.6,3,0,23,6,13,-70.6725,-28.805
75.6,4,2,23,6,14,-72.4976,-28.9713
75.6,5,2,23,6,13,-71.7851,-29.1639
75.6,6,1,23,6,14,-73.9425,-29.4575
75.6,7,1,23,6,13,-73.2207,-30.0058
75.6,8,0,23,6,14,-74.9903,-28.7958
75.6,9,2,23,6,12,-72.6328,-28.5026
75.6,10,2,23,6,13,-72.4218,-29.4643
75.6,11,1,23,6,11,-71.332,-31.7007
75.6,12,1,23,6,11,-73.7849,-30.8322
75.6,13,0,23,6,12,-72.675,-31.18
75.6,14,0,23,6,6,-74.7145,-32.0498
75.7,0,2,23,6,13,-74.4834,-29.5414
75.7,1,1,23,6,13,-73.4181,-28.87
75.7,2,0,23,6,14,-72.7219,-29.1962
75.7,3,0,23,6,13,-70.6415,-28.8232
75.7,4,2,23,6,14,-72.4762,-29.4145
75.7,5,2,23,6,13,-71.751,-29.1827
75.7,6,1,23,6,14,-73.9139,-29.8968
75.7,7,1,23,6,13,-73.1944,-30.0082
75.7,8,0,23,6,14,-74.9963,-29.195
75.7,9,2,23,6,12,-72.6586,-28.4788
75.7,10,2,23,6,13,-72.4416,-29.4474
75.7,11,1,23,6,11,-71.3673,-31.7126
75.7,12,1,23,6,11,-73.8218,-30.8745
75.7,13,0,23,6,12,-72.7247,-31.258
75.7,14,0,23,6,6,-74.761,-32.1008
75.8,0,2,23,6,13,-74.5701,-29.8231
75.8,1,1,23,6,13,-73.5303,-28.9009
75.8,2,0,23,6,14,-72.7329,-29.7316
75.8,3,0,23,6,13,-70.6136,-28.8388
75.8,4,2,23,6,14,-72.4602,-29.9445
75.8,5,2,23,6,13,-71.7125,-29.1943
75.8,6,1,23,6,14,-73.8809,-30.4209
75.8,7,1,23,6,13,-73.1622,-30.0015
75.8,8,0,23,6,14,-74.9961,-29.6754
75.8,9,2,23,6,12,-72.678,-28.4462
75.8,10,2,23,6,13,-72.4531,-29.5007
75.8,11,1,23,6,11,-71.3994,-31.7263
75.8,12,1,23,6,11,-73.8518,-30.9216
75.8,13,0,23,6,12,-72.7643,-31.3486
75.8,14,0,23,6,6,-74.8019,-32.158
75.9,0,2,23,6,13,-74.6505,-30.4588
75.9,1,1,23,6,13,-73.6428,-28.9266
75.9,2,0,23,6,14,-74.7664,-30.3552
75.9,3,0,23,6,13,-71.9523,-28.8394
75.9,4,2,23,6,14,-72.4336,-30.5709
75.9,5,2,23,6,13,-71.669,-29.1958
75.9,6,1,23,6,14,-73.843,-31.0394
75.9,7,1,23,6,13,-73.1233,-29.9833
75.9,8,0,23,6,14,-74.9897,-30.2475
75.9,9,2,23,6,12,-72.6908,-28.4071
75.9,10,2,23,6,13,-72.4557,-30.3223
75.9,11,1,23,6,11,-71.4278,-31.7448
75.9,12,1,23,6,11,-73.8741,-30.9774
75.9,13,0,23,6,12,-72.8024,-31.4539
75.9,14,0,23,6,6,-74.8365,-32.2239
76,0,2,23,6,13,-74.7249,-31.1958
76,1,1,23,6,13,-73.755,-28.9527
76,2,0,23,6,14,-74.8505,-31.0899
76,3,0,23,6,13,-73.5435,-28.8416
76,4,2,23,6,14,-72.4043,-31.2975
76,5,2,23,6,13,-71.6203,-29.1923
76,6,1,23,6,14,-73.8111,-31.7569
76,7,1,23,6,13,-73.0777,-29.9595
76,8,0,23,6,14,-74.9762,-30.9154
76,9,2,23,6,12,-72.6965,-28.3586
76,10,2,23,6,13,-74.3635,-31.176
76,11,1,23,6,11,-71.4519,-31.7681
76,12,1,23,6,11,-73.8887,-31.0426
76,13,0,23,6,12,-71.4105,-31.7702
76,14,0,23,6,6,-74.8646,-32.299
76.1,0,2,23,6,13,-74.7928,-32.0199
76.1,1,1,23,6,13,-73.8664,-29.0062
76.1,2,0,23,6,14,-74.932,-31.9113
76.1,3,0,23,6,13,-73.6291,-28.8437
76.1,4,2,23,6,14,-72.3725,-32.1108
76.1,5,2,23,6,13,-71.5664,-29.1815
76.1,6,1,23,6,14,-73.7641,-32.5595
76.1,7,1,23,6,13,-73.0253,-29.9283
76.1,8,0,23,6,14,-74.956,-31.6661
76.1,9,2,23,6,12,-72.695,-28.3566
76.1,10,2,23,6,13,-74.3895,-32.1575
76.1,11,1,23,6,11,-71.4713,-31.7961
76.1,12,1,23,6,11,-73.8948,-31.1156
76.1,13,0,23,6,12,-71.449,-31.8948
76.1,14,0,23,6,6,-74.8864,-32.3839
76.2,0,2,23,6,13,-74.8677,-32.962
76.2,1,1,23,6,13,-73.9762,-30.176
76.2,2,0,23,6,14,-75.0105,-32.7775
76.2,3,0,23,6,13,-73.7181,-28.8472
76.2,4,2,23,6,14,-72.3378,-32.9689
76.2,5,2,23,6,13,-71.5074,-29.1694
76.2,6,1,23,6,14,-73.3521,-33.4096
76.2,7,1,23,6,13,-72.9658,-29.8952
76.2,8,0,23,6,14,-74.9285,-32.4586
76.2,9,2,23,6,12,-72.686,-28.4036
76.2,10,2,23,6,13,-74.4076,-33.1675
76.2,11,1,23,6,11,-71.4856,-31.832
76.2,12,1,23,6,11,-73.8932,-31.2001
76.2,13,0,23,6,12,-71.4876,-32.0343
76.2,14,0,23,6,6,-74.4345,-32.6382
76.3,0,2,23,6,13,-74.9235,-33.9738
76.3,1,1,23,6,13,-74.088,-31.3108
76.3,2,0,23,6,14,-75.0859,-33.6761
76.3,3,0,23,6,13,-73.8097,-28.8459
76.3,4,2,23,6,14,-72.0321,-33.8231
76.3,5,2,23,6,13,-71.4436,-29.1505
76.3,6,1,23,6,14,-73.3116,-34.255
76.3,7,1,23,6,13,-72.8992,-29.8546
76.3,8,0,23,6,14,-74.894,-33.2436
76.3,9,2,23,6,12,-72.6693,-28.4772
76.3,10,2,23,6,13,-74.4185,-34.158
76.3,11,1,23,6,11,-72.9531,-31.7038
76.3,12,1,23,6,11,-73.5023,-31.5072
76.3,13,0,23,6,12,-71.5265,-32.188
76.3,14,0,23,6,6,-74.4594,-32.7458
76.4,0,2,23,6,13,-74.9734,-34.8898
76.4,1,1,23,6,13,-74.2007,-32.334
76.4,2,0,23,6,14,-74.656,-34.6118
76.4,3,0,23,6,13,-73.9037,-28.8399
76.4,4,2,23,6,14,-72.0028,-34.597
76.4,5,2,23,6,13,-71.375,-29.1249
76.4,6,1,23,6,14,-73.2658,-35.0171
76.4,7,1,23,6,13,-72.8254,-29.807
76.4,8,0,23,6,14,-74.8522,-33.9414
76.4,9,2,23,6,12,-72.6446,-28.5786
76.4,10,2,23,6,13,-73.9949,-35.0521
76.4,11,1,23,6,11,-72.9889,-31.7669
76.4,12,1,23,6,11,-73.4983,-31.6384
76.4,13,0,23,6,12,-71.5655,-32.3577
76.4,14,0,23,6,6,-74.4788,-32.8675
76.5,0,2,23,6,13,-75.0177,-35.6111
76.5,1,1,23,6,13,-74.3129,-33.1496
76.5,2,0,23,6,14,-74.7302,-35.3502
76.5,3,0,23,6,13,-74,-28.8358
76.5,4,2,23,6,14,-71.9708,-35.3465
76.5,5,2,23,6,13,-71.3021,-29.0984
76.5,6,1,23,6,14,-73.215,-35.6058
76.5,7,1,23,6,13,-72.7448,-29.7581
76.5,8,0,23,6,14,-74.8028,-34.4524
76.5,9,2,23,6,12,-72.6117,-28.7117
76.5,10,2,23,6,13,-74.0047,-35.7484
76.5,11,1,23,6,11,-73.0211,-31.8392
76.5,12,1,23,6,11,-73.4866,-31.7936
76.5,13,0,23,6,12,-71.6049,-32.5425
76.5,14,0,23,6,6,-74.4927,-33.0018
76.6,0,1,23,6,12,-75.0568,-35.4394
76.6,1,2,23,6,13,-74.4229,-33.6668
76.6,2,0,23,6,13,-74.8135,-35.7989
76.6,3,1,23,6,13,-73.6939,-29.6366
76.6,4,1,23,6,14,-71.9364,-35.806
76.6,5,0,23,6,13,-72.8331,-29.0603
76.6,6,2,23,6,13,-73.1595,-35.8955
76.6,7,2,23,6,13,-72.6574,-29.7077
76.6,8,0,23,6,14,-74.746,-34.6822
76.6,9,1,23,6,12,-72.5703,-28.879
76.6,10,1,23,6,12,-74.009,-29.3714
76.6,11,0,23,6,11,-73.0492,-31.9205
76.6,12,2,23,6,11,-73.4675,-31.9734
76.6,13,2,23,6,9,-71.4097,-32.854
76.6,14,0,23,6,5,-74.5011,-30.7795
76.7,0,1,23,6,12,-75.0907,-35.3995
76.7,1,2,23,6,13,-74.5256,-33.8088
76.7,2,0,23,6,13,-74.8795,-35.8837
76.7,3,1,23,6,13,-73.8042,-29.6401
76.7,4,1,23,6,14,-71.8968,-35.9028
76.7,5,0,23,6,13,-72.8218,-29.032
76.7,6,2,23,6,13,-73.0998,-35.8441
76.7,7,2,23,6,13,-72.5633,-29.6561
76.7,8,0,23,6,14,-74.6817,-34.5582
76.7,9,1,23,6,12,-72.5204,-29.0699
76.7,10,1,23,6,12,-74.0073,-29.5915
76.7,11,0,23,6,11,-73.0723,-32.1092
76.7,12,2,23,6,11,-73.4411,-32.1654
76.7,13,2,23,6,9,-71.4577,-33.0864
76.7,14,0,23,6,5,-74.5039,-31.1041
76.8,0,1,23,6,12,-75.1197,-34.998
76.8,1,2,23,6,13,-74.6201,-33.5683
76.8,2,0,23,6,12,-74.9411,-34.8661
76.8,3,1,23,6,13,-73.9179,-29.262
76.8,4,1,23,6,13,-71.8528,-35.0248
76.8,5,0,23,6,13,-72.8003,-29.0039
76.8,6,2,23,6,13,-73.0452,-35.4328
76.8,7,2,23,6,13,-72.463,-29.6045
76.8,8,0,23,6,14,-74.6099,-34.2234
76.8,9,1,23,6,12,-72.4618,-29.2816
76.8,10,1,23,6,12,-73.9999,-29.8224
76.8,11,0,23,6,11,-73.0897,-32.3456
76.8,12,2,23,6,11,-73.4078,-32.3688
76.8,13,2,23,6,7,-71.5058,-30.4859
76.8,14,0,23,6,5,-74.5011,-31.4609
76.9,0,1,23,6,11,-75.1434,-34.2786
76.9,1,2,23,6,13,-74.7057,-32.9861
76.9,2,0,23,6,12,-74.997,-34.1428
76.9,3,1,23,6,13,-74.0338,-28.8353
76.9,4,1,23,6,13,-71.8041,-34.302
76.9,5,0,23,6,13,-72.7767,-28.9515
76.9,6,2,23,6,13,-72.9783,-34.7056
76.9,7,2,23,6,13,-72.3565,-29.528
76.9,8,0,23,6,14,-74.5307,-33.5643
76.9,9,1,23,6,12,-72.3943,-29.5109
76.9,10,1,23,6,12,-73.9814,-30.0533
76.9,11,0,23,6,11,-73.1006,-32.6006
76.9,12,2,23,6,10,-73.367,-31.842
76.9,13,2,23,6,7,-71.5538,-30.7849
76.9,14,0,23,6,5,-74.4925,-31.8466
77,0,1,23,6,11,-75.1616,-33.3376
77,1,2,23,6,13,-74.7947,-32.1551
77,2,0,23,6,12,-75.0464,-33.1978
77,3,1,23,6,13,-74.1515,-28.8398
77,4,1,23,6,13,-71.7603,-33.3595
77,5,0,23,6,13,-72.7507,-28.9056
77,6,2,23,6,13,-72.908,-33.7588
77,7,2,23,6,13,-72.2442,-29.4576
77,8,0,23,6,14,-74.4441,-32.6615
77,9,1,23,6,12,-72.3177,-29.769
77,10,1,23,6,13,-73.9512,-34.1693
77,11,0,23,6,12,-73.1043,-32.8842
77,12,2,23,6,10,-73.3182,-32.0433
77,13,2,23,6,7,-71.6015,-31.1046
77,14,0,23,6,5,-74.4709,-32.2503
77.1,0,0,23,6,11,-75.1745,-32.2711
77.1,1,2,23,6,13,-74.8611,-31.166
77.1,2,1,23,6,12,-75.0893,-32.1273
77.1,3,0,23,6,13,-74.27,-28.8574
77.1,4,0,23,6,13,-71.7084,-32.2935
77.1,5,1,23,6,13,-72.7223,-28.8636
77.1,6,2,23,6,13,-72.8381,-32.6893
77.1,7,2,23,6,13,-72.1262,-29.3903
77.1,8,0,23,6,14,-74.3504,-31.6059
77.1,9,1,23,6,12,-72.2321,-30.0182
77.1,10,1,23,6,13,-73.9089,-33.0437
77.1,11,0,23,6,12,-73.1002,-33.1596
77.1,12,2,23,6,10,-73.2614,-32.2594
77.1,13,2,23,6,7,-71.6487,-31.4429
77.1,14,0,23,6,5,-74.4362,-32.6384
77.2,0,0,23,6,11,-75.1822,-31.166
77.2,1,2,23,6,13,-74.918,-30.1004
77.2,2,1,23,6,12,-75.1254,-31.018
77.2,3,0,23,6,13,-74.3879,-28.8907
77.2,4,0,23,6,13,-71.655,-31.1906
77.2,5,1,23,6,13,-72.6913,-28.8269
77.2,6,2,23,6,13,-72.777,-31.5837
77.2,7,2,23,6,13,-72.0031,-29.3278
77.2,8,0,23,6,14,-74.2498,-30.4789
77.2,9,1,23,6,12,-72.1376,-30.2549
77.2,10,1,23,6,13,-73.8535,-31.8834
77.2,11,0,23,6,12,-73.0877,-33.4235
77.2,12,2,23,6,10,-73.1967,-32.4898
77.2,13,2,23,6,7,-71.6951,-31.7987
77.2,14,0,23,6,5,-74.3884,-33.0082
77.3,0,0,23,6,11,-75.1843,-30.0884
77.3,1,2,23,6,13,-74.9652,-29.5984
77.3,2,1,23,6,12,-75.1538,-29.9359
77.3,3,0,23,6,13,-74.5032,-28.9282
77.3,4,0,23,6,13,-71.6003,-30.1176
77.3,5,1,23,6,13,-72.657,-28.7851
77.3,6,2,23,6,13,-72.7085,-30.5083
77.3,7,2,23,6,13,-73.7684,-29.2483
77.3,8,0,23,6,14,-74.1424,-29.3432
77.3,9,1,23,6,13,-72.0341,-30.4795
77.3,10,1,23,6,13,-73.7847,-30.9198
77.3,11,0,23,6,12,-73.0662,-33.6763
77.3,12,2,23,6,11,-73.118,-32.7253
77.3,13,2,23,6,7,-71.7402,-32.1712
77.3,14,0,23,6,5,-74.3277,-33.3601
77.4,0,0,23,6,11,-75.1809,-29.0795
77.4,1,2,23,6,13,-75.0028,-29.6516
77.4,2,1,23,6,12,-75.1746,-28.9227
77.4,3,0,23,6,13,-74.6136,-28.9706
77.4,4,0,23,6,13,-73.2876,-29.0819
77.4,5,1,23,6,13,-74.5482,-28.7331
77.4,6,2,23,6,13,-72.6413,-29.5043
77.4,7,2,23,6,13,-73.7016,-29.1767
77.4,8,0,23,6,14,-74.0286,-28.2389
77.4,9,1,23,6,13,-71.9221,-30.6876
77.4,10,1,23,6,13,-73.7018,-31.1076
77.4,11,0,23,6,12,-73.0353,-33.9137
77.4,12,2,23,6,11,-73.0257,-32.9654
77.4,13,2,23,6,7,-71.7839,-32.5582
77.4,14,0,23,6,5,-74.2541,-33.6902
77.5,0,0,23,6,11,-75.1719,-28.1592
77.5,1,2,23,6,13,-75.059,-29.6974
77.5,2,1,23,6,12,-75.1876,-28.5657
77.5,3,0,23,6,13,-74.7301,-29.0171
77.5,4,0,23,6,13,-75.5927,-28.1405
77.5,5,1,23,6,13,-74.5813,-28.6831
77.5,6,2,23,6,13,-72.5758,-28.5912
77.5,7,2,23,6,13,-73.6318,-29.0992
77.5,8,0,23,6,14,-73.909,-27.1871
77.5,9,1,23,6,13,-71.8019,-30.8758
77.5,10,1,23,6,13,-73.6049,-31.2807
77.5,11,0,23,6,12,-72.9947,-34.1323
77.5,12,2,23,6,11,-72.9197,-33.2108
77.5,13,2,23,6,7,-71.8259,-32.9603
77.5,14,0,23,6,5,-74.1677,-33.9952
77.6,0,1,23,6,11,-75.1717,-27.336
77.6,1,0,23,6,13,-75.0787,-29.7339
77.6,2,2,23,6,12,-75.1927,-28.6153
77.6,3,2,23,6,13,-74.825,-29.0654
77.6,4,1,23,6,13,-75.6243,-27.3122
77.6,5,0,23,6,13,-74.6281,-28.6287
77.6,6,2,23,6,13,-72.5119,-27.7769
77.6,7,1,23,6,13,-73.559,-29.0144
77.6,8,0,23,6,14,-74.2088,-25.9014
77.6,9,2,23,6,13,-71.9301,-31.027
77.6,10,1,23,6,13,-73.4944,-31.4364
77.6,11,0,23,6,12,-72.9442,-34.3312
77.6,12,2,23,6,11,-72.7991,-33.4606
77.6,13,1,23,6,7,-71.8658,-33.3764
77.6,14,0,23,6,5,-74.0686,-34.2751
77.7,0,1,23,6,11,-75.1515,-26.6075
77.7,1,0,23,6,13,-75.0898,-29.7571
77.7,2,2,23,6,12,-75.1898,-28.6517
77.7,3,2,23,6,13,-74.9091,-29.1103
77.7,4,1,23,6,13,-75.6492,-27.1102
77.7,5,0,23,6,13,-74.6634,-28.5674
77.7,6,2,23,6,13,-72.4501,-27.0587
77.7,7,1,23,6,13,-73.4835,-28.9188
77.7,8,0,23,6,14,-74.0851,-24.9513
77.7,9,2,23,6,13,-71.7975,-31.1724
77.7,10,1,23,6,13,-73.3708,-31.5774
77.7,11,0,23,6,12,-72.8835,-34.5085
77.7,12,2,23,6,11,-74.7304,-33.6473
77.7,13,1,23,6,7,-71.9036,-33.8059
77.7,14,0,23,6,5,-73.9563,-34.5278
77.8,0,1,23,6,12,-75.1256,-30.3621
77.8,1,0,23,6,13,-75.0926,-29.7695
77.8,2,2,23,6,12,-75.1787,-28.6773
77.8,3,2,23,6,13,-74.9801,-29.1529
77.8,4,1,23,6,13,-75.667,-27.2813
77.8,5,0,23,6,13,-74.6997,-28.5038
77.8,6,2,23,6,13,-72.39,-26.4476
77.8,7,1,23,6,13,-73.4055,-28.816
77.8,8,0,23,6,14,-73.9579,-24.0986
77.8,9,2,23,6,13,-71.6581,-31.2927
77.8,10,1,23,6,13,-73.2351,-31.7046
77.8,11,0,23,6,12,-72.8124,-34.6621
77.8,12,2,23,6,12,-74.6548,-34.4649
77.8,13,1,23,6,7,-71.9371,-34.2395
77.8,14,0,23,6,5,-73.8299,-34.749
77.9,0,1,23,6,12,-75.0938,-30.3492
77.9,1,0,23,6,13,-75.087,-29.7675
77.9,2,2,23,6,12,-75.1589,-28.6879
77.9,3,2,23,6,13,-75.0353,-29.1833
77.9,4,1,23,6,13,-75.6766,-27.4221
77.9,5,0,23,6,13,-74.7363,-28.4364
77.9,6,2,23,6,13,-72.3314,-25.9246
77.9,7,1,23,6,13,-73.3247,-28.7036
77.9,8,0,23,6,14,-73.8283,-23.3332
77.9,9,2,23,6,13,-71.5123,-31.389
77.9,10,1,23,6,13,-73.0869,-31.8168
77.9,11,0,23,6,12,-72.7309,-34.7929
77.9,12,2,23,6,12,-74.5653,-34.6336
77.9,13,1,23,6,7,-71.9661,-34.6651
77.9,14,0,23,6,5,-73.6877,-34.938
78,0,1,23,6,12,-75.056,-30.3261
78,1,0,23,6,13,-75.0732,-29.7529
78,2,2,23,6,12,-75.7071,-28.68
78,3,2,23,6,13,-75.0748,-29.2024
78,4,1,23,6,13,-75.6777,-27.5351
78,5,0,23,6,14,-74.7931,-28.8464
78,6,2,23,6,13,-72.2743,-25.4771
78,7,1,23,6,14,-73.2409,-29.255
78,8,0,23,6,14,-73.6979,-22.6507
78,9,2,23,6,13,-71.5933,-30.1242
78,10,1,23,6,13,-73.2749,-31.8812
78,11,0,23,6,12,-72.639,-34.8981
78,12,2,23,6,12,-74.4618,-34.7798
78,13,1,23,6,7,-71.7386,-35.1514
78,14,0,23,6,7,-73.5289,-35.0908
78.1,0,0,23,6,12,-75.0121,-30.2942
78.1,1,1,23,6,13,-75.0515,-29.7276
78.1,2,2,23,6,13,-75.6853,-29.3388
78.1,3,0,23,6,13,-75.0994,-29.2114
78.1,4,0,23,6,13,-75.6697,-27.6219
78.1,5,2,23,6,14,-74.8786,-28.8495
78.1,6,1,23,6,13,-72.2184,-25.093
78.1,7,1,23,6,14,-73.1536,-29.1943
78.1,8,0,23,6,14,-73.5682,-22.0471
78.1,9,2,23,6,13,-73.2205,-30.2123
78.1,10,2,23,6,13,-73.1066,-31.9562
78.1,11,0,23,6,13,-72.5369,-34.9821
78.1,12,1,23,6,13,-74.3437,-34.9041
78.1,13,1,23,6,7,-71.7679,-35.5449
78.1,14,0,23,6,8,-73.3521,-36.2527
78.2,0,0,23,6,12,-75.5207,-30.1967
78.2,1,1,23,6,12,-75.022,-29.6399
78.2,2,2,23,6,13,-76.3241,-29.0497
78.2,3,0,23,6,13,-75.1097,-29.1578
78.2,4,0,23,6,13,-76.3169,-27.6213
78.2,5,2,23,6,14,-74.9613,-28.7837
78.2,6,1,23,6,13,-72.1641,-24.7634
78.2,7,1,23,6,14,-73.4263,-28.7973
78.2,8,0,23,6,14,-73.4412,-21.5201
78.2,9,2,23,6,13,-73.8588,-29.0034
78.2,10,2,23,6,13,-73.653,-30.7946
78.2,11,0,23,6,13,-72.4252,-35.0417
78.2,12,1,23,6,13,-74.212,-35.0072
78.2,13,1,23,6,6,-71.789,-31.7798
78.2,14,0,23,6,8,-73.1647,-36.3893
78.3,0,0,23,6,12,-75.4779,-30.0575
78.3,1,1,23,6,12,-74.9858,-29.5031
78.3,2,2,23,6,13,-76.311,-28.9543
78.3,3,0,23,6,13,-75.1073,-29.0532
78.3,4,0,23,6,13,-76.3152,-27.5494
78.3,5,2,23,6,14,-75.0397,-28.6553
78.3,6,1,23,6,13,-72.111,-24.4781
78.3,7,1,23,6,14,-73.3479,-28.5975
78.3,8,0,23,6,14,-73.3187,-21.0629
78.3,9,2,23,6,14,-73.7539,-29.3657
78.3,10,2,23,6,13,-73.4755,-30.9263
78.3,11,0,23,6,13,-72.304,-35.0817
78.3,12,1,23,6,13,-74.0675,-35.0889
78.3,13,1,23,6,6,-71.8013,-32.2268
78.3,14,0,23,6,9,-72.9667,-36.5106
78.4,0,0,23,6,12,-75.4299,-29.9536
78.4,1,1,23,6,12,-74.9429,-29.3997
78.4,2,2,23,6,13,-76.2916,-28.8923
78.4,3,0,23,6,13,-75.1072,-28.9799
78.4,4,0,23,6,13,-76.3054,-27.5066
78.4,5,2,23,6,14,-75.1118,-28.5745
78.4,6,1,23,6,13,-72.0583,-24.2353
78.4,7,1,23,6,14,-73.2665,-28.4403
78.4,8,0,23,6,14,-73.2026,-20.6714
78.4,9,2,23,6,14,-73.6446,-29.1894
78.4,10,2,23,6,13,-73.2937,-31.0382
78.4,11,0,23,6,13,-72.174,-35.1013
78.4,12,1,23,6,13,-73.9149,-35.1547
78.4,13,1,23,6,6,-71.7955,-32.6375
78.4,14,0,23,6,9,-74.832,-36.584
78.5,0,0,23,6,12,-75.3777,-29.8422
78.5,1,1,23,6,12,-74.8946,-29.2868
78.5,2,2,23,6,13,-76.2673,-28.8195
78.5,3,0,23,6,13,-75.0827,-28.8935
78.5,4,0,23,6,13,-73.351,-27.4677
78.5,5,2,23,6,14,-75.1776,-28.4963
78.5,6,1,23,6,13,-73.6655,-23.9581
78.5,7,1,23,6,14,-75.441,-28.274
78.5,8,0,23,6,14,-73.095,-20.3357
78.5,9,2,23,6,14,-73.5319,-29.0082
78.5,10,2,23,6,14,-73.1092,-31.1258
78.5,11,0,23,6,13,-72.0361,-35.1012
78.5,12,1,23,6,13,-73.7587,-35.209
78.5,13,1,23,6,7,-71.7792,-33.0092
78.5,14,0,23,6,9,-74.7035,-36.6651
78.6,0,2,23,6,12,-73.1261,-29.8427
78.6,1,0,23,6,12,-74.8406,-29.1607
78.6,2,1,23,6,13,-76.2381,-28.7313
78.6,3,1,23,6,14,-75.6301,-29.3512
78.6,4,2,23,6,13,-73.3733,-27.3932
78.6,5,2,23,6,14,-75.236,-28.4152
78.6,6,0,23,6,13,-74.0821,-23.6448
78.6,7,0,23,6,14,-75.4494,-28.1106
78.6,8,2,23,6,14,-72.9978,-20.0491
78.6,9,1,23,6,14,-74.2378,-28.5504
78.6,10,0,23,6,14,-73.6452,-29.0042
78.6,11,2,23,6,13,-71.8906,-35.0797
78.6,12,1,23,6,13,-73.5986,-35.2513
78.6,13,0,23,6,7,-71.7516,-33.3442
78.6,14,2,23,6,10,-74.5705,-36.7283
78.7,0,2,23,6,12,-73.1636,-29.7218
78.7,1,0,23,6,12,-74.7813,-29.0251
78.7,2,1,23,6,13,-76.2041,-28.632
78.7,3,1,23,6,14,-75.6097,-29.2566
78.7,4,2,23,6,13,-73.3961,-27.3049
78.7,5,2,23,6,14,-75.2859,-28.3338
78.7,6,0,23,6,13,-74.0992,-23.5198
78.7,7,0,23,6,14,-75.4625,-27.9467
78.7,8,2,23,6,14,-72.9117,-19.8063
78.7,9,1,23,6,14,-74.1447,-28.3525
78.7,10,0,23,6,14,-73.4687,-29.0093
78.7,11,2,23,6,14,-71.7388,-35.0389
78.7,12,1,23,6,13,-73.4349,-35.3092
78.7,13,0,23,6,7,-71.7121,-33.6458
78.7,14,2,23,6,11,-74.4332,-36.7748
78.8,0,2,23,6,12,-73.1942,-29.5937
78.8,1,0,23,6,13,-75.2486,-29.4366
78.8,2,1,23,6,13,-76.1654,-28.5197
78.8,3,1,23,6,14,-75.5986,-29.1457
78.8,4,2,23,6,13,-73.4186,-27.2005
78.8,5,2,23,6,14,-75.3262,-28.2489
78.8,6,0,23,6,13,-74.1169,-23.3739
78.8,7,0,23,6,14,-75.4953,-27.781
78.8,8,2,23,6,14,-72.8388,-19.6017
78.8,9,1,23,6,14,-74.0504,-28.1452
78.8,10,0,23,6,14,-73.6722,-28.2623
78.8,11,2,23,6,14,-71.5812,-34.9781
78.8,12,1,23,6,13,-73.2677,-35.3751
78.8,13,0,23,6,7,-71.6599,-33.9172
78.8,14,2,23,6,12,-74.2918,-37.3861
78.9,0,2,23,6,12,-73.218,-29.4585
78.9,1,0,23,6,14,-75.1986,-29.3039
78.9,2,1,23,6,13,-76.122,-28.3938
78.9,3,1,23,6,14,-75.5657,-29.0177
78.9,4,2,23,6,13,-73.4406,-27.0794
78.9,5,2,23,6,14,-75.3559,-28.1579
78.9,6,0,23,6,13,-74.1346,-23.2064
78.9,7,0,23,6,14,-75.5162,-27.6131
78.9,8,2,23,6,14,-72.7782,-19.4315
78.9,9,1,23,6,14,-73.9545,-27.9267
78.9,10,0,23,6,14,-73.5085,-28.2379
78.9,11,2,23,6,14,-73.1532,-34.9118
78.9,12,1,23,6,13,-73.0967,-35.4261
78.9,13,0,23,6,8,-71.5944,-37.6919
78.9,14,2,23,6,12,-74.1465,-37.4567
79,0,2,23,6,12,-73.2351,-29.3176
79,1,0,23,6,14,-75.144,-29.1588
79,2,1,23,6,13,-73.2323,-28.2759
79,3,1,23,6,14,-75.5276,-28.8726
79,4,2,23,6,13,-73.4613,-26.9421
79,5,2,23,6,14,-75.3743,-28.059
79,6,0,23,6,13,-74.1523,-23.0179
79,7,0,23,6,14,-75.5393,-27.443
79,8,2,23,6,14,-73.0579,-15.7603
79,9,1,23,6,14,-73.8571,-27.6971
79,10,0,23,6,14,-73.353,-28.2029
79,11,2,23,6,14,-73.3968,-34.893
79,12,1,23,6,13,-72.9219,-35.4621
79,13,0,23,6,8,-71.5152,-37.8335
79,14,2,23,6,12,-73.9974,-37.514
79.1,0,0,23,6,13,-71.5791,-29.9205
79.1,1,1,23,6,14,-75.0844,-29.0031
79.1,2,2,23,6,13,-73.2693,-28.1258
79.1,3,2,23,6,14,-75.4846,-28.7117
79.1,4,0,23,6,13,-73.8688,-24.4861
79.1,5,0,23,6,14,-75.3806,-27.951
79.1,6,2,23,6,13,-74.1694,-22.8108
79.1,7,1,23,6,14,-75.5636,-27.2713
79.1,8,0,23,6,14,-73.0278,-15.6363
79.1,9,2,23,6,14,-73.758,-27.457
79.1,10,1,23,6,14,-73.207,-28.1572
79.1,11,0,23,6,14,-73.2851,-34.8602
79.1,12,0,23,6,13,-73.0688,-35.3524
79.1,13,1,23,6,8,-72.8539,-37.9412
79.1,14,2,23,6,13,-73.8445,-37.5614
79.2,0,0,23,6,13,-71.8944,-29.5335
79.2,1,1,23,6,14,-72.8853,-28.9924
79.2,2,2,23,6,13,-71.7838,-28.1192
79.2,3,2,23,6,14,-75.437,-28.5349
79.2,4,0,23,6,13,-73.9061,-24.294
79.2,5,0,23,6,14,-75.3746,-27.8309
79.2,6,2,23,6,13,-74.1855,-22.5849
79.2,7,1,23,6,14,-75.5873,-27.0968
79.2,8,0,23,6,14,-73.0151,-15.5462
79.2,9,2,23,6,14,-73.657,-27.2057
79.2,10,1,23,6,14,-73.4369,-19.3389
79.2,11,0,23,6,14,-73.1686,-34.8089
79.2,12,0,23,6,14,-72.8871,-35.3654
79.2,13,1,23,6,9,-72.7791,-38.0391
79.2,14,2,23,6,13,-73.6877,-37.5973
79.3,0,0,23,6,13,-71.9626,-29.3849
79.3,1,1,23,6,14,-72.9215,-28.8291
79.3,2,2,23,6,13,-71.8614,-27.9598
79.3,3,2,23,6,14,-75.3847,-28.3441
79.3,4,0,23,6,13,-73.9423,-24.0879
79.3,5,0,23,6,14,-75.3559,-27.6952
79.3,6,2,23,6,13,-74.2003,-22.3431
79.3,7,1,23,6,14,-75.6086,-26.9197
79.3,8,0,23,6,14,-73.0005,-15.4882
79.3,9,2,23,6,14,-73.5535,-26.9448
79.3,10,1,23,6,14,-73.3227,-19.2123
79.3,11,0,23,6,14,-73.0479,-34.7366
79.3,12,0,23,6,14,-72.7013,-35.3669
79.3,13,1,23,6,9,-72.6884,-38.1156
79.3,14,2,23,6,13,-73.5269,-37.6229
79.4,0,0,23,6,13,-72.0259,-29.2318
79.4,1,1,23,6,14,-72.9496,-28.6602
79.4,2,2,23,6,13,-71.9351,-27.7938
79.4,3,2,23,6,14,-75.3278,-28.142
79.4,4,0,23,6,13,-73.977,-23.8713
79.4,5,0,23,6,14,-75.3251,-27.5445
79.4,6,2,23,6,13,-74.2134,-22.0881
79.4,7,1,23,6,14,-76.275,-24.4642
79.4,8,0,23,6,14,-72.9916,-15.4612
79.4,9,2,23,6,14,-73.4471,-26.6762
79.4,10,1,23,6,14,-73.5899,-16.1174
79.4,11,0,23,6,14,-73.2663,-34.6442
79.4,12,0,23,6,14,-72.8167,-35.3388
79.4,13,1,23,6,9,-72.5815,-38.1715
79.4,14,2,23,6,13,-73.362,-37.6382
79.5,0,0,23,6,13,-72.0842,-29.0633
79.5,1,1,23,6,14,-73.3164,-28.4671
79.5,2,2,23,6,13,-72.0117,-27.6107
79.5,3,2,23,6,14,-75.266,-27.9171
79.5,4,0,23,6,13,-74.01,-23.6357
79.5,5,0,23,6,14,-75.297,-27.3653
79.5,6,2,23,6,13,-74.6849,-18.065
79.5,7,1,23,6,14,-76.3233,-24.2173
79.5,8,0,23,6,14,-72.9872,-15.4631
79.5,9,2,23,6,14,-73.7242,-24.2673
79.5,10,1,23,6,14,-73.517,-16.0214
79.5,11,0,23,6,14,-73.51,-33.829
79.5,12,0,23,6,14,-72.9409,-35.3097
79.5,13,1,23,6,9,-72.4585,-38.2063
79.5,14,2,23,6,13,-73.5518,-37.6055
79.6,0,0,23,6,13,-72.1377,-28.9204
79.6,1,1,23,6,14,-73.3412,-28.3044
79.6,2,2,23,6,13,-72.0774,-27.4518
79.6,3,0,23,6,14,-75.1996,-27.7086
79.6,4,0,23,6,13,-72.2639,-23.7631
79.6,5,2,23,6,14,-75.2442,-27.1926
79.6,6,2,23,6,13,-74.7206,-17.8325
79.6,7,1,23,6,14,-76.3647,-23.9964
79.6,8,0,23,6,14,-72.9859,-15.4724
79.6,9,0,23,6,14,-73.6296,-23.9309
79.6,10,2,23,6,14,-73.4586,-15.9336
79.6,11,2,23,6,14,-73.3896,-33.6253
79.6,12,1,23,6,14,-72.7471,-35.2729
79.6,13,1,23,6,10,-72.3245,-38.2277
79.6,14,0,23,6,14,-73.3745,-37.5944
79.7,0,0,23,6,13,-72.1861,-28.7622
79.7,1,1,23,6,14,-71.6309,-28.1532
79.7,2,2,23,6,13,-72.1389,-27.2761
79.7,3,0,23,6,14,-75.1289,-27.478
79.7,4,0,23,6,13,-72.3424,-23.5452
79.7,5,2,23,6,14,-75.1834,-26.9877
79.7,6,2,23,6,13,-74.756,-17.6151
79.7,7,1,23,6,14,-76.3996,-23.7538
79.7,8,0,23,6,14,-72.9956,-15.4902
79.7,9,0,23,6,14,-76.1591,-23.5525
79.7,10,2,23,6,14,-73.4139,-15.8548
79.7,11,2,23,6,14,-73.267,-33.4087
79.7,12,1,23,6,14,-72.5538,-35.227
79.7,13,1,23,6,10,-72.1808,-38.2396
79.7,14,0,23,6,14,-73.1956,-37.5781
79.8,0,0,23,6,13,-72.2295,-28.5847
79.8,1,1,23,6,14,-71.6987,-27.9554
79.8,2,2,23,6,14,-72.1967,-27.0803
79.8,3,0,23,6,14,-72.9651,-27.4796
79.8,4,0,23,6,14,-72.4182,-23.2957
79.8,5,2,23,6,14,-75.6872,-24.3499
79.8,6,2,23,6,13,-74.7911,-17.5746
79.8,7,1,23,6,14,-76.427,-23.4818
79.8,8,0,23,6,14,-72.9797,-15.4896
79.8,9,0,23,6,14,-76.1704,-23.1647
79.8,10,2,23,6,14,-73.3813,-15.7853
79.8,11,2,23,6,14,-73.1427,-33.2296
79.8,12,1,23,6,14,-72.6569,-35.0499
79.8,13,1,23,6,12,-72.0284,-38.5685
79.8,14,0,23,6,14,-73.0159,-37.5561
79.9,0,0,23,6,13,-72.268,-28.3918
79.9,1,1,23,6,14,-71.7599,-27.7415
79.9,2,2,23,6,14,-72.5415,-24.6755
79.9,3,0,23,6,14,-72.9894,-27.2263
79.9,4,0,23,6,14,-72.4915,-23.0165
79.9,5,2,23,6,14,-75.6374,-24.0226
79.9,6,2,23,6,14,-74.8253,-21.0589
79.9,7,1,23,6,14,-76.446,-23.1821
79.9,8,0,23,6,14,-72.9664,-15.4986
79.9,9,0,23,6,14,-76.1855,-22.7553
79.9,10,2,23,6,14,-73.3406,-15.6985
79.9,11,2,23,6,14,-73.017,-33.0416
79.9,12,1,23,6,14,-72.7821,-34.2172
79.9,13,1,23,6,13,-71.8684,-38.4211
79.9,14,0,23,6,14,-72.8358,-37.5306
80,0,0,23,6,13,-72.3013,-28.2007
80,1,1,23,6,13,-71.8141,-27.5292
80,2,2,23,6,13,-72.6091,-24.4116
80,3,0,23,6,13,-73.0059,-26.9726
80,4,0,23,6,13,-72.5619,-22.7255
80,5,2,23,6,13,-75.5838,-23.6764
80,6,2,23,6,13,-74.8585,-21.0406
80,7,1,23,6,0,-200,0
80,8,0,23,6,13,-72.9543,-15.5162
80,9,0,23,6,13,-76.2211,-22.3468
80,10,2,23,6,13,-73.3197,-15.6215
80,11,2,23,6,13,-73.2498,-32.847
80,12,1,23,6,13,-72.9472,-34.1426
80,13,1,23,6,13,-73.6357,-38.258
80,14,0,23,6,13,-72.8856,-37.4776
80.1,0,2,23,6,13,-72.3296,-28.0352
80.1,1,0,23,6,13,-71.8616,-27.3421
80.1,2,1,23,6,13,-72.6734,-24.161
80.1,3,2,23,6,13,-73.3745,-24.3942
80.1,4,0,23,6,13,-72.6298,-22.4451
80.1,5,1,23,6,13,-75.5291,-23.3451
80.1,6,2,23,6,13,-72.8157,-21.7466
80.1,7,1,23,6,0,-200,0
80.1,8,0,23,6,13,-72.943,-15.4991
80.1,9,2,23,6,13,-76.2395,-21.9772
80.1,10,1,23,6,13,-73.2988,-15.5119
80.1,11,0,23,6,13,-73.1397,-32.6538
80.1,12,2,23,6,13,-73.1473,-31.5028
80.1,13,1,23,6,13,-73.5515,-38.1871
80.1,14,0,23,6,13,-72.6983,-37.4403
80.2,0,2,23,6,13,-72.3522,-27.9046
80.2,1,0,23,6,13,-71.9021,-27.1895
80.2,2,1,23,6,13,-72.7329,-23.9372
80.2,3,2,23,6,13,-71.638,-24.1829
80.2,4,0,23,6,13,-72.6937,-22.1895
80.2,5,1,23,6,13,-75.4732,-23.0443
80.2,6,2,23,6,13,-72.8924,-21.6485
80.2,7,1,23,6,0,-200,0
80.2,8,0,23,6,13,-72.9308,-15.3913
80.2,9,2,23,6,13,-76.2569,-21.66
80.2,10,1,23,6,13,-73.2851,-15.3118
80.2,11,0,23,6,13,-73.0126,-32.4454
80.2,12,2,23,6,13,-73.033,-31.3908
80.2,13,1,23,6,13,-73.4729,-38.1881
80.2,14,0,23,6,13,-72.5039,-37.3935
80.3,0,2,23,6,13,-72.3697,-27.8176
80.3,1,0,23,6,13,-71.9354,-27.0807
80.3,2,1,23,6,13,-72.7882,-23.7546
80.3,3,2,23,6,13,-71.7171,-23.9706
80.3,4,0,23,6,13,-73.0802,-21.9539
80.3,5,1,23,6,13,-75.4155,-22.7931
80.3,6,2,23,6,13,-72.9685,-21.5233
80.3,7,1,23,6,0,-200,0
80.3,8,0,23,6,13,-72.9172,-15.2464
80.3,9,2,23,6,13,-77.076,-7.16493
80.3,10,1,23,6,13,-73.2859,-15.0778
80.3,11,0,23,6,13,-73.2205,-32.0259
80.3,12,2,23,6,13,-72.9377,-31.2773
80.3,13,1,23,6,13,-73.4012,-38.2037
80.3,14,0,23,6,13,-72.6089,-37.3307
80.4,0,2,23,6,13,-72.382,-27.7462
80.4,1,0,23,6,13,-72.2334,-24.5862
80.4,2,1,23,6,13,-73.1798,-23.5647
80.4,3,2,23,6,13,-71.7903,-23.7781
80.4,4,0,23,6,13,-73.5125,-17.7653
80.4,5,1,23,6,13,-73.1287,-23.0257
80.4,6,2,23,6,13,-73.3971,-17.914
80.4,7,1,23,6,0,-200,0
80.4,8,0,23,6,13,-72.9008,-15.0644
80.4,9,2,23,6,13,-77.1493,-7.02574
80.4,10,1,23,6,13,-73.2813,-14.8694
80.4,11,0,23,6,13,-73.847,-29.0142
80.4,12,2,23,6,13,-73.1977,-30.2899
80.4,13,1,23,6,13,-73.3377,-38.237
80.4,14,0,23,6,13,-72.7126,-37.1602
80.5,0,2,23,6,13,-72.3897,-27.6648
80.5,1,0,23,6,13,-72.2656,-24.4251
80.5,2,1,23,6,13,-73.2439,-23.3852
80.5,3,2,23,6,13,-71.8571,-23.5814
80.5,4,0,23,6,13,-73.6089,-17.5824
80.5,5,1,23,6,13,-73.1724,-22.7801
80.5,6,2,23,6,13,-73.4971,-17.627
80.5,7,1,23,6,0,-200,0
80.5,8,0,23,6,13,-72.8807,-14.8465
80.5,9,2,23,6,13,-77.2216,-6.87618
80.5,10,1,23,6,13,-73.2788,-14.7862
80.5,11,0,23,6,13,-74.1744,-28.9256
80.5,12,2,23,6,13,-73.1473,-30.1689
80.5,13,1,23,6,13,-73.2834,-38.2881
80.5,14,0,23,6,13,-72.8557,-37.1007
80.6,0,2,23,6,13,-72.3928,-27.5732
80.6,1,0,23,6,13,-72.2905,-24.2598
80.6,2,1,23,6,13,-73.3037,-23.1995
80.6,3,2,23,6,13,-71.9167,-23.384
80.6,4,0,23,6,13,-73.7038,-17.6197
80.6,5,1,23,6,13,-73.2109,-22.5334
80.6,6,2,23,6,13,-73.5999,-17.6496
80.6,7,1,23,6,0,-200,0
80.6,8,0,23,6,13,-74.9715,-14.2236
80.6,9,2,23,6,13,-77.2911,-6.71079
80.6,10,1,23,6,13,-73.2775,-14.7046
80.6,11,0,23,6,13,-74.0868,-28.8408
80.6,12,2,23,6,13,-73.1126,-30.057
80.6,13,1,23,6,13,-73.2395,-38.3594
80.6,14,0,23,6,13,-72.6948,-37.0454
80.7,0,2,23,6,13,-72.3916,-27.4693
80.7,1,0,23,6,13,-72.3081,-24.0901
80.7,2,1,23,6,13,-73.3592,-23.0078
80.7,3,2,23,6,13,-71.9687,-23.1863
80.7,4,0,23,6,13,-73.797,-17.663
80.7,5,1,23,6,13,-73.2434,-22.2881
80.7,6,2,23,6,13,-73.7053,-17.679
80.7,7,1,23,6,0,-200,0
80.7,8,0,23,6,13,-75.0785,-14.0282
80.7,9,2,23,6,13,-77.3557,-6.52436
80.7,10,1,23,6,13,-73.2759,-14.624
80.7,11,0,23,6,13,-73.9986,-28.7545
80.7,12,2,23,6,13,-73.0908,-29.9519
80.7,13,1,23,6,13,-73.2062,-38.4531
80.7,14,0,23,6,13,-72.5486,-36.9955
80.8,0,2,23,6,13,-72.69,-27.3309
80.8,1,0,23,6,13,-72.3187,-23.9157
80.8,2,1,23,6,13,-73.4104,-22.81
80.8,3,2,23,6,13,-72.0127,-22.9881
80.8,4,0,23,6,13,-73.8883,-17.7151
80.8,5,1,23,6,13,-71.5928,-22.1
80.8,6,2,23,6,13,-73.8129,-17.7181
80.8,7,1,23,6,0,-200,0
80.8,8,0,23,6,13,-75.1874,-14.1807
80.8,9,2,23,6,13,-77.414,-6.31248
80.8,10,1,23,6,13,-73.2735,-14.5431
80.8,11,0,23,6,13,-74.3469,-17.6674
80.8,12,2,23,6,13,-73.0797,-29.8617
80.8,13,1,23,6,13,-73.1898,-38.5782
80.8,14,0,23,6,13,-72.4198,-36.9525
80.9,0,2,23,6,13,-73.0113,-24.6622
80.9,1,0,23,6,13,-72.3224,-23.7428
80.9,2,1,23,6,13,-73.457,-22.6129
80.9,3,2,23,6,13,-72.0482,-22.796
80.9,4,0,23,6,13,-73.9776,-17.7766
80.9,5,1,23,6,13,-71.9432,-15.9812
80.9,6,2,23,6,13,-73.9225,-17.768
80.9,7,1,23,6,0,-200,0
80.9,8,0,23,6,13,-75.2974,-14.3442
80.9,9,2,23,6,13,-77.464,-6.07244
80.9,10,1,23,6,13,-73.2693,-14.4601
80.9,11,0,23,6,13,-74.2616,-17.6349
80.9,12,2,23,6,13,-73.4273,-18.0945
80.9,13,1,23,6,13,-73.1902,-38.7366
80.9,14,0,23,6,13,-72.6081,-36.7534
81,0,2,23,6,13,-73.023,-24.4848
81,1,0,23,6,13,-72.3196,-23.5682
81,2,1,23,6,13,-73.499,-22.4136
81,3,2,23,6,13,-72.0746,-22.6068
81,4,0,23,6,13,-74.076,-17.8501
81,5,1,23,6,13,-72.0537,-15.7628
81,6,2,23,6,13,-74.0332,-17.8293
81,7,1,23,6,0,-200,0
81,8,0,23,6,13,-75.4232,-14.5185
81,9,2,23,6,13,-77.5043,-5.80261
81,10,1,23,6,13,-73.2623,-14.3739
81,11,0,23,6,13,-74.1729,-17.5919
81,12,2,23,6,13,-73.4541,-18.038
81,13,1,23,6,13,-73.2071,-38.9283
81,14,0,23,6,13,-72.5237,-36.7231
81.1,0,0,23,6,13,-73.0327,-24.3081
81.1,1,1,23,6,13,-72.3107,-23.3972
81.1,2,2,23,6,13,-73.5364,-22.2175
81.1,3,0,23,6,13,-72.0915,-22.4258
81.1,4,1,23,6,13,-74.1609,-17.9368
81.1,5,1,23,6,13,-72.148,-15.5103
81.1,6,2,23,6,13,-74.1446,-17.9035
81.1,7,2,23,6,0,-200,0
81.1,8,0,23,6,13,-75.5338,-14.703
81.1,9,2,23,6,13,-77.5338,-5.50352
81.1,10,1,23,6,13,-73.2516,-14.3344
81.1,11,0,23,6,13,-77.1792,-8.43729
81.1,12,2,23,6,13,-73.4855,-17.9792
81.1,13,1,23,6,13,-73.2399,-39.153
81.1,14,0,23,6,13,-72.4571,-36.7035
81.2,0,0,23,6,13,-73.0405,-24.1282
81.2,1,1,23,6,13,-72.2965,-23.2254
81.2,2,2,23,6,13,-73.569,-22.021
81.2,3,0,23,6,13,-72.0986,-22.2489
81.2,4,1,23,6,13,-74.2421,-18.0363
81.2,5,1,23,6,13,-72.2302,-15.229
81.2,6,2,23,6,13,-74.2556,-17.9907
81.2,7,2,23,6,0,-200,0
81.2,8,0,23,6,13,-75.6436,-14.8976
81.2,9,2,23,6,13,-77.5515,-5.17647
81.2,10,1,23,6,13,-73.2363,-14.4936
81.2,11,0,23,6,13,-77.2456,-8.33932
81.2,12,2,23,6,13,-73.5101,-17.9165
81.2,13,1,23,6,13,-73.2882,-39.4143
81.2,14,0,23,6,13,-72.4068,-36.6996
81.3,0,0,23,6,13,-73.0475,-23.9469
81.3,1,1,23,6,13,-72.2774,-23.0552
81.3,2,2,23,6,13,-73.597,-21.8257
81.3,3,0,23,6,13,-72.0957,-22.0771
81.3,4,1,23,6,13,-74.3184,-18.149
81.3,5,1,23,6,13,-72.2977,-15.0344
81.3,6,2,23,6,13,-74.3655,-18.0916
81.3,7,2,23,6,0,-200,0
81.3,8,0,23,6,13,-73.4226,-17.0971
81.3,9,2,23,6,13,-77.5824,-4.82608
81.3,10,1,23,6,13,-73.2154,-14.6652
81.3,11,0,23,6,13,-77.3191,-8.23111
81.3,12,2,23,6,13,-73.5344,-17.8475
81.3,13,1,23,6,13,-73.3507,-39.7056
81.3,14,0,23,6,13,-72.3701,-36.7059
81.4,0,0,23,6,13,-73.0538,-23.7643
81.4,1,1,23,6,13,-72.2546,-22.8859
81.4,2,2,23,6,13,-74.0256,-18.4383
81.4,3,0,23,6,13,-72.3614,-16.5499
81.4,4,1,23,6,13,-74.3893,-18.2725
81.4,5,1,23,6,13,-72.3478,-15.2836
81.4,6,2,23,6,13,-74.4729,-18.2043
81.4,7,2,23,6,0,-200,0
81.4,8,0,23,6,13,-73.6264,-17.2737
81.4,9,2,23,6,13,-77.5767,-4.45423
81.4,10,1,23,6,13,-73.1885,-14.854
81.4,11,0,23,6,13,-77.398,-8.11295
81.4,12,2,23,6,13,-73.558,-17.7722
81.4,13,1,23,6,13,-73.4295,-40.0332
81.4,14,0,23,6,13,-72.962,-33.6075
81.5,0,0,23,6,12,-73.0602,-23.5808
81.5,1,1,23,6,13,-72.2287,-22.7184
81.5,2,2,23,6,13,-74.0612,-18.5646
81.5,3,0,23,6,13,-72.3469,-16.7273
81.5,4,1,23,6,13,-74.454,-18.4035
81.5,5,1,23,6,13,-72.3778,-15.5412
81.5,6,2,23,6,13,-74.577,-18.3289
81.5,7,2,23,6,0,-200,0
81.5,8,0,23,6,13,-73.823,-17.4576
81.5,9,2,23,6,13,-77.5608,-4.06335
81.5,10,1,23,6,13,-75.5412,-14.5798
81.5,11,0,23,6,13,-77.4806,-7.98423
81.5,12,2,23,6,13,-73.5795,-17.7036
81.5,13,1,23,6,12,-73.5228,-40.3921
81.5,14,0,23,6,13,-72.966,-33.6903
81.6,0,0,23,6,12,-73.0671,-23.3972
81.6,1,2,23,6,13,-72.2007,-22.553
81.6,2,1,23,6,13,-74.0928,-18.7006
81.6,3,0,23,6,13,-72.3223,-16.9158
81.6,4,2,23,6,13,-74.5125,-18.5448
81.6,5,2,23,6,13,-72.3851,-15.8095
81.6,6,1,23,6,13,-74.676,-18.4667
81.6,7,1,23,6,0,-200,0
81.6,8,0,23,6,13,-74.0117,-17.6487
81.6,9,0,23,6,13,-77.5353,-3.90361
81.6,10,2,23,6,13,-75.6563,-14.8003
81.6,11,2,23,6,13,-77.5891,-7.84477
81.6,12,1,23,6,13,-73.5976,-17.7036
81.6,13,1,23,6,12,-73.6253,-40.7819
81.6,14,0,23,6,13,-72.9767,-33.7948
81.7,0,0,23,6,12,-73.0748,-23.2132
81.7,1,2,23,6,13,-72.1718,-22.3896
81.7,2,1,23,6,13,-74.1201,-18.8446
81.7,3,0,23,6,13,-72.2883,-17.1138
81.7,4,2,23,6,13,-74.5647,-18.6949
81.7,5,2,23,6,13,-72.3676,-16.0859
81.7,6,1,23,6,13,-74.7686,-18.617
81.7,7,1,23,6,0,-200,0
81.7,8,0,23,6,13,-74.1925,-17.8466
81.7,9,0,23,6,13,-74.2366,-10.311
81.7,10,2,23,6,13,-75.7705,-15.0295
81.7,11,2,23,6,13,-77.6722,-7.69459
81.7,12,1,23,6,13,-73.6112,-17.6972
81.7,13,1,23,6,12,-73.7361,-41.2005
81.7,14,0,23,6,13,-72.9917,-33.9185
81.8,0,0,23,6,12,-73.0838,-23.0288
81.8,1,2,23,6,13,-72.143,-22.2278
81.8,2,1,23,6,12,-74.1437,-13.9272
81.8,3,0,23,6,13,-72.2462,-17.3202
81.8,4,2,23,6,13,-74.6108,-18.8531
81.8,5,2,23,6,13,-72.3243,-16.3685
81.8,6,1,23,6,13,-74.8668,-18.7787
81.8,7,1,23,6,0,-200,0
81.8,8,0,23,6,13,-74.3648,-18.0508
81.8,9,0,23,6,13,-74.3373,-9.71736
81.8,10,2,23,6,13,-75.8832,-15.2673
81.8,11,2,23,6,13,-77.752,-7.53354
81.8,12,1,23,6,13,-73.6195,-17.6827
81.8,13,1,23,6,11,-73.8544,-41.9724
81.8,14,0,23,6,13,-73.0175,-34.0593
81.9,0,0,23,6,12,-73.0947,-22.8442
81.9,1,2,23,6,13,-72.1153,-22.0679
81.9,2,1,23,6,12,-74.1638,-13.4968
81.9,3,0,23,6,13,-72.1974,-17.5332
81.9,4,2,23,6,12,-74.6508,-12.1946
81.9,5,2,23,6,13,-72.256,-16.6536
81.9,6,1,23,6,12,-74.9438,-10.8399
81.9,7,1,23,6,0,-200,0
81.9,8,0,23,6,13,-74.5284,-18.2602
81.9,9,0,23,6,13,-72.3705,-12.3635
81.9,10,2,23,6,13,-73.5054,-17.2729
81.9,11,2,23,6,13,-77.8258,-7.36463
81.9,12,1,23,6,13,-73.6219,-17.6587
81.9,13,1,23,6,9,-73.979,-42.8349
81.9,14,0,23,6,13,-73.0436,-34.2221
82,0,0,23,6,12,-73.1078,-22.6571
82,1,2,23,6,13,-72.0902,-21.907
82,2,1,23,6,12,-74.181,-13.0658
82,3,0,23,6,13,-72.1437,-17.7514
82,4,2,23,6,12,-74.6855,-11.7955
82,5,2,23,6,13,-72.1711,-16.9376
82,6,1,23,6,12,-75.0126,-10.3542
82,7,1,23,6,0,-200,0
82,8,0,23,6,13,-74.683,-18.4734
82,9,0,23,6,13,-72.5259,-12.7839
82,10,2,23,6,13,-73.7263,-17.4884
82,11,2,23,6,13,-77.8917,-7.18829
82,12,1,23,6,13,-73.6175,-17.6232
82,13,1,23,6,9,-74.109,-43.7139
82,14,0,23,6,13,-73.0595,-34.4069
82.1,0,1,23,6,12,-73.1235,-22.4689
82.1,1,0,23,6,12,-72.3486,-13.6326
82.1,2,2,23,6,12,-74.1959,-12.6328
82.1,3,2,23,6,13,-72.0873,-17.9733
82.1,4,0,23,6,12,-74.715,-11.3919
82.1,5,1,23,6,13,-72.073,-17.2191
82.1,6,1,23,6,12,-75.0736,-10.0104
82.1,7,2,23,6,0,-200,0
82.1,8,0,23,6,13,-74.8282,-18.6902
82.1,9,0,23,6,13,-72.6743,-13.2055
82.1,10,2,23,6,13,-73.9301,-17.7102
82.1,11,2,23,6,13,-77.9473,-7.00455
82.1,12,1,23,6,13,-73.6056,-17.5762
82.1,13,1,23,6,8,-74.2428,-44.5881
82.1,14,0,23,6,13,-73.4284,-32.4001
82.2,0,1,23,6,12,-73.1419,-22.2803
82.2,1,0,23,6,12,-72.3394,-13.2094
82.2,2,2,23,6,12,-74.2094,-12.1998
82.2,3,2,23,6,13,-72.0305,-18.1978
82.2,4,0,23,6,12,-74.7398,-10.9857
82.2,5,1,23,6,13,-71.9662,-17.4962
82.2,6,1,23,6,12,-75.1272,-9.65897
82.2,7,2,23,6,0,-200,0
82.2,8,0,23,6,12,-74.9639,-8.47976
82.2,9,0,23,6,13,-72.5157,-13.6269
82.2,10,2,23,6,13,-74.1263,-17.9373
82.2,11,2,23,6,13,-77.991,-6.81486
82.2,12,1,23,6,13,-73.5858,-17.5159
82.2,13,1,23,6,7,-73.9568,-45.4362
82.2,14,0,23,6,13,-73.4493,-32.4953
82.3,0,1,23,6,12,-73.1634,-22.0903
82.3,1,0,23,6,12,-72.3369,-12.7881
82.3,2,2,23,6,12,-74.2217,-11.7685
82.3,3,2,23,6,13,-71.9756,-18.423
82.3,4,0,23,6,12,-74.7608,-10.5783
82.3,5,1,23,6,13,-71.8549,-17.7669
82.3,6,1,23,6,12,-75.174,-9.30112
82.3,7,2,23,6,0,-200,0
82.3,8,0,23,6,12,-75.0898,-8.02249
82.3,9,0,23,6,13,-72.6701,-14.0466
82.3,10,2,23,6,13,-74.3145,-18.1686
82.3,11,2,23,6,13,-78.0215,-6.61905
82.3,12,1,23,6,13,-73.5575,-17.4414
82.3,13,1,23,6,7,-74.127,-46.2182
82.3,14,0,23,6,13,-73.4652,-32.6075
82.4,0,1,23,6,12,-73.1885,-21.8967
82.4,1,0,23,6,12,-72.3418,-12.3703
82.4,2,2,23,6,12,-74.2337,-11.3414
82.4,3,2,23,6,12,-71.9252,-11.6346
82.4,4,0,23,6,12,-74.7787,-10.1716
82.4,5,1,23,6,13,-71.7436,-18.0292
82.4,6,1,23,6,12,-75.2149,-8.93867
82.4,7,2,23,6,0,-200,0
82.4,8,0,23,6,12,-75.2057,-7.57045
82.4,9,0,23,6,13,-72.8132,-14.4626
82.4,10,2,23,6,13,-74.4943,-18.4022
82.4,11,2,23,6,13,-78.0656,-6.41911
82.4,12,1,23,6,13,-73.52,-17.3513
82.4,13,1,23,6,6,-74.2963,-45.0526
82.4,14,0,23,6,13,-73.475,-32.7249
82.5,0,1,23,6,12,-73.2172,-21.7036
82.5,1,0,23,6,12,-72.3545,-11.958
82.5,2,2,23,6,12,-74.2456,-10.9194
82.5,3,2,23,6,12,-71.8807,-11.2486
82.5,4,0,23,6,12,-74.7934,-9.76719
82.5,5,1,23,6,13,-71.6354,-18.2831
82.5,6,1,23,6,12,-75.2498,-8.57218
82.5,7,2,23,6,0,-200,0
82.5,8,0,23,6,12,-75.3098,-7.14324
82.5,9,0,23,6,13,-72.94,-14.8594
82.5,10,2,23,6,12,-74.664,-5.94119
82.5,11,2,23,6,13,-78.0671,-6.2154
82.5,12,1,23,6,13,-76.1189,-15.8716
82.5,13,1,23,6,5,-74.4338,-45.6269
82.5,14,0,23,6,13,-73.4754,-32.8471
82.6,0,2,23,6,12,-73.6253,-12.125
82.6,1,0,23,6,12,-72.3761,-11.552
82.6,2,1,23,6,12,-74.2579,-10.5043
82.6,3,1,23,6,12,-71.8448,-10.8693
82.6,4,2,23,6,12,-74.8057,-9.36588
82.6,5,2,23,6,12,-71.5337,-10.5907
82.6,6,0,23,6,12,-75.2799,-8.20366
82.6,7,0,23,6,0,-200,0
82.6,8,1,23,6,12,-75.4179,-6.7351
82.6,9,0,23,6,13,-73.0491,-15.2249
82.6,10,2,23,6,12,-74.8238,-5.50793
82.6,11,2,23,6,13,-74.1231,-10.3408
82.6,12,1,23,6,13,-76.2255,-16.1027
82.6,13,1,23,6,4,-74.5487,-30.7316
82.6,14,0,23,6,13,-73.863,-19.8406
82.7,0,2,23,6,12,-73.6785,-11.6965
82.7,1,0,23,6,12,-72.4071,-11.1525
82.7,2,1,23,6,12,-74.2714,-10.0968
82.7,3,1,23,6,12,-71.8194,-10.496
82.7,4,2,23,6,12,-74.8167,-8.96772
82.7,5,2,23,6,12,-71.441,-10.2578
82.7,6,0,23,6,12,-75.3062,-7.83225
82.7,7,0,23,6,0,-200,0
82.7,8,1,23,6,12,-75.5005,-6.34686
82.7,9,0,23,6,13,-73.1388,-15.562
82.7,10,2,23,6,12,-74.9738,-5.09269
82.7,11,2,23,6,13,-72.4597,-12.2803
82.7,12,1,23,6,13,-73.7054,-17.8045
82.7,13,1,23,6,4,-74.6435,-30.9349
82.7,14,0,23,6,13,-73.8589,-19.8492
82.8,0,2,23,6,12,-73.7373,-11.2747
82.8,1,0,23,6,12,-72.4482,-10.7601
82.8,2,1,23,6,12,-74.2869,-9.697
82.8,3,1,23,6,12,-71.8059,-10.1285
82.8,4,2,23,6,12,-74.8273,-8.57277
82.8,5,2,23,6,12,-71.3597,-9.92631
82.8,6,0,23,6,12,-75.33,-7.45829
82.8,7,0,23,6,0,-200,0
82.8,8,1,23,6,12,-75.5732,-5.97595
82.8,9,0,23,6,13,-73.2069,-15.8732
82.8,10,2,23,6,12,-75.1138,-4.69089
82.8,11,2,23,6,13,-72.6517,-12.6639
82.8,12,1,23,6,13,-73.9148,-17.9823
82.8,13,1,23,6,4,-74.7208,-31.1129
82.8,14,0,23,6,13,-73.8445,-19.9434
82.9,0,2,23,6,12,-73.8011,-10.8603
82.9,1,0,23,6,12,-72.4993,-10.3752
82.9,2,1,23,6,12,-74.3055,-9.30565
82.9,3,1,23,6,12,-71.805,-9.76741
82.9,4,2,23,6,12,-74.8381,-8.18162
82.9,5,2,23,6,12,-71.291,-9.59694
82.9,6,0,23,6,12,-75.3519,-7.08195
82.9,7,0,23,6,0,-200,0
82.9,8,1,23,6,12,-75.6377,-5.6214
82.9,9,0,23,6,13,-73.2508,-16.1598
82.9,10,2,23,6,12,-75.2443,-4.6431
82.9,11,2,23,6,13,-72.8335,-13.0084
82.9,12,1,23,6,13,-74.115,-18.1472
82.9,13,1,23,6,4,-74.7821,-31.2659
82.9,14,0,23,6,13,-73.8203,-20.0068
83,0,2,23,6,12,-73.8715,-10.4545
83,1,0,23,6,12,-72.5601,-9.99753
83,2,1,23,6,12,-74.3276,-8.9224
83,3,1,23,6,12,-71.8169,-9.4123
83,4,2,23,6,12,-74.8501,-7.7946
83,5,2,23,6,12,-71.2358,-9.26983
83,6,0,23,6,12,-75.3732,-6.70371
83,7,0,23,6,0,-200,0
83,8,1,23,6,12,-75.6948,-5.27904
83,9,0,23,6,13,-73.2686,-16.4232
83,10,2,23,6,12,-75.3651,-4.61647
83,11,2,23,6,13,-73.0052,-13.319
83,12,1,23,6,13,-74.3059,-18.2992
83,13,1,23,6,4,-74.8292,-31.3965
83,14,0,23,6,13,-73.786,-20.04
83.1,0,2,23,6,12,-73.9482,-10.0577
83.1,1,0,23,6,12,-72.6311,-9.62813
83.1,2,1,23,6,12,-74.3542,-8.54827
83.1,3,1,23,6,12,-71.8422,-9.06305
83.1,4,2,23,6,12,-74.8638,-7.41177
83.1,5,2,23,6,12,-71.1942,-8.94616
83.1,6,0,23,6,12,-75.3949,-6.32226
83.1,7,0,23,6,0,-200,0
83.1,8,1,23,6,12,-75.7459,-4.94667
83.1,9,0,23,6,13,-73.2578,-16.6641
83.1,10,2,23,6,12,-75.4765,-4.57177
83.1,11,2,23,6,13,-72.8466,-13.5995
83.1,12,1,23,6,13,-74.4876,-18.4382
83.1,13,1,23,6,4,-74.3988,-31.5764
83.1,14,0,23,6,13,-73.742,-20.0453
83.2,0,2,23,6,12,-74.0315,-9.67064
83.2,1,0,23,6,12,-72.7115,-9.26714
83.2,2,1,23,6,12,-74.386,-8.18271
83.2,3,1,23,6,12,-71.8803,-8.72032
83.2,4,2,23,6,12,-74.8799,-7.03352
83.2,5,2,23,6,12,-71.1665,-8.62624
83.2,6,0,23,6,12,-75.432,-5.93817
83.2,7,0,23,6,0,-200,0
83.2,8,1,23,6,12,-75.8084,-4.6214
83.2,9,0,23,6,13,-73.2173,-16.8824
83.2,10,2,23,6,12,-75.579,-4.50801
83.2,11,2,23,6,13,-73.0001,-13.8524
83.2,12,1,23,6,13,-74.6597,-18.5629
83.2,13,1,23,6,4,-74.4395,-31.6701
83.2,14,0,23,6,13,-76.3532,-16.1556
83.3,0,2,23,6,12,-74.1325,-9.29383
83.3,1,0,23,6,12,-72.8013,-8.91404
83.3,2,1,23,6,12,-74.4355,-7.82585
83.3,3,1,23,6,12,-71.9301,-8.38343
83.3,4,2,23,6,12,-74.9123,-6.65959
83.3,5,2,23,6,12,-71.1521,-8.31033
83.3,6,0,23,6,12,-75.4553,-5.55141
83.3,7,0,23,6,0,-200,0
83.3,8,1,23,6,12,-75.8506,-4.30242
83.3,9,0,23,6,13,-73.1461,-17.0779
83.3,10,2,23,6,12,-75.6728,-4.42727
83.3,11,2,23,6,13,-73.1401,-14.0792
83.3,12,1,23,6,13,-74.8354,-18.6722
83.3,13,1,23,6,4,-74.4673,-31.7457
83.3,14,0,23,6,13,-76.4455,-16.2655
83.4,0,2,23,6,12,-74.2292,-8.92747
83.4,1,0,23,6,12,-72.9001,-8.56978
83.4,2,1,23,6,12,-74.4791,-7.47775
83.4,3,1,23,6,12,-71.9912,-8.05303
83.4,4,2,23,6,12,-74.9342,-6.29014
83.4,5,2,23,6,12,-71.1509,-7.99998
83.4,6,0,23,6,12,-75.4801,-5.16216
83.4,7,0,23,6,0,-200,0
83.4,8,1,23,6,12,-75.8902,-3.98862
83.4,9,0,23,6,13,-73.0529,-17.2504
83.4,10,2,23,6,12,-75.7585,-4.33106
83.4,11,2,23,6,13,-73.2651,-14.2814
83.4,12,1,23,6,12,-74.9886,-8.06272
83.4,13,1,23,6,3,-74.4834,-29.7999
83.4,14,0,23,6,13,-73.9163,-17.7367
83.5,0,2,23,6,12,-74.3329,-8.57259
83.5,1,0,23,6,12,-73.0076,-8.23475
83.5,2,1,23,6,12,-74.5289,-7.13884
83.5,3,1,23,6,12,-72.062,-7.72877
83.5,4,2,23,6,12,-74.9601,-5.92579
83.5,5,2,23,6,12,-71.1626,-7.69593
83.5,6,0,23,6,12,-75.5065,-4.771
83.5,7,0,23,6,0,-200,0
83.5,8,1,23,6,12,-75.9279,-3.68078
83.5,9,0,23,6,13,-72.9239,-17.3948
83.5,10,2,23,6,12,-75.87,-4.22014
83.5,11,2,23,6,13,-73.3734,-14.4583
83.5,12,1,23,6,12,-75.1324,-7.94353
83.5,13,1,23,6,3,-74.4892,-30.1587
83.5,14,0,23,6,13,-74.1183,-17.8017
83.6,0,1,23,6,12,-74.4432,-8.22922
83.6,1,0,23,6,12,-73.1232,-7.90866
83.6,2,2,23,6,12,-74.586,-6.80832
83.6,3,1,23,6,12,-72.1415,-7.41152
83.6,4,0,23,6,12,-74.9896,-5.56678
83.6,5,0,23,6,12,-71.1867,-7.39892
83.6,6,1,23,6,12,-75.5347,-4.37904
83.6,7,2,23,6,0,-200,0
83.6,8,2,23,6,12,-75.9649,-3.37939
83.6,9,2,23,6,13,-72.7713,-17.5108
83.6,10,0,23,6,12,-75.9413,-4.096
83.6,11,1,23,6,13,-73.4626,-14.6106
83.6,12,1,23,6,12,-75.267,-7.83791
83.6,13,2,23,6,3,-74.4863,-30.5138
83.6,14,0,23,6,13,-74.3101,-17.8469
83.7,0,1,23,6,12,-74.5603,-7.91211
83.7,1,0,23,6,12,-73.2464,-7.60896
83.7,2,2,23,6,12,-74.65,-6.50125
83.7,3,1,23,6,12,-72.2293,-7.12146
83.7,4,0,23,6,12,-75.0235,-5.22805
83.7,5,0,23,6,12,-71.2226,-7.13111
83.7,6,1,23,6,12,-75.5644,-4.00037
83.7,7,2,23,6,0,-200,0
83.7,8,2,23,6,12,-76.0018,-3.08664
83.7,9,2,23,6,13,-72.5986,-17.5976
83.7,10,0,23,6,12,-76.0066,-3.96028
83.7,11,1,23,6,13,-73.5302,-14.7369
83.7,12,1,23,6,12,-75.3925,-7.71589
83.7,13,2,23,6,3,-74.4761,-30.8676
83.7,14,0,23,6,13,-74.4913,-17.8847
83.8,0,1,23,6,12,-74.684,-7.60684
83.8,1,0,23,6,12,-73.3859,-7.3179
83.8,2,2,23,6,12,-74.7211,-6.20163
83.8,3,1,23,6,12,-72.3247,-6.83776
83.8,4,0,23,6,12,-75.0619,-4.89413
83.8,5,0,23,6,12,-71.2699,-6.87025
83.8,6,1,23,6,12,-75.5955,-3.62274
83.8,7,2,23,6,0,-200,0
83.8,8,2,23,6,12,-76.039,-2.80411
83.8,9,2,23,6,13,-72.4109,-17.6545
83.8,10,0,23,6,12,-76.067,-3.81586
83.8,11,1,23,6,13,-73.5734,-14.8367
83.8,12,1,23,6,12,-75.5087,-7.57963
83.8,13,2,23,6,3,-74.4589,-31.2225
83.8,14,0,23,6,13,-74.6623,-17.8978
83.9,0,1,23,6,12,-74.8146,-7.31379
83.9,1,0,23,6,12,-73.5225,-7.0349
83.9,2,2,23,6,12,-74.7991,-5.90935
83.9,3,1,23,6,12,-72.4269,-6.56136
83.9,4,0,23,6,12,-75.1045,-4.56497
83.9,5,0,23,6,12,-71.3286,-6.61738
83.9,6,1,23,6,12,-75.6277,-3.24586
83.9,7,2,23,6,0,-200,0
83.9,8,2,23,6,12,-76.0772,-2.53661
83.9,9,2,23,6,13,-72.2144,-17.681
83.9,10,0,23,6,12,-76.1235,-3.66592
83.9,11,1,23,6,13,-73.5895,-14.9081
83.9,12,1,23,6,12,-75.6163,-7.42979
83.9,13,2,23,6,3,-74.4359,-31.5799
83.9,14,0,23,6,13,-74.8231,-17.8847
84,0,1,23,6,12,-74.9509,-7.03264
84,1,0,23,6,12,-73.6648,-6.76047
84,2,2,23,6,12,-74.8836,-5.62411
84,3,1,23,6,12,-72.5357,-6.29187
84,4,0,23,6,12,-75.152,-4.24043
84,5,0,23,6,12,-71.3989,-6.37296
84,6,1,23,6,12,-75.6615,-2.87038
84,7,2,23,6,0,-200,0
84,8,2,23,6,12,-76.1164,-2.29462
84,9,2,23,6,13,-72.0154,-17.6759
84,10,0,23,6,12,-76.1772,-3.5124
84,11,1,23,6,13,-73.5769,-14.9446
84,12,1,23,6,12,-75.7318,-7.26739
84,13,2,23,6,3,-74.4073,-31.9393
84,14,0,23,6,13,-74.9738,-17.8442
84.1,0,0,23,6,12,-75.0937,-6.76367
84.1,1,2,23,6,12,-73.8121,-6.49423
84.1,2,1,23,6,12,-74.9746,-5.34597
84.1,3,0,23,6,12,-72.6511,-6.03008
84.1,4,2,23,6,12,-75.2036,-3.92203
84.1,5,1,23,6,12,-71.4803,-6.13886
84.1,6,0,23,6,12,-75.6965,-2.49689
84.1,7,2,23,6,0,-200,0
84.1,8,1,23,6,12,-76.1571,-2.08178
84.1,9,0,23,6,13,-71.8206,-17.6394
84.1,10,2,23,6,12,-76.2289,-3.35842
84.1,11,2,23,6,13,-73.5348,-14.9464
84.1,12,1,23,6,13,-75.8232,-18.8781
84.1,13,1,23,6,4,-74.3738,-32.3036
84.1,14,0,23,6,13,-75.1147,-17.776
84.2,0,0,23,6,12,-75.2417,-6.50609
84.2,1,2,23,6,12,-73.9633,-6.23615
84.2,2,1,23,6,12,-75.0714,-5.07406
84.2,3,0,23,6,12,-72.7803,-5.77582
84.2,4,2,23,6,12,-75.259,-3.60858
84.2,5,1,23,6,12,-71.5732,-5.91551
84.2,6,0,23,6,12,-75.7326,-2.12535
84.2,7,2,23,6,0,-200,0
84.2,8,1,23,6,12,-76.1987,-1.89753
84.2,9,0,23,6,13,-71.6387,-17.5717
84.2,10,2,23,6,12,-76.2795,-3.2044
84.2,11,2,23,6,13,-73.4627,-14.9135
84.2,12,1,23,6,13,-75.9074,-18.7918
84.2,13,1,23,6,4,-74.3358,-32.6786
84.2,14,0,23,6,13,-75.246,-17.6792
84.3,0,0,23,6,12,-75.395,-6.26008
84.3,1,2,23,6,12,-74.1173,-5.98615
84.3,2,1,23,6,12,-75.1739,-4.80883
84.3,3,0,23,6,12,-72.9075,-5.52961
84.3,4,2,23,6,12,-75.3191,-3.30115
84.3,5,1,23,6,12,-71.6789,-5.70576
84.3,6,0,23,6,12,-75.7698,-1.75671
84.3,7,2,23,6,0,-200,0
84.3,8,1,23,6,12,-76.2419,-1.73495
84.3,9,0,23,6,13,-71.4768,-17.4715
84.3,10,2,23,6,12,-76.3301,-3.05293
84.3,11,2,23,6,13,-73.356,-14.8479
84.3,12,1,23,6,13,-75.9848,-18.6763
84.3,13,1,23,6,4,-74.2934,-33.0641
84.3,14,0,23,6,13,-75.3678,-17.5528
84.4,0,0,23,6,12,-75.5528,-5.99481
84.4,1,2,23,6,12,-74.2739,-5.71332
84.4,2,1,23,6,12,-75.2811,-4.51918
84.4,3,0,23,6,12,-73.0395,-5.26077
84.4,4,2,23,6,12,-75.3835,-2.96879
84.4,5,1,23,6,12,-71.7998,-5.48043
84.4,6,0,23,6,12,-75.8082,-1.3601
84.4,7,2,23,6,0,-200,0
84.4,8,1,23,6,12,-76.2858,-1.60366
84.4,9,0,23,6,13,-71.3424,-17.3405
84.4,10,2,23,6,12,-76.3808,-2.90077
84.4,11,2,23,6,13,-73.2203,-14.7481
84.4,12,1,23,6,13,-76.0561,-18.5337
84.4,13,1,23,6,4,-74.2475,-33.4677
84.4,14,0,23,6,13,-75.5113,-17.3988
84.5,0,0,23,6,12,-75.7149,-5.7693
84.5,1,2,23,6,12,-74.4321,-5.47741
84.5,2,1,23,6,12,-75.3932,-4.26353
84.5,3,0,23,6,12,-73.1763,-5.02839
84.5,4,2,23,6,12,-75.452,-2.6705
84.5,5,1,23,6,13,-71.9386,-18.5518
84.5,6,0,23,6,12,-75.848,-1.09221
84.5,7,2,23,6,0,-200,0
84.5,8,1,23,6,12,-76.3311,-1.50474
84.5,9,0,23,6,13,-71.2425,-17.1857
84.5,10,2,23,6,12,-76.4329,-2.74572
84.5,11,2,23,6,13,-73.0577,-14.623
84.5,12,1,23,6,13,-76.1228,-18.3714
84.5,13,1,23,6,5,-74.2011,-40.1656
84.5,14,0,23,6,13,-75.6164,-17.2254
84.6,0,2,23,6,12,-75.88,-5.5527
84.6,1,1,23,6,12,-74.5918,-5.24831
84.6,2,0,23,6,12,-75.5095,-4.01257
84.6,3,2,23,6,12,-73.3174,-4.80351
84.6,4,2,23,6,12,-75.5247,-2.37712
84.6,5,1,23,6,13,-72.1008,-18.3301
84.6,6,1,23,6,12,-75.8892,-0.938681
84.6,7,0,23,6,0,-200,0
84.6,8,0,23,6,12,-76.3771,-1.43788
84.6,9,0,23,6,13,-71.183,-17.0073
84.6,10,2,23,6,12,-76.4863,-2.57996
84.6,11,2,23,6,13,-72.8708,-14.4734
84.6,12,1,23,6,13,-76.2034,-18.1907
84.6,13,1,23,6,5,-74.1535,-40.1433
84.6,14,0,23,6,13,-75.7136,-17.0338
84.7,0,2,23,6,12,-76.0472,-5.34367
84.7,1,1,23,6,12,-74.7526,-5.02573
84.7,2,0,23,6,12,-75.6292,-3.76515
84.7,3,2,23,6,12,-73.4621,-4.5853
84.7,4,2,23,6,12,-75.6014,-2.08783
84.7,5,1,23,6,13,-72.2937,-18.0978
84.7,6,1,23,6,12,-75.9318,-0.815154
84.7,7,0,23,6,0,-200,0
84.7,8,0,23,6,12,-76.4237,-1.40165
84.7,9,0,23,6,13,-71.1678,-16.8051
84.7,10,2,23,6,12,-76.541,-2.38834
84.7,11,2,23,6,13,-72.6631,-14.2998
84.7,12,1,23,6,13,-76.2628,-17.9922
84.7,13,1,23,6,5,-74.1038,-40.2316
84.7,14,0,23,6,13,-75.8036,-16.8251
84.8,0,2,23,6,12,-76.2154,-5.14202
84.8,1,1,23,6,12,-74.9143,-4.80986
84.8,2,0,23,6,12,-75.7519,-3.52126
84.8,3,2,23,6,12,-73.6101,-4.37393
84.8,4,2,23,6,12,-75.6817,-1.80196
84.8,5,1,23,6,13,-72.5,-17.8548
84.8,6,1,23,6,12,-75.976,-0.720137
84.8,7,0,23,6,0,-200,0
84.8,8,0,23,6,12,-76.4708,-1.39536
84.8,9,0,23,6,13,-71.1986,-16.5798
84.8,10,2,23,6,12,-76.5973,-2.27763
84.8,11,2,23,6,13,-72.4394,-14.1041
84.8,12,1,23,6,13,-76.3202,-17.778
84.8,13,1,23,6,5,-74.0511,-40.414
84.8,14,0,23,6,13,-75.887,-16.601
84.9,0,2,23,6,12,-76.3842,-4.94674
84.9,1,1,23,6,12,-75.0762,-4.5999
84.9,2,0,23,6,12,-75.8769,-3.28084
84.9,3,2,23,6,12,-73.761,-4.16934
84.9,4,2,23,6,12,-75.7659,-1.52058
84.9,5,1,23,6,13,-72.7207,-17.5983
84.9,6,1,23,6,12,-76.0218,-0.644384
84.9,7,0,23,6,0,-200,0
84.9,8,0,23,6,12,-76.5181,-1.40909
84.9,9,0,23,6,13,-71.2741,-16.3309
84.9,10,2,23,6,12,-76.6547,-2.50999
84.9,11,2,23,6,13,-72.2123,-13.8873
84.9,12,1,23,6,13,-76.3765,-17.5495
84.9,13,1,23,6,5,-73.9943,-40.6492
84.9,14,0,23,6,13,-75.9642,-16.3628
85,0,2,23,6,12,-76.5531,-4.75714
85,1,1,23,6,12,-75.2386,-4.39551
85,2,0,23,6,12,-76.0042,-3.04337
85,3,2,23,6,12,-73.9141,-3.9705
85,4,2,23,6,12,-75.8533,-1.24175
85,5,1,23,6,13,-72.9507,-17.3274
85,6,1,23,6,12,-76.0696,-0.599777
85,7,0,23,6,0,-200,0
85,8,0,23,6,12,-76.5654,-1.45524
85,9,0,23,6,13,-71.3913,-16.0596
85,10,2,23,6,12,-76.7131,-2.71359
85,11,2,23,6,13,-71.9731,-13.6514
85,12,1,23,6,13,-76.4326,-17.3084
85,13,1,23,6,5,-73.9323,-40.8977
85,14,0,23,6,13,-76.036,-16.113
85.1,0,2,23,6,12,-76.7213,-4.57243
85.1,1,1,23,6,12,-75.4013,-4.19671
85.1,2,0,23,6,12,-76.1332,-2.80936
85.1,3,2,23,6,13,-74.0695,-17.6408
85.1,4,2,23,6,12,-75.9441,-0.965692
85.1,5,1,23,6,13,-73.1848,-17.0414
85.1,6,1,23,6,12,-76.119,-0.574561
85.1,7,0,23,6,0,-200,0
85.1,8,0,23,6,12,-76.6126,-1.52132
85.1,9,0,23,6,13,-71.5459,-15.7664
85.1,10,2,23,6,12,-76.7719,-2.89048
85.1,11,2,23,6,13,-71.7378,-13.3979
85.1,12,1,23,6,13,-76.49,-17.0571
85.1,13,1,23,6,6,-73.8644,-43.8142
85.1,14,0,23,6,13,-76.1033,-15.8531
85.2,0,2,23,6,12,-76.8885,-4.39165
85.2,1,1,23,6,12,-75.564,-4.00292
85.2,2,0,23,6,12,-76.2638,-2.57781
85.2,3,2,23,6,13,-74.2269,-17.3026
85.2,4,2,23,6,12,-76.0379,-0.859412
85.2,5,1,23,6,13,-73.4204,-16.7408
85.2,6,1,23,6,12,-76.1704,-0.565201
85.2,7,0,23,6,0,-200,0
85.2,8,0,23,6,12,-76.6592,-1.60333
85.2,9,0,23,6,13,-71.7363,-15.4519
85.2,10,2,23,6,12,-76.8309,-3.03925
85.2,11,2,23,6,13,-71.5133,-13.1291
85.2,12,1,23,6,13,-76.5491,-16.7972
85.2,13,1,23,6,6,-73.7896,-43.7134
85.2,14,0,23,6,13,-76.1667,-15.5852
85.3,0,2,23,6,12,-77.0542,-4.21461
85.3,1,1,23,6,12,-75.7264,-3.81385
85.3,2,0,23,6,12,-76.3953,-2.34894
85.3,3,2,23,6,13,-74.3856,-16.9534
85.3,4,2,23,6,12,-76.1343,-0.82917
85.3,5,1,23,6,13,-73.6547,-16.4272
85.3,6,1,23,6,12,-76.2238,-0.566513
85.3,7,0,23,6,0,-200,0
85.3,8,0,23,6,12,-76.7053,-1.69554
85.3,9,0,23,6,13,-71.9432,-15.1171
85.3,10,2,23,6,12,-76.8893,-3.17735
85.3,11,2,23,6,13,-71.3082,-12.8475
85.3,12,1,23,6,13,-76.611,-16.5308
85.3,13,1,23,6,6,-73.7073,-43.6107
85.3,14,0,23,6,13,-76.227,-15.3114
85.4,0,2,23,6,12,-77.218,-4.0403
85.4,1,1,23,6,12,-75.8879,-3.62911
85.4,2,0,23,6,12,-76.5274,-2.12229
85.4,3,2,23,6,13,-74.5455,-16.5953
85.4,4,2,23,6,12,-76.2329,-0.79479
85.4,5,1,23,6,13,-73.8855,-16.102
85.4,6,1,23,6,12,-76.2797,-0.572687
85.4,7,0,23,6,0,-200,0
85.4,8,0,23,6,12,-76.7508,-1.79179
85.4,9,0,23,6,13,-72.1651,-14.7627
85.4,10,2,23,6,12,-76.9474,-3.30452
85.4,11,2,23,6,13,-71.1315,-12.5552
85.4,12,1,23,6,13,-76.6748,-16.2574
85.4,13,1,23,6,6,-73.6167,-43.5046
85.4,14,0,23,6,13,-76.285,-15.0334
85.5,0,2,23,6,12,-77.3795,-3.84968
85.5,1,1,23,6,12,-76.0495,-3.43009
85.5,2,0,23,6,12,-76.6601,-1.87909
85.5,3,2,23,6,13,-74.7062,-16.2317
85.5,4,2,23,6,12,-76.3343,-0.753973
85.5,5,1,23,6,13,-74.1114,-15.768
85.5,6,1,23,6,13,-76.3375,-16.7833
85.5,7,0,23,6,0,-200,0
85.5,8,0,23,6,12,-76.7955,-1.88593
85.5,9,0,23,6,13,-72.3947,-14.3908
85.5,10,2,23,6,12,-77.0041,-3.42514
85.5,11,2,23,6,13,-70.9899,-12.2556
85.5,12,1,23,6,13,-76.7406,-15.9784
85.5,13,1,23,6,7,-71.9552,-44.1072
85.5,14,0,23,6,13,-76.3602,-14.7535
85.6,0,2,23,6,12,-77.5382,-3.67835
85.6,1,1,23,6,12,-76.2105,-3.25309
85.6,2,0,23,6,12,-76.7925,-1.71772
85.6,3,2,23,6,13,-74.8672,-15.8643
85.6,4,2,23,6,12,-76.4372,-0.700878
85.6,5,1,23,6,13,-74.3312,-15.4267
85.6,6,1,23,6,13,-76.3977,-16.4041
85.6,7,0,23,6,0,-200,0
85.6,8,0,23,6,13,-76.8395,-16.5182
85.6,9,0,23,6,13,-72.6253,-14.0029
85.6,10,2,23,6,13,-77.0594,-16.5066
85.6,11,2,23,6,13,-70.8917,-11.9503
85.6,12,1,23,6,13,-76.8084,-15.6944
85.6,13,1,23,6,9,-71.9385,-45.0588
85.6,14,0,23,6,13,-76.4159,-14.4726
85.7,0,2,23,6,12,-77.6938,-3.50852
85.7,1,1,23,6,12,-76.3707,-3.07988
85.7,2,0,23,6,12,-76.925,-1.59487
85.7,3,2,23,6,13,-75.0279,-15.4959
85.7,4,2,23,6,13,-76.5418,-16.3254
85.7,5,1,23,6,13,-74.5435,-15.0806
85.7,6,1,23,6,13,-76.4608,-16.0245
85.7,7,0,23,6,0,-200,0
85.7,8,0,23,6,13,-76.8826,-16.1294
85.7,9,0,23,6,13,-72.8519,-13.6019
85.7,10,2,23,6,13,-77.113,-16.1451
85.7,11,2,23,6,13,-70.8468,-11.643
85.7,12,1,23,6,13,-76.8782,-15.4071
85.7,13,1,23,6,10,-70.6514,-44.9183
85.7,14,0,23,6,13,-76.4718,-14.1933
85.8,0,2,23,6,12,-77.8724,-3.33939
85.8,1,1,23,6,13,-76.5295,-16.0445
85.8,2,0,23,6,12,-77.0571,-1.45266
85.8,3,2,23,6,13,-75.1884,-15.1283
85.8,4,2,23,6,13,-76.6477,-15.965
85.8,5,1,23,6,13,-74.7488,-14.7317
85.8,6,1,23,6,13,-76.5258,-15.6456
85.8,7,0,23,6,0,-200,0
85.8,8,0,23,6,13,-76.9248,-15.7388
85.8,9,0,23,6,13,-73.0734,-13.1956
85.8,10,2,23,6,13,-77.1644,-15.779
85.8,11,2,23,6,13,-70.8488,-11.335
85.8,12,1,23,6,13,-76.9495,-15.1167
85.8,13,1,23,6,11,-70.7034,-44.7276
85.8,14,0,23,6,13,-76.5286,-13.9162
85.9,0,2,23,6,12,-78.0214,-3.17076
85.9,1,1,23,6,13,-76.687,-15.6986
85.9,2,0,23,6,12,-77.1882,-1.28394
85.9,3,2,23,6,13,-75.3491,-14.7641
85.9,4,2,23,6,13,-76.7547,-15.6072
85.9,5,1,23,6,13,-74.9455,-14.3813
85.9,6,1,23,6,13,-76.5937,-15.2697
85.9,7,0,23,6,0,-200,0
85.9,8,0,23,6,13,-76.9664,-15.3487
85.9,9,0,23,6,13,-73.2868,-12.7866
85.9,10,2,23,6,13,-77.2138,-15.4102
85.9,11,2,23,6,13,-70.9051,-11.0291
85.9,12,1,23,6,13,-77.0217,-14.8239
85.9,13,1,23,6,11,-70.7411,-44.4836
85.9,14,0,23,6,13,-76.587,-13.6433
86,0,2,23,6,12,-78.1667,-3.00262
86,1,1,23,6,13,-76.8427,-15.3577
86,2,0,23,6,12,-77.3183,-1.09206
86,3,2,23,6,13,-75.5093,-14.4051
86,4,2,23,6,13,-76.8621,-15.2539
86,5,1,23,6,13,-75.1342,-14.0319
86,6,1,23,6,13,-76.6636,-14.8982
86,7,0,23,6,0,-200,0
86,8,0,23,6,13,-77.0071,-14.9604
86,9,0,23,6,13,-73.4913,-12.3778
86,10,2,23,6,13,-77.2604,-15.0401
86,11,2,23,6,13,-71.0161,-10.7279
86,12,1,23,6,13,-77.0944,-14.5298
86,13,1,23,6,11,-70.764,-44.1987
86,14,0,23,6,13,-76.6478,-13.376
86.1,0,1,23,6,12,-78.3075,-2.834
86.1,1,2,23,6,13,-77.0184,-15.0238
86.1,2,0,23,6,13,-77.4709,-15.3672
86.1,3,0,23,6,13,-75.6688,-14.0532
86.1,4,2,23,6,13,-76.9701,-14.9066
86.1,5,1,23,6,13,-75.3145,-13.6851
86.1,6,1,23,6,13,-76.7359,-14.5329
86.1,7,2,23,6,0,-200,0
86.1,8,0,23,6,13,-77.0472,-14.5755
86.1,9,0,23,6,13,-73.6859,-11.9718
86.1,10,2,23,6,13,-77.3041,-14.6701
86.1,11,2,23,6,13,-71.1791,-10.4336
86.1,12,1,23,6,13,-77.1665,-14.2349
86.1,13,1,23,6,12,-71.9994,-43.8644
86.1,14,0,23,6,13,-76.7116,-13.1158
86.2,0,1,23,6,12,-78.4444,-2.66672
86.2,1,2,23,6,13,-77.1706,-14.698
86.2,2,0,23,6,13,-77.5987,-15.0412
86.2,3,0,23,6,13,-75.8272,-13.7095
86.2,4,2,23,6,13,-77.0782,-14.5667
86.2,5,1,23,6,13,-75.4863,-13.342
86.2,6,1,23,6,13,-76.8107,-14.1751
86.2,7,2,23,6,0,-200,0
86.2,8,0,23,6,13,-77.0866,-14.1952
86.2,9,0,23,6,13,-73.87,-11.5712
86.2,10,2,23,6,13,-77.3451,-14.3015
86.2,11,2,23,6,13,-71.3906,-10.1486
86.2,12,1,23,6,13,-77.2377,-13.9399
86.2,13,1,23,6,12,-72.0904,-43.5087
86.2,14,0,23,6,13,-76.7785,-12.8632
86.3,0,1,23,6,12,-78.5776,-2.50004
86.3,1,2,23,6,13,-77.3208,-14.3826
86.3,2,0,23,6,13,-77.7249,-14.7243
86.3,3,0,23,6,13,-75.9847,-13.3767
86.3,4,2,23,6,13,-77.2094,-14.2361
86.3,5,1,23,6,13,-75.6498,-13.0053
86.3,6,1,23,6,13,-76.8875,-13.8262
86.3,7,2,23,6,0,-200,0
86.3,8,0,23,6,13,-77.1259,-13.8215
86.3,9,0,23,6,13,-74.0447,-11.1793
86.3,10,2,23,6,13,-77.3833,-13.9362
86.3,11,2,23,6,13,-71.8954,-9.87484
86.3,12,1,23,6,13,-77.3072,-13.6458
86.3,13,1,23,6,12,-72.454,-43.125
86.3,14,0,23,6,13,-76.849,-12.6199
86.4,0,1,23,6,12,-78.7067,-2.3356
86.4,1,2,23,6,13,-77.4684,-14.0787
86.4,2,0,23,6,13,-77.8492,-14.4182
86.4,3,0,23,6,13,-76.141,-13.0561
86.4,4,2,23,6,13,-77.3178,-13.9162
86.4,5,1,23,6,13,-75.806,-12.6769
86.4,6,1,23,6,13,-76.9659,-13.4878
86.4,7,2,23,6,0,-200,0
86.4,8,0,23,6,13,-77.1647,-13.4557
86.4,9,0,23,6,13,-74.2093,-10.7986
86.4,10,2,23,6,13,-77.4183,-13.5751
86.4,11,2,23,6,13,-72.2063,-9.61445
86.4,12,1,23,6,13,-77.3744,-13.3537
86.4,13,1,23,6,12,-72.5308,-42.7294
86.4,14,0,23,6,13,-76.9204,-12.3818
86.5,0,1,23,6,12,-78.8321,-2.17537
86.5,1,2,23,6,13,-77.6132,-13.7777
86.5,2,0,23,6,13,-77.9718,-14.1142
86.5,3,0,23,6,13,-76.3144,-12.7397
86.5,4,2,23,6,13,-77.4261,-13.5981
86.5,5,1,23,6,13,-75.955,-12.3488
86.5,6,1,23,6,13,-77.0682,-13.1511
86.5,7,2,23,6,0,-200,0
86.5,8,0,23,6,13,-77.2033,-13.089
86.5,9,0,23,6,13,-74.3662,-10.4228
86.5,10,2,23,6,13,-77.4509,-13.2099
86.5,11,2,23,6,13,-72.5491,-9.35986
86.5,12,1,23,6,13,-77.4387,-13.054
86.5,13,1,23,6,12,-72.6031,-42.5234
86.5,14,0,23,6,13,-76.9923,-12.1389
86.6,0,1,23,6,12,-78.9541,-2.02283
86.6,1,2,23,6,13,-77.755,-13.5038
86.6,2,0,23,6,13,-78.0926,-13.8351
86.6,3,0,23,6,13,-76.4689,-12.4526
86.6,4,2,23,6,13,-77.5338,-13.304
86.6,5,1,23,6,13,-76.1153,-12.0474
86.6,6,1,23,6,13,-77.15,-12.8373
86.6,7,2,23,6,0,-200,0
86.6,8,0,23,6,13,-77.2418,-12.7415
86.6,9,0,23,6,13,-74.516,-10.0819
86.6,10,2,23,6,13,-77.4803,-12.8592
86.6,11,2,23,6,13,-72.9136,-9.13744
86.6,12,1,23,6,13,-77.4992,-12.7645
86.6,13,1,23,6,12,-72.6569,-42.5124
86.6,14,0,23,6,13,-77.0637,-11.9062
86.7,0,1,23,6,13,-79.073,-14.3329
86.7,1,2,23,6,13,-77.8945,-13.2629
86.7,2,0,23,6,13,-78.2117,-13.5879
86.7,3,0,23,6,13,-76.622,-12.1999
86.7,4,2,23,6,13,-77.6412,-13.0418
86.7,5,1,23,6,13,-76.2523,-11.7772
86.7,6,1,23,6,13,-77.2333,-12.5552
86.7,7,2,23,6,0,-200,0
86.7,8,0,23,6,13,-77.3038,-12.4236
86.7,9,0,23,6,13,-74.6599,-9.77868
86.7,10,2,23,6,13,-77.5074,-12.5342
86.7,11,2,23,6,13,-73.2915,-8.95141
86.7,12,1,23,6,13,-77.5564,-12.4971
86.7,13,1,23,6,13,-72.6929,-42.5233
86.7,14,0,23,6,13,-77.1348,-11.6974
86.8,0,1,23,6,13,-79.1886,-14.118
86.8,1,2,23,6,13,-78.0314,-13.0432
86.8,2,0,23,6,13,-78.3289,-13.3608
86.8,3,0,23,6,13,-76.7736,-11.9701
86.8,4,2,23,6,13,-77.748,-12.7998
86.8,5,1,23,6,13,-76.3841,-11.5274
86.8,6,1,23,6,13,-77.3176,-12.2932
86.8,7,2,23,6,0,-200,0
86.8,8,0,23,6,13,-77.3429,-12.1237
86.8,9,0,23,6,13,-74.7981,-9.50242
86.8,10,2,23,6,13,-77.5566,-12.2232
86.8,11,2,23,6,13,-73.6754,-8.78965
86.8,12,1,23,6,13,-77.6097,-12.2399
86.8,13,1,23,6,13,-72.7199,-42.5294
86.8,14,0,23,6,13,-77.2052,-11.5001
86.9,0,1,23,6,13,-79.3013,-13.9237
86.9,1,2,23,6,13,-78.1652,-12.8454
86.9,2,0,23,6,13,-78.4441,-13.1549
86.9,3,0,23,6,13,-76.9235,-11.7645
86.9,4,2,23,6,13,-77.8537,-12.5788
86.9,5,1,23,6,13,-76.5109,-11.2993
86.9,6,1,23,6,13,-77.4025,-12.0521
86.9,7,2,23,6,0,-200,0
86.9,8,0,23,6,13,-77.3828,-11.8435
86.9,9,0,23,6,13,-74.9317,-9.25544
86.9,10,2,23,6,13,-77.579,-11.9277
86.9,11,2,23,6,13,-74.0581,-8.65286
86.9,12,1,23,6,13,-77.6838,-11.9936
86.9,13,1,23,6,13,-72.7392,-42.5047
86.9,14,0,23,6,13,-77.2739,-11.3143
87,0,1,23,6,13,-79.4107,-13.7499
87,1,2,23,6,13,-78.2962,-12.67
87,2,0,23,6,13,-78.5569,-12.97
87,3,0,23,6,13,-77.0715,-11.5831
87,4,2,23,6,13,-77.9585,-12.3791
87,5,1,23,6,13,-76.6328,-11.0934
87,6,1,23,6,13,-77.488,-11.8325
87,7,2,23,6,0,-200,0
87,8,0,23,6,13,-77.4231,-11.5829
87,9,0,23,6,13,-75.0619,-9.03849
87,10,2,23,6,13,-77.599,-11.6474
87,11,2,23,6,13,-74.4335,-8.54042
87,12,1,23,6,13,-77.7283,-11.7586
87,13,1,23,6,13,-72.7519,-42.4301
87,14,0,23,6,13,-77.3405,-11.1397
87.1,0,2,23,6,13,-79.5172,-13.5965
87.1,1,1,23,6,13,-78.4243,-12.5169
87.1,2,0,23,6,13,-78.6674,-12.8061
87.1,3,0,23,6,13,-77.2171,-11.4257
87.1,4,1,23,6,13,-78.0616,-12.2005
87.1,5,2,23,6,13,-76.7505,-10.9101
87.1,6,2,23,6,13,-77.5735,-11.6338
87.1,7,2,23,6,0,-200,0
87.1,8,0,23,6,13,-77.4639,-11.3424
87.1,9,0,23,6,13,-75.1894,-8.85197
87.1,10,1,23,6,13,-77.6169,-11.3831
87.1,11,1,23,6,13,-74.7969,-8.45146
87.1,12,2,23,6,13,-77.7681,-11.5346
87.1,13,1,23,6,13,-72.7593,-42.288
87.1,14,0,23,6,13,-77.404,-10.9756
87.2,0,2,23,6,13,-79.6202,-13.4582
87.2,1,1,23,6,13,-78.5487,-12.3801
87.2,2,0,23,6,13,-78.775,-12.6576
87.2,3,0,23,6,13,-77.36,-11.2867
87.2,4,1,23,6,13,-78.1625,-12.0372
87.2,5,2,23,6,13,-76.8636,-10.7437
87.2,6,2,23,6,13,-77.6581,-11.4508
87.2,7,2,23,6,0,-200,0
87.2,8,0,23,6,13,-77.5048,-11.1166
87.2,9,0,23,6,13,-75.3156,-8.69037
87.2,10,1,23,6,13,-77.6323,-11.1291
87.2,11,1,23,6,13,-75.1432,-8.37773
87.2,12,2,23,6,13,-77.8028,-11.3165
87.2,13,1,23,6,13,-72.7612,-42.073
87.2,14,0,23,6,13,-77.4876,-10.8162
87.3,0,2,23,6,13,-79.7191,-13.3284
87.3,1,1,23,6,13,-78.6684,-12.2525
87.3,2,0,23,6,13,-78.8788,-12.5177
87.3,3,0,23,6,13,-77.499,-11.1586
87.3,4,1,23,6,13,-78.2605,-11.8823
87.3,5,2,23,6,13,-76.9718,-10.5873
87.3,6,2,23,6,13,-77.7407,-11.2756
87.3,7,2,23,6,0,-200,0
87.3,8,0,23,6,13,-77.5451,-10.8984
87.3,9,0,23,6,13,-76.0878,-8.5457
87.3,10,1,23,6,13,-77.6442,-10.8785
87.3,11,1,23,6,13,-75.4697,-8.30989
87.3,12,2,23,6,13,-77.8284,-11.0929
87.3,13,1,23,6,13,-73.0843,-41.7162
87.3,14,0,23,6,13,-77.5413,-10.6542
87.4,0,2,23,6,13,-79.8134,-13.2009
87.4,1,1,23,6,13,-78.7828,-12.1275
87.4,2,0,23,6,13,-78.978,-12.38
87.4,3,0,23,6,13,-77.6334,-11.0341
87.4,4,1,23,6,13,-78.3541,-11.7292
87.4,5,2,23,6,13,-77.0741,-10.4331
87.4,6,2,23,6,13,-77.8201,-11.1019
87.4,7,2,23,6,0,-200,0
87.4,8,0,23,6,13,-77.5835,-10.6816
87.4,9,0,23,6,13,-76.2427,-8.41035
87.4,10,1,23,6,13,-77.652,-10.6256
87.4,11,1,23,6,13,-75.7887,-8.23758
87.4,12,2,23,6,13,-77.8442,-10.8583
87.4,13,1,23,6,13,-73.0746,-41.2435
87.4,14,0,23,6,13,-77.5883,-10.4841
87.5,0,2,23,6,13,-79.9022,-13.0706
87.5,1,1,23,6,13,-78.891,-11.9993
87.5,2,0,23,6,13,-79.0716,-12.2388
87.5,3,0,23,6,13,-77.7615,-10.9068
87.5,4,1,23,6,13,-78.4426,-11.5723
87.5,5,2,23,6,13,-77.1704,-10.2753
87.5,6,2,23,6,13,-77.8953,-10.9243
87.5,7,2,23,6,0,-200,0
87.5,8,0,23,6,13,-77.6192,-10.4612
87.5,9,0,23,6,13,-76.4016,-8.27834
87.5,10,1,23,6,13,-77.6553,-10.3663
87.5,11,1,23,6,13,-76.0653,-8.15109
87.5,12,2,23,6,13,-77.8493,-10.6082
87.5,13,1,23,6,13,-73.0531,-40.6729
87.5,14,0,23,6,13,-77.6259,-10.2999
87.6,0,2,23,6,13,-80.0276,-12.9336
87.6,1,1,23,6,13,-78.9918,-11.8636
87.6,2,0,23,6,13,-79.1589,-12.0907
87.6,3,0,23,6,13,-77.8825,-10.7719
87.6,4,1,23,6,13,-78.5248,-11.4079
87.6,5,2,23,6,13,-77.2595,-10.1088
87.6,6,2,23,6,13,-77.9648,-10.7387
87.6,7,2,23,6,0,-200,0
87.6,8,0,23,6,13,-77.6512,-10.2335
87.6,9,0,23,9,13,-76.569,-8.14505
87.6,10,1,23,6,13,-77.6529,-10.0972
87.6,11,1,23,6,13,-76.3103,-8.04086
87.6,12,2,23,6,13,-77.8425,-10.3394
87.6,13,1,23,6,13,-73.0168,-40.174
87.6,14,0,23,6,13,-77.6527,-10.0985
87.7,0,2,23,6,13,-80.1044,-12.7952
87.7,1,1,23,6,13,-79.0855,-11.7253
87.7,2,0,23,6,13,-79.24,-11.9412
87.7,3,0,23,6,13,-77.9962,-10.6344
87.7,4,1,23,6,13,-78.601,-11.2422
87.7,5,2,23,6,13,-77.3416,-9.93788
87.7,6,2,23,6,13,-78.029,-10.5525
87.7,7,2,23,6,0,-200,0
87.7,8,0,23,6,13,-77.6794,-10.0065
87.7,9,0,23,9,13,-76.7553,-8.01891
87.7,10,1,23,6,13,-77.6458,-9.8275
87.7,11,1,23,6,13,-76.5211,-7.90672
87.7,12,2,23,6,13,-77.8251,-10.0621
87.7,13,1,23,6,13,-72.9673,-39.8943
87.7,14,0,23,6,13,-77.6691,-9.88931
87.8,0,2,23,6,13,-80.1747,-12.6564
87.8,1,1,23,6,13,-79.1717,-11.5852
87.8,2,0,23,6,13,-79.3512,-11.7913
87.8,3,0,23,6,13,-78.1015,-10.4938
87.8,4,1,23,6,13,-78.6703,-11.0764
87.8,5,2,23,6,13,-77.4157,-9.76224
87.8,6,2,23,6,13,-78.0868,-10.3667
87.8,7,2,23,6,0,-200,0
87.8,8,0,23,6,13,-77.7037,-9.78248
87.8,9,0,23,9,13,-76.9596,-7.90188
87.8,10,1,23,6,13,-77.6338,-9.56038
87.8,11,1,23,6,13,-76.6954,-7.74318
87.8,12,2,23,6,13,-77.7971,-9.77935
87.8,13,1,23,6,13,-72.9028,-39.6943
87.8,14,0,23,6,13,-77.6745,-9.67549
87.9,0,2,23,6,13,-80.2382,-12.5195
87.9,1,1,23,6,13,-79.2498,-11.4454
87.9,2,0,23,6,13,-79.4184,-11.6438
87.9,3,0,23,6,13,-78.1981,-10.3527
87.9,4,1,23,6,13,-78.7324,-10.9132
87.9,5,2,23,6,13,-77.4817,-9.58391
87.9,6,2,23,6,13,-78.1382,-10.1848
87.9,7,2,23,6,0,-200,0
87.9,8,0,23,6,13,-77.7236,-9.56474
87.9,9,0,23,9,13,-77.1828,-7.80024
87.9,10,1,23,6,13,-77.617,-9.29984
87.9,11,1,23,6,13,-76.8372,-7.55083
87.9,12,2,23,6,13,-77.7587,-9.4963
87.9,13,1,23,6,13,-72.8221,-39.4797
87.9,14,0,23,6,13,-77.6689,-9.46181
88,0,2,23,6,13,-80.2951,-12.3882
88,1,1,23,6,13,-79.3196,-11.3087
88,2,0,23,6,13,-79.4782,-11.5019
88,3,0,23,6,13,-78.2853,-10.2133
88,4,1,23,6,13,-78.8197,-10.756
88,5,2,23,6,13,-77.5388,-9.4052
88,6,2,23,6,13,-78.1826,-10.0101
88,7,2,23,6,0,-200,0
88,8,0,23,6,13,-77.7383,-9.35666
88,9,0,23,9,13,-77.4261,-7.72197
88,10,1,23,6,13,-77.5953,-9.05055
88,11,1,23,6,13,-76.9524,-7.33289
88,12,2,23,6,13,-77.7135,-9.22308
88,13,1,23,6,13,-72.7245,-39.2503
88,14,0,23,6,13,-77.652,-9.25274
88.1,0,0,23,6,13,-80.3449,-12.2659
88.1,1,1,23,6,13,-79.4183,-11.1793
88.1,2,2,23,6,13,-79.5305,-11.3695
88.1,3,0,23,6,13,-78.3628,-10.0794
88.1,4,1,23,6,13,-78.8661,-10.6086
88.1,5,1,23,6,13,-77.5868,-9.22966
88.1,6,2,23,6,13,-78.2197,-9.84695
88.1,7,2,23,6,0,-200,0
88.1,8,0,23,6,13,-77.748,-9.1636
88.1,9,2,23,6,13,-77.6701,-7.6587
88.1,10,1,23,6,13,-77.569,-8.81798
88.1,11,0,23,6,13,-77.0478,-7.09523
88.1,12,2,23,6,13,-77.6623,-8.96589
88.1,13,1,23,6,13,-72.6095,-39.0068
88.1,14,0,23,6,13,-77.6244,-9.05443
88.2,0,0,23,6,13,-80.3879,-12.157
88.2,1,1,23,6,13,-79.4712,-11.061
88.2,2,2,23,6,13,-79.575,-11.2507
88.2,3,0,23,6,13,-78.4304,-9.95489
88.2,4,1,23,6,13,-78.9048,-10.4757
88.2,5,1,23,6,13,-77.626,-9.06201
88.2,6,2,23,6,13,-78.2787,-9.70003
88.2,7,2,23,6,0,-200,0
88.2,8,0,23,6,13,-77.7526,-8.98971
88.2,9,2,23,6,13,-77.9039,-7.60462
88.2,10,1,23,6,13,-77.5386,-8.60749
88.2,11,0,23,6,13,-77.1292,-6.84558
88.2,12,2,23,6,13,-77.6055,-8.73061
88.2,13,1,23,6,13,-72.4776,-38.7514
88.2,14,0,23,6,13,-77.5866,-8.87276
88.3,0,0,23,6,13,-80.424,-12.0643
88.3,1,1,23,6,13,-79.5154,-10.9568
88.3,2,2,23,6,13,-79.6119,-11.1485
88.3,3,0,23,6,13,-78.4881,-9.84289
88.3,4,1,23,6,13,-78.9358,-10.3603
88.3,5,1,23,6,13,-77.6557,-8.90444
88.3,6,2,23,6,13,-78.3012,-9.57261
88.3,7,2,23,6,0,-200,0
88.3,8,0,23,6,13,-77.7519,-8.83897
88.3,9,2,23,6,13,-77.1702,-34.2314
88.3,10,1,23,6,13,-78.5609,-8.42312
88.3,11,0,23,6,13,-77.2003,-6.58843
88.3,12,2,23,6,13,-77.5442,-8.5226
88.3,13,1,23,6,13,-72.624,-38.4681
88.3,14,0,23,6,13,-76.6962,-39.7338
88.4,0,0,23,6,13,-80.4536,-11.9908
88.4,1,1,23,6,13,-79.5511,-10.8691
88.4,2,2,23,6,13,-79.6411,-11.0654
88.4,3,0,23,6,13,-78.5356,-9.74551
88.4,4,1,23,6,13,-78.959,-10.2652
88.4,5,1,23,6,13,-77.6758,-8.75988
88.4,6,2,23,6,13,-78.3165,-9.4674
88.4,7,2,23,6,0,-200,0
88.4,8,0,23,6,13,-77.7723,-8.71454
88.4,9,2,23,6,13,-77.3712,-33.9982
88.4,10,1,23,6,13,-78.5834,-8.26864
88.4,11,0,23,6,13,-77.2651,-6.32983
88.4,12,2,23,6,13,-78.5775,-8.34588
88.4,13,1,23,6,13,-72.7839,-38.1853
88.4,14,0,23,6,13,-76.6851,-37.2753
88.5,0,0,23,6,13,-80.4763,-11.9376
88.5,1,1,23,6,13,-79.5782,-10.7997
88.5,2,2,23,6,13,-79.663,-11.0035
88.5,3,0,23,6,13,-78.604,-9.66437
88.5,4,1,23,6,13,-78.9745,-10.192
88.5,5,1,23,6,13,-78.7971,-8.62988
88.5,6,2,23,6,13,-78.3249,-9.38647
88.5,7,2,23,6,0,-200,0
88.5,8,0,23,6,13,-78.8983,-8.61817
88.5,9,2,23,6,13,-77.5547,-33.6195
88.5,10,1,23,6,13,-78.6042,-8.14651
88.5,11,0,23,6,13,-76.5229,-33.2547
88.5,12,2,23,6,13,-78.5683,-8.20403
88.5,13,1,23,6,13,-73.6619,-37.811
88.5,14,0,23,6,13,-76.709,-35.6119
88.6,0,1,23,6,13,-80.4926,-11.8907
88.6,1,2,23,6,13,-79.5969,-10.7341
88.6,2,0,23,6,13,-79.6773,-10.948
88.6,3,0,23,6,13,-78.6304,-9.58497
88.6,4,1,23,6,13,-78.9824,-10.1263
88.6,5,1,23,6,13,-78.8761,-8.49914
88.6,6,2,23,6,13,-78.3264,-9.31544
88.6,7,2,23,6,0,-200,0
88.6,8,0,23,6,13,-78.9446,-8.53587
88.6,9,2,23,6,13,-77.7215,-33.1154
88.6,10,1,23,6,13,-78.6545,-8.04286
88.6,11,0,23,6,13,-76.6056,-32.7853
88.6,12,2,23,6,13,-78.5878,-8.08369
88.6,13,1,23,6,13,-73.5045,-37.5207
88.6,14,0,23,6,13,-76.7757,-33.8358
88.7,0,1,23,6,13,-80.5026,-11.88
88.7,1,2,23,6,13,-79.6066,-10.7017
88.7,2,0,23,6,13,-79.6841,-10.9285
88.7,3,0,23,6,13,-78.6455,-9.53619
88.7,4,1,23,6,13,-78.9825,-10.0977
88.7,5,1,23,6,13,-78.9507,-8.39739
88.7,6,2,23,6,13,-78.3205,-9.28369
88.7,7,2,23,6,0,-200,0
88.7,8,0,23,6,13,-78.9868,-8.49688
88.7,9,2,23,6,13,-77.8727,-32.6255
88.7,10,1,23,6,13,-78.671,-7.98807
88.7,11,0,23,6,13,-76.6878,-32.3433
88.7,12,2,23,6,13,-78.5715,-8.01358
88.7,13,1,23,6,13,-73.3188,-37.2177
88.7,14,0,23,6,13,-76.8136,-32.2834
88.8,0,1,23,6,13,-80.5061,-11.8876
88.8,1,2,23,6,13,-79.6078,-10.6851
88.8,2,0,23,6,13,-79.6838,-10.9281
88.8,3,0,23,6,13,-78.6494,-9.50053
88.8,4,1,23,6,13,-78.975,-10.089
88.8,5,1,23,6,13,-79.02,-8.30612
88.8,6,2,23,6,13,-78.3076,-9.27404
88.8,7,2,23,6,0,-200,0
88.8,8,0,23,6,13,-79.0252,-8.48492
88.8,9,2,23,6,13,-78.003,-32.17
88.8,10,1,23,6,13,-78.6839,-7.96427
88.8,11,0,23,6,13,-76.7706,-31.9508
88.8,12,2,23,6,13,-78.5504,-7.97872
88.8,13,1,23,6,13,-73.1173,-36.9034
88.8,14,0,23,6,13,-76.8435,-30.9785
88.9,0,1,23,6,13,-80.5038,-11.9115
88.9,1,2,23,6,13,-79.6001,-10.6813
88.9,2,0,23,6,13,-79.6763,-10.9438
88.9,3,0,23,6,13,-78.6414,-9.47446
88.9,4,1,23,6,13,-78.96,-10.0973
88.9,5,1,23,6,13,-79.0841,-8.22214
88.9,6,2,23,6,13,-79.6131,-9.28401
88.9,7,2,23,6,0,-200,0
88.9,8,0,23,6,13,-79.0572,-8.49447
88.9,9,2,23,6,13,-78.1148,-31.7522
88.9,10,1,23,6,13,-78.6926,-7.97016
88.9,11,0,23,6,13,-76.8556,-31.6078
88.9,12,2,23,6,13,-78.5247,-7.97969
88.9,13,1,23,6,13,-73.2462,-36.377
88.9,14,0,23,6,13,-76.866,-29.8728
89,0,1,23,6,13,-80.4954,-11.9471
89,1,2,23,6,13,-79.5835,-10.686
89,2,0,23,6,13,-79.6616,-10.9713
89,3,0,23,6,13,-80.0962,-9.45357
89,4,1,23,6,13,-78.9376,-10.1186
89,5,1,23,6,13,-79.1426,-8.14047
89,6,2,23,6,13,-79.6479,-9.30497
89,7,2,23,6,0,-200,0
89,8,0,23,6,13,-79.0822,-8.52236
89,9,2,23,6,13,-78.2098,-31.3636
89,10,1,23,6,13,-78.6971,-8.00338
89,11,0,23,6,13,-76.9434,-31.3036
89,12,2,23,6,13,-78.4947,-8.01504
89,13,1,23,6,13,-73.3776,-35.8838
89,14,0,23,6,13,-76.8814,-28.9362
89.1,0,1,23,6,13,-80.4813,-11.9903
89.1,1,2,23,6,13,-79.5583,-10.6948
89.1,2,0,23,6,13,-79.64,-11.0062
89.1,3,0,23,6,13,-80.1591,-9.43282
89.1,4,1,23,6,13,-78.9078,-10.1484
89.1,5,1,23,6,13,-79.1957,-8.05618
89.1,6,2,23,6,13,-79.673,-9.33257
89.1,7,2,23,6,0,-200,0
89.1,8,0,23,6,13,-79.1004,-8.56556
89.1,9,2,23,6,13,-78.2898,-31.0092
89.1,10,1,23,6,13,-78.6966,-8.06057
89.1,11,0,23,6,13,-76.281,-32.3478
89.1,12,2,23,6,13,-77.4442,-26.7298
89.1,13,1,23,6,13,-73.1449,-35.5306
89.1,14,0,23,6,13,-76.8896,-28.1496
89.2,0,1,23,6,13,-80.5099,-12.0343
89.2,1,2,23,6,13,-79.5243,-10.7007
89.2,2,0,23,6,13,-79.6119,-11.0423
89.2,3,0,23,6,13,-80.2153,-9.40501
89.2,4,1,23,6,13,-78.8715,-10.181
89.2,5,1,23,6,13,-79.2794,-7.96143
89.2,6,2,23,6,13,-79.6881,-9.36158
89.2,7,2,23,6,0,-200,0
89.2,8,0,23,6,13,-79.1112,-8.61859
89.2,9,2,23,6,13,-77.3836,-32.1212
89.2,10,1,23,6,13,-78.6912,-8.13786
89.2,11,0,23,6,13,-76.4009,-32.1162
89.2,12,2,23,6,13,-76.6541,-26.2009
89.2,13,1,23,6,13,-72.9102,-35.1645
89.2,14,0,23,6,13,-76.8908,-27.5105
89.3,0,1,23,6,13,-80.4845,-12.0732
89.3,1,2,23,6,13,-79.4818,-10.6975
89.3,2,0,23,6,13,-79.5777,-11.0735
89.3,3,0,23,6,13,-80.2651,-9.36395
89.3,4,1,23,6,13,-80.3719,-10.2104
89.3,5,1,23,6,13,-79.3162,-7.84148
89.3,6,2,23,6,13,-79.6936,-9.38711
89.3,7,2,23,6,0,-200,0
89.3,8,0,23,6,13,-79.1146,-8.67743
89.3,9,2,23,6,13,-77.4552,-31.8321
89.3,10,1,23,6,13,-78.6808,-8.23166
89.3,11,0,23,6,13,-76.5273,-31.9078
89.3,12,2,23,6,13,-76.6889,-25.7631
89.3,13,1,23,6,13,-73.0064,-34.2817
89.3,14,0,23,6,13,-76.8848,-27.0725
89.4,0,1,23,6,13,-80.4543,-12.0989
89.4,1,2,23,6,13,-79.4311,-10.6772
89.4,2,0,23,6,13,-79.5768,-11.0919
89.4,3,0,23,6,13,-80.3083,-9.30051
89.4,4,1,23,6,13,-80.3917,-10.2293
89.4,5,1,23,6,13,-79.3425,-7.68604
89.4,6,2,23,6,13,-79.6897,-9.40297
89.4,7,2,23,6,0,-200,0
89.4,8,0,23,6,13,-79.1109,-8.73629
89.4,9,2,23,6,13,-77.519,-31.5588
89.4,10,1,23,6,13,-78.6652,-8.33647
89.4,11,0,23,6,13,-76.6601,-31.717
89.4,12,2,23,6,13,-76.7198,-25.4472
89.4,13,1,23,6,13,-72.7847,-33.9293
89.4,14,0,23,6,13,-76.8718,-26.755
89.5,0,1,23,6,13,-80.4198,-12.1045
89.5,1,2,23,6,13,-81.1691,-10.6326
89.5,2,0,23,6,13,-79.5314,-11.091
89.5,3,0,23,6,13,-80.3453,-9.20763
89.5,4,1,23,6,13,-80.4006,-10.2245
89.5,5,1,23,6,13,-79.3588,-7.48681
89.5,6,2,23,6,13,-79.6764,-9.40372
89.5,7,2,23,6,0,-200,0
89.5,8,0,23,6,13,-79.0997,-8.79013
89.5,9,2,23,6,13,-77.5751,-31.3009
89.5,10,1,23,6,13,-78.6447,-8.44749
89.5,11,0,23,6,13,-76.7992,-31.543
89.5,12,2,23,6,13,-76.747,-25.2391
89.5,13,1,23,6,13,-72.9005,-30.6911
89.5,14,0,23,6,13,-76.8511,-26.5434
89.6,0,0,23,6,13,-80.3812,-12.0818
89.6,1,1,23,6,13,-81.1979,-10.5557
89.6,2,2,23,6,13,-79.4814,-11.0629
89.6,3,0,23,6,13,-80.3706,-9.06721
89.6,4,1,23,6,13,-80.4474,-10.1902
89.6,5,1,23,6,13,-79.3659,-7.23497
89.6,6,2,23,6,13,-79.6544,-9.38363
89.6,7,2,23,6,0,-200,0
89.6,8,0,23,6,13,-79.0817,-8.83323
89.6,9,2,23,6,13,-77.6246,-31.0594
89.6,10,1,23,6,13,-78.6189,-8.55854
89.6,11,0,23,6,13,-76.9447,-31.3859
89.6,12,2,23,6,13,-76.7698,-25.1266
89.6,13,1,23,6,13,-72.7274,-30.3149
89.6,14,0,23,6,13,-76.8228,-26.426
89.7,0,0,23,6,13,-80.3393,-12.0244
89.7,1,1,23,6,13,-81.2225,-10.4398
89.7,2,2,23,6,13,-81.2175,-11.0016
89.7,3,0,23,6,13,-80.3847,-8.8717
89.7,4,1,23,6,13,-80.4362,-10.1203
89.7,5,1,23,6,13,-78.1453,-26.4249
89.7,6,2,23,6,13,-79.6242,-9.33894
89.7,7,2,23,6,0,-200,0
89.7,8,0,23,6,13,-79.0567,-8.86134
89.7,9,2,23,6,13,-77.6679,-30.8317
89.7,10,1,23,6,13,-77.5969,-22.8103
89.7,11,0,23,6,13,-76.3511,-32.1752
89.7,12,2,23,6,13,-76.7879,-25.0999
89.7,13,1,23,6,13,-72.9032,-28.9104
89.7,14,0,23,6,13,-76.0713,-27.1995
89.8,0,0,23,6,13,-80.2949,-11.9255
89.8,1,1,23,6,13,-81.2428,-10.2781
89.8,2,2,23,6,13,-81.2286,-10.9
89.8,3,0,23,6,13,-80.3885,-8.61399
89.8,4,1,23,6,13,-80.416,-10.0104
89.8,5,1,23,6,13,-78.2076,-26.3125
89.8,6,2,23,6,13,-79.626,-9.26542
89.8,7,2,23,6,0,-200,0
89.8,8,0,23,6,13,-79.0252,-8.87026
89.8,9,2,23,6,13,-77.7059,-30.6193
89.8,10,1,23,6,13,-77.6267,-22.7714
89.8,11,0,23,6,13,-76.5276,-32.0979
89.8,12,2,23,6,13,-76.8008,-25.1477
89.8,13,1,23,6,13,-72.8128,-28.5172
89.8,14,0,23,6,13,-76.0756,-27.1911
89.9,0,0,23,6,13,-78.8156,-25.4768
89.9,1,1,23,6,13,-79.4984,-25.3965
89.9,2,2,23,6,13,-81.2358,-10.7563
89.9,3,0,23,6,13,-78.9299,-25.5845
89.9,4,1,23,6,13,-80.3873,-9.85915
89.9,5,1,23,6,13,-78.2617,-26.2122
89.9,6,2,23,6,13,-79.581,-9.1626
89.9,7,2,23,6,0,-200,0
89.9,8,0,23,6,13,-78.9875,-8.85835
89.9,9,2,23,6,13,-77.7394,-30.4193
89.9,10,1,23,6,13,-77.649,-22.8038
89.9,11,0,23,6,13,-76.7071,-32.0368
89.9,12,2,23,6,13,-76.8081,-25.2608
89.9,13,1,23,6,13,-72.7704,-28.1245
89.9,14,0,23,6,13,-74.4622,-32.075
90,0,0,23,6,13,-78.8662,-25.395
90,1,1,23,6,13,-79.6052,-25.3069
90,2,2,23,6,13,-81.239,-10.5661
90,3,0,23,6,13,-79.0034,-25.5038
90,4,1,23,6,13,-80.3554,-9.67001
90,5,1,23,6,13,-78.308,-26.1297
90,6,2,23,6,13,-79.5302,-9.02936
90,7,2,23,6,0,-200,0
90,8,0,23,6,13,-77.8877,-21.5157
90,9,2,23,6,13,-77.7689,-30.2376
90,10,1,23,6,13,-77.6639,-22.8995
90,11,0,23,6,13,-76.1842,-32.2186
90,12,2,23,6,13,-76.8094,-25.4326
90,13,1,23,6,13,-72.7811,-27.7321
90,14,0,23,6,13,-74.5423,-31.967
90.1,0,0,23,6,13,-78.92,-25.3228
90.1,1,1,23,6,13,-79.7184,-25.227
90.1,2,2,23,6,13,-81.2629,-10.388
90.1,3,0,23,6,13,-79.0838,-25.4317
90.1,4,1,23,6,13,-80.3501,-9.5017
90.1,5,1,23,6,13,-78.3584,-26.0597
90.1,6,2,23,6,13,-79.5078,-8.92541
90.1,7,2,23,6,0,-200,0
90.1,8,0,23,6,13,-77.9408,-21.6778
90.1,9,2,23,6,13,-76.9156,-30.976
90.1,10,1,23,6,13,-76.8422,-24.4379
90.1,11,0,23,6,13,-76.3719,-32.2016
90.1,12,2,23,6,13,-76.8302,-25.6547
90.1,13,1,23,6,13,-72.7918,-27.3428
90.1,14,0,23,6,13,-74.6276,-31.8811
90.2,0,0,23,6,13,-78.9683,-25.2648
90.2,1,1,23,6,13,-79.8251,-25.1619
90.2,2,2,23,6,13,-81.2835,-10.1557
90.2,3,0,23,6,13,-79.1572,-25.3731
90.2,4,1,23,6,13,-80.3426,-9.28838
90.2,5,1,23,6,13,-78.4015,-26.0062
90.2,6,2,23,6,13,-79.4848,-8.78664
90.2,7,2,23,6,0,-200,0
90.2,8,0,23,6,13,-77.9863,-21.8838
90.2,9,2,23,6,13,-76.9702,-30.8936
90.2,10,1,23,6,13,-76.9056,-24.7094
90.2,11,0,23,6,13,-76.5591,-32.2051
90.2,12,2,23,6,13,-76.8453,-25.9147
90.2,13,1,23,6,13,-72.5591,-26.97
90.2,14,0,23,6,13,-74.2396,-31.8199
