time,uav0_channel,uav0_power,uav0_rate,uav1_channel,uav1_power,uav1_rate,uav2_channel,uav2_power,uav2_rate,uav3_channel,uav3_power,uav3_rate,uav4_channel,uav4_power,uav4_rate,uav5_channel,uav5_power,uav5_rate,uav6_channel,uav6_power,uav6_rate,uav7_channel,uav7_power,uav7_rate,uav8_channel,uav8_power,uav8_rate,uav9_channel,uav9_power,uav9_rate,uav10_channel,uav10_power,uav10_rate,uav11_channel,uav11_power,uav11_rate,uav12_channel,uav12_power,uav12_rate,uav13_channel,uav13_power,uav13_rate,uav14_channel,uav14_power,uav14_rate
0.2,0,19.051,6.47449,0,18.2734,6.86332,0,18.2734,6.86332,0,18.1026,6.9487,0,18.1026,6.9487,0,18.4312,6.78438,0,18.4312,6.78438,0,19.2011,6.39945,0,19.2011,6.39945,0,20.3766,5.8117,0,20.3766,5.8117,2,21.248,5.376,1,21.248,5.376,1,22.5641,4.71793,2,22.5641,4.71793
5.2,0,19.051,6.4745,0,18.2733,6.86334,0,18.2733,6.86334,0,18.1026,6.94872,0,18.1026,6.94872,0,18.4312,6.78439,0,18.4312,6.78439,0,19.201,6.39948,0,19.201,6.39948,0,20.3766,5.81169,0,20.3766,5.81169,2,21.248,5.376,1,21.248,5.376,1,22.5642,4.71792,2,22.5642,4.71792
10.2,0,19.051,6.47452,0,18.2733,6.86334,0,18.2733,6.86334,0,18.1026,6.94872,0,18.1026,6.94872,0,18.4312,6.78439,0,18.4312,6.78439,0,19.201,6.39948,0,19.201,6.39948,0,20.3766,5.81169,0,20.3766,5.81169,2,21.2479,5.37605,1,21.2479,5.37605,1,22.5642,4.71791,2,22.5642,4.71791
15.2,0,19.051,6.47449,0,18.2734,6.86332,0,18.2734,6.86332,0,18.1026,6.9487,0,18.1026,6.9487,0,18.4312,6.78438,0,18.4312,6.78438,0,19.2011,6.39945,0,19.2011,6.39945,0,20.3766,5.8117,0,20.3766,5.8117,2,21.248,5.376,1,21.248,5.376,1,22.5641,4.71793,2,22.5641,4.71793
20.2,0,19.051,6.4745,0,18.2733,6.86333,0,18.2733,6.86333,0,18.1026,6.94871,0,18.1026,6.94871,0,18.4312,6.78438,0,18.4312,6.78438,0,19.2011,6.39945,0,19.2011,6.39945,0,20.3766,5.81169,0,20.3766,5.81169,2,21.248,5.376,1,21.248,5.376,1,22.5642,4.71792,2,22.5642,4.71792
25.2,0,18.755,6.62251,0,18.2127,6.89363,0,18.0737,6.96315,0,18.0218,6.98911,0,18.0722,6.96389,0,18.3442,6.82792,0,18.4356,6.78218,0,19.1207,6.43965,0,19.1987,6.40065,0,20.2999,5.85003,0,20.3769,5.81153,2,21.1477,5.42613,1,21.2512,5.37442,1,22.4392,4.7804,2,22.578,4.71101
