time,uav0_channel,uav0_power,uav0_rate,uav1_channel,uav1_power,uav1_rate,uav2_channel,uav2_power,uav2_rate,uav3_channel,uav3_power,uav3_rate,uav4_channel,uav4_power,uav4_rate,uav5_channel,uav5_power,uav5_rate,uav6_channel,uav6_power,uav6_rate,uav7_channel,uav7_power,uav7_rate,uav8_channel,uav8_power,uav8_rate,uav9_channel,uav9_power,uav9_rate,uav10_channel,uav10_power,uav10_rate,uav11_channel,uav11_power,uav11_rate,uav12_channel,uav12_power,uav12_rate,uav13_channel,uav13_power,uav13_rate,uav14_channel,uav14_power,uav14_rate
0.5,0,24.0749,3.96254,1,25.2617,3.36916,0,22.5517,4.72416,0,21.4318,5.28409,2,22.4936,4.75322,0,24.5769,3.71157,2,22.5899,4.70507,1,23.9229,4.03853,2,24.2004,3.89981,1,24.5243,3.73785,1,30,1,2,24.4755,3.76226,0,21.2285,5.38575,1,21.9859,5.00705,2,19.5449,6.22757
5.5,0,24.6717,3.66415,1,25.166,3.41699,0,22.5388,4.7306,0,21.7304,5.13478,2,21.0585,5.47073,0,23.9883,4.00584,2,18.9754,6.5123,1,17.1324,7.43381,0,25.7588,3.12062,0,19.0358,6.48211,1,30,1,2,23.7748,4.11259,0,23.0704,4.46482,1,20.0491,5.97547,2,21.0247,5.48763
10.5,0,19.87,6.06499,1,24.9173,3.54135,2,23.3562,4.32191,0,21.8226,5.08868,0,21.7938,5.10309,0,24.6555,3.67226,2,20.5135,5.74327,1,20.2281,5.88593,0,25.1484,3.42579,0,19.0092,6.49542,1,23.9132,4.04341,2,22.0236,4.98821,0,21.7022,5.14891,1,21.8843,5.05787,2,26.4074,2.79631
