time,num_links,connectivity
2,32,0.304762
4,32,0.304762
6,31,0.295238
8,31,0.295238
10,31,0.295238
12,40,0.380952
14,40,0.380952
