{
  "simulation_info": {
    "data_directory": "output/run_80977622",
    "analysis_date": "2026-03-15 18:06:29"
  },
  "qos_performance": {
    "avg_pdr": 0.3419828115668884,
    "min_pdr": 0.05272788569844789,
    "max_pdr": 0.7327100476718404,
    "std_pdr": 0.21593809531766658,
    "avg_delay_ms": 267.10417311012566,
    "min_delay_ms": 52.48608358093126,
    "max_delay_ms": 488.702535232816,
    "std_delay_ms": 117.11655456097908,
    "avg_throughput_mbps": 0.051671627494456765,
    "total_throughput_mbps": 0.7750744124168515,
    "std_throughput_mbps": 0.040225733417929205
  },
  "resource_allocation": {
    "channel_distribution": {
      "0": 4510,
      "1": 4510,
      "2": 4510
    },
    "avg_power": 16.658473924611975,
    "min_power": 11.5895,
    "max_power": 23.1634,
    "std_power": 2.8540271755250632,
    "avg_rate": 7.67076232150776,
    "min_rate": 4.4183,
    "max_rate": 10.2053,
    "std_rate": 1.427013896532066,
    "avg_interference": 0.07938580931263857,
    "max_interference": 0.08
  },
  "topology_evolution": {
    "avg_links": 104.07871396895787,
    "min_links": 102,
    "max_links": 105,
    "avg_connectivity": 0.9912259711751663
  }
}