{
  "simulation_info": {
    "data_directory": "output/run_50e7ce8e",
    "analysis_date": "2026-03-14 00:11:59"
  },
  "qos_performance": {
    "avg_pdr": 0.444749712158167,
    "min_pdr": 0.10199724423503326,
    "max_pdr": 0.7010158164079822,
    "std_pdr": 0.1778319175269379,
    "avg_delay_ms": 308.8718863037694,
    "min_delay_ms": 136.53878161862525,
    "max_delay_ms": 620.0560822394679,
    "std_delay_ms": 127.19241152365844,
    "avg_throughput_mbps": 0.06007456496674059,
    "total_throughput_mbps": 0.9011184745011088,
    "std_throughput_mbps": 0.033465935616774495
  },
  "resource_allocation": {
    "channel_distribution": {
      "0": 4510,
      "1": 4510,
      "2": 4510
    },
    "avg_power": 16.658473924611975,
    "min_power": 11.5895,
    "max_power": 23.1634,
    "std_power": 2.8540271755250632,
    "avg_rate": 7.67076232150776,
    "min_rate": 4.4183,
    "max_rate": 10.2053,
    "std_rate": 1.427013896532066,
    "avg_interference": 0.07938580931263857,
    "max_interference": 0.08
  },
  "topology_evolution": {
    "avg_links": 104.07871396895787,
    "min_links": 102,
    "max_links": 105,
    "avg_connectivity": 0.9912259711751663
  }
}