{
  "simulation_info": {
    "data_directory": "output/run_457dd4e9",
    "analysis_date": "2026-03-09 20:15:05"
  },
  "qos_performance": {
    "avg_pdr": 0.03485718241772151,
    "min_pdr": 0.0,
    "max_pdr": 0.4947841265822783,
    "std_pdr": 0.12311894302852486,
    "avg_delay_ms": 0.7539847822784811,
    "min_delay_ms": 0.0,
    "max_delay_ms": 6.548405632911393,
    "std_delay_ms": 1.9497833675362681,
    "avg_throughput_mbps": 0.006919455084388186,
    "total_throughput_mbps": 0.1037918262658228,
    "std_throughput_mbps": 0.02440289379709297
  },
  "resource_allocation": {
    "channel_distribution": {
      "0": 385,
      "1": 49,
      "2": 46
    },
    "avg_power": 18.249424583333333,
    "min_power": 13.8849,
    "max_power": 25.8216,
    "std_power": 2.658494219794433,
    "avg_rate": 6.875287687500001,
    "min_rate": 3.08919,
    "max_rate": 9.05756,
    "std_rate": 1.3292468176938919,
    "avg_interference": 0.07893750000000001,
    "max_interference": 0.08
  },
  "topology_evolution": {
    "avg_links": 103.42766497461929,
    "min_links": 102,
    "max_links": 105,
    "avg_connectivity": 0.9850255774111677
  }
}