{
  "simulation_info": {
    "data_directory": "output/run_3353e77e",
    "analysis_date": "2026-03-06 15:14:16"
  },
  "qos_performance": {
    "avg_pdr": 0.6292174864468864,
    "min_pdr": 0.0,
    "max_pdr": 0.9889506153846154,
    "std_pdr": 0.3801719637998388,
    "avg_delay_ms": 3.9280881391941396,
    "min_delay_ms": 0.0,
    "max_delay_ms": 21.512421153846155,
    "std_delay_ms": 4.9773066068318155,
    "avg_throughput_mbps": 0.11715059394505495,
    "total_throughput_mbps": 3.5145178183516483,
    "std_throughput_mbps": 0.0710124849063157
  },
  "resource_allocation": {
    "channel_distribution": {
      "0": 452,
      "1": 59,
      "2": 59
    },
    "avg_power": 20.39631877192982,
    "min_power": 15.9476,
    "max_power": 26.2703,
    "std_power": 1.3900466527738444,
    "avg_rate": 5.801841245614035,
    "min_rate": 2.86484,
    "max_rate": 8.02619,
    "std_rate": 0.6950228510350116,
    "avg_interference": 0.08498245614035087,
    "max_interference": 0.135
  },
  "topology_evolution": {
    "avg_links": 225.11111111111111,
    "min_links": 205,
    "max_links": 237,
    "avg_connectivity": 0.5174968666666666
  }
}