{
  "simulation_info": {
    "data_directory": "output/run_c4920826",
    "analysis_date": "2026-03-10 10:33:18"
  },
  "qos_performance": {
    "avg_pdr": 0.05421719299700001,
    "min_pdr": 0.0,
    "max_pdr": 0.501696655,
    "std_pdr": 0.12169496797217795,
    "avg_delay_ms": 51.77471457333333,
    "min_delay_ms": 0.0,
    "max_delay_ms": 382.6077599999999,
    "std_delay_ms": 106.05528898957984,
    "avg_throughput_mbps": 0.010907068467566667,
    "total_throughput_mbps": 0.1636060270135,
    "std_throughput_mbps": 0.02429924268447923
  },
  "resource_allocation": {
    "channel_distribution": {
      "0": 600
    },
    "avg_power": 20.0,
    "min_power": 20,
    "max_power": 20,
    "std_power": 0.0,
    "avg_rate": 6.0,
    "min_rate": 6,
    "max_rate": 6,
    "std_rate": 0.0,
    "avg_interference": 0.15649999999999997,
    "max_interference": 0.16
  },
  "topology_evolution": {
    "avg_links": 102.316,
    "min_links": 93,
    "max_links": 105,
    "avg_connectivity": 0.974438181
  }
}