time,avg_pdr,avg_delay,avg_throughput,uav0_pdr,uav0_delay,uav0_throughput,uav1_pdr,uav1_delay,uav1_throughput,uav2_pdr,uav2_delay,uav2_throughput,uav3_pdr,uav3_delay,uav3_throughput,uav4_pdr,uav4_delay,uav4_throughput,uav5_pdr,uav5_delay,uav5_throughput,uav6_pdr,uav6_delay,uav6_throughput,uav7_pdr,uav7_delay,uav7_throughput,uav8_pdr,uav8_delay,uav8_throughput,uav9_pdr,uav9_delay,uav9_throughput,uav10_pdr,uav10_delay,uav10_throughput,uav11_pdr,uav11_delay,uav11_throughput,uav12_pdr,uav12_delay,uav12_throughput,uav13_pdr,uav13_delay,uav13_throughput,uav14_pdr,uav14_delay,uav14_throughput
5.0,0.8333,0.000000,5564.2,0.0000,0.000000,0.0,1.0000,0.000000,15897.6,1.0000,0.000000,3974.4,1.0000,0.000000,15897.6,1.0000,0.000000,0.0,0.0000,0.000000,0.0,1.0000,0.000000,15897.6,0.5000,0.000000,15897.6,1.0000,0.000000,0.0,1.0000,0.000000,0.0,1.0000,0.000000,0.0,1.0000,0.000000,0.0,1.0000,0.000000,15897.6,1.0000,0.000000,0.0,1.0000,0.000000,0.0
10.0,0.4667,0.000000,3091.2,1.0000,0.000000,0.0,0.0000,0.000000,0.0,1.0000,0.000000,15897.6,1.0000,0.000000,14572.8,0.0000,0.000000,0.0,1.0000,0.000000,0.0,0.0000,0.000000,0.0,0.0000,0.000000,0.0,1.0000,0.000000,15897.6,0.0000,0.000000,0.0,0.0000,0.000000,0.0,0.0000,0.000000,0.0,0.0000,0.000000,0.0,1.0000,0.000000,0.0,1.0000,0.000000,0.0
15.0,0.2204,0.000000,971.5,0.0000,0.000000,0.0,0.0000,0.000000,0.0,1.0000,0.000000,0.0,1.0000,0.000000,0.0,0.0000,0.000000,0.0,0.0000,0.000000,0.0,0.0000,0.000000,0.0,1.0000,0.000000,0.0,0.0000,0.000000,0.0,0.0000,0.000000,0.0,0.0000,0.000000,0.0,0.0000,0.000000,0.0,0.3056,0.000000,14572.8,0.0000,0.000000,0.0,0.0000,0.000000,0.0
