time,uav0_pdr,uav0_delay,uav0_throughput,uav1_pdr,uav1_delay,uav1_throughput,uav2_pdr,uav2_delay,uav2_throughput,uav3_pdr,uav3_delay,uav3_throughput,uav4_pdr,uav4_delay,uav4_throughput,uav5_pdr,uav5_delay,uav5_throughput,uav6_pdr,uav6_delay,uav6_throughput,uav7_pdr,uav7_delay,uav7_throughput,uav8_pdr,uav8_delay,uav8_throughput,uav9_pdr,uav9_delay,uav9_throughput,uav10_pdr,uav10_delay,uav10_throughput,uav11_pdr,uav11_delay,uav11_throughput,uav12_pdr,uav12_delay,uav12_throughput,uav13_pdr,uav13_delay,uav13_throughput,uav14_pdr,uav14_delay,uav14_throughput
0.1,0,0,0,0,0,0,0,0,0,0,0,0,0,0,0,0,0,0,0,0,0,0,0,0,0,0,0,0,0,0,0,0,0,0,0,0,0,0,0,0,0,0,0,0,0
0.2,0,0,0,0,0,0,0,0,0,0,0,0,0,0,0,0,0,0,0,0,0,0,0,0,0,0,0,0,0,0,0,0,0,0,0,0,0,0,0,0,0,0,0,0,0
0.3,0,0,0,0,0,0,0,0,0,0,0,0,0,0,0,0,0,0,0,0,0,0,0,0,0,0,0,0,0,0,0,0,0,0,0,0,0,0,0,0,0,0,0,0,0
0.4,0,0,0,0,0,0,0,0,0,0,0,0,0,0,0,0,0,0,0,0,0,0,0,0,0,0,0,0,0,0,0,0,0,0,0,0,0,0,0,0,0,0,0,0,0
0.5,0,0,0,0,0,0,0,0,0,0,0,0,0,0,0,0,0,0,0,0,0,0,0,0,0,0,0,0,0,0,0,0,0,0,0,0,0,0,0,0,0,0,0,0,0
0.6,0,0,0,0,0,0,0,0,0,0,0,0,0,0,0,0,0,0,0,0,0,0,0,0,0,0,0,0,0,0,0,0,0,0,0,0,0,0,0,0,0,0,0,0,0
0.7,0,0,0,0,0,0,0,0,0,0,0,0,0,0,0,0,0,0,0,0,0,0,0,0,0,0,0,0,0,0,0,0,0,0,0,0,0,0,0,0,0,0,0,0,0
0.8,0,0,0,0,0,0,0,0,0,0,0,0,0,0,0,0,0,0,0,0,0,0,0,0,0,0,0,0,0,0,0,0,0,0,0,0,0,0,0,0,0,0,0,0,0
0.9,0,0,0,0,0,0,0,0,0,0,0,0,0,0,0,0,0,0,0,0,0,0,0,0,0,0,0,0,0,0,0,0,0,0,0,0,0,0,0,0,0,0,0,0,0
1,0,0,0,0,0,0,0,0,0,0,0,0,0,0,0,0,0,0,0,0,0,0,0,0,0,0,0,0,0,0,0,0,0,0,0,0,0,0,0,0,0,0,0,0,0
1.1,0,0,0,0,0,0,0,0,0,0,0,0,0,0,0,0,0,0,0,0,0,0,0,0,0,0,0,0,0,0,0,0,0,0,0,0,0,0,0,0,0,0,0,0,0
1.2,0,0,0,0,0,0,0,0,0,0,0,0,0,0,0,0,0,0,0,0,0,0,0,0,0,0,0,0,0,0,0,0,0,0,0,0,0,0,0,0,0,0,0,0,0
1.3,0,0,0,0,0,0,0,0,0,0,0,0,0,0,0,0,0,0,0,0,0,0,0,0,0,0,0,0,0,0,0,0,0,0,0,0,0,0,0,0,0,0,0,0,0
1.4,0,0,0,0,0,0,0,0,0,0,0,0,0,0,0,0,0,0,0,0,0,0,0,0,0,0,0,0,0,0,0,0,0,0,0,0,0,0,0,0,0,0,0,0,0
1.5,0,0,0,0,0,0,0,0,0,0,0,0,0,0,0,0,0,0,0,0,0,0,0,0,0,0,0,0,0,0,0,0,0,0,0,0,0,0,0,0,0,0,0,0,0
1.6,0,0,0,0,0,0,0,0,0,0,0,0,0,0,0,0,0,0,0,0,0,0,0,0,0,0,0,0,0,0,0,0,0,0,0,0,0,0,0,0,0,0,0,0,0
1.7,0,0,0,0,0,0,0,0,0,0,0,0,0,0,0,0,0,0,0,0,0,0,0,0,0,0,0,0,0,0,0,0,0,0,0,0,0,0,0,0,0,0,0,0,0
1.8,0,0,0,0,0,0,0,0,0,0,0,0,0,0,0,0,0,0,0,0,0,0,0,0,0,0,0,0,0,0,0,0,0,0,0,0,0,0,0,0,0,0,0,0,0
1.9,0,0,0,0,0,0,0,0,0,0,0,0,0,0,0,0,0,0,0,0,0,0,0,0,0,0,0,0,0,0,0,0,0,0,0,0,0,0,0,0,0,0,0,0,0
2,0,0,0,0,0,0,0,0,0,0,0,0,0,0,0,0,0,0,0,0,0,0,0,0,0,0,0,0,0,0,0,0,0,0,0,0,0,0,0,0,0,0,0,0,0
2.1,0,0,0,0,0,0,0,0,0,0,0,0,0,0,0,0,0,0,0,0,0,0,0,0,0,0,0,0,0,0,0,0,0,0,0,0,0,0,0,0,0,0,0,0,0
2.2,0,0,0,0,0,0,0,0,0,0,0,0,0,0,0,0,0,0,0,0,0,0,0,0,0,0,0,0,0,0,0,0,0,0,0,0,0,0,0,0,0,0,0,0,0
2.3,0,0,0,0,0,0,0,0,0,0,0,0,0,0,0,0,0,0,0,0,0,0,0,0,0,0,0,0,0,0,0,0,0,0,0,0,0,0,0,0,0,0,0,0,0
2.4,0,0,0,0,0,0,0,0,0,0,0,0,0,0,0,0,0,0,0,0,0,0,0,0,0,0,0,0,0,0,0,0,0,0,0,0,0,0,0,0,0,0,0,0,0
2.5,0,0,0,0,0,0,0,0,0,0,0,0,0,0,0,0,0,0,0,0,0,0,0,0,0,0,0,0,0,0,0,0,0,0,0,0,0,0,0,0,0,0,0,0,0
2.6,0,0,0,0,0,0,0,0,0,0,0,0,0,0,0,0,0,0,0,0,0,0,0,0,0,0,0,0,0,0,0,0,0,0,0,0,0,0,0,0,0,0,0,0,0
2.7,0,0,0,0,0,0,0,0,0,0,0,0,0,0,0,0,0,0,0,0,0,0,0,0,0,0,0,0,0,0,0,0,0,0,0,0,0,0,0,0,0,0,0,0,0
2.8,0,0,0,0,0,0,0,0,0,0,0,0,0,0,0,0,0,0,0,0,0,0,0,0,0,0,0,0,0,0,0,0,0,0,0,0,0,0,0,0,0,0,0,0,0
2.9,0,0,0,0,0,0,0,0,0,0,0,0,0,0,0,0,0,0,0,0,0,0,0,0,0,0,0,0,0,0,0,0,0,0,0,0,0,0,0,0,0,0,0,0,0
3,0,0,0,0,0,0,0,0,0,0,0,0,0,0,0,0,0,0,0,0,0,0,0,0,0,0,0,0,0,0,0,0,0,0,0,0,0,0,0,0,0,0,0,0,0
3.1,0,0,0,0,0,0,0,0,0,0,0,0,0,0,0,0,0,0,0,0,0,0,0,0,0,0,0,0,0,0,0,0,0,0,0,0,0,0,0,0,0,0,0,0,0
3.2,0,0,0,0,0,0,0,0,0,0,0,0,0,0,0,0,0,0,0,0,0,0,0,0,0,0,0,0,0,0,0,0,0,0,0,0,0,0,0,0,0,0,0,0,0
3.3,0,0,0,0,0,0,0,0,0,0,0,0,0,0,0,0,0,0,0,0,0,0,0,0,0,0,0,0,0,0,0,0,0,0,0,0,0,0,0,0,0,0,0,0,0
3.4,0,0,0,0,0,0,0,0,0,0,0,0,0,0,0,0,0,0,0,0,0,0,0,0,0,0,0,0,0,0,0,0,0,0,0,0,0,0,0,0,0,0,0,0,0
3.5,0,0.1,0,0,0.1,0,0,0.1,0,0,0.1,0,0,0.1,0,0,0.1,0,0,0.1,0,0,0.1,0,0,0.1,0,0,0.1,0,0,0.1,0,0,0.1,0,0,0.1,0,0,0.1,0,0,0.1,0
3.6,0,0.1,0,0,0.1,0,0,0.1,0,0,0.1,0,0,0.1,0,0,0.1,0,0,0.1,0,0,0.1,0,0,0.1,0,0,0.1,0,0,0.1,0,0,0.1,0,0,0.1,0,0,0.1,0,0,0.1,0
3.7,0,0.1,0,0,0.1,0,0,0.1,0,0,0.1,0,0,0.1,0,0,0.1,0,0,0.1,0,0,0.1,0,0,0.1,0,0,0.1,0,0,0.1,0,0,0.1,0,0,0.1,0,0,0.1,0,0,0.1,0
3.8,0,0.1,0,0,0.1,0,0,0.1,0,0,0.1,0,0,0.1,0,0,0.1,0,0,0.1,0,0,0.1,0,0,0.1,0,0,0.1,0,0,0.1,0,0,0.1,0,0,0.1,0,0,0.1,0,0,0.1,0
3.9,0,0.1,0,0,0.1,0,0,0.1,0,0,0.1,0,0,0.1,0,0,0.1,0,0,0.1,0,0,0.1,0,0,0.1,0,0,0.1,0,0,0.1,0,0,0.1,0,0,0.1,0,0,0.1,0,0,0.1,0
4,0,0.1,0,0,0.1,0,0,0.1,0,0,0.1,0,0,0.1,0,0,0.1,0,0,0.1,0,0,0.1,0,0,0.1,0,0,0.1,0,0,0.1,0,0,0.1,0,0,0.1,0,0,0.1,0,0,0.1,0
4.1,0,0.1,0,0,0.1,0,0,0.1,0,0,0.1,0,0,0.1,0,0,0.1,0,0,0.1,0,0,0.1,0,0,0.1,0,0,0.1,0,0,0.1,0,0,0.1,0,0,0.1,0,0,0.1,0,0,0.1,0
4.2,0,0.1,0,0,0.1,0,0,0.1,0,0,0.1,0,0,0.1,0,0,0.1,0,0,0.1,0,0,0.1,0,0,0.1,0,0,0.1,0,0,0.1,0,0,0.1,0,0,0.1,0,0,0.1,0,0,0.1,0
4.3,0,0.1,0,0.0166667,2.02231,4208,0,0.1,0,0,0.1,0,0,0.1,0,0,0.1,0,0,0.1,0,0,0.1,0,0,0.1,0,0,0.1,0,0,0.1,0,0,0.1,0,0,0.1,0,0,0.1,0,0,0.1,0
4.4,0,0.1,0,0.0307692,1.02442,8416,0,0.1,0,0,0.1,0,0,0.1,0,0,0.1,0,0,0.1,0,0.6,0.073007,12624,0,0.1,0,0,0.1,0,0,0.1,0,0,0.1,0,0,0.1,0,0,0.1,0,0,0.1,0
4.5,0,0.1,0,0.0571429,0.553016,16832,0,0.1,0,0,0.1,0,0,0.1,0,0,0.1,0,0,0.1,0,0.4,0.0565737,16832,0,0.1,0,0,0.1,0,0,0.1,0,0,0.1,0,0,0.1,0,0,0.1,0,0,0.1,0
4.6,0,0.1,0,0.0615385,0.553016,16832,0,0.1,0,0,0.1,0,0,0.1,0,0,0.1,0,0,0.1,0,0.266667,0.0565737,16832,0,0.1,0,0,0.1,0,0,0.1,0,0,0.1,0,0,0.1,0,0,0.1,0,0,0.1,0
4.7,0,0.1,0,0.0533333,0.553016,16832,0,0.1,0,0,0.1,0,0,0.1,0,0,0.1,0,0,0.1,0,0.333333,0.054642,21040,0,0.1,0,0,0.1,0,0,0.1,0,0,0.1,0,0,0.1,0,0,0.1,0,0,0.1,0
4.8,0,0.1,0,0.075,0.36918,25248,0,0.1,0,0,0.1,0,0,0.1,0,0,0.1,0,0,0.1,0,0.3,0.0476861,25248,0,0.1,0,0,0.1,0,0,0.1,0,0,0.1,0,0,0.1,0,0,0.1,0,0,0.1,0
4.9,0,0.1,0,0.08,0.36918,25248,0,0.1,0,0,0.1,0,0,0.1,0,0,0.1,0,0,0.1,0,0.24,0.0476861,25248,0,0.1,0,0,0.1,0,0,0.1,0,0,0.1,0,0,0.1,0,0,0.1,0,0,0.1,0
5,0,0.1,0,0.117647,0.229951,42080,0,0.1,0,0,0.1,0,0,0.1,0,0,0.1,0,0,0.1,0,0.24,0.0476861,25248,0,0.1,0,0,0.1,0,0,0.1,0,0,0.1,0,0,0.1,0,0,0.1,0,0,0.1,0
5.1,0,0.1,0,0.133333,0.19315,50496,0,0.1,0,0,0.1,0,0,0.1,0,0,0.1,0,0,0.1,0,0.266667,0.0393777,33664,0,0.1,0,0,0.1,0,0,0.1,0,0,0.1,0,0,0.1,0,0,0.1,0,0,0.1,0
5.2,0,0.1,0,0.141176,0.19315,50496,0,0.1,0,0,0.1,0,0,0.1,0,0,0.1,0,0,0.1,0,0.257143,0.0364784,37872,0,0.1,0,0,0.1,0,0,0.1,0,0,0.1,0,0,0.1,0,0,0.1,0,0,0.1,0
5.3,0,0.1,0,0.147368,0.167385,58912,0,0.1,0,0,0.1,0,0,0.1,0,0,0.1,0,0,0.1,0,0.257143,0.0364784,37872,0,0.1,0,0,0.1,0,0,0.1,0,0,0.1,0,0,0.1,0,0,0.1,0,0,0.1,0
5.4,0,0.1,0,0.16,0.146964,67328,0,0.1,0,0,0.1,0,0,0.1,0,0,0.1,0,0,0.1,0,0.275,0.0326312,46288,0,0.1,0,0,0.1,0,0,0.1,0,0,0.1,0,0,0.1,0,0,0.1,0,0,0.1,0
5.5,0,0.1,0,0.168421,0.146964,67328,0,0.1,0,0,0.1,0,0,0.1,0,0,0.1,0,0,0.1,0,0.266667,0.0306313,50496,0,0.1,0,0,0.1,0,0,0.1,0,0,0.1,0,0,0.1,0,0,0.1,0,0,0.1,0
5.6,0,0.1,0,0.180952,0.125159,79952,0,0.1,0,0,0.1,0,0,0.1,0,0,0.1,0,0,0.1,0,0.311111,0.0302222,58912,0,0.1,0,0,0.1,0,0,0.1,0,0,0.1,0,0,0.1,0,0,0.1,0,0,0.1,0
5.7,0,0.1,0,0.181818,0.119302,84160,0,0.1,0,0,0.1,0,0,0.1,0,0,0.1,0,0,0.1,0,0.28,0.0302222,58912,0,0.1,0,0,0.1,0,0,0.1,0,0,0.1,0,0,0.1,0,0,0.1,0,0,0.1,0
5.8,0,0.1,0,0.2,0.114655,88368,0,0.1,0,0,0.1,0,0,0.1,0,0,0.1,0,0,0.1,0,0.254545,0.0302222,58912,0,0.1,0,0,0.1,0,0,0.1,0,0,0.1,0,0,0.1,0,0,0.1,0,0,0.1,0
5.9,0,0.1,0,0.191304,0.10997,92576,0,0.1,0,0,0.1,0,0,0.1,0,0,0.1,0,0,0.1,0,0.254545,0.0302222,58912,0,0.1,0,0,0.1,0,0,0.1,0,0,0.1,0,0,0.1,0,0,0.1,0,0,0.1,0
6,0,0.1,0,0.208333,0.0998689,105200,0,0.1,0,0,0.1,0,0,0.1,0,0,0.1,0,0,0.1,0,0.266667,0.0307169,67328,0,0.1,0,0,0.1,0,0,0.1,0,0,0.1,0,0,0.1,0,0,0.1,0,0,0.1,0
6.1,0,0.1,0,0.217391,0.0998689,105200,0,0.1,0,0,0.1,0,0,0.1,0,0,0.1,0,0,0.1,0,0.261538,0.0297639,71536,0,0.1,0,0,0.1,0,0,0.1,0,0,0.1,0,0,0.1,0,0,0.1,0,0,0.1,0
6.2,0,0.1,0,0.2,0.0201322,105200,0,0.1,0,0,0.1,0,0,0.1,0,0,0.1,0,0,0.1,0,0.283333,0.0297639,71536,0,0.1,0,0,0.1,0,0,0.1,0,0,0.1,0,0,0.1,0,0,0.1,0,0,0.1,0
6.3,0,0.1,0,0.184615,0.0198652,100992,0,0.1,0,0.00769231,2.09261,4208,0,0.1,0,0,0.1,0,0,0.1,0,0.215385,0.0204975,58912,0,0.1,0,0,0.1,0,0,0.1,0,0,0.1,0,0,0.1,0,0,0.1,0,0,0.1,0
6.4,0,0.1,0,0.183333,0.0142523,92576,0.0285714,0.0430266,8416,0.00833333,2.09261,4208,0,0.1,0,0,0.1,0,0,0.1,0,0.2,0.0215147,54704,0,0.1,0,0,0.1,0,0,0.1,0,0,0.1,0,0,0.1,0,0,0.1,0,0,0.1,0
6.5,0,0.1,0,0.176923,0.0159627,96784,0.05,0.025696,16832,0.00769231,2.09261,4208,0.0133333,0.0628759,4208,0,0.1,0,0,0.1,0,0.233333,0.0240392,58912,0,0.1,0,0,0.1,0,0,0.1,0,0,0.1,0,0,0.1,0,0,0.1,0,0,0.1,0
6.6,0,0.1,0,0.184615,0.0155508,100992,0.0705882,0.023226,25248,0.00769231,2.09261,4208,0.0126582,0.0628759,4208,0,0.1,0,0,0.1,0,0.230769,0.0219935,63120,0,0.1,0,0,0.1,0,0,0.1,0,0,0.1,0,0,0.1,0,0,0.1,0,0,0.1,0
6.7,0,0.1,0,0.2,0.0174819,100992,0.1,0.0256948,33664,0.00833333,2.09261,4208,0.0135135,0.0628759,4208,0,0.1,0,0,0.1,0,0.215385,0.0226425,58912,0,0.1,0,0,0.1,0,0,0.1,0,0,0.1,0,0,0.1,0,0,0.1,0,0,0.1,0
6.8,0,0.1,0,0.184615,0.0174819,100992,0.111111,0.0254263,42080,0.00769231,2.09261,4208,0.0240964,0.0462234,8416,0,0.1,0,0,0.1,0,0.25,0.025064,63120,0,0.1,0,0,0.1,0,0,0.1,0,0,0.1,0,0,0.1,0,0,0.1,0,0,0.1,0
6.9,0,0.1,0,0.153846,0.016757,84160,0.105263,0.0254263,42080,0.00769231,2.09261,4208,0.0344828,0.0394373,12624,0,0.1,0,0,0.1,0,0.230769,0.025064,63120,0,0.1,0,0,0.1,0,0,0.1,0,0,0.1,0,0,0.1,0,0,0.1,0,0,0.1,0
7,0,0.1,0,0.15,0.0176025,75744,0.111111,0.0254263,42080,0.00833333,2.09261,4208,0.0365854,0.0394373,12624,0,0.1,0,0,0.1,0,0.215385,0.0259644,58912,0,0.1,0,0,0.1,0,0,0.1,0,0,0.1,0,0,0.1,0,0,0.1,0,0,0.1,0
7.1,0,0.1,0,0.138462,0.0176025,75744,0.13,0.0242226,54704,0.00769231,2.09261,4208,0.032967,0.0394373,12624,0,0.1,0,0.0116279,0.566499,4208,0.216667,0.0269398,54704,0,0.1,0,0,0.1,0,0,0.1,0,0,0.1,0,0,0.1,0,0,0.1,0,0,0.1,0
7.2,0,0.1,0,0.123077,0.0182041,67328,0.133333,0.0229765,58912,0.00769231,2.09261,4208,0.0421053,0.0394522,16832,0,0.1,0,0.0105263,0.566499,4208,0.2,0.0269398,54704,0,0.1,0,0,0.1,0,0,0.1,0,0,0.1,0,0,0.1,0,0,0.1,0,0,0.1,0
7.3,0,0.1,0,0.133333,0.0224723,67328,0.14,0.0229765,58912,0.00833333,2.09261,4208,0.0444444,0.0394522,16832,0,0.1,0,0.010101,0.566499,4208,0.169231,0.0290527,46288,0,0.1,0,0,0.1,0,0,0.1,0,0,0.1,0,0,0.1,0,0,0.1,0,0,0.1,0
7.4,0,0.1,0,0.130769,0.0221769,71536,0.145455,0.0256601,67328,0.00769231,2.09261,4208,0.0505051,0.0375298,21040,0,0.1,0,0.0212766,0.293768,8416,0.183333,0.031789,46288,0,0.1,0,0,0.1,0,0,0.1,0,0,0.1,0,0,0.1,0,0.0192308,1.23399,8416,0,0.1,0
7.5,0,0.1,0,0.115385,0.0239626,63120,0.13913,0.0256601,67328,0.00769231,2.09261,4208,0.0485437,0.0375298,21040,0,0.1,0,0.0291262,0.204414,12624,0.138462,0.0326827,37872,0,0.1,0,0,0.1,0,0,0.1,0,0,0.1,0,0,0.1,0,0.030303,1.18558,12624,0,0.1,0
7.6,0,0.1,0,0.125,0.0246445,63120,0.145455,0.0256601,67328,0.00833333,2.09261,4208,0.0510204,0.0375298,21040,0,0.1,0,0.0280374,0.204414,12624,0.138462,0.0326827,37872,0,0.1,0,0,0.1,0,0,0.1,0,0,0.1,0,0.0344828,0.0361687,8416,0.0277778,1.18558,12624,0,0.1,0
7.7,0,0.1,0,0.107692,0.0248537,58912,0.166667,0.0254412,84160,0.00769231,2.09261,4208,0.0560748,0.042159,25248,0,0.1,0,0.0294118,0.204414,12624,0.166667,0.032249,42080,0,0.1,0,0,0.1,0,0,0.1,0,0,0.1,0,0.0350877,0.0361687,8416,0.0267857,1.18558,12624,0,0.1,0
7.8,0,0.1,0,0.107692,0.0250378,58912,0.168,0.0249658,88368,0.00769231,2.09261,4208,0.0630631,0.0383117,29456,0,0.1,0,0.036036,0.156688,16832,0.169231,0.0313178,46288,0,0.1,0,0,0.1,0,0,0.1,0,0,0.1,0,0.0384615,0.0361687,8416,0.0280374,1.18558,12624,0,0.1,0
7.9,0,0.1,0,0.0916667,0.0248311,46288,0.183333,0.0254555,92576,0.00833333,2.09261,4208,0.0660377,0.0383117,29456,0,0.1,0,0.0347826,0.156688,16832,0.153846,0.0294627,42080,0,0.1,0,0,0.1,0,0,0.1,0,0,0.1,0,0.0357143,0.0361687,8416,0.0258621,1.18558,12624,0,0.1,0
8,0,0.1,0,0.1,0.0263058,54704,0.2,0.0252344,109408,0.00769231,2.09261,4208,0.0608696,0.0383117,29456,0,0.1,0,0.0363636,0.156688,16832,0.15,0.0311235,37872,0,0.1,0,0,0.1,0,0,0.1,0,0,0.1,0,0.0363636,0.0361687,8416,0.025,1.18558,12624,0,0.1,0
8.1,0,0.1,0,0.1,0.0251227,54704,0.2,0.0252344,109408,0.00769231,2.09261,4208,0.0588235,0.0383117,29456,0,0.1,0,0.0336134,0.156688,16832,0.153846,0.0291324,42080,0,0.1,0,0,0.1,0,0,0.1,0,0,0.1,0,0.06,0.0354061,12624,0.0363636,0.902042,16832,0,0.1,0
8.2,0,0.1,0,0.108333,0.0251227,54704,0.225,0.0253537,113616,0,0.1,0,0.0733945,0.0412532,33664,0,0.1,0,0.0338983,0.156688,16832,0.169231,0.0285105,46288,0,0.1,0,0,0.1,0,0,0.1,0,0,0.1,0,0.0740741,0.0411262,16832,0.0336134,0.902042,16832,0,0.1,0
8.3,0,0.1,0,0.123077,0.02355,67328,0.207692,0.0229605,113616,0,0.1,0,0.0677966,0.0412532,33664,0,0.1,0,0.037037,0.156688,16832,0.183333,0.0285105,46288,0,0.1,0,0,0.1,0,0,0.1,0,0,0.1,0,0.0754717,0.0411262,16832,0.0338983,0.902042,16832,0,0.1,0
8.4,0,0.1,0,0.115385,0.0215472,63120,0.215385,0.0226969,117824,0,0.1,0,0.0598291,0.0381642,29456,0,0.1,0,0.034188,0.156688,16832,0.142857,0.0256758,42080,0,0.1,0,0,0.1,0,0.0185185,0.0440292,8416,0,0.1,0,0.0833333,0.0411262,16832,0.037037,0.902042,16832,0,0.1,0
8.5,0,0.1,0,0.116667,0.0226522,58912,0.233333,0.0237316,117824,0,0.1,0,0.0648148,0.0381642,29456,0,0.1,0,0.034188,0.156688,16832,0.106667,0.0270611,33664,0,0.1,0,0,0.1,0,0.017094,0.0440292,8416,0,0.1,0,0.0769231,0.0411262,16832,0.034188,0.902042,16832,0,0.1,0
8.6,0,0.1,0,0.107692,0.0214715,58912,0.207692,0.0222302,113616,0,0.1,0,0.0598291,0.0381642,29456,0,0.1,0,0.0462963,0.130691,21040,0.114286,0.0270611,33664,0,0.1,0,0,0.1,0,0.017094,0.0440292,8416,0,0.1,0,0.0769231,0.0411262,16832,0.042735,0.725039,21040,0,0.1,0
8.7,0,0.1,0,0.115385,0.0202801,63120,0.2,0.0215521,109408,0,0.1,0,0.0512821,0.0395964,25248,0,0.1,0,0.0512821,0.11063,25248,0.0875,0.0225035,29456,0,0.1,0,0,0.1,0,0.0185185,0.0440292,8416,0,0.1,0,0.0833333,0.0411262,16832,0.0462963,0.725039,21040,0,0.1,0
8.8,0,0.1,0,0.133333,0.0207352,67328,0.216667,0.0215521,109408,0,0.1,0,0.0462963,0.0423427,21040,0,0.1,0,0.0598291,0.0966544,29456,0.0823529,0.0225035,29456,0,0.1,0,0,0.1,0,0.017094,0.0440292,8416,0,0.1,0,0.0769231,0.0411262,16832,0.042735,0.725039,21040,0,0.1,0
8.9,0,0.1,0,0.130769,0.0218722,71536,0.223077,0.0218276,122032,0,0.1,0,0.042735,0.0423427,21040,0,0.1,0,0.0740741,0.0865936,33664,0.075,0.0235131,25248,0,0.1,0,0,0.1,0,0.017094,0.0440292,8416,0,0.1,0,0.0769231,0.0411262,16832,0.042735,0.725039,21040,0,0.1,0
9,0,0.1,0,0.130769,0.0218722,71536,0.2,0.0220142,109408,0,0.1,0,0.042735,0.0423427,21040,0,0.1,0,0.0598291,0.0180357,29456,0.0666667,0.0235131,25248,0,0.1,0,0,0.1,0,0.0185185,0.0440292,8416,0,0.1,0,0.0833333,0.0411262,16832,0.0462963,0.725039,21040,0,0.1,0
9.1,0,0.1,0,0.158333,0.0228569,79952,0.208333,0.0226237,105200,0,0.1,0,0.037037,0.0430542,16832,0,0.1,0,0.0598291,0.0180357,29456,0.0631579,0.0235131,25248,0,0.1,0,0,0.1,0,0.017094,0.0440292,8416,0.017094,0.490875,8416,0.0769231,0.0411262,16832,0.042735,0.725039,21040,0,0.1,0
9.2,0,0.1,0,0.146154,0.0204097,79952,0.223077,0.32178,122032,0,0.1,0,0.034188,0.0430542,16832,0,0.1,0,0.0740741,0.0202924,33664,0.0666667,0.0235131,25248,0,0.1,0,0,0.1,0,0.017094,0.0440292,8416,0.025641,0.332306,12624,0.0769231,0.0411262,16832,0.042735,0.725039,21040,0,0.1,0
9.3,0,0.1,0,0.138462,0.0205741,75744,0.207692,0.342323,113616,0,0.1,0,0.025641,0.0474588,12624,0,0.1,0,0.0683761,0.0201167,33664,0.05,0.0204691,21040,0,0.1,0,0,0.1,0,0.0185185,0.0440292,8416,0.0277778,0.332306,12624,0.0833333,0.0411262,16832,0.0277778,0.38574,12624,0,0.1,0
9.4,0,0.1,0,0.141667,0.021253,71536,0.25,0.315126,126240,0,0.1,0,0.0277778,0.0474588,12624,0,0.1,0,0.0598291,0.0193182,29456,0.047619,0.0204691,21040,0,0.1,0,0,0.1,0,0.017094,0.0440292,8416,0.0512821,0.176537,25248,0.0769231,0.0411262,16832,0.017094,0.0342346,8416,0,0.1,0
9.5,0,0.1,0,0.130769,0.0218505,71536,0.253846,0.288141,138864,0,0.1,0,0.025641,0.0474588,12624,0,0.1,0,0.0648148,0.0193182,29456,0.05,0.0204691,21040,0,0.1,0,0,0.1,0,0.017094,0.0440292,8416,0.0512821,0.176537,25248,0.0384615,0.0460838,8416,0.025641,0.0287231,12624,0.025641,0.833348,12624
9.6,0,0.1,0,0.130769,0.0218505,71536,0.238462,0.304878,130448,0,0.1,0,0.017094,0.0385357,8416,0,0.1,0,0.0598291,0.0193182,29456,0.0363636,0.0185,16832,0,0.1,0,0,0.1,0,0.0185185,0.0440292,8416,0.0740741,0.144361,33664,0.0416667,0.0460838,8416,0.0277778,0.0287231,12624,0.0277778,0.833348,12624
9.7,0,0.1,0,0.158333,0.0222104,79952,0.258333,0.305987,130448,0,0.1,0,0.00925926,0.0618435,4208,0,0.1,0,0.0512821,0.0202864,25248,0.026087,0.0173314,12624,0,0.1,0,0,0.1,0,0.017094,0.0440292,8416,0.0769231,0.129788,37872,0.0384615,0.0460838,8416,0.034188,0.0304329,16832,0.034188,0.625842,16832
9.8,0,0.1,0,0.176923,0.0200412,96784,0.253846,0.289981,138864,0,0.1,0,0.00854701,0.0618435,4208,0,0.1,0,0.0555556,0.0202864,25248,0.0181818,0.016752,8416,0,0.1,0,0,0.1,0,0.017094,0.0440292,8416,0.0769231,0.129788,37872,0.0384615,0.0460838,8416,0.034188,0.0304329,16832,0.042735,0.502739,21040
9.9,0,0.1,0,0.169231,0.0181648,92576,0.223077,0.326665,122032,0,0.1,0,0.00854701,0.0618435,4208,0,0.1,0,0.0512821,0.0202864,25248,0.0166667,0.016752,8416,0,0.1,0,0,0.1,0,0.0185185,0.0440292,8416,0.0925926,0.122768,42080,0.0416667,0.0460838,8416,0.037037,0.0304329,16832,0.0462963,0.502739,21040
10,0,0.1,0,0.183333,0.018528,92576,0.25,0.317222,126240,0,0.1,0,0.00925926,0.0618435,4208,0,0.1,0,0.0512821,0.0202864,25248,0.008,0.0222915,4208,0,0.1,0,0,0.1,0,0.017094,0.0440292,8416,0.0854701,0.122768,42080,0.0192308,0.0582867,4208,0.034188,0.0209973,16832,0.0512821,0.429893,25248
10.1,0,0.1,0,0.192308,0.0176624,105200,0.230769,0.317334,126240,0,0.1,0,0,0.1,0,0,0.1,0,0.0648148,0.0257909,29456,0,0.1,0,0,0.1,0,0,0.1,0,0.017094,0.0440292,8416,0.0940171,0.11881,46288,0,0.1,0,0.034188,0.0209973,16832,0.0512821,0.429893,25248
10.2,0,0.1,0,0.169231,0.0177889,92576,0.223077,0.32774,122032,0,0.1,0,0,0.1,0,0,0.1,0,0.0598291,0.0257909,29456,0,0.1,0,0,0.1,0,0,0.1,0,0.0185185,0.0440292,8416,0.101852,0.11881,46288,0,0.1,0,0.037037,0.0209973,16832,0.0555556,0.429893,25248
10.3,0,0.1,0,0.191667,0.0177221,96784,0.225,0.352075,113616,0,0.1,0,0,0.1,0,0,0.1,0,0.0598291,0.0257909,29456,0,0.1,0,0,0.1,0,0,0.1,0,0,0.1,0,0.102564,0.11414,50496,0,0.1,0,0.042735,0.022464,21040,0.0512821,0.429893,25248
10.4,0,0.1,0,0.192308,0.018069,105200,0.207692,0.35217,113616,0,0.1,0,0,0.1,0,0,0.1,0,0.0648148,0.0257909,29456,0,0.1,0,0,0.1,0,0.00925926,0.0746027,4208,0,0.1,0,0.102564,0.11414,50496,0,0.1,0,0.042735,0.022464,21040,0.0854701,0.264697,42080
10.5,0,0.1,0,0.176923,0.0182126,96784,0.223077,0.332565,122032,0,0.1,0,0,0.1,0,0,0.1,0,0.0512821,0.0256389,25248,0,0.1,0,0,0.1,0,0.00854701,0.0746027,4208,0,0.1,0,0.12037,0.11017,54704,0,0.1,0,0.037037,0.0238233,16832,0.0925926,0.264697,42080
10.6,0,0.1,0,0.2,0.0189997,100992,0.233333,0.344126,117824,0,0.1,0,0,0.1,0,0,0.1,0,0.0512821,0.0385647,25248,0,0.1,0,0,0.1,0,0.00854701,0.0746027,4208,0,0.1,0,0.111111,0.11017,54704,0,0.1,0,0.034188,0.0238233,16832,0.0940171,0.243647,46288
10.7,0,0.1,0,0.192308,0.0180856,105200,0.230769,0.321616,126240,0,0.1,0,0,0.1,0,0,0.1,0,0.0462963,0.043718,21040,0,0.1,0,0,0.1,0,0.00925926,0.0746027,4208,0,0.1,0,0.111111,0.11017,54704,0,0.1,0,0.042735,0.0209603,21040,0.111111,0.209157,54704
10.8,0,0.1,0,0.192308,0.019501,105200,0.238462,0.315544,130448,0,0.1,0,0,0.1,0,0,0.1,0,0.034188,0.0506055,16832,0.0153846,0.0278836,8416,0,0.1,0,0.00854701,0.0746027,4208,0,0.1,0,0.12037,0.11017,54704,0,0.1,0,0.0462963,0.0209603,21040,0.12037,0.209157,54704
10.9,0,0.1,0,0.208333,0.019501,105200,0.275,0.298593,138864,0,0.1,0,0,0.1,0,0,0.1,0,0.042735,0.0621614,21040,0.0230769,0.0237374,12624,0,0.1,0,0.017094,0.0447449,8416,0,0.1,0,0.128205,0.102406,63120,0,0.1,0,0.042735,0.0209603,21040,0.111111,0.209157,54704
11,0,0.1,0,0.184615,0.0188471,100992,0.276923,0.276585,151488,0,0.1,0,0,0.1,0,0,0.1,0,0.0555556,0.0612767,25248,0.0333333,0.038814,16832,0,0.1,0,0.0185185,0.0447449,8416,0,0.1,0,0.119658,0.0400235,58912,0,0.1,0,0.042735,0.0209603,21040,0.128205,0.183666,63120
11.1,0,0.1,0,0.169231,0.0192044,92576,0.253846,0.0395817,138864,0,0.1,0,0,0.1,0,0,0.1,0,0.042735,0.066314,21040,0.0461538,0.038069,25248,0,0.1,0,0.017094,0.0447449,8416,0,0.1,0,0.12963,0.0410818,58912,0,0.1,0,0.0462963,0.0209603,21040,0.138889,0.183666,63120
11.2,0,0.1,0,0.183333,0.0192044,92576,0.291667,0.0408545,147280,0,0.1,0,0,0.1,0,0,0.1,0,0.034188,0.0779847,16832,0.0538462,0.0346183,29456,0,0.1,0,0.017094,0.0447449,8416,0,0.1,0,0.119658,0.0410818,58912,0,0.1,0,0.042735,0.0209603,21040,0.136752,0.17418,67328
11.3,0,0.1,0,0.176923,0.0187412,96784,0.284615,0.0399412,155696,0,0.1,0,0,0.1,0,0,0.1,0,0.037037,0.0779847,16832,0.0583333,0.0346183,29456,0,0.1,0,0.0277778,0.0632733,12624,0,0.1,0,0.111111,0.0521511,54704,0,0.1,0,0.042735,0.0209603,21040,0.136752,0.17418,67328
11.4,0,0.1,0,0.169231,0.0183023,92576,0.284615,0.0395111,155696,0,0.1,0,0,0.1,0,0,0.1,0,0.034188,0.0779847,16832,0.0538462,0.0346183,29456,0,0.1,0,0.034188,0.0603932,16832,0,0.1,0,0.12963,0.0533202,58912,0,0.1,0,0.037037,0.0217753,16832,0.12037,0.0220648,54704
11.5,0,0.1,0,0.2,0.0196608,100992,0.316667,0.0417308,159904,0,0.1,0,0,0.1,0,0,0.1,0,0.034188,0.0779847,16832,0.0538462,0.0346183,29456,0,0.1,0,0.034188,0.0603932,16832,0,0.1,0,0.119658,0.0484091,58912,0,0.1,0,0.034188,0.0217753,16832,0.119658,0.023661,58912
11.6,0,0.1,0,0.161538,0.0193884,88368,0.323077,0.0388224,176736,0,0.1,0,0,0.1,0,0,0.1,0,0.037037,0.0779847,16832,0.0583333,0.0346183,29456,0,0.1,0,0.037037,0.0603932,16832,0,0.1,0,0.110169,0.0511174,54704,0,0.1,0,0.0254237,0.0171797,12624,0.127119,0.0250199,63120
11.7,0,0.1,0,0.138462,0.0211804,75744,0.323077,0.0368606,176736,0,0.1,0,0,0.1,0,0,0.1,0,0.0338983,0.0779847,16832,0.0692308,0.0350407,37872,0,0.1,0,0.0508475,0.0631212,25248,0,0.1,0,0.146789,0.0527062,67328,0,0.1,0,0.0275229,0.0171797,12624,0.12844,0.0260693,58912
11.8,0,0.1,0,0.15,0.02177,75744,0.35,0.0368606,176736,0,0.1,0,0,0.1,0,0,0.1,0,0.0336134,0.0779847,16832,0.0692308,0.0350407,37872,0,0.1,0,0.0504202,0.0631212,25248,0,0.1,0,0.12605,0.0522472,63120,0,0.1,0,0.0252101,0.0171797,12624,0.12605,0.0255347,63120
11.9,0,0.1,0,0.138462,0.0239919,75744,0.330769,0.0378935,180944,0,0.1,0,0,0.1,0,0,0.1,0,0.0454545,0.0727087,21040,0.075,0.0350407,37872,0,0.1,0,0.0636364,0.0638113,29456,0,0.1,0,0.141667,0.0544756,71536,0,0.1,0,0.0166667,0.0189196,8416,0.133333,0.0233599,67328
12,0,0.1,0,0.130769,0.0283919,71536,0.353846,0.039559,193568,0,0.1,0,0,0.1,0,0,0.1,0,0.0416667,0.0710687,21040,0.0846154,0.0332206,46288,0,0.1,0,0.0583333,0.0638113,29456,0,0.1,0,0.18018,0.0558202,84160,0,0.1,0,0.018018,0.0189196,8416,0.144144,0.0233599,67328
12.1,0,0.1,0,0.15,0.02822,75744,0.375,0.0403078,189360,0,0.1,0,0,0.1,0,0,0.1,0,0.0413223,0.0710687,21040,0.0923077,0.0307873,50496,0,0.1,0,0.0578512,0.0638113,29456,0,0.1,0,0.173554,0.0552092,88368,0,0.1,0,0.0165289,0.0189196,8416,0.140496,0.0250297,71536
12.2,0,0.1,0,0.138462,0.0297178,75744,0.353846,0.0397559,193568,0,0.1,0,0,0.1,0,0,0.1,0,0.0535714,0.0702252,25248,0.108333,0.0306899,54704,0,0.1,0,0.0625,0.0638113,29456,0,0.1,0,0.188525,0.0556473,96784,0,0.1,0,0.00892857,0.00950828,4208,0.139344,0.0250297,71536
12.3,0,0.1,0,0.123077,0.0306751,67328,0.338462,0.0400148,185152,0,0.1,0,0,0.1,0,0,0.1,0,0.0491803,0.0702252,25248,0.1,0.0306899,54704,0,0.1,0,0.057377,0.0581726,29456,0,0.1,0,0.221239,0.0551342,105200,0,0.1,0,0.00970874,0.00950828,4208,0.115044,0.0275305,54704
12.4,0,0.1,0,0.141667,0.0310892,71536,0.358333,0.0404233,180944,0,0.1,0,0,0.1,0,0,0.1,0,0.0487805,0.0702252,25248,0.1,0.0306899,54704,0,0.1,0,0.0650407,0.0540129,33664,0,0.1,0,0.195122,0.0548264,100992,0,0.1,0,0.00970874,0.00950828,4208,0.121951,0.0251774,63120
12.5,0,0.1,0,0.115385,0.0325208,63120,0.330769,0.0404233,180944,0,0.1,0,0,0.1,0,0,0.1,0,0.0526316,0.0953485,25248,0.108333,0.0306899,54704,0,0.1,0,0.0701754,0.0540129,33664,0,0.1,0,0.209677,0.0562111,109408,0,0.1,0,0.0106383,0.00950828,4208,0.129032,0.0235706,67328
12.6,0,0.1,0,0.1,0.0357003,54704,0.315385,0.0420796,172528,0,0.1,0,0,0.1,0,0,0.1,0,0.0564516,0.089087,29456,0.1,0.0306899,54704,0,0.1,0,0.0645161,0.0540129,33664,0,0.1,0,0.243478,0.0566804,117824,0,0.1,0,0,0.1,0,0.121739,0.024158,58912
12.7,0,0.1,0,0.1,0.0323878,50496,0.316667,0.0425719,159904,0,0.1,0,0,0.1,0,0,0.1,0,0.056,0.089087,29456,0.0846154,0.0312001,46288,0,0.1,0,0.064,0.0540129,33664,0,0.1,0,0.232,0.0567951,122032,0,0.1,0,0,0.1,0,0.128,0.0235284,67328
12.8,0,0.1,0,0.0923077,0.0323878,50496,0.307692,0.042334,168320,0,0.1,0,0,0.1,0,0,0.1,0,0.0603448,0.0857842,29456,0.0833333,0.0327756,42080,0,0.1,0,0.0603448,0.0596023,29456,0,0.1,0,0.214286,0.0571547,113616,0,0.1,0,0,0.1,0,0.142857,0.0246831,75744
12.9,0,0.1,0,0.0846154,0.0328541,46288,0.284615,0.0429694,155696,0,0.1,0,0,0.1,0,0,0.1,0,0.047619,0.090606,25248,0.0692308,0.0270791,37872,0,0.1,0,0.0555556,0.0596023,29456,0,0.1,0,0.247863,0.0588287,122032,0,0.1,0,0,0.1,0,0.145299,0.0280617,71536
13,0,0.1,0,0.0916667,0.0328541,46288,0.3,0.0409646,151488,0,0.1,0,0,0.1,0,0,0.1,0,0.0472441,0.090606,25248,0.0538462,0.0243649,29456,0,0.1,0,0.0551181,0.0596023,29456,0,0.1,0,0.23622,0.0581365,126240,0,0.1,0,0,0.1,0,0.141732,0.0282169,75744
13.1,0,0.1,0,0.0846154,0.0328541,46288,0.276923,0.0391131,151488,0,0.1,0,0,0.1,0,0,0.1,0,0.059322,0.0911752,29456,0.0583333,0.0296168,29456,0,0.1,0,0.059322,0.0596023,29456,0,0.1,0,0.234375,0.0581365,126240,0,0.1,0,0,0.1,0,0.132812,0.0280004,71536
13.2,0,0.1,0,0.0769231,0.0352845,42080,0.238462,0.0370677,130448,0,0.1,0,0,0.1,0,0,0.1,0,0.0546875,0.0911752,29456,0.0615385,0.029727,33664,0,0.1,0,0.046875,0.0528143,25248,0,0.1,0,0.235294,0.0563918,117824,0,0.1,0,0,0.1,0,0.159664,0.0335203,79952
13.3,0,0.1,0,0.0833333,0.0352845,42080,0.266667,0.0412183,134656,0,0.1,0,0,0.1,0,0,0.1,0,0.0542636,0.0911752,29456,0.0615385,0.029727,33664,0,0.1,0,0.0387597,0.0530266,21040,0,0.1,0,0.217054,0.054784,117824,0,0.1,0,0,0.1,0,0.147287,0.0335203,79952
13.4,0,0.1,0,0.0615385,0.0354546,33664,0.261538,0.0407678,143072,0,0.1,0,0,0.1,0,0,0.1,0,0.0666667,0.0883072,33664,0.075,0.0305989,37872,0,0.1,0,0.0416667,0.0530266,21040,0,0.1,0,0.207692,0.0583747,113616,0,0.1,0,0,0.1,0,0.138462,0.0329153,75744
13.5,0,0.1,0,0.0615385,0.0354546,33664,0.238462,0.0450753,130448,0,0.1,0,0,0.1,0,0,0.1,0,0.0615385,0.0883072,33664,0.0769231,0.0315626,42080,0,0.1,0,0.0384615,0.0530266,21040,0,0.1,0,0.241667,0.0605287,122032,0,0.1,0,0,0.1,0,0.133333,0.0340691,67328
13.6,0,0.1,0,0.0583333,0.0386569,29456,0.275,0.0487692,138864,0,0.1,0,0,0.1,0,0,0.1,0,0.0615385,0.0883072,33664,0.0615385,0.0303236,33664,0,0.1,0,0.0230769,0.0426595,12624,0,0.1,0,0.2,0.0606369,109408,0,0.1,0,0,0.1,0,0.130769,0.034597,71536
13.7,0,0.1,0,0.0461538,0.0420787,25248,0.269231,0.0489363,147280,0,0.1,0,0,0.1,0,0,0.1,0,0.0833333,0.105312,42080,0.075,0.0321009,37872,0,0.1,0,0.025,0.0426595,12624,0,0.1,0,0.207692,0.0628346,113616,0,0.1,0,0,0.1,0,0.130769,0.0358905,71536
13.8,0,0.1,0,0.0384615,0.0381956,21040,0.276923,0.0477929,151488,0,0.1,0,0,0.1,0,0,0.1,0,0.0846154,0.112055,46288,0.0769231,0.0312207,42080,0,0.1,0,0.0153846,0.0300134,8416,0,0.1,0,0.216667,0.0629646,109408,0,0.1,0,0,0.1,0,0.125,0.036916,63120
13.9,0,0.1,0,0.025,0.0354083,12624,0.283333,0.0480572,143072,0,0.1,0,0,0.1,0,0,0.1,0,0.0769231,0.118199,42080,0.0615385,0.0327683,33664,0,0.1,0,0.0153846,0.0300134,8416,0,0.1,0,0.2,0.055773,109408,0,0.1,0,0,0.1,0,0.115385,0.036916,63120
14,0,0.1,0,0.0153846,0.0404637,8416,0.284615,0.0463445,155696,0,0.1,0,0,0.1,0,0,0.1,0,0.0833333,0.118199,42080,0.0583333,0.0368751,29456,0,0.1,0,0.0166667,0.0300134,8416,0,0.1,0,0.2,0.0567484,109408,0,0.1,0,0,0.1,0,0.107692,0.0358567,58912
14.1,0,0.1,0,0.00769231,0.0377137,4208,0.276923,0.0465728,151488,0,0.1,0,0,0.1,0,0,0.1,0,0.0692308,0.123998,37872,0.0461538,0.0381009,25248,0,0.1,0,0.0153846,0.0300134,8416,0,0.1,0,0.225,0.0538311,113616,0,0.1,0,0,0.1,0,0.125,0.0386768,63120
14.2,0,0.1,0,0.00833333,0.0377137,4208,0.308333,0.0476351,155696,0,0.1,0,0,0.1,0,0,0.1,0,0.0692308,0.123998,37872,0.0461538,0.0381009,25248,0,0.1,0,0.00769231,0.024895,4208,0,0.1,0,0.2,0.0532779,109408,0,0.1,0,0,0.1,0,0.115385,0.0386768,63120
14.3,0,0.1,0,0,0.1,0,0.292308,0.0478183,159904,0.0192308,0.0329662,8416,0,0.1,0,0,0.1,0,0.075,0.123998,37872,0.075,0.0375051,37872,0,0.1,0,0,0.1,0,0,0.1,0,0.215385,0.0577087,117824,0,0.1,0,0,0.1,0,0.1,0.0431067,54704
14.4,0,0.1,0,0,0.1,0,0.3,0.0470413,164112,0.0192308,0.0329662,8416,0,0.1,0,0,0.1,0,0.0692308,0.127525,37872,0.0692308,0.0375051,37872,0,0.1,0,0,0.1,0,0,0.1,0,0.241667,0.0594006,122032,0,0.1,0,0,0.1,0,0.0916667,0.0479786,46288
14.5,0,0.1,0,0,0.1,0,0.341667,0.0473725,172528,0.0208333,0.0329662,8416,0,0.1,0,0,0.1,0,0.0692308,0.131247,37872,0.0769231,0.0445314,42080,0,0.1,0,0,0.1,0,0,0.1,0,0.230769,0.0545715,126240,0,0.1,0,0,0.1,0,0.0846154,0.0479786,46288
14.6,0,0.1,0,0,0.1,0,0.330769,0.045514,180944,0.0192308,0.0329662,8416,0,0.1,0,0,0.1,0,0.075,0.131247,37872,0.0833333,0.0445314,42080,0,0.1,0,0,0.1,0,0,0.1,0,0.223077,0.0543841,122032,0,0.1,0,0,0.1,0,0.0692308,0.0543914,37872
14.7,0,0.1,0,0,0.1,0,0.3,0.046404,164112,0.0192308,0.0329662,8416,0,0.1,0,0,0.1,0,0.0615385,0.136994,33664,0.0769231,0.0445314,42080,0,0.1,0,0,0.1,0,0,0.1,0,0.25,0.0532904,126240,0,0.1,0,0,0.1,0,0.0583333,0.0602401,29456
14.8,0,0.1,0,0,0.1,0,0.333333,0.0467034,168320,0.0208333,0.0329662,8416,0,0.1,0,0,0.1,0,0.0615385,0.136994,33664,0.0769231,0.0445314,42080,0,0.1,0,0,0.1,0,0,0.1,0,0.230769,0.0498192,126240,0,0.1,0,0,0.1,0,0.0461538,0.0588293,25248
14.9,0,0.1,0,0,0.1,0,0.323077,0.0478267,176736,0.0192308,0.0329662,8416,0,0.1,0,0,0.1,0,0.0666667,0.136994,33664,0.0833333,0.0445314,42080,0,0.1,0,0,0.1,0,0,0.1,0,0.215385,0.0509475,117824,0,0.1,0,0,0.1,0,0.0384615,0.0644241,21040
15,0,0.1,0,0,0.1,0,0.346154,0.0465253,189360,0.0192308,0.0329662,8416,0,0.1,0,0,0.1,0,0.0615385,0.128334,33664,0.0692308,0.0438484,37872,0,0.1,0,0,0.1,0,0,0.1,0,0.25,0.0491958,126240,0,0.1,0,0,0.1,0,0.0416667,0.0644241,21040
15.1,0,0.1,0,0,0.1,0,0.383333,0.0465655,193568,0.0208333,0.0329662,8416,0,0.1,0,0,0.1,0,0.0615385,0.128334,33664,0.0615385,0.0455173,33664,0,0.1,0,0,0.1,0,0,0.1,0,0.230769,0.0491958,126240,0,0.1,0,0,0.1,0,0.0230769,0.0537468,12624
15.2,0,0.1,0,0,0.1,0,0.353846,0.0451525,193568,0.0192308,0.0329662,8416,0,0.1,0,0,0.1,0,0.0666667,0.128334,33664,0.0666667,0.0455173,33664,0,0.1,0,0,0.1,0,0,0.1,0,0.223077,0.0500819,122032,0,0.1,0,0,0.1,0,0.0230769,0.0537468,12624
15.3,0,0.1,0,0,0.1,0,0.315385,0.0450047,172528,0.0192308,0.0329662,8416,0,0.1,0,0,0.1,0,0.0615385,0.127489,33664,0.0538462,0.046652,29456,0,0.1,0,0,0.1,0,0,0.1,0,0.241667,0.0482132,122032,0,0.1,0,0,0.1,0,0.025,0.0537468,12624
15.4,0,0.1,0,0,0.1,0,0.341667,0.0451223,172528,0.0208333,0.0329662,8416,0,0.1,0,0,0.1,0,0.0615385,0.127489,33664,0.0461538,0.0477212,25248,0,0.1,0,0,0.1,0,0,0.1,0,0.207692,0.045147,113616,0,0.1,0,0,0.1,0,0.0230769,0.0537468,12624
15.5,0,0.1,0,0,0.1,0,0.292308,0.0440892,159904,0.0192308,0.0329662,8416,0,0.1,0,0,0.1,0,0.075,0.118589,37872,0.05,0.0477212,25248,0,0.1,0,0,0.1,0,0,0.1,0,0.207692,0.045147,113616,0,0.1,0,0,0.1,0,0.0153846,0.0590989,8416
15.6,0,0.1,0,0,0.1,0,0.292308,0.0420244,159904,0.0192308,0.0329662,8416,0,0.1,0,0,0.1,0,0.0615385,0.108544,33664,0.0384615,0.0480015,21040,0,0.1,0,0,0.1,0,0,0.1,0,0.225,0.0412631,113616,0,0.1,0,0,0.1,0,0.00833333,0.078158,4208
15.7,0,0.1,0,0,0.1,0,0.308333,0.043493,155696,0.0208333,0.0329662,8416,0,0.1,0,0,0.1,0,0.0461538,0.106211,25248,0.0307692,0.0541771,16832,0,0.1,0,0,0.1,0,0,0.1,0,0.2,0.0396609,109408,0,0.1,0,0,0.1,0,0.00769231,0.078158,4208
15.8,0,0.1,0,0,0.1,0,0.284615,0.0422905,155696,0.0192308,0.0329662,8416,0,0.1,0,0,0.1,0,0.0666667,0.0946254,33664,0.0333333,0.0541771,16832,0,0.1,0,0,0.1,0,0,0.1,0,0.176923,0.0415026,96784,0,0.1,0,0,0.1,0,0.00769231,0.078158,4208
15.9,0,0.1,0,0,0.1,0,0.276923,0.0420595,151488,0.0192308,0.0329662,8416,0,0.1,0,0,0.1,0,0.0615385,0.0946254,33664,0.0307692,0.0541771,16832,0,0.1,0,0,0.1,0,0,0.1,0,0.2,0.0393369,100992,0,0.1,0,0,0.1,0,0.00833333,0.078158,4208
16,0,0.1,0,0,0.1,0,0.3,0.0433688,151488,0.0208333,0.0329662,8416,0,0.1,0,0,0.1,0,0.0615385,0.0946254,33664,0.0307692,0.0541771,16832,0,0.1,0,0,0.1,0,0,0.1,0,0.184615,0.036849,100992,0,0.1,0,0,0.1,0,0,0.1,0
16.1,0,0.1,0,0,0.1,0,0.284615,0.0425004,155696,0.0192308,0.0329662,8416,0,0.1,0,0,0.1,0,0.0666667,0.0946254,33664,0.0333333,0.0541771,16832,0,0.1,0,0,0.1,0,0,0.1,0,0.184615,0.0358731,100992,0,0.1,0,0,0.1,0,0,0.1,0
16.2,0,0.1,0,0,0.1,0,0.284615,0.0477187,155696,0,0.1,0,0,0.1,0,0,0.1,0,0.0615385,0.0946254,33664,0.00769231,0.107768,4208,0,0.1,0,0,0.1,0,0,0.1,0,0.191667,0.0282731,96784,0,0.1,0,0,0.1,0,0,0.1,0
16.3,0,0.1,0,0,0.1,0,0.333333,0.0507895,168320,0,0.1,0,0,0.1,0,0,0.1,0,0.0538462,0.0695196,29456,0.00769231,0.107768,4208,0,0.1,0,0,0.1,0,0,0.1,0,0.161538,0.0214668,88368,0,0.1,0,0,0.1,0,0,0.1,0
16.4,0,0.1,0,0,0.1,0,0.315385,0.054021,172528,0,0.1,0,0,0.1,0,0.0104167,0.0399462,4208,0.05,0.0669367,25248,0,0.1,0,0,0.1,0,0,0.1,0,0,0.1,0,0.138462,0.0228173,75744,0,0.1,0,0,0.1,0,0,0.1,0
16.5,0,0.1,0,0,0.1,0,0.307692,0.0547669,168320,0,0.1,0,0,0.1,0,0.00961538,0.0399462,4208,0.0538462,0.0598925,29456,0,0.1,0,0,0.1,0,0,0.1,0,0,0.1,0,0.166667,0.0251681,84160,0,0.1,0,0,0.1,0,0,0.1,0
16.6,0,0.1,0,0,0.1,0,0.333333,0.0547669,168320,0.0104167,0.0378519,4208,0,0.1,0,0.00943396,0.0399462,4208,0.0538462,0.0598925,29456,0,0.1,0,0,0.1,0,0,0.1,0,0,0.1,0,0.153846,0.0250733,84160,0,0.1,0,0,0.1,0,0,0.1,0
16.7,0.00952381,0.0254987,4208,0,0.1,0,0.3,0.0546742,164112,0.00952381,0.0378519,4208,0,0.1,0,0.0306122,0.0208689,12624,0.0666667,0.0625504,33664,0,0.1,0,0,0.1,0,0,0.1,0,0,0.1,0,0.130769,0.0256916,71536,0,0.1,0,0,0.1,0,0,0.1,0
16.8,0.00943396,0.0254987,4208,0,0.1,0,0.284615,0.0538301,155696,0.00943396,0.0378519,4208,0,0.1,0,0.037037,0.0182184,16832,0.0615385,0.0625504,33664,0,0.1,0,0,0.1,0,0,0.1,0,0,0.1,0,0.141667,0.0256916,71536,0,0.1,0,0,0.1,0,0,0.1,0
16.9,0.0102041,0.0254987,4208,0,0.1,0,0.3,0.0580268,151488,0.0204082,0.0540356,8416,0,0.1,0,0.0363636,0.0182184,16832,0.0538462,0.0678703,29456,0,0.1,0,0,0.1,0,0,0.1,0,0,0.1,0,0.123077,0.0254069,67328,0,0.1,0,0,0.1,0,0,0.1,0
17,0.00934579,0.0254987,4208,0,0.1,0,0.315385,0.056136,172528,0.0186916,0.0540356,8416,0,0.1,0,0.0392157,0.0182184,16832,0.0583333,0.0678703,29456,0,0.1,0,0,0.1,0,0,0.1,0,0,0.1,0,0.123077,0.0254069,67328,0,0.1,0,0,0.1,0,0,0.1,0
17.1,0.00925926,0.0254987,4208,0,0.1,0,0.292308,0.0569861,159904,0.0185185,0.0540356,8416,0,0.1,0,0.0446429,0.0180463,21040,0.0538462,0.0678703,29456,0,0.1,0,0,0.1,0,0,0.1,0,0,0.1,0,0.141667,0.0248363,71536,0,0.1,0,0,0.1,0,0,0.1,0
17.2,0.01,0.0254987,4208,0,0.1,0,0.341667,0.0580458,172528,0.02,0.0540356,8416,0,0.1,0,0.0438596,0.0180463,21040,0.0461538,0.0689372,25248,0,0.1,0,0,0.1,0,0,0.1,0,0,0.1,0,0.130769,0.0240982,71536,0,0.1,0,0,0.1,0,0,0.1,0
17.3,0.00917431,0.0254987,4208,0,0.1,0,0.315385,0.0576576,172528,0.0183486,0.0540356,8416,0,0.1,0,0.0471698,0.0180463,21040,0.05,0.0689372,25248,0,0.1,0,0,0.1,0,0,0.1,0,0,0.1,0,0.146154,0.0226917,79952,0,0.1,0,0,0.1,0,0,0.1,0
17.4,0.00909091,0.0254987,4208,0,0.1,0,0.330769,0.0592373,180944,0.0181818,0.0540356,8416,0,0.1,0,0.0431034,0.0180463,21040,0.0384615,0.0732472,21040,0,0.1,0,0,0.1,0,0.0119048,0.031914,4208,0,0.1,0,0.158333,0.0226917,79952,0,0.1,0,0,0.1,0,0,0.1,0
17.5,0.0196078,0.032756,8416,0,0.1,0,0.358333,0.061176,180944,0.0196078,0.0540356,8416,0,0.1,0,0.0423729,0.0180463,21040,0.0307692,0.05463,16832,0,0.1,0,0,0.1,0,0.0128205,0.031914,4208,0,0.1,0,0.138462,0.0231128,75744,0,0.1,0,0,0.1,0,0,0.1,0
17.6,0.018018,0.032756,8416,0,0.1,0,0.330769,0.0606392,180944,0.018018,0.0540356,8416,0,0.1,0,0.0636364,0.019973,29456,0.0333333,0.05463,16832,0,0.1,0,0,0.1,0,0.0147059,0.031914,4208,0,0.1,0,0.146154,0.0220278,79952,0,0.1,0,0,0.1,0,0,0.1,0
17.7,0.0178571,0.032756,8416,0,0.1,0,0.338462,0.0633555,185152,0.0178571,0.0540356,8416,0,0.1,0,0.0666667,0.0235045,33664,0.0153846,0.0493916,8416,0,0.1,0,0,0.1,0,0.0138889,0.031914,4208,0,0.1,0,0.166667,0.0248996,84160,0,0.1,0,0,0.1,0,0,0.1,0
17.8,0.0192308,0.032756,8416,0,0.1,0,0.375,0.0665035,189360,0.0192308,0.0540356,8416,0,0.1,0,0.0655738,0.0235045,33664,0.0153846,0.0493916,8416,0,0.1,0,0,0.1,0,0.0151515,0.031914,4208,0,0.1,0,0.153846,0.0243642,84160,0,0.1,0,0,0.1,0,0,0.1,0
17.9,0.0176991,0.032756,8416,0,0.1,0,0.361538,0.0647633,197776,0.0176991,0.0540356,8416,0,0.1,0,0.0701754,0.0235045,33664,0.0166667,0.0493916,8416,0,0.1,0,0,0.1,0,0.0357143,0.0550094,8416,0,0.1,0,0.123077,0.0241088,67328,0,0.1,0,0,0.1,0,0,0.1,0
18,0.0175439,0.032756,8416,0,0.1,0,0.361538,0.0645319,197776,0.0175439,0.0540356,8416,0,0.1,0,0.0645161,0.0235045,33664,0.0153846,0.0493916,8416,0,0.1,0,0,0.1,0,0.0333333,0.0550094,8416,0,0.1,0,0.125,0.0252606,63120,0,0.1,0,0,0.1,0,0,0.1,0
18.1,0.0188679,0.032756,8416,0,0.1,0,0.383333,0.0611539,193568,0.0283019,0.0593708,12624,0,0.1,0,0.0634921,0.0235045,33664,0.0153846,0.0493916,8416,0,0.1,0,0,0.1,0,0.037037,0.0550094,8416,0,0.1,0,0.107692,0.0256403,58912,0,0.1,0,0,0.1,0,0.00840336,0.152394,4208
18.2,0.0173913,0.032756,8416,0,0.1,0,0.330769,0.0624023,180944,0.026087,0.0593708,12624,0,0.1,0,0.0847458,0.0225384,42080,0.0166667,0.0493916,8416,0,0.1,0,0,0.1,0,0.0408163,0.0550094,8416,0,0.1,0,0.107692,0.0262422,58912,0,0.1,0,0,0.1,0,0.00847458,0.152394,4208
18.3,0.0172414,0.032756,8416,0,0.1,0,0.307692,0.0598088,168320,0.0258621,0.0593708,12624,0,0.1,0,0.0703125,0.0206042,37872,0.0153846,0.0493916,8416,0,0.1,0,0,0.1,0,0.0377358,0.0550094,8416,0,0.1,0,0.133333,0.0281557,67328,0,0.1,0,0,0.1,0,0.00925926,0.152394,4208
18.4,0.0185185,0.032756,8416,0,0.1,0,0.35,0.0608207,176736,0.0277778,0.0593708,12624,0,0.1,0,0.0769231,0.0189215,42080,0.00769231,0.0811559,4208,0,0.1,0,0,0.1,0,0.0350877,0.0550094,8416,0,0.1,0,0.115385,0.0261041,63120,0,0.1,0,0,0.1,0,0.00854701,0.152394,4208
18.5,0.017094,0.032756,8416,0,0.1,0,0.330769,0.0603885,180944,0.017094,0.0701302,8416,0,0.1,0,0.0833333,0.0189215,42080,0.00833333,0.0811559,4208,0,0.1,0,0,0.1,0,0.0377358,0.0550094,8416,0,0.1,0,0.107692,0.0265633,58912,0,0.1,0,0,0.1,0,0.00854701,0.152394,4208
18.6,0.00854701,0.0400133,4208,0,0.1,0,0.361538,0.0597726,197776,0.017094,0.0701302,8416,0,0.1,0,0.0769231,0.0202334,42080,0.00833333,0.207315,4208,0,0.1,0,0,0.1,0,0.0322581,0.0550094,8416,0,0.1,0,0.133333,0.027247,67328,0,0.1,0,0,0.1,0,0.00925926,0.152394,4208
18.7,0.00925926,0.0400133,4208,0,0.1,0,0.4,0.0591987,201984,0.0185185,0.0701302,8416,0,0.1,0,0.0692308,0.0213407,37872,0.00909091,0.207315,4208,0,0.1,0,0,0.1,0,0.0298507,0.0550094,8416,0,0.1,0,0.130769,0.0269956,71536,0.00854701,0.0730421,4208,0,0.1,0,0.00884956,0.152394,4208
18.8,0.00854701,0.0400133,4208,0,0.1,0,0.346154,0.0587833,189360,0.00854701,0.0700411,4208,0,0.1,0,0.075,0.0213407,37872,0.01,0.207315,4208,0,0.1,0,0,0.1,0,0.031746,0.0550094,8416,0,0.1,0,0.123077,0.0274893,67328,0.00854701,0.0730421,4208,0.0222222,0.0070542,4208,0.00917431,0.152394,4208
18.9,0.00854701,0.0400133,4208,0,0.1,0,0.3,0.0611351,164112,0.00854701,0.0700411,4208,0,0.1,0,0.0846154,0.0243407,46288,0.01,0.207315,4208,0,0.1,0,0,0.1,0,0.0277778,0.0550094,8416,0,0.1,0,0.133333,0.0274893,67328,0.00925926,0.0730421,4208,0.0222222,0.0070542,4208,0.01,0.152394,4208
19,0.00925926,0.0400133,4208,0,0.1,0,0.325,0.0622707,164112,0.00925926,0.0700411,4208,0,0.1,0,0.0769231,0.025039,42080,0.0111111,0.207315,4208,0,0.1,0,0,0.1,0,0.025974,0.0550094,8416,0,0.1,0,0.130769,0.0281333,71536,0.00854701,0.0730421,4208,0.0185185,0.0070542,4208,0.00952381,0.152394,4208
19.1,0.00854701,0.0400133,4208,0,0.1,0,0.276923,0.0615042,151488,0.00854701,0.0700411,4208,0,0.1,0,0.0916667,0.0235672,46288,0.0125,0.207315,4208,0,0.1,0,0,0.1,0,0.0273973,0.0550094,8416,0,0.1,0,0.123077,0.0297453,67328,0.00854701,0.0730421,4208,0.015873,0.0070542,4208,0.00990099,0.152394,4208
19.2,0.00854701,0.0400133,4208,0,0.1,0,0.276923,0.0619592,151488,0.00854701,0.0700411,4208,0,0.1,0,0.0846154,0.0235672,46288,0.0125,0.207315,4208,0,0.1,0,0,0.1,0,0.0243902,0.0550094,8416,0,0.1,0,0.125,0.0324694,63120,0.00925926,0.0730421,4208,0.031746,0.0469621,8416,0.0108696,0.152394,4208
19.3,0.00925926,0.0400133,4208,0,0.1,0,0.266667,0.0616484,134656,0.00925926,0.0700411,4208,0,0.1,0,0.0846154,0.0235672,46288,0.0142857,0.207315,4208,0,0.1,0,0,0.1,0,0.0114943,0.0781047,4208,0,0.1,0,0.138462,0.0295972,75744,0.00854701,0.0730421,4208,0.0277778,0.0469621,8416,0.0103093,0.152394,4208
19.4,0,0.1,0,0,0.1,0,0.246154,0.0590677,134656,0.00854701,0.0700411,4208,0,0.1,0,0.0916667,0.0235672,46288,0.0166667,0.207315,4208,0,0.1,0,0,0.1,0,0.0120482,0.0781047,4208,0,0.1,0,0.146154,0.0283652,79952,0.017094,0.0475092,8416,0.0246914,0.0469621,8416,0.0107527,0.152394,4208
19.5,0,0.1,0,0,0.1,0,0.238462,0.0578671,130448,0.00854701,0.0700411,4208,0,0.1,0,0.0846154,0.0239343,46288,0.0166667,0.207315,4208,0,0.1,0,0,0.1,0,0.0108696,0.0781047,4208,0,0.1,0,0.166667,0.0304949,84160,0.0185185,0.0475092,8416,0.0246914,0.0469621,8416,0.0119048,0.152394,4208
19.6,0,0.1,0,0,0.1,0,0.241667,0.0538988,122032,0.00925926,0.0700411,4208,0,0.1,0,0.0769231,0.0215052,42080,0.02,0.207315,4208,0,0.1,0,0,0.1,0,0.0103093,0.0781047,4208,0,0.1,0,0.161538,0.0291999,88368,0.025641,0.0362442,12624,0.0222222,0.0469621,8416,0.011236,0.152394,4208
19.7,0,0.1,0,0,0.1,0,0.207692,0.0502997,113616,0.00854701,0.0700411,4208,0,0.1,0,0.0833333,0.0215052,42080,0.025,0.207315,4208,0,0.1,0,0,0.1,0,0.0107527,0.0781047,4208,0,0.1,0,0.146154,0.0297911,79952,0.025641,0.0362442,12624,0.020202,0.0469621,8416,0.0117647,0.152394,4208
19.8,0.00854701,0.0617885,4208,0,0.1,0,0.184615,0.0520449,100992,0.00854701,0.0700411,4208,0,0.1,0,0.0769231,0.0215052,42080,0.025,0.207315,4208,0,0.1,0,0,0.1,0,0,0.1,0,0,0.1,0,0.175,0.0317227,88368,0.0277778,0.0362442,12624,0.020202,0.0469621,8416,0.0131579,0.152394,4208
19.9,0.0185185,0.0675272,8416,0,0.1,0,0.183333,0.0528562,92576,0.00925926,0.0700411,4208,0,0.1,0,0.0769231,0.0215052,42080,0.0333333,0.207315,4208,0,0.1,0,0,0.1,0,0,0.1,0,0,0.1,0,0.176923,0.031136,96784,0.034188,0.0427261,16832,0.0185185,0.0469621,8416,0.0123457,0.152394,4208
20,0.017094,0.0675272,8416,0,0.1,0,0.161538,0.0497909,88368,0,0.1,0,0,0.1,0,0.0833333,0.0215052,42080,0.05,0.207315,4208,0,0.1,0,0,0.1,0,0,0.1,0,0,0.1,0,0.176923,0.031136,96784,0.042735,0.0571747,21040,0.034188,0.0622877,16832,0,0.1,0
20.1,0.017094,0.0675272,8416,0,0.1,0,0.161538,0.0498437,88368,0,0.1,0,0,0.1,0,0.0615385,0.022213,33664,0.05,0.207315,4208,0,0.1,0,0,0.1,0,0,0.1,0,0,0.1,0,0.191667,0.0298334,96784,0.0462963,0.0571747,21040,0.037037,0.0622877,16832,0,0.1,0
20.2,0.0277778,0.0588413,12624,0,0.1,0,0.183333,0.0510476,92576,0,0.1,0,0,0.1,0,0.0615385,0.022213,33664,0.05,0.207315,4208,0,0.1,0,0,0.1,0,0,0.1,0,0,0.1,0,0.176923,0.0281537,96784,0.042735,0.0571747,21040,0.034188,0.0622877,16832,0,0.1,0
20.3,0.034188,0.0479876,16832,0,0.1,0,0.146154,0.05251,79952,0,0.1,0,0,0.1,0,0.0583333,0.0248467,29456,0.1,0.207315,4208,0,0.1,0,0,0.1,0,0,0.1,0,0,0.1,0,0.176923,0.0273174,96784,0.042735,0.0571747,21040,0.034188,0.0622877,16832,0,0.1,0
20.4,0.034188,0.0479876,16832,0,0.1,0,0.138462,0.0530808,75744,0,0.1,0,0,0.1,0,0.0538462,0.0248467,29456,0.05,0.207315,4208,0,0.1,0,0,0.1,0,0,0.1,0,0,0.1,0,0.191667,0.0273174,96784,0.0462963,0.0571747,21040,0.037037,0.0622877,16832,0,0.1,0
20.5,0.037037,0.0479876,16832,0,0.1,0,0.116667,0.0530605,58912,0,0.1,0,0,0.1,0,0.0384615,0.0276295,21040,0,0.1,0,0,0.1,0,0.00854701,0.0287839,4208,0,0.1,0,0,0.1,0,0.169231,0.0264424,92576,0.042735,0.0571747,21040,0.034188,0.0622877,16832,0,0.1,0
20.6,0.034188,0.0479876,16832,0.017094,0.0137039,8416,0.1,0.0546635,54704,0,0.1,0,0,0.1,0,0.0416667,0.0276295,21040,0,0.1,0,0,0.1,0,0.00925926,0.0287839,4208,0,0.1,0,0,0.1,0,0.169231,0.0257438,92576,0.034188,0.0532078,16832,0.034188,0.0622877,16832,0,0.1,0
20.7,0.034188,0.0479876,16832,0.017094,0.0137039,8416,0.0923077,0.0556401,50496,0,0.1,0,0,0.1,0,0.0384615,0.0276295,21040,0,0.1,0,0,0.1,0,0.00854701,0.0287839,4208,0,0.1,0,0,0.1,0,0.191667,0.0257966,96784,0.037037,0.0532078,16832,0.037037,0.0701706,16832,0,0.1,0
20.8,0.037037,0.0479876,16832,0.0185185,0.0137039,8416,0.1,0.0556401,50496,0,0.1,0,0,0.1,0,0.0230769,0.0208222,12624,0,0.1,0,0,0.1,0,0.00854701,0.0287839,4208,0,0.1,0,0,0.1,0,0.176923,0.0257966,96784,0.034188,0.0532078,16832,0.034188,0.0701706,16832,0,0.1,0
20.9,0.034188,0.0479876,16832,0.017094,0.0137039,8416,0.0846154,0.0559689,46288,0,0.1,0,0,0.1,0,0.025,0.0208222,12624,0,0.1,0,0,0.1,0,0.0185185,0.0478575,8416,0,0.1,0,0,0.1,0,0.169231,0.0246724,92576,0.034188,0.0532078,16832,0.034188,0.0701706,16832,0,0.1,0
21,0.042735,0.050481,21040,0.025641,0.0113097,12624,0.0846154,0.0559689,46288,0,0.1,0,0,0.1,0,0.0153846,0.0268089,8416,0,0.1,0,0,0.1,0,0.017094,0.0478575,8416,0,0.1,0,0,0.1,0,0.191667,0.0247682,96784,0.037037,0.0532078,16832,0.037037,0.0701706,16832,0,0.1,0
21.1,0.0555556,0.0587452,25248,0.0277778,0.0113097,12624,0.075,0.0560601,37872,0,0.1,0,0,0.1,0,0.0153846,0.0268089,8416,0,0.1,0,0,0.1,0,0.017094,0.0478575,8416,0,0.1,0,0,0.1,0,0.176923,0.0245393,96784,0.034188,0.0532078,16832,0.034188,0.055986,16832,0,0.1,0
21.2,0.0512821,0.0587452,25248,0.034188,0.0139924,16832,0.0692308,0.0560601,37872,0,0.1,0,0,0.1,0,0.025,0.0303293,12624,0,0.1,0,0,0.1,0,0.0185185,0.0478575,8416,0,0.1,0,0,0.1,0,0.153846,0.0259347,84160,0.034188,0.0532078,16832,0.042735,0.0480661,21040,0,0.1,0
21.3,0.0598291,0.0690436,29456,0.042735,0.0359215,21040,0.0538462,0.068405,29456,0,0.1,0,0,0.1,0,0.0230769,0.0303293,12624,0,0.1,0,0,0.1,0,0.017094,0.0478575,8416,0,0.1,0,0,0.1,0,0.166667,0.0271769,84160,0.0277778,0.0636183,12624,0.0462963,0.0480661,21040,0,0.1,0
21.4,0.0648148,0.0690436,29456,0.0648148,0.0382164,29456,0.05,0.0755813,25248,0,0.1,0,0,0.1,0,0.00769231,0.0373702,4208,0,0.1,0,0,0.1,0,0.025641,0.033922,12624,0,0.1,0,0,0.1,0,0.138462,0.0261156,75744,0.025641,0.0636183,12624,0.042735,0.0480661,21040,0,0.1,0
21.5,0.0598291,0.0690436,29456,0.0598291,0.0382164,29456,0.0384615,0.0826195,21040,0,0.1,0,0,0.1,0,0.025,0.0327437,12624,0,0.1,0,0,0.1,0,0.0277778,0.033922,12624,0,0.1,0,0,0.1,0,0.115385,0.0254249,63120,0.017094,0.0885704,8416,0.042735,0.0480661,21040,0,0.1,0
21.6,0.059322,0.0690436,29456,0.059322,0.0382164,29456,0.0307692,0.0957162,16832,0,0.1,0,0,0.1,0,0.0230769,0.0327437,12624,0,0.1,0,0,0.1,0,0.0338983,0.0341199,16832,0,0.1,0,0,0.1,0,0.133333,0.024807,67328,0.0185185,0.0885704,8416,0.0462963,0.0480661,21040,0,0.1,0
21.7,0.0550459,0.0702528,25248,0.0733945,0.035848,33664,0.0333333,0.0957162,16832,0,0.1,0,0,0.1,0,0.0230769,0.0327437,12624,0,0.1,0,0,0.1,0,0.0336134,0.0341199,16832,0,0.1,0,0,0.1,0,0.115385,0.0223425,63120,0.0169492,0.0885704,8416,0.0508475,0.0460418,25248,0,0.1,0
21.8,0.0420168,0.0696501,21040,0.0672269,0.035848,33664,0.0307692,0.0957162,16832,0,0.1,0,0,0.1,0,0.025,0.0327437,12624,0,0.1,0,0,0.1,0,0.0363636,0.0341199,16832,0,0.1,0,0,0.1,0,0.107692,0.0213959,58912,0.00840336,0.114969,4208,0.0504202,0.0460418,25248,0,0.1,0
21.9,0.0416667,0.0696501,21040,0.075,0.0394457,37872,0.0230769,0.119024,12624,0,0.1,0,0,0.1,0,0.0230769,0.0327437,12624,0,0.1,0,0,0.1,0,0.0416667,0.0326397,21040,0,0.1,0,0,0.1,0,0.133333,0.0211516,67328,0,0.1,0,0.0363636,0.0302562,16832,0,0.1,0
22,0.045045,0.0696501,21040,0.0900901,0.0437819,42080,0.0166667,0.10112,8416,0,0.1,0,0,0.1,0,0.0230769,0.0327437,12624,0,0.1,0,0,0.1,0,0.0413223,0.0326397,21040,0,0.1,0,0,0.1,0,0.115385,0.0204672,63120,0,0.1,0,0.0333333,0.0302562,16832,0,0.1,0
22.1,0.0330579,0.0766953,16832,0.0826446,0.0437819,42080,0.00769231,0.125913,4208,0,0.1,0,0,0.1,0,0.025,0.0327437,12624,0,0.1,0,0,0.1,0,0.0446429,0.0326397,21040,0,0.1,0,0,0.1,0,0.1,0.0201954,54704,0,0.1,0,0.0413223,0.0287744,21040,0,0.1,0
22.2,0.0245902,0.0971182,12624,0.0901639,0.0520652,46288,0,0.1,0,0,0.1,0,0,0.1,0,0.0230769,0.0327437,12624,0,0.1,0,0,0.1,0,0.0409836,0.0326397,21040,0,0.1,0,0,0.1,0,0.116667,0.0247782,58912,0,0.1,0,0.0446429,0.0287744,21040,0,0.1,0
22.3,0.0265487,0.0971182,12624,0.123894,0.0481625,58912,0,0.1,0,0,0.1,0,0,0.1,0,0.0384615,0.0205001,21040,0.00847458,1.03606,4208,0,0.1,0,0.0569106,0.0421345,29456,0,0.1,0,0,0.1,0,0.115385,0.0250828,63120,0,0.1,0,0.0409836,0.0287744,21040,0,0.1,0
22.4,0.0243902,0.0971182,12624,0.146341,0.0403361,75744,0,0.1,0,0,0.1,0,0,0.1,0,0.05,0.0200282,25248,0.00925926,1.03606,4208,0,0.1,0,0.0526316,0.0443596,25248,0,0.1,0,0,0.1,0,0.123077,0.0240594,67328,0,0.1,0,0.0487805,0.029227,25248,0,0.1,0
22.5,0.0241935,0.0971182,12624,0.129032,0.0436652,67328,0,0.1,0,0,0.1,0,0,0.1,0,0.0461538,0.0200282,25248,0.00862069,1.03606,4208,0,0.1,0,0.0483871,0.0443596,25248,0,0.1,0,0,0.1,0,0.133333,0.0252503,67328,0,0.1,0,0.0614035,0.0307519,29456,0,0.1,0
22.6,0.026087,0.0971182,12624,0.147826,0.0424746,71536,0,0.1,0,0,0.1,0,0,0.1,0,0.0461538,0.0200282,25248,0.00877193,1.03606,4208,0,0.1,0,0.048,0.0443596,25248,0,0.1,0,0,0.1,0,0.115385,0.0251364,63120,0,0.1,0,0.0483871,0.0294463,25248,0,0.1,0
22.7,0.024,0.0971182,12624,0.144,0.04067,75744,0.031746,0.0444886,16832,0,0.1,0,0,0.1,0,0.075,0.0253422,37872,0.00961538,1.03606,4208,0,0.1,0,0.0603448,0.042588,29456,0,0.1,0,0,0.1,0,0.115385,0.0251364,63120,0,0.1,0,0.048,0.0294463,25248,0,0.1,0
22.8,0.0238095,0.0971182,12624,0.150794,0.0392158,79952,0.031746,0.0444886,16832,0,0.1,0,0,0.1,0,0.0692308,0.0253422,37872,0.00892857,1.03606,4208,0,0.1,0,0.0555556,0.0388789,29456,0,0.1,0,0,0.1,0,0.125,0.0268051,63120,0,0.1,0,0.0517241,0.0294463,25248,0,0.1,0
22.9,0.017094,0.11545,8416,0.153846,0.0410322,75744,0.0431034,0.0467758,21040,0,0.1,0,0,0.1,0,0.0692308,0.0253422,37872,0.00909091,1.03606,4208,0,0.1,0,0.0629921,0.0373857,33664,0,0.1,0,0,0.1,0,0.123077,0.0257593,67328,0,0.1,0,0.047619,0.0294463,25248,0,0.1,0
23,0.00787402,0.130834,4208,0.15748,0.0396736,84160,0.047619,0.0500062,25248,0,0.1,0,0,0.1,0,0.0833333,0.0267063,42080,0.01,1.03606,4208,0,0.1,0,0.0677966,0.0373857,33664,0,0.1,0,0,0.1,0,0.115385,0.0256551,63120,0,0.1,0,0.0393701,0.0293092,21040,0,0.1,0
23.1,0.0078125,0.130834,4208,0.15625,0.0391167,84160,0.0555556,0.0565358,29456,0,0.1,0,0,0.1,0,0.0769231,0.0254759,42080,0.00925926,1.03606,4208,0,0.1,0,0.0625,0.0373857,33664,0,0.1,0,0,0.1,0,0.133333,0.0268565,67328,0,0.1,0,0.0338983,0.0325399,16832,0,0.1,0
23.2,0,0.1,0,0.168067,0.0350643,84160,0.0862069,0.0606658,42080,0,0.1,0,0,0.1,0,0.0769231,0.0254759,42080,0.00943396,1.03606,4208,0,0.1,0,0.0697674,0.0358786,37872,0,0.1,0,0,0.1,0,0.115385,0.0265782,63120,0,0.1,0,0.03125,0.0325399,16832,0,0.1,0
23.3,0,0.1,0,0.147287,0.0340226,79952,0.0873016,0.0571554,46288,0,0.1,0,0,0.1,0,0.0833333,0.0254759,42080,0.0104167,1.03606,4208,0,0.1,0,0.0666667,0.039607,33664,0,0.1,0,0,0.1,0,0.115385,0.0265782,63120,0,0.1,0,0.0310078,0.0325399,16832,0,0.1,0
23.4,0,0.1,0,0.161538,0.0351716,88368,0.0952381,0.0602798,50496,0,0.1,0,0,0.1,0,0.0692308,0.0267433,37872,0.00961538,1.03606,4208,0,0.1,0,0.0615385,0.039607,33664,0,0.1,0,0,0.1,0,0.15,0.0263707,75744,0,0.1,0,0.0333333,0.0325399,16832,0,0.1,0
23.5,0,0.1,0,0.175,0.0351716,88368,0.112069,0.0597118,54704,0,0.1,0,0,0.1,0,0.0692308,0.0267433,37872,0.00961538,1.03606,4208,0,0.1,0,0.0538462,0.0403061,29456,0,0.1,0,0,0.1,0,0.138462,0.0270383,75744,0,0.1,0,0.0307692,0.0325399,16832,0,0.1,0
23.6,0,0.1,0,0.161538,0.0347152,88368,0.119048,0.0571145,63120,0,0.1,0,0,0.1,0,0.075,0.0267433,37872,0.0104167,1.03606,4208,0,0.1,0,0.0583333,0.0403061,29456,0,0.1,0,0,0.1,0,0.130769,0.0263716,71536,0,0.1,0,0.0230769,0.031413,12624,0,0.1,0
23.7,0,0.1,0,0.176923,0.0327862,96784,0.126984,0.054876,67328,0,0.1,0,0,0.1,0,0.0769231,0.025876,42080,0.00961538,1.03606,4208,0,0.1,0,0.0615385,0.0428128,33664,0,0.1,0,0,0.1,0,0.15,0.0272825,75744,0,0.1,0,0.025,0.031413,12624,0,0.1,0
23.8,0,0.1,0,0.2,0.0331346,100992,0.146552,0.0545425,71536,0,0.1,0,0,0.1,0,0.0769231,0.025876,42080,0.00961538,1.03606,4208,0,0.1,0,0.0538462,0.045112,29456,0,0.1,0,0,0.1,0,0.123077,0.0282627,67328,0,0.1,0,0.0230769,0.031413,12624,0,0.1,0
23.9,0,0.1,0,0.184615,0.0302978,100992,0.142857,0.0537839,75744,0,0.1,0,0,0.1,0,0.1,0.025676,50496,0.0104167,1.03606,4208,0,0.1,0,0.0583333,0.045112,29456,0,0.1,0,0,0.1,0,0.123077,0.0282627,67328,0,0.1,0,0.0230769,0.031413,12624,0,0.1,0
24,0,0.1,0,0.184615,0.0302978,100992,0.150794,0.0520516,79952,0,0.1,0,0,0.1,0,0.0923077,0.025676,50496,0.00961538,1.03606,4208,0,0.1,0,0.0538462,0.045112,29456,0,0.1,0,0,0.1,0,0.133333,0.0282627,67328,0,0.1,0,0.0166667,0.0356959,8416,0,0.1,0
24.1,0,0.1,0,0.191667,0.02575,96784,0.181034,0.0513851,88368,0,0.1,0,0,0.1,0,0.0923077,0.025676,50496,0.00961538,1.03606,4208,0,0.1,0,0.0538462,0.045112,29456,0,0.1,0,0,0.1,0,0.107692,0.0252401,58912,0,0.1,0,0.0153846,0.0356959,8416,0,0.1,0
24.2,0,0.1,0,0.153846,0.0245346,84160,0.166667,0.0513851,88368,0,0.1,0,0,0.1,0,0.0833333,0.0303843,42080,0,0.1,0,0,0.1,0,0.0416667,0.0368081,21040,0,0.1,0,0,0.1,0,0.107692,0.0278303,58912,0,0.1,0,0.016,0.0356959,8416,0,0.1,0
24.3,0,0.1,0,0.123077,0.0274323,67328,0.166667,0.0513851,88368,0,0.1,0,0,0.1,0,0.0769231,0.0310728,42080,0,0.1,0,0.00961538,0.0615887,4208,0.0384615,0.0368081,21040,0,0.1,0,0,0.1,0,0.108333,0.0333952,54704,0,0.1,0,0.00869565,0.0399013,4208,0,0.1,0
24.4,0,0.1,0,0.133333,0.0274323,67328,0.183333,0.0528719,92576,0,0.1,0,0,0.1,0,0.0769231,0.0310728,42080,0,0.1,0,0.00961538,0.0615887,4208,0.0384615,0.0368081,21040,0.0166667,2.0662,4208,0,0.1,0,0.0923077,0.0339566,50496,0,0.1,0,0,0.1,0,0,0.1,0
24.5,0,0.1,0,0.115385,0.0276994,63120,0.2,0.0509168,109408,0,0.1,0,0,0.1,0,0.1,0.0360674,50496,0,0.1,0,0.0104167,0.0615887,4208,0.05,0.0439139,25248,0.0178571,2.0662,4208,0,0.1,0,0.0923077,0.0339566,50496,0,0.1,0,0,0.1,0,0,0.1,0
24.6,0.00769231,0.113199,4208,0.107692,0.0289642,58912,0.169231,0.0520856,92576,0,0.1,0,0,0.1,0,0.0846154,0.0356242,46288,0,0.1,0,0.00961538,0.0615887,4208,0.0384615,0.046305,21040,0.015625,2.0662,4208,0,0.1,0,0.1,0.0339566,50496,0,0.1,0,0,0.1,0,0,0.1,0
24.7,0.00833333,0.113199,4208,0.108333,0.0301891,54704,0.191667,0.0541567,96784,0,0.1,0,0,0.1,0,0.0923077,0.0379332,50496,0.00961538,0.066926,4208,0.00961538,0.0615887,4208,0.0307692,0.0476394,16832,0.0147059,2.0662,4208,0,0.1,0,0.0923077,0.0338657,50496,0,0.1,0,0,0.1,0,0,0.1,0
24.8,0.00769231,0.113199,4208,0.1,0.0301891,54704,0.184615,0.0577675,100992,0,0.1,0,0,0.1,0,0.1,0.0379332,50496,0.0104167,0.066926,4208,0.0104167,0.0615887,4208,0.025,0.0545416,12624,0.03125,1.1031,8416,0.00961538,0.136833,4208,0.0846154,0.0349206,46288,0,0.1,0,0,0.1,0,0,0.1,0
24.9,0.00769231,0.113199,4208,0.0846154,0.0306877,46288,0.184615,0.0597953,100992,0,0.1,0,0,0.1,0,0.0923077,0.0357326,50496,0.00961538,0.066926,4208,0.0192308,0.0671479,8416,0.0230769,0.0545416,12624,0.0416667,0.74991,12624,0.0104167,0.136833,4208,0.0916667,0.0349206,46288,0,0.1,0,0,0.1,0,0,0.1,0
25,0.00833333,0.113199,4208,0.0833333,0.0326664,42080,0.191667,0.0582336,96784,0,0.1,0,0,0.1,0,0.0846154,0.0367023,46288,0.00961538,0.066926,4208,0.0192308,0.0671479,8416,0.0230769,0.0545416,12624,0.0657895,0.45366,21040,0.00961538,0.136833,4208,0.0846154,0.0364785,46288,0,0.1,0,0,0.1,0,0,0.1,0
25.1,0.00769231,0.113199,4208,0.0692308,0.0315637,37872,0.161538,0.0610301,88368,0,0.1,0,0,0.1,0,0.0916667,0.0367023,46288,0.03125,0.0849548,12624,0.03125,0.0825499,12624,0.0166667,0.0699015,8416,0.0694444,0.45366,21040,0.0192308,0.131296,8416,0.0923077,0.0425782,50496,0,0.1,0,0,0.1,0,0,0.1,0
25.2,0.00769231,0.113199,4208,0.0615385,0.0313778,33664,0.176923,0.0601238,96784,0,0.1,0,0,0.1,0,0.0846154,0.0367023,46288,0.0288462,0.0849548,12624,0.0288462,0.0825499,12624,0.0230769,0.101104,12624,0.0625,0.45366,21040,0.0208333,0.131296,8416,0.108333,0.0428191,54704,0,0.1,0,0,0.1,0,0,0.1,0
25.3,0.00833333,0.113199,4208,0.05,0.0264747,25248,0.183333,0.0585545,92576,0,0.1,0,0,0.1,0,0.0769231,0.0356933,42080,0.0384615,0.0833932,16832,0.0288462,0.0825499,12624,0.0230769,0.101104,12624,0.0714286,0.398261,25248,0.0192308,0.131296,8416,0.0846154,0.0481113,46288,0,0.1,0,0,0.1,0,0,0.1,0
25.4,0.00769231,0.113199,4208,0.0461538,0.0264747,25248,0.169231,0.0587007,92576,0,0.1,0,0,0.1,0,0.0833333,0.0356933,42080,0.0416667,0.0833932,16832,0.03125,0.0825499,12624,0.025,0.101104,12624,0.075,0.398261,25248,0.0192308,0.131296,8416,0.0846154,0.046922,46288,0,0.1,0,0,0.1,0,0,0.1,0
25.5,0.00769231,0.113199,4208,0.0384615,0.0298326,21040,0.153846,0.0605476,84160,0,0.1,0,0,0.1,0,0.0846154,0.037196,46288,0.0384615,0.0833932,16832,0.0384615,0.107995,16832,0.0230769,0.101104,12624,0.0795455,0.3706,29456,0.0208333,0.131296,8416,0.0916667,0.046922,46288,0,0.1,0,0,0.1,0,0,0.1,0
25.6,0.00833333,0.113199,4208,0.025,0.0413666,12624,0.175,0.0608992,88368,0,0.1,0,0,0.1,0,0.0769231,0.0391086,42080,0.0384615,0.0833932,16832,0.0384615,0.107995,16832,0.0153846,0.121476,8416,0.076087,0.3706,29456,0.0288462,0.123083,12624,0.0692308,0.051002,37872,0,0.1,0,0,0.1,0,0,0.1,0
25.7,0.00769231,0.113199,4208,0.00769231,0.014726,4208,0.161538,0.060432,88368,0,0.1,0,0,0.1,0,0.0833333,0.0391086,42080,0.0520833,0.0833516,21040,0.0416667,0.107995,16832,0.0333333,0.152347,16832,0.0795455,0.3706,29456,0.0288462,0.123083,12624,0.0692308,0.051002,37872,0,0.1,0,0,0.1,0,0,0.1,0
25.8,0.00769231,0.113199,4208,0,0.1,0,0.161538,0.0631239,88368,0,0.1,0,0,0.1,0,0.0692308,0.0495437,37872,0.0480769,0.0833516,21040,0.0384615,0.107995,16832,0.0307692,0.152347,16832,0.0833333,0.348252,33664,0.0520833,0.0880123,21040,0.0833333,0.0529822,42080,0,0.1,0,0,0.1,0,0,0.1,0
25.9,0.00833333,0.113199,4208,0,0.1,0,0.175,0.0669575,88368,0,0.1,0,0,0.1,0,0.0769231,0.0511746,42080,0.0576923,0.0854379,25248,0.0480769,0.135243,21040,0.0384615,0.155749,21040,0.09,0.326417,37872,0.0480769,0.0880123,21040,0.0923077,0.0527044,50496,0,0.1,0,0,0.1,0,0,0.1,0
26,0.00769231,0.113199,4208,0,0.1,0,0.161538,0.0690508,88368,0,0.1,0,0,0.1,0,0.0833333,0.0511746,42080,0.0729167,0.0807847,29456,0.0520833,0.135243,21040,0.0416667,0.155749,21040,0.09375,0.326417,37872,0.0480769,0.0880123,21040,0.0923077,0.0527044,50496,0,0.1,0,0,0.1,0,0,0.1,0
26.1,0.0153846,0.0852801,8416,0,0.1,0,0.169231,0.0660296,92576,0,0.1,0,0,0.1,0,0.0769231,0.0511746,42080,0.0769231,0.0774268,33664,0.0673077,0.11633,29456,0.0384615,0.155749,21040,0.0961538,0.312262,42080,0.0520833,0.0880123,21040,0.1,0.0507928,50496,0,0.1,0,0,0.1,0,0,0.1,0
26.2,0.0166667,0.0852801,8416,0,0.1,0,0.191667,0.0669296,96784,0,0.1,0,0,0.1,0,0.0692308,0.0541325,37872,0.0769231,0.0774268,33664,0.0576923,0.125453,25248,0.0461538,0.155084,25248,0.0961538,0.312262,42080,0.0576923,0.0969862,25248,0.0923077,0.0476254,50496,0,0.1,0,0,0.1,0,0,0.1,0
26.3,0.0230769,0.0660947,12624,0,0.1,0,0.169231,0.0661493,92576,0,0.1,0,0,0.1,0,0.0833333,0.0570315,42080,0.0833333,0.0774268,33664,0.0729167,0.123466,29456,0.05,0.155084,25248,0.09375,0.117379,37872,0.0576923,0.0969862,25248,0.0923077,0.0476254,50496,0,0.1,0,0,0.1,0,0,0.1,0
26.4,0.0230769,0.0660947,12624,0,0.1,0,0.138462,0.0719239,75744,0,0.1,0,0,0.1,0,0.0615385,0.0560293,33664,0.0769231,0.0774268,33664,0.0673077,0.123466,29456,0.0387597,0.170212,21040,0.105769,0.135826,46288,0.0729167,0.0962653,29456,0.116667,0.0493694,58912,0,0.1,0,0,0.1,0,0,0.1,0
26.5,0.0166667,0.0425425,8416,0,0.1,0,0.158333,0.0734207,79952,0,0.1,0,0,0.1,0,0.0461538,0.0635443,25248,0.0769231,0.0774268,33664,0.0673077,0.123466,29456,0.0387597,0.170212,21040,0.105769,0.135826,46288,0.0673077,0.0962653,29456,0.123077,0.0489168,67328,0,0.1,0,0,0.1,0,0,0.1,0
26.6,0.0153846,0.0425425,8416,0,0.1,0,0.146154,0.06884,79952,0,0.1,0,0,0.1,0,0.0416667,0.0635867,21040,0.0833333,0.0985194,33664,0.0729167,0.123466,29456,0.0420168,0.170212,21040,0.125,0.144392,50496,0.0754717,0.113662,33664,0.123077,0.0534462,67328,0,0.1,0,0,0.1,0,0,0.1,0
26.7,0.0153846,0.0425425,8416,0,0.1,0,0.130769,0.0653659,71536,0,0.1,0,0,0.1,0,0.0384615,0.0635867,21040,0.0754717,0.0985194,33664,0.0660377,0.123466,29456,0.0387597,0.170212,21040,0.103774,0.144791,46288,0.102041,0.0960728,42080,0.141667,0.0565559,71536,0,0.1,0,0,0.1,0,0,0.1,0
26.8,0.0166667,0.0425425,8416,0,0.1,0,0.158333,0.0590305,79952,0,0.1,0,0,0.1,0,0.0307692,0.0763396,16832,0.0925926,0.104612,42080,0.0740741,0.143404,33664,0.0387597,0.170212,21040,0.0925926,0.154917,42080,0.0925926,0.0960728,42080,0.130769,0.0565559,71536,0,0.1,0,0,0.1,0,0,0.1,0
26.9,0.0153846,0.0425425,8416,0,0.1,0,0.153846,0.057082,84160,0,0.1,0,0,0.1,0,0.0416667,0.0654262,21040,0.1,0.104612,42080,0.1,0.163922,42080,0.0420168,0.170212,21040,0.08,0.191325,33664,0.1,0.0979188,46288,0.123077,0.0562147,67328,0,0.1,0,0,0.1,0,0,0.1,0
27,0.0153846,0.0425425,8416,0,0.1,0,0.146154,0.052025,79952,0,0.1,0,0,0.1,0,0.0384615,0.0654262,21040,0.0818182,0.10069,37872,0.0818182,0.16954,37872,0.0387597,0.170212,21040,0.0818182,0.191785,37872,0.107843,0.0945354,46288,0.141667,0.0510934,71536,0,0.1,0,0,0.1,0,0,0.1,0
27.1,0.0166667,0.0425425,8416,0,0.1,0,0.15,0.0520005,75744,0,0.1,0,0,0.1,0,0.0384615,0.0654262,21040,0.0892857,0.0988577,42080,0.0803571,0.16954,37872,0.0310078,0.171888,16832,0.0803571,0.191785,37872,0.0982143,0.0945354,46288,0.138462,0.0498079,75744,0,0.1,0,0,0.1,0,0,0.1,0
27.2,0.0153846,0.0425425,8416,0,0.1,0,0.146154,0.0505601,79952,0,0.1,0,0,0.1,0,0.05,0.0581765,25248,0.0865385,0.101097,37872,0.0865385,0.16954,37872,0.0336134,0.171888,16832,0.0769231,0.200599,33664,0.114035,0.0942625,54704,0.138462,0.0521302,75744,0,0.1,0,0,0.1,0,0,0.1,0
27.3,0.0153846,0.0425425,8416,0,0.1,0,0.146154,0.0487925,79952,0,0.1,0,0,0.1,0,0.0461538,0.0581765,25248,0.0789474,0.101097,37872,0.0789474,0.16954,37872,0.0310078,0.171888,16832,0.0701754,0.200599,33664,0.141509,0.0867634,63120,0.166667,0.0561392,84160,0,0.1,0,0,0.1,0,0,0.1,0
27.4,0.0166667,0.0425425,8416,0,0.1,0,0.158333,0.0487925,79952,0,0.1,0,0,0.1,0,0.0384615,0.0593672,21040,0.0775862,0.101097,37872,0.0689655,0.167691,33664,0.0310078,0.171888,16832,0.0775862,0.181591,37872,0.12931,0.0867634,63120,0.161538,0.0563185,88368,0,0.1,0,0,0.1,0,0,0.1,0
27.5,0.0153846,0.0425425,8416,0,0.1,0,0.153846,0.0447563,84160,0,0.1,0,0,0.1,0,0.05,0.0596124,25248,0.0833333,0.101097,37872,0.0833333,0.17647,37872,0.0336134,0.171888,16832,0.0925926,0.190881,42080,0.118644,0.0853425,58912,0.169231,0.0569778,92576,0,0.1,0,0,0.1,0,0,0.1,0
27.6,0.0153846,0.0425425,8416,0,0.1,0,0.146154,0.0450384,79952,0,0.1,0,0,0.1,0,0.0538462,0.0530752,29456,0.0677966,0.103335,33664,0.0762712,0.17647,37872,0.0155039,0.160558,8416,0.0847458,0.190881,42080,0.127273,0.0853425,58912,0.208333,0.0577995,105200,0,0.1,0,0,0.1,0,0,0.1,0
27.7,0.0166667,0.0425425,8416,0,0.1,0,0.166667,0.0413003,84160,0,0.1,0,0,0.1,0,0.0461538,0.044561,25248,0.0666667,0.103335,33664,0.075,0.17647,37872,0.0155039,0.160558,8416,0.075,0.190777,37872,0.1,0.0936652,50496,0.207692,0.0571665,113616,0,0.1,0,0,0.1,0,0,0.1,0
27.8,0.0153846,0.0425425,8416,0,0.1,0,0.161538,0.0379411,88368,0,0.1,0,0,0.1,0,0.0416667,0.0403027,21040,0.0803571,0.109182,37872,0.0714286,0.167999,33664,0.00840336,0.151758,4208,0.0803571,0.201158,37872,0.0983607,0.0936652,50496,0.2,0.0579404,109408,0,0.1,0,0,0.1,0,0,0.1,0
27.9,0.0153846,0.0425425,8416,0,0.1,0,0.146154,0.0348788,79952,0,0.1,0,0,0.1,0,0.0461538,0.0342827,25248,0.0655738,0.116222,33664,0.0737705,0.17959,37872,0.00775194,0.151758,4208,0.0737705,0.201158,37872,0.105263,0.0936652,50496,0.241667,0.0574192,122032,0,0.1,0,0,0.1,0,0,0.1,0
28,0.00833333,0.0277241,4208,0,0.1,0,0.166667,0.0385755,84160,0,0.1,0,0,0.1,0,0.0461538,0.0342827,25248,0.0564516,0.125121,29456,0.0725806,0.234408,37872,0.00775194,0.151758,4208,0.0725806,0.209916,37872,0.0967742,0.0936652,50496,0.230769,0.0556767,126240,0,0.1,0,0,0.1,0,0,0.1,0
28.1,0.00769231,0.0277241,4208,0,0.1,0,0.169231,0.0316712,92576,0,0.1,0,0,0.1,0,0.0666667,0.0365541,33664,0.0603448,0.125121,29456,0.0862069,0.230046,42080,0,0.1,0,0.0862069,0.216274,42080,0.0873016,0.0892842,46288,0.230769,0.0573204,126240,0,0.1,0,0,0.1,0,0,0.1,0
28.2,0,0.1,0,0,0.1,0,0.169231,0.0316712,92576,0,0.1,0,0,0.1,0,0.0538462,0.0299014,29456,0.0555556,0.125121,29456,0.0873016,0.257993,46288,0,0.1,0,0.0873016,0.216042,46288,0.0932203,0.0892842,46288,0.266667,0.0578319,134656,0,0.1,0,0,0.1,0,0,0.1,0
28.3,0,0.1,0,0,0.1,0,0.2,0.0356191,100992,0,0.1,0,0,0.1,0,0.0538462,0.0299014,29456,0.0625,0.13721,33664,0.09375,0.262181,50496,0,0.1,0,0.0859375,0.206965,46288,0.078125,0.0890186,42080,0.238462,0.0595883,130448,0,0.1,0,0,0.1,0,0,0.1,0
28.4,0,0.1,0,0,0.1,0,0.184615,0.0335009,100992,0,0.1,0,0,0.1,0,0.0583333,0.0299014,29456,0.0666667,0.13721,33664,0.116667,0.25155,58912,0,0.1,0,0.0916667,0.206965,46288,0.0769231,0.0890186,42080,0.230769,0.0589632,126240,0,0.1,0,0,0.1,0,0,0.1,0
28.5,0,0.1,0,0,0.1,0,0.176923,0.0344058,96784,0,0.1,0,0,0.1,0,0.0538462,0.0299014,29456,0.0538462,0.123145,29456,0.107692,0.25155,58912,0,0.1,0,0.0846154,0.202861,46288,0.075,0.0727496,37872,0.258333,0.0563659,130448,0,0.1,0,0,0.1,0,0,0.1,0
28.6,0,0.1,0,0,0.1,0,0.2,0.0350452,100992,0,0.1,0,0,0.1,0,0.0538462,0.0299014,29456,0.0538462,0.123145,29456,0.107692,0.25155,58912,0,0.1,0,0.1,0.199909,54704,0.0461538,0.0777472,25248,0.223077,0.0560809,122032,0,0.1,0,0,0.1,0,0,0.1,0
28.7,0,0.1,0,0,0.1,0,0.184615,0.0361545,100992,0,0.1,0,0,0.1,0,0.0583333,0.0299014,29456,0.0416667,0.120809,21040,0.1,0.263835,50496,0,0.1,0,0.116667,0.204681,58912,0.0461538,0.0777472,25248,0.223077,0.0560809,122032,0,0.1,0,0,0.1,0,0,0.1,0
28.8,0,0.1,0,0,0.1,0,0.176923,0.0368542,96784,0,0.1,0,0,0.1,0,0.0461538,0.0312562,25248,0.0384615,0.120809,21040,0.0769231,0.267404,42080,0,0.1,0,0.107692,0.204681,58912,0.0416667,0.0700208,21040,0.241667,0.0560809,122032,0,0.1,0,0,0.1,0,0,0.1,0
28.9,0,0.1,0,0,0.1,0,0.216667,0.0379265,109408,0,0.1,0,0,0.1,0,0.0461538,0.0312562,25248,0.0307692,0.139005,16832,0.0769231,0.267404,42080,0,0.1,0,0.1,0.205391,54704,0.0307692,0.0653907,16832,0.207692,0.0573154,113616,0,0.1,0,0,0.1,0,0,0.1,0
29,0.00769231,0.0359506,4208,0,0.1,0,0.215385,0.0347562,117824,0,0.1,0,0,0.1,0,0.05,0.0312562,25248,0.025,0.157884,12624,0.0833333,0.267404,42080,0,0.1,0,0.116667,0.198508,58912,0.0307692,0.0653907,16832,0.192308,0.0589541,105200,0,0.1,0,0,0.1,0,0,0.1,0
29.1,0.00769231,0.0359506,4208,0,0.1,0,0.207692,0.0351311,113616,0,0.1,0,0,0.1,0,0.0384615,0.0331218,21040,0.0230769,0.157884,12624,0.0769231,0.267404,42080,0,0.1,0,0.115385,0.187671,63120,0.0166667,0.0380196,8416,0.2,0.0576449,100992,0,0.1,0,0,0.1,0,0,0.1,0
29.2,0.0166667,0.0343147,8416,0,0.1,0,0.241667,0.0369979,122032,0,0.1,0,0,0.1,0,0.0384615,0.0331218,21040,0.0230769,0.157884,12624,0.0769231,0.267404,42080,0,0.1,0,0.115385,0.187671,63120,0,0.1,0,0.161538,0.0564079,88368,0,0.1,0,0,0.1,0,0,0.1,0
29.3,0.0153846,0.0343147,8416,0,0.1,0,0.238462,0.035225,130448,0,0.1,0,0,0.1,0,0.0416667,0.0331218,21040,0.025,0.157884,12624,0.0833333,0.267404,42080,0,0.1,0,0.108333,0.198532,54704,0,0.1,0,0.153846,0.0562331,84160,0,0.1,0,0,0.1,0,0,0.1,0
29.4,0.0153846,0.0343147,8416,0,0.1,0,0.230769,0.0354063,126240,0,0.1,0,0,0.1,0,0.0307692,0.0261928,16832,0.0230769,0.157884,12624,0.0692308,0.269705,37872,0,0.1,0,0.0923077,0.192201,50496,0,0.1,0,0.158333,0.0554652,79952,0,0.1,0,0,0.1,0,0,0.1,0
29.5,0.025,0.031734,12624,0,0.1,0,0.25,0.0354063,126240,0,0.1,0,0,0.1,0,0.0230769,0.0303063,12624,0.0230769,0.157884,12624,0.0692308,0.269705,37872,0,0.1,0,0.1,0.180917,54704,0,0.1,0,0.123077,0.0538975,67328,0,0.1,0,0,0.1,0,0,0.1,0
29.6,0.0230769,0.031734,12624,0,0.1,0,0.223077,0.0346285,122032,0,0.1,0,0,0.1,0,0.025,0.0303063,12624,0.025,0.157884,12624,0.075,0.269705,37872,0,0.1,0,0.116667,0.174642,58912,0,0.1,0,0.1,0.0533115,54704,0,0.1,0,0,0.1,0,0,0.1,0
29.7,0.0230769,0.031734,12624,0,0.1,0,0.215385,0.0341904,117824,0,0.1,0,0,0.1,0,0.0230769,0.0303063,12624,0.00769231,0.221829,4208,0.0692308,0.269705,37872,0,0.1,0,0.1,0.169217,54704,0,0.1,0,0.1,0.0522885,50496,0,0.1,0,0,0.1,0,0,0.1,0
29.8,0.0333333,0.0303417,16832,0,0.1,0,0.25,0.0346898,126240,0,0.1,0,0,0.1,0,0.0153846,0.043368,8416,0.00769231,0.221829,4208,0.0615385,0.269378,33664,0,0.1,0,0.1,0.169217,54704,0,0.1,0,0.0692308,0.0520842,37872,0,0.1,0,0,0.1,0,0,0.1,0
29.9,0.0307692,0.0303417,16832,0,0.1,0,0.238462,0.0334498,130448,0,0.1,0,0,0.1,0,0.0166667,0.043368,8416,0.00833333,0.221829,4208,0.05,0.253929,25248,0,0.1,0,0.1,0.161345,50496,0,0.1,0,0.0538462,0.0601347,29456,0,0.1,0,0,0.1,0,0,0.1,0
30,0.0307692,0.0303417,16832,0,0.1,0,0.230769,0.0350361,126240,0,0.1,0,0,0.1,0,0,0.1,0,0.00769231,0.221829,4208,0.0384615,0.266558,21040,0,0.1,0,0.0846154,0.151149,46288,0,0.1,0,0.05,0.0564867,25248,0,0.1,0,0,0.1,0,0,0.1,0
30.1,0.0333333,0.0303417,16832,0,0.1,0,0.266667,0.0346061,134656,0,0.1,0,0,0.1,0,0,0.1,0,0.00769231,0.221829,4208,0.0230769,0.227929,12624,0,0.1,0,0.0769231,0.144892,42080,0,0.1,0,0.0307692,0.0519777,16832,0,0.1,0,0,0.1,0,0,0.1,0
30.2,0.0307692,0.0303417,16832,0,0.1,0,0.230769,0.0316434,126240,0,0.1,0,0,0.1,0,0,0.1,0,0,0.1,0,0.0166667,0.187763,8416,0,0.1,0,0.075,0.129816,37872,0,0.1,0,0.0230769,0.0305431,12624,0,0.1,0,0,0.1,0,0,0.1,0
30.3,0.0307692,0.0303417,16832,0,0.1,0,0.238462,0.0340557,130448,0,0.1,0,0,0.1,0,0,0.1,0,0,0.1,0,0.00769231,0.0352351,4208,0,0.1,0,0.072,0.129816,37872,0,0.1,0,0.0166667,0.0392355,8416,0,0.1,0,0,0.1,0,0,0.1,0
30.4,0.0333333,0.0303417,16832,0,0.1,0,0.3,0.0348485,151488,0,0.1,0,0,0.1,0,0,0.1,0,0,0.1,0,0.00769231,0.0352351,4208,0,0.1,0,0.0666667,0.121859,33664,0,0.1,0,0,0.1,0,0,0.1,0,0,0.1,0,0,0.1,0
30.5,0.0384615,0.0296396,21040,0,0.1,0,0.3,0.0328554,164112,0,0.1,0,0,0.1,0,0,0.1,0,0,0.1,0,0.0166667,0.0348294,8416,0,0.1,0,0.0545455,0.101255,25248,0,0.1,0,0,0.1,0,0,0.1,0,0,0.1,0,0,0.1,0
30.6,0.0384615,0.0296396,21040,0,0.1,0,0.284615,0.0308044,155696,0,0.1,0,0,0.1,0,0,0.1,0,0,0.1,0,0.0153846,0.0348294,8416,0,0.1,0,0.0434783,0.0681613,21040,0,0.1,0,0,0.1,0,0,0.1,0,0,0.1,0,0,0.1,0
30.7,0.05,0.0341984,25248,0,0.1,0,0.325,0.0306689,164112,0,0.1,0,0,0.1,0,0,0.1,0,0,0.1,0,0.0153846,0.0348294,8416,0,0.1,0,0.0454545,0.0681613,21040,0,0.1,0,0,0.1,0,0,0.1,0,0,0.1,0,0,0.1,0
30.8,0.0538462,0.034334,29456,0,0.1,0,0.276923,0.029379,151488,0,0.1,0,0,0.1,0,0,0.1,0,0,0.1,0,0.025,0.040337,12624,0,0.1,0,0.05,0.0681613,21040,0,0.1,0,0,0.1,0,0,0.1,0,0,0.1,0,0,0.1,0
30.9,0.0461538,0.0340645,25248,0,0.1,0,0.253846,0.0307223,138864,0,0.1,0,0,0.1,0,0,0.1,0,0,0.1,0,0.0230769,0.040337,12624,0,0.1,0,0.0380952,0.0579418,16832,0,0.1,0,0,0.1,0,0,0.1,0,0,0.1,0,0,0.1,0
31,0.0583333,0.0323121,29456,0,0.1,0,0.275,0.0307223,138864,0,0.1,0,0,0.1,0,0,0.1,0,0,0.1,0,0.0230769,0.040337,12624,0,0.1,0,0.03,0.0652749,12624,0,0.1,0,0,0.1,0,0,0.1,0,0,0.1,0,0,0.1,0
31.1,0.0538462,0.0283281,29456,0,0.1,0,0.238462,0.0289848,130448,0,0.1,0,0,0.1,0,0,0.1,0,0,0.1,0,0.0333333,0.0458941,16832,0,0.1,0,0.0333333,0.0652749,12624,0,0.1,0,0,0.1,0,0,0.1,0,0,0.1,0,0,0.1,0
31.2,0.0538462,0.0283281,29456,0,0.1,0,0.230769,0.0297995,126240,0,0.1,0,0,0.1,0,0,0.1,0,0,0.1,0,0.0307692,0.0458941,16832,0,0.1,0,0.0315789,0.0652749,12624,0,0.1,0,0,0.1,0,0,0.1,0,0,0.1,0,0,0.1,0
31.3,0.0583333,0.0283281,29456,0,0.1,0,0.241667,0.0327488,122032,0,0.1,0,0,0.1,0,0,0.1,0,0,0.1,0,0.0307692,0.0458941,16832,0,0.1,0,0.0333333,0.0652749,12624,0,0.1,0,0,0.1,0,0,0.1,0,0,0.1,0,0,0.1,0
31.4,0.0538462,0.0271841,29456,0,0.1,0,0.238462,0.03128,130448,0,0.1,0,0,0.1,0,0,0.1,0,0,0.1,0,0.0416667,0.0604979,21040,0,0.1,0,0.025,0.0751574,8416,0,0.1,0,0,0.1,0,0,0.1,0,0,0.1,0,0,0.1,0
31.5,0.0538462,0.0271841,29456,0,0.1,0,0.238462,0.0311431,130448,0,0.1,0,0,0.1,0,0,0.1,0,0,0.1,0,0.0384615,0.0604979,21040,0,0.1,0,0.0117647,0.0572487,4208,0,0.1,0,0,0.1,0,0,0.1,0,0,0.1,0,0,0.1,0
31.6,0.0666667,0.0284847,33664,0,0.1,0,0.258333,0.0327032,130448,0,0.1,0,0,0.1,0,0,0.1,0,0,0.1,0,0.0384615,0.0604979,21040,0,0.1,0,0.0125,0.0572487,4208,0,0.1,0,0,0.1,0,0,0.1,0,0,0.1,0,0,0.1,0
31.7,0.0538462,0.0288161,29456,0,0.1,0,0.253846,0.0298938,138864,0,0.1,0,0,0.1,0,0,0.1,0,0,0.1,0,0.0416667,0.0604979,21040,0,0.1,0,0.0142857,0.0572487,4208,0,0.1,0,0,0.1,0,0,0.1,0,0,0.1,0,0,0.1,0
31.8,0.0538462,0.0288161,29456,0,0.1,0,0.238462,0.0284153,130448,0,0.1,0,0,0.1,0,0,0.1,0,0,0.1,0,0.0384615,0.0604979,21040,0,0.1,0,0.0133333,0.0572487,4208,0,0.1,0,0,0.1,0,0,0.1,0,0,0.1,0,0,0.1,0
31.9,0.0583333,0.0288161,29456,0,0.1,0,0.266667,0.0321019,134656,0,0.1,0,0,0.1,0,0,0.1,0,0,0.1,0,0.0384615,0.0604979,21040,0,0.1,0,0.0142857,0.0572487,4208,0,0.1,0,0,0.1,0,0,0.1,0,0,0.1,0,0,0.1,0
32,0.0692308,0.039177,37872,0,0.1,0,0.253846,0.031245,138864,0,0.1,0,0,0.1,0,0,0.1,0,0,0.1,0,0.0416667,0.0604979,21040,0,0.1,0,0.0166667,0.0572487,4208,0,0.1,0,0,0.1,0,0,0.1,0,0,0.1,0,0,0.1,0
32.1,0.0769231,0.042508,42080,0,0.1,0,0.261538,0.0305876,143072,0,0.1,0,0,0.1,0,0,0.1,0,0,0.1,0,0.0461538,0.0564549,25248,0,0.1,0,0,0.1,0,0,0.1,0,0,0.1,0,0,0.1,0,0,0.1,0,0,0.1,0
32.2,0.0833333,0.042508,42080,0,0.1,0,0.283333,0.0288109,143072,0,0.1,0,0,0.1,0,0,0.1,0,0,0.1,0,0.0384615,0.0606989,21040,0,0.1,0,0,0.1,0,0,0.1,0,0,0.1,0,0,0.1,0,0,0.1,0,0,0.1,0
32.3,0.0769231,0.042508,42080,0,0.1,0,0.246154,0.0283043,134656,0,0.1,0,0,0.1,0,0,0.1,0,0,0.1,0,0.0416667,0.0606989,21040,0,0.1,0,0,0.1,0,0,0.1,0,0,0.1,0,0,0.1,0,0,0.1,0,0,0.1,0
32.4,0.0769231,0.0453649,42080,0,0.1,0,0.215385,0.0296133,117824,0,0.1,0,0,0.1,0,0,0.1,0,0,0.1,0,0.0384615,0.0607811,21040,0,0.1,0,0,0.1,0,0,0.1,0,0,0.1,0,0,0.1,0,0,0.1,0,0,0.1,0
32.5,0.0916667,0.0480165,46288,0,0.1,0,0.258333,0.0353195,130448,0,0.1,0,0,0.1,0,0,0.1,0,0,0.1,0,0.0384615,0.0607811,21040,0.00769231,0.158203,4208,0,0.1,0,0,0.1,0,0,0.1,0,0,0.1,0,0,0.1,0,0,0.1,0
32.6,0.0769231,0.0471189,42080,0,0.1,0,0.246154,0.0342426,134656,0,0.1,0,0,0.1,0,0,0.1,0,0,0.1,0,0.0416667,0.0607811,21040,0.00833333,0.158203,4208,0,0.1,0,0,0.1,0,0,0.1,0,0,0.1,0,0.0166667,0.0233731,8416,0,0.1,0
32.7,0.0692308,0.0484491,37872,0,0.1,0,0.246154,0.0342426,134656,0,0.1,0,0,0.1,0,0,0.1,0,0,0.1,0,0.0307692,0.0631383,16832,0.00769231,0.158203,4208,0,0.1,0,0,0.1,0,0,0.1,0,0,0.1,0,0.0178571,0.0233731,8416,0,0.1,0
32.8,0.075,0.0484491,37872,0,0.1,0,0.266667,0.034709,134656,0,0.1,0,0,0.1,0,0,0.1,0,0,0.1,0,0.0384615,0.102885,21040,0.0153846,0.223823,8416,0,0.1,0,0,0.1,0,0,0.1,0,0,0.1,0,0.0327869,0.0129428,16832,0,0.1,0
32.9,0.0615385,0.0517805,33664,0,0.1,0,0.261538,0.0341838,143072,0,0.1,0,0,0.1,0,0,0.1,0,0,0.1,0,0.0416667,0.102885,21040,0.0166667,0.223823,8416,0,0.1,0,0,0.1,0,0,0.1,0,0,0.1,0,0.0322581,0.0129428,16832,0,0.1,0
33,0.0538462,0.0584933,29456,0,0.1,0,0.269231,0.032975,147280,0,0.1,0,0,0.1,0,0,0.1,0,0,0.1,0,0.0307692,0.112965,16832,0.0153846,0.223823,8416,0,0.1,0,0,0.1,0,0,0.1,0,0,0.1,0,0.0431034,0.0188922,21040,0,0.1,0
33.1,0.0666667,0.0753127,33664,0,0.1,0,0.283333,0.0335186,143072,0.00862069,0.109749,4208,0,0.1,0,0,0.1,0,0,0.1,0,0.0384615,0.110885,21040,0.0153846,0.223823,8416,0,0.1,0,0,0.1,0,0,0.1,0,0,0.1,0,0.047619,0.0193994,25248,0,0.1,0
33.2,0.0615385,0.0753127,33664,0,0.1,0,0.261538,0.0319713,143072,0.00793651,0.109749,4208,0,0.1,0,0,0.1,0,0,0.1,0,0.0416667,0.110885,21040,0.0166667,0.223823,8416,0,0.1,0,0,0.1,0,0,0.1,0,0,0.1,0,0.046875,0.0193994,25248,0,0.1,0
33.3,0.0538462,0.0834196,29456,0,0.1,0,0.253846,0.0327407,138864,0.0078125,0.109749,4208,0,0.1,0,0,0.1,0,0,0.1,0,0.0307692,0.108878,16832,0.0153846,0.223823,8416,0,0.1,0,0,0.1,0,0,0.1,0,0,0.1,0,0.0583333,0.0251329,29456,0,0.1,0
33.4,0.0666667,0.0999762,33664,0,0.1,0,0.283333,0.0339197,143072,0.00833333,0.109749,4208,0,0.1,0,0,0.1,0,0,0.1,0,0.0307692,0.108878,16832,0.0230769,0.236908,12624,0,0.1,0,0,0.1,0,0,0.1,0,0,0.1,0,0.0538462,0.0251329,29456,0,0.1,0
33.5,0.0538462,0.108889,29456,0,0.1,0,0.276923,0.0318963,151488,0.0153846,0.206062,8416,0,0.1,0,0,0.1,0,0,0.1,0,0.0333333,0.108878,16832,0.0333333,0.272403,16832,0,0.1,0,0,0.1,0,0,0.1,0,0,0.1,0,0.0615385,0.0252338,33664,0,0.1,0
33.6,0.0692308,0.13462,37872,0,0.1,0,0.246154,0.0341316,134656,0.0153846,0.206062,8416,0,0.1,0,0,0.1,0,0,0.1,0,0.0384615,0.12578,21040,0.0461538,0.26056,25248,0,0.1,0,0,0.1,0,0,0.1,0,0,0.1,0,0.0666667,0.0252338,33664,0,0.1,0
33.7,0.075,0.13462,37872,0,0.1,0,0.266667,0.0364671,134656,0.025,0.251707,12624,0,0.1,0,0,0.1,0,0,0.1,0,0.0384615,0.12578,21040,0.0615385,0.263241,33664,0,0.1,0,0,0.1,0,0,0.1,0,0,0.1,0,0.0769231,0.025962,42080,0,0.1,0
33.8,0.0692308,0.13462,37872,0,0.1,0,0.253846,0.0335705,138864,0.0230769,0.251707,12624,0,0.1,0,0,0.1,0,0,0.1,0,0.05,0.142611,25248,0.0666667,0.263241,33664,0,0.1,0,0,0.1,0,0,0.1,0,0,0.1,0,0.0769231,0.025962,42080,0,0.1,0
33.9,0.0538462,0.151529,29456,0,0.1,0,0.230769,0.034923,126240,0.0230769,0.251707,12624,0,0.1,0,0,0.1,0,0,0.1,0,0.0461538,0.142611,25248,0.0692308,0.240481,37872,0,0.1,0,0,0.1,0,0,0.1,0,0,0.1,0,0.1,0.0292061,50496,0,0.1,0
34,0.05,0.164702,25248,0,0.1,0,0.25,0.0367086,126240,0.025,0.251707,12624,0,0.1,0,0,0.1,0,0,0.1,0,0.0384615,0.163885,21040,0.0769231,0.226879,42080,0,0.1,0,0,0.1,0,0,0.1,0,0,0.1,0,0.1,0.0317222,54704,0,0.1,0
34.1,0.0615385,0.198222,33664,0,0.1,0,0.238462,0.0365867,130448,0.0307692,0.304869,16832,0,0.1,0,0,0.1,0,0,0.1,0,0.0416667,0.163885,21040,0.0833333,0.226879,42080,0,0.1,0,0,0.1,0,0,0.1,0,0,0.1,0,0.107692,0.0318134,58912,0,0.1,0
34.2,0.0615385,0.198222,33664,0,0.1,0,0.223077,0.0354138,122032,0.0307692,0.304869,16832,0,0.1,0,0,0.1,0,0,0.1,0,0.0384615,0.163885,21040,0.0923077,0.22442,50496,0,0.1,0,0,0.1,0,0,0.1,0,0,0.1,0,0.15,0.039806,75744,0,0.1,0
34.3,0.0583333,0.218625,29456,0,0.1,0,0.258333,0.0355738,130448,0.0333333,0.304869,16832,0,0.1,0,0,0.1,0,0,0.1,0,0.0307692,0.196148,16832,0.1,0.24272,54704,0,0.1,0,0,0.1,0,0,0.1,0,0,0.1,0,0.153846,0.0374147,84160,0,0.1,0
34.4,0.0615385,0.260478,33664,0,0.1,0,0.230769,0.0298986,126240,0.0307692,0.304869,16832,0,0.1,0,0,0.1,0,0,0.1,0,0.0333333,0.196148,16832,0.1,0.249763,50496,0,0.1,0,0,0.1,0,0,0.1,0,0,0.1,0,0.153846,0.0374147,84160,0,0.1,0
34.5,0.0615385,0.260478,33664,0,0.1,0,0.215385,0.0325626,117824,0.0390625,0.367796,21040,0,0.1,0,0,0.1,0,0,0.1,0,0.0307692,0.196148,16832,0.0923077,0.249763,50496,0,0.1,0,0,0.1,0,0,0.1,0,0,0.1,0,0.158333,0.0393229,79952,0,0.1,0
34.6,0.0666667,0.260478,33664,0,0.1,0,0.241667,0.0323495,122032,0.0423729,0.367796,21040,0,0.1,0,0,0.1,0,0,0.1,0,0.0307692,0.196148,16832,0.1,0.250043,54704,0,0.1,0,0,0.1,0,0,0.1,0,0,0.1,0,0.16,0.0383854,84160,0,0.1,0
34.7,0.0615385,0.260478,33664,0,0.1,0,0.230769,0.0315785,126240,0.0569106,0.466284,29456,0,0.1,0,0,0.1,0,0,0.1,0,0.025,0.17424,12624,0.1,0.24676,50496,0,0.1,0,0,0.1,0,0,0.1,0,0,0.1,0,0.175,0.0376411,88368,0,0.1,0
34.8,0.0615385,0.260478,33664,0,0.1,0,0.223077,0.0314251,122032,0.059322,0.466284,29456,0,0.1,0,0,0.1,0,0,0.1,0,0.0307692,0.25496,16832,0.0923077,0.24676,50496,0,0.1,0,0,0.1,0,0,0.1,0,0,0.1,0,0.190909,0.0376411,88368,0.00833333,0.0773488,4208
34.9,0.0666667,0.260478,33664,0,0.1,0,0.233333,0.0335716,117824,0.0833333,0.520184,37872,0,0.1,0,0,0.1,0,0,0.1,0,0.0307692,0.25496,16832,0.1,0.263735,54704,0,0.1,0,0,0.1,0,0,0.1,0,0,0.1,0,0.173913,0.0373886,84160,0.0153846,0.0523284,8416
35,0.0538462,0.27011,29456,0,0.1,0,0.223077,0.0328882,122032,0.0707965,0.571488,33664,0,0.1,0,0,0.1,0,0,0.1,0,0.025,0.305758,12624,0.125,0.238427,63120,0,0.1,0,0,0.1,0,0,0.1,0,0,0.1,0,0.181818,0.0368826,84160,0.0153846,0.0523284,8416
35.1,0.0538462,0.27011,29456,0,0.1,0,0.215385,0.0329687,117824,0.0740741,0.571488,33664,0,0.1,0,0,0.1,0,0,0.1,0,0.0230769,0.305758,12624,0.123077,0.224864,67328,0,0.1,0,0,0.1,0,0,0.1,0,0,0.1,0,0.2,0.0368826,84160,0.0166667,0.0523284,8416
35.2,0.0583333,0.27011,29456,0,0.1,0,0.25,0.0360571,126240,0.0816327,0.571488,33664,0,0.1,0,0,0.1,0,0,0.1,0,0.0230769,0.305758,12624,0.123077,0.224864,67328,0,0.1,0,0,0.1,0,0,0.1,0,0,0.1,0,0.190476,0.034487,84160,0.0153846,0.0523284,8416
35.3,0.0461538,0.27915,25248,0,0.1,0,0.238462,0.0337642,130448,0.0776699,0.571488,33664,0,0.1,0,0,0.1,0,0,0.1,0,0.025,0.305758,12624,0.125,0.222316,63120,0,0.1,0,0,0.1,0,0,0.1,0,0,0.1,0,0.21,0.0344243,88368,0.0230769,0.0734441,12624
35.4,0.0461538,0.27915,25248,0,0.1,0,0.230769,0.0333925,126240,0.0714286,0.609933,29456,0,0.1,0,0,0.1,0,0,0.1,0,0.0230769,0.305758,12624,0.130769,0.189107,71536,0,0.1,0,0,0.1,0,0,0.1,0,0,0.1,0,0.233333,0.0359003,88368,0.025,0.0734441,12624
35.5,0.05,0.222156,25248,0,0.1,0,0.258333,0.0331313,130448,0.0795455,0.609933,29456,0,0.1,0,0,0.1,0,0,0.1,0,0.0153846,0.361942,8416,0.115385,0.182738,63120,0,0.1,0,0,0.1,0,0,0.1,0,0,0.1,0,0.231579,0.0355278,92576,0.0307692,0.0593802,16832
35.6,0.0461538,0.222156,25248,0,0.1,0,0.253846,0.0304436,138864,0.0645161,0.654422,25248,0,0.1,0,0,0.1,0,0,0.1,0,0.0166667,0.361942,8416,0.116667,0.159841,58912,0,0.1,0,0,0.1,0,0,0.1,0,0,0.1,0,0.222222,0.0361931,84160,0.0307692,0.0593802,16832
35.7,0.0461538,0.222156,25248,0,0.1,0,0.230769,0.0300081,126240,0.0681818,0.654422,25248,0,0.1,0,0,0.1,0,0,0.1,0,0.00769231,0.49712,4208,0.107692,0.159841,58912,0,0.1,0,0,0.1,0,0,0.1,0,0,0.1,0,0.25,0.0361931,84160,0.0416667,0.0638249,21040
35.8,0.05,0.222156,25248,0,0.1,0,0.258333,0.0300061,130448,0.0769231,0.654422,25248,0,0.1,0,0,0.1,0,0,0.1,0,0.00769231,0.49712,4208,0.1,0.167644,54704,0,0.1,0,0,0.1,0,0,0.1,0,0,0.1,0,0.247059,0.0377485,88368,0.0384615,0.0638249,21040
35.9,0.0461538,0.222156,25248,0,0.1,0,0.246154,0.0282018,134656,0.0722892,0.654422,25248,0,0.1,0,0,0.1,0,0,0.1,0,0.00833333,0.49712,4208,0.1,0.172909,50496,0,0.1,0,0,0.1,0,0,0.1,0,0,0.1,0,0.2625,0.0355322,88368,0.0461538,0.0559934,25248
36,0.0307692,0.183845,16832,0,0.1,0,0.246154,0.0248372,134656,0.0641026,0.692435,21040,0,0.1,0,0,0.1,0,0,0.1,0,0.00769231,0.49712,4208,0.0923077,0.172909,50496,0,0.1,0,0,0.1,0,0,0.1,0,0,0.1,0,0.285714,0.0356589,84160,0.05,0.0559934,25248
36.1,0.0333333,0.183845,16832,0,0.1,0,0.258333,0.0250643,130448,0.0735294,0.692435,21040,0,0.1,0,0,0.1,0,0,0.1,0,0.00769231,0.49712,4208,0.0846154,0.153523,46288,0,0.1,0,0,0.1,0,0,0.1,0,0,0.1,0,0.24,0.0315543,75744,0.0461538,0.0559934,25248
36.2,0.0307692,0.183845,16832,0,0.1,0,0.230769,0.0247827,126240,0.0684932,0.692435,21040,0,0.1,0,0,0.1,0,0,0.1,0,0.00833333,0.49712,4208,0.0833333,0.122644,42080,0,0.1,0,0,0.1,0,0,0.1,0,0,0.1,0,0.242857,0.0326519,71536,0.0461538,0.0559934,25248
36.3,0.0153846,0.0536992,8416,0,0.1,0,0.223077,0.0239163,122032,0.0735294,0.692435,21040,0,0.1,0,0,0.1,0,0,0.1,0,0.00769231,0.49712,4208,0.0769231,0.122644,42080,0,0.1,0,0,0.1,0,0,0.1,0,0,0.1,0,0.283333,0.0326519,71536,0.05,0.0559934,25248
36.4,0.0166667,0.0536992,8416,0,0.1,0,0.25,0.0250966,126240,0.0666667,0.710668,16832,0,0.1,0,0,0.1,0,0,0.1,0,0.00769231,0.49712,4208,0.0846154,0.119675,46288,0,0.1,0,0,0.1,0,0,0.1,0,0,0.1,0,0.246154,0.0318434,67328,0.0461538,0.0559934,25248
36.5,0.0153846,0.0536992,8416,0,0.1,0,0.246154,0.0251349,134656,0.0571429,0.710668,16832,0.00769231,0.0908266,4208,0,0.1,0,0,0.1,0,0.00833333,0.49712,4208,0.0833333,0.106302,42080,0,0.1,0,0,0.1,0,0,0.1,0,0,0.1,0,0.25,0.0325948,63120,0.0461538,0.0559934,25248
36.6,0.0153846,0.0536992,8416,0,0.1,0,0.238462,0.0248039,130448,0.0266667,0.708834,8416,0.0078125,0.0908266,4208,0,0.1,0,0,0.1,0,0.00769231,0.49712,4208,0.0846154,0.103346,46288,0,0.1,0,0,0.1,0,0,0.1,0,0,0.1,0,0.218182,0.0384285,50496,0.05,0.0559934,25248
36.7,0.0166667,0.0536992,8416,0,0.1,0,0.266667,0.028258,134656,0.0285714,0.708834,8416,0.0169492,0.0690652,8416,0,0.1,0,0,0.1,0,0,0.1,0,0.0846154,0.103346,46288,0,0.1,0,0,0.1,0,0,0.1,0,0,0.1,0,0.218182,0.0384285,50496,0.0384615,0.0517223,21040
36.8,0.0153846,0.0536992,8416,0,0.1,0,0.253846,0.0262849,138864,0,0.1,0,0.015873,0.0690652,8416,0,0.1,0,0,0.1,0,0,0.1,0,0.0916667,0.0716756,46288,0,0.1,0,0,0.1,0,0,0.1,0,0,0.1,0,0.24,0.0384285,50496,0.0307692,0.0578259,16832
36.9,0.0153846,0.0536992,8416,0,0.1,0,0.253846,0.0266395,138864,0,0.1,0,0.016129,0.0690652,8416,0,0.1,0,0,0.1,0,0,0.1,0,0.0769231,0.0674765,42080,0,0.1,0,0,0.1,0,0,0.1,0,0,0.1,0,0.244444,0.0408479,46288,0.0333333,0.0578259,16832
37,0.0166667,0.0536992,8416,0,0.1,0,0.283333,0.0270737,143072,0,0.1,0,0.0263158,0.0637168,12624,0,0.1,0,0,0.1,0,0,0.1,0,0.0769231,0.0739898,42080,0,0.1,0,0,0.1,0,0,0.1,0,0,0.1,0,0.244444,0.0408479,46288,0.0307692,0.0578259,16832
37.1,0.0153846,0.0536992,8416,0,0.1,0,0.253846,0.0258494,138864,0,0.1,0,0.0327869,0.0681544,16832,0,0.1,0,0,0.1,0,0,0.1,0,0.0916667,0.0780396,46288,0,0.1,0,0,0.1,0,0,0.1,0,0,0.1,0,0.25,0.0437706,42080,0.0307692,0.0578259,16832
37.2,0.0153846,0.0536992,8416,0,0.1,0,0.230769,0.0269913,126240,0,0.1,0,0.0416667,0.0601821,21040,0,0.1,0,0,0.1,0,0,0.1,0,0.0923077,0.0781469,50496,0,0.1,0,0,0.1,0,0,0.1,0,0,0.1,0,0.257143,0.0449482,37872,0.025,0.0385427,12624
37.3,0.0166667,0.0536992,8416,0,0.1,0,0.266667,0.0316097,134656,0,0.1,0,0.0454545,0.0601821,21040,0,0.1,0,0,0.1,0,0,0.1,0,0.0692308,0.0754224,37872,0,0.1,0,0,0.1,0,0,0.1,0,0,0.1,0,0.228571,0.04345,33664,0.0230769,0.0385427,12624
37.4,0,0.1,0,0,0.1,0,0.261538,0.0337659,143072,0,0.1,0,0.0508475,0.0562562,25248,0,0.1,0,0,0.1,0,0,0.1,0,0.0833333,0.0778211,42080,0,0.1,0,0,0.1,0,0,0.1,0,0,0.1,0,0.233333,0.0456991,29456,0.0153846,0.0492198,8416
37.5,0,0.1,0,0,0.1,0,0.253846,0.0341347,138864,0,0.1,0,0.0517241,0.0562562,25248,0,0.1,0,0,0.1,0,0,0.1,0,0.0769231,0.0809877,42080,0,0.1,0,0,0.1,0,0,0.1,0,0,0.1,0,0.28,0.0456991,29456,0.0166667,0.0492198,8416
37.6,0,0.1,0,0,0.1,0,0.275,0.0348114,138864,0,0.1,0,0.0566038,0.0562562,25248,0,0.1,0,0,0.1,0,0,0.1,0,0.1,0.0834828,54704,0,0.1,0,0,0.1,0,0,0.1,0,0,0.1,0,0.28,0.0456991,29456,0.00769231,0.0168357,4208
37.7,0,0.1,0,0,0.1,0,0.246154,0.0349634,134656,0,0.1,0,0.0526316,0.0562562,25248,0,0.1,0,0,0.1,0,0,0.1,0,0.108333,0.0834828,54704,0,0.1,0,0,0.1,0,0,0.1,0,0,0.1,0,0.2,0.0400456,16832,0.00769231,0.0168357,4208
37.8,0,0.1,0,0,0.1,0,0.230769,0.0361367,126240,0,0.1,0,0.0535714,0.0562562,25248,0,0.1,0,0,0.1,0,0,0.1,0,0.107692,0.0796199,58912,0,0.1,0,0,0.1,0,0,0.1,0,0,0.1,0,0.2,0.0482703,12624,0,0.1,0
37.9,0,0.1,0,0,0.1,0,0.241667,0.0387705,122032,0,0.1,0,0.0686275,0.0605634,29456,0,0.1,0,0,0.1,0,0,0.1,0,0.107692,0.0796199,58912,0,0.1,0,0,0.1,0,0,0.1,0,0,0.1,0,0.2,0.0482703,12624,0,0.1,0
38,0,0.1,0,0,0.1,0,0.230769,0.0393019,126240,0,0.1,0,0.0636364,0.0605634,29456,0,0.1,0,0,0.1,0,0,0.1,0,0.125,0.085808,63120,0,0.1,0,0,0.1,0,0,0.1,0,0,0.1,0,0.1,0.0188914,4208,0,0.1,0
38.1,0,0.1,0,0,0.1,0,0.238462,0.0435138,130448,0,0.1,0,0.0648148,0.0605634,29456,0,0.1,0,0,0.1,0,0,0.1,0,0.115385,0.085808,63120,0,0.1,0,0,0.1,0,0,0.1,0,0,0.1,0,0,0.1,0,0,0.1,0
38.2,0,0.1,0,0,0.1,0,0.241667,0.045818,122032,0,0.1,0,0.102041,0.0642974,42080,0,0.1,0,0,0.1,0,0,0.1,0,0.123077,0.0894004,67328,0,0.1,0,0,0.1,0,0,0.1,0,0,0.1,0,0,0.1,0,0,0.1,0
38.3,0,0.1,0,0,0.1,0,0.223077,0.0432782,122032,0,0.1,0,0.0943396,0.0642974,42080,0,0.1,0,0,0.1,0,0,0.1,0,0.125,0.0893614,63120,0,0.1,0,0,0.1,0,0,0.1,0,0,0.1,0,0,0.1,0,0,0.1,0
38.4,0,0.1,0,0,0.1,0,0.207692,0.0437987,113616,0,0.1,0,0.0865385,0.0613497,37872,0,0.1,0,0,0.1,0,0,0.1,0,0.115385,0.0893614,63120,0.00961538,0.0542008,4208,0,0.1,0,0,0.1,0,0,0.1,0,0,0.1,0,0,0.1,0
38.5,0,0.1,0,0,0.1,0,0.233333,0.0458279,117824,0,0.1,0,0.09375,0.0613497,37872,0,0.1,0,0,0.1,0,0,0.1,0,0.115385,0.0920332,63120,0.00961538,0.0542008,4208,0,0.1,0,0.0288462,0.0269762,12624,0,0.1,0,0,0.1,0,0,0.1,0
38.6,0,0.1,0,0,0.1,0,0.238462,0.042594,130448,0,0.1,0,0.0769231,0.0631054,33664,0,0.1,0,0,0.1,0,0,0.1,0,0.125,0.0920332,63120,0.0104167,0.0542008,4208,0,0.1,0,0.0288462,0.0269762,12624,0,0.1,0,0,0.1,0,0,0.1,0
38.7,0,0.1,0,0,0.1,0,0.238462,0.0453197,130448,0,0.1,0,0.0769231,0.0631054,33664,0,0.1,0,0,0.1,0,0,0.1,0,0.115385,0.0948782,63120,0.00961538,0.0542008,4208,0,0.1,0,0.0729167,0.0374097,29456,0,0.1,0,0,0.1,0,0,0.1,0
38.8,0,0.1,0,0,0.1,0,0.266667,0.0469844,134656,0,0.1,0,0.0833333,0.0631054,33664,0,0.1,0,0,0.1,0,0,0.1,0,0.115385,0.104089,63120,0.00961538,0.0542008,4208,0,0.1,0,0.0865385,0.0305854,37872,0,0.1,0,0,0.1,0,0,0.1,0
38.9,0,0.1,0,0,0.1,0,0.269231,0.0457423,147280,0,0.1,0,0.0673077,0.0645462,29456,0,0.1,0,0,0.1,0,0,0.1,0,0.116667,0.105342,58912,0.0104167,0.0542008,4208,0,0.1,0,0.0865385,0.0305854,37872,0,0.1,0,0,0.1,0,0,0.1,0
39,0,0.1,0,0,0.1,0,0.276923,0.0471121,151488,0,0.1,0,0.0576923,0.061726,25248,0,0.1,0,0,0.1,0,0,0.1,0,0.1,0.104327,54704,0.00961538,0.0542008,4208,0,0.1,0,0.104167,0.0297646,42080,0,0.1,0,0,0.1,0,0,0.1,0
39.1,0,0.1,0,0,0.1,0,0.325,0.0463629,164112,0,0.1,0,0.0520833,0.0684126,21040,0,0.1,0,0,0.1,0,0,0.1,0,0.1,0.10843,54704,0.00961538,0.0542008,4208,0,0.1,0,0.134615,0.0283456,58912,0,0.1,0,0,0.1,0,0,0.1,0
39.2,0,0.1,0,0,0.1,0,0.292308,0.0482613,159904,0,0.1,0,0.0480769,0.0684126,21040,0,0.1,0,0,0.1,0,0,0.1,0,0.108333,0.10843,54704,0.0104167,0.0542008,4208,0,0.1,0,0.134615,0.0283456,58912,0,0.1,0,0,0.1,0,0,0.1,0
39.3,0,0.1,0,0,0.1,0,0.284615,0.0480293,155696,0,0.1,0,0.0384615,0.0763592,16832,0,0.1,0,0,0.1,0,0,0.1,0,0.0923077,0.109181,50496,0.00961538,0.0542008,4208,0,0.1,0,0.145833,0.0283456,58912,0,0.1,0,0,0.1,0,0,0.1,0
39.4,0,0.1,0,0,0.1,0,0.308333,0.0501086,155696,0,0.1,0,0.0416667,0.0763592,16832,0,0.1,0,0,0.1,0,0,0.1,0,0.0923077,0.113676,50496,0.00961538,0.0542008,4208,0,0.1,0,0.134615,0.0283456,58912,0,0.1,0,0,0.1,0,0,0.1,0
39.5,0,0.1,0,0,0.1,0,0.276923,0.0506304,151488,0,0.1,0,0.0384615,0.0763592,16832,0,0.1,0,0,0.1,0,0,0.1,0,0.075,0.120968,37872,0.0104167,0.0542008,4208,0,0.1,0,0.144231,0.0325492,63120,0,0.1,0,0,0.1,0,0,0.1,0
39.6,0,0.1,0,0,0.1,0,0.284615,0.0536174,155696,0,0.1,0,0.0384615,0.0763592,16832,0,0.1,0,0,0.1,0,0,0.1,0,0.0769231,0.113184,42080,0.00961538,0.0542008,4208,0,0.1,0,0.166667,0.0325184,67328,0,0.1,0,0,0.1,0,0,0.1,0
39.7,0,0.1,0,0,0.1,0,0.316667,0.05439,159904,0,0.1,0,0.0416667,0.0763592,16832,0,0.1,0,0,0.1,0,0,0.1,0,0.0692308,0.122493,37872,0.00961538,0.0542008,4208,0,0.1,0,0.163462,0.0310496,71536,0,0.1,0,0,0.1,0,0,0.1,0
39.8,0,0.1,0,0,0.1,0,0.292308,0.0621351,159904,0,0.1,0,0.0288462,0.07301,12624,0,0.1,0,0,0.1,0,0,0.1,0,0.075,0.122493,37872,0.0104167,0.0542008,4208,0,0.1,0,0.163462,0.0310496,71536,0,0.1,0,0,0.1,0,0,0.1,0
39.9,0,0.1,0,0,0.1,0,0.3,0.0673287,164112,0,0.1,0,0.0288462,0.07301,12624,0,0.1,0,0,0.1,0,0,0.1,0,0.0538462,0.127414,29456,0.00961538,0.0542008,4208,0,0.1,0,0.1875,0.0320409,75744,0,0.1,0,0,0.1,0,0,0.1,0
40,0,0.1,0,0,0.1,0,0.325,0.0725933,164112,0,0.1,0,0.03125,0.07301,12624,0,0.1,0,0,0.1,0,0,0.1,0,0.0615385,0.123763,33664,0.00961538,0.0542008,4208,0,0.1,0,0.192308,0.0319408,84160,0,0.1,0,0,0.1,0,0,0.1,0
40.1,0,0.1,0,0,0.1,0,0.338462,0.0868409,185152,0,0.1,0,0,0.1,0,0,0.1,0,0,0.1,0,0,0.1,0,0.0833333,0.111693,42080,0.0104167,0.0542008,4208,0,0.1,0,0.201923,0.0307766,88368,0,0.1,0,0,0.1,0,0,0.1,0
40.2,0,0.1,0,0,0.1,0,0.338462,0.0964752,185152,0,0.1,0,0,0.1,0,0,0.1,0,0,0.1,0,0,0.1,0,0.0769231,0.111693,42080,0.00961538,0.0542008,4208,0,0.1,0,0.21875,0.0307766,88368,0,0.1,0,0,0.1,0,0,0.1,0
40.3,0,0.1,0,0,0.1,0,0.408333,0.106598,206192,0,0.1,0,0,0.1,0,0,0.1,0,0,0.1,0,0,0.1,0,0.0769231,0.111693,42080,0.00961538,0.103378,4208,0,0.1,0,0.211538,0.0296885,92576,0,0.1,0,0,0.1,0,0,0.1,0
40.4,0,0.1,0,0,0.1,0,0.376923,0.106701,206192,0,0.1,0,0,0.1,0,0,0.1,0,0.0208333,2.04874,8416,0,0.1,0,0.075,0.111452,37872,0.0104167,0.103378,4208,0,0.1,0,0.182692,0.0301167,79952,0,0.1,0,0,0.1,0,0,0.1,0
40.5,0,0.1,0,0,0.1,0,0.353846,0.114776,193568,0,0.1,0,0,0.1,0,0,0.1,0,0.0384615,1.04012,16832,0,0.1,0,0.0692308,0.111452,37872,0.00961538,0.103378,4208,0,0.1,0,0.208333,0.0302224,84160,0,0.1,0,0,0.1,0,0,0.1,0
40.6,0,0.1,0,0,0.1,0,0.391667,0.121815,197776,0,0.1,0,0,0.1,0,0,0.1,0,0.0480769,0.848622,21040,0,0.1,0,0.0615385,0.105166,33664,0.00961538,0.103378,4208,0,0.1,0,0.163462,0.0262072,71536,0,0.1,0,0,0.1,0,0,0.1,0
40.7,0,0.1,0,0,0.1,0,0.361538,0.124973,197776,0,0.1,0,0,0.1,0,0,0.1,0,0.0729167,0.618858,29456,0,0.1,0,0.0583333,0.0955683,29456,0.0208333,0.0941213,8416,0,0.1,0,0.173077,0.0290166,75744,0,0.1,0,0,0.1,0,0,0.1,0
40.8,0,0.1,0,0,0.1,0,0.346154,0.132972,189360,0,0.1,0,0,0.1,0,0,0.1,0,0.0865385,0.4885,37872,0,0.1,0,0.0538462,0.0955683,29456,0.0192308,0.0941213,8416,0,0.1,0,0.1875,0.0290166,75744,0,0.1,0,0,0.1,0,0,0.1,0
40.9,0,0.1,0,0,0.1,0,0.366667,0.140855,185152,0,0.1,0,0,0.1,0,0,0.1,0,0.0865385,0.4885,37872,0,0.1,0,0.0538462,0.0955683,29456,0.0192308,0.0941213,8416,0,0.1,0,0.182692,0.0297035,79952,0,0.1,0,0,0.1,0,0,0.1,0
41,0,0.1,0,0,0.1,0,0.346154,0.152864,189360,0,0.1,0,0,0.1,0,0,0.1,0,0.09375,0.4885,37872,0,0.1,0,0.05,0.0893867,25248,0.03125,0.0943534,12624,0,0.1,0,0.144231,0.0310117,63120,0,0.1,0,0,0.1,0,0,0.1,0
41.1,0,0.1,0,0.00961538,0.0837896,4208,0.346154,0.156223,189360,0,0.1,0,0,0.1,0,0,0.1,0,0.0961538,0.440218,42080,0,0.1,0,0.0461538,0.0893867,25248,0.0384615,0.0929925,16832,0,0.1,0,0.1875,0.0341189,75744,0,0.1,0,0,0.1,0,0,0.1,0
41.2,0,0.1,0,0.0208333,0.0552771,8416,0.408333,0.157197,206192,0,0.1,0,0,0.1,0,0,0.1,0,0.0961538,0.440218,42080,0,0.1,0,0.0461538,0.0893867,25248,0.0384615,0.0929925,16832,0,0.1,0,0.192308,0.035003,84160,0,0.1,0,0,0.1,0,0,0.1,0
41.3,0,0.1,0,0.0288462,0.0396356,12624,0.369231,0.162298,201984,0,0.1,0,0,0.1,0,0,0.1,0,0.104167,0.440218,42080,0,0.1,0,0.0416667,0.0822889,21040,0.0416667,0.0929925,16832,0,0.1,0,0.201923,0.0336932,88368,0,0.1,0,0,0.1,0,0,0.1,0
41.4,0,0.1,0,0.0288462,0.0396356,12624,0.392308,0.16319,214608,0,0.1,0,0,0.1,0,0,0.1,0,0.0961538,0.440218,42080,0,0.1,0,0.0384615,0.0822889,21040,0.0384615,0.0929925,16832,0,0.1,0,0.208333,0.0308078,84160,0,0.1,0,0,0.1,0,0,0.1,0
41.5,0,0.1,0,0.0416667,0.0390678,16832,0.441667,0.162089,223024,0,0.1,0,0,0.1,0,0,0.1,0,0.125,0.345547,54704,0,0.1,0,0.0307692,0.0920784,16832,0.0384615,0.0929925,16832,0,0.1,0,0.182692,0.0307422,79952,0,0.1,0,0,0.1,0,0,0.1,0
41.6,0,0.1,0,0.0471698,0.0388898,21040,0.407692,0.163826,223024,0,0.1,0,0,0.1,0,0,0.1,0,0.135417,0.345547,54704,0,0.1,0,0.0333333,0.0920784,16832,0.0416667,0.0929925,16832,0,0.1,0,0.169811,0.0320307,75744,0,0.1,0,0,0.1,0,0,0.1,0
41.7,0,0.1,0,0.0555556,0.0346995,25248,0.446154,0.163939,244064,0,0.1,0,0,0.1,0,0,0.1,0,0.141509,0.302799,63120,0,0.1,0,0.0307692,0.0920784,16832,0.0377358,0.0929925,16832,0,0.1,0,0.204082,0.0342051,84160,0,0.1,0,0,0.1,0,0,0.1,0
41.8,0,0.1,0,0.07,0.033352,29456,0.508333,0.163054,256688,0,0.1,0,0,0.1,0,0,0.1,0,0.138889,0.302799,63120,0,0.1,0,0.0307692,0.0920784,16832,0.037037,0.0929925,16832,0,0.1,0,0.185185,0.0337905,84160,0,0.1,0,0,0.1,0,0,0.1,0
41.9,0,0.1,0,0.0727273,0.0318819,33664,0.469231,0.162055,256688,0,0.1,0,0,0.1,0,0,0.1,0,0.17,0.271308,71536,0,0.1,0,0.025,0.0900374,12624,0.04,0.0929925,16832,0,0.1,0,0.163636,0.0340962,75744,0,0.1,0,0,0.1,0,0,0.1,0
42,0,0.1,0,0.0803571,0.030301,37872,0.446154,0.158164,244064,0,0.1,0,0,0.1,0,0,0.1,0,0.154545,0.271308,71536,0,0.1,0,0,0.1,0,0.0363636,0.0929925,16832,0,0.1,0,0.166667,0.0356611,71536,0,0.1,0,0,0.1,0,0,0.1,0
42.1,0,0.1,0,0.0865385,0.030301,37872,0.5,0.157291,252480,0,0.1,0,0,0.1,0,0,0.1,0,0.169643,0.255115,79952,0,0.1,0,0,0.1,0,0.0357143,0.0929925,16832,0,0.1,0,0.160714,0.0343284,75744,0,0.1,0,0,0.1,0,0,0.1,0
42.2,0,0.1,0,0.105263,0.0274175,50496,0.415385,0.156552,227232,0.008,0.0571584,4208,0,0.1,0,0,0.1,0,0.182692,0.255115,79952,0,0.1,0,0,0.1,0,0.0288462,0.0895306,12624,0,0.1,0,0.149123,0.0359454,71536,0,0.1,0,0,0.1,0,0,0.1,0
42.3,0,0.1,0,0.103448,0.0274175,50496,0.415385,0.162521,227232,0.00806452,0.0571584,4208,0,0.1,0,0,0.1,0,0.149123,0.044101,71536,0,0.1,0,0,0.1,0,0.0263158,0.0895306,12624,0,0.1,0,0.160377,0.0359454,71536,0,0.1,0,0,0.1,0,0,0.1,0
42.4,0,0.1,0,0.148148,0.0290194,67328,0.458333,0.167373,231440,0.00877193,0.0571584,4208,0,0.1,0,0,0.1,0,0.155172,0.0427821,75744,0,0.1,0,0,0.1,0,0.0258621,0.0895306,12624,0,0.1,0,0.163793,0.0332263,79952,0,0.1,0,0,0.1,0,0,0.1,0
42.5,0,0.1,0,0.152542,0.0312837,75744,0.430769,0.170332,235648,0.00813008,0.0571584,4208,0,0.1,0,0,0.1,0,0.166667,0.0407642,75744,0,0.1,0,0,0.1,0,0.037037,0.15564,16832,0,0.1,0,0.152542,0.0338492,75744,0,0.1,0,0,0.1,0,0,0.1,0
42.6,0,0.1,0,0.158333,0.0303093,79952,0.423077,0.172728,231440,0.0163934,0.09832,8416,0,0.1,0,0.00900901,0.0304224,4208,0.135593,0.0403037,67328,0,0.1,0,0,0.1,0,0.0254237,0.179232,12624,0,0.1,0,0.145455,0.0335911,67328,0,0.1,0,0,0.1,0,0,0.1,0
42.7,0,0.1,0,0.178571,0.0298506,84160,0.441667,0.17455,223024,0.0267857,0.102198,12624,0,0.1,0,0.00892857,0.0304224,4208,0.141667,0.0519529,71536,0,0.1,0,0,0.1,0,0.025,0.179232,12624,0,0.1,0,0.133333,0.0335911,67328,0,0.1,0,0,0.1,0,0,0.1,0
42.8,0,0.1,0,0.188525,0.0291281,96784,0.4,0.175607,218816,0.0413223,0.0793507,21040,0,0.1,0,0.00961538,0.0304224,4208,0.178571,0.0530793,84160,0,0.1,0,0,0.1,0,0.0357143,0.146436,16832,0,0.1,0,0.131148,0.0431998,67328,0,0.1,0,0,0.1,0,0,0.1,0
42.9,0,0.1,0,0.193548,0.0280446,100992,0.384615,0.178052,210400,0.0416667,0.0793507,21040,0,0.1,0,0.00884956,0.0304224,4208,0.172131,0.0526799,88368,0,0.1,0,0,0.1,0,0.0245902,0.163642,12624,0,0.1,0,0.140351,0.0431998,67328,0,0.1,0,0,0.1,0,0,0.1,0
43,0,0.1,0,0.198276,0.0256209,96784,0.433333,0.183356,218816,0.0545455,0.0749803,25248,0,0.1,0,0.00877193,0.0304224,4208,0.177419,0.0543831,92576,0,0.1,0,0,0.1,0,0.0241935,0.147941,12624,0,0.1,0,0.120968,0.0394066,63120,0,0.1,0,0,0.1,0,0,0.1,0
43.1,0,0.1,0,0.174603,0.0255689,92576,0.384615,0.184888,210400,0.0588235,0.0721617,29456,0,0.1,0,0.00943396,0.0304224,4208,0.189655,0.0543831,92576,0,0.1,0,0,0.1,0,0.0431034,0.125629,21040,0,0.1,0,0.103175,0.03886,54704,0,0.1,0,0,0.1,0,0,0.1,0
43.2,0,0.1,0,0.164062,0.0263887,88368,0.392308,0.18196,214608,0.059322,0.0721617,29456,0,0.1,0,0.00869565,0.0304224,4208,0.190476,0.0523999,100992,0,0.1,0,0,0.1,0,0.0396825,0.125629,21040,0,0.1,0,0.144068,0.035832,71536,0,0.1,0,0,0.1,0,0,0.1,0
43.3,0,0.1,0,0.175,0.0263887,88368,0.416667,0.17927,210400,0.0648148,0.0721617,29456,0,0.1,0,0.00862069,0.0304224,4208,0.1875,0.0523999,100992,0,0.1,0,0,0.1,0,0.0390625,0.125629,21040,0,0.1,0,0.148438,0.035869,79952,0,0.1,0,0,0.1,0,0,0.1,0
43.4,0,0.1,0,0.153846,0.0258399,84160,0.376923,0.181043,206192,0.0683761,0.06528,33664,0,0.1,0,0.00925926,0.0304224,4208,0.175,0.0556034,88368,0,0.1,0,0,0.1,0,0.0416667,0.125629,21040,0,0.1,0,0.146154,0.035869,79952,0,0.1,0,0,0.1,0,0,0.1,0
43.5,0,0.1,0,0.146154,0.0251906,79952,0.384615,0.179124,210400,0.0769231,0.0607233,37872,0,0.1,0,0.00854701,0.0304224,4208,0.169231,0.100667,92576,0,0.1,0,0,0.1,0,0.0384615,0.125629,21040,0,0.1,0,0.166667,0.036878,84160,0,0.1,0,0,0.1,0,0,0.1,0
43.6,0,0.1,0,0.166667,0.0378541,84160,0.383333,0.173149,193568,0.0833333,0.0607233,37872,0,0.1,0,0.00854701,0.0304224,4208,0.153846,0.10824,84160,0,0.1,0,0,0.1,0,0.0384615,0.125629,21040,0,0.1,0,0.138462,0.0350006,75744,0,0.1,0,0,0.1,0,0,0.1,0
43.7,0,0.1,0,0.153846,0.0373255,84160,0.346154,0.164629,189360,0.0769231,0.0607233,37872,0,0.1,0,0.00925926,0.0304224,4208,0.183333,0.119494,92576,0,0.1,0,0,0.1,0,0.0416667,0.125629,21040,0,0.1,0,0.130769,0.0346711,71536,0,0.1,0,0,0.1,0,0,0.1,0
43.8,0,0.1,0,0.153846,0.0368017,84160,0.338462,0.160905,185152,0.0769231,0.0607233,37872,0,0.1,0,0.00854701,0.0304224,4208,0.153846,0.12793,84160,0,0.1,0,0,0.1,0,0.0461538,0.111915,25248,0,0.1,0,0.141667,0.0346711,71536,0,0.1,0,0,0.1,0,0,0.1,0
43.9,0,0.1,0,0.166667,0.0376267,84160,0.375,0.156606,189360,0.0833333,0.0607233,37872,0,0.1,0,0.017094,0.0701133,8416,0.169231,0.147993,92576,0,0.1,0,0,0.1,0,0.0461538,0.111915,25248,0,0.1,0,0.138462,0.0411879,75744,0,0.1,0,0,0.1,0,0,0.1,0
44,0,0.1,0,0.153846,0.0376267,84160,0.338462,0.148024,185152,0.0769231,0.0607233,37872,0,0.1,0,0.0185185,0.0701133,8416,0.183333,0.157863,92576,0,0.1,0,0,0.1,0,0.0583333,0.103523,29456,0,0.1,0,0.138462,0.0459335,75744,0,0.1,0,0,0.1,0,0,0.1,0
44.1,0,0.1,0,0.146154,0.0405516,79952,0.353846,0.147508,193568,0.0769231,0.0700107,37872,0,0.1,0,0.017094,0.0701133,8416,0.169231,0.157863,92576,0,0.1,0,0,0.1,0,0.0615385,0.0994411,33664,0,0.1,0,0.15,0.0459335,75744,0,0.1,0,0,0.1,0,0,0.1,0
44.2,0,0.1,0,0.158333,0.0405516,79952,0.375,0.142956,189360,0.0833333,0.0700107,37872,0,0.1,0,0.017094,0.0701133,8416,0.184615,0.167501,100992,0,0.1,0,0,0.1,0,0.0615385,0.0994411,33664,0,0.1,0,0.146154,0.0438485,79952,0,0.1,0,0,0.1,0,0,0.1,0
44.3,0,0.1,0,0.130769,0.0399942,71536,0.330769,0.138515,180944,0.0854701,0.0814548,42080,0,0.1,0,0.0185185,0.0701133,8416,0.191667,0.20316,96784,0,0.1,0,0,0.1,0,0.075,0.0937786,37872,0,0.1,0,0.123077,0.0487915,67328,0,0.1,0,0,0.1,0,0,0.1,0
44.4,0,0.1,0,0.115385,0.0387404,63120,0.315385,0.136226,172528,0.0854701,0.0814548,42080,0,0.1,0,0.017094,0.0701133,8416,0.169231,0.210289,92576,0.00854701,0.0547301,4208,0,0.1,0,0.0692308,0.0557692,37872,0,0.1,0,0.141667,0.0476218,71536,0,0.1,0,0,0.1,0,0,0.1,0
44.5,0,0.1,0,0.133333,0.0460216,67328,0.35,0.138312,176736,0.0833333,0.0750074,37872,0,0.1,0,0.00854701,0.109804,4208,0.169231,0.210289,92576,0.00854701,0.0547301,4208,0,0.1,0,0.0846154,0.0759624,46288,0,0.1,0,0.130769,0.0491804,71536,0,0.1,0,0,0.1,0,0,0.1,0
44.6,0,0.1,0,0.115385,0.0476807,63120,0.330769,0.141791,180944,0.0683761,0.0706391,33664,0,0.1,0,0.00925926,0.109804,4208,0.158333,0.227553,79952,0.00925926,0.0547301,4208,0,0.1,0,0.0916667,0.0759624,46288,0,0.1,0,0.138462,0.0511987,75744,0,0.1,0,0,0.1,0,0,0.1,0
44.7,0,0.1,0,0.1,0.0506936,54704,0.330769,0.140292,180944,0.0512821,0.0791588,25248,0,0.1,0,0.00854701,0.109804,4208,0.123077,0.259071,67328,0.00854701,0.0547301,4208,0,0.1,0,0.0769231,0.0787541,42080,0,0.1,0,0.166667,0.0437104,84160,0,0.1,0,0,0.1,0,0,0.1,0
44.8,0,0.1,0,0.1,0.0546577,50496,0.341667,0.13337,172528,0.0555556,0.0791588,25248,0,0.1,0,0.017094,0.08588,8416,0.115385,0.273362,63120,0.00854701,0.0547301,4208,0,0.1,0,0.0846154,0.0827468,46288,0,0.1,0,0.184615,0.040515,100992,0,0.1,0,0,0.1,0,0,0.1,0
44.9,0,0.1,0,0.107692,0.0520139,58912,0.276923,0.123163,151488,0.042735,0.0843649,21040,0,0.1,0,0.0185185,0.08588,8416,0.108333,0.308047,54704,0.0277778,0.0830394,12624,0,0.1,0,0.0916667,0.0860939,46288,0,0.1,0,0.176923,0.040438,96784,0,0.1,0,0,0.1,0,0,0.1,0
45,0,0.1,0,0.115385,0.0527037,63120,0.246154,0.123324,134656,0.034188,0.0916436,16832,0,0.1,0,0.017094,0.08588,8416,0.1,0.308047,54704,0.025641,0.0830394,12624,0,0.1,0,0.0692308,0.0847457,37872,0,0.1,0,0.2,0.0397992,100992,0,0.1,0,0,0.1,0,0,0.1,0
45.1,0,0.1,0,0.141667,0.0548553,71536,0.25,0.123784,126240,0.037037,0.0916436,16832,0,0.1,0,0.025641,0.077822,12624,0.0846154,0.358494,46288,0.025641,0.0830394,12624,0,0.1,0,0.0692308,0.0847457,37872,0,0.1,0,0.153846,0.0422615,84160,0,0.1,0,0,0.1,0,0,0.1,0
45.2,0,0.1,0,0.153846,0.0512235,84160,0.215385,0.124912,117824,0.034188,0.0916436,16832,0,0.1,0,0.0277778,0.077822,12624,0.0916667,0.358494,46288,0.0277778,0.0830394,12624,0,0.1,0,0.0833333,0.0842,42080,0,0.1,0,0.138462,0.0429368,75744,0,0.1,0,0,0.1,0,0,0.1,0
45.3,0,0.1,0,0.161538,0.0490615,88368,0.2,0.121569,109408,0.025641,0.116489,12624,0,0.1,0,0.034188,0.0695722,16832,0.0846154,0.358494,46288,0.034188,0.0806359,16832,0,0.1,0,0.0769231,0.0842,42080,0,0.1,0,0.166667,0.0457146,84160,0,0.1,0,0,0.1,0,0,0.1,0
45.4,0,0.1,0,0.191667,0.0474216,96784,0.2,0.120862,100992,0.0185185,0.162598,8416,0,0.1,0,0.034188,0.0695722,16832,0.0769231,0.289643,42080,0.034188,0.0806359,16832,0,0.1,0,0.0846154,0.0768255,46288,0,0.1,0,0.153846,0.0435439,84160,0,0.1,0,0,0.1,0,0,0.1,0
45.5,0,0.1,0,0.184615,0.0383078,100992,0.161538,0.129093,88368,0.017094,0.162598,8416,0,0.1,0,0.0462963,0.0627416,21040,0.0833333,0.289643,42080,0.0462963,0.0702972,21040,0,0.1,0,0.1,0.0769318,50496,0,0.1,0,0.169231,0.043321,92576,0,0.1,0,0,0.1,0,0,0.1,0
45.6,0,0.1,0,0.184615,0.0413578,100992,0.130769,0.147664,71536,0.017094,0.162598,8416,0,0.1,0,0.0512821,0.0712264,25248,0.0615385,0.304047,33664,0.0512821,0.0693975,25248,0,0.1,0,0.0923077,0.0769318,50496,0,0.1,0,0.2,0.0441197,100992,0,0.1,0,0,0.1,0,0,0.1,0
45.7,0,0.1,0,0.2,0.0440915,100992,0.133333,0.15514,67328,0.0185185,0.162598,8416,0,0.1,0,0.0512821,0.0712264,25248,0.0615385,0.304047,33664,0.0598291,0.0803158,29456,0,0.1,0,0.0846154,0.0799848,46288,0,0.1,0,0.2,0.0434063,109408,0,0.1,0,0,0.1,0,0,0.1,0
45.8,0,0.1,0,0.2,0.0484478,109408,0.1,0.172061,54704,0.017094,0.162598,8416,0,0.1,0,0.0648148,0.0623156,29456,0.05,0.28919,25248,0.0648148,0.0803158,29456,0,0.1,0,0.108333,0.0783573,54704,0,0.1,0,0.215385,0.0379864,117824,0,0.1,0,0,0.1,0,0,0.1,0
45.9,0,0.1,0,0.2,0.0484478,109408,0.0769231,0.202546,42080,0.017094,0.162598,8416,0,0.1,0,0.0683761,0.0735138,33664,0.0307692,0.320761,16832,0.0598291,0.0803158,29456,0,0.1,0,0.0923077,0.0804566,50496,0,0.1,0,0.241667,0.0355513,122032,0,0.1,0,0,0.1,0,0,0.1,0
46,0,0.1,0,0.2,0.0493915,100992,0.0666667,0.219139,33664,0.00925926,0.184452,4208,0,0.1,0,0.0683761,0.0735138,33664,0.0307692,0.320761,16832,0.0598291,0.0803158,29456,0,0.1,0,0.0846154,0.081328,46288,0,0.1,0,0.230769,0.0347489,126240,0,0.1,0,0,0.1,0,0,0.1,0
46.1,0,0.1,0,0.184615,0.0493915,100992,0.0538462,0.239235,29456,0.00854701,0.184452,4208,0,0.1,0,0.0833333,0.0866634,37872,0.0166667,0.368005,8416,0.0740741,0.0756257,33664,0,0.1,0,0.108333,0.0814948,54704,0,0.1,0,0.223077,0.0357292,122032,0,0.1,0,0,0.1,0,0,0.1,0
46.2,0,0.1,0,0.176923,0.0502205,96784,0.0461538,0.247119,25248,0,0.1,0,0,0.1,0,0.0854701,0.0930216,42080,0,0.1,0,0.0683761,0.0756257,33664,0,0.1,0,0.0923077,0.0842462,50496,0,0.1,0,0.258333,0.0384209,130448,0,0.1,0,0,0.1,0,0,0.1,0
46.3,0,0.1,0,0.2,0.0498858,100992,0.0333333,0.24376,16832,0,0.1,0,0,0.1,0,0.0940171,0.0959544,46288,0,0.1,0,0.0683761,0.079205,33664,0,0.1,0,0.0846154,0.0908245,46288,0,0.1,0,0.246154,0.0385301,134656,0,0.1,0,0,0.1,0,0,0.1,0
46.4,0,0.1,0,0.2,0.0457007,109408,0.0153846,0.258673,8416,0,0.1,0,0,0.1,0,0.12963,0.0874217,58912,0,0.1,0,0.0740741,0.079205,33664,0,0.1,0,0.075,0.0739339,37872,0,0.1,0,0.238462,0.0383264,130448,0,0.1,0,0,0.1,0,0,0.1,0
46.5,0,0.1,0,0.2,0.0457007,109408,0.00769231,0.229439,4208,0,0.1,0,0,0.1,0,0.119658,0.0874217,58912,0,0.1,0,0.0683761,0.079205,33664,0,0.1,0,0.0692308,0.0739339,37872,0,0.1,0,0.258333,0.0369582,130448,0,0.1,0,0,0.1,0,0,0.1,0
46.6,0,0.1,0,0.233333,0.0503167,117824,0.025,0.0416588,12624,0,0.1,0,0,0.1,0,0.118644,0.0874217,58912,0,0.1,0,0.0677966,0.079205,33664,0,0.1,0,0.0692308,0.0739339,37872,0,0.1,0,0.215385,0.0360736,117824,0,0.1,0,0,0.1,0,0,0.1,0
46.7,0,0.1,0,0.238462,0.048097,130448,0.0384615,0.0283257,21040,0,0.1,0,0,0.1,0,0.12844,0.0850403,58912,0,0.1,0,0.0733945,0.079205,33664,0,0.1,0,0.0666667,0.0678414,33664,0,0.1,0,0.2,0.0414768,109408,0,0.1,0,0,0.1,0,0,0.1,0
46.8,0,0.1,0,0.223077,0.0489208,122032,0.0461538,0.0247702,25248,0,0.1,0,0,0.1,0,0.12605,0.0824102,63120,0,0.1,0,0.0504202,0.0732086,25248,0,0.1,0,0.0538462,0.0663009,29456,0,0.1,0,0.241667,0.04269,122032,0,0.1,0,0,0.1,0,0,0.1,0
46.9,0,0.1,0,0.25,0.050612,126240,0.05,0.0247702,25248,0,0.1,0,0,0.1,0,0.133333,0.0773519,67328,0,0.1,0,0.05,0.0732086,25248,0,0.1,0,0.0538462,0.0663009,29456,0,0.1,0,0.223077,0.0429773,122032,0,0.1,0,0,0.1,0,0,0.1,0
47,0,0.1,0,0.238462,0.0478086,130448,0.0846154,0.0307555,46288,0,0.1,0,0,0.1,0,0.144144,0.0742749,67328,0,0.1,0,0.0630631,0.101412,29456,0,0.1,0,0.0583333,0.0663009,29456,0,0.1,0,0.223077,0.0451389,122032,0,0.1,0,0,0.1,0,0,0.1,0
47.1,0,0.1,0,0.215385,0.0496478,117824,0.0923077,0.0299405,50496,0,0.1,0,0,0.1,0,0.132231,0.0742749,67328,0,0.1,0,0.0661157,0.111152,33664,0,0.1,0,0.0461538,0.0641362,25248,0,0.1,0,0.258333,0.0444168,130448,0,0.1,0,0,0.1,0,0,0.1,0
47.2,0,0.1,0,0.241667,0.0495227,122032,0.108333,0.0310049,54704,0,0.1,0,0,0.1,0,0.122951,0.0762384,63120,0,0.1,0,0.057377,0.116541,29456,0,0.1,0,0.0461538,0.0641362,25248,0,0.1,0,0.253846,0.0505701,138864,0,0.1,0,0,0.1,0,0,0.1,0
47.3,0,0.1,0,0.215385,0.0501062,117824,0.1,0.0310049,54704,0,0.1,0,0,0.1,0,0.132743,0.0762384,63120,0,0.1,0,0.0707965,0.132479,33664,0,0.1,0,0.0416667,0.0763474,21040,0,0.1,0,0.253846,0.053283,138864,0,0.1,0,0,0.1,0,0,0.1,0
47.4,0,0.1,0,0.192308,0.051283,105200,0.107692,0.0298429,58912,0,0.1,0,0,0.1,0,0.121951,0.0772695,63120,0,0.1,0,0.0650407,0.145143,33664,0,0.1,0,0.0307692,0.075909,16832,0,0.1,0,0.258333,0.0540695,130448,0,0.1,0,0,0.1,0,0,0.1,0
47.5,0,0.1,0,0.216667,0.0517787,109408,0.125,0.0325676,63120,0,0.1,0,0,0.1,0,0.112903,0.0746709,58912,0,0.1,0,0.0645161,0.165238,33664,0,0.1,0,0.0307692,0.075909,16832,0,0.1,0,0.230769,0.0568469,126240,0,0.1,0,0,0.1,0,0,0.1,0
47.6,0,0.1,0,0.192308,0.0507808,105200,0.123077,0.0324186,67328,0,0.1,0,0,0.1,0,0.147826,0.0682575,71536,0,0.1,0,0.0608696,0.168011,29456,0,0.1,0,0.0333333,0.075909,16832,0,0.1,0,0.261538,0.0693981,143072,0,0.1,0,0,0.1,0,0,0.1,0
47.7,0,0.1,0,0.184615,0.0561646,100992,0.123077,0.0324186,67328,0,0.1,0,0,0.1,0,0.12,0.0694482,63120,0,0.1,0,0.064,0.189899,33664,0,0.1,0,0.0153846,0.0824121,8416,0,0.1,0,0.266667,0.0716778,134656,0,0.1,0,0,0.1,0,0,0.1,0
47.8,0,0.1,0,0.208333,0.054931,105200,0.133333,0.0324186,67328,0,0.1,0,0,0.1,0,0.111111,0.0635586,58912,0,0.1,0,0.0634921,0.189899,33664,0,0.1,0,0.0153846,0.0824121,8416,0,0.1,0,0.238462,0.0733461,130448,0,0.1,0,0,0.1,0,0,0.1,0
47.9,0,0.1,0,0.207692,0.0519796,113616,0.138462,0.031316,75744,0,0.1,0,0,0.1,0,0.128205,0.0632051,63120,0,0.1,0,0.0854701,0.212731,42080,0,0.1,0,0.0166667,0.0824121,8416,0,0.1,0,0.230769,0.0754083,126240,0,0.1,0,0,0.1,0,0,0.1,0
48,0,0.1,0,0.207692,0.0519796,113616,0.138462,0.031316,75744,0,0.1,0,0,0.1,0,0.141732,0.0495863,75744,0,0.1,0,0.0708661,0.231613,37872,0,0.1,0,0,0.1,0,0,0.1,0,0.266667,0.0735178,134656,0,0.1,0,0,0.1,0,0,0.1,0
48.1,0,0.1,0,0.225,0.053431,113616,0.15,0.031316,75744,0,0.1,0,0,0.1,0,0.140625,0.0414308,75744,0,0.1,0,0.0859375,0.260485,46288,0,0.1,0,0,0.1,0,0,0.1,0,0.230769,0.0732556,126240,0,0.1,0,0,0.1,0,0,0.1,0
48.2,0,0.1,0,0.2,0.0538635,109408,0.146154,0.0317087,79952,0,0.1,0,0,0.1,0,0.151261,0.0363181,75744,0,0.1,0,0.092437,0.274659,46288,0,0.1,0,0,0.1,0,0,0.1,0,0.223077,0.0760403,122032,0,0.1,0,0,0.1,0,0,0.1,0
48.3,0,0.1,0,0.184615,0.060468,100992,0.146154,0.0317087,79952,0,0.1,0,0,0.1,0,0.124031,0.0330168,67328,0,0.1,0,0.0930233,0.27531,50496,0,0.1,0,0,0.1,0,0,0.1,0,0.241667,0.0760403,122032,0,0.1,0,0,0.1,0,0,0.1,0
48.4,0,0.1,0,0.208333,0.0604884,105200,0.158333,0.0317087,79952,0,0.1,0,0,0.1,0,0.130769,0.0353603,71536,0,0.1,0,0.0923077,0.27531,50496,0,0.1,0,0,0.1,0,0,0.1,0,0.238462,0.074096,130448,0,0.1,0,0,0.1,0,0,0.1,0
48.5,0,0.1,0,0.192308,0.055289,105200,0.138462,0.0330604,75744,0,0.1,0,0,0.1,0,0.15,0.035134,75744,0,0.1,0,0.1,0.27531,50496,0,0.1,0,0,0.1,0,0,0.1,0,0.230769,0.0753933,126240,0,0.1,0,0.016129,0.0255551,4208,0,0.1,0
48.6,0,0.1,0,0.169231,0.0590948,92576,0.123077,0.0361522,67328,0,0.1,0,0,0.1,0,0.130769,0.0355174,71536,0,0.1,0,0.0923077,0.27531,50496,0,0.1,0,0,0.1,0,0,0.1,0,0.25,0.0725616,126240,0,0.1,0,0.0344828,0.0576122,8416,0,0.1,0
48.7,0,0.1,0,0.2,0.0619286,100992,0.133333,0.0377319,67328,0,0.1,0,0,0.1,0,0.153846,0.0461695,84160,0,0.1,0,0.0923077,0.27531,50496,0,0.1,0,0,0.1,0,0,0.1,0,0.215385,0.0723544,117824,0,0.1,0,0.0298507,0.0576122,8416,0,0.1,0
48.8,0,0.1,0,0.207692,0.0555481,113616,0.130769,0.0359376,71536,0,0.1,0,0,0.1,0,0.166667,0.046672,84160,0,0.1,0,0.1,0.27531,50496,0,0.1,0,0,0.1,0,0,0.1,0,0.223077,0.0689512,122032,0,0.1,0,0.0277778,0.0576122,8416,0,0.1,0
48.9,0,0.1,0,0.184615,0.0580879,100992,0.107692,0.0328197,58912,0,0.1,0,0,0.1,0,0.153846,0.0477428,84160,0,0.1,0,0.0846154,0.275735,46288,0,0.1,0,0,0.1,0,0,0.1,0,0.233333,0.069121,117824,0,0.1,0,0.0294118,0.0576122,8416,0,0.1,0
49,0,0.1,0,0.225,0.058392,113616,0.116667,0.0332696,58912,0,0.1,0,0,0.1,0,0.161538,0.0456913,88368,0,0.1,0,0.0769231,0.285376,42080,0,0.1,0,0,0.1,0,0,0.1,0,0.215385,0.0695844,117824,0,0.1,0,0.025974,0.0576122,8416,0,0.1,0
49.1,0,0.1,0,0.192308,0.0609897,105200,0.107692,0.0336469,58912,0,0.1,0,0,0.1,0,0.183333,0.0443244,92576,0,0.1,0,0.0833333,0.285376,42080,0,0.1,0,0,0.1,0,0,0.1,0,0.2,0.058416,109408,0,0.1,0,0.0243902,0.0576122,8416,0,0.1,0
49.2,0,0.1,0,0.184615,0.0623967,100992,0.123077,0.0363266,67328,0,0.1,0,0,0.1,0,0.176923,0.0447907,96784,0,0.1,0,0.0692308,0.289968,37872,0,0.1,0,0,0.1,0,0,0.1,0,0.216667,0.0552333,109408,0,0.1,0,0.025641,0.0576122,8416,0,0.1,0
49.3,0,0.1,0,0.2,0.0623967,100992,0.133333,0.0400058,67328,0,0.1,0,0,0.1,0,0.169231,0.0445136,92576,0,0.1,0,0.0615385,0.309932,33664,0,0.1,0,0,0.1,0,0,0.1,0,0.223077,0.0511166,122032,0,0.1,0,0.0229885,0.0576122,8416,0,0.1,0
49.4,0,0.1,0,0.192308,0.0578187,105200,0.123077,0.0372759,67328,0,0.1,0,0,0.1,0,0.208333,0.0460041,105200,0,0.1,0,0.0583333,0.321972,29456,0,0.1,0,0,0.1,0,0,0.1,0,0.215385,0.0481185,117824,0,0.1,0,0.0217391,0.0576122,8416,0,0.1,0
49.5,0,0.1,0,0.192308,0.0578187,105200,0.123077,0.0419401,67328,0,0.1,0,0,0.1,0,0.192308,0.043223,105200,0,0.1,0,0.0538462,0.321972,29456,0,0.1,0,0,0.1,0,0,0.1,0,0.191667,0.0296143,96784,0,0.1,0,0.0454545,0.0723513,16832,0,0.1,0
49.6,0,0.1,0,0.208333,0.047569,105200,0.15,0.0426272,75744,0,0.1,0,0,0.1,0,0.192308,0.043223,105200,0,0.1,0,0.0461538,0.318447,25248,0,0.1,0,0,0.1,0,0,0.1,0,0.192308,0.0272942,105200,0,0.1,0,0.0515464,0.0619345,21040,0,0.1,0
49.7,0,0.1,0,0.184615,0.0484959,100992,0.153846,0.0402468,84160,0,0.1,0,0,0.1,0,0.225,0.0427334,113616,0,0.1,0,0.05,0.318447,25248,0,0.1,0,0,0.1,0,0,0.1,0,0.184615,0.0265773,100992,0,0.1,0,0.0490196,0.0619345,21040,0,0.1,0
49.8,0,0.1,0,0.176923,0.0536107,96784,0.146154,0.0443815,79952,0,0.1,0,0,0.1,0,0.2,0.0421365,109408,0,0.1,0,0.0307692,0.325642,16832,0,0.1,0,0,0.1,0,0,0.1,0,0.208333,0.0263439,105200,0,0.1,0,0.0510204,0.0619345,21040,0,0.1,0
49.9,0,0.1,0,0.2,0.0550722,100992,0.158333,0.0443815,79952,0,0.1,0,0,0.1,0,0.169231,0.0436005,92576,0,0.1,0,0.0307692,0.325642,16832,0,0.1,0,0,0.1,0,0,0.1,0,0.176923,0.0247077,96784,0,0.1,0,0.046729,0.0619345,21040,0,0.1,0
50,0,0.1,0,0.176923,0.0551367,96784,0.153846,0.0450647,84160,0,0.1,0,0,0.1,0,0.175,0.0455126,88368,0,0.1,0,0.0166667,0.260871,8416,0,0.1,0,0,0.1,0,0,0.1,0,0.184615,0.024143,100992,0,0.1,0,0.0446429,0.0619345,21040,0,0.1,0
50.1,0,0.1,0,0.184615,0.0533244,100992,0.146154,0.0453956,79952,0,0.1,0,0,0.1,0,0.153846,0.0461255,84160,0,0.1,0,0.00769231,0.282466,4208,0,0.1,0,0,0.1,0,0,0.1,0,0.191667,0.0217875,96784,0,0.1,0,0.0462963,0.0619345,21040,0,0.1,0
50.2,0,0.1,0,0.183333,0.048638,92576,0.175,0.0446815,88368,0,0.1,0,0,0.1,0,0.146154,0.0462927,79952,0,0.1,0,0,0.1,0,0,0.1,0,0,0.1,0,0,0.1,0,0.184615,0.0216528,100992,0,0.1,0,0.042735,0.0619345,21040,0,0.1,0
50.3,0,0.1,0,0.161538,0.0480504,88368,0.161538,0.0446815,88368,0,0.1,0,0,0.1,0,0.15,0.044817,75744,0,0.1,0,0,0.1,0,0,0.1,0,0,0.1,0,0,0.1,0,0.176923,0.0273298,96784,0,0.1,0,0.042735,0.0619345,21040,0,0.1,0
50.4,0,0.1,0,0.146154,0.0537331,79952,0.146154,0.0431955,79952,0,0.1,0,0,0.1,0,0.130769,0.0456128,71536,0,0.1,0,0,0.1,0,0,0.1,0,0,0.1,0,0,0.1,0,0.216667,0.0309457,109408,0,0.1,0,0.037037,0.0710293,16832,0,0.1,0
50.5,0,0.1,0,0.183333,0.0561713,92576,0.166667,0.0431009,84160,0,0.1,0,0,0.1,0,0.130769,0.0456128,71536,0,0.1,0,0,0.1,0,0,0.1,0,0,0.1,0,0,0.1,0,0.184615,0.0301273,100992,0,0.1,0,0.025641,0.064816,12624,0,0.1,0
50.6,0,0.1,0,0.153846,0.0524784,84160,0.161538,0.0550947,88368,0,0.1,0,0,0.1,0,0.108333,0.0315565,54704,0,0.1,0,0,0.1,0,0,0.1,0,0,0.1,0,0,0.1,0,0.169231,0.032172,92576,0,0.1,0,0.025641,0.064816,12624,0,0.1,0
50.7,0,0.1,0,0.123077,0.0596797,67328,0.192308,0.066726,105200,0,0.1,0,0,0.1,0,0.0923077,0.0332256,50496,0,0.1,0,0,0.1,0,0,0.1,0,0,0.1,0,0,0.1,0,0.183333,0.036363,92576,0,0.1,0,0.0277778,0.064816,12624,0,0.1,0
50.8,0,0.1,0,0.166667,0.0540836,84160,0.216667,0.0721623,109408,0,0.1,0,0,0.1,0,0.0846154,0.0331652,46288,0,0.1,0,0,0.1,0,0,0.1,0,0,0.1,0,0,0.1,0,0.184615,0.0375188,100992,0,0.1,0,0.025641,0.064816,12624,0,0.1,0
50.9,0,0.1,0,0.130769,0.0528939,71536,0.2,0.0774106,109408,0,0.1,0,0,0.1,0,0.0916667,0.034671,46288,0,0.1,0,0,0.1,0,0,0.1,0,0,0.1,0,0,0.1,0,0.176923,0.0392544,96784,0,0.1,0,0.025641,0.064816,12624,0,0.1,0
51,0,0.1,0,0.153846,0.0533753,84160,0.192308,0.0785447,105200,0,0.1,0,0,0.1,0,0.0769231,0.0365763,42080,0,0.1,0,0,0.1,0,0,0.1,0,0,0.1,0,0,0.1,0,0.183333,0.0416473,92576,0,0.1,0,0.0277778,0.064816,12624,0,0.1,0
51.1,0,0.1,0,0.166667,0.0533753,84160,0.2,0.0868277,100992,0,0.1,0,0,0.1,0,0.0692308,0.0345238,37872,0,0.1,0,0,0.1,0,0,0.1,0,0,0.1,0,0,0.1,0,0.176923,0.0429843,96784,0,0.1,0,0.034188,0.0662884,16832,0,0.1,0
51.2,0,0.1,0,0.161538,0.0528408,88368,0.176923,0.0874027,96784,0,0.1,0,0,0.1,0,0.0916667,0.0353752,46288,0,0.1,0,0,0.1,0,0,0.1,0,0,0.1,0,0,0.1,0,0.161538,0.0490482,88368,0,0.1,0,0.034188,0.0662884,16832,0,0.1,0
51.3,0,0.1,0,0.146154,0.0588917,79952,0.2,0.132897,109408,0,0.1,0,0,0.1,0,0.0769231,0.0245514,42080,0,0.1,0,0,0.1,0,0,0.1,0,0,0.1,0,0,0.1,0,0.183333,0.0486498,92576,0,0.1,0,0.0462963,0.0622697,21040,0,0.1,0
51.4,0,0.1,0,0.166667,0.0601592,84160,0.225,0.146737,113616,0,0.1,0,0,0.1,0,0.0538462,0.0285796,29456,0,0.1,0,0,0.1,0,0,0.1,0,0,0.1,0,0,0.1,0,0.176923,0.0477989,96784,0,0.1,0,0.034188,0.0516039,16832,0,0.1,0
51.5,0,0.1,0,0.138462,0.0636331,75744,0.207692,0.165521,113616,0,0.1,0,0,0.1,0,0.0666667,0.0264557,33664,0,0.1,0,0,0.1,0,0,0.1,0,0,0.1,0,0,0.1,0,0.153846,0.0538482,84160,0,0.1,0,0.025641,0.0620495,12624,0,0.1,0
51.6,0,0.1,0,0.138462,0.0636331,75744,0.215385,0.186881,117824,0,0.1,0,0,0.1,0,0.0461538,0.0230694,25248,0,0.1,0,0,0.1,0,0,0.1,0,0,0.1,0,0,0.1,0,0.175,0.0542813,88368,0,0.1,0,0.037037,0.0691741,16832,0,0.1,0
51.7,0,0.1,0,0.158333,0.0622039,79952,0.233333,0.193534,117824,0,0.1,0,0,0.1,0,0.0461538,0.0230694,25248,0,0.1,0,0,0.1,0,0,0.1,0,0,0.1,0,0,0.1,0,0.169231,0.0559072,92576,0,0.1,0,0.0338983,0.0691741,16832,0,0.1,0
51.8,0,0.1,0,0.146154,0.0576776,79952,0.253846,0.202444,138864,0,0.1,0,0,0.1,0,0.0583333,0.0256458,29456,0,0.1,0,0,0.1,0,0,0.1,0,0,0.1,0,0,0.1,0,0.169231,0.0559072,92576,0,0.1,0,0.0336134,0.0691741,16832,0,0.1,0
51.9,0,0.1,0,0.146154,0.0576776,79952,0.269231,0.210561,147280,0,0.1,0,0,0.1,0,0.0538462,0.0256458,29456,0,0.1,0,0,0.1,0,0,0.1,0,0,0.1,0,0,0.1,0,0.183333,0.0563746,92576,0,0.1,0,0.0363636,0.0691741,16832,0,0.1,0
52,0,0.1,0,0.15,0.0602352,75744,0.325,0.211955,164112,0,0.1,0,0,0.1,0,0.0615385,0.0349377,33664,0,0.1,0,0,0.1,0,0,0.1,0,0,0.1,0,0,0.1,0,0.184615,0.052977,100992,0,0.1,0,0.0333333,0.0691741,16832,0,0.1,0
52.1,0,0.1,0,0.138462,0.0602352,75744,0.284615,0.221364,155696,0,0.1,0,0,0.1,0,0.075,0.0385896,37872,0,0.1,0,0,0.1,0,0,0.1,0,0,0.1,0,0,0.1,0,0.176923,0.0544736,96784,0,0.1,0,0.0330579,0.0691741,16832,0,0.1,0
52.2,0,0.1,0,0.146154,0.0614783,79952,0.307692,0.226314,168320,0,0.1,0,0,0.1,0,0.0692308,0.0385896,37872,0,0.1,0,0,0.1,0,0,0.1,0,0,0.1,0,0,0.1,0,0.175,0.048051,88368,0,0.1,0,0.0357143,0.0691741,16832,0,0.1,0
52.3,0,0.1,0,0.166667,0.0620609,84160,0.341667,0.226304,172528,0,0.1,0,0,0.1,0,0.0692308,0.0385896,37872,0,0.1,0,0,0.1,0,0,0.1,0,0,0.1,0,0,0.1,0,0.138462,0.0462816,75744,0,0.1,0,0.0327869,0.0691741,16832,0,0.1,0
52.4,0,0.1,0,0.130769,0.0603752,71536,0.323077,0.231975,176736,0,0.1,0,0,0.1,0,0.0833333,0.0372323,42080,0,0.1,0,0,0.1,0,0,0.1,0,0,0.1,0,0,0.1,0,0.138462,0.0462816,75744,0,0.1,0,0.0325203,0.0691741,16832,0,0.1,0
52.5,0,0.1,0,0.138462,0.0612104,75744,0.315385,0.235215,172528,0,0.1,0,0,0.1,0,0.0846154,0.0349287,46288,0,0.1,0,0,0.1,0,0,0.1,0,0,0.1,0,0,0.1,0,0.15,0.0462816,75744,0,0.1,0,0.0350877,0.0691741,16832,0,0.1,0
52.6,0,0.1,0,0.15,0.0578556,75744,0.3,0.253484,151488,0,0.1,0,0,0.1,0,0.0846154,0.0349287,46288,0,0.1,0,0,0.1,0,0,0.1,0,0,0.1,0,0,0.1,0,0.123077,0.0458604,67328,0,0.1,0,0.0322581,0.0691741,16832,0,0.1,0
52.7,0,0.1,0,0.123077,0.0585795,67328,0.261538,0.266315,143072,0,0.1,0,0,0.1,0,0.0916667,0.0349287,46288,0,0.1,0,0,0.1,0,0,0.1,0,0,0.1,0,0,0.1,0,0.107692,0.0452357,58912,0,0.1,0,0.032,0.0691741,16832,0.00854701,0.040281,4208
52.8,0,0.1,0,0.123077,0.0585795,67328,0.261538,0.264998,143072,0,0.1,0,0,0.1,0,0.0769231,0.036299,42080,0,0.1,0,0,0.1,0,0,0.1,0,0,0.1,0,0,0.1,0,0.108333,0.0423102,54704,0,0.1,0,0.0344828,0.0691741,16832,0.00925926,0.040281,4208
52.9,0,0.1,0,0.116667,0.0594788,58912,0.283333,0.264998,143072,0,0.1,0,0,0.1,0,0.0769231,0.036299,42080,0,0.1,0,0,0.1,0,0,0.1,0,0,0.1,0,0,0.1,0,0.0923077,0.0444058,50496,0,0.1,0,0.031746,0.0691741,16832,0.017094,0.054863,8416
53,0,0.1,0,0.123077,0.057022,67328,0.253846,0.266046,138864,0,0.1,0,0,0.1,0,0.0833333,0.036299,42080,0,0.1,0,0,0.1,0,0,0.1,0,0,0.1,0,0,0.1,0,0.0769231,0.0441061,42080,0,0.1,0,0.023622,0.0686636,12624,0.025641,0.0447916,12624
53.1,0,0.1,0,0.115385,0.0580134,63120,0.261538,0.267101,143072,0,0.1,0,0,0.1,0,0.0692308,0.0456088,37872,0,0.1,0,0,0.1,0,0,0.1,0,0,0.1,0,0,0.1,0,0.075,0.0392634,37872,0,0.1,0,0.0254237,0.0686636,12624,0.0277778,0.0447916,12624
53.2,0,0.1,0,0.125,0.0534306,63120,0.258333,0.252945,130448,0,0.1,0,0,0.1,0,0.0538462,0.0547558,29456,0,0.1,0,0,0.1,0,0,0.1,0,0,0.1,0,0,0.1,0,0.0615385,0.0391358,33664,0,0.1,0,0.015625,0.0798981,8416,0.034188,0.0571883,16832
53.3,0,0.1,0,0.115385,0.0509516,63120,0.223077,0.249307,122032,0,0.1,0,0,0.1,0,0.0583333,0.0547558,29456,0,0.1,0,0,0.1,0,0,0.1,0,0,0.1,0,0,0.1,0,0.0461538,0.0377301,25248,0,0.1,0,0.00775194,0.090548,4208,0.034188,0.0571883,16832
53.4,0,0.1,0,0.115385,0.0509516,63120,0.223077,0.249476,122032,0,0.1,0,0,0.1,0,0.0461538,0.0619504,25248,0,0.1,0,0,0.1,0,0,0.1,0,0,0.1,0,0,0.1,0,0.05,0.0377301,25248,0,0.1,0,0.00833333,0.090548,4208,0.037037,0.0571883,16832
53.5,0,0.1,0,0.133333,0.0492822,67328,0.216667,0.247444,109408,0,0.1,0,0,0.1,0,0.0615385,0.091062,33664,0,0.1,0,0,0.1,0,0,0.1,0,0,0.1,0,0,0.1,0,0.0384615,0.0326878,21040,0,0.1,0,0,0.1,0,0.034188,0.0571883,16832
53.6,0,0.1,0,0.107692,0.0466228,58912,0.207692,0.253351,113616,0,0.1,0,0,0.1,0,0.0666667,0.091062,33664,0,0.1,0,0,0.1,0,0,0.1,0,0,0.1,0,0,0.1,0,0.0230769,0.0175481,12624,0,0.1,0,0,0.1,0,0.042735,0.0488953,21040
53.7,0,0.1,0,0.1,0.0500023,54704,0.176923,0.262577,96784,0,0.1,0,0,0.1,0,0.0615385,0.106603,33664,0,0.1,0,0,0.1,0,0,0.1,0,0,0.1,0,0,0.1,0,0.025,0.0175481,12624,0,0.1,0,0,0.1,0,0.0462963,0.0488953,21040
53.8,0,0.1,0,0.116667,0.0476778,58912,0.191667,0.28028,96784,0,0.1,0,0,0.1,0,0.0769231,0.109153,42080,0,0.1,0,0,0.1,0,0,0.1,0,0,0.1,0,0,0.1,0,0.0153846,0.0156037,8416,0,0.1,0,0,0.1,0,0.0512821,0.0510056,25248
53.9,0,0.1,0,0.115385,0.0477248,63120,0.153846,0.296342,84160,0,0.1,0,0,0.1,0,0.0833333,0.11772,42080,0,0.1,0,0,0.1,0,0,0.1,0,0,0.1,0,0,0.1,0,0,0.1,0,0,0.1,0,0,0.1,0,0.0598291,0.045478,29456
54,0,0.1,0,0.123077,0.0455812,67328,0.161538,0.302453,88368,0,0.1,0,0,0.1,0,0.0692308,0.123266,37872,0,0.1,0,0,0.1,0,0,0.1,0,0,0.1,0,0,0.1,0,0,0.1,0,0,0.1,0,0,0.1,0,0.0648148,0.045478,29456
54.1,0,0.1,0,0.125,0.0430298,63120,0.175,0.322081,88368,0,0.1,0,0,0.1,0,0.0692308,0.123266,37872,0,0.1,0,0,0.1,0,0,0.1,0,0,0.1,0,0,0.1,0,0,0.1,0,0,0.1,0,0,0.1,0,0.0598291,0.045478,29456
54.2,0,0.1,0,0.1,0.0348492,54704,0.169231,0.333725,92576,0,0.1,0,0,0.1,0,0.075,0.123266,37872,0,0.1,0,0,0.1,0,0,0.1,0,0,0.1,0,0,0.1,0,0,0.1,0,0,0.1,0,0,0.1,0,0.0598291,0.045478,29456
54.3,0,0.1,0,0.1,0.0348492,54704,0.153846,0.341808,84160,0,0.1,0,0,0.1,0,0.0615385,0.135547,33664,0,0.1,0,0,0.1,0,0,0.1,0,0,0.1,0,0,0.1,0,0,0.1,0,0,0.1,0,0,0.1,0,0.0648148,0.045478,29456
54.4,0,0.1,0,0.1,0.0314693,50496,0.166667,0.351362,84160,0,0.1,0,0,0.1,0,0.0615385,0.14889,33664,0,0.1,0,0,0.1,0,0,0.1,0,0,0.1,0,0,0.1,0,0,0.1,0,0,0.1,0,0,0.1,0,0.0769231,0.0477454,37872
54.5,0,0.1,0,0.0846154,0.0324709,46288,0.169231,0.351574,92576,0,0.1,0,0,0.1,0,0.0666667,0.14889,33664,0,0.1,0,0,0.1,0,0,0.1,0,0,0.1,0,0,0.1,0,0,0.1,0,0,0.1,0,0,0.1,0,0.0769231,0.0477454,37872
54.6,0.00854701,0.119091,4208,0.0692308,0.0371679,37872,0.161538,0.359956,88368,0,0.1,0,0,0.1,0,0.0615385,0.14889,33664,0,0.1,0,0,0.1,0,0,0.1,0,0,0.1,0,0,0.1,0,0,0.1,0,0,0.1,0,0,0.1,0,0.0740741,0.0486785,33664
54.7,0.0185185,0.104144,8416,0.075,0.0371679,37872,0.175,0.370332,88368,0,0.1,0,0,0.1,0,0.0615385,0.14889,33664,0,0.1,0,0,0.1,0,0,0.1,0,0,0.1,0,0,0.1,0,0,0.1,0,0,0.1,0,0,0.1,0,0.0769231,0.0453876,37872
54.8,0.017094,0.104144,8416,0.0615385,0.0338464,33664,0.169231,0.37009,92576,0,0.1,0,0,0.1,0,0.0666667,0.14889,33664,0,0.1,0,0,0.1,0,0,0.1,0,0,0.1,0,0,0.1,0,0,0.1,0,0,0.1,0,0,0.1,0,0.0854701,0.039724,42080
54.9,0.025641,0.106954,12624,0.0461538,0.0318537,25248,0.169231,0.37009,92576,0,0.1,0,0,0.1,0,0.0615385,0.14889,33664,0,0.1,0,0,0.1,0,0,0.1,0,0,0.1,0,0,0.1,0,0,0.1,0,0,0.1,0,0,0.1,0,0.0833333,0.0413991,37872
55,0.037037,0.132374,16832,0.05,0.0318537,25248,0.183333,0.374137,92576,0,0.1,0,0,0.1,0,0.0538462,0.152174,29456,0,0.1,0,0,0.1,0,0,0.1,0,0,0.1,0,0,0.1,0,0,0.1,0,0,0.1,0,0,0.1,0,0.0769231,0.0413991,37872
55.1,0.034188,0.132374,16832,0.0384615,0.0301134,21040,0.169231,0.384459,92576,0,0.1,0,0,0.1,0,0.0583333,0.152174,29456,0,0.1,0,0,0.1,0,0,0.1,0,0,0.1,0,0,0.1,0,0,0.1,0,0,0.1,0,0,0.1,0,0.0854701,0.0398537,42080
55.2,0.034188,0.132374,16832,0.0307692,0.0258775,16832,0.176923,0.386036,96784,0,0.1,0,0,0.1,0,0.0538462,0.152174,29456,0,0.1,0,0,0.1,0,0,0.1,0,0,0.1,0,0,0.1,0,0,0.1,0,0,0.1,0,0,0.1,0,0.0925926,0.0398537,42080
55.3,0.037037,0.132374,16832,0.0333333,0.0258775,16832,0.183333,0.398715,92576,0,0.1,0,0,0.1,0,0.0538462,0.152174,29456,0,0.1,0,0,0.1,0,0,0.1,0,0,0.1,0,0,0.1,0,0,0.1,0,0,0.1,0,0,0.1,0,0.0854701,0.0398537,42080
55.4,0.034188,0.132374,16832,0.0230769,0.026423,12624,0.169231,0.398715,92576,0,0.1,0,0,0.1,0,0.0416667,0.141684,21040,0,0.1,0,0,0.1,0,0,0.1,0,0,0.1,0,0,0.1,0,0,0.1,0,0,0.1,0,0,0.1,0,0.0854701,0.0398537,42080
55.5,0.042735,0.132399,21040,0.0230769,0.026423,12624,0.169231,0.406312,92576,0,0.1,0,0,0.1,0,0.0384615,0.141684,21040,0,0.1,0,0,0.1,0,0,0.1,0,0,0.1,0,0,0.1,0,0,0.1,0,0,0.1,0,0,0.1,0,0.0833333,0.0425348,37872
55.6,0.0555556,0.116914,25248,0.025,0.026423,12624,0.175,0.403732,88368,0,0.1,0,0,0.1,0,0.0307692,0.135748,16832,0,0.1,0,0,0.1,0,0,0.1,0,0,0.1,0,0,0.1,0,0,0.1,0,0,0.1,0,0,0.1,0,0.0769231,0.0425348,37872
55.7,0.0598291,0.107313,29456,0.0153846,0.0309054,8416,0.153846,0.404462,84160,0,0.1,0,0,0.1,0,0.0166667,0.152143,8416,0,0.1,0,0,0.1,0,0,0.1,0,0,0.1,0,0,0.1,0,0,0.1,0,0,0.1,0,0,0.1,0,0.0769231,0.0364365,37872
55.8,0.0683761,0.109861,33664,0.00769231,0.0134278,4208,0.146154,0.405906,79952,0,0.1,0,0,0.1,0,0.00769231,0.118636,4208,0,0.1,0,0,0.1,0,0,0.1,0,0,0.1,0,0,0.1,0,0,0.1,0,0,0.1,0,0,0.1,0,0.0740741,0.039452,33664
55.9,0.0740741,0.109861,33664,0,0.1,0,0.166667,0.401714,84160,0,0.1,0,0,0.1,0,0.00769231,0.118636,4208,0,0.1,0,0,0.1,0,0,0.1,0,0,0.1,0,0,0.1,0,0,0.1,0,0,0.1,0,0,0.1,0,0.0683761,0.039452,33664
56,0.0769231,0.100478,37872,0,0.1,0,0.153846,0.385615,84160,0,0.1,0,0,0.1,0,0.00833333,0.118636,4208,0,0.1,0,0,0.1,0,0,0.1,0,0,0.1,0,0,0.1,0,0,0.1,0,0,0.1,0,0,0.1,0,0.0683761,0.039452,33664
56.1,0.0769231,0.100478,37872,0,0.1,0,0.146154,0.379594,79952,0,0.1,0,0,0.1,0,0.00769231,0.118636,4208,0,0.1,0,0,0.1,0,0,0.1,0,0,0.1,0,0,0.1,0,0,0.1,0,0,0.1,0,0,0.1,0,0.0740741,0.039452,33664
56.2,0.0925926,0.0968653,42080,0,0.1,0,0.175,0.372052,88368,0,0.1,0,0,0.1,0,0.00769231,0.118636,4208,0,0.1,0,0,0.1,0,0,0.1,0,0,0.1,0,0,0.1,0,0,0.1,0,0,0.1,0,0,0.1,0,0.0683761,0.039452,33664
56.3,0.0940171,0.0991123,46288,0,0.1,0,0.161538,0.361765,88368,0,0.1,0,0,0.1,0,0,0.1,0,0,0.1,0,0,0.1,0,0,0.1,0,0,0.1,0,0,0.1,0,0,0.1,0,0,0.1,0,0,0.1,0,0.0598291,0.0307796,29456
56.4,0.0940171,0.0991123,46288,0,0.1,0,0.146154,0.362615,79952,0,0.1,0,0,0.1,0,0,0.1,0,0,0.1,0,0,0.1,0,0,0.1,0,0,0.1,0,0,0.1,0,0,0.1,0,0,0.1,0,0,0.1,0,0.0648148,0.0307796,29456
56.5,0.0925926,0.0971144,42080,0,0.1,0,0.166667,0.354731,84160,0,0.1,0,0,0.1,0,0,0.1,0,0,0.1,0,0,0.1,0,0,0.1,0,0,0.1,0,0,0.1,0,0,0.1,0,0,0.1,0,0,0.1,0,0.0683761,0.0360086,33664
56.6,0.0762712,0.0979941,37872,0,0.1,0,0.146154,0.355671,79952,0,0.1,0,0,0.1,0,0,0.1,0,0,0.1,0,0,0.1,0,0,0.1,0,0,0.1,0,0,0.1,0,0,0.1,0,0,0.1,0,0,0.1,0,0.0677966,0.0453733,33664
56.7,0.0756303,0.0979941,37872,0,0.1,0,0.161538,0.325311,88368,0,0.1,0,0,0.1,0,0,0.1,0,0,0.1,0,0,0.1,0,0,0.1,0,0,0.1,0,0,0.1,0,0,0.1,0,0,0.1,0,0,0.1,0,0.0550459,0.0507982,25248
56.8,0.0727273,0.0961715,33664,0,0.1,0,0.175,0.325311,88368,0,0.1,0,0,0.1,0,0,0.1,0,0,0.1,0,0,0.1,0,0,0.1,0,0,0.1,0,0,0.1,0,0,0.1,0,0,0.1,0,0,0.1,0,0.0588235,0.0542269,29456
56.9,0.0583333,0.0801057,29456,0,0.1,0,0.153846,0.322029,84160,0,0.1,0,0,0.1,0,0,0.1,0,0,0.1,0,0,0.1,0,0,0.1,0,0,0.1,0,0,0.1,0,0,0.1,0,0,0.1,0,0,0.1,0,0.075,0.044565,37872
57,0.0578512,0.0801057,29456,0,0.1,0,0.153846,0.29943,84160,0,0.1,0,0,0.1,0,0,0.1,0,0,0.1,0,0,0.1,0,0,0.1,0,0,0.1,0,0,0.1,0,0,0.1,0,0,0.1,0,0,0.1,0,0.0630631,0.0401089,29456
57.1,0.0625,0.0801057,29456,0,0.1,0,0.158333,0.293046,79952,0,0.1,0,0,0.1,0,0,0.1,0,0,0.1,0,0,0.1,0,0,0.1,0,0,0.1,0,0,0.1,0,0,0.1,0,0,0.1,0,0,0.1,0,0.0661157,0.0375226,33664
57.2,0.057377,0.0801057,29456,0,0.1,0,0.153846,0.257527,84160,0,0.1,0,0,0.1,0,0,0.1,0,0,0.1,0,0,0.1,0,0,0.1,0,0,0.1,0,0,0.1,0,0,0.1,0,0,0.1,0,0,0.1,0,0.0655738,0.0375226,33664
57.3,0.0569106,0.0801057,29456,0,0.1,0,0.153846,0.257527,84160,0,0.1,0,0,0.1,0,0,0.1,0,0,0.1,0,0,0.1,0,0,0.1,0,0,0.1,0,0,0.1,0,0,0.1,0,0,0.1,0,0,0.1,0,0.0707965,0.0375226,33664
57.4,0.0526316,0.0713733,25248,0,0.1,0,0.158333,0.231359,79952,0,0.1,0,0,0.1,0,0,0.1,0,0,0.1,0,0,0.1,0,0,0.1,0,0,0.1,0,0,0.1,0,0,0.1,0,0,0.1,0,0,0.1,0,0.0731707,0.0363417,37872
57.5,0.0403226,0.0777498,21040,0,0.1,0,0.153846,0.222645,84160,0,0.1,0,0,0.1,0,0,0.1,0,0,0.1,0,0,0.1,0,0,0.1,0,0,0.1,0,0,0.1,0,0,0.1,0,0,0.1,0,0,0.1,0,0.0725806,0.0363417,37872
57.6,0.032,0.0847608,16832,0,0.1,0,0.153846,0.186278,84160,0,0.1,0,0,0.1,0,0,0.1,0,0,0.1,0,0,0.1,0,0,0.1,0,0,0.1,0,0,0.1,0,0,0.1,0,0,0.1,0,0,0.1,0,0.0869565,0.0511288,42080
57.7,0.0258621,0.0704486,12624,0,0.1,0,0.166667,0.186278,84160,0,0.1,0,0,0.1,0,0,0.1,0,0,0.1,0,0,0.1,0,0,0.1,0,0,0.1,0,0,0.1,0,0,0.1,0,0,0.1,0,0,0.1,0,0.08,0.0511288,42080
57.8,0.0238095,0.0704486,12624,0,0.1,0,0.161538,0.14426,88368,0,0.1,0,0,0.1,0,0,0.1,0,0,0.1,0,0,0.1,0,0,0.1,0,0,0.1,0,0,0.1,0,0,0.1,0,0,0.1,0,0,0.1,0,0.0873016,0.0474261,46288
57.9,0.015748,0.0929677,8416,0,0.1,0,0.138462,0.115398,75744,0,0.1,0,0,0.1,0,0,0.1,0,0,0.1,0,0,0.1,0,0,0.1,0,0,0.1,0,0,0.1,0,0,0.1,0,0,0.1,0,0,0.1,0,0.102564,0.0512764,50496
58,0.0169492,0.0929677,8416,0,0.1,0,0.141667,0.104294,71536,0,0.1,0,0,0.1,0,0,0.1,0,0,0.1,0,0,0.1,0,0,0.1,0,0,0.1,0,0,0.1,0,0,0.1,0,0,0.1,0,0,0.1,0,0.102362,0.054308,54704
58.1,0.015625,0.0801721,8416,0,0.1,0,0.123077,0.0744156,67328,0,0.1,0,0,0.1,0,0,0.1,0,0,0.1,0,0,0.1,0,0,0.1,0,0,0.1,0,0,0.1,0,0,0.1,0,0,0.1,0,0,0.1,0,0.109375,0.0571261,58912
58.2,0.00775194,0.0387622,4208,0,0.1,0,0.123077,0.0632193,67328,0,0.1,0,0,0.1,0,0,0.1,0,0,0.1,0,0,0.1,0,0,0.1,0,0,0.1,0,0,0.1,0,0,0.1,0,0,0.1,0,0,0.1,0,0.109244,0.0606586,54704
58.3,0.00833333,0.0387622,4208,0.0166667,0.0798776,8416,0.141667,0.0661062,71536,0,0.1,0,0,0.1,0,0,0.1,0,0,0.1,0,0,0.1,0,0,0.1,0,0,0.1,0,0,0.1,0,0,0.1,0,0,0.1,0,0,0.1,0,0.108527,0.0587125,58912
58.4,0.00769231,0.0387622,4208,0.0153846,0.0798776,8416,0.130769,0.0578587,71536,0,0.1,0,0,0.1,0,0,0.1,0,0,0.1,0,0,0.1,0,0,0.1,0,0,0.1,0,0,0.1,0,0,0.1,0,0,0.1,0,0,0.1,0,0.1,0.0576433,54704
58.5,0.00769231,0.0387622,4208,0.0153846,0.0798776,8416,0.138462,0.0611053,75744,0,0.1,0,0,0.1,0,0,0.1,0,0,0.1,0,0,0.1,0,0,0.1,0,0,0.1,0,0,0.1,0,0,0.1,0,0,0.1,0,0,0.1,0,0.1,0.0546155,50496
58.6,0.00833333,0.0387622,4208,0.0166667,0.0798776,8416,0.125,0.044074,63120,0,0.1,0,0,0.1,0,0,0.1,0,0,0.1,0,0,0.1,0,0,0.1,0,0,0.1,0,0,0.1,0,0,0.1,0,0,0.1,0,0,0.1,0,0.0923077,0.0546155,50496
58.7,0.00769231,0.0387622,4208,0.0230769,0.0996448,12624,0.123077,0.0494355,67328,0,0.1,0,0,0.1,0,0,0.1,0,0,0.1,0,0,0.1,0,0,0.1,0,0,0.1,0,0,0.1,0,0,0.1,0,0,0.1,0,0,0.1,0,0.0846154,0.0527806,46288
58.8,0.00769231,0.0387622,4208,0.0230769,0.0996448,12624,0.138462,0.0592632,75744,0,0.1,0,0,0.1,0,0,0.1,0,0,0.1,0,0,0.1,0,0,0.1,0,0,0.1,0,0,0.1,0,0,0.1,0,0,0.1,0,0,0.1,0,0.075,0.0621211,37872
58.9,0.00833333,0.0387622,4208,0.0333333,0.0802577,16832,0.15,0.0712458,75744,0,0.1,0,0,0.1,0,0,0.1,0,0,0.1,0,0,0.1,0,0,0.1,0,0,0.1,0,0,0.1,0,0,0.1,0,0,0.1,0,0,0.1,0,0.0692308,0.0621211,37872
59,0.00769231,0.0387622,4208,0.0307692,0.0802577,16832,0.146154,0.0767475,79952,0,0.1,0,0,0.1,0,0,0.1,0,0,0.1,0,0,0.1,0,0,0.1,0,0,0.1,0,0,0.1,0,0,0.1,0,0,0.1,0,0,0.1,0,0.0615385,0.0674588,33664
59.1,0.00769231,0.0387622,4208,0.0307692,0.0802577,16832,0.138462,0.0842047,75744,0,0.1,0,0,0.1,0,0,0.1,0,0,0.1,0,0,0.1,0,0,0.1,0,0,0.1,0,0,0.1,0,0,0.1,0,0,0.1,0,0,0.1,0,0.0666667,0.0674588,33664
59.2,0.00833333,0.0387622,4208,0.0416667,0.0811963,21040,0.158333,0.0844972,79952,0,0.1,0,0,0.1,0,0,0.1,0,0,0.1,0,0,0.1,0,0,0.1,0,0,0.1,0,0,0.1,0,0,0.1,0,0,0.1,0,0,0.1,0,0.0615385,0.0674588,33664
59.3,0.00769231,0.0387622,4208,0.0384615,0.0811963,21040,0.153846,0.0849864,84160,0,0.1,0,0,0.1,0,0,0.1,0,0,0.1,0,0,0.1,0,0,0.1,0,0,0.1,0,0,0.1,0,0,0.1,0,0,0.1,0,0,0.1,0,0.0538462,0.0732538,29456
59.4,0.00769231,0.0387622,4208,0.0461538,0.112359,25248,0.153846,0.0833124,84160,0,0.1,0,0,0.1,0,0,0.1,0,0,0.1,0,0,0.1,0,0,0.1,0,0,0.1,0,0,0.1,0,0,0.1,0,0,0.1,0,0,0.1,0,0.0583333,0.0732538,29456
59.5,0.00833333,0.0387622,4208,0.0583333,0.1288,29456,0.166667,0.0885163,84160,0,0.1,0,0,0.1,0,0,0.1,0,0,0.1,0,0,0.1,0,0,0.1,0,0,0.1,0,0,0.1,0,0,0.1,0,0,0.1,0,0,0.1,0,0.0384615,0.0643783,21040
59.6,0.00769231,0.0387622,4208,0.0538462,0.1288,29456,0.161538,0.0850536,88368,0,0.1,0,0,0.1,0,0,0.1,0,0,0.1,0,0,0.1,0,0,0.1,0,0,0.1,0,0,0.1,0,0,0.1,0,0,0.1,0,0,0.1,0,0.0384615,0.0643783,21040
59.7,0.00769231,0.0387622,4208,0.0538462,0.1288,29456,0.153846,0.0909752,84160,0,0.1,0,0,0.1,0,0,0.1,0,0,0.1,0,0,0.1,0,0,0.1,0,0,0.1,0,0,0.1,0,0,0.1,0,0,0.1,0,0,0.1,0,0.0333333,0.0778731,16832
59.8,0.00833333,0.0387622,4208,0.0583333,0.1288,29456,0.175,0.0906928,88368,0,0.1,0,0,0.1,0,0,0.1,0,0,0.1,0,0,0.1,0,0,0.1,0,0,0.1,0,0,0.1,0,0,0.1,0,0,0.1,0,0,0.1,0,0.0230769,0.0726207,12624
59.9,0.00769231,0.0387622,4208,0.0615385,0.164336,33664,0.192308,0.0834889,105200,0,0.1,0,0,0.1,0,0,0.1,0,0,0.1,0,0,0.1,0,0,0.1,0,0,0.1,0,0,0.1,0,0,0.1,0,0,0.1,0,0,0.1,0,0.0153846,0.0635875,8416
60,0,0.1,0,0.0692308,0.193986,37872,0.184615,0.0861986,100992,0,0.1,0,0,0.1,0,0,0.1,0,0,0.1,0,0,0.1,0,0,0.1,0,0,0.1,0,0,0.1,0,0,0.1,0,0,0.1,0,0,0.1,0,0.00833333,0.0334132,4208
60.1,0,0.1,0,0.0916667,0.224773,46288,0.208333,0.0888906,105200,0,0.1,0,0,0.1,0,0,0.1,0,0,0.1,0,0,0.1,0,0,0.1,0,0,0.1,0,0,0.1,0,0,0.1,0,0,0.1,0,0,0.1,0,0.00769231,0.0334132,4208
60.2,0,0.1,0,0.0692308,0.256972,37872,0.2,0.0869278,109408,0,0.1,0,0,0.1,0,0,0.1,0,0,0.1,0,0,0.1,0,0,0.1,0,0,0.1,0,0,0.1,0,0,0.1,0,0,0.1,0,0,0.1,0,0,0.1,0
60.3,0,0.1,0,0.0769231,0.275142,42080,0.215385,0.0882005,117824,0,0.1,0,0,0.1,0,0,0.1,0,0,0.1,0,0,0.1,0,0,0.1,0,0,0.1,0,0,0.1,0,0,0.1,0,0,0.1,0,0,0.1,0,0,0.1,0
60.4,0,0.1,0,0.0833333,0.275142,42080,0.233333,0.088374,117824,0,0.1,0,0,0.1,0,0,0.1,0,0,0.1,0,0,0.1,0,0,0.1,0,0,0.1,0,0,0.1,0,0,0.1,0,0,0.1,0,0,0.1,0,0,0.1,0
60.5,0,0.1,0,0.0769231,0.275142,42080,0.215385,0.088374,117824,0,0.1,0,0,0.1,0,0,0.1,0,0,0.1,0,0,0.1,0,0,0.1,0,0,0.1,0,0,0.1,0,0,0.1,0,0,0.1,0,0,0.1,0,0,0.1,0
60.6,0,0.1,0,0.0692308,0.290249,37872,0.223077,0.0885995,122032,0,0.1,0,0,0.1,0,0,0.1,0,0,0.1,0,0,0.1,0,0,0.1,0,0,0.1,0,0,0.1,0,0,0.1,0,0,0.1,0,0,0.1,0,0,0.1,0
60.7,0,0.1,0,0.075,0.290249,37872,0.225,0.0849487,113616,0,0.1,0,0,0.1,0,0,0.1,0,0,0.1,0,0,0.1,0,0,0.1,0,0,0.1,0,0,0.1,0,0,0.1,0,0,0.1,0,0,0.1,0,0,0.1,0
60.8,0,0.1,0,0.0692308,0.339808,37872,0.2,0.0796492,109408,0,0.1,0,0,0.1,0,0,0.1,0,0,0.1,0,0,0.1,0,0,0.1,0,0,0.1,0,0,0.1,0,0,0.1,0,0,0.1,0,0,0.1,0,0,0.1,0
60.9,0,0.1,0,0.0692308,0.339808,37872,0.215385,0.0950866,117824,0,0.1,0,0,0.1,0,0,0.1,0,0,0.1,0,0,0.1,0,0,0.1,0,0,0.1,0,0,0.1,0,0.00833333,0.023943,4208,0,0.1,0,0,0.1,0,0,0.1,0
61,0,0.1,0,0.075,0.339808,37872,0.241667,0.105267,122032,0.00833333,0.636835,4208,0,0.1,0,0,0.1,0,0,0.1,0,0,0.1,0,0,0.1,0,0,0.1,0,0,0.1,0,0.0230769,0.0205843,12624,0,0.1,0,0,0.1,0,0,0.1,0
61.1,0,0.1,0,0.0692308,0.384517,37872,0.215385,0.105821,117824,0.00769231,0.636835,4208,0,0.1,0,0,0.1,0,0,0.1,0,0,0.1,0,0,0.1,0,0,0.1,0,0,0.1,0,0.0230769,0.0205843,12624,0,0.1,0,0,0.1,0,0,0.1,0
61.2,0,0.1,0,0.0769231,0.389643,42080,0.207692,0.117363,113616,0.00769231,0.636835,4208,0,0.1,0,0,0.1,0,0,0.1,0,0,0.1,0,0,0.1,0,0,0.1,0,0,0.1,0,0.0416667,0.0264903,21040,0,0.1,0,0,0.1,0,0,0.1,0
61.3,0,0.1,0,0.075,0.40314,37872,0.225,0.130858,113616,0.00833333,0.636835,4208,0,0.1,0,0,0.1,0,0,0.1,0,0.00769231,0.414339,4208,0,0.1,0,0,0.1,0,0,0.1,0,0.0384615,0.0264903,21040,0,0.1,0,0,0.1,0,0,0.1,0
61.4,0,0.1,0,0.0615385,0.425102,33664,0.207692,0.152483,113616,0.00769231,0.636835,4208,0,0.1,0,0,0.1,0,0,0.1,0,0.00833333,0.414339,4208,0,0.1,0,0,0.1,0,0,0.1,0,0.0461538,0.0326943,25248,0,0.1,0,0,0.1,0,0,0.1,0
61.5,0,0.1,0,0.0692308,0.425947,37872,0.2,0.15774,109408,0.00769231,0.636835,4208,0,0.1,0,0,0.1,0,0.00769231,0.588149,4208,0.00769231,0.414339,4208,0,0.1,0,0,0.1,0,0,0.1,0,0.0583333,0.0388263,29456,0,0.1,0,0,0.1,0,0,0.1,0
61.6,0,0.1,0,0.0833333,0.430997,42080,0.216667,0.17221,109408,0.00833333,0.636835,4208,0,0.1,0,0,0.1,0,0.00769231,0.588149,4208,0.00769231,0.414339,4208,0,0.1,0,0,0.1,0,0,0.1,0,0.0538462,0.0388263,29456,0,0.1,0,0,0.1,0,0,0.1,0
61.7,0,0.1,0,0.0769231,0.430997,42080,0.215385,0.164964,117824,0.00769231,0.636835,4208,0,0.1,0,0,0.1,0,0.00833333,0.588149,4208,0.00833333,0.414339,4208,0,0.1,0,0,0.1,0,0,0.1,0,0.0538462,0.0388263,29456,0,0.1,0,0,0.1,0,0,0.1,0
61.8,0,0.1,0,0.0692308,0.432987,37872,0.184615,0.184847,100992,0.00769231,0.636835,4208,0,0.1,0,0,0.1,0,0.00769231,0.588149,4208,0.00769231,0.414339,4208,0,0.1,0,0,0.1,0,0,0.1,0,0.0583333,0.0388263,29456,0,0.1,0,0,0.1,0,0,0.1,0
61.9,0,0.1,0,0.075,0.440754,37872,0.208333,0.180524,105200,0.00833333,0.636835,4208,0,0.1,0,0,0.1,0,0.00769231,0.588149,4208,0.00769231,0.414339,4208,0,0.1,0,0,0.1,0,0,0.1,0,0.0538462,0.0388263,29456,0.01,0.57779,4208,0,0.1,0,0,0.1,0
62,0,0.1,0,0.0538462,0.46288,29456,0.184615,0.182914,100992,0.00769231,0.636835,4208,0,0.1,0,0,0.1,0,0.00833333,0.588149,4208,0.00833333,0.414339,4208,0,0.1,0,0,0.1,0,0,0.1,0,0.0538462,0.0388263,29456,0.0105263,0.57779,4208,0,0.1,0,0,0.1,0
62.1,0,0.1,0,0.0538462,0.46288,29456,0.184615,0.182995,100992,0.00769231,0.636835,4208,0,0.1,0,0,0.1,0,0.00769231,0.588149,4208,0.00769231,0.414339,4208,0,0.1,0,0,0.1,0,0,0.1,0,0.075,0.0452687,37872,0.0117647,0.57779,4208,0,0.1,0,0,0.1,0
62.2,0,0.1,0,0.0583333,0.466867,29456,0.2,0.176802,100992,0.00833333,0.636835,4208,0,0.1,0,0,0.1,0,0.0153846,0.663494,8416,0.0153846,0.41557,8416,0,0.1,0,0,0.1,0,0,0.1,0,0.0692308,0.0452687,37872,0.0111111,0.57779,4208,0,0.1,0,0,0.1,0
62.3,0,0.1,0,0.0615385,0.468022,33664,0.2,0.161583,109408,0.00769231,0.636835,4208,0,0.1,0,0,0.1,0,0.0166667,0.663494,8416,0.0166667,0.41557,8416,0,0.1,0,0,0.1,0,0,0.1,0,0.0692308,0.0452687,37872,0.0117647,0.57779,4208,0,0.1,0,0,0.1,0
62.4,0,0.1,0,0.0615385,0.468022,33664,0.2,0.161583,109408,0.00769231,0.636835,4208,0,0.1,0,0,0.1,0,0.0230769,0.649049,12624,0.0153846,0.41557,8416,0,0.1,0,0,0.1,0,0,0.1,0,0.0916667,0.054459,46288,0.0133333,0.57779,4208,0,0.1,0,0,0.1,0
62.5,0,0.1,0,0.075,0.457913,37872,0.2,0.165683,100992,0.00833333,0.636835,4208,0,0.1,0,0,0.1,0,0.0230769,0.649049,12624,0.0384615,0.478075,21040,0,0.1,0,0,0.1,0,0,0.1,0,0.0923077,0.0532205,50496,0.025,0.515709,8416,0,0.1,0,0,0.1,0
62.6,0,0.1,0,0.0692308,0.457913,37872,0.184615,0.165683,100992,0.00769231,0.636835,4208,0,0.1,0,0,0.1,0,0.025,0.649049,12624,0.0416667,0.478075,21040,0,0.1,0,0,0.1,0,0,0.1,0,0.1,0.0541126,54704,0.0266667,0.515709,8416,0,0.1,0,0,0.1,0
62.7,0,0.1,0,0.0692308,0.451909,37872,0.184615,0.165683,100992,0.0153846,0.747661,8416,0,0.1,0,0,0.1,0,0.0230769,0.649049,12624,0.0384615,0.478075,21040,0,0.1,0,0,0.1,0,0,0.1,0,0.125,0.0517981,63120,0.0307692,0.515709,8416,0,0.1,0,0,0.1,0
62.8,0,0.1,0,0.075,0.451909,37872,0.183333,0.147932,92576,0.025,0.785816,12624,0,0.1,0,0,0.1,0,0.0230769,0.649049,12624,0.0384615,0.478075,21040,0,0.1,0,0,0.1,0,0,0.1,0,0.107692,0.0537877,58912,0.0285714,0.515709,8416,0,0.1,0,0,0.1,0
62.9,0,0.1,0,0.0692308,0.451909,37872,0.153846,0.13614,84160,0.0153846,0.860307,8416,0,0.1,0,0,0.1,0,0.025,0.649049,12624,0.0416667,0.478075,21040,0,0.1,0,0,0.1,0,0,0.1,0,0.1,0.0654828,54704,0.0307692,0.515709,8416,0,0.1,0,0,0.1,0
63,0,0.1,0,0.0615385,0.447481,33664,0.169231,0.133466,92576,0.0153846,0.860307,8416,0,0.1,0,0,0.1,0,0.0230769,0.649049,12624,0.0384615,0.478075,21040,0,0.1,0,0,0.1,0,0,0.1,0,0.108333,0.0654828,54704,0.0333333,0.515709,8416,0,0.1,0,0,0.1,0
63.1,0,0.1,0,0.075,0.448211,37872,0.2,0.114321,100992,0.0166667,0.860307,8416,0,0.1,0,0,0.1,0,0.0230769,0.649049,12624,0.0384615,0.478075,21040,0,0.1,0,0,0.1,0,0,0.1,0,0.0923077,0.0652398,50496,0.0307692,0.515709,8416,0,0.1,0,0,0.1,0
63.2,0,0.1,0,0.0692308,0.448211,37872,0.176923,0.102423,96784,0.0153846,0.860307,8416,0,0.1,0,0,0.1,0,0.025,0.649049,12624,0.0333333,0.494009,16832,0,0.1,0,0,0.1,0,0,0.1,0,0.0923077,0.0652398,50496,0.0461538,0.533988,12624,0,0.1,0,0,0.1,0
63.3,0,0.1,0,0.0846154,0.44296,46288,0.161538,0.0776232,88368,0.0230769,0.817145,12624,0,0.1,0,0,0.1,0,0.0230769,0.649049,12624,0.0307692,0.494009,16832,0,0.1,0,0,0.1,0,0,0.1,0,0.1,0.0630367,50496,0.05,0.533988,12624,0,0.1,0,0,0.1,0
63.4,0,0.1,0,0.0916667,0.436112,46288,0.175,0.0776232,88368,0.025,0.817145,12624,0,0.1,0,0,0.1,0,0.0230769,0.726429,12624,0.0307692,0.494009,16832,0,0.1,0,0,0.1,0,0,0.1,0,0.107692,0.0569486,58912,0.0461538,0.533988,12624,0,0.1,0,0,0.1,0
63.5,0,0.1,0,0.0846154,0.435581,46288,0.161538,0.0724423,88368,0.0307692,0.813726,16832,0,0.1,0,0,0.1,0,0.025,0.726429,12624,0.0333333,0.494009,16832,0,0.1,0,0,0.1,0,0,0.1,0,0.115385,0.0588877,63120,0.0461538,0.533988,12624,0,0.1,0,0,0.1,0
63.6,0,0.1,0,0.0923077,0.433216,50496,0.161538,0.0917294,88368,0.0307692,0.813726,16832,0,0.1,0,0,0.1,0,0.0230769,0.726429,12624,0.0307692,0.494009,16832,0,0.1,0,0,0.1,0,0,0.1,0,0.166667,0.054642,84160,0.05,0.533988,12624,0,0.1,0,0,0.1,0
63.7,0,0.1,0,0.1,0.433216,50496,0.216667,0.106827,109408,0.0333333,0.813726,16832,0,0.1,0,0,0.1,0,0.0230769,0.726429,12624,0.0307692,0.494009,16832,0,0.1,0,0,0.1,0,0,0.1,0,0.153846,0.054642,84160,0.0461538,0.533988,12624,0,0.1,0,0,0.1,0
63.8,0,0.1,0,0.0923077,0.430761,50496,0.207692,0.11397,113616,0.0307692,0.813726,16832,0,0.1,0,0,0.1,0,0.025,0.726429,12624,0.0333333,0.494009,16832,0,0.1,0,0,0.1,0,0,0.1,0,0.161538,0.0523005,88368,0.0307692,0.512087,8416,0,0.1,0,0,0.1,0
63.9,0,0.1,0,0.0923077,0.430761,50496,0.207692,0.120555,113616,0.0307692,0.813726,16832,0.0125,0.616677,4208,0,0.1,0,0.0307692,0.799682,16832,0.0307692,0.494009,16832,0,0.1,0,0,0.1,0,0,0.1,0,0.175,0.0523005,88368,0.05,0.503955,12624,0,0.1,0,0,0.1,0
64,0,0.1,0,0.108333,0.428424,54704,0.233333,0.13355,117824,0.0333333,0.813726,16832,0.0142857,0.616677,4208,0,0.1,0,0.0307692,0.799682,16832,0.0307692,0.494009,16832,0,0.1,0,0,0.1,0,0,0.1,0,0.146154,0.0506672,79952,0.0461538,0.503955,12624,0,0.1,0,0,0.1,0
64.1,0,0.1,0,0.0923077,0.425244,50496,0.2,0.146264,109408,0.0307692,0.813726,16832,0.0133333,0.616677,4208,0,0.1,0,0.025,0.819962,12624,0.025,0.519745,12624,0,0.1,0,0,0.1,0,0,0.1,0,0.146154,0.0506672,79952,0.0461538,0.503955,12624,0,0.1,0,0,0.1,0
64.2,0,0.1,0,0.0846154,0.420621,46288,0.184615,0.162224,100992,0.0307692,0.813726,16832,0.0285714,0.593535,8416,0,0.1,0,0.0230769,0.819962,12624,0.024,0.519745,12624,0.00769231,0.037398,4208,0,0.1,0,0,0.1,0,0.175,0.0502908,88368,0.05,0.503955,12624,0,0.1,0,0,0.1,0
64.3,0,0.1,0,0.1,0.427163,50496,0.208333,0.163803,105200,0.0333333,0.813726,16832,0.0333333,0.593535,8416,0,0.1,0,0.016,0.919864,8416,0.025,0.519745,12624,0.00769231,0.037398,4208,0,0.1,0,0,0.1,0,0.146154,0.0454987,79952,0.0615385,0.452672,16832,0,0.1,0,0,0.1,0
64.4,0,0.1,0,0.0923077,0.432516,50496,0.223077,0.186122,122032,0.0307692,0.813726,16832,0.0285714,0.593535,8416,0,0.1,0,0.0173913,0.919864,8416,0,0.1,0,0.00833333,0.037398,4208,0,0.1,0,0,0.1,0,0.138462,0.0458266,75744,0.0461538,0.452353,12624,0,0.1,0,0,0.1,0
64.5,0,0.1,0,0.1,0.430748,54704,0.230769,0.1878,126240,0.0307692,0.813726,16832,0.0266667,0.593535,8416,0,0.1,0,0.0166667,0.919864,8416,0,0.1,0,0.0153846,0.0224984,8416,0,0.1,0,0,0.1,0,0.141667,0.0447095,71536,0.05,0.452353,12624,0,0.1,0,0,0.1,0
64.6,0,0.1,0,0.1,0.432136,50496,0.25,0.1878,126240,0.025,0.798806,12624,0.0857143,0.58364,25248,0,0.1,0,0.0173913,0.919864,8416,0,0.1,0,0.0153846,0.0224984,8416,0,0.1,0,0,0.1,0,0.115385,0.0457702,63120,0.0461538,0.452353,12624,0,0.1,0,0,0.1,0
64.7,0,0.1,0,0.0923077,0.432136,50496,0.253846,0.214546,138864,0.0153846,0.767145,8416,0.075,0.58364,25248,0,0.1,0,0.0190476,0.919864,8416,0,0.1,0,0.0166667,0.0224984,8416,0,0.1,0,0,0.1,0,0.115385,0.0457702,63120,0.0461538,0.452353,12624,0,0.1,0,0,0.1,0
64.8,0,0.1,0,0.1,0.429109,54704,0.269231,0.222687,147280,0.0153846,0.767145,8416,0.0705882,0.58364,25248,0,0.1,0,0.0181818,0.919864,8416,0,0.1,0,0.0153846,0.0224984,8416,0,0.1,0,0,0.1,0,0.116667,0.0393211,58912,0.05,0.452353,12624,0,0.1,0,0,0.1,0
64.9,0,0.1,0,0.133333,0.427604,67328,0.308333,0.247534,155696,0.0166667,0.767145,8416,0.075,0.58364,25248,0,0.1,0,0.0190476,0.919864,8416,0,0.1,0,0.0153846,0.0224984,8416,0,0.1,0,0,0.1,0,0.107692,0.0393211,58912,0.0461538,0.452353,12624,0,0.1,0,0,0.1,0
65,0,0.1,0,0.107692,0.42513,58912,0.284615,0.267627,155696,0.0153846,0.767145,8416,0.0666667,0.58364,25248,0,0.1,0,0.0210526,0.919864,8416,0,0.1,0,0.025,0.0594509,12624,0,0.1,0,0,0.1,0,0.1,0.0421689,54704,0.0461538,0.452353,12624,0,0.1,0,0,0.1,0
65.1,0,0.1,0,0.123077,0.40941,67328,0.307692,0.270628,168320,0.0153846,0.767145,8416,0.0631579,0.58364,25248,0,0.1,0,0.02,0.919864,8416,0,0.1,0,0.0307692,0.060304,16832,0,0.1,0,0,0.1,0,0.108333,0.0421689,54704,0.0333333,0.393257,8416,0,0.1,0,0,0.1,0
65.2,0,0.1,0,0.116667,0.407992,58912,0.375,0.272784,189360,0.00833333,0.803467,4208,0.0666667,0.58364,25248,0,0.1,0,0.0210526,0.919864,8416,0,0.1,0,0.0307692,0.060304,16832,0,0.1,0,0,0.1,0,0.0923077,0.0425765,50496,0.0307692,0.393257,8416,0,0.1,0,0,0.1,0
65.3,0,0.1,0,0.1,0.411886,54704,0.369231,0.272713,201984,0.00769231,0.803467,4208,0.06,0.58364,25248,0,0.1,0,0.0117647,1.01944,4208,0,0.1,0,0.0333333,0.060304,16832,0,0.1,0,0,0.1,0,0.0692308,0.0438289,37872,0.0307692,0.393257,8416,0,0.1,0,0,0.1,0
65.4,0,0.1,0,0.107692,0.413083,58912,0.384615,0.275869,210400,0,0.1,0,0.0571429,0.58364,25248,0,0.1,0,0.0111111,1.01944,4208,0,0.1,0,0.0461538,0.105711,25248,0,0.1,0,0,0.1,0,0.0666667,0.0385531,33664,0.0333333,0.393257,8416,0,0.1,0,0,0.1,0
65.5,0,0.1,0,0.125,0.409406,63120,0.391667,0.280039,197776,0,0.1,0,0.06,0.58364,25248,0,0.1,0,0.0117647,1.01944,4208,0,0.1,0,0.0461538,0.105711,25248,0,0.1,0,0,0.1,0,0.0230769,0.0329668,12624,0.0307692,0.393257,8416,0,0.1,0,0,0.1,0
65.6,0,0.1,0,0.138462,0.389173,75744,0.323077,0.293111,176736,0,0.1,0,0.0545455,0.58364,25248,0,0.1,0,0.0133333,1.01944,4208,0,0.1,0,0.05,0.105711,25248,0,0.1,0,0,0.1,0,0.0230769,0.0329668,12624,0.0307692,0.393257,8416,0,0.1,0,0,0.1,0
65.7,0,0.1,0,0.138462,0.378664,75744,0.315385,0.297093,172528,0,0.1,0,0.0521739,0.58364,25248,0,0.1,0,0.0125,1.01944,4208,0,0.1,0,0.0461538,0.105711,25248,0,0.1,0,0,0.1,0,0.0166667,0.0467144,8416,0.0333333,0.393257,8416,0,0.1,0,0,0.1,0
65.8,0,0.1,0,0.15,0.378664,75744,0.35,0.302788,176736,0,0.1,0,0.0454545,0.577033,21040,0,0.1,0,0,0.1,0,0,0.1,0,0.0461538,0.105711,25248,0,0.1,0,0,0.1,0,0.0153846,0.0467144,8416,0.0153846,0.298824,4208,0,0.1,0,0,0.1,0
65.9,0,0.1,0,0.130769,0.377387,71536,0.338462,0.31407,185152,0,0.1,0,0.0416667,0.577033,21040,0,0.1,0,0,0.1,0,0,0.1,0,0.05,0.105711,25248,0,0.1,0,0,0.1,0,0.0153846,0.0467144,8416,0.0153846,0.298824,4208,0,0.1,0,0,0.1,0
66,0,0.1,0,0.153846,0.370547,84160,0.346154,0.318539,189360,0,0.1,0,0.04,0.577033,21040,0,0.1,0,0,0.1,0,0,0.1,0,0.0461538,0.105711,25248,0,0.1,0,0,0.1,0,0.0166667,0.0467144,8416,0.0166667,0.298824,4208,0,0.1,0,0,0.1,0
66.1,0,0.1,0,0.166667,0.370547,84160,0.375,0.3226,189360,0,0.1,0,0.0333333,0.578692,16832,0,0.1,0,0,0.1,0,0,0.1,0,0.0384615,0.119374,21040,0,0.1,0,0,0.1,0,0,0.1,0,0.0153846,0.298824,4208,0,0.1,0,0,0.1,0
66.2,0,0.1,0,0.161538,0.366218,88368,0.353846,0.32621,193568,0,0.1,0,0.0307692,0.578692,16832,0,0.1,0,0,0.1,0,0,0.1,0,0.0416667,0.119374,21040,0,0.1,0,0,0.1,0,0,0.1,0,0,0.1,0,0,0.1,0,0,0.1,0
66.3,0,0.1,0,0.153846,0.362465,84160,0.330769,0.327401,180944,0,0.1,0,0.0307692,0.578692,16832,0,0.1,0,0,0.1,0,0,0.1,0,0.0461538,0.127091,25248,0,0.1,0,0,0.1,0,0,0.1,0,0,0.1,0,0,0.1,0,0,0.1,0
66.4,0,0.1,0,0.166667,0.358519,84160,0.375,0.331206,189360,0,0.1,0,0.0333333,0.578692,16832,0,0.1,0,0,0.1,0,0,0.1,0,0.0461538,0.168288,25248,0,0.1,0,0,0.1,0,0,0.1,0,0,0.1,0,0,0.1,0,0.0153846,0.0118125,8416
66.5,0,0.1,0,0.161538,0.361787,88368,0.353846,0.333284,193568,0,0.1,0,0,0.1,0,0,0.1,0,0,0.1,0,0,0.1,0,0.0583333,0.17093,29456,0,0.1,0,0,0.1,0,0,0.1,0,0,0.1,0,0,0.1,0,0.0153846,0.0118125,8416
66.6,0,0.1,0,0.161538,0.361787,88368,0.361538,0.334455,197776,0,0.1,0,0,0.1,0,0,0.1,0,0,0.1,0,0,0.1,0,0.0615385,0.174242,33664,0,0.1,0,0,0.1,0,0,0.1,0,0,0.1,0,0,0.1,0,0.025,0.0362246,12624
66.7,0,0.1,0,0.175,0.362779,88368,0.416667,0.333608,210400,0,0.1,0,0,0.1,0,0,0.1,0,0,0.1,0,0,0.1,0,0.0692308,0.183389,37872,0,0.1,0,0,0.1,0,0,0.1,0,0,0.1,0,0,0.1,0,0.0230769,0.0362246,12624
66.8,0,0.1,0,0.161538,0.366965,88368,0.369231,0.325641,201984,0,0.1,0,0,0.1,0,0,0.1,0,0,0.1,0,0,0.1,0,0.0833333,0.177178,42080,0,0.1,0,0,0.1,0,0,0.1,0,0,0.1,0,0,0.1,0,0.0307692,0.0350324,16832
66.9,0,0.1,0,0.176923,0.364344,96784,0.353846,0.32597,193568,0,0.1,0,0,0.1,0,0,0.1,0,0,0.1,0,0,0.1,0,0.0769231,0.181227,42080,0.016129,0.0482023,4208,0,0.1,0,0,0.1,0,0,0.1,0,0,0.1,0,0.0416667,0.0386334,21040
67,0,0.1,0,0.191667,0.358304,96784,0.366667,0.326075,185152,0,0.1,0,0,0.1,0,0,0.1,0,0,0.1,0,0,0.1,0,0.0692308,0.194378,37872,0.0327869,0.0426156,8416,0,0.1,0,0,0.1,0,0,0.1,0,0,0.1,0,0.0538462,0.0420003,29456
67.1,0,0.1,0,0.184615,0.349418,100992,0.330769,0.331023,180944,0,0.1,0,0,0.1,0,0,0.1,0,0,0.1,0,0,0.1,0,0.0833333,0.193357,42080,0.0357143,0.0426156,8416,0,0.1,0,0,0.1,0,0,0.1,0,0,0.1,0,0.0615385,0.0390839,33664
67.2,0,0.1,0,0.192308,0.33822,105200,0.338462,0.330211,185152,0,0.1,0,0,0.1,0,0,0.1,0,0,0.1,0,0,0.1,0,0.0846154,0.196799,46288,0.0333333,0.0426156,8416,0,0.1,0,0,0.1,0,0,0.1,0,0,0.1,0,0.075,0.0454223,37872
67.3,0,0.1,0,0.216667,0.297476,109408,0.35,0.33661,176736,0,0.1,0,0,0.1,0,0,0.1,0,0,0.1,0,0,0.1,0,0.0769231,0.194947,42080,0.0338983,0.0426156,8416,0,0.1,0,0,0.1,0,0,0.1,0,0,0.1,0,0.0846154,0.0453933,46288
67.4,0,0.1,0,0.184615,0.290385,100992,0.346154,0.337351,189360,0,0.1,0,0,0.1,0,0,0.1,0,0,0.1,0,0,0.1,0,0.0833333,0.194947,42080,0.037037,0.0426156,8416,0,0.1,0,0,0.1,0,0,0.1,0,0,0.1,0,0.0846154,0.0453933,46288
67.5,0,0.1,0,0.169231,0.281468,92576,0.361538,0.338737,197776,0,0.1,0,0,0.1,0,0,0.1,0,0,0.1,0,0,0.1,0,0.0769231,0.194947,42080,0.0344828,0.0426156,8416,0,0.1,0,0,0.1,0,0,0.1,0,0,0.1,0,0.0916667,0.0453933,46288
67.6,0,0.1,0,0.183333,0.276856,92576,0.391667,0.341249,197776,0,0.1,0,0,0.1,0,0,0.1,0,0,0.1,0,0,0.1,0,0.0769231,0.194947,42080,0.0350877,0.0426156,8416,0,0.1,0,0,0.1,0,0,0.1,0,0,0.1,0,0.0923077,0.0424299,50496
67.7,0,0.1,0,0.176923,0.266534,96784,0.361538,0.33953,197776,0,0.1,0,0,0.1,0,0,0.1,0,0,0.1,0,0,0.1,0,0.0916667,0.212151,46288,0.0384615,0.0426156,8416,0,0.1,0,0,0.1,0,0,0.1,0,0,0.1,0,0.1,0.0428242,54704
67.8,0,0.1,0,0.176923,0.266534,96784,0.346154,0.344433,189360,0,0.1,0,0,0.1,0,0,0.1,0,0,0.1,0,0,0.1,0,0.0923077,0.222852,50496,0.0357143,0.0426156,8416,0,0.1,0,0,0.1,0,0,0.1,0,0,0.1,0,0.116667,0.0435084,58912
67.9,0,0.1,0,0.166667,0.256746,84160,0.416667,0.346983,210400,0,0.1,0,0,0.1,0,0,0.1,0,0,0.1,0,0,0.1,0,0.0923077,0.222852,50496,0.0363636,0.0426156,8416,0,0.1,0,0,0.1,0,0,0.1,0,0,0.1,0,0.115385,0.0537554,63120
68,0,0.1,0,0.169231,0.238349,92576,0.407692,0.344736,223024,0,0.1,0,0,0.1,0,0,0.1,0,0,0.1,0,0,0.1,0,0.1,0.222852,50496,0.04,0.0426156,8416,0,0.1,0,0,0.1,0,0,0.1,0,0,0.1,0,0.138462,0.0583365,75744
68.1,0,0.1,0,0.153846,0.223246,84160,0.4,0.342726,218816,0,0.1,0,0,0.1,0,0,0.1,0,0,0.1,0,0,0.1,0,0.0923077,0.222852,50496,0.037037,0.0426156,8416,0,0.1,0,0,0.1,0,0,0.1,0,0,0.1,0,0.158333,0.0584571,79952
68.2,0,0.1,0,0.175,0.215439,88368,0.433333,0.343046,218816,0,0.1,0,0,0.1,0,0,0.1,0,0,0.1,0,0,0.1,0,0.0846154,0.22805,46288,0.0377358,0.0426156,8416,0,0.1,0,0,0.1,0,0,0.1,0,0,0.1,0,0.146154,0.0584571,79952
68.3,0,0.1,0,0.169231,0.193397,92576,0.4,0.343442,218816,0,0.1,0,0,0.1,0,0,0.1,0,0,0.1,0,0,0.1,0,0.0833333,0.225377,42080,0.0416667,0.0426156,8416,0,0.1,0,0,0.1,0,0,0.1,0,0,0.1,0,0.138462,0.0678173,75744
68.4,0,0.1,0,0.161538,0.182266,88368,0.415385,0.343119,227232,0,0.1,0,0,0.1,0,0,0.1,0,0,0.1,0,0,0.1,0,0.0769231,0.254731,42080,0.0384615,0.0426156,8416,0,0.1,0,0,0.1,0,0,0.1,0,0,0.1,0,0.15,0.0678173,75744
68.5,0,0.1,0,0.183333,0.175897,92576,0.433333,0.341963,218816,0,0.1,0,0,0.1,0,0,0.1,0,0,0.1,0,0,0.1,0,0.0769231,0.280602,42080,0.0384615,0.0426156,8416,0,0.1,0,0,0.1,0,0,0.1,0,0,0.1,0,0.130769,0.0668037,71536
68.6,0,0.1,0,0.169231,0.157488,92576,0.392308,0.340058,214608,0,0.1,0,0,0.1,0,0,0.1,0,0,0.1,0,0,0.1,0,0.075,0.283272,37872,0.0416667,0.0426156,8416,0,0.1,0,0,0.1,0,0,0.1,0,0,0.1,0,0.130769,0.0668037,71536
68.7,0,0.1,0,0.161538,0.111771,88368,0.407692,0.337586,223024,0,0.1,0,0,0.1,0,0,0.1,0,0,0.1,0,0,0.1,0,0.0615385,0.303522,33664,0.0384615,0.0426156,8416,0,0.1,0,0,0.1,0,0,0.1,0,0,0.1,0,0.133333,0.069013,67328
68.8,0,0.1,0,0.166667,0.0886786,84160,0.466667,0.332279,235648,0,0.1,0,0,0.1,0,0,0.1,0,0,0.1,0,0,0.1,0,0.0538462,0.322047,29456,0.0192308,0.0370288,4208,0.0149254,0.261901,4208,0,0.1,0,0,0.1,0,0,0.1,0,0.123077,0.0685969,67328
68.9,0,0.1,0,0.146154,0.070853,79952,0.430769,0.333185,235648,0,0.1,0,0,0.1,0,0,0.1,0,0,0.1,0,0,0.1,0,0.0583333,0.322047,29456,0,0.1,0,0.0138889,0.261901,4208,0,0.1,0,0,0.1,0,0,0.1,0,0.107692,0.0711939,58912
69,0,0.1,0,0.146154,0.0719187,79952,0.415385,0.333747,227232,0,0.1,0,0,0.1,0,0,0.1,0,0,0.1,0,0,0.1,0,0.0461538,0.345027,25248,0,0.1,0,0.0147059,0.261901,4208,0,0.1,0,0,0.1,0,0,0.1,0,0.116667,0.0795795,58912
69.1,0,0.1,0,0.15,0.072054,75744,0.433333,0.340175,218816,0,0.1,0,0,0.1,0,0,0.1,0,0,0.1,0,0,0.1,0,0.0384615,0.367789,21040,0,0.1,0,0.012987,0.261901,4208,0,0.1,0,0,0.1,0,0,0.1,0,0.1,0.0783064,54704
69.2,0,0.1,0,0.115385,0.0745905,63120,0.4,0.339974,218816,0,0.1,0,0,0.1,0,0,0.1,0,0,0.1,0,0,0.1,0,0.0416667,0.410647,21040,0,0.1,0,0.0121951,0.261901,4208,0,0.1,0,0,0.1,0,0,0.1,0,0.0846154,0.0843144,46288
69.3,0,0.1,0,0.123077,0.0840075,67328,0.4,0.346314,218816,0,0.1,0,0,0.1,0,0,0.1,0,0,0.1,0,0,0.1,0,0.0461538,0.402783,25248,0,0.1,0,0.0128205,0.261901,4208,0,0.1,0,0,0.1,0,0,0.1,0,0.1,0.0864531,50496
69.4,0,0.1,0,0.133333,0.100267,67328,0.441667,0.348797,223024,0,0.1,0,0,0.1,0,0,0.1,0,0,0.1,0,0,0.1,0,0.0461538,0.402783,25248,0,0.1,0,0.0114943,0.261901,4208,0,0.1,0,0,0.1,0,0,0.1,0,0.1,0.0975485,54704
69.5,0,0.1,0,0.115385,0.0948842,63120,0.415385,0.350827,227232,0,0.1,0,0,0.1,0,0,0.1,0,0,0.1,0,0,0.1,0,0.0583333,0.41529,29456,0,0.1,0,0.0108696,0.261901,4208,0,0.1,0,0,0.1,0,0,0.1,0,0.1,0.115706,54704
69.6,0,0.1,0,0.107692,0.0988438,58912,0.430769,0.357602,235648,0,0.1,0,0,0.1,0,0,0.1,0,0,0.1,0,0,0.1,0,0.0615385,0.421481,33664,0,0.1,0,0.0113636,0.261901,4208,0,0.1,0,0,0.1,0,0,0.1,0,0.108333,0.128993,54704
69.7,0,0.1,0,0.116667,0.0988438,58912,0.45,0.355015,227232,0,0.1,0,0,0.1,0,0,0.1,0,0,0.1,0,0,0.1,0,0.0538462,0.433041,29456,0,0.1,0,0.0103093,0.261901,4208,0,0.1,0,0,0.1,0,0,0.1,0,0.1,0.140677,54704
69.8,0,0.1,0,0.107692,0.0988438,58912,0.392308,0.358231,214608,0,0.1,0,0,0.1,0,0,0.1,0,0,0.1,0,0,0.1,0,0.0666667,0.425841,33664,0,0.1,0,0.00980392,0.261901,4208,0,0.1,0,0,0.1,0,0,0.1,0,0.1,0.151316,54704
69.9,0,0.1,0,0.107692,0.145246,58912,0.392308,0.366011,214608,0,0.1,0,0,0.1,0,0,0.1,0,0,0.1,0,0,0.1,0,0.0615385,0.425841,33664,0,0.1,0,0.0102041,0.261901,4208,0,0.1,0,0,0.1,0,0,0.1,0,0.0833333,0.172338,42080
70,0,0.1,0,0.116667,0.145246,58912,0.441667,0.368984,223024,0,0.1,0,0,0.1,0,0,0.1,0,0,0.1,0,0,0.1,0,0.0615385,0.425841,33664,0,0.1,0,0.00934579,0.261901,4208,0,0.1,0,0,0.1,0,0,0.1,0,0.0923077,0.212706,50496
70.1,0,0.1,0,0.107692,0.165473,58912,0.430769,0.365961,235648,0,0.1,0,0,0.1,0,0,0.1,0,0,0.1,0,0,0.1,0,0.075,0.42075,37872,0,0.1,0,0.00892857,0.261901,4208,0,0.1,0,0,0.1,0,0,0.1,0,0.0923077,0.212706,50496
70.2,0,0.1,0,0.0923077,0.187958,50496,0.453846,0.357263,248272,0,0.1,0,0,0.1,0,0,0.1,0,0,0.1,0,0,0.1,0,0.0692308,0.42075,37872,0,0.1,0,0.00925926,0.261901,4208,0,0.1,0,0,0.1,0,0,0.1,0,0.1,0.220102,50496
70.3,0,0.1,0,0.1,0.187958,50496,0.475,0.355038,239856,0,0.1,0,0,0.1,0,0,0.1,0,0,0.1,0,0,0.1,0,0.0615385,0.413303,33664,0,0.1,0,0.00854701,0.261901,4208,0,0.1,0,0,0.1,0,0,0.1,0,0.0923077,0.220102,50496
70.4,0,0.1,0,0.0846154,0.201213,46288,0.438462,0.347525,239856,0,0.1,0,0,0.1,0,0,0.1,0,0,0.1,0,0,0.1,0,0.0583333,0.407185,29456,0,0.1,0,0.00854701,0.261901,4208,0,0.1,0,0,0.1,0,0,0.1,0,0.1,0.248873,54704
70.5,0,0.1,0,0.0769231,0.220474,42080,0.423077,0.346283,231440,0,0.1,0,0,0.1,0,0,0.1,0,0,0.1,0,0,0.1,0,0.0538462,0.407185,29456,0,0.1,0,0.00925926,0.261901,4208,0,0.1,0,0,0.1,0,0,0.1,0,0.108333,0.248873,54704
70.6,0,0.1,0,0.075,0.260399,37872,0.433333,0.349946,218816,0,0.1,0,0,0.1,0,0,0.1,0,0,0.1,0,0,0.1,0,0.0538462,0.407185,29456,0,0.1,0,0.00854701,0.261901,4208,0,0.1,0,0,0.1,0,0,0.1,0,0.123077,0.285876,67328
70.7,0,0.1,0,0.0615385,0.280446,33664,0.4,0.348641,218816,0,0.1,0,0,0.1,0,0,0.1,0,0,0.1,0,0,0.1,0,0.0583333,0.407185,29456,0,0.1,0,0,0.1,0,0,0.1,0,0,0.1,0,0,0.1,0,0.130769,0.316903,71536
70.8,0,0.1,0,0.0538462,0.315874,29456,0.392308,0.349079,214608,0,0.1,0,0,0.1,0,0,0.1,0,0,0.1,0,0,0.1,0,0.0615385,0.414002,33664,0,0.1,0,0,0.1,0,0,0.1,0,0,0.1,0,0,0.1,0,0.15,0.321779,75744
70.9,0,0.1,0,0.0583333,0.363846,29456,0.416667,0.34671,210400,0,0.1,0,0,0.1,0,0,0.1,0,0,0.1,0,0,0.1,0,0.0615385,0.414002,33664,0,0.1,0,0,0.1,0,0,0.1,0,0,0.1,0,0,0.1,0,0.138462,0.343083,75744
71,0,0.1,0,0.0538462,0.363846,29456,0.384615,0.345044,210400,0,0.1,0,0,0.1,0,0,0.1,0,0,0.1,0,0,0.1,0,0.0666667,0.414002,33664,0,0.1,0,0,0.1,0,0,0.1,0,0,0.1,0,0,0.1,0,0.138462,0.343083,75744
71.1,0,0.1,0,0.0846154,0.385823,46288,0.392308,0.341668,214608,0,0.1,0,0,0.1,0,0,0.1,0,0,0.1,0,0,0.1,0,0.0538462,0.417141,29456,0,0.1,0,0,0.1,0,0,0.1,0,0,0.1,0,0,0.1,0,0.15,0.343083,75744
71.2,0,0.1,0,0.0916667,0.399909,46288,0.4,0.334422,201984,0,0.1,0,0,0.1,0,0,0.1,0,0,0.1,0,0,0.1,0,0.0461538,0.426087,25248,0.0121951,0.115338,4208,0,0.1,0,0,0.1,0,0,0.1,0,0,0.1,0,0.146154,0.372214,79952
71.3,0,0.1,0,0.0846154,0.411411,46288,0.353846,0.330098,193568,0,0.1,0,0,0.1,0,0,0.1,0,0,0.1,0,0,0.1,0,0.05,0.426087,25248,0.025641,0.107152,8416,0,0.1,0,0,0.1,0,0,0.1,0,0,0.1,0,0.146154,0.382162,79952
71.4,0,0.1,0,0.1,0.409647,54704,0.361538,0.332291,197776,0,0.1,0,0,0.1,0,0,0.1,0,0,0.1,0,0,0.1,0,0.0384615,0.413238,21040,0.0229885,0.107152,8416,0,0.1,0,0,0.1,0,0,0.1,0,0,0.1,0,0.158333,0.398612,79952
71.5,0,0.1,0,0.116667,0.404472,58912,0.375,0.326264,189360,0,0.1,0,0,0.1,0,0,0.1,0,0,0.1,0,0,0.1,0,0.0230769,0.405726,12624,0.0326087,0.131978,12624,0,0.1,0,0,0.1,0,0,0.1,0,0,0.1,0,0.146154,0.404968,79952
71.6,0,0.1,0,0.115385,0.401092,63120,0.353846,0.329472,193568,0,0.1,0,0,0.1,0,0,0.1,0,0,0.1,0,0,0.1,0,0.025,0.405726,12624,0.0340909,0.131978,12624,0,0.1,0,0,0.1,0,0,0.1,0,0,0.1,0,0.146154,0.415978,79952
71.7,0,0.1,0,0.115385,0.401092,63120,0.330769,0.323581,180944,0,0.1,0,0,0.1,0,0,0.1,0,0,0.1,0,0,0.1,0,0.0153846,0.420871,8416,0.0306122,0.131978,12624,0,0.1,0,0,0.1,0,0,0.1,0,0,0.1,0,0.158333,0.417601,79952
71.8,0,0.1,0,0.108333,0.40446,54704,0.358333,0.322887,180944,0,0.1,0,0,0.1,0,0,0.1,0,0,0.1,0,0,0.1,0,0.0153846,0.420871,8416,0.0288462,0.131978,12624,0,0.1,0,0,0.1,0,0,0.1,0,0,0.1,0,0.169231,0.421195,92576
71.9,0,0.1,0,0.107692,0.407856,58912,0.330769,0.321435,180944,0,0.1,0,0,0.1,0,0,0.1,0,0,0.1,0,0,0.1,0,0.0166667,0.420871,8416,0.04,0.164335,16832,0,0.1,0,0,0.1,0,0,0.1,0,0,0.1,0,0.146154,0.440872,79952
72,0,0.1,0,0.1,0.412884,54704,0.323077,0.32471,176736,0,0.1,0,0,0.1,0,0,0.1,0,0,0.1,0,0,0.1,0,0.00769231,0.461718,4208,0.0363636,0.164335,16832,0,0.1,0,0,0.1,0,0,0.1,0,0,0.1,0,0.158333,0.440872,79952
72.1,0,0.1,0,0.125,0.407338,63120,0.341667,0.337733,172528,0,0.1,0,0,0.1,0,0,0.1,0,0,0.1,0,0,0.1,0,0.00769231,0.461718,4208,0.0344828,0.164335,16832,0,0.1,0,0,0.1,0,0,0.1,0,0,0.1,0,0.161538,0.447413,88368
72.2,0,0.1,0,0.115385,0.407338,63120,0.307692,0.339804,168320,0,0.1,0,0,0.1,0,0,0.1,0,0,0.1,0,0,0.1,0,0.00833333,0.461718,4208,0.0446429,0.186976,21040,0,0.1,0,0,0.1,0,0,0.1,0,0,0.1,0,0.169231,0.445629,92576
72.3,0,0.1,0,0.123077,0.405186,67328,0.307692,0.354081,168320,0,0.1,0,0,0.1,0,0,0.1,0,0,0.1,0,0,0.1,0,0.00769231,0.461718,4208,0.0409836,0.186976,21040,0,0.1,0,0,0.1,0,0,0.1,0,0,0.1,0,0.183333,0.435769,92576
72.4,0,0.1,0,0.141667,0.402341,71536,0.333333,0.363961,168320,0,0.1,0,0,0.1,0,0,0.1,0,0,0.1,0,0,0.1,0,0.00769231,0.461718,4208,0.0406504,0.186976,21040,0,0.1,0,0,0.1,0,0,0.1,0,0,0.1,0,0.169231,0.435769,92576
72.5,0,0.1,0,0.123077,0.404208,67328,0.3,0.367415,164112,0,0.1,0,0,0.1,0,0,0.1,0,0,0.1,0,0,0.1,0,0.00833333,0.461718,4208,0.0526316,0.188593,25248,0,0.1,0,0,0.1,0,0,0.1,0,0,0.1,0,0.153846,0.435711,84160
72.6,0,0.1,0,0.130769,0.401958,71536,0.276923,0.38347,151488,0,0.1,0,0,0.1,0,0,0.1,0,0,0.1,0,0,0.1,0,0.00769231,0.461718,4208,0.0483871,0.188593,25248,0,0.1,0,0,0.1,0,0,0.1,0,0,0.1,0,0.15,0.436361,75744
72.7,0,0.1,0,0.166667,0.388881,84160,0.308333,0.383796,155696,0,0.1,0,0,0.1,0,0,0.1,0,0,0.1,0,0,0.1,0,0,0.1,0,0.048,0.188593,25248,0,0.1,0,0,0.1,0,0,0.1,0,0,0.1,0,0.138462,0.441525,75744
72.8,0,0.1,0,0.161538,0.374647,88368,0.276923,0.387976,151488,0,0.1,0,0,0.1,0,0,0.1,0,0,0.1,0,0,0.1,0,0,0.1,0,0.0517241,0.188593,25248,0,0.1,0,0,0.1,0,0,0.1,0,0,0.1,0,0.130769,0.436936,71536
72.9,0,0.1,0,0.161538,0.374647,88368,0.276923,0.393592,151488,0,0.1,0,0,0.1,0,0,0.1,0,0,0.1,0,0,0.1,0,0,0.1,0,0.047619,0.188593,25248,0,0.1,0,0,0.1,0,0,0.1,0,0,0.1,0,0.141667,0.436936,71536
73,0,0.1,0,0.15,0.352619,75744,0.291667,0.409382,147280,0,0.1,0,0,0.1,0,0,0.1,0,0,0.1,0,0,0.1,0,0,0.1,0,0.0472441,0.188593,25248,0,0.1,0,0,0.1,0,0,0.1,0,0,0.1,0,0.130769,0.436936,71536
73.1,0,0.1,0,0.138462,0.348363,75744,0.269231,0.409382,147280,0,0.1,0,0,0.1,0,0,0.1,0,0,0.1,0,0,0.1,0,0,0.1,0,0.0423729,0.203244,21040,0,0.1,0,0,0.1,0,0,0.1,0,0,0.1,0,0.115385,0.42809,63120
73.2,0,0.1,0,0.138462,0.336206,75744,0.276923,0.41251,151488,0,0.1,0,0,0.1,0,0,0.1,0,0,0.1,0,0,0.1,0,0,0.1,0,0.03125,0.229313,16832,0,0.1,0,0,0.1,0,0,0.1,0,0,0.1,0,0.116667,0.428689,58912
73.3,0,0.1,0,0.15,0.322943,75744,0.3,0.413747,151488,0,0.1,0,0,0.1,0,0,0.1,0,0,0.1,0,0,0.1,0,0,0.1,0,0.0310078,0.229313,16832,0,0.1,0,0,0.1,0,0,0.1,0,0,0.1,0,0.1,0.418709,54704
73.4,0,0.1,0,0.138462,0.314782,75744,0.276923,0.414645,151488,0,0.1,0,0,0.1,0,0,0.1,0,0,0.1,0,0,0.1,0,0,0.1,0,0.025,0.245208,12624,0,0.1,0,0,0.1,0,0,0.1,0,0,0.1,0,0.0923077,0.425182,50496
73.5,0,0.1,0,0.130769,0.312488,71536,0.269231,0.412564,147280,0,0.1,0,0,0.1,0,0,0.1,0,0,0.1,0,0,0.1,0,0,0.1,0,0.0230769,0.245208,12624,0,0.1,0,0,0.1,0,0,0.1,0,0,0.1,0,0.0916667,0.426246,46288
73.6,0,0.1,0,0.15,0.316111,75744,0.291667,0.411289,147280,0,0.1,0,0,0.1,0,0,0.1,0,0,0.1,0,0,0.1,0,0,0.1,0,0.0230769,0.245208,12624,0,0.1,0,0,0.1,0,0,0.1,0,0,0.1,0,0.0769231,0.432233,42080
73.7,0,0.1,0,0.138462,0.316111,75744,0.253846,0.414844,138864,0,0.1,0,0,0.1,0,0,0.1,0,0,0.1,0,0,0.1,0,0,0.1,0,0.025,0.245208,12624,0,0.1,0,0,0.1,0,0,0.1,0,0,0.1,0,0.0538462,0.427209,29456
73.8,0,0.1,0,0.130769,0.308118,71536,0.253846,0.421189,138864,0,0.1,0,0,0.1,0,0,0.1,0,0,0.1,0,0,0.1,0,0,0.1,0,0.0153846,0.237109,8416,0,0.1,0,0,0.1,0,0,0.1,0,0,0.1,0,0.0583333,0.427209,29456
73.9,0,0.1,0,0.15,0.313614,75744,0.275,0.425466,138864,0,0.1,0,0,0.1,0,0,0.1,0,0,0.1,0,0,0.1,0,0,0.1,0,0.0153846,0.237109,8416,0,0.1,0,0,0.1,0,0,0.1,0,0,0.1,0,0.0538462,0.427209,29456
74,0,0.1,0,0.161538,0.325498,88368,0.223077,0.43454,122032,0,0.1,0,0,0.1,0,0,0.1,0,0,0.1,0,0,0.1,0,0,0.1,0,0.0166667,0.237109,8416,0,0.1,0,0,0.1,0,0,0.1,0,0,0.1,0,0.0307692,0.437237,16832
74.1,0,0.1,0,0.161538,0.325498,88368,0.238462,0.435352,130448,0,0.1,0,0,0.1,0,0,0.1,0,0,0.1,0,0,0.1,0,0,0.1,0,0.00769231,0.196676,4208,0,0.1,0,0,0.1,0,0,0.1,0,0,0.1,0,0.025,0.446933,12624
74.2,0,0.1,0,0.175,0.324874,88368,0.258333,0.438142,130448,0,0.1,0,0,0.1,0,0,0.1,0,0,0.1,0,0,0.1,0,0,0.1,0,0.00769231,0.196676,4208,0,0.1,0,0,0.1,0,0,0.1,0,0,0.1,0,0.0153846,0.48179,8416
74.3,0,0.1,0,0.153846,0.323276,84160,0.238462,0.43376,130448,0,0.1,0,0,0.1,0,0,0.1,0,0,0.1,0,0,0.1,0,0,0.1,0,0.00833333,0.196676,4208,0,0.1,0,0,0.1,0,0,0.1,0,0,0.1,0,0.0153846,0.48179,8416
74.4,0,0.1,0,0.161538,0.327316,88368,0.246154,0.434876,134656,0,0.1,0,0,0.1,0,0,0.1,0,0,0.1,0,0,0.1,0,0,0.1,0,0,0.1,0,0,0.1,0,0,0.1,0,0,0.1,0,0,0.1,0,0.00833333,0.497624,4208
74.5,0,0.1,0,0.175,0.328107,88368,0.275,0.430163,138864,0,0.1,0,0,0.1,0,0,0.1,0,0,0.1,0,0,0.1,0,0,0.1,0,0,0.1,0,0,0.1,0,0,0.1,0,0,0.1,0,0,0.1,0,0.00769231,0.497624,4208
74.6,0,0.1,0,0.138462,0.330329,75744,0.269231,0.429544,147280,0,0.1,0,0,0.1,0,0,0.1,0,0,0.1,0,0,0.1,0,0,0.1,0,0,0.1,0,0,0.1,0,0,0.1,0,0,0.1,0,0,0.1,0,0,0.1,0
74.7,0,0.1,0,0.130769,0.340109,71536,0.269231,0.429544,147280,0,0.1,0,0,0.1,0,0,0.1,0,0,0.1,0,0.00854701,0.045095,4208,0,0.1,0,0,0.1,0,0,0.1,0,0,0.1,0,0,0.1,0,0,0.1,0,0,0.1,0
74.8,0,0.1,0,0.141667,0.340109,71536,0.283333,0.42576,143072,0,0.1,0,0,0.1,0,0,0.1,0,0,0.1,0,0.00854701,0.045095,4208,0,0.1,0,0,0.1,0,0,0.1,0,0,0.1,0,0,0.1,0,0,0.1,0,0,0.1,0
74.9,0,0.1,0,0.130769,0.355047,71536,0.246154,0.421605,134656,0,0.1,0,0,0.1,0,0,0.1,0,0,0.1,0,0.0277778,0.040426,12624,0,0.1,0,0,0.1,0,0,0.1,0,0,0.1,0,0,0.1,0,0,0.1,0,0,0.1,0
75,0,0.1,0,0.123077,0.358263,67328,0.253846,0.421767,138864,0,0.1,0,0,0.1,0,0,0.1,0,0,0.1,0,0.025641,0.040426,12624,0,0.1,0,0,0.1,0,0,0.1,0,0,0.1,0,0,0.1,0,0,0.1,0,0,0.1,0
75.1,0,0.1,0,0.125,0.365151,63120,0.3,0.411367,151488,0,0.1,0,0,0.1,0,0,0.1,0,0,0.1,0,0.025641,0.040426,12624,0,0.1,0,0,0.1,0,0,0.1,0,0,0.1,0,0,0.1,0,0,0.1,0,0,0.1,0
75.2,0,0.1,0,0.1,0.378162,54704,0.269231,0.403673,147280,0,0.1,0,0,0.1,0,0,0.1,0,0,0.1,0,0.0277778,0.040426,12624,0,0.1,0,0,0.1,0,0,0.1,0,0,0.1,0,0,0.1,0,0,0.1,0,0,0.1,0
75.3,0.00990099,0.0933773,4208,0.1,0.382402,54704,0.276923,0.39535,151488,0,0.1,0,0,0.1,0,0,0.1,0,0,0.1,0,0.034188,0.0406294,16832,0,0.1,0,0,0.1,0,0,0.1,0,0,0.1,0,0,0.1,0,0,0.1,0,0,0.1,0
75.4,0.0108696,0.0933773,4208,0.108333,0.382402,54704,0.308333,0.38917,155696,0,0.1,0,0,0.1,0,0,0.1,0,0,0.1,0,0.034188,0.0406294,16832,0,0.1,0,0,0.1,0,0,0.1,0,0,0.1,0,0,0.1,0,0,0.1,0,0,0.1,0
75.5,0.0206186,0.0676829,8416,0.0923077,0.382794,50496,0.307692,0.378726,168320,0,0.1,0,0,0.1,0,0,0.1,0,0,0.1,0,0.037037,0.0406294,16832,0,0.1,0,0,0.1,0,0,0.1,0,0,0.1,0,0,0.1,0,0,0.1,0,0,0.1,0
75.6,0.0215054,0.0676829,8416,0.107692,0.367077,58912,0.307692,0.366834,168320,0,0.1,0,0,0.1,0,0,0.1,0,0,0.1,0,0.034188,0.0406294,16832,0,0.1,0,0,0.1,0,0,0.1,0,0,0.1,0,0,0.1,0,0,0.1,0,0,0.1,0
75.7,0.0238095,0.0676829,8416,0.125,0.365596,63120,0.316667,0.358732,159904,0,0.1,0,0,0.1,0,0,0.1,0,0,0.1,0,0.034188,0.0406294,16832,0,0.1,0,0,0.1,0,0,0.1,0,0,0.1,0,0,0.1,0,0,0.1,0,0,0.1,0
75.8,0.0224719,0.0676829,8416,0.107692,0.362636,58912,0.276923,0.347035,151488,0,0.1,0,0,0.1,0,0,0.1,0,0,0.1,0,0.0462963,0.0418731,21040,0,0.1,0,0,0.1,0,0,0.1,0,0,0.1,0,0,0.1,0,0,0.1,0,0,0.1,0
75.9,0.0352941,0.0648683,12624,0.0692308,0.349326,37872,0.284615,0.34173,155696,0,0.1,0,0,0.1,0,0,0.1,0,0,0.1,0,0.042735,0.0418731,21040,0,0.1,0,0,0.1,0,0,0.1,0,0,0.1,0,0,0.1,0,0,0.1,0,0,0.1,0
76,0.0394737,0.0648683,12624,0.0916667,0.343012,46288,0.3,0.332623,151488,0,0.1,0,0,0.1,0,0,0.1,0,0,0.1,0,0.042735,0.0418731,21040,0,0.1,0,0,0.1,0,0,0.1,0,0,0.1,0,0,0.1,0,0,0.1,0,0,0.1,0
76.1,0.037037,0.0648683,12624,0.0846154,0.342055,46288,0.253846,0.321565,138864,0,0.1,0,0,0.1,0,0,0.1,0,0,0.1,0,0.0462963,0.0418731,21040,0,0.1,0,0,0.1,0,0,0.1,0,0,0.1,0,0,0.1,0,0,0.1,0,0,0.1,0
76.2,0.038961,0.0648683,12624,0.0846154,0.342055,46288,0.238462,0.3187,130448,0,0.1,0,0,0.1,0,0,0.1,0,0,0.1,0,0.042735,0.0418731,21040,0,0.1,0,0,0.1,0,0,0.1,0,0,0.1,0,0,0.1,0,0,0.1,0,0,0.1,0
76.3,0.0588235,0.0607139,16832,0.108333,0.34175,54704,0.266667,0.312313,134656,0,0.1,0,0,0.1,0,0,0.1,0,0,0.1,0,0.042735,0.0418731,21040,0,0.1,0,0,0.1,0,0,0.1,0,0,0.1,0,0,0.1,0,0,0.1,0,0,0.1,0
76.4,0.0547945,0.0607139,16832,0.0923077,0.338349,50496,0.253846,0.310061,138864,0,0.1,0,0,0.1,0,0,0.1,0,0,0.1,0,0.0462963,0.0418731,21040,0,0.1,0,0,0.1,0,0,0.1,0,0,0.1,0,0,0.1,0,0,0.1,0,0,0.1,0
76.5,0.057971,0.0607139,16832,0.0923077,0.338349,50496,0.238462,0.300074,130448,0,0.1,0,0,0.1,0,0,0.1,0,0,0.1,0,0.042735,0.0418731,21040,0,0.1,0,0,0.1,0,0,0.1,0,0,0.1,0,0,0.1,0,0,0.1,0,0,0.1,0
76.6,0.0666667,0.0607139,16832,0.1,0.321991,50496,0.291667,0.295273,147280,0,0.1,0,0,0.1,0,0,0.1,0,0,0.1,0,0.0353982,0.0410677,16832,0,0.1,0,0,0.1,0,0,0.1,0,0,0.1,0,0,0.1,0,0,0.1,0,0,0.1,0
76.7,0.0615385,0.0607139,16832,0.1,0.321665,54704,0.276923,0.293297,151488,0,0.1,0,0,0.1,0,0,0.1,0,0,0.1,0,0.0384615,0.0410677,16832,0,0.1,0,0,0.1,0,0,0.1,0,0,0.1,0,0,0.1,0,0,0.1,0,0,0.1,0
76.8,0.0615385,0.0607139,16832,0.0923077,0.312584,50496,0.292308,0.292344,159904,0,0.1,0,0,0.1,0,0,0.1,0,0,0.1,0,0.0183486,0.0440438,8416,0,0.1,0,0,0.1,0,0,0.1,0,0,0.1,0,0,0.1,0,0,0.1,0,0,0.1,0
76.9,0.0666667,0.0607139,16832,0.1,0.312584,50496,0.333333,0.283348,168320,0,0.1,0,0,0.1,0,0,0.1,0,0,0.1,0,0.0190476,0.0440438,8416,0,0.1,0,0,0.1,0,0,0.1,0,0,0.1,0,0,0.1,0,0,0.1,0,0,0.1,0
77,0.0615385,0.0607139,16832,0.0923077,0.312584,50496,0.269231,0.273457,147280,0,0.1,0,0,0.1,0,0,0.1,0,0,0.1,0,0.0208333,0.0440438,8416,0,0.1,0,0,0.1,0,0,0.1,0,0,0.1,0,0,0.1,0,0,0.1,0,0,0.1,0
77.1,0.0615385,0.0607139,16832,0.107692,0.297606,58912,0.269231,0.264359,147280,0,0.1,0,0,0.1,0,0,0.1,0,0,0.1,0,0.019802,0.0440438,8416,0,0.1,0,0,0.1,0,0,0.1,0,0,0.1,0,0,0.1,0,0,0.1,0,0,0.1,0
77.2,0.05,0.0498261,12624,0.116667,0.295749,58912,0.266667,0.258852,134656,0,0.1,0,0,0.1,0,0,0.1,0,0,0.1,0,0.0103093,0.0468482,4208,0,0.1,0,0,0.1,0,0,0.1,0,0,0.1,0,0,0.1,0,0,0.1,0,0,0.1,0
77.3,0.0461538,0.0498261,12624,0.123077,0.279441,67328,0.253846,0.240702,138864,0,0.1,0,0,0.1,0,0,0.1,0,0,0.1,0,0.0113636,0.0468482,4208,0,0.1,0,0,0.1,0,0,0.1,0,0,0.1,0,0,0.1,0,0,0.1,0,0,0.1,0
77.4,0.0307692,0.0537449,8416,0.123077,0.279441,67328,0.238462,0.223989,130448,0,0.1,0,0,0.1,0,0,0.1,0,0,0.1,0,0.0107527,0.0468482,4208,0,0.1,0,0,0.1,0,0,0.1,0,0,0.1,0,0,0.1,0,0,0.1,0,0,0.1,0
77.5,0.0333333,0.0537449,8416,0.125,0.276783,63120,0.266667,0.209708,134656,0,0.1,0,0,0.1,0,0,0.1,0,0,0.1,0,0.011236,0.0468482,4208,0,0.1,0,0,0.1,0,0,0.1,0,0,0.1,0,0,0.1,0,0,0.1,0,0,0.1,0
77.6,0.0307692,0.0537449,8416,0.115385,0.263825,63120,0.253846,0.196848,138864,0,0.1,0,0,0.1,0,0,0.1,0,0,0.1,0,0.0125,0.0468482,4208,0,0.1,0,0,0.1,0,0,0.1,0,0,0.1,0,0,0.1,0,0,0.1,0,0,0.1,0
77.7,0.0307692,0.0537449,8416,0.115385,0.263825,63120,0.261538,0.189309,143072,0,0.1,0,0,0.1,0,0,0.1,0,0,0.1,0,0,0.1,0,0.0163934,0.0976695,8416,0,0.1,0,0,0.1,0,0,0.1,0,0,0.1,0,0,0.1,0,0,0.1,0
77.8,0.0166667,0.0482507,4208,0.141667,0.260292,71536,0.275,0.180472,138864,0,0.1,0,0,0.1,0,0,0.1,0,0,0.1,0,0,0.1,0,0.0165289,0.0976695,8416,0,0.1,0,0,0.1,0,0,0.1,0,0,0.1,0,0,0.1,0,0,0.1,0
77.9,0.0153846,0.0482507,4208,0.115385,0.253052,63120,0.253846,0.175187,138864,0,0.1,0,0,0.1,0,0,0.1,0,0,0.1,0,0,0.1,0,0.018018,0.0976695,8416,0,0.1,0,0,0.1,0,0,0.1,0,0,0.1,0,0,0.1,0,0,0.1,0
78,0.0153846,0.0482507,4208,0.107692,0.246178,58912,0.269231,0.166662,147280,0,0.1,0,0,0.1,0,0,0.1,0,0,0.1,0,0,0.1,0,0.0166667,0.0976695,8416,0,0.1,0,0,0.1,0,0,0.1,0,0,0.1,0,0,0.1,0,0,0.1,0
78.1,0.0166667,0.0482507,4208,0.116667,0.246178,58912,0.291667,0.166662,147280,0,0.1,0,0,0.1,0,0,0.1,0,0,0.1,0,0,0.1,0,0.0168067,0.0976695,8416,0,0.1,0,0,0.1,0,0,0.1,0,0,0.1,0,0,0.1,0,0,0.1,0
78.2,0,0.1,0,0.0846154,0.214384,46288,0.269231,0.15355,147280,0,0.1,0,0,0.1,0,0,0.1,0,0,0.1,0,0,0.1,0,0.0275229,0.095834,12624,0,0.1,0,0,0.1,0,0,0.1,0,0,0.1,0,0,0.1,0,0,0.1,0
78.3,0,0.1,0,0.0846154,0.214384,46288,0.276923,0.134435,151488,0,0.1,0,0,0.1,0,0,0.1,0,0,0.1,0,0,0.1,0,0.0254237,0.095834,12624,0,0.1,0,0,0.1,0,0,0.1,0,0,0.1,0,0,0.1,0,0,0.1,0
78.4,0,0.1,0,0.0916667,0.214384,46288,0.316667,0.124805,159904,0,0.1,0,0,0.1,0,0,0.1,0,0,0.1,0,0,0.1,0,0.025641,0.095834,12624,0,0.1,0,0,0.1,0,0,0.1,0,0,0.1,0,0,0.1,0,0,0.1,0
78.5,0,0.1,0,0.0769231,0.212753,42080,0.261538,0.109127,143072,0,0.1,0,0,0.1,0,0,0.1,0,0,0.1,0,0,0.1,0,0.0277778,0.095834,12624,0,0.1,0,0,0.1,0,0.0149254,0.0904726,4208,0,0.1,0,0,0.1,0,0,0.1,0
78.6,0,0.1,0,0.0769231,0.204202,42080,0.253846,0.0955295,138864,0,0.1,0,0,0.1,0,0,0.1,0,0,0.1,0,0,0.1,0,0.025641,0.095834,12624,0,0.1,0,0,0.1,0,0.015873,0.0904726,4208,0,0.1,0,0,0.1,0,0,0.1,0
78.7,0,0.1,0,0.0833333,0.204202,42080,0.266667,0.0831957,134656,0,0.1,0,0,0.1,0,0,0.1,0,0,0.1,0,0,0.1,0,0.025641,0.095834,12624,0,0.1,0,0,0.1,0,0.0277778,0.0616548,8416,0,0.1,0,0,0.1,0,0,0.1,0
78.8,0,0.1,0,0.0923077,0.211865,50496,0.246154,0.0681156,134656,0,0.1,0,0,0.1,0,0,0.1,0,0,0.1,0,0,0.1,0,0.0277778,0.095834,12624,0,0.1,0,0,0.1,0,0.025974,0.0616548,8416,0,0.1,0,0,0.1,0,0,0.1,0
78.9,0,0.1,0,0.1,0.217401,54704,0.261538,0.0689139,143072,0,0.1,0,0,0.1,0,0,0.1,0,0,0.1,0,0,0.1,0,0.025641,0.095834,12624,0,0.1,0,0,0.1,0,0.0273973,0.0616548,8416,0,0.1,0,0,0.1,0,0,0.1,0
79,0,0.1,0,0.1,0.216762,50496,0.283333,0.0627463,143072,0,0.1,0,0,0.1,0,0,0.1,0,0,0.1,0,0,0.1,0,0.025641,0.095834,12624,0,0.1,0,0,0.1,0,0.0487805,0.0549488,16832,0,0.1,0,0,0.1,0,0,0.1,0
79.1,0,0.1,0,0.1,0.213895,54704,0.292308,0.0612891,159904,0,0.1,0,0,0.1,0,0,0.1,0,0,0.1,0,0,0.1,0,0.0277778,0.095834,12624,0,0.1,0,0,0.1,0,0.045977,0.0549488,16832,0,0.1,0,0,0.1,0,0,0.1,0
79.2,0,0.1,0,0.1,0.204589,54704,0.276923,0.0582536,151488,0,0.1,0,0,0.1,0,0,0.1,0,0,0.1,0,0,0.1,0,0.025641,0.095834,12624,0,0.1,0,0,0.1,0,0.0481928,0.0549488,16832,0,0.1,0,0,0.1,0,0,0.1,0
79.3,0,0.1,0,0.116667,0.193004,58912,0.308333,0.0569831,155696,0,0.1,0,0,0.1,0,0,0.1,0,0,0.1,0,0,0.1,0,0.025641,0.095834,12624,0,0.1,0,0,0.1,0,0.0434783,0.0549488,16832,0,0.1,0,0,0.1,0,0,0.1,0
79.4,0,0.1,0,0.115385,0.177794,63120,0.269231,0.0545326,147280,0,0.1,0,0,0.1,0,0,0.1,0,0,0.1,0,0,0.1,0,0.0277778,0.095834,12624,0,0.1,0,0,0.1,0,0.0412371,0.0549488,16832,0,0.1,0,0,0.1,0,0,0.1,0
79.5,0,0.1,0,0.107692,0.179744,58912,0.261538,0.0562288,143072,0,0.1,0,0,0.1,0,0,0.1,0,0,0.1,0,0,0.1,0,0.025641,0.095834,12624,0,0.1,0,0,0.1,0,0.0645161,0.049111,25248,0,0.1,0,0,0.1,0,0,0.1,0
79.6,0,0.1,0,0.133333,0.178345,67328,0.283333,0.0578591,143072,0,0.1,0,0,0.1,0,0,0.1,0,0,0.1,0,0,0.1,0,0.00854701,0.092163,4208,0,0.1,0,0,0.1,0,0.0784314,0.0481439,33664,0,0.1,0,0,0.1,0,0,0.1,0
79.7,0,0.1,0,0.107692,0.170424,58912,0.261538,0.0602331,143072,0,0.1,0,0,0.1,0,0,0.1,0,0,0.1,0,0,0.1,0,0.00925926,0.092163,4208,0,0.1,0,0,0.1,0,0.0747664,0.0481439,33664,0,0.1,0,0,0.1,0,0,0.1,0
79.8,0,0.1,0,0.123077,0.172344,67328,0.292308,0.0757928,159904,0,0.1,0,0,0.1,0,0,0.1,0,0,0.1,0,0,0.1,0,0.00854701,0.092163,4208,0,0.1,0,0,0.1,0,0.0873786,0.0494449,37872,0,0.1,0,0,0.1,0,0,0.1,0
79.9,0,0.1,0,0.15,0.162051,75744,0.308333,0.0790561,155696,0,0.1,0,0,0.1,0,0,0.1,0,0,0.1,0,0,0.1,0,0.00854701,0.092163,4208,0,0.1,0,0,0.1,0,0.0892857,0.0500302,42080,0,0.1,0,0,0.1,0,0,0.1,0
80,0,0.1,0,0.146154,0.15981,79952,0.284615,0.0790561,155696,0,0.1,0,0,0.1,0,0,0.1,0,0,0.1,0,0,0.1,0,0.00925926,0.092163,4208,0,0.1,0,0,0.1,0,0.0940171,0.0525264,46288,0,0.1,0,0,0.1,0,0,0.1,0
80.1,0,0.1,0,0.153846,0.155328,84160,0.312,0.0845789,164112,0,0.1,0,0,0.1,0,0,0.1,0,0,0.1,0,0,0.1,0,0,0.1,0,0,0.1,0,0,0.1,0,0.111111,0.0536842,50496,0,0.1,0,0,0.1,0,0,0.1,0
80.2,0,0.1,0,0.183333,0.145864,92576,0.330435,0.0888696,159904,0,0.1,0,0,0.1,0,0,0.1,0,0,0.1,0,0,0.1,0,0,0.1,0,0,0.1,0,0,0.1,0,0.111111,0.050292,54704,0,0.1,0,0,0.1,0,0,0.1,0
80.3,0,0.1,0,0.169231,0.145864,92576,0.296,0.0911166,155696,0,0.1,0,0,0.1,0,0,0.1,0,0,0.1,0,0,0.1,0,0,0.1,0,0,0.1,0,0,0.1,0,0.111111,0.050292,54704,0,0.1,0,0,0.1,0,0,0.1,0
80.4,0,0.1,0,0.169231,0.145864,92576,0.296,0.0911166,155696,0,0.1,0,0,0.1,0,0,0.1,0,0.017094,0.0432268,8416,0,0.1,0,0,0.1,0,0,0.1,0,0,0.1,0,0.12037,0.0470904,54704,0,0.1,0,0,0.1,0,0,0.1,0
80.5,0,0.1,0,0.183333,0.140246,92576,0.321739,0.0921641,155696,0,0.1,0,0,0.1,0,0,0.1,0,0.017094,0.0432268,8416,0,0.1,0,0,0.1,0,0,0.1,0,0,0.1,0,0.119658,0.044449,58912,0,0.1,0,0,0.1,0,0,0.1,0
80.6,0,0.1,0,0.184615,0.135131,100992,0.288,0.0930536,151488,0,0.1,0,0,0.1,0,0,0.1,0,0.0185185,0.0432268,8416,0,0.1,0,0,0.1,0,0,0.1,0,0,0.1,0,0.119658,0.0431312,58912,0,0.1,0,0,0.1,0,0,0.1,0
80.7,0,0.1,0,0.176923,0.122806,96784,0.264,0.0963849,138864,0,0.1,0,0,0.1,0,0,0.1,0,0.017094,0.0432268,8416,0,0.1,0,0,0.1,0,0,0.1,0,0,0.1,0,0.12963,0.0431312,58912,0,0.1,0,0,0.1,0,0,0.1,0
80.8,0,0.1,0,0.2,0.112347,100992,0.269565,0.0973332,130448,0,0.1,0,0,0.1,0,0,0.1,0,0.017094,0.0432268,8416,0,0.1,0,0,0.1,0,0,0.1,0,0,0.1,0,0.119658,0.0431312,58912,0,0.1,0,0,0.1,0,0,0.1,0
80.9,0,0.1,0,0.192308,0.101678,105200,0.232,0.100872,122032,0,0.1,0,0,0.1,0,0,0.1,0,0.0185185,0.0432268,8416,0,0.1,0,0,0.1,0,0,0.1,0,0,0.1,0,0.102564,0.0422793,50496,0,0.1,0,0,0.1,0,0,0.1,0
81,0,0.1,0,0.184615,0.0922119,100992,0.2,0.109188,105200,0,0.1,0,0,0.1,0,0,0.1,0,0.017094,0.0432268,8416,0,0.1,0,0,0.1,0,0,0.1,0,0,0.1,0,0.111111,0.0422793,50496,0,0.1,0,0,0.1,0,0,0.1,0
81.1,0,0.1,0,0.191667,0.0912049,96784,0.208696,0.113476,100992,0,0.1,0,0,0.1,0,0,0.1,0,0.017094,0.0432268,8416,0,0.1,0,0,0.1,0,0,0.1,0,0,0.1,0,0.119658,0.0416559,58912,0,0.1,0,0,0.1,0,0,0.1,0
81.2,0,0.1,0,0.192308,0.0864501,105200,0.168,0.123595,88368,0,0.1,0,0,0.1,0,0,0.1,0,0.0185185,0.0432268,8416,0,0.1,0,0,0.1,0,0,0.1,0,0,0.1,0,0.128205,0.0462916,63120,0,0.1,0,0,0.1,0,0,0.1,0
81.3,0,0.1,0,0.184615,0.0856674,100992,0.16,0.128405,84160,0,0.1,0,0,0.1,0,0,0.1,0,0.017094,0.0432268,8416,0,0.1,0,0,0.1,0,0,0.1,0,0,0.1,0,0.138889,0.0462916,63120,0,0.1,0,0,0.1,0,0,0.1,0
81.4,0,0.1,0,0.2,0.0856674,100992,0.165217,0.133867,79952,0,0.1,0,0,0.1,0,0,0.1,0,0.017094,0.0432268,8416,0,0.1,0,0,0.1,0,0,0.1,0,0,0.1,0,0.119658,0.0485323,58912,0,0.1,0,0,0.1,0,0,0.1,0
81.5,0,0.1,0,0.176923,0.0770283,96784,0.136,0.141148,71536,0,0.1,0,0,0.1,0,0,0.1,0,0.0185185,0.0432268,8416,0,0.1,0,0,0.1,0,0,0.1,0,0,0.1,0,0.119658,0.0439671,58912,0,0.1,0,0,0.1,0,0,0.1,0
81.6,0,0.1,0,0.2,0.0777021,109408,0.128,0.138166,67328,0,0.1,0,0,0.1,0,0,0.1,0,0.0169492,0.0432268,8416,0,0.1,0,0,0.1,0,0,0.1,0,0,0.1,0,0.12963,0.0439671,58912,0,0.1,0,0,0.1,0,0,0.1,0
81.7,0,0.1,0,0.208333,0.0687642,105200,0.0956522,0.120742,46288,0,0.1,0,0,0.1,0,0,0.1,0,0.0168067,0.0432268,8416,0,0.1,0,0,0.1,0,0,0.1,0,0,0.1,0,0.118644,0.0409652,58912,0,0.1,0,0,0.1,0,0,0.1,0
81.8,0,0.1,0,0.192308,0.0667238,105200,0.08,0.123119,42080,0,0.1,0,0,0.1,0,0,0.1,0,0.0181818,0.0432268,8416,0,0.1,0,0,0.1,0,0,0.1,0,0,0.1,0,0.117647,0.0436123,58912,0,0.1,0,0,0.1,0,0,0.1,0
81.9,0,0.1,0,0.184615,0.0645261,100992,0.08,0.123119,42080,0,0.1,0,0,0.1,0,0,0.1,0,0.0166667,0.0432268,8416,0,0.1,0,0,0.1,0,0,0.1,0,0,0.1,0,0.136364,0.0480458,63120,0,0.1,0,0,0.1,0,0,0.1,0
82,0,0.1,0,0.225,0.0642905,113616,0.05,0.122142,25248,0,0.1,0,0,0.1,0,0,0.1,0,0.0247934,0.0644873,12624,0,0.1,0,0,0.1,0,0,0.1,0,0,0.1,0,0.125,0.053857,63120,0,0.1,0,0,0.1,0,0,0.1,0
82.1,0,0.1,0,0.2,0.0644348,109408,0.0230769,0.0814779,12624,0,0.1,0,0,0.1,0,0,0.1,0,0.0357143,0.068369,16832,0,0.1,0,0,0.1,0,0,0.1,0,0,0.1,0,0.115702,0.0570193,58912,0,0.1,0,0,0.1,0,0,0.1,0
82.2,0,0.1,0,0.207692,0.0670245,113616,0.00769231,0.042753,4208,0,0.1,0,0,0.1,0,0,0.1,0,0.0327869,0.068369,16832,0,0.1,0,0,0.1,0,0,0.1,0,0,0.1,0,0.142857,0.0556245,67328,0,0.1,0,0,0.1,0,0,0.1,0
82.3,0,0.1,0,0.233333,0.066988,117824,0.00833333,0.042753,4208,0,0.1,0,0,0.1,0,0,0.1,0,0.0162602,0.0935112,8416,0,0.1,0,0,0.1,0,0,0.1,0,0,0.1,0,0.122951,0.0560759,63120,0,0.1,0,0,0.1,0,0,0.1,0
82.4,0,0.1,0,0.215385,0.0672939,117824,0,0.1,0,0,0.1,0,0,0.1,0,0,0.1,0,0.0263158,0.100273,12624,0,0.1,0,0,0.1,0,0,0.1,0,0,0.1,0,0.113821,0.0593591,58912,0,0.1,0,0,0.1,0,0,0.1,0
82.5,0,0.1,0,0.223077,0.069201,122032,0,0.1,0,0,0.1,0,0,0.1,0,0,0.1,0,0.0241935,0.100273,12624,0,0.1,0,0,0.1,0,0,0.1,0,0,0.1,0,0.131579,0.0637228,63120,0,0.1,0,0,0.1,0,0,0.1,0
82.6,0,0.1,0,0.25,0.0667819,126240,0,0.1,0,0,0.1,0,0,0.1,0,0,0.1,0,0.024,0.100273,12624,0,0.1,0,0,0.1,0,0,0.1,0,0,0.1,0,0.137097,0.0605581,71536,0,0.1,0,0,0.1,0,0,0.1,0
82.7,0,0.1,0,0.223077,0.0652492,122032,0,0.1,0,0,0.1,0,0,0.1,0,0,0.1,0,0.0258621,0.100273,12624,0,0.1,0,0,0.1,0,0,0.1,0,0,0.1,0,0.136,0.0605581,71536,0,0.1,0,0,0.1,0,0,0.1,0
82.8,0,0.1,0,0.215385,0.0688847,117824,0,0.1,0,0,0.1,0,0,0.1,0,0,0.1,0,0.0238095,0.100273,12624,0,0.1,0,0,0.1,0,0,0.1,0,0,0.1,0,0.155172,0.0581135,75744,0,0.1,0,0,0.1,0,0,0.1,0
82.9,0,0.1,0,0.241667,0.0695717,122032,0,0.1,0,0,0.1,0,0,0.1,0,0,0.1,0,0.023622,0.100273,12624,0,0.1,0,0,0.1,0,0,0.1,0,0,0.1,0,0.150794,0.0567723,79952,0,0.1,0,0,0.1,0,0,0.1,0
83,0,0.1,0,0.215385,0.068692,117824,0,0.1,0,0,0.1,0,0,0.1,0,0,0.1,0,0.0423729,0.0847194,21040,0,0.1,0,0,0.1,0,0,0.1,0,0,0.1,0,0.141732,0.0560732,75744,0,0.1,0,0,0.1,0,0,0.1,0
83.1,0,0.1,0,0.223077,0.071167,122032,0,0.1,0,0,0.1,0,0,0.1,0,0,0.1,0,0.0390625,0.0847194,21040,0,0.1,0,0,0.1,0,0,0.1,0,0,0.1,0,0.152542,0.0512178,75744,0,0.1,0,0,0.1,0,0,0.1,0
83.2,0,0.1,0,0.233333,0.0706423,117824,0,0.1,0,0,0.1,0,0,0.1,0,0,0.1,0,0.0387597,0.0847194,21040,0,0.1,0,0,0.1,0,0,0.1,0,0,0.1,0,0.140625,0.0512178,75744,0,0.1,0,0,0.1,0,0,0.1,0
83.3,0,0.1,0,0.215385,0.0706423,117824,0,0.1,0,0,0.1,0,0,0.1,0,0,0.1,0,0.05,0.0828677,25248,0,0.1,0,0,0.1,0,0,0.1,0,0,0.1,0,0.147287,0.0457697,79952,0,0.1,0,0,0.1,0,0,0.1,0
83.4,0,0.1,0,0.230769,0.0712315,126240,0,0.1,0,0,0.1,0,0,0.1,0,0,0.1,0,0.0461538,0.0828677,25248,0,0.1,0,0,0.1,0,0,0.1,0,0,0.1,0,0.158333,0.0463466,79952,0,0.1,0,0,0.1,0,0,0.1,0
83.5,0,0.1,0,0.25,0.0694078,126240,0,0.1,0,0,0.1,0,0,0.1,0,0,0.1,0,0.0538462,0.0731271,29456,0,0.1,0,0,0.1,0,0,0.1,0,0,0.1,0,0.153846,0.0447878,84160,0,0.1,0,0,0.1,0,0,0.1,0
83.6,0,0.1,0,0.246154,0.0652183,134656,0,0.1,0,0,0.1,0,0,0.1,0,0,0.1,0,0.0583333,0.0731271,29456,0,0.1,0,0,0.1,0,0,0.1,0,0,0.1,0,0.184615,0.0370091,100992,0,0.1,0,0,0.1,0,0,0.1,0
83.7,0,0.1,0,0.238462,0.0663565,130448,0,0.1,0,0,0.1,0,0,0.1,0,0,0.1,0,0.0538462,0.0731271,29456,0,0.1,0,0,0.1,0,0,0.1,0,0,0.1,0,0.191667,0.0346028,96784,0,0.1,0,0,0.1,0,0,0.1,0
83.8,0,0.1,0,0.283333,0.0658908,143072,0,0.1,0,0,0.1,0,0,0.1,0,0,0.1,0,0.0538462,0.0731271,29456,0,0.1,0,0,0.1,0,0,0.1,0,0,0.1,0,0.176923,0.0290107,96784,0,0.1,0,0,0.1,0,0,0.1,0
83.9,0,0.1,0,0.230769,0.0660967,126240,0,0.1,0,0,0.1,0,0,0.1,0,0,0.1,0,0.05,0.0674802,25248,0,0.1,0,0,0.1,0,0,0.1,0,0,0.1,0,0.176923,0.0227763,96784,0,0.1,0,0,0.1,0,0,0.1,0
84,0,0.1,0,0.223077,0.0669305,122032,0,0.1,0,0,0.1,0,0,0.1,0,0,0.1,0,0.0384615,0.0649734,21040,0,0.1,0,0,0.1,0,0,0.1,0,0,0.1,0,0.2,0.022533,100992,0,0.1,0,0,0.1,0,0,0.1,0
84.1,0,0.1,0,0.25,0.0639909,126240,0,0.1,0,0,0.1,0,0,0.1,0,0,0.1,0,0.0384615,0.0649734,21040,0,0.1,0,0,0.1,0,0,0.1,0,0,0.1,0,0.169231,0.0204123,92576,0,0.1,0,0,0.1,0,0,0.1,0
84.2,0,0.1,0,0.230769,0.0623628,126240,0,0.1,0,0,0.1,0,0,0.1,0,0,0.1,0,0.0416667,0.0649734,21040,0,0.1,0,0,0.1,0,0,0.1,0,0,0.1,0,0.184615,0.02188,100992,0,0.1,0,0,0.1,0,0,0.1,0
84.3,0,0.1,0,0.238462,0.0592285,130448,0.0142857,0.022115,4208,0,0.1,0,0,0.1,0,0,0.1,0,0.0307692,0.0527674,16832,0,0.1,0,0,0.1,0,0,0.1,0,0,0.1,0,0.208333,0.0218819,105200,0,0.1,0,0,0.1,0,0,0.1,0
84.4,0,0.1,0,0.241667,0.0570724,122032,0.0307692,0.0558374,8416,0,0.1,0,0,0.1,0,0,0.1,0,0.0307692,0.0527674,16832,0,0.1,0,0,0.1,0,0,0.1,0,0,0.1,0,0.192308,0.0185671,105200,0,0.1,0,0.0175439,0.0281154,4208,0,0.1,0
84.5,0,0.1,0,0.207692,0.0583973,113616,0.0666667,0.0501237,21040,0,0.1,0,0,0.1,0,0,0.1,0,0.0333333,0.0527674,16832,0,0.1,0,0,0.1,0,0,0.1,0,0,0.1,0,0.176923,0.0169797,96784,0,0.1,0,0.0322581,0.0237266,8416,0,0.1,0
84.6,0,0.1,0,0.2,0.0589355,109408,0.075,0.0446574,25248,0,0.1,0,0,0.1,0,0,0.1,0,0.0307692,0.0527674,16832,0,0.1,0,0,0.1,0,0,0.1,0,0,0.1,0,0.208333,0.0198359,105200,0,0.1,0,0.0517241,0.0313507,12624,0,0.1,0
84.7,0,0.1,0,0.208333,0.0583902,105200,0.106667,0.0439801,33664,0,0.1,0,0,0.1,0,0,0.1,0,0.0307692,0.0527674,16832,0,0.1,0,0,0.1,0,0,0.1,0,0,0.1,0,0.2,0.0186891,109408,0,0.1,0,0.0746269,0.0321862,21040,0,0.1,0
84.8,0,0.1,0,0.176923,0.0565608,96784,0.0941176,0.0439801,33664,0,0.1,0,0,0.1,0,0,0.1,0,0.0333333,0.0527674,16832,0,0.1,0,0,0.1,0,0,0.1,0,0,0.1,0,0.192308,0.0181314,105200,0,0.1,0,0.0972222,0.0379887,29456,0,0.1,0
84.9,0,0.1,0,0.176923,0.0565608,96784,0.0888889,0.0439801,33664,0,0.1,0,0,0.1,0,0,0.1,0,0.0153846,0.0441463,8416,0,0.1,0,0,0.1,0,0,0.1,0,0,0.1,0,0.2,0.0186171,100992,0,0.1,0,0.102941,0.0379887,29456,0,0.1,0
85,0,0.1,0,0.158333,0.0554994,79952,0.105882,0.0463935,37872,0,0.1,0,0,0.1,0,0,0.1,0,0.0153846,0.0441463,8416,0,0.1,0,0,0.1,0,0,0.1,0,0,0.1,0,0.192308,0.0202519,105200,0,0.1,0,0.103896,0.0375975,33664,0,0.1,0
85.1,0,0.1,0,0.146154,0.0554994,79952,0.115789,0.0499399,46288,0,0.1,0,0,0.1,0,0,0.1,0,0.0166667,0.0441463,8416,0,0.1,0,0,0.1,0,0,0.1,0,0,0.1,0,0.2,0.0195324,109408,0,0.1,0,0.109756,0.0369346,37872,0,0.1,0
85.2,0,0.1,0,0.146154,0.0554994,79952,0.13,0.0427545,54704,0,0.1,0,0,0.1,0,0,0.1,0,0.00769231,0.0146832,4208,0,0.1,0,0,0.1,0,0,0.1,0,0,0.1,0,0.216667,0.0238771,109408,0,0.1,0,0.128205,0.0388179,42080,0,0.1,0
85.3,0,0.1,0,0.133333,0.0526743,67328,0.136842,0.0427545,54704,0,0.1,0,0,0.1,0,0,0.1,0,0.00769231,0.0146832,4208,0,0.1,0,0,0.1,0,0,0.1,0,0,0.1,0,0.184615,0.024303,100992,0,0.1,0,0.114943,0.0388179,42080,0,0.1,0
85.4,0,0.1,0,0.1,0.0499151,54704,0.142857,0.0383309,63120,0,0.1,0,0,0.1,0,0,0.1,0,0,0.1,0,0,0.1,0,0,0.1,0,0,0.1,0,0,0.1,0,0.176923,0.0247001,96784,0,0.1,0,0.108696,0.0388179,42080,0,0.1,0
85.5,0,0.1,0,0.0769231,0.0573715,42080,0.136364,0.0383309,63120,0,0.1,0,0,0.1,0,0,0.1,0,0,0.1,0,0,0.1,0,0,0.1,0,0,0.1,0,0,0.1,0,0.166667,0.0334273,84160,0,0.1,0,0.113636,0.0388179,42080,0,0.1,0
85.6,0,0.1,0,0.075,0.0550283,37872,0.142857,0.0383309,63120,0,0.1,0,0,0.1,0,0,0.1,0,0,0.1,0,0,0.1,0,0,0.1,0,0,0.1,0,0,0.1,0,0.161538,0.0322178,88368,0,0.1,0,0.123711,0.0360981,50496,0,0.1,0
85.7,0,0.1,0,0.0461538,0.0520031,25248,0.130435,0.0383309,63120,0,0.1,0,0,0.1,0,0,0.1,0,0,0.1,0,0,0.1,0,0,0.1,0,0,0.1,0,0,0.1,0,0.153846,0.0315092,84160,0,0.1,0,0.127451,0.0348611,54704,0,0.1,0
85.8,0,0.1,0,0.0461538,0.0520031,25248,0.133333,0.0369373,67328,0,0.1,0,0,0.1,0,0,0.1,0,0,0.1,0,0,0.1,0,0,0.1,0,0,0.1,0,0,0.1,0,0.166667,0.0328224,84160,0,0.1,0,0.142857,0.03884,58912,0,0.1,0
85.9,0,0.1,0,0.05,0.0520031,25248,0.13913,0.0369373,67328,0,0.1,0,0,0.1,0,0,0.1,0,0,0.1,0,0,0.1,0,0,0.1,0,0,0.1,0,0,0.1,0,0.176923,0.0299874,96784,0,0.1,0,0.130841,0.03884,58912,0,0.1,0
86,0,0.1,0,0.0307692,0.0497305,16832,0.152,0.0342085,79952,0,0.1,0,0,0.1,0,0,0.1,0,0,0.1,0,0,0.1,0,0,0.1,0,0,0.1,0,0,0.1,0,0.184615,0.0291077,100992,0,0.1,0,0.142857,0.0473523,67328,0,0.1,0
86.1,0,0.1,0,0.0230769,0.0605863,12624,0.146154,0.0342085,79952,0,0.1,0,0,0.1,0,0,0.1,0,0,0.1,0,0,0.1,0,0,0.1,0,0,0.1,0,0,0.1,0,0.2,0.0286759,100992,0,0.1,0,0.148148,0.0473523,67328,0,0.1,0
86.2,0,0.1,0,0.00833333,0.0993535,4208,0.15,0.0348803,75744,0,0.1,0,0,0.1,0,0,0.1,0,0,0.1,0,0,0.1,0,0,0.1,0,0,0.1,0,0,0.1,0,0.2,0.0274165,109408,0,0.1,0,0.145299,0.048182,71536,0,0.1,0
86.3,0,0.1,0,0,0.1,0,0.153846,0.0338262,84160,0,0.1,0,0,0.1,0,0,0.1,0,0,0.1,0,0,0.1,0,0,0.1,0,0,0.1,0,0,0.1,0,0.192308,0.026719,105200,0,0.1,0,0.145299,0.0484084,71536,0,0.1,0
86.4,0,0.1,0,0,0.1,0,0.130769,0.0316224,71536,0.00854701,0.0162393,4208,0,0.1,0,0,0.1,0,0,0.1,0,0,0.1,0,0,0.1,0,0,0.1,0,0,0.1,0,0.241667,0.0281735,122032,0,0.1,0,0.157407,0.0497857,71536,0,0.1,0
86.5,0,0.1,0,0,0.1,0,0.15,0.0335479,75744,0.00925926,0.0162393,4208,0,0.1,0,0,0.1,0,0,0.1,0,0,0.1,0,0,0.1,0,0,0.1,0,0,0.1,0,0.223077,0.0259118,122032,0,0.1,0,0.136752,0.0499849,67328,0,0.1,0
86.6,0,0.1,0,0,0.1,0,0.153846,0.0283569,84160,0.0169492,0.0263154,8416,0,0.1,0,0,0.1,0,0,0.1,0,0,0.1,0,0,0.1,0,0,0.1,0,0,0.1,0,0.215385,0.0289105,117824,0,0.1,0,0.118644,0.0523485,58912,0,0.1,0
86.7,0,0.1,0,0,0.1,0,0.153846,0.0283569,84160,0.0168067,0.0263154,8416,0,0.1,0,0,0.1,0,0,0.1,0,0,0.1,0,0,0.1,0,0,0.1,0,0,0.1,0,0.25,0.0297245,126240,0,0.1,0,0.12844,0.058435,58912,0,0.1,0
86.8,0,0.1,0,0,0.1,0,0.175,0.0285004,88368,0.0181818,0.0263154,8416,0,0.1,0,0,0.1,0,0,0.1,0,0,0.1,0,0,0.1,0,0,0.1,0,0,0.1,0,0.238462,0.0289016,130448,0,0.1,0,0.117647,0.058435,58912,0,0.1,0
86.9,0,0.1,0,0,0.1,0,0.161538,0.0264216,88368,0.0166667,0.0263154,8416,0,0.1,0,0,0.1,0,0,0.1,0,0,0.1,0,0,0.1,0,0,0.1,0,0,0.1,0,0.230769,0.0271892,126240,0,0.1,0,0.125,0.0532725,63120,0,0.1,0
87,0,0.1,0,0,0.1,0,0.146154,0.022266,79952,0.0165289,0.0263154,8416,0,0.1,0,0,0.1,0,0,0.1,0,0,0.1,0,0,0.1,0,0,0.1,0,0,0.1,0,0.25,0.0279695,126240,0,0.1,0,0.126126,0.0548183,58912,0,0.1,0
87.1,0,0.1,0,0,0.1,0,0.15,0.0251037,75744,0.0267857,0.03331,12624,0,0.1,0,0,0.1,0,0,0.1,0,0,0.1,0,0,0.1,0,0,0.1,0,0,0.1,0,0.238462,0.0253181,130448,0,0.1,0,0.115702,0.0518091,58912,0,0.1,0
87.2,0,0.1,0,0,0.1,0,0.146154,0.0238692,79952,0.0245902,0.03331,12624,0,0.1,0,0,0.1,0,0,0.1,0,0,0.1,0,0,0.1,0,0,0.1,0,0,0.1,0,0.246154,0.0245816,134656,0,0.1,0,0.122951,0.049959,63120,0,0.1,0
87.3,0,0.1,0,0,0.1,0,0.130769,0.0255506,71536,0.0243902,0.03331,12624,0,0.1,0,0,0.1,0,0,0.1,0,0,0.1,0,0,0.1,0,0,0.1,0,0,0.1,0,0.283333,0.0247214,143072,0,0.1,0,0.141593,0.0491918,67328,0,0.1,0
87.4,0,0.1,0,0,0.1,0,0.15,0.0256919,75744,0.0350877,0.0426806,16832,0,0.1,0,0,0.1,0,0,0.1,0,0,0.1,0,0,0.1,0,0,0.1,0,0,0.1,0,0.253846,0.0238972,138864,0,0.1,0,0.146341,0.0459478,75744,0,0.1,0
87.5,0,0.1,0,0,0.1,0,0.153846,0.0248873,84160,0.0322581,0.0426806,16832,0,0.1,0,0,0.1,0,0,0.1,0,0,0.1,0,0,0.1,0,0,0.1,0,0,0.1,0,0.253846,0.0264713,138864,0,0.1,0,0.129032,0.0488789,67328,0,0.1,0
87.6,0,0.1,0,0,0.1,0,0.153846,0.0248873,84160,0.032,0.0426806,16832,0,0.1,0,0,0.1,0,0,0.1,0,0,0.1,0,0,0.1,0,0,0.1,0,0,0.1,0,0.275,0.0283546,138864,0,0.1,0,0.130435,0.050803,63120,0,0.1,0
87.7,0,0.1,0,0,0.1,0,0.166667,0.0265147,84160,0.0431034,0.0474441,21040,0,0.1,0,0,0.1,0,0,0.1,0,0,0.1,0,0,0.1,0,0,0.1,0,0,0.1,0,0.261538,0.0295033,143072,0,0.1,0,0.128,0.0464546,67328,0,0.1,0
87.8,0,0.1,0,0,0.1,0,0.153846,0.0265147,84160,0.0396825,0.0474441,21040,0,0.1,0,0,0.1,0,0,0.1,0,0,0.1,0,0,0.1,0,0,0.1,0,0,0.1,0,0.230769,0.0317637,126240,0,0.1,0,0.134921,0.0443777,71536,0,0.1,0
87.9,0,0.1,0,0,0.1,0,0.130769,0.0277253,71536,0.0393701,0.0474441,21040,0,0.1,0,0,0.1,0,0,0.1,0,0,0.1,0,0,0.1,0,0,0.1,0,0,0.1,0,0.25,0.0326708,126240,0,0.1,0,0.128205,0.0360363,63120,0,0.1,0
88,0,0.1,0,0,0.1,0,0.15,0.0275672,75744,0.059322,0.0544904,29456,0,0.1,0,0,0.1,0,0,0.1,0,0,0.1,0,0,0.1,0,0,0.1,0,0,0.1,0,0.223077,0.0327493,122032,0,0.1,0,0.11811,0.0360363,63120,0,0.1,0
88.1,0,0.1,0,0,0.1,0,0.138462,0.0275672,75744,0.0546875,0.0544904,29456,0,0.1,0,0,0.1,0,0,0.1,0,0,0.1,0,0,0.1,0,0,0.1,0,0,0.1,0,0.2,0.0347383,109408,0,0.1,0,0.117188,0.0342625,63120,0,0.1,0
88.2,0,0.1,0,0,0.1,0,0.115385,0.0238648,63120,0.0542636,0.0544904,29456,0,0.1,0,0,0.1,0,0,0.1,0,0,0.1,0,0,0.1,0,0,0.1,0,0,0.1,0,0.216667,0.0355368,109408,0,0.1,0,0.134454,0.0373951,67328,0,0.1,0
88.3,0,0.1,0,0,0.1,0,0.133333,0.0252906,67328,0.05,0.0608655,25248,0,0.1,0,0,0.1,0,0,0.1,0,0,0.1,0,0,0.1,0,0,0.1,0,0,0.1,0,0.169231,0.0352228,92576,0,0.1,0,0.116279,0.0370379,63120,0,0.1,0
88.4,0,0.1,0,0,0.1,0,0.115385,0.0226097,63120,0.0538462,0.0620591,29456,0,0.1,0,0,0.1,0,0,0.1,0,0,0.1,0,0,0.1,0,0,0.1,0,0,0.1,0,0.153846,0.0367561,84160,0,0.1,0,0.115385,0.0370379,63120,0,0.1,0
88.5,0,0.1,0,0,0.1,0,0.0923077,0.0249355,50496,0.0461538,0.0663371,25248,0,0.1,0,0,0.1,0,0,0.1,0,0,0.1,0,0,0.1,0,0,0.1,0,0,0.1,0,0.158333,0.0352894,79952,0,0.1,0,0.125,0.0370379,63120,0,0.1,0
88.6,0,0.1,0,0,0.1,0,0.108333,0.0254507,54704,0.05,0.0663371,25248,0,0.1,0,0,0.1,0,0,0.1,0,0,0.1,0,0,0.1,0,0,0.1,0,0,0.1,0,0.130769,0.0346033,71536,0,0.1,0,0.107692,0.0301547,58912,0,0.1,0
88.7,0,0.1,0,0,0.1,0,0.1,0.0267071,54704,0.0461538,0.0663371,25248,0,0.1,0,0,0.1,0,0,0.1,0,0,0.1,0,0,0.1,0,0,0.1,0,0,0.1,0,0.123077,0.0365026,67328,0,0.1,0,0.138462,0.0375485,75744,0,0.1,0
88.8,0,0.1,0,0,0.1,0,0.1,0.0266098,54704,0.0538462,0.0580906,29456,0,0.1,0,0,0.1,0,0,0.1,0,0,0.1,0,0,0.1,0,0,0.1,0,0,0.1,0,0.125,0.0387357,63120,0,0.1,0,0.133333,0.0412509,67328,0,0.1,0
88.9,0,0.1,0,0,0.1,0,0.125,0.0294164,63120,0.0583333,0.0580906,29456,0,0.1,0,0,0.1,0,0,0.1,0,0,0.1,0,0,0.1,0,0.00854701,0.0434529,4208,0,0.1,0,0.107692,0.03972,58912,0,0.1,0,0.130769,0.0416447,71536,0,0.1,0
89,0,0.1,0,0,0.1,0,0.115385,0.0290564,63120,0.0461538,0.0598891,25248,0,0.1,0,0,0.1,0,0,0.1,0,0,0.1,0,0,0.1,0,0.00925926,0.0434529,4208,0,0.1,0,0.0846154,0.0445173,46288,0,0.1,0,0.130769,0.0422828,71536,0,0.1,0
89.1,0,0.1,0,0,0.1,0,0.130769,0.0271177,71536,0.0615385,0.0717914,33664,0,0.1,0,0,0.1,0,0,0.1,0,0,0.1,0,0,0.1,0,0.017094,0.0299579,8416,0,0.1,0,0.0833333,0.0487938,42080,0,0.1,0,0.133333,0.0434219,67328,0,0.1,0
89.2,0,0.1,0,0,0.1,0,0.141667,0.0271177,71536,0.075,0.0696141,37872,0,0.1,0,0,0.1,0,0,0.1,0,0,0.1,0,0,0.1,0,0.017094,0.0299579,8416,0,0.1,0,0.0615385,0.0542527,33664,0,0.1,0,0.115385,0.0438044,63120,0,0.1,0
89.3,0,0.1,0,0,0.1,0,0.123077,0.0270567,67328,0.0615385,0.0694668,33664,0,0.1,0,0,0.1,0,0,0.1,0,0,0.1,0,0,0.1,0,0.0185185,0.0299579,8416,0,0.1,0,0.0538462,0.0536008,29456,0,0.1,0,0.115385,0.0419898,63120,0,0.1,0
89.4,0,0.1,0,0,0.1,0,0.107692,0.0284011,58912,0.0615385,0.0694668,33664,0,0.1,0,0,0.1,0,0,0.1,0,0,0.1,0,0,0.1,0,0.017094,0.0299579,8416,0,0.1,0,0.05,0.0470389,25248,0,0.1,0,0.125,0.0419898,63120,0,0.1,0
89.5,0,0.1,0,0,0.1,0,0.133333,0.0318808,67328,0.0916667,0.0712768,46288,0,0.1,0,0,0.1,0,0,0.1,0,0,0.1,0,0,0.1,0,0.025641,0.0326443,12624,0,0.1,0,0.0384615,0.0414979,21040,0,0.1,0,0.123077,0.0424203,67328,0,0.1,0
89.6,0,0.1,0,0,0.1,0,0.146154,0.0294415,79952,0.0769231,0.0717547,42080,0,0.1,0,0,0.1,0,0,0.1,0,0,0.1,0,0,0.1,0,0.0277778,0.0326443,12624,0,0.1,0,0.0230769,0.0345394,12624,0,0.1,0,0.107692,0.0433522,58912,0,0.1,0
89.7,0,0.1,0,0,0.1,0,0.146154,0.0294415,79952,0.0769231,0.0717547,42080,0,0.1,0,0,0.1,0,0,0.1,0,0,0.1,0,0,0.1,0,0.025641,0.0326443,12624,0,0.1,0,0.025,0.0345394,12624,0,0.1,0,0.108333,0.0458295,54704,0,0.1,0
89.8,0,0.1,0,0,0.1,0,0.158333,0.0294415,79952,0.0833333,0.0717547,42080,0,0.1,0,0,0.1,0,0,0.1,0,0,0.1,0,0,0.1,0,0.025641,0.0326443,12624,0,0.1,0,0.0153846,0.033765,8416,0,0.1,0,0.107692,0.0473813,58912,0,0.1,0
89.9,0,0.1,0,0,0.1,0,0.15,0.029695,75744,0.0666667,0.0716668,33664,0,0.1,0,0,0.1,0,0,0.1,0,0,0.1,0,0,0.1,0,0.0277778,0.0326443,12624,0,0.1,0,0.00833333,0.032239,4208,0,0.1,0,0.116667,0.0473813,58912,0,0.1,0
90,0,0.1,0,0,0.1,0,0.163636,0.029695,75744,0.0727273,0.0716668,33664,0,0.1,0,0,0.1,0,0,0.1,0,0,0.1,0,0,0.1,0,0.0277778,0.0326443,12624,0,0.1,0,0.00909091,0.032239,4208,0,0.1,0,0.118182,0.0483452,54704,0,0.1,0
90.1,0,0.1,0,0,0.1,0,0.18,0.029695,75744,0.08,0.0716668,33664,0,0.1,0,0,0.1,0,0,0.1,0,0,0.1,0,0,0.1,0,0.030303,0.0326443,12624,0,0.1,0,0,0.1,0,0,0.1,0,0.1,0.0465582,46288,0,0.1,0
90.2,0,0.1,0,0,0.1,0,0.17,0.0286961,71536,0.08,0.0716668,33664,0,0.1,0,0,0.1,0,0,0.1,0,0,0.1,0,0,0.1,0,0.0333333,0.0326443,12624,0,0.1,0,0,0.1,0,0,0.1,0,0.11,0.0465582,46288,0,0.1,0
