{
  "simulation_info": {
    "data_directory": "output/run_e33abf98",
    "analysis_date": "2026-03-07 13:44:57"
  },
  "qos_performance": {
    "avg_pdr": 0.2547629684981685,
    "min_pdr": 0.0,
    "max_pdr": 0.676452956043956,
    "std_pdr": 0.21886555286410408,
    "avg_delay_ms": 115.92870013919413,
    "min_delay_ms": 0.0,
    "max_delay_ms": 280.868043956044,
    "std_delay_ms": 97.18933407073034,
    "avg_throughput_mbps": 0.04865301245421246,
    "total_throughput_mbps": 0.7297951868131869,
    "std_throughput_mbps": 0.04237027971546958
  },
  "resource_allocation": {
    "channel_distribution": {
      "0": 217,
      "1": 38,
      "2": 30
    },
    "avg_power": 20.043173684210526,
    "min_power": 17.0883,
    "max_power": 30.0,
    "std_power": 2.214757388068098,
    "avg_rate": 5.97841203508772,
    "min_rate": 1.0,
    "max_rate": 7.45583,
    "std_rate": 1.1073785821559285,
    "avg_interference": 0.07442105263157896,
    "max_interference": 0.08
  },
  "topology_evolution": {
    "avg_links": 97.3913043478261,
    "min_links": 85,
    "max_links": 103,
    "avg_connectivity": 0.9275362826086959
  }
}