{
  "simulation_info": {
    "data_directory": "output/run_f43b691a",
    "analysis_date": "2026-03-10 11:22:43"
  },
  "qos_performance": {
    "avg_pdr": 0.03291666666666667,
    "min_pdr": 0.0,
    "max_pdr": 0.49375,
    "std_pdr": 0.12316288898130894,
    "avg_delay_ms": 0.051051445,
    "min_delay_ms": 0.0,
    "max_delay_ms": 0.765771675,
    "std_delay_ms": 0.19101701628973353,
    "avg_throughput_mbps": 0.006347037083333332,
    "total_throughput_mbps": 0.09520555624999999,
    "std_throughput_mbps": 0.023748438186982294
  },
  "resource_allocation": {
    "channel_distribution": {
      "0": 176,
      "1": 32,
      "2": 32
    },
    "avg_power": 19.690963333333336,
    "min_power": 18.0728,
    "max_power": 22.7143,
    "std_power": 1.538055163677831,
    "avg_rate": 6.154518708333333,
    "min_rate": 4.64284,
    "max_rate": 6.96358,
    "std_rate": 0.7690280709011144,
    "avg_interference": 0.078,
    "max_interference": 0.08
  },
  "topology_evolution": {
    "avg_links": 102.0,
    "min_links": 102,
    "max_links": 102,
    "avg_connectivity": 0.9714290000000001
  }
}