{
  "simulation_info": {
    "data_directory": "output/run_ab0d956a",
    "analysis_date": "2026-03-06 15:07:05"
  },
  "qos_performance": {
    "avg_pdr": 0.029750947985347984,
    "min_pdr": 0.0,
    "max_pdr": 0.44626421978021974,
    "std_pdr": 0.1113178542929046,
    "avg_delay_ms": 0.4586826593406593,
    "min_delay_ms": 0.0,
    "max_delay_ms": 6.88023989010989,
    "std_delay_ms": 1.7162333605070939,
    "avg_throughput_mbps": 0.005840649523809523,
    "total_throughput_mbps": 0.08760974285714285,
    "std_throughput_mbps": 0.02185370943431961
  },
  "resource_allocation": {
    "channel_distribution": {
      "0": 217,
      "1": 38,
      "2": 30
    },
    "avg_power": 20.043173684210526,
    "min_power": 17.0883,
    "max_power": 30.0,
    "std_power": 2.214757388068098,
    "avg_rate": 5.97841203508772,
    "min_rate": 1.0,
    "max_rate": 7.45583,
    "std_rate": 1.1073785821559285,
    "avg_interference": 0.07442105263157896,
    "max_interference": 0.08
  },
  "topology_evolution": {
    "avg_links": 97.28888888888889,
    "min_links": 85,
    "max_links": 103,
    "avg_connectivity": 0.926560888888889
  }
}